{"type":"FeatureCollection","name":"incheon_map_bubbles_age_65_plus_one_person_202607","description":"65세 이상 1인 가구 관측 수를 표시하는 대표점 버블 레이어","geometry_source_date":"20250630","current_admin_reference_date":"20260701","population_reference_dates":["2026-06-30"],"household_reference_dates":["2026-07-31"],"spatial_join_rule":"Sum additive counts for current rows sharing a geometry zone, then recompute ratios from summed numerators and denominators.","interpretation_guardrail_ko":"관측된 65세 이상 1인 가구 규모이며 복지 미수급자 수 또는 고독사 위험자 수가 아님","bubble_metric_name":"one_person_households_age_65_plus","bubble_metric_label_ko":"65세 이상 1인 가구 수 (관측)","bubble_metric_is_observed_count":true,"bbox":[124.60971767856728,36.926851320883905,126.79369544496515,37.9842418897407],"features":[{"type":"Feature","id":"bubble:vworld_sgis_20250630:23010520","properties":{"geometry_zone_id":"vworld_sgis_20250630:23010520","current_district_name_20260701":"제물포구","current_admin_dong_names_20260701":["연안동"],"current_admin_dong_count":1,"map_unit_status":"exact","aggregation_required":false,"population_reference_date":"2026-06-30","household_reference_date":"2026-07-31","metric_name":"one_person_households_age_65_plus","metric_label_ko":"65세 이상 1인 가구 수 (관측)","metric_value":648,"metric_is_observed_count":true,"interpretation":"관측된 65세 이상 1인 가구 규모이며 복지 미수급자 수 또는 고독사 위험자 수가 아님","representative_point_method":"shapely_representative_point_within_polygon_wgs84"},"geometry":{"type":"Point","coordinates":[126.59985687,37.44765965]}},{"type":"Feature","id":"bubble:vworld_sgis_20250630:23010530","properties":{"geometry_zone_id":"vworld_sgis_20250630:23010530","current_district_name_20260701":"제물포구","current_admin_dong_names_20260701":["신포동"],"current_admin_dong_count":1,"map_unit_status":"exact","aggregation_required":false,"population_reference_date":"2026-06-30","household_reference_date":"2026-07-31","metric_name":"one_person_households_age_65_plus","metric_label_ko":"65세 이상 1인 가구 수 (관측)","metric_value":653,"metric_is_observed_count":true,"interpretation":"관측된 65세 이상 1인 가구 규모이며 복지 미수급자 수 또는 고독사 위험자 수가 아님","representative_point_method":"shapely_representative_point_within_polygon_wgs84"},"geometry":{"type":"Point","coordinates":[126.62701628,37.46691339]}},{"type":"Feature","id":"bubble:vworld_sgis_20250630:23010540","properties":{"geometry_zone_id":"vworld_sgis_20250630:23010540","current_district_name_20260701":"제물포구","current_admin_dong_names_20260701":["신흥동"],"current_admin_dong_count":1,"map_unit_status":"exact","aggregation_required":false,"population_reference_date":"2026-06-30","household_reference_date":"2026-07-31","metric_name":"one_person_households_age_65_plus","metric_label_ko":"65세 이상 1인 가구 수 (관측)","metric_value":1090,"metric_is_observed_count":true,"interpretation":"관측된 65세 이상 1인 가구 규모이며 복지 미수급자 수 또는 고독사 위험자 수가 아님","representative_point_method":"shapely_representative_point_within_polygon_wgs84"},"geometry":{"type":"Point","coordinates":[126.62676457,37.4490566]}},{"type":"Feature","id":"bubble:vworld_sgis_20250630:23010560","properties":{"geometry_zone_id":"vworld_sgis_20250630:23010560","current_district_name_20260701":"제물포구","current_admin_dong_names_20260701":["도원동"],"current_admin_dong_count":1,"map_unit_status":"exact","aggregation_required":false,"population_reference_date":"2026-06-30","household_reference_date":"2026-07-31","metric_name":"one_person_households_age_65_plus","metric_label_ko":"65세 이상 1인 가구 수 (관측)","metric_value":591,"metric_is_observed_count":true,"interpretation":"관측된 65세 이상 1인 가구 규모이며 복지 미수급자 수 또는 고독사 위험자 수가 아님","representative_point_method":"shapely_representative_point_within_polygon_wgs84"},"geometry":{"type":"Point","coordinates":[126.64008612,37.46710709]}},{"type":"Feature","id":"bubble:vworld_sgis_20250630:23010570","properties":{"geometry_zone_id":"vworld_sgis_20250630:23010570","current_district_name_20260701":"제물포구","current_admin_dong_names_20260701":["율목동"],"current_admin_dong_count":1,"map_unit_status":"exact","aggregation_required":false,"population_reference_date":"2026-06-30","household_reference_date":"2026-07-31","metric_name":"one_person_households_age_65_plus","metric_label_ko":"65세 이상 1인 가구 수 (관측)","metric_value":533,"metric_is_observed_count":true,"interpretation":"관측된 65세 이상 1인 가구 규모이며 복지 미수급자 수 또는 고독사 위험자 수가 아님","representative_point_method":"shapely_representative_point_within_polygon_wgs84"},"geometry":{"type":"Point","coordinates":[126.63501739,37.4701381]}},{"type":"Feature","id":"bubble:vworld_sgis_20250630:23010580","properties":{"geometry_zone_id":"vworld_sgis_20250630:23010580","current_district_name_20260701":"제물포구","current_admin_dong_names_20260701":["동인천동"],"current_admin_dong_count":1,"map_unit_status":"exact","aggregation_required":false,"population_reference_date":"2026-06-30","household_reference_date":"2026-07-31","metric_name":"one_person_households_age_65_plus","metric_label_ko":"65세 이상 1인 가구 수 (관측)","metric_value":992,"metric_is_observed_count":true,"interpretation":"관측된 65세 이상 1인 가구 규모이며 복지 미수급자 수 또는 고독사 위험자 수가 아님","representative_point_method":"shapely_representative_point_within_polygon_wgs84"},"geometry":{"type":"Point","coordinates":[126.62818274,37.47520494]}},{"type":"Feature","id":"bubble:vworld_sgis_20250630:23010630","properties":{"geometry_zone_id":"vworld_sgis_20250630:23010630","current_district_name_20260701":"영종구","current_admin_dong_names_20260701":["용유동"],"current_admin_dong_count":1,"map_unit_status":"exact","aggregation_required":false,"population_reference_date":"2026-06-30","household_reference_date":"2026-07-31","metric_name":"one_person_households_age_65_plus","metric_label_ko":"65세 이상 1인 가구 수 (관측)","metric_value":678,"metric_is_observed_count":true,"interpretation":"관측된 65세 이상 1인 가구 규모이며 복지 미수급자 수 또는 고독사 위험자 수가 아님","representative_point_method":"shapely_representative_point_within_polygon_wgs84"},"geometry":{"type":"Point","coordinates":[126.39460997,37.45691086]}},{"type":"Feature","id":"bubble:vworld_sgis_20250630:23010640","properties":{"geometry_zone_id":"vworld_sgis_20250630:23010640","current_district_name_20260701":"영종구","current_admin_dong_names_20260701":["운서1동","운서2동"],"current_admin_dong_count":2,"map_unit_status":"aggregated_split","aggregation_required":true,"population_reference_date":"2026-06-30","household_reference_date":"2026-07-31","metric_name":"one_person_households_age_65_plus","metric_label_ko":"65세 이상 1인 가구 수 (관측)","metric_value":1183,"metric_is_observed_count":true,"interpretation":"관측된 65세 이상 1인 가구 규모이며 복지 미수급자 수 또는 고독사 위험자 수가 아님","representative_point_method":"shapely_representative_point_within_polygon_wgs84"},"geometry":{"type":"Point","coordinates":[126.45875998,37.4687785]}},{"type":"Feature","id":"bubble:vworld_sgis_20250630:23010650","properties":{"geometry_zone_id":"vworld_sgis_20250630:23010650","current_district_name_20260701":"영종구","current_admin_dong_names_20260701":["영종동"],"current_admin_dong_count":1,"map_unit_status":"exact","aggregation_required":false,"population_reference_date":"2026-06-30","household_reference_date":"2026-07-31","metric_name":"one_person_households_age_65_plus","metric_label_ko":"65세 이상 1인 가구 수 (관측)","metric_value":1492,"metric_is_observed_count":true,"interpretation":"관측된 65세 이상 1인 가구 규모이며 복지 미수급자 수 또는 고독사 위험자 수가 아님","representative_point_method":"shapely_representative_point_within_polygon_wgs84"},"geometry":{"type":"Point","coordinates":[126.53329788,37.49986602]}},{"type":"Feature","id":"bubble:vworld_sgis_20250630:23010670","properties":{"geometry_zone_id":"vworld_sgis_20250630:23010670","current_district_name_20260701":"제물포구","current_admin_dong_names_20260701":["개항동"],"current_admin_dong_count":1,"map_unit_status":"exact","aggregation_required":false,"population_reference_date":"2026-06-30","household_reference_date":"2026-07-31","metric_name":"one_person_households_age_65_plus","metric_label_ko":"65세 이상 1인 가구 수 (관측)","metric_value":906,"metric_is_observed_count":true,"interpretation":"관측된 65세 이상 1인 가구 규모이며 복지 미수급자 수 또는 고독사 위험자 수가 아님","representative_point_method":"shapely_representative_point_within_polygon_wgs84"},"geometry":{"type":"Point","coordinates":[126.60334558,37.47630428]}},{"type":"Feature","id":"bubble:vworld_sgis_20250630:23010681","properties":{"geometry_zone_id":"vworld_sgis_20250630:23010681","current_district_name_20260701":"영종구","current_admin_dong_names_20260701":["영종1동"],"current_admin_dong_count":1,"map_unit_status":"exact","aggregation_required":false,"population_reference_date":"2026-06-30","household_reference_date":"2026-07-31","metric_name":"one_person_households_age_65_plus","metric_label_ko":"65세 이상 1인 가구 수 (관측)","metric_value":755,"metric_is_observed_count":true,"interpretation":"관측된 65세 이상 1인 가구 규모이며 복지 미수급자 수 또는 고독사 위험자 수가 아님","representative_point_method":"shapely_representative_point_within_polygon_wgs84"},"geometry":{"type":"Point","coordinates":[126.55318524,37.48785073]}},{"type":"Feature","id":"bubble:vworld_sgis_20250630:23010691","properties":{"geometry_zone_id":"vworld_sgis_20250630:23010691","current_district_name_20260701":"영종구","current_admin_dong_names_20260701":["영종2동"],"current_admin_dong_count":1,"map_unit_status":"exact","aggregation_required":false,"population_reference_date":"2026-06-30","household_reference_date":"2026-07-31","metric_name":"one_person_households_age_65_plus","metric_label_ko":"65세 이상 1인 가구 수 (관측)","metric_value":398,"metric_is_observed_count":true,"interpretation":"관측된 65세 이상 1인 가구 규모이며 복지 미수급자 수 또는 고독사 위험자 수가 아님","representative_point_method":"shapely_representative_point_within_polygon_wgs84"},"geometry":{"type":"Point","coordinates":[126.5668277,37.49615779]}},{"type":"Feature","id":"bubble:vworld_sgis_20250630:23020510","properties":{"geometry_zone_id":"vworld_sgis_20250630:23020510","current_district_name_20260701":"제물포구","current_admin_dong_names_20260701":["만석동"],"current_admin_dong_count":1,"map_unit_status":"exact","aggregation_required":false,"population_reference_date":"2026-06-30","household_reference_date":"2026-07-31","metric_name":"one_person_households_age_65_plus","metric_label_ko":"65세 이상 1인 가구 수 (관측)","metric_value":674,"metric_is_observed_count":true,"interpretation":"관측된 65세 이상 1인 가구 규모이며 복지 미수급자 수 또는 고독사 위험자 수가 아님","representative_point_method":"shapely_representative_point_within_polygon_wgs84"},"geometry":{"type":"Point","coordinates":[126.6241316,37.48588525]}},{"type":"Feature","id":"bubble:vworld_sgis_20250630:23020520","properties":{"geometry_zone_id":"vworld_sgis_20250630:23020520","current_district_name_20260701":"제물포구","current_admin_dong_names_20260701":["화수1.화평동"],"current_admin_dong_count":1,"map_unit_status":"exact","aggregation_required":false,"population_reference_date":"2026-06-30","household_reference_date":"2026-07-31","metric_name":"one_person_households_age_65_plus","metric_label_ko":"65세 이상 1인 가구 수 (관측)","metric_value":696,"metric_is_observed_count":true,"interpretation":"관측된 65세 이상 1인 가구 규모이며 복지 미수급자 수 또는 고독사 위험자 수가 아님","representative_point_method":"shapely_representative_point_within_polygon_wgs84"},"geometry":{"type":"Point","coordinates":[126.63010414,37.48024974]}},{"type":"Feature","id":"bubble:vworld_sgis_20250630:23020530","properties":{"geometry_zone_id":"vworld_sgis_20250630:23020530","current_district_name_20260701":"제물포구","current_admin_dong_names_20260701":["화수2동"],"current_admin_dong_count":1,"map_unit_status":"exact","aggregation_required":false,"population_reference_date":"2026-06-30","household_reference_date":"2026-07-31","metric_name":"one_person_households_age_65_plus","metric_label_ko":"65세 이상 1인 가구 수 (관측)","metric_value":932,"metric_is_observed_count":true,"interpretation":"관측된 65세 이상 1인 가구 규모이며 복지 미수급자 수 또는 고독사 위험자 수가 아님","representative_point_method":"shapely_representative_point_within_polygon_wgs84"},"geometry":{"type":"Point","coordinates":[126.63209382,37.48530373]}},{"type":"Feature","id":"bubble:vworld_sgis_20250630:23020550","properties":{"geometry_zone_id":"vworld_sgis_20250630:23020550","current_district_name_20260701":"제물포구","current_admin_dong_names_20260701":["송현1.2동"],"current_admin_dong_count":1,"map_unit_status":"exact","aggregation_required":false,"population_reference_date":"2026-06-30","household_reference_date":"2026-07-31","metric_name":"one_person_households_age_65_plus","metric_label_ko":"65세 이상 1인 가구 수 (관측)","metric_value":626,"metric_is_observed_count":true,"interpretation":"관측된 65세 이상 1인 가구 규모이며 복지 미수급자 수 또는 고독사 위험자 수가 아님","representative_point_method":"shapely_representative_point_within_polygon_wgs84"},"geometry":{"type":"Point","coordinates":[126.63594205,37.47807988]}},{"type":"Feature","id":"bubble:vworld_sgis_20250630:23020570","properties":{"geometry_zone_id":"vworld_sgis_20250630:23020570","current_district_name_20260701":"제물포구","current_admin_dong_names_20260701":["송현3동"],"current_admin_dong_count":1,"map_unit_status":"exact","aggregation_required":false,"population_reference_date":"2026-06-30","household_reference_date":"2026-07-31","metric_name":"one_person_households_age_65_plus","metric_label_ko":"65세 이상 1인 가구 수 (관측)","metric_value":455,"metric_is_observed_count":true,"interpretation":"관측된 65세 이상 1인 가구 규모이며 복지 미수급자 수 또는 고독사 위험자 수가 아님","representative_point_method":"shapely_representative_point_within_polygon_wgs84"},"geometry":{"type":"Point","coordinates":[126.6413976,37.48610593]}},{"type":"Feature","id":"bubble:vworld_sgis_20250630:23020580","properties":{"geometry_zone_id":"vworld_sgis_20250630:23020580","current_district_name_20260701":"제물포구","current_admin_dong_names_20260701":["송림1동"],"current_admin_dong_count":1,"map_unit_status":"exact","aggregation_required":false,"population_reference_date":"2026-06-30","household_reference_date":"2026-07-31","metric_name":"one_person_households_age_65_plus","metric_label_ko":"65세 이상 1인 가구 수 (관측)","metric_value":234,"metric_is_observed_count":true,"interpretation":"관측된 65세 이상 1인 가구 규모이며 복지 미수급자 수 또는 고독사 위험자 수가 아님","representative_point_method":"shapely_representative_point_within_polygon_wgs84"},"geometry":{"type":"Point","coordinates":[126.63838273,37.47577547]}},{"type":"Feature","id":"bubble:vworld_sgis_20250630:23020590","properties":{"geometry_zone_id":"vworld_sgis_20250630:23020590","current_district_name_20260701":"제물포구","current_admin_dong_names_20260701":["송림2동"],"current_admin_dong_count":1,"map_unit_status":"exact","aggregation_required":false,"population_reference_date":"2026-06-30","household_reference_date":"2026-07-31","metric_name":"one_person_households_age_65_plus","metric_label_ko":"65세 이상 1인 가구 수 (관측)","metric_value":281,"metric_is_observed_count":true,"interpretation":"관측된 65세 이상 1인 가구 규모이며 복지 미수급자 수 또는 고독사 위험자 수가 아님","representative_point_method":"shapely_representative_point_within_polygon_wgs84"},"geometry":{"type":"Point","coordinates":[126.64252436,37.47643401]}},{"type":"Feature","id":"bubble:vworld_sgis_20250630:23020600","properties":{"geometry_zone_id":"vworld_sgis_20250630:23020600","current_district_name_20260701":"제물포구","current_admin_dong_names_20260701":["송림3·5동"],"current_admin_dong_count":1,"map_unit_status":"exact","aggregation_required":false,"population_reference_date":"2026-06-30","household_reference_date":"2026-07-31","metric_name":"one_person_households_age_65_plus","metric_label_ko":"65세 이상 1인 가구 수 (관측)","metric_value":384,"metric_is_observed_count":true,"interpretation":"관측된 65세 이상 1인 가구 규모이며 복지 미수급자 수 또는 고독사 위험자 수가 아님","representative_point_method":"shapely_representative_point_within_polygon_wgs84"},"geometry":{"type":"Point","coordinates":[126.64809274,37.47342796]}},{"type":"Feature","id":"bubble:vworld_sgis_20250630:23020610","properties":{"geometry_zone_id":"vworld_sgis_20250630:23020610","current_district_name_20260701":"제물포구","current_admin_dong_names_20260701":["송림4동"],"current_admin_dong_count":1,"map_unit_status":"exact","aggregation_required":false,"population_reference_date":"2026-06-30","household_reference_date":"2026-07-31","metric_name":"one_person_households_age_65_plus","metric_label_ko":"65세 이상 1인 가구 수 (관측)","metric_value":195,"metric_is_observed_count":true,"interpretation":"관측된 65세 이상 1인 가구 규모이며 복지 미수급자 수 또는 고독사 위험자 수가 아님","representative_point_method":"shapely_representative_point_within_polygon_wgs84"},"geometry":{"type":"Point","coordinates":[126.66314593,37.48187886]}},{"type":"Feature","id":"bubble:vworld_sgis_20250630:23020630","properties":{"geometry_zone_id":"vworld_sgis_20250630:23020630","current_district_name_20260701":"제물포구","current_admin_dong_names_20260701":["송림6동"],"current_admin_dong_count":1,"map_unit_status":"exact","aggregation_required":false,"population_reference_date":"2026-06-30","household_reference_date":"2026-07-31","metric_name":"one_person_households_age_65_plus","metric_label_ko":"65세 이상 1인 가구 수 (관측)","metric_value":512,"metric_is_observed_count":true,"interpretation":"관측된 65세 이상 1인 가구 규모이며 복지 미수급자 수 또는 고독사 위험자 수가 아님","representative_point_method":"shapely_representative_point_within_polygon_wgs84"},"geometry":{"type":"Point","coordinates":[126.64817448,37.48123941]}},{"type":"Feature","id":"bubble:vworld_sgis_20250630:23020640","properties":{"geometry_zone_id":"vworld_sgis_20250630:23020640","current_district_name_20260701":"제물포구","current_admin_dong_names_20260701":["금창동"],"current_admin_dong_count":1,"map_unit_status":"exact","aggregation_required":false,"population_reference_date":"2026-06-30","household_reference_date":"2026-07-31","metric_name":"one_person_households_age_65_plus","metric_label_ko":"65세 이상 1인 가구 수 (관측)","metric_value":397,"metric_is_observed_count":true,"interpretation":"관측된 65세 이상 1인 가구 규모이며 복지 미수급자 수 또는 고독사 위험자 수가 아님","representative_point_method":"shapely_representative_point_within_polygon_wgs84"},"geometry":{"type":"Point","coordinates":[126.64035063,37.4715168]}},{"type":"Feature","id":"bubble:vworld_sgis_20250630:23040510","properties":{"geometry_zone_id":"vworld_sgis_20250630:23040510","current_district_name_20260701":"연수구","current_admin_dong_names_20260701":["옥련1동"],"current_admin_dong_count":1,"map_unit_status":"exact","aggregation_required":false,"population_reference_date":"2026-06-30","household_reference_date":"2026-07-31","metric_name":"one_person_households_age_65_plus","metric_label_ko":"65세 이상 1인 가구 수 (관측)","metric_value":1190,"metric_is_observed_count":true,"interpretation":"관측된 65세 이상 1인 가구 규모이며 복지 미수급자 수 또는 고독사 위험자 수가 아님","representative_point_method":"shapely_representative_point_within_polygon_wgs84"},"geometry":{"type":"Point","coordinates":[126.64805353,37.42051719]}},{"type":"Feature","id":"bubble:vworld_sgis_20250630:23040520","properties":{"geometry_zone_id":"vworld_sgis_20250630:23040520","current_district_name_20260701":"연수구","current_admin_dong_names_20260701":["선학동"],"current_admin_dong_count":1,"map_unit_status":"exact","aggregation_required":false,"population_reference_date":"2026-06-30","household_reference_date":"2026-07-31","metric_name":"one_person_households_age_65_plus","metric_label_ko":"65세 이상 1인 가구 수 (관측)","metric_value":1362,"metric_is_observed_count":true,"interpretation":"관측된 65세 이상 1인 가구 규모이며 복지 미수급자 수 또는 고독사 위험자 수가 아님","representative_point_method":"shapely_representative_point_within_polygon_wgs84"},"geometry":{"type":"Point","coordinates":[126.69660166,37.42776437]}},{"type":"Feature","id":"bubble:vworld_sgis_20250630:23040530","properties":{"geometry_zone_id":"vworld_sgis_20250630:23040530","current_district_name_20260701":"연수구","current_admin_dong_names_20260701":["연수1동"],"current_admin_dong_count":1,"map_unit_status":"exact","aggregation_required":false,"population_reference_date":"2026-06-30","household_reference_date":"2026-07-31","metric_name":"one_person_households_age_65_plus","metric_label_ko":"65세 이상 1인 가구 수 (관측)","metric_value":1002,"metric_is_observed_count":true,"interpretation":"관측된 65세 이상 1인 가구 규모이며 복지 미수급자 수 또는 고독사 위험자 수가 아님","representative_point_method":"shapely_representative_point_within_polygon_wgs84"},"geometry":{"type":"Point","coordinates":[126.68045757,37.42448045]}},{"type":"Feature","id":"bubble:vworld_sgis_20250630:23040540","properties":{"geometry_zone_id":"vworld_sgis_20250630:23040540","current_district_name_20260701":"연수구","current_admin_dong_names_20260701":["연수2동"],"current_admin_dong_count":1,"map_unit_status":"exact","aggregation_required":false,"population_reference_date":"2026-06-30","household_reference_date":"2026-07-31","metric_name":"one_person_households_age_65_plus","metric_label_ko":"65세 이상 1인 가구 수 (관측)","metric_value":1473,"metric_is_observed_count":true,"interpretation":"관측된 65세 이상 1인 가구 규모이며 복지 미수급자 수 또는 고독사 위험자 수가 아님","representative_point_method":"shapely_representative_point_within_polygon_wgs84"},"geometry":{"type":"Point","coordinates":[126.68297031,37.41279403]}},{"type":"Feature","id":"bubble:vworld_sgis_20250630:23040550","properties":{"geometry_zone_id":"vworld_sgis_20250630:23040550","current_district_name_20260701":"연수구","current_admin_dong_names_20260701":["연수3동"],"current_admin_dong_count":1,"map_unit_status":"exact","aggregation_required":false,"population_reference_date":"2026-06-30","household_reference_date":"2026-07-31","metric_name":"one_person_households_age_65_plus","metric_label_ko":"65세 이상 1인 가구 수 (관측)","metric_value":1504,"metric_is_observed_count":true,"interpretation":"관측된 65세 이상 1인 가구 규모이며 복지 미수급자 수 또는 고독사 위험자 수가 아님","representative_point_method":"shapely_representative_point_within_polygon_wgs84"},"geometry":{"type":"Point","coordinates":[126.68803167,37.41905622]}},{"type":"Feature","id":"bubble:vworld_sgis_20250630:23040560","properties":{"geometry_zone_id":"vworld_sgis_20250630:23040560","current_district_name_20260701":"연수구","current_admin_dong_names_20260701":["청학동"],"current_admin_dong_count":1,"map_unit_status":"exact","aggregation_required":false,"population_reference_date":"2026-06-30","household_reference_date":"2026-07-31","metric_name":"one_person_households_age_65_plus","metric_label_ko":"65세 이상 1인 가구 수 (관측)","metric_value":2037,"metric_is_observed_count":true,"interpretation":"관측된 65세 이상 1인 가구 규모이며 복지 미수급자 수 또는 고독사 위험자 수가 아님","representative_point_method":"shapely_representative_point_within_polygon_wgs84"},"geometry":{"type":"Point","coordinates":[126.66452073,37.42435062]}},{"type":"Feature","id":"bubble:vworld_sgis_20250630:23040570","properties":{"geometry_zone_id":"vworld_sgis_20250630:23040570","current_district_name_20260701":"연수구","current_admin_dong_names_20260701":["동춘1동"],"current_admin_dong_count":1,"map_unit_status":"exact","aggregation_required":false,"population_reference_date":"2026-06-30","household_reference_date":"2026-07-31","metric_name":"one_person_households_age_65_plus","metric_label_ko":"65세 이상 1인 가구 수 (관측)","metric_value":617,"metric_is_observed_count":true,"interpretation":"관측된 65세 이상 1인 가구 규모이며 복지 미수급자 수 또는 고독사 위험자 수가 아님","representative_point_method":"shapely_representative_point_within_polygon_wgs84"},"geometry":{"type":"Point","coordinates":[126.65931922,37.40452492]}},{"type":"Feature","id":"bubble:vworld_sgis_20250630:23040580","properties":{"geometry_zone_id":"vworld_sgis_20250630:23040580","current_district_name_20260701":"연수구","current_admin_dong_names_20260701":["동춘2동"],"current_admin_dong_count":1,"map_unit_status":"exact","aggregation_required":false,"population_reference_date":"2026-06-30","household_reference_date":"2026-07-31","metric_name":"one_person_households_age_65_plus","metric_label_ko":"65세 이상 1인 가구 수 (관측)","metric_value":598,"metric_is_observed_count":true,"interpretation":"관측된 65세 이상 1인 가구 규모이며 복지 미수급자 수 또는 고독사 위험자 수가 아님","representative_point_method":"shapely_representative_point_within_polygon_wgs84"},"geometry":{"type":"Point","coordinates":[126.67090787,37.40035687]}},{"type":"Feature","id":"bubble:vworld_sgis_20250630:23040590","properties":{"geometry_zone_id":"vworld_sgis_20250630:23040590","current_district_name_20260701":"연수구","current_admin_dong_names_20260701":["동춘3동"],"current_admin_dong_count":1,"map_unit_status":"exact","aggregation_required":false,"population_reference_date":"2026-06-30","household_reference_date":"2026-07-31","metric_name":"one_person_households_age_65_plus","metric_label_ko":"65세 이상 1인 가구 수 (관측)","metric_value":317,"metric_is_observed_count":true,"interpretation":"관측된 65세 이상 1인 가구 규모이며 복지 미수급자 수 또는 고독사 위험자 수가 아님","representative_point_method":"shapely_representative_point_within_polygon_wgs84"},"geometry":{"type":"Point","coordinates":[126.67729156,37.40835995]}},{"type":"Feature","id":"bubble:vworld_sgis_20250630:23040600","properties":{"geometry_zone_id":"vworld_sgis_20250630:23040600","current_district_name_20260701":"연수구","current_admin_dong_names_20260701":["옥련2동"],"current_admin_dong_count":1,"map_unit_status":"exact","aggregation_required":false,"population_reference_date":"2026-06-30","household_reference_date":"2026-07-31","metric_name":"one_person_households_age_65_plus","metric_label_ko":"65세 이상 1인 가구 수 (관측)","metric_value":820,"metric_is_observed_count":true,"interpretation":"관측된 65세 이상 1인 가구 규모이며 복지 미수급자 수 또는 고독사 위험자 수가 아님","representative_point_method":"shapely_representative_point_within_polygon_wgs84"},"geometry":{"type":"Point","coordinates":[126.64457982,37.42811653]}},{"type":"Feature","id":"bubble:vworld_sgis_20250630:23040640","properties":{"geometry_zone_id":"vworld_sgis_20250630:23040640","current_district_name_20260701":"연수구","current_admin_dong_names_20260701":["송도1동"],"current_admin_dong_count":1,"map_unit_status":"exact","aggregation_required":false,"population_reference_date":"2026-06-30","household_reference_date":"2026-07-31","metric_name":"one_person_households_age_65_plus","metric_label_ko":"65세 이상 1인 가구 수 (관측)","metric_value":523,"metric_is_observed_count":true,"interpretation":"관측된 65세 이상 1인 가구 규모이며 복지 미수급자 수 또는 고독사 위험자 수가 아님","representative_point_method":"shapely_representative_point_within_polygon_wgs84"},"geometry":{"type":"Point","coordinates":[126.6277208,37.34519447]}},{"type":"Feature","id":"bubble:vworld_sgis_20250630:23040650","properties":{"geometry_zone_id":"vworld_sgis_20250630:23040650","current_district_name_20260701":"연수구","current_admin_dong_names_20260701":["송도3동"],"current_admin_dong_count":1,"map_unit_status":"exact","aggregation_required":false,"population_reference_date":"2026-06-30","household_reference_date":"2026-07-31","metric_name":"one_person_households_age_65_plus","metric_label_ko":"65세 이상 1인 가구 수 (관측)","metric_value":504,"metric_is_observed_count":true,"interpretation":"관측된 65세 이상 1인 가구 규모이며 복지 미수급자 수 또는 고독사 위험자 수가 아님","representative_point_method":"shapely_representative_point_within_polygon_wgs84"},"geometry":{"type":"Point","coordinates":[126.66609988,37.36660297]}},{"type":"Feature","id":"bubble:vworld_sgis_20250630:23040660","properties":{"geometry_zone_id":"vworld_sgis_20250630:23040660","current_district_name_20260701":"연수구","current_admin_dong_names_20260701":["송도2동"],"current_admin_dong_count":1,"map_unit_status":"exact","aggregation_required":false,"population_reference_date":"2026-06-30","household_reference_date":"2026-07-31","metric_name":"one_person_households_age_65_plus","metric_label_ko":"65세 이상 1인 가구 수 (관측)","metric_value":359,"metric_is_observed_count":true,"interpretation":"관측된 65세 이상 1인 가구 규모이며 복지 미수급자 수 또는 고독사 위험자 수가 아님","representative_point_method":"shapely_representative_point_within_polygon_wgs84"},"geometry":{"type":"Point","coordinates":[126.63931734,37.40466898]}},{"type":"Feature","id":"bubble:vworld_sgis_20250630:23040680","properties":{"geometry_zone_id":"vworld_sgis_20250630:23040680","current_district_name_20260701":"연수구","current_admin_dong_names_20260701":["송도4동"],"current_admin_dong_count":1,"map_unit_status":"exact","aggregation_required":false,"population_reference_date":"2026-06-30","household_reference_date":"2026-07-31","metric_name":"one_person_households_age_65_plus","metric_label_ko":"65세 이상 1인 가구 수 (관측)","metric_value":422,"metric_is_observed_count":true,"interpretation":"관측된 65세 이상 1인 가구 규모이며 복지 미수급자 수 또는 고독사 위험자 수가 아님","representative_point_method":"shapely_representative_point_within_polygon_wgs84"},"geometry":{"type":"Point","coordinates":[126.62437254,37.39017943]}},{"type":"Feature","id":"bubble:vworld_sgis_20250630:23040690","properties":{"geometry_zone_id":"vworld_sgis_20250630:23040690","current_district_name_20260701":"연수구","current_admin_dong_names_20260701":["송도5동"],"current_admin_dong_count":1,"map_unit_status":"exact","aggregation_required":false,"population_reference_date":"2026-06-30","household_reference_date":"2026-07-31","metric_name":"one_person_households_age_65_plus","metric_label_ko":"65세 이상 1인 가구 수 (관측)","metric_value":417,"metric_is_observed_count":true,"interpretation":"관측된 65세 이상 1인 가구 규모이며 복지 미수급자 수 또는 고독사 위험자 수가 아님","representative_point_method":"shapely_representative_point_within_polygon_wgs84"},"geometry":{"type":"Point","coordinates":[126.61411763,37.41715046]}},{"type":"Feature","id":"bubble:vworld_sgis_20250630:23050510","properties":{"geometry_zone_id":"vworld_sgis_20250630:23050510","current_district_name_20260701":"남동구","current_admin_dong_names_20260701":["구월1동"],"current_admin_dong_count":1,"map_unit_status":"exact","aggregation_required":false,"population_reference_date":"2026-06-30","household_reference_date":"2026-07-31","metric_name":"one_person_households_age_65_plus","metric_label_ko":"65세 이상 1인 가구 수 (관측)","metric_value":1702,"metric_is_observed_count":true,"interpretation":"관측된 65세 이상 1인 가구 규모이며 복지 미수급자 수 또는 고독사 위험자 수가 아님","representative_point_method":"shapely_representative_point_within_polygon_wgs84"},"geometry":{"type":"Point","coordinates":[126.71257917,37.44551551]}},{"type":"Feature","id":"bubble:vworld_sgis_20250630:23050521","properties":{"geometry_zone_id":"vworld_sgis_20250630:23050521","current_district_name_20260701":"남동구","current_admin_dong_names_20260701":["구월2동"],"current_admin_dong_count":1,"map_unit_status":"exact","aggregation_required":false,"population_reference_date":"2026-06-30","household_reference_date":"2026-07-31","metric_name":"one_person_households_age_65_plus","metric_label_ko":"65세 이상 1인 가구 수 (관측)","metric_value":1277,"metric_is_observed_count":true,"interpretation":"관측된 65세 이상 1인 가구 규모이며 복지 미수급자 수 또는 고독사 위험자 수가 아님","representative_point_method":"shapely_representative_point_within_polygon_wgs84"},"geometry":{"type":"Point","coordinates":[126.71500842,37.45625078]}},{"type":"Feature","id":"bubble:vworld_sgis_20250630:23050530","properties":{"geometry_zone_id":"vworld_sgis_20250630:23050530","current_district_name_20260701":"남동구","current_admin_dong_names_20260701":["구월3동"],"current_admin_dong_count":1,"map_unit_status":"exact","aggregation_required":false,"population_reference_date":"2026-06-30","household_reference_date":"2026-07-31","metric_name":"one_person_households_age_65_plus","metric_label_ko":"65세 이상 1인 가구 수 (관측)","metric_value":1392,"metric_is_observed_count":true,"interpretation":"관측된 65세 이상 1인 가구 규모이며 복지 미수급자 수 또는 고독사 위험자 수가 아님","representative_point_method":"shapely_representative_point_within_polygon_wgs84"},"geometry":{"type":"Point","coordinates":[126.70056646,37.4460895]}},{"type":"Feature","id":"bubble:vworld_sgis_20250630:23050540","properties":{"geometry_zone_id":"vworld_sgis_20250630:23050540","current_district_name_20260701":"남동구","current_admin_dong_names_20260701":["구월4동"],"current_admin_dong_count":1,"map_unit_status":"exact","aggregation_required":false,"population_reference_date":"2026-06-30","household_reference_date":"2026-07-31","metric_name":"one_person_households_age_65_plus","metric_label_ko":"65세 이상 1인 가구 수 (관측)","metric_value":1641,"metric_is_observed_count":true,"interpretation":"관측된 65세 이상 1인 가구 규모이며 복지 미수급자 수 또는 고독사 위험자 수가 아님","representative_point_method":"shapely_representative_point_within_polygon_wgs84"},"geometry":{"type":"Point","coordinates":[126.72407031,37.44827831]}},{"type":"Feature","id":"bubble:vworld_sgis_20250630:23050550","properties":{"geometry_zone_id":"vworld_sgis_20250630:23050550","current_district_name_20260701":"남동구","current_admin_dong_names_20260701":["간석1동"],"current_admin_dong_count":1,"map_unit_status":"exact","aggregation_required":false,"population_reference_date":"2026-06-30","household_reference_date":"2026-07-31","metric_name":"one_person_households_age_65_plus","metric_label_ko":"65세 이상 1인 가구 수 (관측)","metric_value":1397,"metric_is_observed_count":true,"interpretation":"관측된 65세 이상 1인 가구 규모이며 복지 미수급자 수 또는 고독사 위험자 수가 아님","representative_point_method":"shapely_representative_point_within_polygon_wgs84"},"geometry":{"type":"Point","coordinates":[126.70231457,37.4605941]}},{"type":"Feature","id":"bubble:vworld_sgis_20250630:23050561","properties":{"geometry_zone_id":"vworld_sgis_20250630:23050561","current_district_name_20260701":"남동구","current_admin_dong_names_20260701":["간석2동"],"current_admin_dong_count":1,"map_unit_status":"exact","aggregation_required":false,"population_reference_date":"2026-06-30","household_reference_date":"2026-07-31","metric_name":"one_person_households_age_65_plus","metric_label_ko":"65세 이상 1인 가구 수 (관측)","metric_value":1199,"metric_is_observed_count":true,"interpretation":"관측된 65세 이상 1인 가구 규모이며 복지 미수급자 수 또는 고독사 위험자 수가 아님","representative_point_method":"shapely_representative_point_within_polygon_wgs84"},"geometry":{"type":"Point","coordinates":[126.71300493,37.46223415]}},{"type":"Feature","id":"bubble:vworld_sgis_20250630:23050570","properties":{"geometry_zone_id":"vworld_sgis_20250630:23050570","current_district_name_20260701":"남동구","current_admin_dong_names_20260701":["간석3동"],"current_admin_dong_count":1,"map_unit_status":"exact","aggregation_required":false,"population_reference_date":"2026-06-30","household_reference_date":"2026-07-31","metric_name":"one_person_households_age_65_plus","metric_label_ko":"65세 이상 1인 가구 수 (관측)","metric_value":2149,"metric_is_observed_count":true,"interpretation":"관측된 65세 이상 1인 가구 규모이며 복지 미수급자 수 또는 고독사 위험자 수가 아님","representative_point_method":"shapely_representative_point_within_polygon_wgs84"},"geometry":{"type":"Point","coordinates":[126.71488132,37.47039193]}},{"type":"Feature","id":"bubble:vworld_sgis_20250630:23050580","properties":{"geometry_zone_id":"vworld_sgis_20250630:23050580","current_district_name_20260701":"남동구","current_admin_dong_names_20260701":["간석4동"],"current_admin_dong_count":1,"map_unit_status":"exact","aggregation_required":false,"population_reference_date":"2026-06-30","household_reference_date":"2026-07-31","metric_name":"one_person_households_age_65_plus","metric_label_ko":"65세 이상 1인 가구 수 (관측)","metric_value":1863,"metric_is_observed_count":true,"interpretation":"관측된 65세 이상 1인 가구 규모이며 복지 미수급자 수 또는 고독사 위험자 수가 아님","representative_point_method":"shapely_representative_point_within_polygon_wgs84"},"geometry":{"type":"Point","coordinates":[126.69718117,37.46646609]}},{"type":"Feature","id":"bubble:vworld_sgis_20250630:23050590","properties":{"geometry_zone_id":"vworld_sgis_20250630:23050590","current_district_name_20260701":"남동구","current_admin_dong_names_20260701":["만수1동"],"current_admin_dong_count":1,"map_unit_status":"exact","aggregation_required":false,"population_reference_date":"2026-06-30","household_reference_date":"2026-07-31","metric_name":"one_person_households_age_65_plus","metric_label_ko":"65세 이상 1인 가구 수 (관측)","metric_value":2145,"metric_is_observed_count":true,"interpretation":"관측된 65세 이상 1인 가구 규모이며 복지 미수급자 수 또는 고독사 위험자 수가 아님","representative_point_method":"shapely_representative_point_within_polygon_wgs84"},"geometry":{"type":"Point","coordinates":[126.73393728,37.45079911]}},{"type":"Feature","id":"bubble:vworld_sgis_20250630:23050600","properties":{"geometry_zone_id":"vworld_sgis_20250630:23050600","current_district_name_20260701":"남동구","current_admin_dong_names_20260701":["만수2동"],"current_admin_dong_count":1,"map_unit_status":"exact","aggregation_required":false,"population_reference_date":"2026-06-30","household_reference_date":"2026-07-31","metric_name":"one_person_households_age_65_plus","metric_label_ko":"65세 이상 1인 가구 수 (관측)","metric_value":1265,"metric_is_observed_count":true,"interpretation":"관측된 65세 이상 1인 가구 규모이며 복지 미수급자 수 또는 고독사 위험자 수가 아님","representative_point_method":"shapely_representative_point_within_polygon_wgs84"},"geometry":{"type":"Point","coordinates":[126.73527008,37.46316082]}},{"type":"Feature","id":"bubble:vworld_sgis_20250630:23050610","properties":{"geometry_zone_id":"vworld_sgis_20250630:23050610","current_district_name_20260701":"남동구","current_admin_dong_names_20260701":["만수3동"],"current_admin_dong_count":1,"map_unit_status":"exact","aggregation_required":false,"population_reference_date":"2026-06-30","household_reference_date":"2026-07-31","metric_name":"one_person_households_age_65_plus","metric_label_ko":"65세 이상 1인 가구 수 (관측)","metric_value":1006,"metric_is_observed_count":true,"interpretation":"관측된 65세 이상 1인 가구 규모이며 복지 미수급자 수 또는 고독사 위험자 수가 아님","representative_point_method":"shapely_representative_point_within_polygon_wgs84"},"geometry":{"type":"Point","coordinates":[126.72843698,37.46647118]}},{"type":"Feature","id":"bubble:vworld_sgis_20250630:23050620","properties":{"geometry_zone_id":"vworld_sgis_20250630:23050620","current_district_name_20260701":"남동구","current_admin_dong_names_20260701":["만수4동"],"current_admin_dong_count":1,"map_unit_status":"exact","aggregation_required":false,"population_reference_date":"2026-06-30","household_reference_date":"2026-07-31","metric_name":"one_person_households_age_65_plus","metric_label_ko":"65세 이상 1인 가구 수 (관측)","metric_value":1352,"metric_is_observed_count":true,"interpretation":"관측된 65세 이상 1인 가구 규모이며 복지 미수급자 수 또는 고독사 위험자 수가 아님","representative_point_method":"shapely_representative_point_within_polygon_wgs84"},"geometry":{"type":"Point","coordinates":[126.73731852,37.45612467]}},{"type":"Feature","id":"bubble:vworld_sgis_20250630:23050630","properties":{"geometry_zone_id":"vworld_sgis_20250630:23050630","current_district_name_20260701":"남동구","current_admin_dong_names_20260701":["만수5동"],"current_admin_dong_count":1,"map_unit_status":"exact","aggregation_required":false,"population_reference_date":"2026-06-30","household_reference_date":"2026-07-31","metric_name":"one_person_households_age_65_plus","metric_label_ko":"65세 이상 1인 가구 수 (관측)","metric_value":1493,"metric_is_observed_count":true,"interpretation":"관측된 65세 이상 1인 가구 규모이며 복지 미수급자 수 또는 고독사 위험자 수가 아님","representative_point_method":"shapely_representative_point_within_polygon_wgs84"},"geometry":{"type":"Point","coordinates":[126.72529162,37.4578847]}},{"type":"Feature","id":"bubble:vworld_sgis_20250630:23050640","properties":{"geometry_zone_id":"vworld_sgis_20250630:23050640","current_district_name_20260701":"남동구","current_admin_dong_names_20260701":["만수6동"],"current_admin_dong_count":1,"map_unit_status":"exact","aggregation_required":false,"population_reference_date":"2026-06-30","household_reference_date":"2026-07-31","metric_name":"one_person_households_age_65_plus","metric_label_ko":"65세 이상 1인 가구 수 (관측)","metric_value":1766,"metric_is_observed_count":true,"interpretation":"관측된 65세 이상 1인 가구 규모이며 복지 미수급자 수 또는 고독사 위험자 수가 아님","representative_point_method":"shapely_representative_point_within_polygon_wgs84"},"geometry":{"type":"Point","coordinates":[126.7401119,37.44082997]}},{"type":"Feature","id":"bubble:vworld_sgis_20250630:23050670","properties":{"geometry_zone_id":"vworld_sgis_20250630:23050670","current_district_name_20260701":"남동구","current_admin_dong_names_20260701":["남촌도림동"],"current_admin_dong_count":1,"map_unit_status":"exact","aggregation_required":false,"population_reference_date":"2026-06-30","household_reference_date":"2026-07-31","metric_name":"one_person_households_age_65_plus","metric_label_ko":"65세 이상 1인 가구 수 (관측)","metric_value":1421,"metric_is_observed_count":true,"interpretation":"관측된 65세 이상 1인 가구 규모이며 복지 미수급자 수 또는 고독사 위험자 수가 아님","representative_point_method":"shapely_representative_point_within_polygon_wgs84"},"geometry":{"type":"Point","coordinates":[126.72125952,37.42781741]}},{"type":"Feature","id":"bubble:vworld_sgis_20250630:23050720","properties":{"geometry_zone_id":"vworld_sgis_20250630:23050720","current_district_name_20260701":"남동구","current_admin_dong_names_20260701":["논현1동"],"current_admin_dong_count":1,"map_unit_status":"exact","aggregation_required":false,"population_reference_date":"2026-06-30","household_reference_date":"2026-07-31","metric_name":"one_person_households_age_65_plus","metric_label_ko":"65세 이상 1인 가구 수 (관측)","metric_value":1699,"metric_is_observed_count":true,"interpretation":"관측된 65세 이상 1인 가구 규모이며 복지 미수급자 수 또는 고독사 위험자 수가 아님","representative_point_method":"shapely_representative_point_within_polygon_wgs84"},"geometry":{"type":"Point","coordinates":[126.7411261,37.41108956]}},{"type":"Feature","id":"bubble:vworld_sgis_20250630:23050730","properties":{"geometry_zone_id":"vworld_sgis_20250630:23050730","current_district_name_20260701":"남동구","current_admin_dong_names_20260701":["논현2동"],"current_admin_dong_count":1,"map_unit_status":"exact","aggregation_required":false,"population_reference_date":"2026-06-30","household_reference_date":"2026-07-31","metric_name":"one_person_households_age_65_plus","metric_label_ko":"65세 이상 1인 가구 수 (관측)","metric_value":1900,"metric_is_observed_count":true,"interpretation":"관측된 65세 이상 1인 가구 규모이며 복지 미수급자 수 또는 고독사 위험자 수가 아님","representative_point_method":"shapely_representative_point_within_polygon_wgs84"},"geometry":{"type":"Point","coordinates":[126.70602685,37.40854912]}},{"type":"Feature","id":"bubble:vworld_sgis_20250630:23050740","properties":{"geometry_zone_id":"vworld_sgis_20250630:23050740","current_district_name_20260701":"남동구","current_admin_dong_names_20260701":["논현고잔동"],"current_admin_dong_count":1,"map_unit_status":"exact","aggregation_required":false,"population_reference_date":"2026-06-30","household_reference_date":"2026-07-31","metric_name":"one_person_households_age_65_plus","metric_label_ko":"65세 이상 1인 가구 수 (관측)","metric_value":1357,"metric_is_observed_count":true,"interpretation":"관측된 65세 이상 1인 가구 규모이며 복지 미수급자 수 또는 고독사 위험자 수가 아님","representative_point_method":"shapely_representative_point_within_polygon_wgs84"},"geometry":{"type":"Point","coordinates":[126.70307313,37.39527212]}},{"type":"Feature","id":"bubble:vworld_sgis_20250630:23050750","properties":{"geometry_zone_id":"vworld_sgis_20250630:23050750","current_district_name_20260701":"남동구","current_admin_dong_names_20260701":["장수서창동"],"current_admin_dong_count":1,"map_unit_status":"exact","aggregation_required":false,"population_reference_date":"2026-06-30","household_reference_date":"2026-07-31","metric_name":"one_person_households_age_65_plus","metric_label_ko":"65세 이상 1인 가구 수 (관측)","metric_value":1055,"metric_is_observed_count":true,"interpretation":"관측된 65세 이상 1인 가구 규모이며 복지 미수급자 수 또는 고독사 위험자 수가 아님","representative_point_method":"shapely_representative_point_within_polygon_wgs84"},"geometry":{"type":"Point","coordinates":[126.75819659,37.44889466]}},{"type":"Feature","id":"bubble:vworld_sgis_20250630:23050760","properties":{"geometry_zone_id":"vworld_sgis_20250630:23050760","current_district_name_20260701":"남동구","current_admin_dong_names_20260701":["서창2동"],"current_admin_dong_count":1,"map_unit_status":"exact","aggregation_required":false,"population_reference_date":"2026-06-30","household_reference_date":"2026-07-31","metric_name":"one_person_households_age_65_plus","metric_label_ko":"65세 이상 1인 가구 수 (관측)","metric_value":1974,"metric_is_observed_count":true,"interpretation":"관측된 65세 이상 1인 가구 규모이며 복지 미수급자 수 또는 고독사 위험자 수가 아님","representative_point_method":"shapely_representative_point_within_polygon_wgs84"},"geometry":{"type":"Point","coordinates":[126.7484914,37.42542629]}},{"type":"Feature","id":"bubble:vworld_sgis_20250630:23060510","properties":{"geometry_zone_id":"vworld_sgis_20250630:23060510","current_district_name_20260701":"부평구","current_admin_dong_names_20260701":["부평1동"],"current_admin_dong_count":1,"map_unit_status":"exact","aggregation_required":false,"population_reference_date":"2026-06-30","household_reference_date":"2026-07-31","metric_name":"one_person_households_age_65_plus","metric_label_ko":"65세 이상 1인 가구 수 (관측)","metric_value":1719,"metric_is_observed_count":true,"interpretation":"관측된 65세 이상 1인 가구 규모이며 복지 미수급자 수 또는 고독사 위험자 수가 아님","representative_point_method":"shapely_representative_point_within_polygon_wgs84"},"geometry":{"type":"Point","coordinates":[126.71941232,37.49711732]}},{"type":"Feature","id":"bubble:vworld_sgis_20250630:23060520","properties":{"geometry_zone_id":"vworld_sgis_20250630:23060520","current_district_name_20260701":"부평구","current_admin_dong_names_20260701":["부평2동"],"current_admin_dong_count":1,"map_unit_status":"exact","aggregation_required":false,"population_reference_date":"2026-06-30","household_reference_date":"2026-07-31","metric_name":"one_person_households_age_65_plus","metric_label_ko":"65세 이상 1인 가구 수 (관측)","metric_value":1192,"metric_is_observed_count":true,"interpretation":"관측된 65세 이상 1인 가구 규모이며 복지 미수급자 수 또는 고독사 위험자 수가 아님","representative_point_method":"shapely_representative_point_within_polygon_wgs84"},"geometry":{"type":"Point","coordinates":[126.71968595,37.47984078]}},{"type":"Feature","id":"bubble:vworld_sgis_20250630:23060530","properties":{"geometry_zone_id":"vworld_sgis_20250630:23060530","current_district_name_20260701":"부평구","current_admin_dong_names_20260701":["부평3동"],"current_admin_dong_count":1,"map_unit_status":"exact","aggregation_required":false,"population_reference_date":"2026-06-30","household_reference_date":"2026-07-31","metric_name":"one_person_households_age_65_plus","metric_label_ko":"65세 이상 1인 가구 수 (관측)","metric_value":1188,"metric_is_observed_count":true,"interpretation":"관측된 65세 이상 1인 가구 규모이며 복지 미수급자 수 또는 고독사 위험자 수가 아님","representative_point_method":"shapely_representative_point_within_polygon_wgs84"},"geometry":{"type":"Point","coordinates":[126.70700494,37.48356761]}},{"type":"Feature","id":"bubble:vworld_sgis_20250630:23060540","properties":{"geometry_zone_id":"vworld_sgis_20250630:23060540","current_district_name_20260701":"부평구","current_admin_dong_names_20260701":["부평4동"],"current_admin_dong_count":1,"map_unit_status":"exact","aggregation_required":false,"population_reference_date":"2026-06-30","household_reference_date":"2026-07-31","metric_name":"one_person_households_age_65_plus","metric_label_ko":"65세 이상 1인 가구 수 (관측)","metric_value":2311,"metric_is_observed_count":true,"interpretation":"관측된 65세 이상 1인 가구 규모이며 복지 미수급자 수 또는 고독사 위험자 수가 아님","representative_point_method":"shapely_representative_point_within_polygon_wgs84"},"geometry":{"type":"Point","coordinates":[126.72619966,37.50084584]}},{"type":"Feature","id":"bubble:vworld_sgis_20250630:23060550","properties":{"geometry_zone_id":"vworld_sgis_20250630:23060550","current_district_name_20260701":"부평구","current_admin_dong_names_20260701":["부평5동"],"current_admin_dong_count":1,"map_unit_status":"exact","aggregation_required":false,"population_reference_date":"2026-06-30","household_reference_date":"2026-07-31","metric_name":"one_person_households_age_65_plus","metric_label_ko":"65세 이상 1인 가구 수 (관측)","metric_value":1752,"metric_is_observed_count":true,"interpretation":"관측된 65세 이상 1인 가구 규모이며 복지 미수급자 수 또는 고독사 위험자 수가 아님","representative_point_method":"shapely_representative_point_within_polygon_wgs84"},"geometry":{"type":"Point","coordinates":[126.7310599,37.49626372]}},{"type":"Feature","id":"bubble:vworld_sgis_20250630:23060560","properties":{"geometry_zone_id":"vworld_sgis_20250630:23060560","current_district_name_20260701":"부평구","current_admin_dong_names_20260701":["부평6동"],"current_admin_dong_count":1,"map_unit_status":"exact","aggregation_required":false,"population_reference_date":"2026-06-30","household_reference_date":"2026-07-31","metric_name":"one_person_households_age_65_plus","metric_label_ko":"65세 이상 1인 가구 수 (관측)","metric_value":1084,"metric_is_observed_count":true,"interpretation":"관측된 65세 이상 1인 가구 규모이며 복지 미수급자 수 또는 고독사 위험자 수가 아님","representative_point_method":"shapely_representative_point_within_polygon_wgs84"},"geometry":{"type":"Point","coordinates":[126.72608688,37.48469868]}},{"type":"Feature","id":"bubble:vworld_sgis_20250630:23060570","properties":{"geometry_zone_id":"vworld_sgis_20250630:23060570","current_district_name_20260701":"부평구","current_admin_dong_names_20260701":["산곡1동"],"current_admin_dong_count":1,"map_unit_status":"exact","aggregation_required":false,"population_reference_date":"2026-06-30","household_reference_date":"2026-07-31","metric_name":"one_person_households_age_65_plus","metric_label_ko":"65세 이상 1인 가구 수 (관측)","metric_value":684,"metric_is_observed_count":true,"interpretation":"관측된 65세 이상 1인 가구 규모이며 복지 미수급자 수 또는 고독사 위험자 수가 아님","representative_point_method":"shapely_representative_point_within_polygon_wgs84"},"geometry":{"type":"Point","coordinates":[126.69545941,37.50338707]}},{"type":"Feature","id":"bubble:vworld_sgis_20250630:23060580","properties":{"geometry_zone_id":"vworld_sgis_20250630:23060580","current_district_name_20260701":"부평구","current_admin_dong_names_20260701":["산곡2동"],"current_admin_dong_count":1,"map_unit_status":"exact","aggregation_required":false,"population_reference_date":"2026-06-30","household_reference_date":"2026-07-31","metric_name":"one_person_households_age_65_plus","metric_label_ko":"65세 이상 1인 가구 수 (관측)","metric_value":881,"metric_is_observed_count":true,"interpretation":"관측된 65세 이상 1인 가구 규모이며 복지 미수급자 수 또는 고독사 위험자 수가 아님","representative_point_method":"shapely_representative_point_within_polygon_wgs84"},"geometry":{"type":"Point","coordinates":[126.70410006,37.50323784]}},{"type":"Feature","id":"bubble:vworld_sgis_20250630:23060590","properties":{"geometry_zone_id":"vworld_sgis_20250630:23060590","current_district_name_20260701":"부평구","current_admin_dong_names_20260701":["산곡3동"],"current_admin_dong_count":1,"map_unit_status":"exact","aggregation_required":false,"population_reference_date":"2026-06-30","household_reference_date":"2026-07-31","metric_name":"one_person_households_age_65_plus","metric_label_ko":"65세 이상 1인 가구 수 (관측)","metric_value":1397,"metric_is_observed_count":true,"interpretation":"관측된 65세 이상 1인 가구 규모이며 복지 미수급자 수 또는 고독사 위험자 수가 아님","representative_point_method":"shapely_representative_point_within_polygon_wgs84"},"geometry":{"type":"Point","coordinates":[126.70596687,37.49128916]}},{"type":"Feature","id":"bubble:vworld_sgis_20250630:23060600","properties":{"geometry_zone_id":"vworld_sgis_20250630:23060600","current_district_name_20260701":"부평구","current_admin_dong_names_20260701":["산곡4동"],"current_admin_dong_count":1,"map_unit_status":"exact","aggregation_required":false,"population_reference_date":"2026-06-30","household_reference_date":"2026-07-31","metric_name":"one_person_households_age_65_plus","metric_label_ko":"65세 이상 1인 가구 수 (관측)","metric_value":766,"metric_is_observed_count":true,"interpretation":"관측된 65세 이상 1인 가구 규모이며 복지 미수급자 수 또는 고독사 위험자 수가 아님","representative_point_method":"shapely_representative_point_within_polygon_wgs84"},"geometry":{"type":"Point","coordinates":[126.71233586,37.50088317]}},{"type":"Feature","id":"bubble:vworld_sgis_20250630:23060610","properties":{"geometry_zone_id":"vworld_sgis_20250630:23060610","current_district_name_20260701":"부평구","current_admin_dong_names_20260701":["청천1동"],"current_admin_dong_count":1,"map_unit_status":"exact","aggregation_required":false,"population_reference_date":"2026-06-30","household_reference_date":"2026-07-31","metric_name":"one_person_households_age_65_plus","metric_label_ko":"65세 이상 1인 가구 수 (관측)","metric_value":749,"metric_is_observed_count":true,"interpretation":"관측된 65세 이상 1인 가구 규모이며 복지 미수급자 수 또는 고독사 위험자 수가 아님","representative_point_method":"shapely_representative_point_within_polygon_wgs84"},"geometry":{"type":"Point","coordinates":[126.69374719,37.51577504]}},{"type":"Feature","id":"bubble:vworld_sgis_20250630:23060620","properties":{"geometry_zone_id":"vworld_sgis_20250630:23060620","current_district_name_20260701":"부평구","current_admin_dong_names_20260701":["청천2동"],"current_admin_dong_count":1,"map_unit_status":"exact","aggregation_required":false,"population_reference_date":"2026-06-30","household_reference_date":"2026-07-31","metric_name":"one_person_households_age_65_plus","metric_label_ko":"65세 이상 1인 가구 수 (관측)","metric_value":1706,"metric_is_observed_count":true,"interpretation":"관측된 65세 이상 1인 가구 규모이며 복지 미수급자 수 또는 고독사 위험자 수가 아님","representative_point_method":"shapely_representative_point_within_polygon_wgs84"},"geometry":{"type":"Point","coordinates":[126.71253957,37.51351667]}},{"type":"Feature","id":"bubble:vworld_sgis_20250630:23060630","properties":{"geometry_zone_id":"vworld_sgis_20250630:23060630","current_district_name_20260701":"부평구","current_admin_dong_names_20260701":["갈산1동"],"current_admin_dong_count":1,"map_unit_status":"exact","aggregation_required":false,"population_reference_date":"2026-06-30","household_reference_date":"2026-07-31","metric_name":"one_person_households_age_65_plus","metric_label_ko":"65세 이상 1인 가구 수 (관측)","metric_value":846,"metric_is_observed_count":true,"interpretation":"관측된 65세 이상 1인 가구 규모이며 복지 미수급자 수 또는 고독사 위험자 수가 아님","representative_point_method":"shapely_representative_point_within_polygon_wgs84"},"geometry":{"type":"Point","coordinates":[126.72689875,37.51715314]}},{"type":"Feature","id":"bubble:vworld_sgis_20250630:23060640","properties":{"geometry_zone_id":"vworld_sgis_20250630:23060640","current_district_name_20260701":"부평구","current_admin_dong_names_20260701":["갈산2동"],"current_admin_dong_count":1,"map_unit_status":"exact","aggregation_required":false,"population_reference_date":"2026-06-30","household_reference_date":"2026-07-31","metric_name":"one_person_households_age_65_plus","metric_label_ko":"65세 이상 1인 가구 수 (관측)","metric_value":1498,"metric_is_observed_count":true,"interpretation":"관측된 65세 이상 1인 가구 규모이며 복지 미수급자 수 또는 고독사 위험자 수가 아님","representative_point_method":"shapely_representative_point_within_polygon_wgs84"},"geometry":{"type":"Point","coordinates":[126.72677967,37.51079601]}},{"type":"Feature","id":"bubble:vworld_sgis_20250630:23060650","properties":{"geometry_zone_id":"vworld_sgis_20250630:23060650","current_district_name_20260701":"부평구","current_admin_dong_names_20260701":["삼산1동"],"current_admin_dong_count":1,"map_unit_status":"exact","aggregation_required":false,"population_reference_date":"2026-06-30","household_reference_date":"2026-07-31","metric_name":"one_person_households_age_65_plus","metric_label_ko":"65세 이상 1인 가구 수 (관측)","metric_value":2326,"metric_is_observed_count":true,"interpretation":"관측된 65세 이상 1인 가구 규모이며 복지 미수급자 수 또는 고독사 위험자 수가 아님","representative_point_method":"shapely_representative_point_within_polygon_wgs84"},"geometry":{"type":"Point","coordinates":[126.74664072,37.52120414]}},{"type":"Feature","id":"bubble:vworld_sgis_20250630:23060660","properties":{"geometry_zone_id":"vworld_sgis_20250630:23060660","current_district_name_20260701":"부평구","current_admin_dong_names_20260701":["부개1동"],"current_admin_dong_count":1,"map_unit_status":"exact","aggregation_required":false,"population_reference_date":"2026-06-30","household_reference_date":"2026-07-31","metric_name":"one_person_households_age_65_plus","metric_label_ko":"65세 이상 1인 가구 수 (관측)","metric_value":1491,"metric_is_observed_count":true,"interpretation":"관측된 65세 이상 1인 가구 규모이며 복지 미수급자 수 또는 고독사 위험자 수가 아님","representative_point_method":"shapely_representative_point_within_polygon_wgs84"},"geometry":{"type":"Point","coordinates":[126.7358951,37.48300574]}},{"type":"Feature","id":"bubble:vworld_sgis_20250630:23060670","properties":{"geometry_zone_id":"vworld_sgis_20250630:23060670","current_district_name_20260701":"부평구","current_admin_dong_names_20260701":["부개2동"],"current_admin_dong_count":1,"map_unit_status":"exact","aggregation_required":false,"population_reference_date":"2026-06-30","household_reference_date":"2026-07-31","metric_name":"one_person_households_age_65_plus","metric_label_ko":"65세 이상 1인 가구 수 (관측)","metric_value":988,"metric_is_observed_count":true,"interpretation":"관측된 65세 이상 1인 가구 규모이며 복지 미수급자 수 또는 고독사 위험자 수가 아님","representative_point_method":"shapely_representative_point_within_polygon_wgs84"},"geometry":{"type":"Point","coordinates":[126.73927233,37.49316531]}},{"type":"Feature","id":"bubble:vworld_sgis_20250630:23060680","properties":{"geometry_zone_id":"vworld_sgis_20250630:23060680","current_district_name_20260701":"부평구","current_admin_dong_names_20260701":["부개3동"],"current_admin_dong_count":1,"map_unit_status":"exact","aggregation_required":false,"population_reference_date":"2026-06-30","household_reference_date":"2026-07-31","metric_name":"one_person_households_age_65_plus","metric_label_ko":"65세 이상 1인 가구 수 (관측)","metric_value":1399,"metric_is_observed_count":true,"interpretation":"관측된 65세 이상 1인 가구 규모이며 복지 미수급자 수 또는 고독사 위험자 수가 아님","representative_point_method":"shapely_representative_point_within_polygon_wgs84"},"geometry":{"type":"Point","coordinates":[126.73894713,37.50162409]}},{"type":"Feature","id":"bubble:vworld_sgis_20250630:23060690","properties":{"geometry_zone_id":"vworld_sgis_20250630:23060690","current_district_name_20260701":"부평구","current_admin_dong_names_20260701":["일신동"],"current_admin_dong_count":1,"map_unit_status":"exact","aggregation_required":false,"population_reference_date":"2026-06-30","household_reference_date":"2026-07-31","metric_name":"one_person_households_age_65_plus","metric_label_ko":"65세 이상 1인 가구 수 (관측)","metric_value":655,"metric_is_observed_count":true,"interpretation":"관측된 65세 이상 1인 가구 규모이며 복지 미수급자 수 또는 고독사 위험자 수가 아님","representative_point_method":"shapely_representative_point_within_polygon_wgs84"},"geometry":{"type":"Point","coordinates":[126.74826292,37.47543943]}},{"type":"Feature","id":"bubble:vworld_sgis_20250630:23060700","properties":{"geometry_zone_id":"vworld_sgis_20250630:23060700","current_district_name_20260701":"부평구","current_admin_dong_names_20260701":["십정1동"],"current_admin_dong_count":1,"map_unit_status":"exact","aggregation_required":false,"population_reference_date":"2026-06-30","household_reference_date":"2026-07-31","metric_name":"one_person_households_age_65_plus","metric_label_ko":"65세 이상 1인 가구 수 (관측)","metric_value":1314,"metric_is_observed_count":true,"interpretation":"관측된 65세 이상 1인 가구 규모이며 복지 미수급자 수 또는 고독사 위험자 수가 아님","representative_point_method":"shapely_representative_point_within_polygon_wgs84"},"geometry":{"type":"Point","coordinates":[126.69556207,37.47788145]}},{"type":"Feature","id":"bubble:vworld_sgis_20250630:23060710","properties":{"geometry_zone_id":"vworld_sgis_20250630:23060710","current_district_name_20260701":"부평구","current_admin_dong_names_20260701":["십정2동"],"current_admin_dong_count":1,"map_unit_status":"exact","aggregation_required":false,"population_reference_date":"2026-06-30","household_reference_date":"2026-07-31","metric_name":"one_person_households_age_65_plus","metric_label_ko":"65세 이상 1인 가구 수 (관측)","metric_value":2129,"metric_is_observed_count":true,"interpretation":"관측된 65세 이상 1인 가구 규모이며 복지 미수급자 수 또는 고독사 위험자 수가 아님","representative_point_method":"shapely_representative_point_within_polygon_wgs84"},"geometry":{"type":"Point","coordinates":[126.70475406,37.4748926]}},{"type":"Feature","id":"bubble:vworld_sgis_20250630:23060720","properties":{"geometry_zone_id":"vworld_sgis_20250630:23060720","current_district_name_20260701":"부평구","current_admin_dong_names_20260701":["삼산2동"],"current_admin_dong_count":1,"map_unit_status":"exact","aggregation_required":false,"population_reference_date":"2026-06-30","household_reference_date":"2026-07-31","metric_name":"one_person_households_age_65_plus","metric_label_ko":"65세 이상 1인 가구 수 (관측)","metric_value":1012,"metric_is_observed_count":true,"interpretation":"관측된 65세 이상 1인 가구 규모이며 복지 미수급자 수 또는 고독사 위험자 수가 아님","representative_point_method":"shapely_representative_point_within_polygon_wgs84"},"geometry":{"type":"Point","coordinates":[126.7381205,37.51199122]}},{"type":"Feature","id":"bubble:vworld_sgis_20250630:23070510","properties":{"geometry_zone_id":"vworld_sgis_20250630:23070510","current_district_name_20260701":"계양구","current_admin_dong_names_20260701":["효성1동"],"current_admin_dong_count":1,"map_unit_status":"exact","aggregation_required":false,"population_reference_date":"2026-06-30","household_reference_date":"2026-07-31","metric_name":"one_person_households_age_65_plus","metric_label_ko":"65세 이상 1인 가구 수 (관측)","metric_value":1584,"metric_is_observed_count":true,"interpretation":"관측된 65세 이상 1인 가구 규모이며 복지 미수급자 수 또는 고독사 위험자 수가 아님","representative_point_method":"shapely_representative_point_within_polygon_wgs84"},"geometry":{"type":"Point","coordinates":[126.70861605,37.53455104]}},{"type":"Feature","id":"bubble:vworld_sgis_20250630:23070520","properties":{"geometry_zone_id":"vworld_sgis_20250630:23070520","current_district_name_20260701":"계양구","current_admin_dong_names_20260701":["효성2동"],"current_admin_dong_count":1,"map_unit_status":"exact","aggregation_required":false,"population_reference_date":"2026-06-30","household_reference_date":"2026-07-31","metric_name":"one_person_households_age_65_plus","metric_label_ko":"65세 이상 1인 가구 수 (관측)","metric_value":1474,"metric_is_observed_count":true,"interpretation":"관측된 65세 이상 1인 가구 규모이며 복지 미수급자 수 또는 고독사 위험자 수가 아님","representative_point_method":"shapely_representative_point_within_polygon_wgs84"},"geometry":{"type":"Point","coordinates":[126.69172714,37.53273824]}},{"type":"Feature","id":"bubble:vworld_sgis_20250630:23070530","properties":{"geometry_zone_id":"vworld_sgis_20250630:23070530","current_district_name_20260701":"계양구","current_admin_dong_names_20260701":["계산1동"],"current_admin_dong_count":1,"map_unit_status":"exact","aggregation_required":false,"population_reference_date":"2026-06-30","household_reference_date":"2026-07-31","metric_name":"one_person_households_age_65_plus","metric_label_ko":"65세 이상 1인 가구 수 (관측)","metric_value":1666,"metric_is_observed_count":true,"interpretation":"관측된 65세 이상 1인 가구 규모이며 복지 미수급자 수 또는 고독사 위험자 수가 아님","representative_point_method":"shapely_representative_point_within_polygon_wgs84"},"geometry":{"type":"Point","coordinates":[126.71742449,37.54065334]}},{"type":"Feature","id":"bubble:vworld_sgis_20250630:23070540","properties":{"geometry_zone_id":"vworld_sgis_20250630:23070540","current_district_name_20260701":"계양구","current_admin_dong_names_20260701":["계산2동"],"current_admin_dong_count":1,"map_unit_status":"exact","aggregation_required":false,"population_reference_date":"2026-06-30","household_reference_date":"2026-07-31","metric_name":"one_person_households_age_65_plus","metric_label_ko":"65세 이상 1인 가구 수 (관측)","metric_value":1332,"metric_is_observed_count":true,"interpretation":"관측된 65세 이상 1인 가구 규모이며 복지 미수급자 수 또는 고독사 위험자 수가 아님","representative_point_method":"shapely_representative_point_within_polygon_wgs84"},"geometry":{"type":"Point","coordinates":[126.7192917,37.54825455]}},{"type":"Feature","id":"bubble:vworld_sgis_20250630:23070550","properties":{"geometry_zone_id":"vworld_sgis_20250630:23070550","current_district_name_20260701":"계양구","current_admin_dong_names_20260701":["계산3동"],"current_admin_dong_count":1,"map_unit_status":"exact","aggregation_required":false,"population_reference_date":"2026-06-30","household_reference_date":"2026-07-31","metric_name":"one_person_households_age_65_plus","metric_label_ko":"65세 이상 1인 가구 수 (관측)","metric_value":1018,"metric_is_observed_count":true,"interpretation":"관측된 65세 이상 1인 가구 규모이며 복지 미수급자 수 또는 고독사 위험자 수가 아님","representative_point_method":"shapely_representative_point_within_polygon_wgs84"},"geometry":{"type":"Point","coordinates":[126.73138417,37.53800385]}},{"type":"Feature","id":"bubble:vworld_sgis_20250630:23070560","properties":{"geometry_zone_id":"vworld_sgis_20250630:23070560","current_district_name_20260701":"계양구","current_admin_dong_names_20260701":["작전1동"],"current_admin_dong_count":1,"map_unit_status":"exact","aggregation_required":false,"population_reference_date":"2026-06-30","household_reference_date":"2026-07-31","metric_name":"one_person_households_age_65_plus","metric_label_ko":"65세 이상 1인 가구 수 (관측)","metric_value":1262,"metric_is_observed_count":true,"interpretation":"관측된 65세 이상 1인 가구 규모이며 복지 미수급자 수 또는 고독사 위험자 수가 아님","representative_point_method":"shapely_representative_point_within_polygon_wgs84"},"geometry":{"type":"Point","coordinates":[126.72924436,37.5301817]}},{"type":"Feature","id":"bubble:vworld_sgis_20250630:23070570","properties":{"geometry_zone_id":"vworld_sgis_20250630:23070570","current_district_name_20260701":"계양구","current_admin_dong_names_20260701":["작전2동"],"current_admin_dong_count":1,"map_unit_status":"exact","aggregation_required":false,"population_reference_date":"2026-06-30","household_reference_date":"2026-07-31","metric_name":"one_person_households_age_65_plus","metric_label_ko":"65세 이상 1인 가구 수 (관측)","metric_value":1528,"metric_is_observed_count":true,"interpretation":"관측된 65세 이상 1인 가구 규모이며 복지 미수급자 수 또는 고독사 위험자 수가 아님","representative_point_method":"shapely_representative_point_within_polygon_wgs84"},"geometry":{"type":"Point","coordinates":[126.72190076,37.53010637]}},{"type":"Feature","id":"bubble:vworld_sgis_20250630:23070580","properties":{"geometry_zone_id":"vworld_sgis_20250630:23070580","current_district_name_20260701":"계양구","current_admin_dong_names_20260701":["작전서운동"],"current_admin_dong_count":1,"map_unit_status":"exact","aggregation_required":false,"population_reference_date":"2026-06-30","household_reference_date":"2026-07-31","metric_name":"one_person_households_age_65_plus","metric_label_ko":"65세 이상 1인 가구 수 (관측)","metric_value":1475,"metric_is_observed_count":true,"interpretation":"관측된 65세 이상 1인 가구 규모이며 복지 미수급자 수 또는 고독사 위험자 수가 아님","representative_point_method":"shapely_representative_point_within_polygon_wgs84"},"geometry":{"type":"Point","coordinates":[126.74714234,37.53113416]}},{"type":"Feature","id":"bubble:vworld_sgis_20250630:23070610","properties":{"geometry_zone_id":"vworld_sgis_20250630:23070610","current_district_name_20260701":"계양구","current_admin_dong_names_20260701":["계양2동"],"current_admin_dong_count":1,"map_unit_status":"exact","aggregation_required":false,"population_reference_date":"2026-06-30","household_reference_date":"2026-07-31","metric_name":"one_person_households_age_65_plus","metric_label_ko":"65세 이상 1인 가구 수 (관측)","metric_value":2689,"metric_is_observed_count":true,"interpretation":"관측된 65세 이상 1인 가구 규모이며 복지 미수급자 수 또는 고독사 위험자 수가 아님","representative_point_method":"shapely_representative_point_within_polygon_wgs84"},"geometry":{"type":"Point","coordinates":[126.7399367,37.54953552]}},{"type":"Feature","id":"bubble:vworld_sgis_20250630:23070620","properties":{"geometry_zone_id":"vworld_sgis_20250630:23070620","current_district_name_20260701":"계양구","current_admin_dong_names_20260701":["계산4동"],"current_admin_dong_count":1,"map_unit_status":"exact","aggregation_required":false,"population_reference_date":"2026-06-30","household_reference_date":"2026-07-31","metric_name":"one_person_households_age_65_plus","metric_label_ko":"65세 이상 1인 가구 수 (관측)","metric_value":897,"metric_is_observed_count":true,"interpretation":"관측된 65세 이상 1인 가구 규모이며 복지 미수급자 수 또는 고독사 위험자 수가 아님","representative_point_method":"shapely_representative_point_within_polygon_wgs84"},"geometry":{"type":"Point","coordinates":[126.73947367,37.53794944]}},{"type":"Feature","id":"bubble:vworld_sgis_20250630:23070630","properties":{"geometry_zone_id":"vworld_sgis_20250630:23070630","current_district_name_20260701":"계양구","current_admin_dong_names_20260701":["계양1동"],"current_admin_dong_count":1,"map_unit_status":"exact","aggregation_required":false,"population_reference_date":"2026-06-30","household_reference_date":"2026-07-31","metric_name":"one_person_households_age_65_plus","metric_label_ko":"65세 이상 1인 가구 수 (관측)","metric_value":1090,"metric_is_observed_count":true,"interpretation":"관측된 65세 이상 1인 가구 규모이며 복지 미수급자 수 또는 고독사 위험자 수가 아님","representative_point_method":"shapely_representative_point_within_polygon_wgs84"},"geometry":{"type":"Point","coordinates":[126.72108716,37.56694247]}},{"type":"Feature","id":"bubble:vworld_sgis_20250630:23070640","properties":{"geometry_zone_id":"vworld_sgis_20250630:23070640","current_district_name_20260701":"계양구","current_admin_dong_names_20260701":["계양3동"],"current_admin_dong_count":1,"map_unit_status":"exact","aggregation_required":false,"population_reference_date":"2026-06-30","household_reference_date":"2026-07-31","metric_name":"one_person_households_age_65_plus","metric_label_ko":"65세 이상 1인 가구 수 (관측)","metric_value":1023,"metric_is_observed_count":true,"interpretation":"관측된 65세 이상 1인 가구 규모이며 복지 미수급자 수 또는 고독사 위험자 수가 아님","representative_point_method":"shapely_representative_point_within_polygon_wgs84"},"geometry":{"type":"Point","coordinates":[126.75835162,37.56760619]}},{"type":"Feature","id":"bubble:vworld_sgis_20250630:23080510","properties":{"geometry_zone_id":"vworld_sgis_20250630:23080510","current_district_name_20260701":"서해구","current_admin_dong_names_20260701":["검암경서동"],"current_admin_dong_count":1,"map_unit_status":"exact","aggregation_required":false,"population_reference_date":"2026-06-30","household_reference_date":"2026-07-31","metric_name":"one_person_households_age_65_plus","metric_label_ko":"65세 이상 1인 가구 수 (관측)","metric_value":1427,"metric_is_observed_count":true,"interpretation":"관측된 65세 이상 1인 가구 규모이며 복지 미수급자 수 또는 고독사 위험자 수가 아님","representative_point_method":"shapely_representative_point_within_polygon_wgs84"},"geometry":{"type":"Point","coordinates":[126.66988038,37.56513624]}},{"type":"Feature","id":"bubble:vworld_sgis_20250630:23080531","properties":{"geometry_zone_id":"vworld_sgis_20250630:23080531","current_district_name_20260701":"서해구","current_admin_dong_names_20260701":["연희동"],"current_admin_dong_count":1,"map_unit_status":"exact","aggregation_required":false,"population_reference_date":"2026-06-30","household_reference_date":"2026-07-31","metric_name":"one_person_households_age_65_plus","metric_label_ko":"65세 이상 1인 가구 수 (관측)","metric_value":2854,"metric_is_observed_count":true,"interpretation":"관측된 65세 이상 1인 가구 규모이며 복지 미수급자 수 또는 고독사 위험자 수가 아님","representative_point_method":"shapely_representative_point_within_polygon_wgs84"},"geometry":{"type":"Point","coordinates":[126.68256096,37.54848322]}},{"type":"Feature","id":"bubble:vworld_sgis_20250630:23080541","properties":{"geometry_zone_id":"vworld_sgis_20250630:23080541","current_district_name_20260701":"서해구","current_admin_dong_names_20260701":["가정1동"],"current_admin_dong_count":1,"map_unit_status":"exact","aggregation_required":false,"population_reference_date":"2026-06-30","household_reference_date":"2026-07-31","metric_name":"one_person_households_age_65_plus","metric_label_ko":"65세 이상 1인 가구 수 (관측)","metric_value":1830,"metric_is_observed_count":true,"interpretation":"관측된 65세 이상 1인 가구 규모이며 복지 미수급자 수 또는 고독사 위험자 수가 아님","representative_point_method":"shapely_representative_point_within_polygon_wgs84"},"geometry":{"type":"Point","coordinates":[126.66952179,37.52633985]}},{"type":"Feature","id":"bubble:vworld_sgis_20250630:23080550","properties":{"geometry_zone_id":"vworld_sgis_20250630:23080550","current_district_name_20260701":"서해구","current_admin_dong_names_20260701":["가정2동"],"current_admin_dong_count":1,"map_unit_status":"exact","aggregation_required":false,"population_reference_date":"2026-06-30","household_reference_date":"2026-07-31","metric_name":"one_person_households_age_65_plus","metric_label_ko":"65세 이상 1인 가구 수 (관측)","metric_value":428,"metric_is_observed_count":true,"interpretation":"관측된 65세 이상 1인 가구 규모이며 복지 미수급자 수 또는 고독사 위험자 수가 아님","representative_point_method":"shapely_representative_point_within_polygon_wgs84"},"geometry":{"type":"Point","coordinates":[126.681701,37.52942542]}},{"type":"Feature","id":"bubble:vworld_sgis_20250630:23080560","properties":{"geometry_zone_id":"vworld_sgis_20250630:23080560","current_district_name_20260701":"서해구","current_admin_dong_names_20260701":["가정3동"],"current_admin_dong_count":1,"map_unit_status":"exact","aggregation_required":false,"population_reference_date":"2026-06-30","household_reference_date":"2026-07-31","metric_name":"one_person_households_age_65_plus","metric_label_ko":"65세 이상 1인 가구 수 (관측)","metric_value":567,"metric_is_observed_count":true,"interpretation":"관측된 65세 이상 1인 가구 규모이며 복지 미수급자 수 또는 고독사 위험자 수가 아님","representative_point_method":"shapely_representative_point_within_polygon_wgs84"},"geometry":{"type":"Point","coordinates":[126.68068057,37.51785061]}},{"type":"Feature","id":"bubble:vworld_sgis_20250630:23080580","properties":{"geometry_zone_id":"vworld_sgis_20250630:23080580","current_district_name_20260701":"서해구","current_admin_dong_names_20260701":["석남1동"],"current_admin_dong_count":1,"map_unit_status":"exact","aggregation_required":false,"population_reference_date":"2026-06-30","household_reference_date":"2026-07-31","metric_name":"one_person_households_age_65_plus","metric_label_ko":"65세 이상 1인 가구 수 (관측)","metric_value":1658,"metric_is_observed_count":true,"interpretation":"관측된 65세 이상 1인 가구 규모이며 복지 미수급자 수 또는 고독사 위험자 수가 아님","representative_point_method":"shapely_representative_point_within_polygon_wgs84"},"geometry":{"type":"Point","coordinates":[126.6684411,37.51001107]}},{"type":"Feature","id":"bubble:vworld_sgis_20250630:23080590","properties":{"geometry_zone_id":"vworld_sgis_20250630:23080590","current_district_name_20260701":"서해구","current_admin_dong_names_20260701":["석남2동"],"current_admin_dong_count":1,"map_unit_status":"exact","aggregation_required":false,"population_reference_date":"2026-06-30","household_reference_date":"2026-07-31","metric_name":"one_person_households_age_65_plus","metric_label_ko":"65세 이상 1인 가구 수 (관측)","metric_value":902,"metric_is_observed_count":true,"interpretation":"관측된 65세 이상 1인 가구 규모이며 복지 미수급자 수 또는 고독사 위험자 수가 아님","representative_point_method":"shapely_representative_point_within_polygon_wgs84"},"geometry":{"type":"Point","coordinates":[126.65841582,37.50370899]}},{"type":"Feature","id":"bubble:vworld_sgis_20250630:23080600","properties":{"geometry_zone_id":"vworld_sgis_20250630:23080600","current_district_name_20260701":"서해구","current_admin_dong_names_20260701":["석남3동"],"current_admin_dong_count":1,"map_unit_status":"exact","aggregation_required":false,"population_reference_date":"2026-06-30","household_reference_date":"2026-07-31","metric_name":"one_person_households_age_65_plus","metric_label_ko":"65세 이상 1인 가구 수 (관측)","metric_value":1073,"metric_is_observed_count":true,"interpretation":"관측된 65세 이상 1인 가구 규모이며 복지 미수급자 수 또는 고독사 위험자 수가 아님","representative_point_method":"shapely_representative_point_within_polygon_wgs84"},"geometry":{"type":"Point","coordinates":[126.68249374,37.50598832]}},{"type":"Feature","id":"bubble:vworld_sgis_20250630:23080620","properties":{"geometry_zone_id":"vworld_sgis_20250630:23080620","current_district_name_20260701":"서해구","current_admin_dong_names_20260701":["가좌1동"],"current_admin_dong_count":1,"map_unit_status":"exact","aggregation_required":false,"population_reference_date":"2026-06-30","household_reference_date":"2026-07-31","metric_name":"one_person_households_age_65_plus","metric_label_ko":"65세 이상 1인 가구 수 (관측)","metric_value":1048,"metric_is_observed_count":true,"interpretation":"관측된 65세 이상 1인 가구 규모이며 복지 미수급자 수 또는 고독사 위험자 수가 아님","representative_point_method":"shapely_representative_point_within_polygon_wgs84"},"geometry":{"type":"Point","coordinates":[126.66652833,37.48643951]}},{"type":"Feature","id":"bubble:vworld_sgis_20250630:23080630","properties":{"geometry_zone_id":"vworld_sgis_20250630:23080630","current_district_name_20260701":"서해구","current_admin_dong_names_20260701":["가좌2동"],"current_admin_dong_count":1,"map_unit_status":"exact","aggregation_required":false,"population_reference_date":"2026-06-30","household_reference_date":"2026-07-31","metric_name":"one_person_households_age_65_plus","metric_label_ko":"65세 이상 1인 가구 수 (관측)","metric_value":958,"metric_is_observed_count":true,"interpretation":"관측된 65세 이상 1인 가구 규모이며 복지 미수급자 수 또는 고독사 위험자 수가 아님","representative_point_method":"shapely_representative_point_within_polygon_wgs84"},"geometry":{"type":"Point","coordinates":[126.68763761,37.49586041]}},{"type":"Feature","id":"bubble:vworld_sgis_20250630:23080640","properties":{"geometry_zone_id":"vworld_sgis_20250630:23080640","current_district_name_20260701":"서해구","current_admin_dong_names_20260701":["가좌3동"],"current_admin_dong_count":1,"map_unit_status":"exact","aggregation_required":false,"population_reference_date":"2026-06-30","household_reference_date":"2026-07-31","metric_name":"one_person_households_age_65_plus","metric_label_ko":"65세 이상 1인 가구 수 (관측)","metric_value":1339,"metric_is_observed_count":true,"interpretation":"관측된 65세 이상 1인 가구 규모이며 복지 미수급자 수 또는 고독사 위험자 수가 아님","representative_point_method":"shapely_representative_point_within_polygon_wgs84"},"geometry":{"type":"Point","coordinates":[126.67760167,37.48839334]}},{"type":"Feature","id":"bubble:vworld_sgis_20250630:23080650","properties":{"geometry_zone_id":"vworld_sgis_20250630:23080650","current_district_name_20260701":"서해구","current_admin_dong_names_20260701":["가좌4동"],"current_admin_dong_count":1,"map_unit_status":"exact","aggregation_required":false,"population_reference_date":"2026-06-30","household_reference_date":"2026-07-31","metric_name":"one_person_households_age_65_plus","metric_label_ko":"65세 이상 1인 가구 수 (관측)","metric_value":797,"metric_is_observed_count":true,"interpretation":"관측된 65세 이상 1인 가구 규모이며 복지 미수급자 수 또는 고독사 위험자 수가 아님","representative_point_method":"shapely_representative_point_within_polygon_wgs84"},"geometry":{"type":"Point","coordinates":[126.68915095,37.48595112]}},{"type":"Feature","id":"bubble:vworld_sgis_20250630:23080730","properties":{"geometry_zone_id":"vworld_sgis_20250630:23080730","current_district_name_20260701":"서해구","current_admin_dong_names_20260701":["신현원창동"],"current_admin_dong_count":1,"map_unit_status":"exact","aggregation_required":false,"population_reference_date":"2026-06-30","household_reference_date":"2026-07-31","metric_name":"one_person_households_age_65_plus","metric_label_ko":"65세 이상 1인 가구 수 (관측)","metric_value":1391,"metric_is_observed_count":true,"interpretation":"관측된 65세 이상 1인 가구 규모이며 복지 미수급자 수 또는 고독사 위험자 수가 아님","representative_point_method":"shapely_representative_point_within_polygon_wgs84"},"geometry":{"type":"Point","coordinates":[126.63272893,37.51085523]}},{"type":"Feature","id":"bubble:vworld_sgis_20250630:23080740","properties":{"geometry_zone_id":"vworld_sgis_20250630:23080740","current_district_name_20260701":"서해구","current_admin_dong_names_20260701":["청라1동"],"current_admin_dong_count":1,"map_unit_status":"exact","aggregation_required":false,"population_reference_date":"2026-06-30","household_reference_date":"2026-07-31","metric_name":"one_person_households_age_65_plus","metric_label_ko":"65세 이상 1인 가구 수 (관측)","metric_value":415,"metric_is_observed_count":true,"interpretation":"관측된 65세 이상 1인 가구 규모이며 복지 미수급자 수 또는 고독사 위험자 수가 아님","representative_point_method":"shapely_representative_point_within_polygon_wgs84"},"geometry":{"type":"Point","coordinates":[126.65613702,37.53003936]}},{"type":"Feature","id":"bubble:vworld_sgis_20250630:23080780","properties":{"geometry_zone_id":"vworld_sgis_20250630:23080780","current_district_name_20260701":"서해구","current_admin_dong_names_20260701":["청라2동"],"current_admin_dong_count":1,"map_unit_status":"exact","aggregation_required":false,"population_reference_date":"2026-06-30","household_reference_date":"2026-07-31","metric_name":"one_person_households_age_65_plus","metric_label_ko":"65세 이상 1인 가구 수 (관측)","metric_value":750,"metric_is_observed_count":true,"interpretation":"관측된 65세 이상 1인 가구 규모이며 복지 미수급자 수 또는 고독사 위험자 수가 아님","representative_point_method":"shapely_representative_point_within_polygon_wgs84"},"geometry":{"type":"Point","coordinates":[126.64093501,37.53529634]}},{"type":"Feature","id":"bubble:vworld_sgis_20250630:23080790","properties":{"geometry_zone_id":"vworld_sgis_20250630:23080790","current_district_name_20260701":"서해구","current_admin_dong_names_20260701":["청라3동"],"current_admin_dong_count":1,"map_unit_status":"exact","aggregation_required":false,"population_reference_date":"2026-06-30","household_reference_date":"2026-07-31","metric_name":"one_person_households_age_65_plus","metric_label_ko":"65세 이상 1인 가구 수 (관측)","metric_value":356,"metric_is_observed_count":true,"interpretation":"관측된 65세 이상 1인 가구 규모이며 복지 미수급자 수 또는 고독사 위험자 수가 아님","representative_point_method":"shapely_representative_point_within_polygon_wgs84"},"geometry":{"type":"Point","coordinates":[126.61571415,37.53596109]}},{"type":"Feature","id":"bubble:vworld_sgis_20250630:23080800","properties":{"geometry_zone_id":"vworld_sgis_20250630:23080800","current_district_name_20260701":"검단구","current_admin_dong_names_20260701":["검단동"],"current_admin_dong_count":1,"map_unit_status":"exact","aggregation_required":false,"population_reference_date":"2026-06-30","household_reference_date":"2026-07-31","metric_name":"one_person_households_age_65_plus","metric_label_ko":"65세 이상 1인 가구 수 (관측)","metric_value":1723,"metric_is_observed_count":true,"interpretation":"관측된 65세 이상 1인 가구 규모이며 복지 미수급자 수 또는 고독사 위험자 수가 아님","representative_point_method":"shapely_representative_point_within_polygon_wgs84"},"geometry":{"type":"Point","coordinates":[126.64902304,37.61367224]}},{"type":"Feature","id":"bubble:vworld_sgis_20250630:23080810","properties":{"geometry_zone_id":"vworld_sgis_20250630:23080810","current_district_name_20260701":"검단구","current_admin_dong_names_20260701":["불로대곡동"],"current_admin_dong_count":1,"map_unit_status":"exact","aggregation_required":false,"population_reference_date":"2026-06-30","household_reference_date":"2026-07-31","metric_name":"one_person_households_age_65_plus","metric_label_ko":"65세 이상 1인 가구 수 (관측)","metric_value":1180,"metric_is_observed_count":true,"interpretation":"관측된 65세 이상 1인 가구 규모이며 복지 미수급자 수 또는 고독사 위험자 수가 아님","representative_point_method":"shapely_representative_point_within_polygon_wgs84"},"geometry":{"type":"Point","coordinates":[126.67890038,37.61824805]}},{"type":"Feature","id":"bubble:vworld_sgis_20250630:23080840","properties":{"geometry_zone_id":"vworld_sgis_20250630:23080840","current_district_name_20260701":"검단구","current_admin_dong_names_20260701":["오류왕길동"],"current_admin_dong_count":1,"map_unit_status":"exact","aggregation_required":false,"population_reference_date":"2026-06-30","household_reference_date":"2026-07-31","metric_name":"one_person_households_age_65_plus","metric_label_ko":"65세 이상 1인 가구 수 (관측)","metric_value":1161,"metric_is_observed_count":true,"interpretation":"관측된 65세 이상 1인 가구 규모이며 복지 미수급자 수 또는 고독사 위험자 수가 아님","representative_point_method":"shapely_representative_point_within_polygon_wgs84"},"geometry":{"type":"Point","coordinates":[126.61422013,37.57995442]}},{"type":"Feature","id":"bubble:vworld_sgis_20250630:23080850","properties":{"geometry_zone_id":"vworld_sgis_20250630:23080850","current_district_name_20260701":"검단구","current_admin_dong_names_20260701":["당하동"],"current_admin_dong_count":1,"map_unit_status":"exact","aggregation_required":false,"population_reference_date":"2026-06-30","household_reference_date":"2026-07-31","metric_name":"one_person_households_age_65_plus","metric_label_ko":"65세 이상 1인 가구 수 (관측)","metric_value":1598,"metric_is_observed_count":true,"interpretation":"관측된 65세 이상 1인 가구 규모이며 복지 미수급자 수 또는 고독사 위험자 수가 아님","representative_point_method":"shapely_representative_point_within_polygon_wgs84"},"geometry":{"type":"Point","coordinates":[126.67745957,37.58827573]}},{"type":"Feature","id":"bubble:vworld_sgis_20250630:23080860","properties":{"geometry_zone_id":"vworld_sgis_20250630:23080860","current_district_name_20260701":"검단구","current_admin_dong_names_20260701":["마전동"],"current_admin_dong_count":1,"map_unit_status":"exact","aggregation_required":false,"population_reference_date":"2026-06-30","household_reference_date":"2026-07-31","metric_name":"one_person_households_age_65_plus","metric_label_ko":"65세 이상 1인 가구 수 (관측)","metric_value":588,"metric_is_observed_count":true,"interpretation":"관측된 65세 이상 1인 가구 규모이며 복지 미수급자 수 또는 고독사 위험자 수가 아님","representative_point_method":"shapely_representative_point_within_polygon_wgs84"},"geometry":{"type":"Point","coordinates":[126.67006971,37.59705015]}},{"type":"Feature","id":"bubble:vworld_sgis_20250630:23080870","properties":{"geometry_zone_id":"vworld_sgis_20250630:23080870","current_district_name_20260701":"검단구","current_admin_dong_names_20260701":["원당동"],"current_admin_dong_count":1,"map_unit_status":"exact","aggregation_required":false,"population_reference_date":"2026-06-30","household_reference_date":"2026-07-31","metric_name":"one_person_households_age_65_plus","metric_label_ko":"65세 이상 1인 가구 수 (관측)","metric_value":928,"metric_is_observed_count":true,"interpretation":"관측된 65세 이상 1인 가구 규모이며 복지 미수급자 수 또는 고독사 위험자 수가 아님","representative_point_method":"shapely_representative_point_within_polygon_wgs84"},"geometry":{"type":"Point","coordinates":[126.69413235,37.59241228]}},{"type":"Feature","id":"bubble:vworld_sgis_20250630:23080880","properties":{"geometry_zone_id":"vworld_sgis_20250630:23080880","current_district_name_20260701":"검단구","current_admin_dong_names_20260701":["아라1동","아라2동"],"current_admin_dong_count":2,"map_unit_status":"aggregated_split","aggregation_required":true,"population_reference_date":"2026-06-30","household_reference_date":"2026-07-31","metric_name":"one_person_households_age_65_plus","metric_label_ko":"65세 이상 1인 가구 수 (관측)","metric_value":1267,"metric_is_observed_count":true,"interpretation":"관측된 65세 이상 1인 가구 규모이며 복지 미수급자 수 또는 고독사 위험자 수가 아님","representative_point_method":"shapely_representative_point_within_polygon_wgs84"},"geometry":{"type":"Point","coordinates":[126.7120211,37.5915273]}},{"type":"Feature","id":"bubble:vworld_sgis_20250630:23090520","properties":{"geometry_zone_id":"vworld_sgis_20250630:23090520","current_district_name_20260701":"미추홀구","current_admin_dong_names_20260701":["숭의2동"],"current_admin_dong_count":1,"map_unit_status":"exact","aggregation_required":false,"population_reference_date":"2026-06-30","household_reference_date":"2026-07-31","metric_name":"one_person_households_age_65_plus","metric_label_ko":"65세 이상 1인 가구 수 (관측)","metric_value":1218,"metric_is_observed_count":true,"interpretation":"관측된 65세 이상 1인 가구 규모이며 복지 미수급자 수 또는 고독사 위험자 수가 아님","representative_point_method":"shapely_representative_point_within_polygon_wgs84"},"geometry":{"type":"Point","coordinates":[126.64724997,37.46103199]}},{"type":"Feature","id":"bubble:vworld_sgis_20250630:23090540","properties":{"geometry_zone_id":"vworld_sgis_20250630:23090540","current_district_name_20260701":"미추홀구","current_admin_dong_names_20260701":["숭의4동"],"current_admin_dong_count":1,"map_unit_status":"exact","aggregation_required":false,"population_reference_date":"2026-06-30","household_reference_date":"2026-07-31","metric_name":"one_person_households_age_65_plus","metric_label_ko":"65세 이상 1인 가구 수 (관측)","metric_value":1426,"metric_is_observed_count":true,"interpretation":"관측된 65세 이상 1인 가구 규모이며 복지 미수급자 수 또는 고독사 위험자 수가 아님","representative_point_method":"shapely_representative_point_within_polygon_wgs84"},"geometry":{"type":"Point","coordinates":[126.65700965,37.46224471]}},{"type":"Feature","id":"bubble:vworld_sgis_20250630:23090560","properties":{"geometry_zone_id":"vworld_sgis_20250630:23090560","current_district_name_20260701":"미추홀구","current_admin_dong_names_20260701":["용현2동"],"current_admin_dong_count":1,"map_unit_status":"exact","aggregation_required":false,"population_reference_date":"2026-06-30","household_reference_date":"2026-07-31","metric_name":"one_person_households_age_65_plus","metric_label_ko":"65세 이상 1인 가구 수 (관측)","metric_value":1282,"metric_is_observed_count":true,"interpretation":"관측된 65세 이상 1인 가구 규모이며 복지 미수급자 수 또는 고독사 위험자 수가 아님","representative_point_method":"shapely_representative_point_within_polygon_wgs84"},"geometry":{"type":"Point","coordinates":[126.64302248,37.45669001]}},{"type":"Feature","id":"bubble:vworld_sgis_20250630:23090570","properties":{"geometry_zone_id":"vworld_sgis_20250630:23090570","current_district_name_20260701":"미추홀구","current_admin_dong_names_20260701":["용현3동"],"current_admin_dong_count":1,"map_unit_status":"exact","aggregation_required":false,"population_reference_date":"2026-06-30","household_reference_date":"2026-07-31","metric_name":"one_person_households_age_65_plus","metric_label_ko":"65세 이상 1인 가구 수 (관측)","metric_value":946,"metric_is_observed_count":true,"interpretation":"관측된 65세 이상 1인 가구 규모이며 복지 미수급자 수 또는 고독사 위험자 수가 아님","representative_point_method":"shapely_representative_point_within_polygon_wgs84"},"geometry":{"type":"Point","coordinates":[126.65280484,37.45596507]}},{"type":"Feature","id":"bubble:vworld_sgis_20250630:23090590","properties":{"geometry_zone_id":"vworld_sgis_20250630:23090590","current_district_name_20260701":"미추홀구","current_admin_dong_names_20260701":["용현5동"],"current_admin_dong_count":1,"map_unit_status":"exact","aggregation_required":false,"population_reference_date":"2026-06-30","household_reference_date":"2026-07-31","metric_name":"one_person_households_age_65_plus","metric_label_ko":"65세 이상 1인 가구 수 (관측)","metric_value":2115,"metric_is_observed_count":true,"interpretation":"관측된 65세 이상 1인 가구 규모이며 복지 미수급자 수 또는 고독사 위험자 수가 아님","representative_point_method":"shapely_representative_point_within_polygon_wgs84"},"geometry":{"type":"Point","coordinates":[126.64028309,37.44944164]}},{"type":"Feature","id":"bubble:vworld_sgis_20250630:23090600","properties":{"geometry_zone_id":"vworld_sgis_20250630:23090600","current_district_name_20260701":"미추홀구","current_admin_dong_names_20260701":["학익1동"],"current_admin_dong_count":1,"map_unit_status":"exact","aggregation_required":false,"population_reference_date":"2026-06-30","household_reference_date":"2026-07-31","metric_name":"one_person_households_age_65_plus","metric_label_ko":"65세 이상 1인 가구 수 (관측)","metric_value":1473,"metric_is_observed_count":true,"interpretation":"관측된 65세 이상 1인 가구 규모이며 복지 미수급자 수 또는 고독사 위험자 수가 아님","representative_point_method":"shapely_representative_point_within_polygon_wgs84"},"geometry":{"type":"Point","coordinates":[126.65097059,37.43997803]}},{"type":"Feature","id":"bubble:vworld_sgis_20250630:23090610","properties":{"geometry_zone_id":"vworld_sgis_20250630:23090610","current_district_name_20260701":"미추홀구","current_admin_dong_names_20260701":["학익2동"],"current_admin_dong_count":1,"map_unit_status":"exact","aggregation_required":false,"population_reference_date":"2026-06-30","household_reference_date":"2026-07-31","metric_name":"one_person_households_age_65_plus","metric_label_ko":"65세 이상 1인 가구 수 (관측)","metric_value":1367,"metric_is_observed_count":true,"interpretation":"관측된 65세 이상 1인 가구 규모이며 복지 미수급자 수 또는 고독사 위험자 수가 아님","representative_point_method":"shapely_representative_point_within_polygon_wgs84"},"geometry":{"type":"Point","coordinates":[126.67149691,37.44322312]}},{"type":"Feature","id":"bubble:vworld_sgis_20250630:23090620","properties":{"geometry_zone_id":"vworld_sgis_20250630:23090620","current_district_name_20260701":"미추홀구","current_admin_dong_names_20260701":["도화1동"],"current_admin_dong_count":1,"map_unit_status":"exact","aggregation_required":false,"population_reference_date":"2026-06-30","household_reference_date":"2026-07-31","metric_name":"one_person_households_age_65_plus","metric_label_ko":"65세 이상 1인 가구 수 (관측)","metric_value":1679,"metric_is_observed_count":true,"interpretation":"관측된 65세 이상 1인 가구 규모이며 복지 미수급자 수 또는 고독사 위험자 수가 아님","representative_point_method":"shapely_representative_point_within_polygon_wgs84"},"geometry":{"type":"Point","coordinates":[126.67030655,37.46173018]}},{"type":"Feature","id":"bubble:vworld_sgis_20250630:23090650","properties":{"geometry_zone_id":"vworld_sgis_20250630:23090650","current_district_name_20260701":"미추홀구","current_admin_dong_names_20260701":["주안1동"],"current_admin_dong_count":1,"map_unit_status":"exact","aggregation_required":false,"population_reference_date":"2026-06-30","household_reference_date":"2026-07-31","metric_name":"one_person_households_age_65_plus","metric_label_ko":"65세 이상 1인 가구 수 (관측)","metric_value":1152,"metric_is_observed_count":true,"interpretation":"관측된 65세 이상 1인 가구 규모이며 복지 미수급자 수 또는 고독사 위험자 수가 아님","representative_point_method":"shapely_representative_point_within_polygon_wgs84"},"geometry":{"type":"Point","coordinates":[126.68176255,37.46205399]}},{"type":"Feature","id":"bubble:vworld_sgis_20250630:23090660","properties":{"geometry_zone_id":"vworld_sgis_20250630:23090660","current_district_name_20260701":"미추홀구","current_admin_dong_names_20260701":["주안2동"],"current_admin_dong_count":1,"map_unit_status":"exact","aggregation_required":false,"population_reference_date":"2026-06-30","household_reference_date":"2026-07-31","metric_name":"one_person_households_age_65_plus","metric_label_ko":"65세 이상 1인 가구 수 (관측)","metric_value":1760,"metric_is_observed_count":true,"interpretation":"관측된 65세 이상 1인 가구 규모이며 복지 미수급자 수 또는 고독사 위험자 수가 아님","representative_point_method":"shapely_representative_point_within_polygon_wgs84"},"geometry":{"type":"Point","coordinates":[126.67293976,37.45632872]}},{"type":"Feature","id":"bubble:vworld_sgis_20250630:23090670","properties":{"geometry_zone_id":"vworld_sgis_20250630:23090670","current_district_name_20260701":"미추홀구","current_admin_dong_names_20260701":["주안3동"],"current_admin_dong_count":1,"map_unit_status":"exact","aggregation_required":false,"population_reference_date":"2026-06-30","household_reference_date":"2026-07-31","metric_name":"one_person_households_age_65_plus","metric_label_ko":"65세 이상 1인 가구 수 (관측)","metric_value":1014,"metric_is_observed_count":true,"interpretation":"관측된 65세 이상 1인 가구 규모이며 복지 미수급자 수 또는 고독사 위험자 수가 아님","representative_point_method":"shapely_representative_point_within_polygon_wgs84"},"geometry":{"type":"Point","coordinates":[126.67095831,37.44911277]}},{"type":"Feature","id":"bubble:vworld_sgis_20250630:23090680","properties":{"geometry_zone_id":"vworld_sgis_20250630:23090680","current_district_name_20260701":"미추홀구","current_admin_dong_names_20260701":["주안4동"],"current_admin_dong_count":1,"map_unit_status":"exact","aggregation_required":false,"population_reference_date":"2026-06-30","household_reference_date":"2026-07-31","metric_name":"one_person_households_age_65_plus","metric_label_ko":"65세 이상 1인 가구 수 (관측)","metric_value":1602,"metric_is_observed_count":true,"interpretation":"관측된 65세 이상 1인 가구 규모이며 복지 미수급자 수 또는 고독사 위험자 수가 아님","representative_point_method":"shapely_representative_point_within_polygon_wgs84"},"geometry":{"type":"Point","coordinates":[126.68746867,37.45507213]}},{"type":"Feature","id":"bubble:vworld_sgis_20250630:23090690","properties":{"geometry_zone_id":"vworld_sgis_20250630:23090690","current_district_name_20260701":"미추홀구","current_admin_dong_names_20260701":["주안5동"],"current_admin_dong_count":1,"map_unit_status":"exact","aggregation_required":false,"population_reference_date":"2026-06-30","household_reference_date":"2026-07-31","metric_name":"one_person_households_age_65_plus","metric_label_ko":"65세 이상 1인 가구 수 (관측)","metric_value":1624,"metric_is_observed_count":true,"interpretation":"관측된 65세 이상 1인 가구 규모이며 복지 미수급자 수 또는 고독사 위험자 수가 아님","representative_point_method":"shapely_representative_point_within_polygon_wgs84"},"geometry":{"type":"Point","coordinates":[126.6795585,37.47055268]}},{"type":"Feature","id":"bubble:vworld_sgis_20250630:23090700","properties":{"geometry_zone_id":"vworld_sgis_20250630:23090700","current_district_name_20260701":"미추홀구","current_admin_dong_names_20260701":["주안6동"],"current_admin_dong_count":1,"map_unit_status":"exact","aggregation_required":false,"population_reference_date":"2026-06-30","household_reference_date":"2026-07-31","metric_name":"one_person_households_age_65_plus","metric_label_ko":"65세 이상 1인 가구 수 (관측)","metric_value":1416,"metric_is_observed_count":true,"interpretation":"관측된 65세 이상 1인 가구 규모이며 복지 미수급자 수 또는 고독사 위험자 수가 아님","representative_point_method":"shapely_representative_point_within_polygon_wgs84"},"geometry":{"type":"Point","coordinates":[126.69088457,37.46046281]}},{"type":"Feature","id":"bubble:vworld_sgis_20250630:23090710","properties":{"geometry_zone_id":"vworld_sgis_20250630:23090710","current_district_name_20260701":"미추홀구","current_admin_dong_names_20260701":["주안7동"],"current_admin_dong_count":1,"map_unit_status":"exact","aggregation_required":false,"population_reference_date":"2026-06-30","household_reference_date":"2026-07-31","metric_name":"one_person_households_age_65_plus","metric_label_ko":"65세 이상 1인 가구 수 (관측)","metric_value":1255,"metric_is_observed_count":true,"interpretation":"관측된 65세 이상 1인 가구 규모이며 복지 미수급자 수 또는 고독사 위험자 수가 아님","representative_point_method":"shapely_representative_point_within_polygon_wgs84"},"geometry":{"type":"Point","coordinates":[126.67772643,37.44678486]}},{"type":"Feature","id":"bubble:vworld_sgis_20250630:23090720","properties":{"geometry_zone_id":"vworld_sgis_20250630:23090720","current_district_name_20260701":"미추홀구","current_admin_dong_names_20260701":["주안8동"],"current_admin_dong_count":1,"map_unit_status":"exact","aggregation_required":false,"population_reference_date":"2026-06-30","household_reference_date":"2026-07-31","metric_name":"one_person_households_age_65_plus","metric_label_ko":"65세 이상 1인 가구 수 (관측)","metric_value":1445,"metric_is_observed_count":true,"interpretation":"관측된 65세 이상 1인 가구 규모이며 복지 미수급자 수 또는 고독사 위험자 수가 아님","representative_point_method":"shapely_representative_point_within_polygon_wgs84"},"geometry":{"type":"Point","coordinates":[126.68432188,37.44626047]}},{"type":"Feature","id":"bubble:vworld_sgis_20250630:23090730","properties":{"geometry_zone_id":"vworld_sgis_20250630:23090730","current_district_name_20260701":"미추홀구","current_admin_dong_names_20260701":["관교동"],"current_admin_dong_count":1,"map_unit_status":"exact","aggregation_required":false,"population_reference_date":"2026-06-30","household_reference_date":"2026-07-31","metric_name":"one_person_households_age_65_plus","metric_label_ko":"65세 이상 1인 가구 수 (관측)","metric_value":837,"metric_is_observed_count":true,"interpretation":"관측된 65세 이상 1인 가구 규모이며 복지 미수급자 수 또는 고독사 위험자 수가 아님","representative_point_method":"shapely_representative_point_within_polygon_wgs84"},"geometry":{"type":"Point","coordinates":[126.69676756,37.44302698]}},{"type":"Feature","id":"bubble:vworld_sgis_20250630:23090740","properties":{"geometry_zone_id":"vworld_sgis_20250630:23090740","current_district_name_20260701":"미추홀구","current_admin_dong_names_20260701":["문학동"],"current_admin_dong_count":1,"map_unit_status":"exact","aggregation_required":false,"population_reference_date":"2026-06-30","household_reference_date":"2026-07-31","metric_name":"one_person_households_age_65_plus","metric_label_ko":"65세 이상 1인 가구 수 (관측)","metric_value":952,"metric_is_observed_count":true,"interpretation":"관측된 65세 이상 1인 가구 규모이며 복지 미수급자 수 또는 고독사 위험자 수가 아님","representative_point_method":"shapely_representative_point_within_polygon_wgs84"},"geometry":{"type":"Point","coordinates":[126.68588752,37.43659792]}},{"type":"Feature","id":"bubble:vworld_sgis_20250630:23090750","properties":{"geometry_zone_id":"vworld_sgis_20250630:23090750","current_district_name_20260701":"미추홀구","current_admin_dong_names_20260701":["숭의1.3동"],"current_admin_dong_count":1,"map_unit_status":"exact","aggregation_required":false,"population_reference_date":"2026-06-30","household_reference_date":"2026-07-31","metric_name":"one_person_households_age_65_plus","metric_label_ko":"65세 이상 1인 가구 수 (관측)","metric_value":1070,"metric_is_observed_count":true,"interpretation":"관측된 65세 이상 1인 가구 규모이며 복지 미수급자 수 또는 고독사 위험자 수가 아님","representative_point_method":"shapely_representative_point_within_polygon_wgs84"},"geometry":{"type":"Point","coordinates":[126.64419482,37.46420925]}},{"type":"Feature","id":"bubble:vworld_sgis_20250630:23090760","properties":{"geometry_zone_id":"vworld_sgis_20250630:23090760","current_district_name_20260701":"미추홀구","current_admin_dong_names_20260701":["용현1.4동"],"current_admin_dong_count":1,"map_unit_status":"exact","aggregation_required":false,"population_reference_date":"2026-06-30","household_reference_date":"2026-07-31","metric_name":"one_person_households_age_65_plus","metric_label_ko":"65세 이상 1인 가구 수 (관측)","metric_value":1597,"metric_is_observed_count":true,"interpretation":"관측된 65세 이상 1인 가구 규모이며 복지 미수급자 수 또는 고독사 위험자 수가 아님","representative_point_method":"shapely_representative_point_within_polygon_wgs84"},"geometry":{"type":"Point","coordinates":[126.65962044,37.45230442]}},{"type":"Feature","id":"bubble:vworld_sgis_20250630:23090770","properties":{"geometry_zone_id":"vworld_sgis_20250630:23090770","current_district_name_20260701":"미추홀구","current_admin_dong_names_20260701":["도화2.3동"],"current_admin_dong_count":1,"map_unit_status":"exact","aggregation_required":false,"population_reference_date":"2026-06-30","household_reference_date":"2026-07-31","metric_name":"one_person_households_age_65_plus","metric_label_ko":"65세 이상 1인 가구 수 (관측)","metric_value":1521,"metric_is_observed_count":true,"interpretation":"관측된 65세 이상 1인 가구 규모이며 복지 미수급자 수 또는 고독사 위험자 수가 아님","representative_point_method":"shapely_representative_point_within_polygon_wgs84"},"geometry":{"type":"Point","coordinates":[126.66297512,37.47482939]}},{"type":"Feature","id":"bubble:vworld_sgis_20250630:23510110","properties":{"geometry_zone_id":"vworld_sgis_20250630:23510110","current_district_name_20260701":"강화군","current_admin_dong_names_20260701":["강화읍"],"current_admin_dong_count":1,"map_unit_status":"exact","aggregation_required":false,"population_reference_date":"2026-06-30","household_reference_date":"2026-07-31","metric_name":"one_person_households_age_65_plus","metric_label_ko":"65세 이상 1인 가구 수 (관측)","metric_value":2284,"metric_is_observed_count":true,"interpretation":"관측된 65세 이상 1인 가구 규모이며 복지 미수급자 수 또는 고독사 위험자 수가 아님","representative_point_method":"shapely_representative_point_within_polygon_wgs84"},"geometry":{"type":"Point","coordinates":[126.49849981,37.75882364]}},{"type":"Feature","id":"bubble:vworld_sgis_20250630:23510310","properties":{"geometry_zone_id":"vworld_sgis_20250630:23510310","current_district_name_20260701":"강화군","current_admin_dong_names_20260701":["선원면"],"current_admin_dong_count":1,"map_unit_status":"exact","aggregation_required":false,"population_reference_date":"2026-06-30","household_reference_date":"2026-07-31","metric_name":"one_person_households_age_65_plus","metric_label_ko":"65세 이상 1인 가구 수 (관측)","metric_value":824,"metric_is_observed_count":true,"interpretation":"관측된 65세 이상 1인 가구 규모이며 복지 미수급자 수 또는 고독사 위험자 수가 아님","representative_point_method":"shapely_representative_point_within_polygon_wgs84"},"geometry":{"type":"Point","coordinates":[126.48722648,37.71383374]}},{"type":"Feature","id":"bubble:vworld_sgis_20250630:23510320","properties":{"geometry_zone_id":"vworld_sgis_20250630:23510320","current_district_name_20260701":"강화군","current_admin_dong_names_20260701":["불은면"],"current_admin_dong_count":1,"map_unit_status":"exact","aggregation_required":false,"population_reference_date":"2026-06-30","household_reference_date":"2026-07-31","metric_name":"one_person_households_age_65_plus","metric_label_ko":"65세 이상 1인 가구 수 (관측)","metric_value":821,"metric_is_observed_count":true,"interpretation":"관측된 65세 이상 1인 가구 규모이며 복지 미수급자 수 또는 고독사 위험자 수가 아님","representative_point_method":"shapely_representative_point_within_polygon_wgs84"},"geometry":{"type":"Point","coordinates":[126.48607302,37.6810988]}},{"type":"Feature","id":"bubble:vworld_sgis_20250630:23510330","properties":{"geometry_zone_id":"vworld_sgis_20250630:23510330","current_district_name_20260701":"강화군","current_admin_dong_names_20260701":["길상면"],"current_admin_dong_count":1,"map_unit_status":"exact","aggregation_required":false,"population_reference_date":"2026-06-30","household_reference_date":"2026-07-31","metric_name":"one_person_households_age_65_plus","metric_label_ko":"65세 이상 1인 가구 수 (관측)","metric_value":874,"metric_is_observed_count":true,"interpretation":"관측된 65세 이상 1인 가구 규모이며 복지 미수급자 수 또는 고독사 위험자 수가 아님","representative_point_method":"shapely_representative_point_within_polygon_wgs84"},"geometry":{"type":"Point","coordinates":[126.50131584,37.62644763]}},{"type":"Feature","id":"bubble:vworld_sgis_20250630:23510340","properties":{"geometry_zone_id":"vworld_sgis_20250630:23510340","current_district_name_20260701":"강화군","current_admin_dong_names_20260701":["화도면"],"current_admin_dong_count":1,"map_unit_status":"exact","aggregation_required":false,"population_reference_date":"2026-06-30","household_reference_date":"2026-07-31","metric_name":"one_person_households_age_65_plus","metric_label_ko":"65세 이상 1인 가구 수 (관측)","metric_value":703,"metric_is_observed_count":true,"interpretation":"관측된 65세 이상 1인 가구 규모이며 복지 미수급자 수 또는 고독사 위험자 수가 아님","representative_point_method":"shapely_representative_point_within_polygon_wgs84"},"geometry":{"type":"Point","coordinates":[126.4212348,37.61996574]}},{"type":"Feature","id":"bubble:vworld_sgis_20250630:23510350","properties":{"geometry_zone_id":"vworld_sgis_20250630:23510350","current_district_name_20260701":"강화군","current_admin_dong_names_20260701":["양도면"],"current_admin_dong_count":1,"map_unit_status":"exact","aggregation_required":false,"population_reference_date":"2026-06-30","household_reference_date":"2026-07-31","metric_name":"one_person_households_age_65_plus","metric_label_ko":"65세 이상 1인 가구 수 (관측)","metric_value":584,"metric_is_observed_count":true,"interpretation":"관측된 65세 이상 1인 가구 규모이며 복지 미수급자 수 또는 고독사 위험자 수가 아님","representative_point_method":"shapely_representative_point_within_polygon_wgs84"},"geometry":{"type":"Point","coordinates":[126.43945688,37.67377701]}},{"type":"Feature","id":"bubble:vworld_sgis_20250630:23510360","properties":{"geometry_zone_id":"vworld_sgis_20250630:23510360","current_district_name_20260701":"강화군","current_admin_dong_names_20260701":["내가면"],"current_admin_dong_count":1,"map_unit_status":"exact","aggregation_required":false,"population_reference_date":"2026-06-30","household_reference_date":"2026-07-31","metric_name":"one_person_households_age_65_plus","metric_label_ko":"65세 이상 1인 가구 수 (관측)","metric_value":473,"metric_is_observed_count":true,"interpretation":"관측된 65세 이상 1인 가구 규모이며 복지 미수급자 수 또는 고독사 위험자 수가 아님","representative_point_method":"shapely_representative_point_within_polygon_wgs84"},"geometry":{"type":"Point","coordinates":[126.39568787,37.71962681]}},{"type":"Feature","id":"bubble:vworld_sgis_20250630:23510370","properties":{"geometry_zone_id":"vworld_sgis_20250630:23510370","current_district_name_20260701":"강화군","current_admin_dong_names_20260701":["하점면"],"current_admin_dong_count":1,"map_unit_status":"exact","aggregation_required":false,"population_reference_date":"2026-06-30","household_reference_date":"2026-07-31","metric_name":"one_person_households_age_65_plus","metric_label_ko":"65세 이상 1인 가구 수 (관측)","metric_value":615,"metric_is_observed_count":true,"interpretation":"관측된 65세 이상 1인 가구 규모이며 복지 미수급자 수 또는 고독사 위험자 수가 아님","representative_point_method":"shapely_representative_point_within_polygon_wgs84"},"geometry":{"type":"Point","coordinates":[126.39956033,37.76291634]}},{"type":"Feature","id":"bubble:vworld_sgis_20250630:23510380","properties":{"geometry_zone_id":"vworld_sgis_20250630:23510380","current_district_name_20260701":"강화군","current_admin_dong_names_20260701":["양사면"],"current_admin_dong_count":1,"map_unit_status":"exact","aggregation_required":false,"population_reference_date":"2026-06-30","household_reference_date":"2026-07-31","metric_name":"one_person_households_age_65_plus","metric_label_ko":"65세 이상 1인 가구 수 (관측)","metric_value":319,"metric_is_observed_count":true,"interpretation":"관측된 65세 이상 1인 가구 규모이며 복지 미수급자 수 또는 고독사 위험자 수가 아님","representative_point_method":"shapely_representative_point_within_polygon_wgs84"},"geometry":{"type":"Point","coordinates":[126.4079943,37.80305903]}},{"type":"Feature","id":"bubble:vworld_sgis_20250630:23510390","properties":{"geometry_zone_id":"vworld_sgis_20250630:23510390","current_district_name_20260701":"강화군","current_admin_dong_names_20260701":["송해면"],"current_admin_dong_count":1,"map_unit_status":"exact","aggregation_required":false,"population_reference_date":"2026-06-30","household_reference_date":"2026-07-31","metric_name":"one_person_households_age_65_plus","metric_label_ko":"65세 이상 1인 가구 수 (관측)","metric_value":447,"metric_is_observed_count":true,"interpretation":"관측된 65세 이상 1인 가구 규모이며 복지 미수급자 수 또는 고독사 위험자 수가 아님","representative_point_method":"shapely_representative_point_within_polygon_wgs84"},"geometry":{"type":"Point","coordinates":[126.46355386,37.7784955]}},{"type":"Feature","id":"bubble:vworld_sgis_20250630:23510400","properties":{"geometry_zone_id":"vworld_sgis_20250630:23510400","current_district_name_20260701":"강화군","current_admin_dong_names_20260701":["교동면"],"current_admin_dong_count":1,"map_unit_status":"exact","aggregation_required":false,"population_reference_date":"2026-06-30","household_reference_date":"2026-07-31","metric_name":"one_person_households_age_65_plus","metric_label_ko":"65세 이상 1인 가구 수 (관측)","metric_value":463,"metric_is_observed_count":true,"interpretation":"관측된 65세 이상 1인 가구 규모이며 복지 미수급자 수 또는 고독사 위험자 수가 아님","representative_point_method":"shapely_representative_point_within_polygon_wgs84"},"geometry":{"type":"Point","coordinates":[126.27215977,37.78474408]}},{"type":"Feature","id":"bubble:vworld_sgis_20250630:23510410","properties":{"geometry_zone_id":"vworld_sgis_20250630:23510410","current_district_name_20260701":"강화군","current_admin_dong_names_20260701":["삼산면"],"current_admin_dong_count":1,"map_unit_status":"exact","aggregation_required":false,"population_reference_date":"2026-06-30","household_reference_date":"2026-07-31","metric_name":"one_person_households_age_65_plus","metric_label_ko":"65세 이상 1인 가구 수 (관측)","metric_value":359,"metric_is_observed_count":true,"interpretation":"관측된 65세 이상 1인 가구 규모이며 복지 미수급자 수 또는 고독사 위험자 수가 아님","representative_point_method":"shapely_representative_point_within_polygon_wgs84"},"geometry":{"type":"Point","coordinates":[126.31398446,37.69811237]}},{"type":"Feature","id":"bubble:vworld_sgis_20250630:23510420","properties":{"geometry_zone_id":"vworld_sgis_20250630:23510420","current_district_name_20260701":"강화군","current_admin_dong_names_20260701":["서도면","서도면볼음출장소"],"current_admin_dong_count":2,"map_unit_status":"parent_with_branch_office","aggregation_required":true,"population_reference_date":"2026-06-30","household_reference_date":"2026-07-31","metric_name":"one_person_households_age_65_plus","metric_label_ko":"65세 이상 1인 가구 수 (관측)","metric_value":135,"metric_is_observed_count":true,"interpretation":"관측된 65세 이상 1인 가구 규모이며 복지 미수급자 수 또는 고독사 위험자 수가 아님","representative_point_method":"shapely_representative_point_within_polygon_wgs84"},"geometry":{"type":"Point","coordinates":[126.18174139,37.67161265]}},{"type":"Feature","id":"bubble:vworld_sgis_20250630:23520310","properties":{"geometry_zone_id":"vworld_sgis_20250630:23520310","current_district_name_20260701":"옹진군","current_admin_dong_names_20260701":["북도면","북도면장봉출장소"],"current_admin_dong_count":2,"map_unit_status":"parent_with_branch_office","aggregation_required":true,"population_reference_date":"2026-06-30","household_reference_date":"2026-07-31","metric_name":"one_person_households_age_65_plus","metric_label_ko":"65세 이상 1인 가구 수 (관측)","metric_value":377,"metric_is_observed_count":true,"interpretation":"관측된 65세 이상 1인 가구 규모이며 복지 미수급자 수 또는 고독사 위험자 수가 아님","representative_point_method":"shapely_representative_point_within_polygon_wgs84"},"geometry":{"type":"Point","coordinates":[126.4514597,37.52795904]}},{"type":"Feature","id":"bubble:vworld_sgis_20250630:23520320","properties":{"geometry_zone_id":"vworld_sgis_20250630:23520320","current_district_name_20260701":"옹진군","current_admin_dong_names_20260701":["연평면"],"current_admin_dong_count":1,"map_unit_status":"exact","aggregation_required":false,"population_reference_date":"2026-06-30","household_reference_date":"2026-07-31","metric_name":"one_person_households_age_65_plus","metric_label_ko":"65세 이상 1인 가구 수 (관측)","metric_value":258,"metric_is_observed_count":true,"interpretation":"관측된 65세 이상 1인 가구 규모이며 복지 미수급자 수 또는 고독사 위험자 수가 아님","representative_point_method":"shapely_representative_point_within_polygon_wgs84"},"geometry":{"type":"Point","coordinates":[125.69754797,37.66646303]}},{"type":"Feature","id":"bubble:vworld_sgis_20250630:23520330","properties":{"geometry_zone_id":"vworld_sgis_20250630:23520330","current_district_name_20260701":"옹진군","current_admin_dong_names_20260701":["백령면"],"current_admin_dong_count":1,"map_unit_status":"exact","aggregation_required":false,"population_reference_date":"2026-06-30","household_reference_date":"2026-07-31","metric_name":"one_person_households_age_65_plus","metric_label_ko":"65세 이상 1인 가구 수 (관측)","metric_value":494,"metric_is_observed_count":true,"interpretation":"관측된 65세 이상 1인 가구 규모이며 복지 미수급자 수 또는 고독사 위험자 수가 아님","representative_point_method":"shapely_representative_point_within_polygon_wgs84"},"geometry":{"type":"Point","coordinates":[124.672645,37.95017327]}},{"type":"Feature","id":"bubble:vworld_sgis_20250630:23520340","properties":{"geometry_zone_id":"vworld_sgis_20250630:23520340","current_district_name_20260701":"옹진군","current_admin_dong_names_20260701":["대청면","대청면소청출장소"],"current_admin_dong_count":2,"map_unit_status":"parent_with_branch_office","aggregation_required":true,"population_reference_date":"2026-06-30","household_reference_date":"2026-07-31","metric_name":"one_person_households_age_65_plus","metric_label_ko":"65세 이상 1인 가구 수 (관측)","metric_value":233,"metric_is_observed_count":true,"interpretation":"관측된 65세 이상 1인 가구 규모이며 복지 미수급자 수 또는 고독사 위험자 수가 아님","representative_point_method":"shapely_representative_point_within_polygon_wgs84"},"geometry":{"type":"Point","coordinates":[124.69832486,37.82434719]}},{"type":"Feature","id":"bubble:vworld_sgis_20250630:23520350","properties":{"geometry_zone_id":"vworld_sgis_20250630:23520350","current_district_name_20260701":"옹진군","current_admin_dong_names_20260701":["덕적면"],"current_admin_dong_count":1,"map_unit_status":"exact","aggregation_required":false,"population_reference_date":"2026-06-30","household_reference_date":"2026-07-31","metric_name":"one_person_households_age_65_plus","metric_label_ko":"65세 이상 1인 가구 수 (관측)","metric_value":402,"metric_is_observed_count":true,"interpretation":"관측된 65세 이상 1인 가구 규모이며 복지 미수급자 수 또는 고독사 위험자 수가 아님","representative_point_method":"shapely_representative_point_within_polygon_wgs84"},"geometry":{"type":"Point","coordinates":[126.11546768,37.24166004]}},{"type":"Feature","id":"bubble:vworld_sgis_20250630:23520360","properties":{"geometry_zone_id":"vworld_sgis_20250630:23520360","current_district_name_20260701":"옹진군","current_admin_dong_names_20260701":["자월면","자월면이작출장소"],"current_admin_dong_count":2,"map_unit_status":"parent_with_branch_office","aggregation_required":true,"population_reference_date":"2026-06-30","household_reference_date":"2026-07-31","metric_name":"one_person_households_age_65_plus","metric_label_ko":"65세 이상 1인 가구 수 (관측)","metric_value":263,"metric_is_observed_count":true,"interpretation":"관측된 65세 이상 1인 가구 규모이며 복지 미수급자 수 또는 고독사 위험자 수가 아님","representative_point_method":"shapely_representative_point_within_polygon_wgs84"},"geometry":{"type":"Point","coordinates":[126.30601204,37.25794381]}},{"type":"Feature","id":"bubble:vworld_sgis_20250630:23520370","properties":{"geometry_zone_id":"vworld_sgis_20250630:23520370","current_district_name_20260701":"옹진군","current_admin_dong_names_20260701":["영흥면"],"current_admin_dong_count":1,"map_unit_status":"exact","aggregation_required":false,"population_reference_date":"2026-06-30","household_reference_date":"2026-07-31","metric_name":"one_person_households_age_65_plus","metric_label_ko":"65세 이상 1인 가구 수 (관측)","metric_value":881,"metric_is_observed_count":true,"interpretation":"관측된 65세 이상 1인 가구 규모이며 복지 미수급자 수 또는 고독사 위험자 수가 아님","representative_point_method":"shapely_representative_point_within_polygon_wgs84"},"geometry":{"type":"Point","coordinates":[126.45919998,37.25610696]}}]}
