source_date,mode,place_id,source_id,source_code,name,source_district,district,dong,admin_dong_code,latitude,longitude,coordinate_status,in_incheon
20260228,bus,bus:163000302,163000302,37302,(구)주안2동치안센터,미추홀구,미추홀구,주안2동,,37.4570777,126.6712360,valid_header_swapped,true
20260228,bus,bus:168001146,168001146,89146,(주)경동세라믹스,서구,검단구,오류왕길동,,37.5591855,126.6169776,valid_header_swapped,true
20260228,bus,bus:168000097,168000097,42097,(주)경인양행앞,서구,서해구,석남2동,,37.4993425,126.6667891,valid_header_swapped,true
20260228,bus,bus:168000096,168000096,42096,(주)경인양행앞,서구,서해구,가좌1동,,37.4990454,126.6654136,valid_header_swapped,true
20260228,bus,bus:165000050,165000050,39050,(주)대한특수금속,남동구,남동구,논현고잔동,,37.4000294,126.6944906,valid_header_swapped,true
20260228,bus,bus:165000135,165000135,39135,(주)두남,남동구,남동구,남촌도림동,,37.4178186,126.7031061,valid_header_swapped,true
20260228,bus,bus:166000893,166000893,40893,(주)세모입구(린나이코리아),부평구,부평구,십정1동,,37.4729428,126.6849083,valid_header_swapped,true
20260228,bus,bus:163000585,163000585,37585,(주)세모입구(린나이코리아),미추홀구,미추홀구,주안5동,,37.4726027,126.6846847,valid_header_swapped,true
20260228,bus,bus:168001389,168001389,89389,(주)스킨이데아,서구,서해구,원창동,,37.5017214,126.6174950,valid_header_swapped,true
20260228,bus,bus:168001388,168001388,89388,(주)스킨이데아,서구,서해구,원창동,,37.5019027,126.6174734,valid_header_swapped,true
20260228,bus,bus:165000133,165000133,39133,(주)우리김치,남동구,남동구,남촌도림동,,37.4156230,126.7074206,valid_header_swapped,true
20260228,bus,bus:165000134,165000134,39134,(주)우리김치,남동구,남동구,남촌도림동,,37.4159365,126.7071348,valid_header_swapped,true
20260228,bus,bus:165000029,165000029,39029,(주)창원,남동구,남동구,논현고잔동,,37.3937235,126.6992605,valid_header_swapped,true
20260228,bus,bus:165000030,165000030,39030,(주)창원,남동구,남동구,논현고잔동,,37.3941557,126.6990190,valid_header_swapped,true
20260228,bus,bus:165000124,165000124,39124,(주)하나금속,남동구,남동구,남촌도림동,,37.4173402,126.6999463,valid_header_swapped,true
20260228,bus,bus:166000895,166000895,40895,17사단.다임메가타운,부평구,부평구,일신동,,37.4816755,126.7464808,valid_header_swapped,true
20260228,bus,bus:166000832,166000832,40832,17사단입구,부평구,부평구,일신동,,37.4772750,126.7466030,valid_header_swapped,true
20260228,bus,bus:166000162,166000162,40162,2001아울렛,부평구,부평구,산곡3동,,37.4910570,126.7124092,valid_header_swapped,true
20260228,bus,bus:166000159,166000159,40159,2001아울렛,부평구,부평구,부평3동,,37.4907504,126.7120553,valid_header_swapped,true
20260228,bus,bus:166000154,166000154,40154,2001아울렛,부평구,부평구,산곡3동,,37.4903796,126.7107737,valid_header_swapped,true
20260228,bus,bus:166000158,166000158,40158,2001아울렛부평점,부평구,부평구,산곡3동,,37.4909485,126.7112677,valid_header_swapped,true
20260228,bus,bus:168000584,168000584,42584,2차풍림아이원,서구,검단구,검단1동,,37.6132022,126.6606402,valid_header_swapped,true
20260228,bus,bus:166000736,166000736,40736,3단지,부평구,부평구,산곡3동,,37.4887589,126.7051474,valid_header_swapped,true
20260228,bus,bus:166000107,166000107,40107,3단지관리사무소,부평구,부평구,산곡3동,,37.4887427,126.7050670,valid_header_swapped,true
20260228,bus,bus:168000174,168000174,42174,41번구종점,서구,서해구,신현원창동,,37.5137963,126.6671947,valid_header_swapped,true
20260228,bus,bus:162000145,162000145,36145,510번차고지,동구,제물포구,송현3동,,37.4902778,126.6508695,valid_header_swapped,true
20260228,bus,bus:165000470,165000470,39470,540번종점,남동구,남동구,만수3동,,37.4646436,126.7272037,valid_header_swapped,true
20260228,bus,bus:163000577,163000577,37577,6공단사거리,미추홀구,미추홀구,도화23동,,37.4739498,126.6680982,valid_header_swapped,true
20260228,bus,bus:163000443,163000443,37443,6공단입구,미추홀구,미추홀구,주안5동,,37.4698455,126.6798502,valid_header_swapped,true
20260228,bus,bus:163000442,163000442,37442,6공단입구,미추홀구,미추홀구,주안5동,,37.4696035,126.6799835,valid_header_swapped,true
20260228,bus,bus:115000204,115000204,25204,88JC(미정차),코드정보 없음,코드정보 없음,방화3동,,37.5839641,126.8209974,valid_header_swapped,false
20260228,bus,bus:115000203,115000203,25201,88JC(미정차),코드정보 없음,코드정보 없음,방화3동,,37.5842732,126.8196587,valid_header_swapped,false
20260228,bus,bus:161000181,161000181,35181,8부두,중구,제물포구,북성동,,37.4777085,126.6148029,valid_header_swapped,true
20260228,bus,bus:161000182,161000182,35182,8부두,중구,제물포구,북성동,,37.4772704,126.6146797,valid_header_swapped,true
20260228,bus,bus:168001451,168001451,89451,BMN R&D센터,서구,서해구,청라동,,37.5146654,126.6280402,valid_header_swapped,true
20260228,bus,bus:168001452,168001452,89452,BMN R&D센터,서구,서해구,청라동,,37.5145211,126.6279038,valid_header_swapped,true
20260228,bus,bus:169001477,169001477,90477,BMX경기장,강화군,강화군,송해면,,37.7562385,126.4715781,valid_header_swapped,true
20260228,bus,bus:169001459,169001459,90459,BMX경기장,강화군,강화군,송해면,,37.7562849,126.4715002,valid_header_swapped,true
20260228,bus,bus:161000591,161000591,35591,CJ인천2공장,중구,제물포구,신흥동,,37.4383553,126.6269444,valid_header_swapped,true
20260228,bus,bus:161000592,161000592,35592,CJ인천2공장,중구,제물포구,신흥동,,37.4382589,126.6272414,valid_header_swapped,true
20260228,bus,bus:168000726,168000726,42726,E편한세상,서구,검단구,불로대곡동,,37.6181379,126.6935110,valid_header_swapped,true
20260228,bus,bus:168000649,168000649,42649,E편한세상,서구,검단구,불로대곡동,,37.6185343,126.6934765,valid_header_swapped,true
20260228,bus,bus:168000453,168000453,42453,E편한세상,서구,검단구,원당동,,37.5963129,126.7008556,valid_header_swapped,true
20260228,bus,bus:166000568,166000568,40568,GM물류센터,부평구,부평구,청천2동,,37.5176733,126.7102485,valid_header_swapped,true
20260228,bus,bus:162000142,162000142,36142,GS25편의점,동구,제물포구,송현1동2동,,37.4805899,126.6360823,valid_header_swapped,true
20260228,bus,bus:170000147,170000147,44147,GS내리주유소,옹진군,옹진군,영흥면,,37.2579532,126.4851520,valid_header_swapped,true
20260228,bus,bus:170000130,170000130,44130,GS내리주유소,옹진군,옹진군,영흥면,,37.2581112,126.4848530,valid_header_swapped,true
20260228,bus,bus:168001220,168001220,89220,GS칼텍스,서구,서해구,신현원창동,,37.5071530,126.6419451,valid_header_swapped,true
20260228,bus,bus:168001224,168001224,89224,GS칼텍스,서구,서해구,신현원창동,,37.5068336,126.6403155,valid_header_swapped,true
20260228,bus,bus:161000168,161000168,35168,GS칼텍스,중구,제물포구,북성동,,37.4787104,126.6031719,valid_header_swapped,true
20260228,bus,bus:161000557,161000557,35557,GS칼텍스,중구,제물포구,북성동,,37.4783303,126.6017822,valid_header_swapped,true
20260228,bus,bus:165000814,165000814,39814,GS칼텍스주유소,남동구,남동구,만수4동,,37.4528047,126.7366717,valid_header_swapped,true
20260228,bus,bus:162000081,162000081,36081,HD현대인프라코어,동구,제물포구,화수2동,,37.4858440,126.6293604,valid_header_swapped,true
20260228,bus,bus:162000083,162000083,36083,HD현대인프라코어,동구,제물포구,화수2동,,37.4861284,126.6296671,valid_header_swapped,true
20260228,bus,bus:162000077,162000077,36077,HD현대인프라코어후문,동구,제물포구,만석동,,37.4869701,126.6239158,valid_header_swapped,true
20260228,bus,bus:162000078,162000078,36078,HD현대인프라코어후문,동구,제물포구,만석동,,37.4871502,126.6247450,valid_header_swapped,true
20260228,bus,bus:163000383,163000383,37383,JC회관,미추홀구,미추홀구,주안1동,,37.4641521,126.6749035,valid_header_swapped,true
20260228,bus,bus:168001491,168001491,89491,JST기술연구소,서구,검단구,오류동,,37.5978749,126.6156641,valid_header_swapped,true
20260228,bus,bus:168001492,168001492,89492,JST기술연구소,서구,검단구,오류동,,37.5978380,126.6159366,valid_header_swapped,true
20260228,bus,bus:168000391,168000391,42391,KCC아파트,서구,검단구,당하동,,37.5886700,126.6776012,valid_header_swapped,true
20260228,bus,bus:162000144,162000144,36144,KG모빌리티인천서비스센터,동구,제물포구,송현3동,,37.4874859,126.6489710,valid_header_swapped,true
20260228,bus,bus:168000008,168000008,42008,KG스틸,서구,서해구,가좌1동,,37.4807481,126.6728023,valid_header_swapped,true
20260228,bus,bus:213000486,213000486,58057,KTX광명역4번출구,코드정보 없음,코드정보 없음,소하2동,,37.4156756,126.8834350,outside_incheon_bounds,false
20260228,bus,bus:210000003,210000003,55003,KT부천지사사거리,코드정보 없음,코드정보 없음,상3동,,37.4886570,126.7531809,valid_header_swapped,false
20260228,bus,bus:166000384,166000384,40384,KT부평지사,부평구,부평구,산곡4동,,37.5039131,126.7121846,valid_header_swapped,true
20260228,bus,bus:166000381,166000381,40381,KT부평지사,부평구,부평구,부평3동,,37.5037403,126.7114895,valid_header_swapped,true
20260228,bus,bus:168000932,168000932,42932,KT서인천지사,서구,서해구,연희동,,37.5425268,126.6726312,valid_header_swapped,true
20260228,bus,bus:168000933,168000933,42933,KT서인천지사,서구,서해구,연희동,,37.5425417,126.6725097,valid_header_swapped,true
20260228,bus,bus:164000568,164000568,38568,KT송도지점,연수구,연수구,옥련1동,,37.4211932,126.6446072,valid_header_swapped,true
20260228,bus,bus:169000523,169000523,43523,KT온수분국,강화군,강화군,길상면,,37.6391286,126.4838046,valid_header_swapped,true
20260228,bus,bus:161000095,161000095,35095,KT인천공항지사,중구,영종구,운서동,,37.4917599,126.4905408,valid_header_swapped,true
20260228,bus,bus:161000109,161000109,35109,KT인천공항지사,중구,영종구,운서동,,37.4933948,126.4903052,valid_header_swapped,true
20260228,bus,bus:163000415,163000415,37415,KT인천지사,미추홀구,미추홀구,주안6동,,37.4600294,126.6942791,valid_header_swapped,true
20260228,bus,bus:165000319,165000319,39319,KT인천지사,남동구,남동구,만수5동,,37.4610082,126.6970238,valid_header_swapped,true
20260228,bus,bus:210000525,210000525,55081,KT중동지사,코드정보 없음,코드정보 없음,중1동,,37.5024846,126.7607453,valid_header_swapped,false
20260228,bus,bus:210000551,210000551,55082,KT중동지사,코드정보 없음,코드정보 없음,중1동,,37.5022459,126.7608225,valid_header_swapped,false
20260228,bus,bus:168001264,168001264,89264,LG마그나,서구,서해구,검암경서동,,37.5548518,126.6452307,valid_header_swapped,true
20260228,bus,bus:168001029,168001029,89029,LG마그나,서구,서해구,검암경서동,,37.5546478,126.6450607,valid_header_swapped,true
20260228,bus,bus:165000043,165000043,39043,LG물류센터,남동구,남동구,논현고잔동,,37.3923139,126.7130021,valid_header_swapped,true
20260228,bus,bus:165000044,165000044,39044,LG물류센터,남동구,남동구,논현고잔동,,37.3924563,126.7127967,valid_header_swapped,true
20260228,bus,bus:168000616,168000616,42616,LG아파트후문,서구,검단구,원당동,,37.5948924,126.6970070,valid_header_swapped,true
20260228,bus,bus:168000617,168000617,42617,LG아파트후문,서구,검단구,원당동,,37.5947743,126.6964594,valid_header_swapped,true
20260228,bus,bus:168000297,168000297,42297,LG전자(주),서구,서해구,검암경서동,,37.5562376,126.6414731,valid_header_swapped,true
20260228,bus,bus:161000494,161000494,35494,LH1단지,중구,영종구,영종동,,37.4835924,126.4997147,valid_header_swapped,true
20260228,bus,bus:161000769,161000769,35769,LH49단지행복주택아파트,중구,영종구,중산동,,37.4937569,126.5707937,valid_header_swapped,true
20260228,bus,bus:161000768,161000768,35768,LH49단지행복주택아파트,중구,영종구,중산동,,37.4935571,126.5711717,valid_header_swapped,true
20260228,bus,bus:161000452,161000452,35452,LH7단지,중구,영종구,영종동,,37.4851350,126.5500592,valid_header_swapped,true
20260228,bus,bus:161000451,161000451,35451,LH7단지,중구,영종구,영종동,,37.4849087,126.5498469,valid_header_swapped,true
20260228,bus,bus:163000635,163000635,37635,LH미추홀3단지,미추홀구,미추홀구,용현2동,,37.4593331,126.6424652,valid_header_swapped,true
20260228,bus,bus:163000222,163000222,37222,LH미추홀3단지,미추홀구,미추홀구,용현2동,,37.4590632,126.6439043,valid_header_swapped,true
20260228,bus,bus:168001212,168001212,89212,NKG물류센터,서구,서해구,신현원창동,,37.5027715,126.6101406,valid_header_swapped,true
20260228,bus,bus:167000084,167000084,41084,SH글로벌,계양구,계양구,작전서운동,,37.5256645,126.7377363,valid_header_swapped,true
20260228,bus,bus:167000083,167000083,41083,SH글로벌,계양구,계양구,작전서운동,,37.5255154,126.7382369,valid_header_swapped,true
20260228,bus,bus:168001231,168001231,89231,SK.GS주유소,서구,서해구,가좌1동,,37.4928126,126.6612961,valid_header_swapped,true
20260228,bus,bus:168001230,168001230,89230,SK.GS주유소,서구,서해구,가좌1동,,37.4928172,126.6609307,valid_header_swapped,true
20260228,bus,bus:161000638,161000638,35638,SKLPG충전사업소,중구,제물포구,연안동,,37.4488859,126.6019261,valid_header_swapped,true
20260228,bus,bus:161000636,161000636,35636,SKLPG충전사업소,중구,제물포구,연안동,,37.4487661,126.6022718,valid_header_swapped,true
20260228,bus,bus:161000949,161000949,35949,SKY184전망대,중구,영종구,영종동,,,,missing,false
20260228,bus,bus:168000889,168000889,42889,SK뷰아파트,서구,서해구,청라3동,,37.5257426,126.6306538,valid_header_swapped,true
20260228,bus,bus:168000888,168000888,42888,SK뷰아파트,서구,서해구,청라3동,,37.5258896,126.6304727,valid_header_swapped,true
20260228,bus,bus:163000601,163000601,37601,SK스카이뷰,미추홀구,미추홀구,용현5동,,37.4481289,126.6470999,valid_header_swapped,true
20260228,bus,bus:163000587,163000587,37587,SK스카이뷰104동,미추홀구,미추홀구,용현5동,,37.4481038,126.6426474,valid_header_swapped,true
20260228,bus,bus:163000607,163000607,37607,SK스카이뷰109동,미추홀구,미추홀구,용현5동,,37.4513085,126.6439429,valid_header_swapped,true
20260228,bus,bus:168000767,168000767,42767,SK인천석유화학,서구,서해구,석남1동,,37.5118653,126.6618762,valid_header_swapped,true
20260228,bus,bus:168000768,168000768,42768,SK인천석유화학,서구,서해구,석남1동,,37.5119925,126.6623086,valid_header_swapped,true
20260228,bus,bus:168000956,168000956,42956,SK주유소,서구,서해구,신현원창동,,37.5120930,126.6491631,valid_header_swapped,true
20260228,bus,bus:161000287,161000287,35287,SK주유소앞,중구,제물포구,신흥동,,37.4337272,126.6243752,valid_header_swapped,true
20260228,bus,bus:161000539,161000539,35539,SK주유소앞,중구,제물포구,신흥동,,37.4327644,126.6232483,valid_header_swapped,true
20260228,bus,bus:161000085,161000085,35085,SK충전소,중구,제물포구,연안동,,37.4562902,126.6083254,valid_header_swapped,true
20260228,bus,bus:164000626,164000626,38624,e편한세상 정문,연수구,연수구,송도5동,,37.4129340,126.6157473,valid_header_swapped,true
20260228,bus,bus:164000622,164000622,32062,e편한세상(109동 앞),연수구,연수구,송도5동,,37.4097907,126.6167643,valid_header_swapped,true
20260228,bus,bus:164000645,164000645,38643,e편한세상(109동앞),연수구,연수구,송도5동,,37.4093895,126.6167228,valid_header_swapped,true
20260228,bus,bus:161000662,161000662,35662,e편한세상1차(정문),중구,영종구,영종동,,37.4777891,126.5127003,valid_header_swapped,true
20260228,bus,bus:161000663,161000663,35663,e편한세상1차(정문),중구,영종구,영종동,,37.4780140,126.5124153,valid_header_swapped,true
20260228,bus,bus:168001554,168001554,89554,e편한세상검단어반센트로,서구,검단구,아라동,,37.5878331,126.7035661,valid_header_swapped,true
20260228,bus,bus:168001555,168001555,89555,e편한세상검단어반센트로,서구,검단구,아라동,,37.5876149,126.7034234,valid_header_swapped,true
20260228,bus,bus:167000038,167000038,41038,e편한세상계양,계양구,계양구,효성1동,,37.5279630,126.7137584,valid_header_swapped,true
20260228,bus,bus:167000037,167000037,41037,e편한세상계양,계양구,계양구,효성2동,,37.5278559,126.7136466,valid_header_swapped,true
20260228,bus,bus:166000928,166000928,40928,e편한세상부평그랑힐스정문,부평구,부평구,청천동,,37.5180551,126.7020511,valid_header_swapped,true
20260228,bus,bus:166000929,166000929,40929,e편한세상부평그랑힐스정문,부평구,부평구,청천동,,37.5180433,126.7022742,valid_header_swapped,true
20260228,bus,bus:166000930,166000930,40930,e편한세상부평그랑힐스후문,부평구,부평구,청천동,,37.5148149,126.7017210,valid_header_swapped,true
20260228,bus,bus:161000510,161000510,35510,e편한세상영종센텀베뉴정문,중구,영종구,영종동,,37.4898819,126.5526165,valid_header_swapped,true
20260228,bus,bus:161000674,161000674,35674,e편한세상영종오션하임,중구,영종구,영종1동,,37.4917237,126.5686348,valid_header_swapped,true
20260228,bus,bus:161000761,161000761,35761,e편한세상영종오션하임,중구,영종구,영종1동,,37.4905754,126.5680764,valid_header_swapped,true
20260228,bus,bus:161000646,161000646,35646,e편한세상영종하늘도시,중구,영종구,영종동,,37.4769074,126.5130421,valid_header_swapped,true
20260228,bus,bus:161000647,161000647,35647,e편한세상영종하늘도시,중구,영종구,영종동,,37.4757972,126.5140008,valid_header_swapped,true
20260228,bus,bus:163000159,163000159,37159,e편한세상주안에듀서밋아파트,미추홀구,미추홀구,주안7동,,37.4442485,126.6758361,valid_header_swapped,true
20260228,bus,bus:163000158,163000158,37158,e편한세상주안에듀서밋아파트,미추홀구,미추홀구,학익2동,,37.4440764,126.6757148,valid_header_swapped,true
20260228,bus,bus:163000081,163000081,37081,gym80fitness,미추홀구,미추홀구,용현5동,,37.4517586,126.6348216,valid_header_swapped,true
20260228,bus,bus:168000814,168000814,42814,㈜한슬,서구,검단구,오류왕길동,,37.5943735,126.6057191,valid_header_swapped,true
20260228,bus,bus:168001365,168001365,89365,가경공원,서구,서해구,가정동,,37.5286654,126.6695561,valid_header_swapped,true
20260228,bus,bus:163000456,163000456,37456,가구단지사거리,미추홀구,미추홀구,도화23동,,37.4811361,126.6561606,valid_header_swapped,true
20260228,bus,bus:163000455,163000455,37455,가구단지사거리,미추홀구,미추홀구,도화23동,,37.4809749,126.6565673,valid_header_swapped,true
20260228,bus,bus:168000074,168000074,42074,가구전시장,서구,서해구,가좌1동,,37.4961187,126.6670993,valid_header_swapped,true
20260228,bus,bus:168000072,168000072,42072,가구전시장,서구,서해구,가좌1동,,37.4959091,126.6671990,valid_header_swapped,true
20260228,bus,bus:169000904,169000904,43904,가나안마을앞,강화군,강화군,불은면,,37.6770258,126.5006072,valid_header_swapped,true
20260228,bus,bus:169000905,169000905,43905,가나안마을앞,강화군,강화군,불은면,,37.6772035,126.5005189,valid_header_swapped,true
20260228,bus,bus:169000969,169000969,43969,가능포,강화군,강화군,양도면,,37.6522576,126.4260360,valid_header_swapped,true
20260228,bus,bus:169000970,169000970,43970,가능포,강화군,강화군,양도면,,37.6521020,126.4258499,valid_header_swapped,true
20260228,bus,bus:123000038,123000038,33038,가락시장역,코드정보 없음,코드정보 없음,가락1동,,37.4944743,127.1169304,outside_incheon_bounds,false
20260228,bus,bus:123000035,123000035,33035,가락시장역,코드정보 없음,코드정보 없음,가락1동,,37.4943563,127.1172922,outside_incheon_bounds,false
20260228,bus,bus:168000078,168000078,42078,가림고등학교,서구,서해구,가좌2동,,37.4924619,126.6805247,valid_header_swapped,true
20260228,bus,bus:117000021,117000021,18107,가산디지털단지역,기타,기타,금천구(가산동),,37.4808823,126.8815029,outside_incheon_bounds,false
20260228,bus,bus:117000020,117000020,18106,가산디지털단지역,기타,기타,금천구(가산동),,37.4812947,126.8810774,outside_incheon_bounds,false
20260228,bus,bus:168000808,168000808,42808,가야,서구,검단구,오류왕길동,,37.5877221,126.5991692,valid_header_swapped,true
20260228,bus,bus:168000807,168000807,42807,가야,서구,검단구,오류왕길동,,37.5878195,126.5993771,valid_header_swapped,true
20260228,bus,bus:115000626,115000626,25203,가양대교남단(미정차),코드정보 없음,코드정보 없음,가양3동,,37.5679011,126.8551434,outside_incheon_bounds,false
20260228,bus,bus:115000627,115000627,25202,가양대교남단(미정차),코드정보 없음,코드정보 없음,가양2동,,37.5677361,126.8548920,outside_incheon_bounds,false
20260228,bus,bus:115000163,115000163,25107,가양역.우성아파트,코드정보 없음,코드정보 없음,가양2동,,37.5621523,126.8534208,outside_incheon_bounds,false
20260228,bus,bus:232000661,232000661,80033,가오대입구,코드정보 없음,코드정보 없음,양촌면,,37.6550094,126.6148009,valid_header_swapped,false
20260228,bus,bus:232000660,232000660,80034,가오대입구,코드정보 없음,코드정보 없음,양촌면,,37.6551588,126.6145795,valid_header_swapped,false
20260228,bus,bus:168001118,168001118,89118,가원초등학교,서구,서해구,가정1동,,37.5269848,126.6629078,valid_header_swapped,true
20260228,bus,bus:168000952,168000952,42952,가원초등학교,서구,서해구,가정1동,,37.5283437,126.6625026,valid_header_swapped,true
20260228,bus,bus:170000048,170000048,44048,가을1리,옹진군,옹진군,백령면,,,,missing,false
20260228,bus,bus:170000050,170000050,44050,가을2리,옹진군,옹진군,백령면,,,,missing,false
20260228,bus,bus:161000700,161000700,35700,가재우물터,중구,영종구,영종동,,37.5076198,126.5538066,valid_header_swapped,true
20260228,bus,bus:161000678,161000678,35678,가재우물터,중구,영종구,영종동,,37.5077108,126.5538578,valid_header_swapped,true
20260228,bus,bus:168000042,168000042,42042,가재울사거리,서구,서해구,가좌3동,,37.4866504,126.6793694,valid_header_swapped,true
20260228,bus,bus:168000039,168000039,42039,가재울사거리,서구,서해구,가좌4동,,37.4862365,126.6792645,valid_header_swapped,true
20260228,bus,bus:168000035,168000035,42035,가재울역1번출구,서구,서해구,가좌4동,,37.4847005,126.6832971,valid_header_swapped,true
20260228,bus,bus:168000033,168000033,42033,가재울역2번출구,서구,서해구,가좌4동,,37.4834592,126.6849631,valid_header_swapped,true
20260228,bus,bus:168000032,168000032,42032,가재울역3번출구,서구,서해구,가좌4동,,37.4831747,126.6848882,valid_header_swapped,true
20260228,bus,bus:168000034,168000034,42034,가재울역4번출구,서구,서해구,가좌4동,,37.4846285,126.6829212,valid_header_swapped,true
20260228,bus,bus:168001075,168001075,89075,가정(루원시티)역,서구,서해구,가정1동,,37.5245177,126.6741868,valid_header_swapped,true
20260228,bus,bus:168001078,168001078,89078,가정(루원시티)역,서구,서해구,가정1동,,37.5250359,126.6737614,valid_header_swapped,true
20260228,bus,bus:168001050,168001050,89050,가정(루원시티)역,서구,서해구,가정1동,,37.5246480,126.6744306,valid_header_swapped,true
20260228,bus,bus:168001051,168001051,89051,가정(루원시티)역,서구,서해구,가정1동,,37.5248819,126.6750625,valid_header_swapped,true
20260228,bus,bus:168000226,168000226,42226,가정3동성당,서구,서해구,가정3동,,37.5188735,126.6822431,valid_header_swapped,true
20260228,bus,bus:168001041,168001041,89041,가정LH3단지정문앞,서구,서해구,가정1동,,37.5310915,126.6658834,valid_header_swapped,true
20260228,bus,bus:168000200,168000200,42200,가정고등학교,서구,서해구,석남3동,,37.5128766,126.6788034,valid_header_swapped,true
20260228,bus,bus:168000203,168000203,42203,가정고등학교,서구,서해구,가정3동,,37.5129789,126.6789964,valid_header_swapped,true
20260228,bus,bus:168001502,168001502,89502,가정교,서구,서해구,청라동,,37.5383738,126.6634793,valid_header_swapped,true
20260228,bus,bus:168001503,168001503,89503,가정교,서구,서해구,청라동,,37.5379581,126.6630345,valid_header_swapped,true
20260228,bus,bus:168001391,168001391,89391,가정교차로,서구,서해구,가정1동,,37.5245966,126.6699760,valid_header_swapped,true
20260228,bus,bus:168001390,168001390,89390,가정교차로,서구,서해구,가정1동,,37.5251181,126.6700681,valid_header_swapped,true
20260228,bus,bus:168001102,168001102,89102,가정동성당,서구,서해구,신현원창동,,37.5232875,126.6628067,valid_header_swapped,true
20260228,bus,bus:168001105,168001105,89105,가정동성당,서구,서해구,신현원창동,,37.5235829,126.6623954,valid_header_swapped,true
20260228,bus,bus:168001120,168001120,89120,가정보금자리,서구,서해구,가정1동,,37.5284935,126.6627243,valid_header_swapped,true
20260228,bus,bus:168001119,168001119,89119,가정보금자리,서구,서해구,가정1동,,37.5275751,126.6626533,valid_header_swapped,true
20260228,bus,bus:168000041,168000041,42041,가정여자중학교,서구,서해구,가좌4동,,37.4846085,126.6856304,valid_header_swapped,true
20260228,bus,bus:168001527,168001527,89527,가정여자중학교,서구,서해구,가좌동,,37.4846797,126.6858513,valid_header_swapped,true
20260228,bus,bus:168001303,168001303,89303,가정여중입구,서구,서해구,가좌4동,,37.4869016,126.6854823,valid_header_swapped,true
20260228,bus,bus:168000219,168000219,42219,가정중앙시장역,서구,서해구,가정1동,,37.5178739,126.6766994,valid_header_swapped,true
20260228,bus,bus:168000215,168000215,42215,가정중앙시장역,서구,서해구,가정1동,,37.5174583,126.6769745,valid_header_swapped,true
20260228,bus,bus:168001386,168001386,89386,가정택지삼거리,서구,서해구,가정1동,,37.5323558,126.6630306,valid_header_swapped,true
20260228,bus,bus:168001385,168001385,89385,가정택지삼거리,서구,서해구,가정1동,,37.5323535,126.6625711,valid_header_swapped,true
20260228,bus,bus:168001186,168001186,89186,가정휴먼시아3단지,서구,서해구,가정1동,,37.5299227,126.6653494,valid_header_swapped,true
20260228,bus,bus:168001187,168001187,89187,가정휴먼시아3단지,서구,서해구,가정1동,,37.5300991,126.6652376,valid_header_swapped,true
20260228,bus,bus:168000076,168000076,42076,가좌2동행정복지센터,서구,서해구,가좌2동,,37.4909236,126.6844456,valid_header_swapped,true
20260228,bus,bus:168000073,168000073,42073,가좌2동행정복지센터,서구,서해구,가좌2동,,37.4908299,126.6843631,valid_header_swapped,true
20260228,bus,bus:168000075,168000075,42075,가좌3동행정복지센터,서구,서해구,가좌3동,,37.4921659,126.6801911,valid_header_swapped,true
20260228,bus,bus:168000062,168000062,42062,가좌4동행정복지센터,서구,서해구,가좌4동,,37.4890211,126.6839893,valid_header_swapped,true
20260228,bus,bus:168000061,168000061,42061,가좌고등학교,서구,서해구,가좌3동,,37.4902353,126.6800810,valid_header_swapped,true
20260228,bus,bus:168000060,168000060,42060,가좌고등학교,서구,서해구,가좌2동,,37.4901642,126.6803868,valid_header_swapped,true
20260228,bus,bus:168000945,168000945,42945,가좌공단,서구,서해구,가좌1동,,37.4946349,126.6504233,valid_header_swapped,true
20260228,bus,bus:168000526,168000526,42526,가좌공단,서구,서해구,가좌1동,,37.4944656,126.6496927,valid_header_swapped,true
20260228,bus,bus:168000057,168000057,42057,가좌교회,서구,서해구,가좌2동,,37.4887287,126.6826488,valid_header_swapped,true
20260228,bus,bus:168000055,168000055,42055,가좌교회,서구,서해구,가좌4동,,37.4883057,126.6821557,valid_header_swapped,true
20260228,bus,bus:168000029,168000029,42029,가좌녹지공원,서구,서해구,가좌4동,,37.4822697,126.6865719,valid_header_swapped,true
20260228,bus,bus:168000030,168000030,42030,가좌녹지공원,서구,서해구,가좌4동,,37.4822136,126.6861563,valid_header_swapped,true
20260228,bus,bus:168000066,168000066,42066,가좌농협,서구,서해구,가좌1동,,37.4937511,126.6716291,valid_header_swapped,true
20260228,bus,bus:168000067,168000067,42067,가좌농협,서구,서해구,가좌1동,,37.4938692,126.6714437,valid_header_swapped,true
20260228,bus,bus:168000939,168000939,42939,가좌동차고,서구,서해구,가좌1동,,37.4920730,126.6511256,valid_header_swapped,true
20260228,bus,bus:168000522,168000522,42522,가좌동차고지,서구,서해구,가좌1동,,37.4924846,126.6498117,valid_header_swapped,true
20260228,bus,bus:168000090,168000090,42090,가좌두산위브104동앞,서구,서해구,가좌4동,,37.4922186,126.6870173,valid_header_swapped,true
20260228,bus,bus:168000043,168000043,42043,가좌사거리,서구,서해구,가좌4동,,37.4865630,126.6802913,valid_header_swapped,true
20260228,bus,bus:168000044,168000044,42044,가좌사거리,서구,서해구,가좌4동,,37.4867228,126.6805370,valid_header_swapped,true
20260228,bus,bus:168000100,168000100,42100,가좌진주아파트,서구,서해구,가좌3동,,37.4953167,126.6824909,valid_header_swapped,true
20260228,bus,bus:168000058,168000058,42058,가좌체육공원,서구,서해구,가좌2동,,37.4883552,126.6840402,valid_header_swapped,true
20260228,bus,bus:168000070,168000070,42070,가좌초등학교,서구,서해구,가좌4동,,37.4899961,126.6851241,valid_header_swapped,true
20260228,bus,bus:168000069,168000069,42069,가좌초등학교,서구,서해구,가좌2동,,37.4901087,126.6848551,valid_header_swapped,true
20260228,bus,bus:163000454,163000454,37454,가좌테니스장,미추홀구,미추홀구,주안5동,,37.4743078,126.6781629,valid_header_swapped,true
20260228,bus,bus:163000457,163000457,37457,가좌테니스장,미추홀구,미추홀구,주안5동,,37.4744199,126.6783812,valid_header_swapped,true
20260228,bus,bus:168000130,168000130,42130,가좌현대아파트,서구,서해구,가좌2동,,37.4972642,126.6854378,valid_header_swapped,true
20260228,bus,bus:168000133,168000133,42133,가좌현대아파트,서구,서해구,가좌3동,,37.4976863,126.6855457,valid_header_swapped,true
20260228,bus,bus:168000101,168000101,42101,가좌홈플러스(쌍마아파트),서구,서해구,가좌1동,,37.4989145,126.6719514,valid_header_swapped,true
20260228,bus,bus:168000103,168000103,42103,가좌홈플러스(쌍마아파트),서구,서해구,가좌1동,,37.4986325,126.6717305,valid_header_swapped,true
20260228,bus,bus:168000631,168000631,42631,가좌환경사업소,서구,서해구,가좌1동,,37.4979236,126.6478070,valid_header_swapped,true
20260228,bus,bus:168001341,168001341,89341,가좌환경사업소 북측,서구,서해구,가좌1동,,37.4990030,126.6445798,valid_header_swapped,true
20260228,bus,bus:168001342,168001342,89342,가좌환경사업소북측,서구,서해구,석남2동,,37.4992389,126.6445477,valid_header_swapped,true
20260228,bus,bus:164000284,164000284,38284,가천대학교,연수구,연수구,연수3동,,37.4237153,126.6866286,valid_header_swapped,true
20260228,bus,bus:164000270,164000270,38270,가천대학교,연수구,연수구,연수3동,,37.4213131,126.6881914,valid_header_swapped,true
20260228,bus,bus:164000269,164000269,38269,가천대학교(노인복지회관),연수구,연수구,연수3동,,37.4209795,126.6884082,valid_header_swapped,true
20260228,bus,bus:169000237,169000237,43237,가천의대,강화군,강화군,길상면,,37.6010344,126.4937941,valid_header_swapped,true
20260228,bus,bus:169000897,169000897,43897,가천의대,강화군,강화군,길상면,,37.6011670,126.4935208,valid_header_swapped,true
20260228,bus,bus:169000325,169000325,43325,가톨릭대,강화군,강화군,양도면,,37.6539816,126.4536534,valid_header_swapped,true
20260228,bus,bus:169000156,169000156,43156,가톨릭대,강화군,강화군,양도면,,37.6539719,126.4539330,valid_header_swapped,true
20260228,bus,bus:168000734,168000734,42734,가현오일뱅크,서구,검단구,검단1동,,37.6154005,126.6387488,valid_header_swapped,true
20260228,bus,bus:168000722,168000722,42722,가현중학교,서구,서해구,신현원창동,,37.5209376,126.6689761,valid_header_swapped,true
20260228,bus,bus:168001242,168001242,89242,가현초교앞(루에블리아파트),서구,서해구,신현원창동,,37.5228074,126.6675811,valid_header_swapped,true
20260228,bus,bus:168001243,168001243,89243,가현초교앞(센트럴타운아파트),서구,서해구,신현원창동,,37.5224756,126.6678022,valid_header_swapped,true
20260228,bus,bus:169000772,169000772,43772,각곡,강화군,강화군,하점면,,37.7726274,126.4169062,valid_header_swapped,true
20260228,bus,bus:169000602,169000602,43602,각곡,강화군,강화군,하점면,,37.7727834,126.4168373,valid_header_swapped,true
20260228,bus,bus:165000538,165000538,39538,간석4거리,남동구,남동구,간석2동,,37.4607784,126.7190187,valid_header_swapped,true
20260228,bus,bus:165000403,165000403,39403,간석4동행정복지센터,남동구,남동구,간석2동,,37.4668343,126.6984703,valid_header_swapped,true
20260228,bus,bus:165000412,165000412,39412,간석4동행정복지센터,남동구,남동구,간석2동,,37.4668888,126.6990714,valid_header_swapped,true
20260228,bus,bus:165000334,165000334,39334,간석금호어울림아파트,남동구,남동구,간석2동,,37.4594830,126.7083871,valid_header_swapped,true
20260228,bus,bus:163000529,163000529,37529,간석남부역,미추홀구,미추홀구,주안6동,,37.4635095,126.6943339,valid_header_swapped,true
20260228,bus,bus:163000435,163000435,37435,간석남부역,미추홀구,미추홀구,주안6동,,37.4642000,126.6943278,valid_header_swapped,true
20260228,bus,bus:163000429,163000429,37429,간석남부역,미추홀구,미추홀구,주안6동,,37.4632617,126.6946814,valid_header_swapped,true
20260228,bus,bus:165000394,165000394,39394,간석동용광경로당,남동구,남동구,간석2동,,37.4607762,126.7150968,valid_header_swapped,true
20260228,bus,bus:165000333,165000333,39333,간석래미안.자이,남동구,남동구,간석2동,,37.4582735,126.7087679,valid_header_swapped,true
20260228,bus,bus:165000806,165000806,39806,간석북부역,남동구,남동구,간석4동,,37.4653419,126.6938692,valid_header_swapped,true
20260228,bus,bus:165000807,165000807,39807,간석북부역,남동구,남동구,간석4동,,37.4652890,126.6936504,valid_header_swapped,true
20260228,bus,bus:165000368,165000368,39368,간석북부역·우성1차,남동구,남동구,간석4동,,37.4655957,126.6943505,valid_header_swapped,true
20260228,bus,bus:165000370,165000370,39370,간석북부역·우성1차,남동구,남동구,간석2동,,37.4657752,126.6942242,valid_header_swapped,true
20260228,bus,bus:165000414,165000414,39414,간석사거리,남동구,남동구,구월2동,,37.4604260,126.7202526,valid_header_swapped,true
20260228,bus,bus:165000413,165000413,39413,간석사거리,남동구,남동구,구월2동,,37.4604692,126.7199131,valid_header_swapped,true
20260228,bus,bus:165000430,165000430,39430,간석사거리,남동구,남동구,간석2동,,37.4615492,126.7204498,valid_header_swapped,true
20260228,bus,bus:165000422,165000422,39422,간석사거리(상인천중학교),남동구,남동구,간석3동,,37.4614913,126.7189744,valid_header_swapped,true
20260228,bus,bus:165000426,165000426,39426,간석사거리(상인천중학교),남동구,남동구,간석2동,,37.4619643,126.7187115,valid_header_swapped,true
20260228,bus,bus:165000434,165000434,39434,간석시장,남동구,남동구,간석2동,,37.4634963,126.7149416,valid_header_swapped,true
20260228,bus,bus:165000437,165000437,39437,간석시장,남동구,남동구,간석2동,,37.4640252,126.7138847,valid_header_swapped,true
20260228,bus,bus:165000436,165000436,39436,간석시장,남동구,남동구,간석3동,,37.4636744,126.7153005,valid_header_swapped,true
20260228,bus,bus:165000460,165000460,39460,간석오거리,남동구,남동구,간석2동,,37.4698021,126.7081884,valid_header_swapped,true
20260228,bus,bus:165000597,165000597,39597,간석오거리,남동구,남동구,간석2동,,37.4660793,126.7081975,valid_header_swapped,true
20260228,bus,bus:165000444,165000444,39444,간석오거리(교원공제조합),남동구,남동구,간석3동,,37.4654124,126.7111270,valid_header_swapped,true
20260228,bus,bus:165000446,165000446,39446,간석오거리(교원공제조합),남동구,남동구,간석2동,,37.4657553,126.7110530,valid_header_swapped,true
20260228,bus,bus:165000423,165000423,39423,간석오거리(인천웨딩홀),남동구,남동구,간석1동,,37.4649254,126.7079733,valid_header_swapped,true
20260228,bus,bus:165000406,165000406,39406,간석오거리(인천웨딩홀),남동구,남동구,간석2동,,37.4637235,126.7083547,valid_header_swapped,true
20260228,bus,bus:165000448,165000448,39448,간석오거리역(2번출구),남동구,남동구,간석2동,,37.4662067,126.7102205,valid_header_swapped,true
20260228,bus,bus:165000447,165000447,39447,간석오거리역(7번출구),남동구,남동구,간석4동,,37.4672295,126.7064819,valid_header_swapped,true
20260228,bus,bus:165000449,165000449,39449,간석오거리역(8번출구),남동구,남동구,간석4동,,37.4675255,126.7065563,valid_header_swapped,true
20260228,bus,bus:165000535,165000535,39535,간석지구대,남동구,남동구,간석2동,,37.4607140,126.7122537,valid_header_swapped,true
20260228,bus,bus:165000536,165000536,39536,간석지구대,남동구,남동구,간석2동,,37.4605932,126.7118513,valid_header_swapped,true
20260228,bus,bus:165001053,165001053,92053,간석풍림아파트,남동구,남동구,간석동,,37.4623410,126.6964144,valid_header_swapped,true
20260228,bus,bus:163000447,163000447,37447,간석한신더휴아파트맞은편,미추홀구,미추홀구,주안5동,,37.4684325,126.6870971,valid_header_swapped,true
20260228,bus,bus:168000347,168000347,42347,간재울초등학교,서구,서해구,검암경서동,,37.5606740,126.6730763,valid_header_swapped,true
20260228,bus,bus:169000518,169000518,43518,간촌,강화군,강화군,화도면,,37.6066325,126.4214868,valid_header_swapped,true
20260228,bus,bus:169000504,169000504,43504,간촌,강화군,강화군,화도면,,37.6066988,126.4217658,valid_header_swapped,true
20260228,bus,bus:166000943,166000943,40943,갈산1동행정복지센터,부평구,부평구,갈산동,,37.5177890,126.7264303,valid_header_swapped,true
20260228,bus,bus:166000550,166000550,40550,갈산대동아파트,부평구,부평구,갈산2동,,37.5119956,126.7240905,valid_header_swapped,true
20260228,bus,bus:166000567,166000567,40567,갈산동아아파트,부평구,부평구,갈산2동,,37.5115498,126.7296055,valid_header_swapped,true
20260228,bus,bus:166000622,166000622,40622,갈산동입구,부평구,부평구,청천2동,,37.5187574,126.7214907,valid_header_swapped,true
20260228,bus,bus:166000652,166000652,40652,갈산동천주교회,부평구,부평구,삼산1동,,37.5189969,126.7326198,valid_header_swapped,true
20260228,bus,bus:166000650,166000650,40650,갈산동천주교회맞은편,부평구,부평구,갈산1동,,37.5189028,126.7322778,valid_header_swapped,true
20260228,bus,bus:166000544,166000544,40544,갈산두산아파트,부평구,부평구,갈산2동,,37.5107911,126.7261500,valid_header_swapped,true
20260228,bus,bus:166000631,166000631,40631,갈산사거리,부평구,부평구,갈산1동,,37.5182992,126.7269900,valid_header_swapped,true
20260228,bus,bus:166000634,166000634,40634,갈산사거리,부평구,부평구,갈산1동,,37.5185696,126.7272897,valid_header_swapped,true
20260228,bus,bus:166000635,166000635,40635,갈산새마을금고,부평구,부평구,갈산1동,,37.5179274,126.7295618,valid_header_swapped,true
20260228,bus,bus:166000628,166000628,40628,갈산시장,부평구,부평구,갈산1동,,37.5179393,126.7263426,valid_header_swapped,true
20260228,bus,bus:166000629,166000629,40629,갈산시장.갈산도서관,부평구,부평구,갈산1동,,37.5178649,126.7276593,valid_header_swapped,true
20260228,bus,bus:166000602,166000602,40602,갈산역,부평구,부평구,갈산1동,,37.5169019,126.7226192,valid_header_swapped,true
20260228,bus,bus:166000601,166000601,40601,갈산역,부평구,부평구,갈산1동,,37.5166885,126.7226318,valid_header_swapped,true
20260228,bus,bus:166000604,166000604,40604,갈산역(1번출구),부평구,부평구,갈산1동,,37.5172463,126.7217872,valid_header_swapped,true
20260228,bus,bus:166000606,166000606,40606,갈산역(부평4공단)4번출구,부평구,부평구,청천2동,,37.5174065,126.7213790,valid_header_swapped,true
20260228,bus,bus:166000578,166000578,40578,갈산주공1단지,부평구,부평구,갈산2동,,37.5117616,126.7306779,valid_header_swapped,true
20260228,bus,bus:166000813,166000813,40813,갈산주공1단지105동,부평구,부평구,갈산2동,,37.5144243,126.7318361,valid_header_swapped,true
20260228,bus,bus:166000577,166000577,40577,갈산주공2단지,부평구,부평구,갈산2동,,37.5131497,126.7260781,valid_header_swapped,true
20260228,bus,bus:166000562,166000562,40562,갈산주공2단지,부평구,부평구,갈산2동,,37.5119160,126.7267658,valid_header_swapped,true
20260228,bus,bus:166000667,166000667,40667,갈산태화아파트,부평구,부평구,갈산1동,,37.5223378,126.7297524,valid_header_swapped,true
20260228,bus,bus:166000666,166000666,40666,갈산태화아파트,부평구,부평구,갈산1동,,37.5223445,126.7295488,valid_header_swapped,true
20260228,bus,bus:166000542,166000542,40542,갈산태화아파트,부평구,부평구,갈산2동,,37.5114765,126.7236594,valid_header_swapped,true
20260228,bus,bus:166000664,166000664,40664,갈산태화아파트,부평구,부평구,갈산1동,,37.5221571,126.7293234,valid_header_swapped,true
20260228,bus,bus:166000940,166000940,40940,갈삼사거리,부평구,부평구,갈산동,,37.5123704,126.7316569,valid_header_swapped,true
20260228,bus,bus:166000531,166000531,40531,갈월초등학교,부평구,부평구,갈산2동,,37.5104495,126.7255685,valid_header_swapped,true
20260228,bus,bus:167000491,167000491,41491,갈현경로당,계양구,계양구,계양1동,,37.5764945,126.7226604,valid_header_swapped,true
20260228,bus,bus:167000607,167000607,41607,갈현경로당앞,계양구,계양구,계양1동,,37.5763496,126.7223776,valid_header_swapped,true
20260228,bus,bus:167000609,167000609,41609,갈현교,계양구,계양구,계양1동,,37.5771897,126.7161590,valid_header_swapped,true
20260228,bus,bus:167000608,167000608,41608,갈현교,계양구,계양구,계양1동,,37.5773151,126.7161664,valid_header_swapped,true
20260228,bus,bus:167000617,167000617,41617,갈현교입구,계양구,계양구,계양1동,,37.5770694,126.7150113,valid_header_swapped,true
20260228,bus,bus:167000492,167000492,41492,갈현교입구,계양구,계양구,계양1동,,37.5771246,126.7149009,valid_header_swapped,true
20260228,bus,bus:167000351,167000351,41351,갈현동마을,계양구,계양구,계양1동,,37.5817617,126.7269863,valid_header_swapped,true
20260228,bus,bus:167000352,167000352,41352,갈현동마을,계양구,계양구,계양1동,,37.5819083,126.7271993,valid_header_swapped,true
20260228,bus,bus:169000365,169000365,43365,갑곶돈대.강화전쟁박물관,강화군,강화군,강화읍,,37.7332345,126.5151719,valid_header_swapped,true
20260228,bus,bus:169000728,169000728,43728,갑곶돈대.강화전쟁박물관,강화군,강화군,강화읍,,37.7331629,126.5149391,valid_header_swapped,true
20260228,bus,bus:169000726,169000726,43726,갑곶돈대입구,강화군,강화군,강화읍,,37.7358809,126.5148615,valid_header_swapped,true
20260228,bus,bus:169000367,169000367,43367,갑곶돈대입구,강화군,강화군,강화읍,,37.7358614,126.5146046,valid_header_swapped,true
20260228,bus,bus:169000374,169000374,43374,갑륭초교,강화군,강화군,강화읍,,37.7436636,126.5024311,valid_header_swapped,true
20260228,bus,bus:169000724,169000724,43724,갑륭초교,강화군,강화군,강화읍,,37.7435298,126.5022796,valid_header_swapped,true
20260228,bus,bus:161000125,161000125,35125,갑문,중구,제물포구,북성동,,37.4682157,126.6036404,valid_header_swapped,true
20260228,bus,bus:161000504,161000504,35504,갑문,중구,제물포구,북성동,,37.4680237,126.6034957,valid_header_swapped,true
20260228,bus,bus:168000173,168000173,42173,강남시장,서구,서해구,석남1동,,37.5119351,126.6727415,valid_header_swapped,true
20260228,bus,bus:168000172,168000172,42172,강남시장,서구,서해구,석남1동,,37.5119404,126.6725219,valid_header_swapped,true
20260228,bus,bus:122000614,122000614,32043,강남역,코드정보 없음,코드정보 없음,역삼1동,,37.4942773,127.0296022,outside_incheon_bounds,false
20260228,bus,bus:122000184,122000184,23287,강남역.역삼세무서,기타,기타,역삼1동,,37.4982595,127.0293633,outside_incheon_bounds,false
20260228,bus,bus:121000937,121000937,31076,강남역도시에빛,코드정보 없음,코드정보 없음,서초2동,,37.4948274,127.0289776,outside_incheon_bounds,false
20260228,bus,bus:121000541,121000541,31016,강남역서초현대타워앞,코드정보 없음,코드정보 없음,서초2동,,37.4966615,127.0280283,outside_incheon_bounds,false
20260228,bus,bus:169000278,169000278,43278,강남중교,강화군,강화군,길상면,,37.6428996,126.4796591,valid_header_swapped,true
20260228,bus,bus:169000213,169000213,43213,강남중교,강화군,강화군,길상면,,37.6425944,126.4798491,valid_header_swapped,true
20260228,bus,bus:115000588,115000588,16007,강서구청사거리.서울디지털대학교(중),기타,기타,서울시,,37.5549143,126.8553659,outside_incheon_bounds,false
20260228,bus,bus:115000589,115000589,16008,강서구청사거리.서울디지털대학교(중),기타,기타,서울시,,37.5551732,126.8543077,outside_incheon_bounds,false
20260228,bus,bus:282807059,282807059,,강서세무서(경유),코드정보 없음,코드정보 없음,양평제1동,,37.5305813,126.8883421,outside_incheon_bounds,false
20260228,bus,bus:169000660,169000660,43660,강서중학교,강화군,강화군,하점면,,37.7720448,126.3911759,valid_header_swapped,true
20260228,bus,bus:169000898,169000898,43898,강서중학교,강화군,강화군,하점면,,37.7717579,126.3910894,valid_header_swapped,true
20260228,bus,bus:166000022,166000022,40022,강인여객,부평구,부평구,십정1동,,37.4748441,126.6891881,valid_header_swapped,true
20260228,bus,bus:166000020,166000020,40020,강인여객,부평구,부평구,십정1동,,37.4744115,126.6902084,valid_header_swapped,true
20260228,bus,bus:169000671,169000671,43671,강화갯벌장어,강화군,강화군,길상면,,37.6153652,126.5349088,valid_header_swapped,true
20260228,bus,bus:169000633,169000633,43633,강화갯벌장어,강화군,강화군,길상면,,37.6143539,126.5342135,valid_header_swapped,true
20260228,bus,bus:169000624,169000624,43624,강화경찰서,강화군,강화군,강화읍,,37.7472720,126.4867346,valid_header_swapped,true
20260228,bus,bus:169000209,169000209,43209,강화경찰서,강화군,강화군,강화읍,,37.7472169,126.4868727,valid_header_swapped,true
20260228,bus,bus:169000564,169000564,43564,강화고등학교,강화군,강화군,강화읍,,37.7474689,126.4747722,valid_header_swapped,true
20260228,bus,bus:169000761,169000761,43761,강화고등학교,강화군,강화군,강화읍,,37.7473381,126.4746225,valid_header_swapped,true
20260228,bus,bus:169000055,169000055,43055,강화군 행복센터,강화군,강화군,강화읍,,37.7397256,126.4884467,valid_header_swapped,true
20260228,bus,bus:169000056,169000056,43056,강화군 행복센터,강화군,강화군,강화읍,,37.7399835,126.4882867,valid_header_swapped,true
20260228,bus,bus:169001374,169001374,90374,강화군노인문화센터,강화군,강화군,길상면,,37.6413831,126.4874884,valid_header_swapped,true
20260228,bus,bus:169001373,169001373,90373,강화군노인문화센터,강화군,강화군,길상면,,37.6417524,126.4878564,valid_header_swapped,true
20260228,bus,bus:169000065,169000065,43065,강화군청,강화군,강화군,강화읍,,37.7460520,126.4867358,valid_header_swapped,true
20260228,bus,bus:169000108,169000108,43108,강화군청,강화군,강화군,강화읍,,37.7463058,126.4859226,valid_header_swapped,true
20260228,bus,bus:169001488,169001488,90488,"강화군청,수라면옥",강화군,강화군,강화군,,37.7457905,126.4885316,valid_header_swapped,true
20260228,bus,bus:169001487,169001487,90487,"강화군청,수라면옥",강화군,강화군,강화읍,,37.7456909,126.4886750,valid_header_swapped,true
20260228,bus,bus:169000250,169000250,43250,강화루지.강남상회,강화군,강화군,길상면,,37.6194778,126.5009881,valid_header_swapped,true
20260228,bus,bus:169000150,169000150,43150,강화루지.강남상회,강화군,강화군,길상면,,37.6193471,126.5007768,valid_header_swapped,true
20260228,bus,bus:169000002,169000002,43002,강화마니산,강화군,강화군,화도면,,37.6316461,126.4335590,valid_header_swapped,true
20260228,bus,bus:169000001,169000001,43001,강화마니산,강화군,강화군,화도면,,37.6311147,126.4346968,valid_header_swapped,true
20260228,bus,bus:169000098,169000098,43098,강화문화원.종합전시관,강화군,강화군,강화읍,,37.7423380,126.4879459,valid_header_swapped,true
20260228,bus,bus:169000097,169000097,43097,강화문화원.종합전시관,강화군,강화군,강화읍,,37.7422254,126.4879013,valid_header_swapped,true
20260228,bus,bus:169000089,169000089,43089,강화병원,강화군,강화군,강화읍,,37.7413799,126.4954036,valid_header_swapped,true
20260228,bus,bus:169000088,169000088,43088,강화병원,강화군,강화군,강화읍,,37.7419219,126.4947188,valid_header_swapped,true
20260228,bus,bus:169001123,169001123,90123,강화산단,강화군,강화군,강화읍,,37.7640961,126.5079556,valid_header_swapped,true
20260228,bus,bus:169001124,169001124,90124,강화산단,강화군,강화군,강화읍,,37.7641370,126.5077508,valid_header_swapped,true
20260228,bus,bus:169001097,169001097,90097,강화산단입구,강화군,강화군,강화읍,,37.7582249,126.4930470,valid_header_swapped,true
20260228,bus,bus:169001096,169001096,90096,강화산단입구,강화군,강화군,강화읍,,37.7583377,126.4932052,valid_header_swapped,true
20260228,bus,bus:169000081,169000081,43081,강화산성서문,강화군,강화군,강화읍,,37.7476617,126.4758002,valid_header_swapped,true
20260228,bus,bus:169000080,169000080,43080,강화산성서문,강화군,강화군,강화읍,,37.7475522,126.4757662,valid_header_swapped,true
20260228,bus,bus:169000064,169000064,43064,강화서문,강화군,강화군,강화읍,,37.7481917,126.4763395,valid_header_swapped,true
20260228,bus,bus:169000063,169000063,43063,강화서문,강화군,강화군,강화읍,,37.7483255,126.4759196,valid_header_swapped,true
20260228,bus,bus:169000587,169000587,43587,강화소방서,강화군,강화군,불은면,,37.7124826,126.4588688,valid_header_swapped,true
20260228,bus,bus:169000364,169000364,43364,강화소방서,강화군,강화군,불은면,,37.7126025,126.4588728,valid_header_swapped,true
20260228,bus,bus:169000467,169000467,43467,강화수양관앞,강화군,강화군,양사면,,37.8049782,126.4238683,valid_header_swapped,true
20260228,bus,bus:169000732,169000732,43732,강화수양관앞,강화군,강화군,양사면,,37.8049504,126.4236126,valid_header_swapped,true
20260228,bus,bus:169000066,169000066,43066,강화슈퍼,강화군,강화군,강화읍,,37.7475762,126.4823363,valid_header_swapped,true
20260228,bus,bus:169000068,169000068,43068,강화슈퍼,강화군,강화군,강화읍,,37.7477542,126.4823096,valid_header_swapped,true
20260228,bus,bus:169000799,169000799,43799,강화아시아드BMX경기장,강화군,강화군,강화읍,,37.7545130,126.4700581,valid_header_swapped,true
20260228,bus,bus:169001481,169001481,90481,강화여자중학교,강화군,강화군,강화읍,,37.7440067,126.4943411,valid_header_swapped,true
20260228,bus,bus:169001334,169001334,90334,강화여자중학교,강화군,강화군,강화읍,,37.7440466,126.4944187,valid_header_swapped,true
20260228,bus,bus:169000601,169000601,43601,강화역사박물관(고인돌),강화군,강화군,하점면,,37.7722288,126.4360734,valid_header_swapped,true
20260228,bus,bus:169000670,169000670,43670,강화역사박물관(고인돌),강화군,강화군,하점면,,37.7723161,126.4362749,valid_header_swapped,true
20260228,bus,bus:169001485,169001485,90485,강화유치원,강화군,강화군,강화읍,,37.7488229,126.4874847,valid_header_swapped,true
20260228,bus,bus:169001484,169001484,90484,강화유치원,강화군,강화군,강화읍,,37.7487564,126.4874791,valid_header_swapped,true
20260228,bus,bus:169000946,169000946,43946,강화장례식장,강화군,강화군,강화읍,,37.7366429,126.4882853,valid_header_swapped,true
20260228,bus,bus:169000918,169000918,43918,강화장례식장,강화군,강화군,강화읍,,37.7366287,126.4880697,valid_header_swapped,true
20260228,bus,bus:169000623,169000623,43623,강화중학교,강화군,강화군,강화읍,,37.7490554,126.4908183,valid_header_swapped,true
20260228,bus,bus:169000207,169000207,43207,강화중학교,강화군,강화군,강화읍,,37.7491324,126.4907373,valid_header_swapped,true
20260228,bus,bus:169000057,169000057,43057,강화터미널,강화군,강화군,강화읍,,37.7395106,126.4895855,valid_header_swapped,true
20260228,bus,bus:169000058,169000058,43058,강화터미널,강화군,강화군,강화읍,,37.7400233,126.4897959,valid_header_swapped,true
20260228,bus,bus:169000096,169000096,43096,강화터미널,강화군,강화군,강화읍,,37.7395495,126.4910474,valid_header_swapped,true
20260228,bus,bus:169001325,169001325,90325,개건너,강화군,강화군,삼산면,,37.7282855,126.2969762,valid_header_swapped,true
20260228,bus,bus:169001326,169001326,90326,개건너,강화군,강화군,삼산면,,37.7283453,126.2969402,valid_header_swapped,true
20260228,bus,bus:161000198,161000198,35198,개항동 어울터,중구,제물포구,송월동,,37.4797781,126.6242542,valid_header_swapped,true
20260228,bus,bus:161000197,161000197,35197,개항동 어울터,중구,제물포구,송월동,,37.4796218,126.6239552,valid_header_swapped,true
20260228,bus,bus:115000071,115000071,25023,개화119안전센터,코드정보 없음,코드정보 없음,방화제2동,,37.5751050,126.8021962,valid_header_swapped,false
20260228,bus,bus:115000070,115000070,25024,개화119안전센터,코드정보 없음,코드정보 없음,방화제2동,,37.5753134,126.8025317,valid_header_swapped,false
20260228,bus,bus:115000072,115000072,25031,개화역1번출구.개화검문소,코드정보 없음,코드정보 없음,방화2동,,37.5782389,126.8005191,valid_header_swapped,false
20260228,bus,bus:115000073,115000073,25030,개화역1번출구.개화검문소,코드정보 없음,코드정보 없음,방화2동,,37.5784169,126.7999761,valid_header_swapped,false
20260228,bus,bus:115000320,115000320,25182,개화역광역환승센터,코드정보 없음,코드정보 없음,방화2동,,37.5783983,126.7976048,valid_header_swapped,false
20260228,bus,bus:161000667,161000667,35667,갤러리84입구,중구,영종구,운북동,,37.5280724,126.5153582,valid_header_swapped,true
20260228,bus,bus:161000666,161000666,35666,갤러리84입구,중구,영종구,운북동,,37.5278357,126.5150355,valid_header_swapped,true
20260228,bus,bus:169000513,169000513,43513,갯벌슈퍼,강화군,강화군,화도면,,37.5936098,126.4507935,valid_header_swapped,true
20260228,bus,bus:169000410,169000410,43410,갯벌슈퍼,강화군,강화군,화도면,,37.5937504,126.4510627,valid_header_swapped,true
20260228,bus,bus:168000136,168000136,42136,거북시장,서구,서해구,석남2동,,37.5024185,126.6721672,valid_header_swapped,true
20260228,bus,bus:168000132,168000132,42132,거북시장,서구,서해구,석남2동,,37.5018086,126.6719278,valid_header_swapped,true
20260228,bus,bus:165000137,165000137,39137,거산정공.(주)록키,남동구,남동구,남촌도림동,,37.4200165,126.7025795,valid_header_swapped,true
20260228,bus,bus:161000303,161000303,35303,거잠포선착장,중구,영종구,용유동,,37.4227350,126.4246254,valid_header_swapped,true
20260228,bus,bus:161000302,161000302,35302,거잠포선착장,중구,영종구,용유동,,37.4226460,126.4246844,valid_header_swapped,true
20260228,bus,bus:161000588,161000588,35588,거잠포회센터,중구,영종구,영종동,,37.4230678,126.4287088,valid_header_swapped,true
20260228,bus,bus:104000304,104000304,5499,건대입구(가상),기타,기타,화양동,,,,missing,false
20260228,bus,bus:165000354,165000354,39354,건설기술교육원,남동구,남동구,만수1동,,37.4506824,126.7351732,valid_header_swapped,true
20260228,bus,bus:165000353,165000353,39353,건설기술교육원,남동구,남동구,만수1동,,37.4509395,126.7349962,valid_header_swapped,true
20260228,bus,bus:164000069,164000069,38069,건영아파트·나사렛국제병원,연수구,연수구,동춘1동,,37.4078725,126.6700292,valid_header_swapped,true
20260228,bus,bus:169000094,169000094,43094,건일아파트,강화군,강화군,길상면,,37.6391416,126.4874627,valid_header_swapped,true
20260228,bus,bus:169000015,169000015,43015,건일아파트,강화군,강화군,길상면,,37.6390968,126.4873611,valid_header_swapped,true
20260228,bus,bus:168000883,168000883,42883,건지사거리,서구,서해구,가좌3동,,37.4966889,126.6840923,valid_header_swapped,true
20260228,bus,bus:168000882,168000882,42882,건지사거리,서구,서해구,가좌2동,,37.4965999,126.6842999,valid_header_swapped,true
20260228,bus,bus:169000186,169000186,43186,건평,강화군,강화군,양도면,,37.6835070,126.4036731,valid_header_swapped,true
20260228,bus,bus:169000168,169000168,43168,건평,강화군,강화군,양도면,,37.6833281,126.4038268,valid_header_swapped,true
20260228,bus,bus:169000187,169000187,43187,건평리,강화군,강화군,양도면,,37.6814478,126.3979997,valid_header_swapped,true
20260228,bus,bus:169000651,169000651,43651,건평리,강화군,강화군,양도면,,37.6812628,126.3978511,valid_header_swapped,true
20260228,bus,bus:169000594,169000594,43594,건평마을회관,강화군,강화군,양도면,,37.6825673,126.4017558,valid_header_swapped,true
20260228,bus,bus:169000170,169000170,43170,건평입구,강화군,강화군,양도면,,37.6890559,126.4184071,valid_header_swapped,true
20260228,bus,bus:169000331,169000331,43331,건평입구,강화군,강화군,양도면,,37.6889652,126.4187570,valid_header_swapped,true
20260228,bus,bus:232000673,232000673,35610,걸포북변역.국민연금공단,기타,기타,걸포동,,37.6318074,126.7057616,valid_header_swapped,false
20260228,bus,bus:232000605,232000605,35560,걸포북변역.국민연금공단,기타,기타,북변동,,37.6314926,126.7056170,valid_header_swapped,false
20260228,bus,bus:232000739,232000739,35657,걸포사거리.김포우리병원,기타,기타,북변동,,37.6305051,126.7103975,valid_header_swapped,false
20260228,bus,bus:232000606,232000606,35561,걸포사거리.우리병원,기타,기타,북변동,,37.6311400,126.7100156,valid_header_swapped,false
20260228,bus,bus:232000695,232000695,35632,걸포초교,기타,기타,걸포동,,,,missing,false
20260228,bus,bus:168001575,168001575,89575,검단1교차로,서구,검단구,오류왕길동,,37.5957292,126.6448733,valid_header_swapped,true
20260228,bus,bus:168001576,168001576,89576,검단1교차로,서구,검단구,오류왕길동,,37.5956902,126.6442782,valid_header_swapped,true
20260228,bus,bus:168001458,168001458,89458,검단1차피오레·금호어울림아파트,서구,검단구,마전동,,37.5953694,126.6673042,valid_header_swapped,true
20260228,bus,bus:168001457,168001457,89457,검단1차피오레·금호어울림아파트,서구,검단구,마전동,,37.5953661,126.6669701,valid_header_swapped,true
20260228,bus,bus:168001581,168001581,89581,검단2교차로,서구,검단구,왕길동,,37.5890909,126.6465645,valid_header_swapped,true
20260228,bus,bus:168001619,168001619,89619,검단AA25단지,서구,검단구,불로동,,37.6091365,126.6898645,valid_header_swapped,true
20260228,bus,bus:168001558,168001558,89558,검단LH13단지후문,서구,검단구,아라동,,37.5834356,126.7035795,valid_header_swapped,true
20260228,bus,bus:168001559,168001559,89559,검단LH13단지후문,서구,검단구,아라동,,37.5834458,126.7044159,valid_header_swapped,true
20260228,bus,bus:168001545,168001545,89545,검단LH26단지아파트,서구,검단구,원당동,,37.5970948,126.7153634,valid_header_swapped,true
20260228,bus,bus:168001553,168001553,89553,검단LH26단지후문,서구,검단구,아라동,,37.5990982,126.7155923,valid_header_swapped,true
20260228,bus,bus:168001549,168001549,89549,검단LH36단지,서구,검단구,당하동,,37.5889982,126.6826931,valid_header_swapped,true
20260228,bus,bus:168001548,168001548,89548,검단LH36단지,서구,검단구,당하동,,37.5893206,126.6827769,valid_header_swapped,true
20260228,bus,bus:168001408,168001408,89408,검단LH행복주택,서구,검단구,아라동,,37.5894083,126.7176024,valid_header_swapped,true
20260228,bus,bus:168001053,168001053,89053,검단공구상가,서구,검단구,오류왕길동,,37.5937905,126.6143862,valid_header_swapped,true
20260228,bus,bus:168001065,168001065,89065,검단공구상가,서구,검단구,오류왕길동,,37.5935763,126.6142633,valid_header_swapped,true
20260228,bus,bus:168001546,168001546,89546,검단금호어울림센트럴아파트,서구,검단구,원당동,,37.5970253,126.7151888,valid_header_swapped,true
20260228,bus,bus:168000695,168000695,42695,검단노인복지관,서구,검단구,검단1동,,37.6032266,126.6609904,valid_header_swapped,true
20260228,bus,bus:168001324,168001324,89324,검단농기구센터,서구,검단구,대곡동,,37.6158825,126.6729873,valid_header_swapped,true
20260228,bus,bus:168001316,168001316,89316,검단농기구센터,서구,검단구,대곡동,,37.6158489,126.6727909,valid_header_swapped,true
20260228,bus,bus:168000432,168000432,42432,검단농협,서구,검단구,검단1동,,37.6026089,126.6592970,valid_header_swapped,true
20260228,bus,bus:168000434,168000434,42434,검단농협,서구,검단구,검단1동,,37.6031702,126.6601812,valid_header_swapped,true
20260228,bus,bus:168001467,168001467,89467,검단대성베르힐,서구,검단구,아라동,,37.5824063,126.7084975,valid_header_swapped,true
20260228,bus,bus:168000441,168000441,42441,검단동행정복지센터(검단고교),서구,검단구,검단1동,,37.6038638,126.6624758,valid_header_swapped,true
20260228,bus,bus:168000445,168000445,42445,검단동행정복지센터(검단고교),서구,검단구,검단1동,,37.6043132,126.6631197,valid_header_swapped,true
20260228,bus,bus:168001477,168001477,89477,검단디에트르리버파크,서구,검단구,아라동,,37.5902064,126.7213311,valid_header_swapped,true
20260228,bus,bus:168001476,168001476,89476,검단디에트르리버파크,서구,검단구,아라동,,37.5903778,126.7212391,valid_header_swapped,true
20260228,bus,bus:168001612,168001612,89612,검단로744번길,서구,검단구,불로대곡동,,37.6116778,126.6839646,valid_header_swapped,true
20260228,bus,bus:168001611,168001611,89611,검단로744번길,서구,검단구,불로대곡동,,37.6119340,126.6835202,valid_header_swapped,true
20260228,bus,bus:168001483,168001483,89483,검단로제비앙라포레,서구,검단구,아라동,,37.6023330,126.7119755,valid_header_swapped,true
20260228,bus,bus:167000339,167000339,41339,검단로지스틱스파크,서구,검단구,아라동,,37.5791864,126.7107566,valid_header_swapped,true
20260228,bus,bus:168000395,168000395,42395,검단로지스틱스파크,서구,검단구,원당동,,37.5793857,126.7110345,valid_header_swapped,true
20260228,bus,bus:168000384,168000384,42384,검단메가박스,서구,검단구,당하동,,37.5878229,126.6757858,valid_header_swapped,true
20260228,bus,bus:168000383,168000383,42383,검단메가박스,서구,검단구,당하동,,37.5877396,126.6759033,valid_header_swapped,true
20260228,bus,bus:168001466,168001466,89466,검단모아미래도엘리트,서구,검단구,아라동,,37.5828083,126.7078492,valid_header_swapped,true
20260228,bus,bus:168000483,168000483,42483,검단모아엘가그랑데아파트,서구,검단구,원당동,,37.5942597,126.7186324,valid_header_swapped,true
20260228,bus,bus:168000423,168000423,42423,검단사거리(구.검단출장소),서구,검단구,오류왕길동,,37.6013789,126.6589618,valid_header_swapped,true
20260228,bus,bus:168000424,168000424,42424,검단사거리(구.검단출장소),서구,검단구,검단1동,,37.6011873,126.6601591,valid_header_swapped,true
20260228,bus,bus:168000537,168000537,42537,검단사거리역,서구,검단구,오류왕길동,,37.6018385,126.6572247,valid_header_swapped,true
20260228,bus,bus:168000426,168000426,42426,검단사거리역,서구,검단구,오류왕길동,,37.6025682,126.6565216,valid_header_swapped,true
20260228,bus,bus:168000419,168000419,42419,검단사거리역,서구,검단구,오류왕길동,,37.6019932,126.6569441,valid_header_swapped,true
20260228,bus,bus:168000427,168000427,42427,검단사거리역,서구,검단구,검단1동,,37.6026809,126.6566944,valid_header_swapped,true
20260228,bus,bus:168000428,168000428,42428,검단소방서,서구,검단구,검단1동,,37.5940315,126.6826437,valid_header_swapped,true
20260228,bus,bus:168000431,168000431,42431,검단소방서,서구,검단구,검단1동,,37.5941997,126.6811213,valid_header_swapped,true
20260228,bus,bus:168001550,168001550,89550,검단소방서후문,서구,검단구,당하동,,37.5933515,126.6819219,valid_header_swapped,true
20260228,bus,bus:168001415,168001415,89415,검단신도시예미지더시그너스,서구,검단구,당하동,,37.5827183,126.7056134,valid_header_swapped,true
20260228,bus,bus:168001416,168001416,89416,검단신도시예미지더시그너스,서구,검단구,당하동,,37.5824253,126.7057457,valid_header_swapped,true
20260228,bus,bus:168001409,168001409,89409,검단신도시우미린리버포레,서구,검단구,아라동,,37.5895782,126.7176093,valid_header_swapped,true
20260228,bus,bus:168001512,168001512,89512,검단신안인스빌어반퍼스트,서구,검단구,아라동,,37.5807166,126.7132784,valid_header_swapped,true
20260228,bus,bus:168001511,168001511,89511,검단신안인스빌어반퍼스트,서구,검단구,아라동,,37.5808814,126.7130049,valid_header_swapped,true
20260228,bus,bus:168001543,168001543,89543,검단예미지트리플에듀,서구,검단구,아라동,,37.6015311,126.7139570,valid_header_swapped,true
20260228,bus,bus:168001551,168001551,89551,검단예미지트리플에듀,서구,검단구,아라동,,37.6014920,126.7136835,valid_header_swapped,true
20260228,bus,bus:168001552,168001552,89552,검단예미지트리플에듀2701동,서구,검단구,아라동,,37.5990983,126.7153327,valid_header_swapped,true
20260228,bus,bus:168001484,168001484,89484,검단예미지트리플에듀아파트,서구,검단구,아라동,,37.6021245,126.7120213,valid_header_swapped,true
20260228,bus,bus:168000703,168000703,42703,검단오류공단,서구,검단구,오류왕길동,,37.5891380,126.6260913,valid_header_swapped,true
20260228,bus,bus:168000702,168000702,42702,검단오류공단,서구,검단구,오류왕길동,,37.5893351,126.6260229,valid_header_swapped,true
20260228,bus,bus:168001060,168001060,89060,검단오류역,서구,검단구,오류왕길동,,37.5946993,126.6278843,valid_header_swapped,true
20260228,bus,bus:168001057,168001057,89057,검단오류역,서구,검단구,오류왕길동,,37.5949209,126.6278371,valid_header_swapped,true
20260228,bus,bus:168001068,168001068,89068,검단오류역우방아이유쉘,서구,검단구,오류왕길동,,37.5955975,126.6326222,valid_header_swapped,true
20260228,bus,bus:168001067,168001067,89067,검단오류역우방아이유쉘,서구,검단구,오류왕길동,,37.5965269,126.6326471,valid_header_swapped,true
20260228,bus,bus:168001252,168001252,89252,검단오류풍림아이원,서구,검단구,오류왕길동,,37.6000859,126.6380380,valid_header_swapped,true
20260228,bus,bus:168001251,168001251,89251,검단오류풍림아이원,서구,검단구,오류왕길동,,37.6000452,126.6382630,valid_header_swapped,true
20260228,bus,bus:168001526,168001526,89526,검단우미린더헤리티지,서구,검단구,아라동,,37.5921792,126.7186065,valid_header_swapped,true
20260228,bus,bus:168001525,168001525,89525,검단우미린더헤리티지,서구,검단구,아라동,,37.5921398,126.7184335,valid_header_swapped,true
20260228,bus,bus:168001499,168001499,89499,검단우미린파크뷰1단지,서구,검단구,아라동,,37.5839813,126.7171525,valid_header_swapped,true
20260228,bus,bus:168001500,168001500,89500,검단우미린파크뷰1단지,서구,검단구,아라동,,37.5842124,126.7173298,valid_header_swapped,true
20260228,bus,bus:168001469,168001469,89469,검단우미린파크뷰2단지,서구,검단구,아라동,,37.5833544,126.7157302,valid_header_swapped,true
20260228,bus,bus:168001501,168001501,89501,검단우미린파크뷰2단지,서구,검단구,아라동,,37.5835059,126.7156385,valid_header_swapped,true
20260228,bus,bus:168000688,168000688,42688,검단우방아이유쉘아파트,서구,검단구,검단1동,,37.6033576,126.6535878,valid_header_swapped,true
20260228,bus,bus:168000400,168000400,42400,검단원흥아파트,서구,검단구,오류왕길동,,37.5992944,126.6516189,valid_header_swapped,true
20260228,bus,bus:168000401,168000401,42401,검단원흥아파트,서구,검단구,오류왕길동,,37.5994768,126.6515092,valid_header_swapped,true
20260228,bus,bus:168001567,168001567,89567,검단유승한내들에듀파크정문,서구,검단구,아라동,,37.5882835,126.7055285,valid_header_swapped,true
20260228,bus,bus:168001063,168001063,89063,검단지식산업센타,서구,검단구,오류왕길동,,37.5963176,126.6139706,valid_header_swapped,true
20260228,bus,bus:168001054,168001054,89054,검단지식산업센타,서구,검단구,오류왕길동,,37.5959686,126.6140422,valid_header_swapped,true
20260228,bus,bus:168001590,168001590,89590,검단천로,서구,검단구,오류동,,37.5918799,126.6141530,valid_header_swapped,true
20260228,bus,bus:168001591,168001591,89591,검단천로,서구,검단구,오류동,,37.5919599,126.6138449,valid_header_swapped,true
20260228,bus,bus:168000482,168000482,42482,검단초등학교,서구,검단구,검단1동,,37.6095742,126.6708983,valid_header_swapped,true
20260228,bus,bus:168000475,168000475,42475,검단초등학교,서구,검단구,검단1동,,37.6093801,126.6699634,valid_header_swapped,true
20260228,bus,bus:168001333,168001333,89333,검단초등학교,서구,검단구,검단1동,,37.6100200,126.6703144,valid_header_swapped,true
20260228,bus,bus:168001332,168001332,89332,검단초등학교,서구,검단구,검단1동,,37.6101011,126.6701809,valid_header_swapped,true
20260228,bus,bus:168001596,168001596,89596,검단탑종합병원,서구,검단구,당하동,,37.5928352,126.6701895,valid_header_swapped,true
20260228,bus,bus:168000877,168000877,42877,검단탑종합병원,서구,검단구,당하동,,37.5932142,126.6704307,valid_header_swapped,true
20260228,bus,bus:168000422,168000422,42422,검단하나아파트,서구,검단구,검단1동,,37.6036480,126.6519239,valid_header_swapped,true
20260228,bus,bus:168000421,168000421,42421,검단하나아파트,서구,검단구,오류왕길동,,37.6035493,126.6515021,valid_header_swapped,true
20260228,bus,bus:168001404,168001404,89404,검단한신더휴캐널파크1103동,서구,검단구,아라동,,37.5893822,126.7072817,valid_header_swapped,true
20260228,bus,bus:168001405,168001405,89405,검단한신더휴캐널파크1103동,서구,검단구,아라동,,37.5893526,126.7075641,valid_header_swapped,true
20260228,bus,bus:168001566,168001566,89566,검단한신더휴캐널파크정문,서구,검단구,아라동,,37.5884025,126.7052755,valid_header_swapped,true
20260228,bus,bus:168001584,168001584,89584,검단호수공원역,서구,검단구,불로동,,37.6029911,126.6883572,valid_header_swapped,true
20260228,bus,bus:168001585,168001585,89585,검단호수공원역,서구,검단구,불로동,,37.6031483,126.6878779,valid_header_swapped,true
20260228,bus,bus:168001597,168001597,89597,검단힐스테이트4차,서구,검단구,당하동,,37.5876170,126.6728790,valid_header_swapped,true
20260228,bus,bus:168000558,168000558,42558,검단힐스테이트5차아파트,서구,검단구,마전동,,37.5942298,126.6693162,valid_header_swapped,true
20260228,bus,bus:168000557,168000557,42557,검단힐스테이트5차아파트,서구,검단구,당하동,,37.5941118,126.6679118,valid_header_swapped,true
20260228,bus,bus:168001607,168001607,89607,검마루로.검단AA21단지,서구,검단구,불로동,,37.6133363,126.7011498,valid_header_swapped,true
20260228,bus,bus:168001618,168001618,89618,검마루로.금강펜테리움,서구,검단구,불로동,,37.6116359,126.6937908,valid_header_swapped,true
20260228,bus,bus:168001620,168001620,89620,검마루로.중흥S클래스,서구,검단구,불로동,,37.6088562,126.6897829,valid_header_swapped,true
20260228,bus,bus:168001606,168001606,89606,검마루로.풍경채어바니티2차,서구,검단구,불로동,,37.6133009,126.6972586,valid_header_swapped,true
20260228,bus,bus:168001608,168001608,89608,검마루로.풍경채어바니티2차,서구,검단구,불로동,,37.6122815,126.6953070,valid_header_swapped,true
20260228,bus,bus:169001042,169001042,90042,검문소,강화군,강화군,하점면,,37.7823492,126.3988049,valid_header_swapped,true
20260228,bus,bus:169001043,169001043,90043,검문소,강화군,강화군,하점면,,37.7817013,126.3991998,valid_header_swapped,true
20260228,bus,bus:169000812,169000812,43812,검문소,강화군,강화군,하점면,,37.7824682,126.3989526,valid_header_swapped,true
20260228,bus,bus:169000662,169000662,43662,검문소,강화군,강화군,하점면,,37.7815867,126.3993094,valid_header_swapped,true
20260228,bus,bus:168000349,168000349,42349,검바위역,서구,서해구,검암경서동,,37.5603573,126.6777382,valid_header_swapped,true
20260228,bus,bus:168000348,168000348,42348,검바위역,서구,서해구,검암경서동,,37.5603665,126.6773679,valid_header_swapped,true
20260228,bus,bus:168000353,168000353,42353,검암경서동행정복지센터,서구,서해구,검암경서동,,37.5640770,126.6732295,valid_header_swapped,true
20260228,bus,bus:168000352,168000352,42352,검암경서동행정복지센터,서구,서해구,검암경서동,,37.5637017,126.6734258,valid_header_swapped,true
20260228,bus,bus:168000358,168000358,42358,검암사거리,서구,서해구,검암경서동,,37.5656791,126.6768919,valid_header_swapped,true
20260228,bus,bus:168000357,168000357,42357,검암사거리,서구,서해구,검암경서동,,37.5642955,126.6775604,valid_header_swapped,true
20260228,bus,bus:168000356,168000356,42356,검암사거리,서구,서해구,검암경서동,,37.5647514,126.6778800,valid_header_swapped,true
20260228,bus,bus:168000364,168000364,42364,검암역(시내방면),서구,서해구,검암경서동,,37.5683580,126.6743584,valid_header_swapped,true
20260228,bus,bus:168000363,168000363,42363,검암역(원당방면),서구,서해구,검암경서동,,37.5684879,126.6737329,valid_header_swapped,true
20260228,bus,bus:168000360,168000360,42360,검암역.서해그랑블아파트,서구,서해구,검암경서동,,37.5677225,126.6763685,valid_header_swapped,true
20260228,bus,bus:168001167,168001167,89167,검암역로열파크씨티푸르지오1단지,서구,서해구,검암경서동,,37.5778161,126.6658557,valid_header_swapped,true
20260228,bus,bus:168001168,168001168,89168,검암역로열파크씨티푸르지오1단지,서구,서해구,검암경서동,,37.5779848,126.6656255,valid_header_swapped,true
20260228,bus,bus:168001169,168001169,89169,검암역로열파크씨티푸르지오2단지,서구,서해구,검암경서동,,37.5767922,126.6708124,valid_header_swapped,true
20260228,bus,bus:168001170,168001170,89170,검암역로열파크씨티푸르지오2단지,서구,서해구,검암경서동,,37.5770093,126.6713070,valid_header_swapped,true
20260228,bus,bus:168000851,168000851,42851,검암역입구,서구,서해구,검암경서동,,37.5685496,126.6767626,valid_header_swapped,true
20260228,bus,bus:168000852,168000852,42852,검암역입구,서구,서해구,검암경서동,,37.5684823,126.6763896,valid_header_swapped,true
20260228,bus,bus:168001250,168001250,89250,검암역입구(시천교밑),서구,서해구,검암경서동,,37.5689683,126.6765620,valid_header_swapped,true
20260228,bus,bus:168000362,168000362,42362,검암중학교,서구,서해구,검암경서동,,37.5663119,126.6809836,valid_header_swapped,true
20260228,bus,bus:168000359,168000359,42359,검암중학교,서구,서해구,검암경서동,,37.5663510,126.6796734,valid_header_swapped,true
20260228,bus,bus:168000361,168000361,42361,검암초등학교,서구,서해구,검암경서동,,37.5677479,126.6767748,valid_header_swapped,true
20260228,bus,bus:164000771,164000771,38769,겐트대학교글로벌캠퍼스,연수구,연수구,송도3동,,37.3743287,126.6648056,valid_header_swapped,true
20260228,bus,bus:164000772,164000772,38770,겐트대학교글로벌캠퍼스,연수구,연수구,송도3동,,37.3742769,126.6643771,valid_header_swapped,true
20260228,bus,bus:210000289,210000289,55042,경기국제통상고.포도마을뉴서울.중앙공원,코드정보 없음,코드정보 없음,중1동,,37.5009576,126.7622642,valid_header_swapped,false
20260228,bus,bus:210000044,210000044,55043,경기국제통상고.포도마을뉴서울.중앙공원,코드정보 없음,코드정보 없음,중1동,,37.5011584,126.7626646,valid_header_swapped,false
20260228,bus,bus:169000222,169000222,43222,경기도교육청학생교육원,강화군,강화군,불은면,,37.6760191,126.4792508,valid_header_swapped,true
20260228,bus,bus:169000162,169000162,43162,경기도교육청학생교육원,강화군,강화군,불은면,,37.6760592,126.4791925,valid_header_swapped,true
20260228,bus,bus:169000051,169000051,43051,경기주유소,강화군,강화군,선원면,,37.7255121,126.4832766,valid_header_swapped,true
20260228,bus,bus:166000343,166000343,40343,경남1차,부평구,부평구,산곡4동,,37.5027868,126.7087051,valid_header_swapped,true
20260228,bus,bus:166000376,166000376,40376,경남1차아파트,부평구,부평구,산곡4동,,37.5038707,126.7094679,valid_header_swapped,true
20260228,bus,bus:166000305,166000305,40305,경남2차,부평구,부평구,산곡4동,,37.5014602,126.7086060,valid_header_swapped,true
20260228,bus,bus:168000099,168000099,42099,경남아너스빌,서구,서해구,가좌1동,,37.4991333,126.6694789,valid_header_swapped,true
20260228,bus,bus:168000102,168000102,42102,경남아너스빌,서구,서해구,석남2동,,37.4993274,126.6695141,valid_header_swapped,true
20260228,bus,bus:168000111,168000111,42111,경남아너스빌아파트,서구,서해구,석남2동,,37.5005787,126.6677741,valid_header_swapped,true
20260228,bus,bus:168000110,168000110,42110,경남아너스빌아파트,서구,서해구,석남2동,,37.5003711,126.6679701,valid_header_swapped,true
20260228,bus,bus:168000332,168000332,42332,경남아파트,서구,서해구,연희동,,37.5518991,126.6836729,valid_header_swapped,true
20260228,bus,bus:164000281,164000281,38281,경남아파트,연수구,연수구,연수3동,,37.4209711,126.6937606,valid_header_swapped,true
20260228,bus,bus:161000147,161000147,35147,경남아파트,중구,제물포구,신흥동,,37.4661091,126.6343022,valid_header_swapped,true
20260228,bus,bus:161000143,161000143,35143,경남아파트,중구,제물포구,신흥동,,37.4653828,126.6329863,valid_header_swapped,true
20260228,bus,bus:167000011,167000011,41011,경남아파트,계양구,계양구,효성2동,,37.5268443,126.7000675,valid_header_swapped,true
20260228,bus,bus:167000014,167000014,41014,경남아파트,계양구,계양구,효성2동,,37.5272357,126.7007308,valid_header_swapped,true
20260228,bus,bus:168000334,168000334,42334,경남아파트,서구,서해구,연희동,,37.5521930,126.6840910,valid_header_swapped,true
20260228,bus,bus:166000334,166000334,40334,경남아파트308동앞,부평구,부평구,산곡2동,,37.5022472,126.7084455,valid_header_swapped,true
20260228,bus,bus:166000300,166000300,40300,경남아파트311동앞,부평구,부평구,산곡2동,,37.5013868,126.7084031,valid_header_swapped,true
20260228,bus,bus:166000287,166000287,40287,경남아파트313동앞,부평구,부평구,산곡2동,,37.5013141,126.7069818,valid_header_swapped,true
20260228,bus,bus:168001315,168001315,89315,경동택배,서구,검단구,대곡동,,37.6202427,126.6707716,valid_header_swapped,true
20260228,bus,bus:168001325,168001325,89325,경동택배,서구,검단구,대곡동,,37.6203423,126.6708921,valid_header_swapped,true
20260228,bus,bus:168001278,168001278,89278,경명초등학교,서구,서해구,청라2동,,37.5361422,126.6400572,valid_header_swapped,true
20260228,bus,bus:168001277,168001277,89277,경명초등학교,서구,서해구,청라2동,,37.5360259,126.6411610,valid_header_swapped,true
20260228,bus,bus:168001216,168001216,89216,경명초등학교,서구,서해구,청라2동,,37.5362067,126.6371792,valid_header_swapped,true
20260228,bus,bus:165000136,165000136,39136,경방신약,남동구,남동구,남촌도림동,,37.4172443,126.7072476,valid_header_swapped,true
20260228,bus,bus:165000399,165000399,39399,경복예식장,남동구,남동구,간석2동,,37.4648156,126.7039109,valid_header_swapped,true
20260228,bus,bus:168001593,168001593,89593,경서3구역입구,서구,서해구,경서동,,37.5520520,126.6554956,valid_header_swapped,true
20260228,bus,bus:168001592,168001592,89592,경서3구역입구,서구,서해구,경서동,,37.5516260,126.6552430,valid_header_swapped,true
20260228,bus,bus:168000333,168000333,42333,경서농원,서구,서해구,검암경서동,,37.5579857,126.6636419,valid_header_swapped,true
20260228,bus,bus:168000335,168000335,42335,경서농원,서구,서해구,검암경서동,,37.5582472,126.6651793,valid_header_swapped,true
20260228,bus,bus:168001621,168001621,89621,경서북청라푸르지오트레시엘,서구,서해구,경서동,,37.5478769,126.6499279,valid_header_swapped,true
20260228,bus,bus:168001419,168001419,89419,경서북청라푸르지오트레시엘,서구,서해구,경서동,,37.5483368,126.6503512,valid_header_swapped,true
20260228,bus,bus:168000672,168000672,42672,경서지구입구,서구,서해구,검암경서동,,37.5544005,126.6549989,valid_header_swapped,true
20260228,bus,bus:168000301,168000301,42301,경서지구입구,서구,서해구,검암경서동,,37.5525184,126.6558941,valid_header_swapped,true
20260228,bus,bus:168000303,168000303,42303,경서지구입구,서구,서해구,검암경서동,,37.5528197,126.6565244,valid_header_swapped,true
20260228,bus,bus:168000671,168000671,42671,경서지구입구,서구,서해구,검암경서동,,37.5539806,126.6551375,valid_header_swapped,true
20260228,bus,bus:168000570,168000570,42570,경서초등학교,서구,서해구,검암경서동,,37.5561507,126.6517623,valid_header_swapped,true
20260228,bus,bus:168000569,168000569,42569,경서초등학교,서구,서해구,검암경서동,,37.5558944,126.6522238,valid_header_swapped,true
20260228,bus,bus:165000646,165000646,39646,경신마을,남동구,남동구,남촌도림동,,37.4408460,126.7319376,valid_header_swapped,true
20260228,bus,bus:165000982,165000982,39982,경신마을,남동구,남동구,남촌도림동,,37.4408334,126.7323525,valid_header_swapped,true
20260228,bus,bus:167000216,167000216,41216,경신아파트,계양구,계양구,계산2동,,37.5451132,126.7189721,valid_header_swapped,true
20260228,bus,bus:167000223,167000223,41223,경신아파트,계양구,계양구,계산2동,,37.5452349,126.7191246,valid_header_swapped,true
20260228,bus,bus:168001271,168001271,89271,경연초중학교,서구,서해구,청라3동,,37.5393607,126.6246931,valid_header_swapped,true
20260228,bus,bus:168001272,168001272,89272,경연초중학교,서구,서해구,청라3동,,37.5386767,126.6250678,valid_header_swapped,true
20260228,bus,bus:168001286,168001286,89286,경연초중학교·청라센텀로제비앙,서구,서해구,청라3동,,37.5381981,126.6247055,valid_header_swapped,true
20260228,bus,bus:168001285,168001285,89285,경연초중학교·호반베르디움6차,서구,서해구,청라3동,,37.5381709,126.6249254,valid_header_swapped,true
20260228,bus,bus:168000549,168000549,42549,경인계량소,서구,서해구,검암경서동,,37.5828982,126.6588986,valid_header_swapped,true
20260228,bus,bus:168000550,168000550,42550,경인계량소,서구,검단구,오류왕길동,,37.5830050,126.6576983,valid_header_swapped,true
20260228,bus,bus:282803498,282803498,,경인고속도로(가),코드정보 없음,코드정보 없음,목5동,,37.5305222,126.8678662,outside_incheon_bounds,false
20260228,bus,bus:167000139,167000139,41139,경인교대.부평향교,계양구,계양구,계산1동,,37.5384171,126.7188408,valid_header_swapped,true
20260228,bus,bus:167000138,167000138,41138,경인교대.부평향교,계양구,계양구,계산1동,,37.5381590,126.7193342,valid_header_swapped,true
20260228,bus,bus:167000428,167000428,41428,경인교대역입구,계양구,계양구,계산1동,,37.5382196,126.7224120,valid_header_swapped,true
20260228,bus,bus:167000429,167000429,41429,경인교대역입구,계양구,계양구,계산1동,,37.5384541,126.7228273,valid_header_swapped,true
20260228,bus,bus:166000077,166000077,40077,경인교회앞,부평구,부평구,부평3동,,37.4804161,126.7110603,valid_header_swapped,true
20260228,bus,bus:163000004,163000004,37004,경인방송,미추홀구,미추홀구,학익1동,,37.4351324,126.6340210,valid_header_swapped,true
20260228,bus,bus:163000003,163000003,37003,경인방송,미추홀구,미추홀구,학익1동,,37.4371809,126.6340262,valid_header_swapped,true
20260228,bus,bus:165000688,165000688,39688,경인산업,남동구,남동구,논현고잔동,,37.4039134,126.6908798,valid_header_swapped,true
20260228,bus,bus:168000869,168000869,42869,경인아라뱃길여객터미널,서구,검단구,오류왕길동,,37.5578954,126.6068181,valid_header_swapped,true
20260228,bus,bus:167000278,167000278,41278,경인여대,계양구,계양구,계산2동,,37.5478493,126.7233971,valid_header_swapped,true
20260228,bus,bus:167000277,167000277,41277,경인여대,계양구,계양구,계산2동,,37.5477488,126.7234434,valid_header_swapped,true
20260228,bus,bus:168000547,168000547,42547,경인특장,서구,검단구,오류왕길동,,37.5828947,126.6548064,valid_header_swapped,true
20260228,bus,bus:168001152,168001152,89152,경인항다목적부두,서구,검단구,오류왕길동,,37.5573637,126.6115602,valid_header_swapped,true
20260228,bus,bus:168001151,168001151,89151,경인항다목적부두,서구,검단구,오류왕길동,,37.5574669,126.6107091,valid_header_swapped,true
20260228,bus,bus:169000934,169000934,43934,경전말,강화군,강화군,불은면,,37.6784015,126.4942462,valid_header_swapped,true
20260228,bus,bus:164000515,164000515,38515,경제자유구역청,연수구,연수구,송도2동,,37.3967166,126.6337788,valid_header_swapped,true
20260228,bus,bus:164000514,164000514,38514,경제자유구역청,연수구,연수구,송도2동,,37.3968207,126.6334284,valid_header_swapped,true
20260228,bus,bus:168001594,168001594,89594,경중로.로데오시티포레안,서구,서해구,경서동,,37.5491867,126.6522235,valid_header_swapped,true
20260228,bus,bus:168001595,168001595,89595,경중로.로데오시티포레안,서구,서해구,경서동,,37.5493035,126.6527720,valid_header_swapped,true
20260228,bus,bus:165000042,165000042,39042,경진브로아,남동구,남동구,논현고잔동,,37.4010619,126.6837049,valid_header_swapped,true
20260228,bus,bus:169000372,169000372,43372,경흥빌라,강화군,강화군,강화읍,,37.7451297,126.5052184,valid_header_swapped,true
20260228,bus,bus:169000616,169000616,43616,경흥빌라,강화군,강화군,강화읍,,37.7449965,126.5052384,valid_header_swapped,true
20260228,bus,bus:165000991,165000991,39991,경희유치원앞,남동구,남동구,남촌도림동,,37.4391939,126.7190508,valid_header_swapped,true
20260228,bus,bus:165000992,165000992,39992,경희유치원앞,남동구,남동구,남촌도림동,,37.4395079,126.7189757,valid_header_swapped,true
20260228,bus,bus:166000195,166000195,40195,계량소,부평구,부평구,부개1동,,37.4871239,126.7344659,valid_header_swapped,true
20260228,bus,bus:210000218,210000218,55225,계룡리슈빌,코드정보 없음,코드정보 없음,중1동,,37.5036878,126.7698395,valid_header_swapped,false
20260228,bus,bus:167000167,167000167,41167,계산공고,계양구,계양구,작전서운동,,37.5337029,126.7393211,valid_header_swapped,true
20260228,bus,bus:167000170,167000170,41170,계산공고,계양구,계양구,계산4동,,37.5338043,126.7405726,valid_header_swapped,true
20260228,bus,bus:167000169,167000169,41169,계산공고앞,계양구,계양구,계산4동,,37.5342841,126.7384395,valid_header_swapped,true
20260228,bus,bus:167000276,167000276,41276,계산국민체육센터,계양구,계양구,계산2동,,37.5458843,126.7285644,valid_header_swapped,true
20260228,bus,bus:167000613,167000613,41613,계산국민체육센터,계양구,계양구,계산2동,,37.5458914,126.7288346,valid_header_swapped,true
20260228,bus,bus:167000533,167000533,41533,계산동수협,계양구,계양구,계산2동,,37.5435643,126.7255156,valid_header_swapped,true
20260228,bus,bus:167000231,167000231,41231,계산동아아파트,계양구,계양구,계산4동,,37.5385614,126.7415984,valid_header_swapped,true
20260228,bus,bus:167000427,167000427,41427,계산동우체국,계양구,계양구,계산2동,,37.5436505,126.7243938,valid_header_swapped,true
20260228,bus,bus:167000196,167000196,41196,계산삼거리,계양구,계양구,계산1동,,37.5423198,126.7229051,valid_header_swapped,true
20260228,bus,bus:167000199,167000199,41199,계산삼거리(신도브래뉴),계양구,계양구,계산1동,,37.5426307,126.7224921,valid_header_swapped,true
20260228,bus,bus:167000201,167000201,41201,계산삼거리(신도브래뉴),계양구,계양구,계산1동,,37.5427342,126.7229018,valid_header_swapped,true
20260228,bus,bus:167000176,167000176,41176,계산시장,계양구,계양구,계산1동,,37.5403675,126.7228583,valid_header_swapped,true
20260228,bus,bus:167000576,167000576,41576,계산여고,계양구,계양구,계산4동,,37.5379698,126.7426952,valid_header_swapped,true
20260228,bus,bus:167000224,167000224,41224,계산여자고등학교,계양구,계양구,계산4동,,37.5382443,126.7424945,valid_header_swapped,true
20260228,bus,bus:167000371,167000371,41371,계산역,계양구,계양구,계산2동,,37.5435350,126.7270204,valid_header_swapped,true
20260228,bus,bus:167000247,167000247,41247,계산역,계양구,계양구,계산3동,,37.5431240,126.7289781,valid_header_swapped,true
20260228,bus,bus:167000426,167000426,41426,계산역,계양구,계양구,계산2동,,37.5435029,126.7277871,valid_header_swapped,true
20260228,bus,bus:167000431,167000431,41431,계산역,계양구,계양구,계산1동,,37.5431612,126.7277628,valid_header_swapped,true
20260228,bus,bus:167000430,167000430,41430,계산우체국,계양구,계양구,계산1동,,37.5433206,126.7241225,valid_header_swapped,true
20260228,bus,bus:167000423,167000423,41423,계산주공아파트,계양구,계양구,계산3동,,37.5428980,126.7334088,valid_header_swapped,true
20260228,bus,bus:167000577,167000577,41577,계산중학교,계양구,계양구,계산4동,,37.5337217,126.7424115,valid_header_swapped,true
20260228,bus,bus:167000476,167000476,41476,계양1동주민자치센터,계양구,계양구,계양1동,,37.5764223,126.7342624,valid_header_swapped,true
20260228,bus,bus:167000520,167000520,41520,계양1동주민자치센터,계양구,계양구,계양1동,,37.5764927,126.7348767,valid_header_swapped,true
20260228,bus,bus:167000525,167000525,41525,계양3동행정복지센터,계양구,계양구,계양3동,,37.5619548,126.7552990,valid_header_swapped,true
20260228,bus,bus:167000526,167000526,41526,계양3동행정복지센터,계양구,계양구,계양3동,,37.5618462,126.7550823,valid_header_swapped,true
20260228,bus,bus:167000140,167000140,41140,계양CGV,계양구,계양구,작전서운동,,37.5337647,126.7342297,valid_header_swapped,true
20260228,bus,bus:167000185,167000185,41185,계양경찰서,계양구,계양구,계산4동,,37.5377412,126.7346368,valid_header_swapped,true
20260228,bus,bus:167000184,167000184,41184,계양경찰서,계양구,계양구,계산3동,,37.5377790,126.7342497,valid_header_swapped,true
20260228,bus,bus:167000195,167000195,41195,계양경찰서,계양구,계양구,계산4동,,37.5381749,126.7360764,valid_header_swapped,true
20260228,bus,bus:167000194,167000194,41194,계양경찰서·계양구청,계양구,계양구,계산4동,,37.5378811,126.7360307,valid_header_swapped,true
20260228,bus,bus:167000180,167000180,41180,계양구청,계양구,계양구,계산4동,,37.5358543,126.7388535,valid_header_swapped,true
20260228,bus,bus:167000188,167000188,41188,계양구청,계양구,계양구,계산4동,,37.5366827,126.7386207,valid_header_swapped,true
20260228,bus,bus:167000177,167000177,41177,계양구청,계양구,계양구,계산4동,,37.5356377,126.7385610,valid_header_swapped,true
20260228,bus,bus:167000197,167000197,41197,계양구청,계양구,계양구,계산4동,,37.5378455,126.7376350,valid_header_swapped,true
20260228,bus,bus:167000204,167000204,41204,계양구청앞,계양구,계양구,계산4동,,37.5379377,126.7398711,valid_header_swapped,true
20260228,bus,bus:167000251,167000251,41251,계양도서관,계양구,계양구,계산2동,,37.5433312,126.7311445,valid_header_swapped,true
20260228,bus,bus:167000248,167000248,41248,계양문화회관,계양구,계양구,계산2동,,37.5466882,126.7193731,valid_header_swapped,true
20260228,bus,bus:167000255,167000255,41255,계양문화회관,계양구,계양구,계산2동,,37.5469983,126.7202895,valid_header_swapped,true
20260228,bus,bus:167000286,167000286,41286,계양산성박물관,계양구,계양구,계산2동,,37.5476300,126.7274366,valid_header_swapped,true
20260228,bus,bus:167000285,167000285,41285,계양산성박물관,계양구,계양구,계산2동,,37.5477564,126.7272114,valid_header_swapped,true
20260228,bus,bus:167000186,167000186,41186,계양산장미원입구,계양구,계양구,계산1동,,37.5445116,126.7128783,valid_header_swapped,true
20260228,bus,bus:167000189,167000189,41189,계양산장미원입구,계양구,계양구,계산2동,,37.5447213,126.7132327,valid_header_swapped,true
20260228,bus,bus:167000306,167000306,41306,계양산전통시장,계양구,계양구,계양2동,,37.5482334,126.7414053,valid_header_swapped,true
20260228,bus,bus:167000298,167000298,41298,계양산전통시장,계양구,계양구,계양2동,,37.5476158,126.7371691,valid_header_swapped,true
20260228,bus,bus:167000297,167000297,41297,계양산전통시장,계양구,계양구,계양2동,,37.5474866,126.7377345,valid_header_swapped,true
20260228,bus,bus:167000281,167000281,41281,계양산지구대,계양구,계양구,계산2동,,37.5476913,126.7254333,valid_header_swapped,true
20260228,bus,bus:167000282,167000282,41282,계양산지구대,계양구,계양구,계산2동,,37.5477950,126.7255647,valid_header_swapped,true
20260228,bus,bus:167000094,167000094,41094,계양새마을금고,계양구,계양구,작전1동,,37.5297118,126.7286251,valid_header_swapped,true
20260228,bus,bus:167000097,167000097,41097,계양새마을금고,계양구,계양구,작전1동,,37.5298444,126.7287495,valid_header_swapped,true
20260228,bus,bus:167000054,167000054,41054,계양세무서,계양구,계양구,작전2동,,37.5279479,126.7243551,valid_header_swapped,true
20260228,bus,bus:167000058,167000058,41058,계양세무서,계양구,계양구,효성1동,,37.5280875,126.7246060,valid_header_swapped,true
20260228,bus,bus:167000550,167000550,41550,계양센트레빌1단지,계양구,계양구,계양1동,,37.5671173,126.7491184,valid_header_swapped,true
20260228,bus,bus:167000628,167000628,41628,계양센트레빌1단지,계양구,계양구,계양3동,,37.5688483,126.7500831,valid_header_swapped,true
20260228,bus,bus:167000627,167000627,41627,계양센트레빌1단지,계양구,계양구,계양3동,,37.5687703,126.7501540,valid_header_swapped,true
20260228,bus,bus:167000551,167000551,41551,계양센트레빌1단지(111동앞),계양구,계양구,계양3동,,37.5670067,126.7503325,valid_header_swapped,true
20260228,bus,bus:167000625,167000625,41625,계양센트레빌2단지,계양구,계양구,계양3동,,37.5668713,126.7505811,valid_header_swapped,true
20260228,bus,bus:167000404,167000404,41404,계양여성회관,계양구,계양구,효성1동,,37.5301388,126.7177557,valid_header_swapped,true
20260228,bus,bus:167000357,167000357,41357,계양역,계양구,계양구,계양1동,,37.5711090,126.7356618,valid_header_swapped,true
20260228,bus,bus:167000358,167000358,41358,계양역,계양구,계양구,계양1동,,37.5710088,126.7360234,valid_header_swapped,true
20260228,bus,bus:167000659,167000659,41659,계양역(귤현역방면),계양구,계양구,계양1동,,37.5706176,126.7366860,valid_header_swapped,true
20260228,bus,bus:167000118,167000118,41118,계양임광그대가아파트,계양구,계양구,작전서운동,,37.5274510,126.7430633,valid_header_swapped,true
20260228,bus,bus:167000120,167000120,41120,계양종합사회복지관,계양구,계양구,작전서운동,,37.5255214,126.7506402,valid_header_swapped,true
20260228,bus,bus:167000121,167000121,41121,계양종합사회복지관,계양구,계양구,작전서운동,,37.5256863,126.7506790,valid_header_swapped,true
20260228,bus,bus:167000340,167000340,41340,계양중학교,계양구,계양구,계양1동,,37.5695485,126.7401798,valid_header_swapped,true
20260228,bus,bus:167000341,167000341,41341,계양중학교,계양구,계양구,계양1동,,37.5697329,126.7405398,valid_header_swapped,true
20260228,bus,bus:167000666,167000666,41666,계양체육관(벨로드롬경기장),계양구,계양구,서운동,,37.5309981,126.7479852,valid_header_swapped,true
20260228,bus,bus:167000567,167000567,41567,계양체육관(아시아드양궁장),계양구,계양구,작전서운동,,37.5306696,126.7473338,valid_header_swapped,true
20260228,bus,bus:167000568,167000568,41568,계양체육관(아시아드양궁장),계양구,계양구,작전서운동,,37.5308529,126.7486747,valid_header_swapped,true
20260228,bus,bus:167000455,167000455,41455,계양체육관(아시아드양궁장),계양구,계양구,작전서운동,,37.5308134,126.7515382,valid_header_swapped,true
20260228,bus,bus:167000454,167000454,41454,계양체육관(아시아드양궁장),계양구,계양구,작전서운동,,37.5311706,126.7508745,valid_header_swapped,true
20260228,bus,bus:167000440,167000440,41440,계양체육관(효성해링턴플레이스),계양구,계양구,작전서운동,,37.5304766,126.7444463,valid_header_swapped,true
20260228,bus,bus:167000173,167000173,41173,계양체육관.대동아파트,계양구,계양구,계산4동,,37.5332513,126.7435106,valid_header_swapped,true
20260228,bus,bus:167000669,167000669,41669,계양효성해링턴플레이스,계양구,계양구,작전서운동,,37.5282990,126.7438351,valid_header_swapped,true
20260228,bus,bus:169001007,169001007,90007,고구1리입구,강화군,강화군,교동면,,37.7923712,126.2994870,valid_header_swapped,true
20260228,bus,bus:169001006,169001006,90006,고구1리입구,강화군,강화군,교동면,,37.7921222,126.2993515,valid_header_swapped,true
20260228,bus,bus:169001014,169001014,90014,고구2리마을회관입구,강화군,강화군,교동면,,37.7884927,126.2854131,valid_header_swapped,true
20260228,bus,bus:169001015,169001015,90015,고구2리마을회관입구,강화군,강화군,교동면,,37.7879923,126.2850751,valid_header_swapped,true
20260228,bus,bus:169001008,169001008,90008,고구저수지,강화군,강화군,교동면,,37.7920223,126.2972670,valid_header_swapped,true
20260228,bus,bus:169001009,169001009,90009,고구저수지,강화군,강화군,교동면,,37.7919576,126.2974836,valid_header_swapped,true
20260228,bus,bus:169001012,169001012,90012,고구촌,강화군,강화군,교동면,,37.7891462,126.2879135,valid_header_swapped,true
20260228,bus,bus:169001013,169001013,90013,고구촌,강화군,강화군,교동면,,37.7890929,126.2881246,valid_header_swapped,true
20260228,bus,bus:169001372,169001372,90372,고능2리 종점,강화군,강화군,불은면,,37.6814584,126.5023031,valid_header_swapped,true
20260228,bus,bus:169001371,169001371,90371,고능2리능촌마을회관,강화군,강화군,불은면,,37.6806573,126.5007250,valid_header_swapped,true
20260228,bus,bus:169001209,169001209,90209,고능리공소,강화군,강화군,불은면,,37.6899427,126.5089350,valid_header_swapped,true
20260228,bus,bus:169001208,169001208,90208,고능리공소,강화군,강화군,불은면,,37.6898230,126.5090416,valid_header_swapped,true
20260228,bus,bus:169000534,169000534,43534,고능리입구,강화군,강화군,불은면,,37.6811187,126.4892471,valid_header_swapped,true
20260228,bus,bus:169000291,169000291,43291,고능리입구,강화군,강화군,불은면,,37.6810477,126.4891665,valid_header_swapped,true
20260228,bus,bus:169000865,169000865,43865,고능종점(지래),강화군,강화군,불은면,,37.6911886,126.5099477,valid_header_swapped,true
20260228,bus,bus:232000710,232000710,80362,고다니마을9단지,코드정보 없음,코드정보 없음,양촌면,,37.6533862,126.6273290,valid_header_swapped,false
20260228,bus,bus:165000486,165000486,39486,고려산업,남동구,남동구,간석2동,,37.4727295,126.7180765,valid_header_swapped,true
20260228,bus,bus:165000111,165000111,39111,고려양행,남동구,남동구,남촌도림동,,37.4158661,126.6975262,valid_header_swapped,true
20260228,bus,bus:169000486,169000486,43486,고려저수지입구,강화군,강화군,내가면,,37.7224093,126.3898357,valid_header_swapped,true
20260228,bus,bus:169000249,169000249,43249,고려저수지입구,강화군,강화군,내가면,,37.7224642,126.3897270,valid_header_swapped,true
20260228,bus,bus:232000088,232000088,35018,고막리마을회관,기타,기타,김포시,,,,missing,false
20260228,bus,bus:230000091,230000091,35019,고막리마을회관,기타,기타,김포시,,,,missing,false
20260228,bus,bus:169000844,169000844,43844,고비고개정상,강화군,강화군,선원면,,37.7321730,126.4409171,valid_header_swapped,true
20260228,bus,bus:169000569,169000569,43569,고비고개정상,강화군,강화군,내가면,,37.7321432,126.4426415,valid_header_swapped,true
20260228,bus,bus:169001016,169001016,90016,고산마을입구,강화군,강화군,교동면,,37.7855631,126.2836179,valid_header_swapped,true
20260228,bus,bus:169001017,169001017,90017,고산마을입구,강화군,강화군,교동면,,37.7863500,126.2833865,valid_header_swapped,true
20260228,bus,bus:169000779,169000779,43779,고산촌,강화군,강화군,선원면,,37.7158686,126.4758554,valid_header_swapped,true
20260228,bus,bus:169000544,169000544,43544,고산촌,강화군,강화군,선원면,,37.7159129,126.4760763,valid_header_swapped,true
20260228,bus,bus:169000269,169000269,43269,고상골,강화군,강화군,내가면,,37.7370183,126.3875911,valid_header_swapped,true
20260228,bus,bus:169000382,169000382,43382,고상골,강화군,강화군,내가면,,37.7370993,126.3876923,valid_header_swapped,true
20260228,bus,bus:169000552,169000552,43552,고상골입구,강화군,강화군,내가면,,37.7325414,126.3936933,valid_header_swapped,true
20260228,bus,bus:169000266,169000266,43266,고상골입구,강화군,강화군,내가면,,37.7324805,126.3936371,valid_header_swapped,true
20260228,bus,bus:121000019,121000019,31017,고속터미널,코드정보 없음,코드정보 없음,반포3동,,37.5064139,127.0048113,outside_incheon_bounds,false
20260228,bus,bus:121000020,121000020,31018,고속터미널,코드정보 없음,코드정보 없음,반포3동,,37.5056730,127.0036314,outside_incheon_bounds,false
20260228,bus,bus:169001126,169001126,90126,고시기(가재골),강화군,강화군,선원면,,37.7319106,126.5047465,valid_header_swapped,true
20260228,bus,bus:169000770,169000770,43770,고시기(가재골),강화군,강화군,선원면,,37.7320406,126.5047134,valid_header_swapped,true
20260228,bus,bus:161000474,161000474,35474,고염나무골,중구,영종구,영종동,,37.5154474,126.5065237,valid_header_swapped,true
20260228,bus,bus:161000473,161000473,35473,고염나무골,중구,영종구,영종동,,37.5155689,126.5065317,valid_header_swapped,true
20260228,bus,bus:169000550,169000550,43550,고인돌입구,강화군,강화군,내가면,,37.7279784,126.3972092,valid_header_swapped,true
20260228,bus,bus:169000383,169000383,43383,고인돌체육관(태권도경기장),강화군,강화군,강화읍,,37.7543669,126.4698441,valid_header_swapped,true
20260228,bus,bus:169001046,169001046,90046,고인돌체육관앞,강화군,강화군,강화읍,,37.7550287,126.4695480,valid_header_swapped,true
20260228,bus,bus:169001045,169001045,90045,고인돌체육관앞,강화군,강화군,강화읍,,37.7551101,126.4697776,valid_header_swapped,true
20260228,bus,bus:165000691,165000691,39691,고잔고등학교,남동구,남동구,논현고잔동,,37.3885710,126.7224984,valid_header_swapped,true
20260228,bus,bus:169000284,169000284,43284,고잔마을,강화군,강화군,불은면,,37.6871447,126.5016075,valid_header_swapped,true
20260228,bus,bus:169000532,169000532,43532,고잔마을,강화군,강화군,불은면,,37.6870306,126.5017339,valid_header_swapped,true
20260228,bus,bus:232000709,232000709,80328,고창마을.KCC,코드정보 없음,코드정보 없음,김포2동,,37.6472344,126.6629670,valid_header_swapped,false
20260228,bus,bus:169000076,169000076,43076,고창촌,강화군,강화군,화도면,,37.6376461,126.4189300,valid_header_swapped,true
20260228,bus,bus:169000345,169000345,43345,고창촌입구,강화군,강화군,화도면,,37.6406800,126.4207430,valid_header_swapped,true
20260228,bus,bus:169000166,169000166,43166,고창촌입구,강화군,강화군,화도면,,37.6403788,126.4207213,valid_header_swapped,true
20260228,bus,bus:169000341,169000341,43341,고천3리마을회관,강화군,강화군,내가면,,37.7221941,126.4097312,valid_header_swapped,true
20260228,bus,bus:169000574,169000574,43574,고천3리마을회관,강화군,강화군,내가면,,37.7222276,126.4098671,valid_header_swapped,true
20260228,bus,bus:169001345,169001345,90345,고천5리마을회관,강화군,강화군,내가면,,37.7143064,126.3938958,valid_header_swapped,true
20260228,bus,bus:169001341,169001341,90341,고천5리마을회관,강화군,강화군,내가면,,37.7142482,126.3939907,valid_header_swapped,true
20260228,bus,bus:169000339,169000339,43339,고천교,강화군,강화군,내가면,,37.7232762,126.4072787,valid_header_swapped,true
20260228,bus,bus:169000849,169000849,43849,고천교,강화군,강화군,내가면,,37.7232644,126.4071741,valid_header_swapped,true
20260228,bus,bus:169001420,169001420,90420,고천당,강화군,강화군,내가면,,37.7156272,126.4051487,valid_header_swapped,true
20260228,bus,bus:169001421,169001421,90421,고천당,강화군,강화군,내가면,,37.7155983,126.4052161,valid_header_swapped,true
20260228,bus,bus:277103820,277103820,80379,고촌IC(미정차),코드정보 없음,코드정보 없음,고촌면,,37.5889489,126.7931596,valid_header_swapped,false
20260228,bus,bus:277103819,277103819,80378,고촌IC(미정차),코드정보 없음,코드정보 없음,고촌면,,37.5874720,126.7917147,valid_header_swapped,false
20260228,bus,bus:232000432,232000432,80062,고촌역,기타,기타,고촌면,,37.6017087,126.7702525,valid_header_swapped,false
20260228,bus,bus:232000356,232000356,80061,고촌역,기타,기타,고촌면,,37.6005286,126.7708339,valid_header_swapped,false
20260228,bus,bus:224000192,224000192,70036,고합아파트,코드정보 없음,코드정보 없음,정왕4동,,37.3591041,126.7267669,valid_header_swapped,false
20260228,bus,bus:169000610,169000610,43610,고향산천,강화군,강화군,양사면,,37.7947568,126.4153442,valid_header_swapped,true
20260228,bus,bus:169000464,169000464,43464,고향산천,강화군,강화군,양사면,,37.7947562,126.4152268,valid_header_swapped,true
20260228,bus,bus:169000457,169000457,43457,곡촌,강화군,강화군,하점면,,37.7768819,126.4080443,valid_header_swapped,true
20260228,bus,bus:169000816,169000816,43816,곡촌,강화군,강화군,하점면,,37.7770293,126.4081432,valid_header_swapped,true
20260228,bus,bus:169000427,169000427,43427,곡촌,강화군,강화군,송해면,,37.7859641,126.4776707,valid_header_swapped,true
20260228,bus,bus:169000789,169000789,43789,곡촌,강화군,강화군,송해면,,37.7859967,126.4775848,valid_header_swapped,true
20260228,bus,bus:169000319,169000319,43319,곤능,강화군,강화군,양도면,,37.6630949,126.4648217,valid_header_swapped,true
20260228,bus,bus:169000197,169000197,43197,곤능,강화군,강화군,양도면,,37.6632212,126.4647754,valid_header_swapped,true
20260228,bus,bus:168000936,168000936,42936,골드클래스,서구,서해구,청라3동,,37.5280006,126.6249408,valid_header_swapped,true
20260228,bus,bus:169001196,169001196,90196,공개마을,강화군,강화군,삼산면,,37.6927781,126.3598634,valid_header_swapped,true
20260228,bus,bus:169001195,169001195,90195,공개마을,강화군,강화군,삼산면,,37.6932213,126.3593883,valid_header_swapped,true
20260228,bus,bus:162000092,162000092,36092,공구상가,동구,제물포구,송현3동,,37.4875218,126.6464583,valid_header_swapped,true
20260228,bus,bus:232000270,232000270,80021,공구상가.간동입구,코드정보 없음,코드정보 없음,대곶면,,37.6537595,126.5954712,valid_header_swapped,false
20260228,bus,bus:118000170,118000170,19255,공군회관,기타,기타,신길7동,,37.5098859,126.9240694,outside_incheon_bounds,false
20260228,bus,bus:119000021,119000021,20107,공군회관,기타,기타,대방동,,37.5101801,126.9245830,outside_incheon_bounds,false
20260228,bus,bus:168000739,168000739,42739,공단공원앞,서구,서해구,검암경서동,,37.5559801,126.6407481,valid_header_swapped,true
20260228,bus,bus:168000740,168000740,42740,공단공원앞,서구,서해구,검암경서동,,37.5559928,126.6405014,valid_header_swapped,true
20260228,bus,bus:168000757,168000757,42757,공단본부,서구,서해구,가좌3동,,37.4777243,126.6813933,valid_header_swapped,true
20260228,bus,bus:168000270,168000270,42270,공단본부,서구,서해구,검암경서동,,37.5486669,126.6413328,valid_header_swapped,true
20260228,bus,bus:168000756,168000756,42756,공단본부,서구,서해구,가좌3동,,37.4776986,126.6810828,valid_header_swapped,true
20260228,bus,bus:166000600,166000600,40600,공단사거리,부평구,부평구,청천2동,,37.5202743,126.7110847,valid_header_swapped,true
20260228,bus,bus:166000599,166000599,40599,공단사거리,부평구,부평구,청천2동,,37.5201082,126.7110435,valid_header_swapped,true
20260228,bus,bus:165000062,165000062,39062,공단소방서,남동구,남동구,논현고잔동,,37.4051132,126.6890719,valid_header_swapped,true
20260228,bus,bus:163000426,163000426,37426,공단시장,미추홀구,미추홀구,주안5동,,37.4677558,126.6795018,valid_header_swapped,true
20260228,bus,bus:163000427,163000427,37427,공단시장,미추홀구,미추홀구,주안5동,,37.4677087,126.6796534,valid_header_swapped,true
20260228,bus,bus:166000566,166000566,40566,공단오거리,부평구,부평구,청천2동,,37.5171943,126.7114434,valid_header_swapped,true
20260228,bus,bus:166000565,166000565,40565,공단오거리,부평구,부평구,청천2동,,37.5170296,126.7111670,valid_header_swapped,true
20260228,bus,bus:168000940,168000940,42940,공단유통상가,서구,검단구,오류왕길동,,37.5882467,126.6316955,valid_header_swapped,true
20260228,bus,bus:168000941,168000941,42941,공단유통상가,서구,검단구,오류왕길동,,37.5882420,126.6310239,valid_header_swapped,true
20260228,bus,bus:168000022,168000022,42022,공단자동차,서구,서해구,가좌4동,,37.4816770,126.6804836,valid_header_swapped,true
20260228,bus,bus:163000445,163000445,37445,공단치안센터,미추홀구,미추홀구,주안5동,,37.4707171,126.6783166,valid_header_swapped,true
20260228,bus,bus:163000444,163000444,37444,공단치안센터,미추홀구,미추홀구,주안5동,,37.4706615,126.6778656,valid_header_swapped,true
20260228,bus,bus:113000081,113000081,23081,공덕역,코드정보 없음,코드정보 없음,공덕2동,,37.5427234,126.9502440,outside_incheon_bounds,false
20260228,bus,bus:113000058,113000058,14149,공덕역6번출구,기타,기타,마포구,,37.5430694,126.9533927,outside_incheon_bounds,false
20260228,bus,bus:169000092,169000092,43092,공설운동장,강화군,강화군,길상면,,37.6342576,126.4982217,valid_header_swapped,true
20260228,bus,bus:169000091,169000091,43091,공설운동장,강화군,강화군,길상면,,37.6343983,126.4981997,valid_header_swapped,true
20260228,bus,bus:165001069,165001069,92069,공수부대입구,남동구,남동구,장수서창동,,37.4617811,126.7726988,valid_header_swapped,true
20260228,bus,bus:169000490,169000490,43490,공숙입구,강화군,강화군,양도면,,37.6609581,126.4224621,valid_header_swapped,true
20260228,bus,bus:169000290,169000290,43290,공숙입구,강화군,강화군,양도면,,37.6609006,126.4223554,valid_header_swapped,true
20260228,bus,bus:168001148,168001148,89148,공영산업,서구,검단구,오류왕길동,,37.5596151,126.6197378,valid_header_swapped,true
20260228,bus,bus:165000480,165000480,39480,공작아파트,남동구,남동구,만수2동,,37.4630452,126.7416224,valid_header_swapped,true
20260228,bus,bus:165000479,165000479,39479,공작아파트,남동구,남동구,만수3동,,37.4628560,126.7415935,valid_header_swapped,true
20260228,bus,bus:168000555,168000555,42555,공장단지입구,서구,검단구,오류왕길동,,37.5930050,126.6609305,valid_header_swapped,true
20260228,bus,bus:168000323,168000323,42323,공촌마을,서구,서해구,연희동,,37.5500989,126.6820525,valid_header_swapped,true
20260228,bus,bus:168000598,168000598,42598,공촌마을,서구,서해구,연희동,,37.5504510,126.6822144,valid_header_swapped,true
20260228,bus,bus:168000324,168000324,42324,공촌사거리,서구,서해구,연희동,,37.5523860,126.6759414,valid_header_swapped,true
20260228,bus,bus:168000331,168000331,42331,공촌사거리,서구,서해구,연희동,,37.5523309,126.6781212,valid_header_swapped,true
20260228,bus,bus:168000330,168000330,42330,공촌사거리,서구,서해구,연희동,,37.5519957,126.6782033,valid_header_swapped,true
20260228,bus,bus:168000322,168000322,42322,공촌사거리(한국아파트),서구,서해구,연희동,,37.5520993,126.6749628,valid_header_swapped,true
20260228,bus,bus:168001479,168001479,89479,공촌유수지체육공원,서구,서해구,청라3동,,37.5443932,126.6211639,valid_header_swapped,true
20260228,bus,bus:168001478,168001478,89478,공촌유수지체육공원,서구,서해구,청라3동,,37.5436678,126.6203729,valid_header_swapped,true
20260228,bus,bus:168000340,168000340,42340,공촌정수장,서구,서해구,연희동,,37.5514022,126.6934496,valid_header_swapped,true
20260228,bus,bus:168000341,168000341,42341,공촌정수장,서구,서해구,연희동,,37.5517722,126.6929946,valid_header_swapped,true
20260228,bus,bus:168001539,168001539,89539,공촌천,서구,서해구,검암동,,37.5567561,126.6747065,valid_header_swapped,true
20260228,bus,bus:161000116,161000116,35116,공항고등학교,중구,영종구,운서동,,37.4975050,126.4852775,valid_header_swapped,true
20260228,bus,bus:161000644,161000644,35644,공항고속도로진입(미정차),중구,영종구,영종동,,37.4420810,126.4782652,valid_header_swapped,true
20260228,bus,bus:161000123,161000123,35123,공항교회앞,중구,영종구,운서동,,37.5006993,126.4875505,valid_header_swapped,true
20260228,bus,bus:161000258,161000258,35258,공항신도시(메디컬사거리),중구,영종구,운서동,,37.4950909,126.4914659,valid_header_swapped,true
20260228,bus,bus:161000117,161000117,35117,공항중학교,중구,영종구,운서동,,37.4975358,126.4850246,valid_header_swapped,true
20260228,bus,bus:115000210,115000210,16307,공항중학교,기타,기타,공항동,,37.5632321,126.8162977,valid_header_swapped,false
20260228,bus,bus:115000211,115000211,16308,공항중학교.마곡엠밸리9단지,기타,기타,마곡동,,37.5623814,126.8166761,valid_header_swapped,false
20260228,bus,bus:161000087,161000087,35087,공항초등학교,중구,영종구,운서동,,37.4923147,126.4847888,valid_header_swapped,true
20260228,bus,bus:277103202,277103202,66010,과천IC(미정차),코드정보 없음,코드정보 없음,갈현동,,37.4219523,126.9960443,outside_incheon_bounds,false
20260228,bus,bus:277103203,277103203,66011,과천IC(미정차),코드정보 없음,코드정보 없음,문원동,,37.4215768,126.9965463,outside_incheon_bounds,false
20260228,bus,bus:277103201,277103201,72009,과천터널(미정차),코드정보 없음,코드정보 없음,갈현동,,37.4088507,126.9944182,outside_incheon_bounds,false
20260228,bus,bus:277103200,277103200,72006,과천터널(미정차),코드정보 없음,코드정보 없음,청계동,,37.4013387,127.0020717,outside_incheon_bounds,false
20260228,bus,bus:161000922,161000922,35922,과학고.국제고.운서중,중구,영종구,운서동,,37.4905573,126.5059137,valid_header_swapped,true
20260228,bus,bus:169001104,169001104,90104,관곡마을,강화군,강화군,송해면,,37.7994906,126.4428391,valid_header_swapped,true
20260228,bus,bus:169001105,169001105,90105,관곡마을,강화군,강화군,송해면,,37.7995156,126.4431321,valid_header_swapped,true
20260228,bus,bus:169000875,169000875,43875,관광밸트입구,강화군,강화군,길상면,,37.6176036,126.5354644,valid_header_swapped,true
20260228,bus,bus:169000874,169000874,43874,관광밸트입구,강화군,강화군,길상면,,37.6177523,126.5355489,valid_header_swapped,true
20260228,bus,bus:163000679,163000679,37679,관교노인복지관·승학초등학교,미추홀구,미추홀구,관교동,,37.4390255,126.6967265,valid_header_swapped,true
20260228,bus,bus:163000231,163000231,37231,관교여자중학교,미추홀구,미추홀구,관교동,,37.4455174,126.6891039,valid_header_swapped,true
20260228,bus,bus:163000229,163000229,37229,관교여자중학교,미추홀구,미추홀구,관교동,,37.4450665,126.6903103,valid_header_swapped,true
20260228,bus,bus:163000226,163000226,37226,관교여자중학교,미추홀구,미추홀구,관교동,,37.4447732,126.6900264,valid_header_swapped,true
20260228,bus,bus:163000200,163000200,37200,관교중학교,미추홀구,미추홀구,관교동,,37.4427448,126.6921105,valid_header_swapped,true
20260228,bus,bus:163000203,163000203,37203,관교중학교(약수터),미추홀구,미추홀구,관교동,,37.4431315,126.6916222,valid_header_swapped,true
20260228,bus,bus:163000202,163000202,37202,관교중학교(약수터),미추홀구,미추홀구,관교동,,37.4429828,126.6912806,valid_header_swapped,true
20260228,bus,bus:168000720,168000720,42720,관리공단본부,서구,서해구,검암경서동,,37.5485273,126.6412108,valid_header_swapped,true
20260228,bus,bus:277104695,277104695,0,관악IC(미정차),기타,기타,신림동,,37.4688325,126.9472045,outside_incheon_bounds,false
20260228,bus,bus:170000044,170000044,44044,관창동,옹진군,옹진군,백령면,,,,missing,false
20260228,bus,bus:161000253,161000253,35253,관창마을,중구,영종구,영종동,,37.4935398,126.5371542,valid_header_swapped,true
20260228,bus,bus:161000252,161000252,35252,관창마을,중구,영종구,영종동,,37.4934474,126.5372074,valid_header_swapped,true
20260228,bus,bus:277103193,277103193,58059,광명IC(경유),기타,기타,노온사동,,37.4390520,126.8539128,outside_incheon_bounds,false
20260228,bus,bus:277103192,277103192,58058,광명IC(경유),기타,기타,노온사동,,37.4388102,126.8538527,outside_incheon_bounds,false
20260228,bus,bus:163000434,163000434,37434,광명아파트,미추홀구,미추홀구,주안5동,,37.4658950,126.6888730,valid_header_swapped,true
20260228,bus,bus:165000348,165000348,39348,광명아파트,남동구,남동구,간석2동,,37.4660954,126.6889918,valid_header_swapped,true
20260228,bus,bus:167000108,167000108,41108,광명아파트,계양구,계양구,작전서운동,,37.5291595,126.7336594,valid_header_swapped,true
20260228,bus,bus:165000835,165000835,39835,광명아파트,남동구,남동구,간석4동,,37.4666579,126.6928236,valid_header_swapped,true
20260228,bus,bus:166000817,166000817,40817,광명아파트,부평구,부평구,청천2동,,37.5186615,126.7083200,valid_header_swapped,true
20260228,bus,bus:167000448,167000448,41448,광명아파트,계양구,계양구,효성2동,,37.5190138,126.7082661,valid_header_swapped,true
20260228,bus,bus:167000447,167000447,41447,광명아파트,부평구,부평구,청천2동,,,,missing,false
20260228,bus,bus:166000590,166000590,40590,광명아파트,부평구,부평구,청천2동,,37.5194635,126.7101494,valid_header_swapped,true
20260228,bus,bus:167000098,167000098,41098,광명아파트,계양구,계양구,작전서운동,,37.5280482,126.7346035,valid_header_swapped,true
20260228,bus,bus:167000096,167000096,41096,광명아파트,계양구,계양구,작전서운동,,37.5279418,126.7345257,valid_header_swapped,true
20260228,bus,bus:277103209,277103209,53043,광명역IC진입(미정차),코드정보 없음,코드정보 없음,박달2동,,37.4074865,126.8800395,outside_incheon_bounds,false
20260228,bus,bus:277103208,277103208,53042,광명역IC출입(미정차),코드정보 없음,코드정보 없음,박달2동,,37.4073867,126.8802615,outside_incheon_bounds,false
20260228,bus,bus:161000714,161000714,35714,광명항,중구,영종구,무의동,,37.3748215,126.4340106,valid_header_swapped,true
20260228,bus,bus:161000708,161000708,35708,광명항,중구,영종구,무의동,,37.3751045,126.4342325,valid_header_swapped,true
20260228,bus,bus:161000730,161000730,35730,광명항(샘꾸미),중구,영종구,용유동,,37.3748414,126.4363211,valid_header_swapped,true
20260228,bus,bus:169000674,169000674,43674,광성보,강화군,강화군,불은면,,37.6639281,126.5278429,valid_header_swapped,true
20260228,bus,bus:169000862,169000862,43862,광성오리,강화군,강화군,불은면,,37.6620409,126.5243324,valid_header_swapped,true
20260228,bus,bus:169000128,169000128,43128,광성오리,강화군,강화군,불은면,,37.6623535,126.5247716,valid_header_swapped,true
20260228,bus,bus:166000874,166000874,40874,광일아파트,부평구,부평구,부개1동,,37.4821380,126.7379724,valid_header_swapped,true
20260228,bus,bus:166000855,166000855,40855,광일아파트,부평구,부평구,부개1동,,37.4822911,126.7379162,valid_header_swapped,true
20260228,bus,bus:121000929,121000929,31013,교대역,코드정보 없음,코드정보 없음,서초제1동,,37.4941788,127.0159090,outside_incheon_bounds,false
20260228,bus,bus:167000141,167000141,41141,교대입구,계양구,계양구,계산1동,,37.5375947,126.7218419,valid_header_swapped,true
20260228,bus,bus:167000142,167000142,41142,교대입구,계양구,계양구,계산1동,,37.5377381,126.7216193,valid_header_swapped,true
20260228,bus,bus:167000362,167000362,41362,교대후문,계양구,계양구,효성1동,,37.5337052,126.7171661,valid_header_swapped,true
20260228,bus,bus:167000363,167000363,41363,교대후문,계양구,계양구,효성1동,,37.5338910,126.7169963,valid_header_swapped,true
20260228,bus,bus:169001024,169001024,90024,교동중고후문,강화군,강화군,교동면,,37.7780726,126.2820058,valid_header_swapped,true
20260228,bus,bus:169001025,169001025,90025,교동중고후문,강화군,강화군,교동면,,37.7781566,126.2821276,valid_header_swapped,true
20260228,bus,bus:163000357,163000357,37357,교보생명,미추홀구,미추홀구,주안1동,,37.4595232,126.6803089,valid_header_swapped,true
20260228,bus,bus:169000719,169000719,43719,교산교회,강화군,강화군,양사면,,37.8028695,126.3976431,valid_header_swapped,true
20260228,bus,bus:169000496,169000496,43496,교산교회,강화군,강화군,양사면,,37.8027996,126.3976562,valid_header_swapped,true
20260228,bus,bus:169000748,169000748,43748,교산리입구,강화군,강화군,양사면,,37.8065323,126.4035478,valid_header_swapped,true
20260228,bus,bus:169000694,169000694,43694,교산리입구,강화군,강화군,양사면,,37.8065410,126.4036808,valid_header_swapped,true
20260228,bus,bus:169000715,169000715,43715,교산상회앞,강화군,강화군,양사면,,37.8017109,126.3937079,valid_header_swapped,true
20260228,bus,bus:169000494,169000494,43494,교산상회앞,강화군,강화군,양사면,,37.8015677,126.3936730,valid_header_swapped,true
20260228,bus,bus:121000001,121000001,31006,교육개발원입구,코드정보 없음,코드정보 없음,양재제1동,,37.4786517,127.0384914,outside_incheon_bounds,false
20260228,bus,bus:163000538,163000538,37538,교통방송사거리,미추홀구,미추홀구,용현5동,,37.4453911,126.6493361,valid_header_swapped,true
20260228,bus,bus:163000539,163000539,37539,교통방송사거리,미추홀구,미추홀구,학익1동,,37.4450798,126.6496654,valid_header_swapped,true
20260228,bus,bus:167000191,167000191,41191,교통연수원,계양구,계양구,계산2동,,37.5439716,126.7167845,valid_header_swapped,true
20260228,bus,bus:167000192,167000192,41192,교통연수원,계양구,계양구,계산1동,,37.5436405,126.7174214,valid_header_swapped,true
20260228,bus,bus:169000818,169000818,43818,교회앞,강화군,강화군,송해면,,37.7838769,126.4768318,valid_header_swapped,true
20260228,bus,bus:169000309,169000309,43309,교회앞,강화군,강화군,길상면,,37.6524930,126.4832567,valid_header_swapped,true
20260228,bus,bus:169000430,169000430,43430,교회앞,강화군,강화군,송해면,,37.7838258,126.4768883,valid_header_swapped,true
20260228,bus,bus:169001338,169001338,90338,교회앞,강화군,강화군,삼산면,,37.7289696,126.3012044,valid_header_swapped,true
20260228,bus,bus:169001348,169001348,90348,교회앞,강화군,강화군,삼산면,,37.7290716,126.3011296,valid_header_swapped,true
20260228,bus,bus:169000216,169000216,43216,교회앞,강화군,강화군,길상면,,37.6525561,126.4832741,valid_header_swapped,true
20260228,bus,bus:169000622,169000622,43622,구검문소,강화군,강화군,강화읍,,37.7617433,126.5069942,valid_header_swapped,true
20260228,bus,bus:169000196,169000196,43196,구검문소,강화군,강화군,강화읍,,37.7617522,126.5071928,valid_header_swapped,true
20260228,bus,bus:169001194,169001194,90194,구능재,강화군,강화군,삼산면,,37.6867534,126.3631720,valid_header_swapped,true
20260228,bus,bus:169001193,169001193,90193,구능재,강화군,강화군,삼산면,,37.6868556,126.3632136,valid_header_swapped,true
20260228,bus,bus:166000902,166000902,40902,구도일주유소,부평구,부평구,부개1동,,37.4869166,126.7325899,valid_header_swapped,true
20260228,bus,bus:232000021,232000021,35219,구두물입구,기타,기타,김정동,,37.6232730,126.6973685,valid_header_swapped,false
20260228,bus,bus:232000611,232000611,80007,구래리,코드정보 없음,코드정보 없음,양촌면,,37.6360011,126.6272953,valid_header_swapped,false
20260228,bus,bus:232000572,232000572,80006,구래리,코드정보 없음,코드정보 없음,양촌면,,37.6357330,126.6277634,valid_header_swapped,false
20260228,bus,bus:232000647,232000647,80368,구래리차고지,코드정보 없음,코드정보 없음,양촌면,,37.6356369,126.6258041,valid_header_swapped,false
20260228,bus,bus:232000725,232000725,80337,구래역,코드정보 없음,코드정보 없음,양촌면,,37.6449371,126.6287865,valid_header_swapped,false
20260228,bus,bus:232000724,232000724,80338,구래역,코드정보 없음,코드정보 없음,양촌면,,37.6450577,126.6290084,valid_header_swapped,false
20260228,bus,bus:169000951,169000951,43951,구렁목,강화군,강화군,선원면,,37.7140852,126.4643160,valid_header_swapped,true
20260228,bus,bus:169000950,169000950,43950,구렁목,강화군,강화군,선원면,,37.7139826,126.4645340,valid_header_swapped,true
20260228,bus,bus:116000138,116000138,17229,구로디지털단지역,기타,기타,구로구(구로동),,37.4833280,126.9015760,outside_incheon_bounds,false
20260228,bus,bus:116000045,116000045,26045,구로디지털단지역,코드정보 없음,코드정보 없음,구로3동,,37.4831797,126.9015646,outside_incheon_bounds,false
20260228,bus,bus:120000011,120000011,30011,구로디지털단지역,코드정보 없음,코드정보 없음,신림8동,,37.4840943,126.9025793,outside_incheon_bounds,false
20260228,bus,bus:120000674,120000674,21002,구로디지털단지역(중),기타,기타,관악구(신림동),,37.4840027,126.9025174,outside_incheon_bounds,false
20260228,bus,bus:170000024,170000024,44024,구로지,옹진군,옹진군,북도면,,,,missing,false
20260228,bus,bus:161000736,161000736,35736,구름다리,중구,영종구,용유동,,37.3860109,126.4214474,valid_header_swapped,true
20260228,bus,bus:161000735,161000735,35735,구름다리,중구,영종구,용유동,,37.3860878,126.4214022,valid_header_swapped,true
20260228,bus,bus:169000823,169000823,43823,구면사무소,강화군,강화군,송해면,,37.7666560,126.4622941,valid_header_swapped,true
20260228,bus,bus:121000023,121000023,31031,구반포역.세화고등학교,코드정보 없음,코드정보 없음,반포본동,,37.5016633,126.9880393,outside_incheon_bounds,false
20260228,bus,bus:217000379,217000379,62035,구봉도입구,코드정보 없음,코드정보 없음,대부동,,37.2749805,126.5694294,valid_header_swapped,false
20260228,bus,bus:217000380,217000380,62037,구봉도입구,코드정보 없음,코드정보 없음,대부동,,37.2749536,126.5696605,valid_header_swapped,false
20260228,bus,bus:169000656,169000656,43656,구북성초교,강화군,강화군,양사면,,37.8153153,126.4133614,valid_header_swapped,true
20260228,bus,bus:169000506,169000506,43506,구북성초교,강화군,강화군,양사면,,37.8150567,126.4133734,valid_header_swapped,true
20260228,bus,bus:166000843,166000843,40843,구산사거리,부평구,부평구,일신동,,37.4822018,126.7521839,valid_header_swapped,true
20260228,bus,bus:166000233,166000233,40233,구산사거리,부평구,부평구,일신동,,37.4838634,126.7519220,valid_header_swapped,true
20260228,bus,bus:166000842,166000842,40842,구산사거리,부평구,부평구,일신동,,37.4822594,126.7528082,valid_header_swapped,true
20260228,bus,bus:166000518,166000518,40518,구산중학교,부평구,부평구,부개3동,,37.5037444,126.7424843,valid_header_swapped,true
20260228,bus,bus:169000896,169000896,43896,구선택초교,강화군,강화군,길상면,,37.6029189,126.4867440,valid_header_swapped,true
20260228,bus,bus:169000239,169000239,43239,구선택초교,강화군,강화군,길상면,,37.6029770,126.4869019,valid_header_swapped,true
20260228,bus,bus:165000981,165000981,39981,구월1동행정복지센터,남동구,남동구,구월1동,,37.4474531,126.7120954,valid_header_swapped,true
20260228,bus,bus:165000967,165000967,39967,구월1동행정복지센터,남동구,남동구,구월1동,,37.4474867,126.7122613,valid_header_swapped,true
20260228,bus,bus:165000607,165000607,39607,구월2동행정복지센터,남동구,남동구,구월2동,,37.4567399,126.7121305,valid_header_swapped,true
20260228,bus,bus:165000586,165000586,39586,구월2동행정복지센터,남동구,남동구,구월2동,,37.4564979,126.7122381,valid_header_swapped,true
20260228,bus,bus:165000193,165000193,39193,구월도매전통시장,남동구,남동구,구월3동,,37.4431893,126.7048939,valid_header_swapped,true
20260228,bus,bus:165000192,165000192,39192,구월도매전통시장,남동구,남동구,구월3동,,37.4430095,126.7045691,valid_header_swapped,true
20260228,bus,bus:165000195,165000195,39195,구월동로데오거리,남동구,남동구,구월3동,,37.4449646,126.7006257,valid_header_swapped,true
20260228,bus,bus:165000211,165000211,39211,구월동우체국,남동구,남동구,구월2동,,37.4500977,126.6985575,valid_header_swapped,true
20260228,bus,bus:165000238,165000238,39238,구월동팬더아파트,남동구,남동구,구월1동,,37.4496575,126.7121845,valid_header_swapped,true
20260228,bus,bus:165000237,165000237,39237,구월동팬더아파트,남동구,남동구,구월1동,,37.4493146,126.7127978,valid_header_swapped,true
20260228,bus,bus:165000205,165000205,39205,구월서초등학교,남동구,남동구,구월3동,,37.4502743,126.6953710,valid_header_swapped,true
20260228,bus,bus:165000204,165000204,39204,구월서초등학교,남동구,남동구,구월3동,,37.4506666,126.6937028,valid_header_swapped,true
20260228,bus,bus:165000912,165000912,39912,구월아시아드1단지,남동구,남동구,구월1동,,37.4457083,126.7114778,valid_header_swapped,true
20260228,bus,bus:165000913,165000913,39913,구월아시아드1단지,남동구,남동구,구월1동,,37.4457674,126.7112550,valid_header_swapped,true
20260228,bus,bus:165000883,165000883,39883,구월아시아드5단지정문,남동구,남동구,구월1동,,37.4437655,126.7148780,valid_header_swapped,true
20260228,bus,bus:165000881,165000881,39881,구월아시아드5단지후문,남동구,남동구,구월1동,,37.4449139,126.7173406,valid_header_swapped,true
20260228,bus,bus:165000886,165000886,39886,구월아시아드6단지,남동구,남동구,구월1동,,37.4427758,126.7130513,valid_header_swapped,true
20260228,bus,bus:165000885,165000885,39885,구월아시아드6단지,남동구,남동구,구월1동,,37.4429915,126.7131264,valid_header_swapped,true
20260228,bus,bus:165000892,165000892,39892,구월아시아드7단지,남동구,남동구,구월1동,,37.4405341,126.7146334,valid_header_swapped,true
20260228,bus,bus:165000891,165000891,39891,구월아시아드8단지,남동구,남동구,구월1동,,37.4405577,126.7150449,valid_header_swapped,true
20260228,bus,bus:165000948,165000948,39948,구월아시아드8단지,남동구,남동구,남촌도림동,,37.4401633,126.7175284,valid_header_swapped,true
20260228,bus,bus:165000949,165000949,39949,구월아시아드8단지,남동구,남동구,남촌도림동,,37.4401592,126.7179044,valid_header_swapped,true
20260228,bus,bus:165000884,165000884,39884,구월아시아드선수촌센트럴자이,남동구,남동구,구월1동,,37.4437750,126.7147149,valid_header_swapped,true
20260228,bus,bus:165000203,165000203,39203,구월아시아드선수촌아파트,남동구,남동구,구월1동,,37.4437331,126.7178606,valid_header_swapped,true
20260228,bus,bus:165000202,165000202,39202,구월아시아드선수촌아파트,남동구,남동구,구월4동,,37.4426535,126.7182009,valid_header_swapped,true
20260228,bus,bus:165000213,165000213,39213,구월우체국,남동구,남동구,구월3동,,37.4504047,126.6985575,valid_header_swapped,true
20260228,bus,bus:165000281,165000281,39281,구월중학교,남동구,남동구,구월2동,,37.4544198,126.7084839,valid_header_swapped,true
20260228,bus,bus:165000286,165000286,39286,구월중학교,남동구,남동구,구월3동,,37.4553611,126.7082505,valid_header_swapped,true
20260228,bus,bus:165000384,165000384,39384,구월체육공원,남동구,남동구,구월2동,,37.4586135,126.7195911,valid_header_swapped,true
20260228,bus,bus:165000833,165000833,39833,구월초등학교,남동구,남동구,구월2동,,37.4524402,126.7177548,valid_header_swapped,true
20260228,bus,bus:165000832,165000832,39832,구월초등학교,남동구,남동구,구월1동,,37.4522843,126.7173214,valid_header_swapped,true
20260228,bus,bus:165000882,165000882,39882,구월한내들퍼스티지,남동구,남동구,구월1동,,37.4450486,126.7173225,valid_header_swapped,true
20260228,bus,bus:165000375,165000375,39375,구장수파출소,남동구,남동구,장수서창동,,37.4488201,126.7491290,valid_header_swapped,true
20260228,bus,bus:169000551,169000551,43551,구재이,강화군,강화군,불은면,,37.6628687,126.5069960,valid_header_swapped,true
20260228,bus,bus:169000282,169000282,43282,구재이,강화군,강화군,불은면,,37.6628098,126.5071383,valid_header_swapped,true
20260228,bus,bus:161000498,161000498,35498,구정슈퍼앞,중구,영종구,영종동,,37.5159626,126.5377213,valid_header_swapped,true
20260228,bus,bus:161000587,161000587,35587,구정슈퍼앞,중구,영종구,영종동,,37.5160489,126.5377569,valid_header_swapped,true
20260228,bus,bus:169001306,169001306,90306,구정정미소,강화군,강화군,교동면,,37.7724919,126.2439737,valid_header_swapped,true
20260228,bus,bus:169001284,169001284,90284,구정정미소,강화군,강화군,교동면,,37.7725581,126.2439295,valid_header_swapped,true
20260228,bus,bus:170000148,170000148,44148,구중학교앞,옹진군,옹진군,영흥면,,37.2719882,126.4808440,valid_header_swapped,true
20260228,bus,bus:170000119,170000119,44119,구중학교앞,옹진군,옹진군,영흥면,,37.2721592,126.4807580,valid_header_swapped,true
20260228,bus,bus:111001130,111001130,12900,구파발(가상),기타,기타,진관동,,,,missing,false
20260228,bus,bus:169000562,169000562,43562,구하1리입구,강화군,강화군,내가면,,37.7311537,126.3710682,valid_header_swapped,true
20260228,bus,bus:169000259,169000259,43259,구하1리입구,강화군,강화군,내가면,,37.7312749,126.3710503,valid_header_swapped,true
20260228,bus,bus:169000559,169000559,43559,구하2리마을회관,강화군,강화군,내가면,,37.7257424,126.3628198,valid_header_swapped,true
20260228,bus,bus:169000373,169000373,43373,구하2리마을회관,강화군,강화군,내가면,,37.7278032,126.3634968,valid_header_swapped,true
20260228,bus,bus:169000254,169000254,43254,구하2리마을회관,강화군,강화군,내가면,,37.7257106,126.3629925,valid_header_swapped,true
20260228,bus,bus:169000256,169000256,43256,구하2리마을회관,강화군,강화군,내가면,,37.7278016,126.3636126,valid_header_swapped,true
20260228,bus,bus:224000963,224000963,70151,국궁장앞,코드정보 없음,코드정보 없음,정왕4동,,37.3521175,126.7105107,valid_header_swapped,false
20260228,bus,bus:168001111,168001111,89111,국립생물자원관,서구,서해구,청라3동,,37.5572855,126.6365672,valid_header_swapped,true
20260228,bus,bus:168000741,168000741,42741,국립생물자원관입구,서구,서해구,청라3동,,37.5559322,126.6361784,valid_header_swapped,true
20260228,bus,bus:161000431,161000431,35431,국립인천공항검역소,중구,영종구,영종동,,37.4382291,126.4492569,valid_header_swapped,true
20260228,bus,bus:161000430,161000430,35430,국립인천공항검역소,중구,영종구,영종동,,37.4382954,126.4490598,valid_header_swapped,true
20260228,bus,bus:161000502,161000502,35502,국립인천해양박물관,중구,제물포구,북성동,,37.4705319,126.5972710,valid_header_swapped,true
20260228,bus,bus:161000128,161000128,35128,국립인천해양박물관,중구,제물포구,북성동,,37.4709616,126.5971256,valid_header_swapped,true
20260228,bus,bus:166000621,166000621,40621,국민건강보험 인천부평지사,부평구,부평구,청천2동,,37.5219741,126.7103878,valid_header_swapped,true
20260228,bus,bus:166000620,166000620,40620,국민건강보험 인천부평지사,부평구,부평구,청천2동,,37.5219289,126.7106339,valid_header_swapped,true
20260228,bus,bus:163000274,163000274,37274,국민건강보험남부지사,미추홀구,미추홀구,주안7동,,37.4513974,126.6778142,valid_header_swapped,true
20260228,bus,bus:164000149,164000149,38149,국민은행,연수구,연수구,청학동,,37.4162040,126.6758862,valid_header_swapped,true
20260228,bus,bus:164000148,164000148,38148,국민은행,연수구,연수구,청학동,,37.4159983,126.6757793,valid_header_swapped,true
20260228,bus,bus:164000129,164000129,38129,국민은행연수중앙지점,연수구,연수구,연수2동,,37.4146465,126.6767674,valid_header_swapped,true
20260228,bus,bus:164000571,164000571,38571,국민은행연수중앙지점,연수구,연수구,청학동,,37.4144718,126.6762900,valid_header_swapped,true
20260228,bus,bus:168001292,168001292,89292,국제금융단지,서구,서해구,청라3동,,37.5360683,126.6271569,valid_header_swapped,true
20260228,bus,bus:168001293,168001293,89293,국제금융단지,서구,서해구,청라3동,,37.5362993,126.6280196,valid_header_swapped,true
20260228,bus,bus:168001030,168001030,89030,국제성모병원,서구,서해구,연희동,,37.5419356,126.6837240,valid_header_swapped,true
20260228,bus,bus:168001031,168001031,89031,국제성모병원,서구,서해구,연희동,,37.5419318,126.6834419,valid_header_swapped,true
20260228,bus,bus:168001369,168001369,89369,국제성모병원(종점),서구,서해구,심곡동,,37.5418040,126.6835985,valid_header_swapped,true
20260228,bus,bus:161000026,161000026,35026,국제업무단지(공항청사),중구,영종구,운서동,,37.4393119,126.4615736,valid_header_swapped,true
20260228,bus,bus:164000528,164000528,38528,국제업무지구역,연수구,연수구,송도2동,,37.3991566,126.6304158,valid_header_swapped,true
20260228,bus,bus:164000619,164000619,38619,국제업무지구역5번출구,연수구,연수구,송도2동,,37.4000297,126.6308045,valid_header_swapped,true
20260228,bus,bus:163000573,163000573,37573,국제이노베이션,미추홀구,미추홀구,도화23동,,37.4783135,126.6603566,valid_header_swapped,true
20260228,bus,bus:163000574,163000574,37574,국제이노베이션,미추홀구,미추홀구,도화23동,,37.4786527,126.6591709,valid_header_swapped,true
20260228,bus,bus:169001051,169001051,90051,국제콘크리트,강화군,강화군,길상면,,37.6353255,126.5091357,valid_header_swapped,true
20260228,bus,bus:169001050,169001050,90050,국제콘크리트,강화군,강화군,길상면,,37.6352407,126.5093009,valid_header_swapped,true
20260228,bus,bus:164000457,164000457,38457,국제학교,연수구,연수구,송도2동,,37.3996193,126.6411109,valid_header_swapped,true
20260228,bus,bus:164000462,164000462,38462,국제학교,연수구,연수구,송도2동,,37.3998112,126.6409220,valid_header_swapped,true
20260228,bus,bus:169000371,169000371,43371,국촌,강화군,강화군,내가면,,37.7148298,126.3571059,valid_header_swapped,true
20260228,bus,bus:169000251,169000251,43251,국촌,강화군,강화군,내가면,,37.7144587,126.3571626,valid_header_swapped,true
20260228,bus,bus:169000353,169000353,43353,국화리야영장앞,강화군,강화군,강화읍,,37.7372862,126.4507673,valid_header_swapped,true
20260228,bus,bus:169000843,169000843,43843,국화리야영장앞,강화군,강화군,강화읍,,37.7374682,126.4509314,valid_header_swapped,true
20260228,bus,bus:169000359,169000359,43359,국화맨션,강화군,강화군,강화읍,,37.7450372,126.4709394,valid_header_swapped,true
20260228,bus,bus:169000566,169000566,43566,국화맨션,강화군,강화군,강화읍,,37.7449300,126.4709914,valid_header_swapped,true
20260228,bus,bus:169000047,169000047,43047,군인아파트,강화군,강화군,선원면,,37.7147027,126.4776423,valid_header_swapped,true
20260228,bus,bus:169000046,169000046,43046,군인아파트,강화군,강화군,선원면,,37.7148898,126.4777254,valid_header_swapped,true
20260228,bus,bus:232000131,232000131,35013,군하리.한우마을,기타,기타,김포시,,,,missing,false
20260228,bus,bus:350140000,350140000,35014,군하리.한우마을,기타,기타,김포시,,,,missing,false
20260228,bus,bus:163000142,163000142,37142,굴다리,미추홀구,미추홀구,용현5동,,37.4525990,126.6454342,valid_header_swapped,true
20260228,bus,bus:166000231,166000231,40231,굴다리오거리,부평구,부평구,부평1동,,37.4909696,126.7285256,valid_header_swapped,true
20260228,bus,bus:166000232,166000232,40232,굴다리오거리,부평구,부평구,부평5동,,37.4912497,126.7285112,valid_header_swapped,true
20260228,bus,bus:163000152,163000152,37152,굴다리입구,미추홀구,미추홀구,용현5동,,37.4545743,126.6398442,valid_header_swapped,true
20260228,bus,bus:166000506,166000506,40506,굴포천,부평구,부평구,갈산2동,,37.5082801,126.7257538,valid_header_swapped,true
20260228,bus,bus:166000509,166000509,40509,굴포천,부평구,부평구,갈산2동,,37.5082870,126.7259642,valid_header_swapped,true
20260228,bus,bus:166000814,166000814,40814,굴포천역(롯데마트),부평구,부평구,삼산2동,,37.5081017,126.7314293,valid_header_swapped,true
20260228,bus,bus:166000815,166000815,40815,굴포천역(롯데마트),부평구,부평구,갈산2동,,37.5079893,126.7312327,valid_header_swapped,true
20260228,bus,bus:166000508,166000508,40508,굴포천역(부평농협),부평구,부평구,갈산2동,,37.5072500,126.7298311,valid_header_swapped,true
20260228,bus,bus:166000507,166000507,40507,굴포천역(부평농협),부평구,부평구,부평4동,,37.5070116,126.7298459,valid_header_swapped,true
20260228,bus,bus:166000485,166000485,40485,굴포천역(신복사거리),부평구,부평구,부평5동,,37.5050162,126.7312679,valid_header_swapped,true
20260228,bus,bus:166000498,166000498,40498,굴포천역(신복사거리),부평구,부평구,부평4동,,37.5058229,126.7309923,valid_header_swapped,true
20260228,bus,bus:166000519,166000519,40519,굴포천역(욱일아파트),부평구,부평구,부개3동,,37.5068415,126.7329274,valid_header_swapped,true
20260228,bus,bus:166000522,166000522,40522,굴포천역(욱일아파트),부평구,부평구,삼산2동,,37.5071257,126.7330889,valid_header_swapped,true
20260228,bus,bus:169000572,169000572,43572,궁골,강화군,강화군,내가면,,37.7277335,126.4192212,valid_header_swapped,true
20260228,bus,bus:169000346,169000346,43346,궁골,강화군,강화군,내가면,,37.7276823,126.4189685,valid_header_swapped,true
20260228,bus,bus:163000575,163000575,37575,궁현사거리,미추홀구,미추홀구,도화23동,,37.4763734,126.6639577,valid_header_swapped,true
20260228,bus,bus:163000576,163000576,37576,궁현사거리,미추홀구,미추홀구,도화23동,,37.4762021,126.6637909,valid_header_swapped,true
20260228,bus,bus:168000004,168000004,42004,귀뚜라미보일러,서구,서해구,가좌3동,,37.4752561,126.6857578,valid_header_swapped,true
20260228,bus,bus:168000003,168000003,42003,귀뚜라미보일러,서구,서해구,가좌3동,,37.4751525,126.6856345,valid_header_swapped,true
20260228,bus,bus:167000385,167000385,41385,귤현감리교회,계양구,계양구,계양3동,,37.5671039,126.7473433,valid_header_swapped,true
20260228,bus,bus:167000386,167000386,41386,귤현감리교회,계양구,계양구,계양3동,,37.5672077,126.7473212,valid_header_swapped,true
20260228,bus,bus:167000328,167000328,41328,귤현동마을입구,계양구,계양구,계양1동,,37.5643361,126.7426621,valid_header_swapped,true
20260228,bus,bus:167000326,167000326,41326,귤현동마을입구,계양구,계양구,계양1동,,37.5641539,126.7424181,valid_header_swapped,true
20260228,bus,bus:167000572,167000572,41572,귤현아이파크정문,계양구,계양구,계양1동,,37.5693881,126.7493441,valid_header_swapped,true
20260228,bus,bus:167000331,167000331,41331,귤현역,계양구,계양구,계양3동,,37.5661098,126.7425649,valid_header_swapped,true
20260228,bus,bus:167000332,167000332,41332,귤현역,계양구,계양구,계양1동,,37.5663159,126.7421609,valid_header_swapped,true
20260228,bus,bus:167000443,167000443,41443,귤현차량기지(센트레빌3단지),계양구,계양구,계양3동,,37.5672138,126.7449770,valid_header_swapped,true
20260228,bus,bus:167000444,167000444,41444,귤현차량기지(센트레빌3단지),계양구,계양구,계양3동,,37.5670582,126.7447569,valid_header_swapped,true
20260228,bus,bus:167000619,167000619,41619,귤현차량기지(안골공원),계양구,계양구,계양3동,,37.5706780,126.7454106,valid_header_swapped,true
20260228,bus,bus:167000618,167000618,41618,귤현차량기지(안골공원),계양구,계양구,계양3동,,37.5709102,126.7447967,valid_header_swapped,true
20260228,bus,bus:167000670,167000670,41670,귤현차량사업소,계양구,계양구,계양3동,,37.5689215,126.7447630,valid_header_swapped,true
20260228,bus,bus:167000620,167000620,41620,귤현현대아이파크,계양구,계양구,계양1동,,37.5693369,126.7490124,valid_header_swapped,true
20260228,bus,bus:161000649,161000649,35649,그린나래지하차도,중구,영종구,영종동,,37.4745909,126.5146858,valid_header_swapped,true
20260228,bus,bus:161000648,161000648,35648,그린나래지하차도,중구,영종구,영종동,,37.4745968,126.5161020,valid_header_swapped,true
20260228,bus,bus:168000222,168000222,42222,그린빌라,서구,서해구,가정3동,,37.5177601,126.6804138,valid_header_swapped,true
20260228,bus,bus:168000602,168000602,42602,그린빌라,서구,서해구,가정3동,,37.5176220,126.6805235,valid_header_swapped,true
20260228,bus,bus:166000194,166000194,40194,그린힐아파트.e편한세상아파트,부평구,부평구,부개1동,,37.4868384,126.7345634,valid_header_swapped,true
20260228,bus,bus:165000272,165000272,39272,극동.금호아파트,남동구,남동구,간석2동,,37.4569896,126.6987966,valid_header_swapped,true
20260228,bus,bus:165000278,165000278,39278,극동.금호아파트,남동구,남동구,간석2동,,37.4572231,126.6991307,valid_header_swapped,true
20260228,bus,bus:165000918,165000918,39918,극지연구소,연수구,연수구,송도3동,,37.3692960,126.6473035,valid_header_swapped,true
20260228,bus,bus:165000919,165000919,39919,극지연구소,연수구,연수구,송도3동,,37.3689679,126.6471279,valid_header_swapped,true
20260228,bus,bus:161000370,161000370,35370,근대문화거리입구,중구,제물포구,신포동,,37.4709538,126.6222608,valid_header_swapped,true
20260228,bus,bus:161000369,161000369,35369,근대문화거리입구,중구,제물포구,신포동,,37.4711734,126.6224955,valid_header_swapped,true
20260228,bus,bus:166000155,166000155,40155,근로복지공단인천병원,부평구,부평구,일신동,,37.4774306,126.7518923,valid_header_swapped,true
20260228,bus,bus:166000145,166000145,40145,근로복지공단인천병원,부평구,부평구,일신동,,37.4767652,126.7518038,valid_header_swapped,true
20260228,bus,bus:165000841,165000841,39841,글로벌캠퍼스푸르지오,연수구,연수구,송도3동,,37.3758124,126.6549299,valid_header_swapped,true
20260228,bus,bus:165000840,165000840,39840,글로벌파크베르디움,연수구,연수구,송도3동,,37.3756934,126.6551748,valid_header_swapped,true
20260228,bus,bus:165001075,165001075,92075,글로스터호텔인천,남동구,남동구,논현동,,37.4001474,126.7353082,valid_header_swapped,true
20260228,bus,bus:165000007,165000007,39007,금강다이아몬드,남동구,남동구,논현고잔동,,37.3925541,126.6796752,valid_header_swapped,true
20260228,bus,bus:165000008,165000008,39008,금강다이아몬드,남동구,남동구,논현고잔동,,37.3926416,126.6798133,valid_header_swapped,true
20260228,bus,bus:210000631,210000631,55066,금강마을,코드정보 없음,코드정보 없음,중1동,,37.5079716,126.7587399,valid_header_swapped,false
20260228,bus,bus:210000106,210000106,55068,금강마을,코드정보 없음,코드정보 없음,중1동,,37.5079746,126.7593515,valid_header_swapped,false
20260228,bus,bus:163000291,163000291,37291,금강요양병원,미추홀구,미추홀구,주안8동,,37.4508041,126.6867867,valid_header_swapped,true
20260228,bus,bus:168000858,168000858,42858,금강종합상가,서구,검단구,오류왕길동,,37.5897999,126.6572154,valid_header_swapped,true
20260228,bus,bus:170000113,170000113,44113,금강찜질방,옹진군,옹진군,영흥면,,37.2570319,126.4591438,valid_header_swapped,true
20260228,bus,bus:170000149,170000149,44149,금강찜질방,옹진군,옹진군,영흥면,,37.2572172,126.4587080,valid_header_swapped,true
20260228,bus,bus:170000151,170000151,44151,금강찜질방,옹진군,옹진군,영흥면,,37.2569232,126.4586750,valid_header_swapped,true
20260228,bus,bus:170000150,170000150,44150,금강찜질방,옹진군,옹진군,영흥면,,37.2570302,126.4586310,valid_header_swapped,true
20260228,bus,bus:168000758,168000758,42758,금강탱크터미널,서구,서해구,가좌1동,,37.4879759,126.6700431,valid_header_swapped,true
20260228,bus,bus:168001459,168001459,89459,금강펜테리움더시글로,서구,검단구,원당동,,37.5919476,126.7092692,valid_header_swapped,true
20260228,bus,bus:168001392,168001392,89392,금강펜테리움더시글로,서구,검단구,아라동,,37.5916729,126.7093870,valid_header_swapped,true
20260228,bus,bus:168001370,168001370,89370,금곡교차로,서구,검단구,금곡동,,37.6101127,126.6379745,valid_header_swapped,true
20260228,bus,bus:168000471,168000471,42471,금곡동,서구,검단구,검단1동,,37.6191853,126.6345798,valid_header_swapped,true
20260228,bus,bus:168000587,168000587,42587,금곡동,서구,검단구,검단1동,,37.6179355,126.6366583,valid_header_swapped,true
20260228,bus,bus:168001319,168001319,89319,금곡종점,서구,검단구,금곡동,,37.6115030,126.6506659,valid_header_swapped,true
20260228,bus,bus:168001061,168001061,89061,금란마트,서구,검단구,오류왕길동,,37.5957181,126.6232064,valid_header_swapped,true
20260228,bus,bus:168001056,168001056,89056,금란마트,서구,검단구,오류왕길동,,37.5951600,126.6254330,valid_header_swapped,true
20260228,bus,bus:166000833,166000833,40833,금마초등학교,부평구,부평구,일신동,,37.4788413,126.7471287,valid_header_swapped,true
20260228,bus,bus:161000719,161000719,35719,금산,중구,영종구,영종동,,37.5173675,126.5167050,valid_header_swapped,true
20260228,bus,bus:161000718,161000718,35718,금산,중구,영종구,영종동,,37.5171992,126.5163100,valid_header_swapped,true
20260228,bus,bus:161000634,161000634,35634,금산IC(미정차),중구,영종구,영종동,,37.5112912,126.5235611,valid_header_swapped,true
20260228,bus,bus:161000635,161000635,35635,금산IC(미정차),중구,영종구,영종동,,37.5108910,126.5235445,valid_header_swapped,true
20260228,bus,bus:161000565,161000565,35565,금산경로당,중구,영종구,영종동,,37.5101689,126.5259271,valid_header_swapped,true
20260228,bus,bus:161000564,161000564,35564,금산경로당,중구,영종구,영종동,,37.5103169,126.5260189,valid_header_swapped,true
20260228,bus,bus:168000812,168000812,42812,금성목재,서구,검단구,오류왕길동,,37.5925615,126.6037137,valid_header_swapped,true
20260228,bus,bus:169000298,169000298,43298,금운교,강화군,강화군,선원면,,37.6999433,126.4808197,valid_header_swapped,true
20260228,bus,bus:169000858,169000858,43858,금운교,강화군,강화군,선원면,,37.6999486,126.4810128,valid_header_swapped,true
20260228,bus,bus:169000777,169000777,43777,금월리종점,강화군,강화군,선원면,,37.7005069,126.4947636,valid_header_swapped,true
20260228,bus,bus:169001301,169001301,90301,금정골입구,강화군,강화군,교동면,,37.7607485,126.2319089,valid_header_swapped,true
20260228,bus,bus:168001604,168001604,89604,금정로.검단AA20단지,서구,검단구,불로동,,37.6122403,126.7021621,valid_header_swapped,true
20260228,bus,bus:168001605,168001605,89605,금정로.검단AA21단지,서구,검단구,불로동,,37.6116244,126.7013904,valid_header_swapped,true
20260228,bus,bus:168001603,168001603,89603,금정로.우미린클래스원,서구,검단구,불로동,,37.6061138,126.7001816,valid_header_swapped,true
20260228,bus,bus:168001602,168001602,89602,금정로.우미린클래스원,서구,검단구,불로동,,37.6071541,126.7014149,valid_header_swapped,true
20260228,bus,bus:169001300,169001300,90300,금정부락,강화군,강화군,교동면,,37.7633193,126.2303954,valid_header_swapped,true
20260228,bus,bus:277104692,277104692,0,금천(미정차),기타,기타,시흥동,,37.4380128,126.9060956,outside_incheon_bounds,false
20260228,bus,bus:277102909,277102909,0,금천(미정차),기타,기타,시흥동,,37.4383939,126.9061235,outside_incheon_bounds,false
20260228,bus,bus:117000028,117000028,18114,금천패션아울렛사거리.W몰,기타,기타,금천구,,37.4776910,126.8877180,outside_incheon_bounds,false
20260228,bus,bus:163000031,163000031,37031,금호2차아파트,미추홀구,미추홀구,용현5동,,37.4494874,126.6335367,valid_header_swapped,true
20260228,bus,bus:163000033,163000033,37033,금호2차아파트,미추홀구,미추홀구,용현5동,,37.4495558,126.6340252,valid_header_swapped,true
20260228,bus,bus:161000112,161000112,35112,금호베스트빌1단지.영종도서관,중구,영종구,운서동,,37.4951738,126.4871705,valid_header_swapped,true
20260228,bus,bus:161000113,161000113,35113,금호베스트빌1단지.영종도서관,중구,영종구,운서동,,37.4954924,126.4871805,valid_header_swapped,true
20260228,bus,bus:163000061,163000061,37061,금호아파트,미추홀구,미추홀구,용현5동,,37.4492655,126.6400523,valid_header_swapped,true
20260228,bus,bus:166000441,166000441,40441,금호아파트,부평구,부평구,청천2동,,37.5070683,126.7146304,valid_header_swapped,true
20260228,bus,bus:164000302,164000302,38302,금호아파트,연수구,연수구,선학동,,37.4259837,126.6999432,valid_header_swapped,true
20260228,bus,bus:166000795,166000795,40795,금호아파트,부평구,부평구,청천2동,,37.5079454,126.7118145,valid_header_swapped,true
20260228,bus,bus:166000845,166000845,40845,금호아파트,부평구,부평구,청천2동,,37.5082419,126.7118935,valid_header_swapped,true
20260228,bus,bus:164000349,164000349,38349,금호아파트,연수구,연수구,송도1동,,37.3926735,126.6562515,valid_header_swapped,true
20260228,bus,bus:161000313,161000313,35313,금호어울림,중구,영종구,운서동,,37.4827975,126.5080667,valid_header_swapped,true
20260228,bus,bus:161000384,161000384,35384,금호어울림,중구,영종구,영종동,,37.4828890,126.5078384,valid_header_swapped,true
20260228,bus,bus:163000048,163000048,37048,금호어울림,미추홀구,미추홀구,용현5동,,37.4504655,126.6327406,valid_header_swapped,true
20260228,bus,bus:161000597,161000597,35597,금호어울림2차,중구,영종구,영종동,,37.4822669,126.5068114,valid_header_swapped,true
20260228,bus,bus:161000598,161000598,35598,금호어울림2차,중구,영종구,영종동,,37.4821523,126.5064395,valid_header_swapped,true
20260228,bus,bus:168000592,168000592,42592,금호어울림아파트,서구,검단구,마전동,,37.5943452,126.6662497,valid_header_swapped,true
20260228,bus,bus:168000139,168000139,42139,금호어울림아파트,서구,서해구,석남2동,,37.5039721,126.6679807,valid_header_swapped,true
20260228,bus,bus:168000137,168000137,42137,금호어울림아파트,서구,서해구,석남2동,,37.5038290,126.6681712,valid_header_swapped,true
20260228,bus,bus:168000593,168000593,42593,금호어울림아파트,서구,검단구,당하동,,37.5941443,126.6665189,valid_header_swapped,true
20260228,bus,bus:166000316,166000316,40316,금호이수마운트밸리,부평구,부평구,산곡2동,,37.5031531,126.7032230,valid_header_swapped,true
20260228,bus,bus:168000801,168000801,42801,금호종합열처리,서구,서해구,검암경서동,,37.5464227,126.6448008,valid_header_swapped,true
20260228,bus,bus:163000024,163000024,37024,금호타운,미추홀구,미추홀구,용현5동,,37.4482215,126.6354426,valid_header_swapped,true
20260228,bus,bus:163000026,163000026,37026,금호타운,미추홀구,미추홀구,용현5동,,37.4486754,126.6353876,valid_header_swapped,true
20260228,bus,bus:161000543,161000543,35543,금홍염전,중구,영종구,영종동,,37.4738499,126.5193521,valid_header_swapped,true
20260228,bus,bus:161000544,161000544,35544,금홍염전,중구,영종구,영종동,,37.4734527,126.5194170,valid_header_swapped,true
20260228,bus,bus:163000294,163000294,37294,기계공고,미추홀구,미추홀구,주안2동,,37.4561048,126.6702491,valid_header_swapped,true
20260228,bus,bus:162000129,162000129,36129,기계철제단지,동구,제물포구,송현3동,,37.4865699,126.6465888,valid_header_swapped,true
20260228,bus,bus:162000149,162000149,36149,기계철제단지,동구,제물포구,송현3동,,37.4863440,126.6463159,valid_header_swapped,true
20260228,bus,bus:165000567,165000567,39567,기신정기,남동구,남동구,논현고잔동,,37.4020523,126.6948213,valid_header_swapped,true
20260228,bus,bus:224000958,224000958,70152,기업은행앞,코드정보 없음,코드정보 없음,정왕4동,,37.3518620,126.7105777,valid_header_swapped,false
20260228,bus,bus:168001504,168001504,89504,"기점(미정차)_43, 66, 87",서구,검단구,백석동,,37.5777509,126.6634358,valid_header_swapped,true
20260228,bus,bus:163000677,163000677,37677,기점(미정차)_517 519,미추홀구,미추홀구,용현5동,,37.4449815,126.6407154,valid_header_swapped,true
20260228,bus,bus:164000795,164000795,38793,기점(미정차)_동춘동차고지,연수구,연수구,동춘동,,37.3999310,126.6695073,valid_header_swapped,true
20260228,bus,bus:161000686,161000686,35686,긴마루교회입구,중구,영종구,운북동,,37.5130450,126.5380683,valid_header_swapped,true
20260228,bus,bus:161000692,161000692,35692,긴마루교회입구,중구,영종구,운북동,,37.5131650,126.5380539,valid_header_swapped,true
20260228,bus,bus:165000250,165000250,39250,길병원,남동구,남동구,구월3동,,37.4521253,126.7078021,valid_header_swapped,true
20260228,bus,bus:165000264,165000264,39264,길병원,남동구,남동구,구월2동,,37.4529669,126.7100933,valid_header_swapped,true
20260228,bus,bus:165000262,165000262,39262,길병원,남동구,남동구,구월2동,,37.4528636,126.7099738,valid_header_swapped,true
20260228,bus,bus:165000590,165000590,39590,길병원,남동구,남동구,구월1동,,37.4518458,126.7081489,valid_header_swapped,true
20260228,bus,bus:165000212,165000212,39212,길병원사거리,남동구,남동구,구월3동,,37.4476290,126.7071642,valid_header_swapped,true
20260228,bus,bus:165000216,165000216,39216,길병원사거리,남동구,남동구,구월1동,,37.4480996,126.7076410,valid_header_swapped,true
20260228,bus,bus:169000148,169000148,43148,길상교회,강화군,강화군,길상면,,37.6222666,126.4789953,valid_header_swapped,true
20260228,bus,bus:169000701,169000701,43701,길상교회,강화군,강화군,길상면,,37.6223790,126.4791741,valid_header_swapped,true
20260228,bus,bus:169000959,169000959,43959,길상군립어린이집,강화군,강화군,길상면,,37.6365489,126.5196098,valid_header_swapped,true
20260228,bus,bus:169000960,169000960,43960,길상군립어린이집,강화군,강화군,길상면,,37.6367366,126.5198454,valid_header_swapped,true
20260228,bus,bus:169000149,169000149,43149,길상낚시터,강화군,강화군,길상면,,37.6234342,126.4948478,valid_header_swapped,true
20260228,bus,bus:169000883,169000883,43883,길상낚시터,강화군,강화군,길상면,,37.6236126,126.4948934,valid_header_swapped,true
20260228,bus,bus:169001410,169001410,90410,길상면주민복합센터,강화군,강화군,길상면,,37.6418893,126.4900786,valid_header_swapped,true
20260228,bus,bus:169001409,169001409,90409,길상면주민복합센터,강화군,강화군,길상면,,37.6420303,126.4901290,valid_header_swapped,true
20260228,bus,bus:169000069,169000069,43069,길상보건지소,강화군,강화군,길상면,,37.6405830,126.4916778,valid_header_swapped,true
20260228,bus,bus:169000021,169000021,43021,길상보건지소,강화군,강화군,길상면,,37.6409191,126.4915667,valid_header_swapped,true
20260228,bus,bus:169001054,169001054,90054,길정저수지,강화군,강화군,길상면,,37.6538651,126.4774827,valid_header_swapped,true
20260228,bus,bus:169001055,169001055,90055,길정저수지,강화군,강화군,길상면,,37.6538397,126.4773795,valid_header_swapped,true
20260228,bus,bus:169000270,169000270,43270,길직1리,강화군,강화군,불은면,,37.6579258,126.4933512,valid_header_swapped,true
20260228,bus,bus:169000031,169000031,43031,길직리,강화군,강화군,길상면,,37.6579250,126.4931441,valid_header_swapped,true
20260228,bus,bus:169000304,169000304,43304,길직리입구,강화군,강화군,길상면,,37.6717908,126.4747758,valid_header_swapped,true
20260228,bus,bus:169000313,169000313,43313,길직리입구,강화군,강화군,길상면,,37.6716073,126.4747336,valid_header_swapped,true
20260228,bus,bus:232000354,232000354,80041,길훈4차아파트,코드정보 없음,코드정보 없음,사우동,,37.6152987,126.7253949,valid_header_swapped,false
20260228,bus,bus:232000344,232000344,80040,길훈4차아파트,코드정보 없음,코드정보 없음,사우동,,37.6152169,126.7256021,valid_header_swapped,false
20260228,bus,bus:168000494,168000494,42494,길훈아파트,서구,검단구,불로대곡동,,37.6136151,126.6854389,valid_header_swapped,true
20260228,bus,bus:165000751,165000751,39751,김미현골프장,남동구,남동구,논현고잔동,,37.3861094,126.7144778,valid_header_swapped,true
20260228,bus,bus:165000749,165000749,39749,김미현골프장,남동구,남동구,논현고잔동,,37.3858951,126.7139825,valid_header_swapped,true
20260228,bus,bus:161000675,161000675,35675,김소골,중구,영종구,영종동,,37.5018484,126.5581254,valid_header_swapped,true
20260228,bus,bus:161000703,161000703,35703,김소골,중구,영종구,영종동,,37.5019058,126.5580151,valid_header_swapped,true
20260228,bus,bus:169000455,169000455,43455,김지곡,강화군,강화군,송해면,,37.7915334,126.4417438,valid_header_swapped,true
20260228,bus,bus:169000831,169000831,43831,김지곡,강화군,강화군,송해면,,37.7915309,126.4415882,valid_header_swapped,true
20260228,bus,bus:115000601,115000601,25029,김포공항국내선,코드정보 없음,코드정보 없음,공항동,,37.5583909,126.8047025,valid_header_swapped,false
20260228,bus,bus:115000602,115000602,25091,김포공항국내선,코드정보 없음,코드정보 없음,공항동,,37.5602784,126.8019767,valid_header_swapped,false
20260228,bus,bus:115000562,115000562,25164,김포공항국제선,코드정보 없음,코드정보 없음,방화2동,,37.5653875,126.8011351,valid_header_swapped,false
20260228,bus,bus:115000283,115000283,25006,김포공항국제선,코드정보 없음,코드정보 없음,공항동,,37.5652605,126.8011033,valid_header_swapped,false
20260228,bus,bus:232000086,232000086,35005,김포대학교,기타,기타,김포시,,,,missing,false
20260228,bus,bus:232000095,232000095,35006,김포대학교,기타,기타,김포시,,,,missing,false
20260228,bus,bus:232000597,232000597,80258,김포대학입구,코드정보 없음,코드정보 없음,월곶면,,37.7236810,126.5373228,valid_header_swapped,false
20260228,bus,bus:232000596,232000596,80257,김포대학입구,코드정보 없음,코드정보 없음,월곶면,,37.7244109,126.5369177,valid_header_swapped,false
20260228,bus,bus:351620000,351620000,35162,김포외국어고등학교,기타,기타,김포시,,,,missing,false
20260228,bus,bus:232000053,232000053,35162,김포외국어고등학교,기타,기타,김포시,,,,missing,false
20260228,bus,bus:232000052,232000052,35161,김포외국어고등학교,기타,기타,김포시,,,,missing,false
20260228,bus,bus:232000788,232000788,35591,김포우리병원,기타,기타,걸포동,,,,missing,false
20260228,bus,bus:232000327,232000327,80030,김포초교,코드정보 없음,코드정보 없음,김포1동,,37.6264863,126.7101125,valid_header_swapped,false
20260228,bus,bus:232000333,232000333,80028,김포초교,기타,기타,김포1동,,37.6256957,126.7115674,valid_header_swapped,false
20260228,bus,bus:232000300,232000300,80032,김포한강신협,기타,기타,양촌면,,37.6536645,126.6238485,valid_header_swapped,false
20260228,bus,bus:232000293,232000293,80035,김포한강신협,기타,기타,양촌면,,37.6539345,126.6239371,valid_header_swapped,false
20260228,bus,bus:167000149,167000149,41149,까치공원.작전도서관,계양구,계양구,작전서운동,,37.5333143,126.7383226,valid_header_swapped,true
20260228,bus,bus:167000563,167000563,41563,까치말사거리,계양구,계양구,작전1동,,37.5302920,126.7323415,valid_header_swapped,true
20260228,bus,bus:167000564,167000564,41564,까치말사거리,계양구,계양구,작전서운동,,37.5306938,126.7343053,valid_header_swapped,true
20260228,bus,bus:210000048,210000048,55024,꿈동산.사랑마을,코드정보 없음,코드정보 없음,상3동,,37.4937246,126.7575704,valid_header_swapped,false
20260228,bus,bus:210000286,210000286,55022,꿈동산.사랑마을,코드정보 없음,코드정보 없음,상3동,,37.4939703,126.7567679,valid_header_swapped,false
20260228,bus,bus:165001023,165001023,92023,꿈에그린아파트,남동구,남동구,장수서창동,,37.4281421,126.7593911,valid_header_swapped,true
20260228,bus,bus:164000745,164000745,38743,꿈쟁이지역아동센터,연수구,연수구,연수1동,,37.4257699,126.6786924,valid_header_swapped,true
20260228,bus,bus:164000278,164000278,38278,꿈쟁이지역아동센터,연수구,연수구,연수1동,,37.4251044,126.6787799,valid_header_swapped,true
20260228,bus,bus:166000398,166000398,40398,나누리병원,부평구,부평구,부평4동,,37.4992843,126.7303681,valid_header_swapped,true
20260228,bus,bus:166000784,166000784,40784,나누리병원,부평구,부평구,부평5동,,37.4991524,126.7307144,valid_header_swapped,true
20260228,bus,bus:164000142,164000142,38142,나래병원,연수구,연수구,청학동,,37.4163950,126.6735744,valid_header_swapped,true
20260228,bus,bus:161000593,161000593,35593,나룻개,중구,영종구,용유동,,37.4496857,126.4173122,valid_header_swapped,true
20260228,bus,bus:161000594,161000594,35594,나룻개,중구,영종구,용유동,,37.4494628,126.4175512,valid_header_swapped,true
20260228,bus,bus:161000386,161000386,35386,나룻개입구,중구,영종구,용유동,,37.4523349,126.4204918,valid_header_swapped,true
20260228,bus,bus:161000385,161000385,35385,나룻개입구,중구,영종구,용유동,,37.4523924,126.4203770,valid_header_swapped,true
20260228,bus,bus:169001184,169001184,90184,나무깨,강화군,강화군,삼산면,,37.6706368,126.3751456,valid_header_swapped,true
20260228,bus,bus:169001183,169001183,90183,나무깨,강화군,강화군,삼산면,,37.6703703,126.3751757,valid_header_swapped,true
20260228,bus,bus:169001344,169001344,90344,나무다리,강화군,강화군,내가면,,37.7136908,126.4011800,valid_header_swapped,true
20260228,bus,bus:169001340,169001340,90340,나무다리,강화군,강화군,내가면,,37.7137537,126.4011811,valid_header_swapped,true
20260228,bus,bus:166000937,166000937,40937,나비공원입구사거리,부평구,부평구,청천동,,37.5209665,126.6942298,valid_header_swapped,true
20260228,bus,bus:164000068,164000068,38068,나사렛국제병원앞,연수구,연수구,동춘2동,,37.4076767,126.6702891,valid_header_swapped,true
20260228,bus,bus:168000056,168000056,42056,나은병원,서구,서해구,가좌3동,,37.4893971,126.6800278,valid_header_swapped,true
20260228,bus,bus:232000364,232000364,35216,나진교.메트로자이2단지,기타,기타,김포시,,,,missing,false
20260228,bus,bus:232000424,232000424,35217,나진교.메트로자이2단지,기타,기타,김포시,,,,missing,false
20260228,bus,bus:169000356,169000356,43356,낚시터매점,강화군,강화군,강화읍,,37.7421633,126.4637195,valid_header_swapped,true
20260228,bus,bus:169000840,169000840,43840,낚시터매점,강화군,강화군,강화읍,,37.7420668,126.4638198,valid_header_swapped,true
20260228,bus,bus:168000802,168000802,42802,낚시터입구,서구,서해구,검암경서동,,37.5465893,126.6447942,valid_header_swapped,true
20260228,bus,bus:169001286,169001286,90286,난곳정미소,강화군,강화군,교동면,,37.7753852,126.2323782,valid_header_swapped,true
20260228,bus,bus:169001285,169001285,90285,난정1리마을회관,강화군,강화군,교동면,,37.7749605,126.2344566,valid_header_swapped,true
20260228,bus,bus:169001287,169001287,90287,난정1리마을회관,강화군,강화군,교동면,,37.7748499,126.2344766,valid_header_swapped,true
20260228,bus,bus:169001288,169001288,90288,난정교회앞,강화군,강화군,교동면,,37.7715599,126.2415665,valid_header_swapped,true
20260228,bus,bus:169001289,169001289,90289,난정보건진료소앞,강화군,강화군,교동면,,37.7714197,126.2375979,valid_header_swapped,true
20260228,bus,bus:169001305,169001305,90305,난정초등학교입구,강화군,강화군,교동면,,37.7692138,126.2427201,valid_header_swapped,true
20260228,bus,bus:163000257,163000257,37257,남광로얄아파트,미추홀구,미추홀구,주안7동,,37.4499621,126.6796394,valid_header_swapped,true
20260228,bus,bus:168000841,168000841,42841,남광하우스토리,서구,서해구,청라2동,,37.5350747,126.6407486,valid_header_swapped,true
20260228,bus,bus:168000921,168000921,42921,남광하우스토리,서구,서해구,청라2동,,37.5362011,126.6420411,valid_header_swapped,true
20260228,bus,bus:168000920,168000920,42920,남광하우스토리,서구,서해구,청라2동,,37.5359542,126.6414613,valid_header_swapped,true
20260228,bus,bus:277103045,277103045,0,남동IC(미경유),남동구,남동구,남촌도림동,,37.4317825,126.7114715,valid_header_swapped,true
20260228,bus,bus:165001004,165001004,92004,남동IC(미정차),남동구,남동구,남촌도림동,,37.4339378,126.7134275,valid_header_swapped,true
20260228,bus,bus:277103046,277103046,92080,남동IC진입(미경유),남동구,남동구,남촌도림동,,37.4317876,126.7118183,valid_header_swapped,true
20260228,bus,bus:165001055,165001055,92055,남동경기장,남동구,남동구,수산동,,37.4338109,126.7324981,valid_header_swapped,true
20260228,bus,bus:165000178,165000178,39178,남동경찰서,남동구,남동구,구월3동,,37.4410611,126.7062152,valid_header_swapped,true
20260228,bus,bus:165000888,165000888,39888,남동경찰서·남동세무서,남동구,남동구,구월1동,,37.4427631,126.7086809,valid_header_swapped,true
20260228,bus,bus:165000887,165000887,39887,남동경찰서·남동세무서,남동구,남동구,구월1동,,37.4429492,126.7086122,valid_header_swapped,true
20260228,bus,bus:165001035,165001035,92035,남동고등학교,남동구,남동구,논현동,,37.4055672,126.7224446,valid_header_swapped,true
20260228,bus,bus:165001036,165001036,92036,남동고등학교,남동구,남동구,논현동,,37.4052341,126.7219588,valid_header_swapped,true
20260228,bus,bus:165000279,165000279,39279,남동구청,남동구,남동구,만수3동,,37.4467756,126.7328618,valid_header_swapped,true
20260228,bus,bus:165000263,165000263,39263,남동구청,남동구,남동구,만수6동,,37.4457689,126.7328243,valid_header_swapped,true
20260228,bus,bus:165000318,165000318,39318,남동구청역,남동구,남동구,만수6동,,37.4479570,126.7382264,valid_header_swapped,true
20260228,bus,bus:165000324,165000324,39324,남동구청역,남동구,남동구,만수1동,,37.4482904,126.7383411,valid_header_swapped,true
20260228,bus,bus:165000288,165000288,39288,남동구청후문,남동구,남동구,만수1동,,37.4486636,126.7305491,valid_header_swapped,true
20260228,bus,bus:165000287,165000287,39287,남동구청후문,남동구,남동구,만수3동,,37.4483293,126.7307017,valid_header_swapped,true
20260228,bus,bus:165000853,165000853,39853,남동국가산업단지 입구,남동구,남동구,논현고잔동,,37.3886398,126.7171430,valid_header_swapped,true
20260228,bus,bus:165000568,165000568,39568,남동국가산업단지(기신정기),남동구,남동구,논현고잔동,,37.4023023,126.6949563,valid_header_swapped,true
20260228,bus,bus:165000073,165000073,39073,남동근린공원,남동구,남동구,논현1동,,37.4068761,126.6995141,valid_header_swapped,true
20260228,bus,bus:165000075,165000075,39075,남동근린공원,남동구,남동구,논현2동,,37.4072119,126.6993207,valid_header_swapped,true
20260228,bus,bus:164000090,164000090,38090,남동대교,연수구,연수구,연수2동,,37.4069864,126.6851475,valid_header_swapped,true
20260228,bus,bus:165000063,165000063,39063,남동대교(스퀘어원),연수구,연수구,동춘3동,,37.4067441,126.6848740,valid_header_swapped,true
20260228,bus,bus:165000330,165000330,39330,남동빌라,남동구,남동구,만수3동,,37.4517536,126.7291224,valid_header_swapped,true
20260228,bus,bus:165001048,165001048,92048,남동산단1단지공구상가,남동구,남동구,논현동,,37.4097906,126.6937361,valid_header_swapped,true
20260228,bus,bus:165000076,165000076,39076,남동산단우편취급국,남동구,남동구,논현1동,,37.4087482,126.6945947,valid_header_swapped,true
20260228,bus,bus:165000346,165000346,39346,남동새마을금고,남동구,남동구,간석1동,,37.4624384,126.6999375,valid_header_swapped,true
20260228,bus,bus:165000343,165000343,39343,남동새마을금고,남동구,남동구,간석4동,,37.4619458,126.6981437,valid_header_swapped,true
20260228,bus,bus:165000744,165000744,39744,남동소래아트홀,남동구,남동구,논현고잔동,,37.3872597,126.7244200,valid_header_swapped,true
20260228,bus,bus:165000743,165000743,39743,남동소래아트홀,남동구,남동구,논현고잔동,,37.3866997,126.7258276,valid_header_swapped,true
20260228,bus,bus:165000792,165000792,39792,남동소래아트홀,남동구,남동구,논현고잔동,,37.3866155,126.7261827,valid_header_swapped,true
20260228,bus,bus:165000748,165000748,39748,남동소래아트홀,남동구,남동구,논현고잔동,,37.3867681,126.7248059,valid_header_swapped,true
20260228,bus,bus:165000587,165000587,39587,남동소방서,남동구,남동구,구월1동,,37.4494036,126.7170459,valid_header_swapped,true
20260228,bus,bus:165000252,165000252,39252,남동소방서,남동구,남동구,구월1동,,37.4490759,126.7177128,valid_header_swapped,true
20260228,bus,bus:165000100,165000100,39100,남동시범공단앞,남동구,남동구,논현2동,,37.4110516,126.7071193,valid_header_swapped,true
20260228,bus,bus:165000102,165000102,39102,남동시범공단앞,남동구,남동구,남촌도림동,,37.4112342,126.7071095,valid_header_swapped,true
20260228,bus,bus:165000215,165000215,39215,남동아시아드럭비경기장,남동구,남동구,남촌도림동,,37.4397171,126.7334391,valid_header_swapped,true
20260228,bus,bus:165000214,165000214,39214,남동아시아드럭비경기장,남동구,남동구,남촌도림동,,37.4394685,126.7332692,valid_header_swapped,true
20260228,bus,bus:165000074,165000074,39074,남동인더스파크역,남동구,남동구,논현고잔동,,37.4082242,126.6951953,valid_header_swapped,true
20260228,bus,bus:165001050,165001050,92050,남동인더스파크역1번출구,남동구,남동구,논현동,,37.4070270,126.6948360,valid_header_swapped,true
20260228,bus,bus:165001045,165001045,92045,남동인더스파크역1번출구,남동구,남동구,고잔동,,37.4070876,126.6953830,valid_header_swapped,true
20260228,bus,bus:165000372,165000372,39372,남동정수장,남동구,남동구,장수서창동,,37.4509420,126.7423412,valid_header_swapped,true
20260228,bus,bus:165000224,165000224,39224,남동중학교,남동구,남동구,만수6동,,37.4397270,126.7379391,valid_header_swapped,true
20260228,bus,bus:165000220,165000220,39220,남동중학교,남동구,남동구,만수6동,,37.4394688,126.7368676,valid_header_swapped,true
20260228,bus,bus:165000947,165000947,39947,남동체육관,남동구,남동구,남촌도림동,,37.4359679,126.7336512,valid_header_swapped,true
20260228,bus,bus:165000930,165000930,39930,남동체육관,남동구,남동구,남촌도림동,,37.4362596,126.7339540,valid_header_swapped,true
20260228,bus,bus:165000862,165000862,39862,남동체육관(체조경기장),남동구,남동구,남촌도림동,,37.4366239,126.7320289,valid_header_swapped,true
20260228,bus,bus:165000682,165000682,39682,남동체육관(체조경기장),남동구,남동구,남촌도림동,,37.4369883,126.7324106,valid_header_swapped,true
20260228,bus,bus:165000254,165000254,39254,남동초등학교,남동구,남동구,만수3동,,37.4433366,126.7364774,valid_header_swapped,true
20260228,bus,bus:165000265,165000265,39265,남동초등학교,남동구,남동구,만수3동,,37.4448127,126.7361141,valid_header_swapped,true
20260228,bus,bus:165000255,165000255,39255,남동초등학교,남동구,남동구,만수3동,,37.4435254,126.7366809,valid_header_swapped,true
20260228,bus,bus:165000300,165000300,39300,남동화원,남동구,남동구,만수6동,,37.4460586,126.7408261,valid_header_swapped,true
20260228,bus,bus:161000280,161000280,35280,남디4거리,중구,영종구,영종동,,37.4852782,126.5328546,valid_header_swapped,true
20260228,bus,bus:161000271,161000271,35271,남디4거리,중구,영종구,영종동,,37.4852980,126.5331846,valid_header_swapped,true
20260228,bus,bus:166000921,166000921,40921,남부고가교,부평구,부평구,부평2동,,37.4891008,126.7164574,valid_header_swapped,true
20260228,bus,bus:166000739,166000739,40739,남부고가교남측,부평구,부평구,부평2동,,37.4890514,126.7173925,valid_header_swapped,true
20260228,bus,bus:166000738,166000738,40738,남부고가교남측,부평구,부평구,부평2동,,37.4890455,126.7173270,valid_header_swapped,true
20260228,bus,bus:169001447,169001447,90447,남산뒤,강화군,강화군,선원면,,37.7134726,126.4955555,valid_header_swapped,true
20260228,bus,bus:169001437,169001437,90437,남산뒤,강화군,강화군,선원면,,,,missing,false
20260228,bus,bus:169000628,169000628,43628,남산리,강화군,강화군,선원면,,37.7282255,126.4731199,valid_header_swapped,true
20260228,bus,bus:169000324,169000324,43324,남산리,강화군,강화군,선원면,,37.7281605,126.4726775,valid_header_swapped,true
20260228,bus,bus:169000982,169000982,43982,남산유스호스텔,강화군,강화군,강화읍,,37.7325056,126.4788102,valid_header_swapped,true
20260228,bus,bus:169000985,169000985,43985,남산유스호스텔,강화군,강화군,강화읍,,37.7324266,126.4789003,valid_header_swapped,true
20260228,bus,bus:169001031,169001031,90031,남산포입구,강화군,강화군,교동면,,37.7707985,126.2900972,valid_header_swapped,true
20260228,bus,bus:169001030,169001030,90030,남산포입구,강화군,강화군,교동면,,37.7706696,126.2900365,valid_header_swapped,true
20260228,bus,bus:161000426,161000426,35426,남성네고개,중구,영종구,용유동,,37.4356962,126.4234891,valid_header_swapped,true
20260228,bus,bus:161000427,161000427,35427,남성네고개,중구,영종구,용유동,,37.4351787,126.4237483,valid_header_swapped,true
20260228,bus,bus:161000938,161000938,35938,남성네고개삼거리,중구,영종구,용유동,,37.4352329,126.4232086,valid_header_swapped,true
20260228,bus,bus:167000511,167000511,41511,남씨농원앞,계양구,계양구,계양1동,,37.5748868,126.7015584,valid_header_swapped,true
20260228,bus,bus:167000495,167000495,41495,남씨농원앞,계양구,계양구,계양1동,,37.5748905,126.7016258,valid_header_swapped,true
20260228,bus,bus:163000174,163000174,37174,남인천농협백운지점,미추홀구,미추홀구,용현2동,,37.4564751,126.6409635,valid_header_swapped,true
20260228,bus,bus:163000300,163000300,37300,남인천새마을금고중앙지점,미추홀구,미추홀구,주안2동,,37.4542496,126.6798034,valid_header_swapped,true
20260228,bus,bus:165000190,165000190,39190,남인천여자중학교,남동구,남동구,구월3동,,37.4460185,126.6945439,valid_header_swapped,true
20260228,bus,bus:165000191,165000191,39191,남인천여자중학교,남동구,남동구,구월3동,,37.4461052,126.6940147,valid_header_swapped,true
20260228,bus,bus:163000331,163000331,37331,남중학교,미추홀구,미추홀구,숭의4동,,37.4652653,126.6562324,valid_header_swapped,true
20260228,bus,bus:163000336,163000336,37336,남중학교,미추홀구,미추홀구,숭의4동,,37.4653835,126.6564010,valid_header_swapped,true
20260228,bus,bus:168001380,168001380,89380,남청라TG,서구,서해구,청라3동,,37.5132437,126.6136165,valid_header_swapped,true
20260228,bus,bus:168001379,168001379,89379,남청라TG,서구,서해구,청라3동,,37.5124459,126.6140971,valid_header_swapped,true
20260228,bus,bus:165001031,165001031,92031,남촌농산물도매시장,남동구,남동구,남촌도림동,,37.4237417,126.7197861,valid_header_swapped,true
20260228,bus,bus:165001032,165001032,92032,남촌농산물도매시장,남동구,남동구,남촌도림동,,37.4243445,126.7198873,valid_header_swapped,true
20260228,bus,bus:165000764,165000764,39764,남촌농산물도매시장서측,남동구,남동구,남촌도림동,,37.4246535,126.7171287,valid_header_swapped,true
20260228,bus,bus:165000763,165000763,39763,남촌농산물도매시장서측,남동구,남동구,남촌도림동,,37.4239867,126.7172938,valid_header_swapped,true
20260228,bus,bus:165000147,165000147,39147,남촌농산물도매시장업무동,남동구,남동구,남촌도림동,,37.4217955,126.7183835,valid_header_swapped,true
20260228,bus,bus:165000148,165000148,39148,남촌농산물도매시장업무동,남동구,남동구,남촌도림동,,37.4221392,126.7184330,valid_header_swapped,true
20260228,bus,bus:165001033,165001033,92033,남촌농산물도매시장채소동앞,남동구,남동구,도림동,,37.4219728,126.7206724,valid_header_swapped,true
20260228,bus,bus:165001034,165001034,92034,남촌농산물도매시장채소동앞,남동구,남동구,도림동,,37.4218186,126.7206514,valid_header_swapped,true
20260228,bus,bus:165000908,165000908,39908,남촌동다목적센터,남동구,남동구,남촌도림동,,37.4352095,126.7181842,valid_header_swapped,true
20260228,bus,bus:165000907,165000907,39907,남촌동다목적체육센터,남동구,남동구,남촌도림동,,37.4352339,126.7186793,valid_header_swapped,true
20260228,bus,bus:165000166,165000166,39166,남촌동입구,남동구,남동구,남촌도림동,,37.4312926,126.7123336,valid_header_swapped,true
20260228,bus,bus:165000157,165000157,39157,남촌입구,남동구,남동구,남촌도림동,,37.4259561,126.7175430,valid_header_swapped,true
20260228,bus,bus:165000156,165000156,39156,남촌입구,남동구,남동구,남촌도림동,,37.4263869,126.7180295,valid_header_swapped,true
20260228,bus,bus:165000171,165000171,39171,남촌풍림2차아파트,남동구,남동구,남촌도림동,,37.4317873,126.7184133,valid_header_swapped,true
20260228,bus,bus:165000165,165000165,39165,남촌풍림3차아파트,남동구,남동구,남촌도림동,,37.4293428,126.7185402,valid_header_swapped,true
20260228,bus,bus:165000167,165000167,39167,남촌풍림3차아파트,남동구,남동구,남촌도림동,,37.4296539,126.7181999,valid_header_swapped,true
20260228,bus,bus:165000172,165000172,39172,남촌풍림아파트,남동구,남동구,남촌도림동,,37.4317243,126.7187450,valid_header_swapped,true
20260228,bus,bus:161000078,161000078,35078,남항유어선부두,중구,제물포구,연안동,,37.4539438,126.6128360,valid_header_swapped,true
20260228,bus,bus:161000079,161000079,35079,남항유어선부두,중구,제물포구,연안동,,37.4538192,126.6143025,valid_header_swapped,true
20260228,bus,bus:169001185,169001185,90185,납섬입구,강화군,강화군,삼산면,,37.6757399,126.3754281,valid_header_swapped,true
20260228,bus,bus:169001186,169001186,90186,납섬입구,강화군,강화군,삼산면,,37.6757919,126.3752969,valid_header_swapped,true
20260228,bus,bus:170000152,170000152,44152,내2리마을회관앞,옹진군,옹진군,영흥면,,37.2744922,126.4775680,valid_header_swapped,true
20260228,bus,bus:170000138,170000138,44138,내2리마을회관앞,옹진군,옹진군,영흥면,,37.2744402,126.4772540,valid_header_swapped,true
20260228,bus,bus:170000153,170000153,44153,내3리다목적회관앞,옹진군,옹진군,영흥면,,37.2593112,126.4769340,valid_header_swapped,true
20260228,bus,bus:170000121,170000121,44121,내3리다목적회관앞,옹진군,옹진군,영흥면,,37.2594342,126.4767260,valid_header_swapped,true
20260228,bus,bus:170000154,170000154,44154,내3리마을회관,옹진군,옹진군,영흥면,,37.2540922,126.4774130,valid_header_swapped,true
20260228,bus,bus:170000155,170000155,44155,내3리마을회관,옹진군,옹진군,영흥면,,37.2542932,126.4764690,valid_header_swapped,true
20260228,bus,bus:170000156,170000156,44156,내3리마을회관,옹진군,옹진군,영흥면,,37.2540862,126.4766090,valid_header_swapped,true
20260228,bus,bus:170000104,170000104,44104,내4리마을회관,옹진군,옹진군,영흥면,,37.2550022,126.4621820,valid_header_swapped,true
20260228,bus,bus:170000157,170000157,44157,내4리마을회관,옹진군,옹진군,영흥면,,37.2549142,126.4620420,valid_header_swapped,true
20260228,bus,bus:170000128,170000128,44128,내5리마을회관,옹진군,옹진군,영흥면,,37.2598922,126.4989100,valid_header_swapped,true
20260228,bus,bus:170000158,170000158,44158,내5리마을회관,옹진군,옹진군,영흥면,,37.2598202,126.4987890,valid_header_swapped,true
20260228,bus,bus:170000118,170000118,44118,내7리마을회관,옹진군,옹진군,영흥면,,37.2642992,126.4911650,valid_header_swapped,true
20260228,bus,bus:170000159,170000159,44159,내7리마을회관,옹진군,옹진군,영흥면,,37.2644372,126.4911950,valid_header_swapped,true
20260228,bus,bus:169000906,169000906,43906,내가면사무소(맞은편),강화군,강화군,내가면,,37.7194167,126.3904264,valid_header_swapped,true
20260228,bus,bus:169000907,169000907,43907,내가면사무소(사무소),강화군,강화군,내가면,,37.7194089,126.3903136,valid_header_swapped,true
20260228,bus,bus:169000392,169000392,43392,내가시장,강화군,강화군,내가면,,37.7162401,126.3911181,valid_header_swapped,true
20260228,bus,bus:169000484,169000484,43484,내가시장,강화군,강화군,내가면,,37.7162506,126.3912253,valid_header_swapped,true
20260228,bus,bus:169000554,169000554,43554,내가초등학교,강화군,강화군,내가면,,37.7204767,126.3902628,valid_header_swapped,true
20260228,bus,bus:169000368,169000368,43368,내가초등학교,강화군,강화군,내가면,,37.7206447,126.3903311,valid_header_swapped,true
20260228,bus,bus:169001167,169001167,90167,내건너,강화군,강화군,삼산면,,37.6742992,126.3368199,valid_header_swapped,true
20260228,bus,bus:169001168,169001168,90168,내건너,강화군,강화군,삼산면,,37.6741905,126.3366910,valid_header_swapped,true
20260228,bus,bus:170000114,170000114,44114,내동교회,옹진군,옹진군,영흥면,,37.2751462,126.4815230,valid_header_swapped,true
20260228,bus,bus:170000206,170000206,44206,내동교회,옹진군,옹진군,영흥면,,37.2746400,126.4814834,valid_header_swapped,true
20260228,bus,bus:170000111,170000111,44111,내동삼거리,옹진군,옹진군,영흥면,,37.2735018,126.4807116,valid_header_swapped,true
20260228,bus,bus:170000102,170000102,44102,내리고개넘어,옹진군,옹진군,영흥면,,37.2807890,126.4635990,valid_header_swapped,true
20260228,bus,bus:169000395,169000395,43395,내리교회,강화군,강화군,화도면,,37.6341992,126.4063297,valid_header_swapped,true
20260228,bus,bus:169000543,169000543,43543,내리교회,강화군,강화군,화도면,,37.6340760,126.4061667,valid_header_swapped,true
20260228,bus,bus:170000103,170000103,44103,내리수해,옹진군,옹진군,영흥면,,,,missing,false
20260228,bus,bus:169000972,169000972,43972,내리쉼터,강화군,강화군,화도면,,37.6453686,126.4055084,valid_header_swapped,true
20260228,bus,bus:169000968,169000968,43968,내리쉼터,강화군,강화군,화도면,,37.6449639,126.4049775,valid_header_swapped,true
20260228,bus,bus:170000160,170000160,44160,내리어촌계사무실,옹진군,옹진군,영흥면,,37.2646709,126.4955474,valid_header_swapped,true
20260228,bus,bus:170000135,170000135,44135,내리어촌계사무실,옹진군,옹진군,영흥면,,37.2647152,126.4961180,valid_header_swapped,true
20260228,bus,bus:170000204,170000204,44204,내리어촌계사무실,옹진군,옹진군,영흥면,,37.2646064,126.4956941,valid_header_swapped,true
20260228,bus,bus:212000170,212000170,57018,내리주유소.한국화장품삼거리,코드정보 없음,코드정보 없음,신흥동,,37.5225351,126.7759160,valid_header_swapped,false
20260228,bus,bus:212000165,212000165,57016,내리주유소.한국화장품삼거리,코드정보 없음,코드정보 없음,신흥동,,37.5223380,126.7754172,valid_header_swapped,false
20260228,bus,bus:121900211,121900211,22836,내방역1번출구,기타,기타,방배동,,37.4878010,126.9945610,outside_incheon_bounds,false
20260228,bus,bus:169000343,169000343,43343,내촌,강화군,강화군,화도면,,37.6259194,126.4623442,valid_header_swapped,true
20260228,bus,bus:169000581,169000581,43581,내촌,강화군,강화군,화도면,,37.6259912,126.4623475,valid_header_swapped,true
20260228,bus,bus:169001395,169001395,90395,내촌입구,강화군,강화군,화도면,,37.6338467,126.4613375,valid_header_swapped,true
20260228,bus,bus:169001394,169001394,90394,내촌입구,강화군,강화군,화도면,,37.6339152,126.4613717,valid_header_swapped,true
20260228,bus,bus:170000086,170000086,44086,너출(드무리입구),옹진군,옹진군,영흥면,,37.2532182,126.5181070,valid_header_swapped,true
20260228,bus,bus:170000161,170000161,44161,너출(드무리입구),옹진군,옹진군,영흥면,,37.2532958,126.5179752,valid_header_swapped,true
20260228,bus,bus:169000140,169000140,43140,넘말,강화군,강화군,화도면,,37.5936289,126.4625810,valid_header_swapped,true
20260228,bus,bus:169000438,169000438,43438,넘말,강화군,강화군,화도면,,37.5934131,126.4625439,valid_header_swapped,true
20260228,bus,bus:161000574,161000574,35574,넙디,중구,영종구,영종동,,37.4846663,126.5069404,valid_header_swapped,true
20260228,bus,bus:161000575,161000575,35575,넙디,중구,영종구,영종동,,37.4848200,126.5072074,valid_header_swapped,true
20260228,bus,bus:161000389,161000389,35389,넙디마을입구,중구,영종구,영종동,,37.4841886,126.5058316,valid_header_swapped,true
20260228,bus,bus:170000105,170000105,44105,노가리해변,옹진군,옹진군,영흥면,,37.2404502,126.4721750,valid_header_swapped,true
20260228,bus,bus:170000162,170000162,44162,노가리해변,옹진군,옹진군,영흥면,,37.2379192,126.4694970,valid_header_swapped,true
20260228,bus,bus:169000570,169000570,43570,노랑새고개,강화군,강화군,양도면,,37.6759732,126.4148457,valid_header_swapped,true
20260228,bus,bus:169000273,169000273,43273,노랑새고개,강화군,강화군,양도면,,37.6752854,126.4148374,valid_header_swapped,true
20260228,bus,bus:170000031,170000031,44031,노루메기입구,옹진군,옹진군,북도면,,,,missing,false
20260228,bus,bus:165001072,165001072,92072,노인복지관,남동구,남동구,수산동,,37.4434983,126.7328186,valid_header_swapped,true
20260228,bus,bus:165001073,165001073,92073,노인복지관,남동구,남동구,수산동,,37.4433629,126.7332217,valid_header_swapped,true
20260228,bus,bus:165001079,165001079,92079,노인복지관,남동구,남동구,만수동,,37.4435256,126.7338765,valid_header_swapped,true
20260228,bus,bus:163000599,163000599,37599,노인복지회관,미추홀구,미추홀구,용현2동,,37.4591790,126.6388678,valid_header_swapped,true
20260228,bus,bus:166000745,166000745,40745,노인인력개발센터,부평구,부평구,부평2동,,37.4866495,126.7175657,valid_header_swapped,true
20260228,bus,bus:166000134,166000134,40134,노인인력개발센터,부평구,부평구,부평3동,,37.4866508,126.7176212,valid_header_swapped,true
20260228,bus,bus:168000669,168000669,42669,녹청자박물관,서구,서해구,검암경서동,,37.5586648,126.6565438,valid_header_swapped,true
20260228,bus,bus:168000668,168000668,42668,녹청자박물관,서구,서해구,검암경서동,,37.5585736,126.6564697,valid_header_swapped,true
20260228,bus,bus:165000687,165000687,39687,논고개길,남동구,남동구,논현1동,,37.4096749,126.7237567,valid_header_swapped,true
20260228,bus,bus:165000819,165000819,39819,논고개길,남동구,남동구,논현2동,,37.4092293,126.7231690,valid_header_swapped,true
20260228,bus,bus:165000870,165000870,39870,논고개길사거리,남동구,남동구,논현고잔동,,37.3892221,126.7136818,valid_header_swapped,true
20260228,bus,bus:170000098,170000098,44098,논골,옹진군,옹진군,영흥면,,37.2436902,126.5280210,valid_header_swapped,true
20260228,bus,bus:170000163,170000163,44163,논골,옹진군,옹진군,영흥면,,37.2438782,126.5276270,valid_header_swapped,true
20260228,bus,bus:161000394,161000394,35394,논골.파크골프장정문,중구,영종구,영종동,,37.5151309,126.5338403,valid_header_swapped,true
20260228,bus,bus:161000318,161000318,35318,논골.파크골프장정문,중구,영종구,영종동,,37.5150686,126.5339079,valid_header_swapped,true
20260228,bus,bus:161000926,161000926,35926,논골4길,중구,영종구,영종동,,37.5137732,126.5379350,valid_header_swapped,true
20260228,bus,bus:161000927,161000927,35927,논골4길,중구,영종구,영종동,,37.5138670,126.5377840,valid_header_swapped,true
20260228,bus,bus:161000771,161000771,35771,논골경로당 입구,중구,영종구,영종동,,37.5161547,126.5356366,valid_header_swapped,true
20260228,bus,bus:161000770,161000770,35770,논골경로당 입구,중구,영종구,영종동,,37.5162783,126.5356497,valid_header_swapped,true
20260228,bus,bus:165000121,165000121,39121,논현10단지별빛마을웰카운티A정문,남동구,남동구,논현1동,,37.4060498,126.7312989,valid_header_swapped,true
20260228,bus,bus:165000599,165000599,39599,논현10단지별빛마을웰카운티A후문,남동구,남동구,논현1동,,37.4060822,126.7295781,valid_header_swapped,true
20260228,bus,bus:165000609,165000609,39609,논현12단지산뒤마을,남동구,남동구,논현고잔동,,37.4090830,126.7352342,valid_header_swapped,true
20260228,bus,bus:165000610,165000610,39610,논현14단지등대마을,남동구,남동구,논현고잔동,,37.4092171,126.7354755,valid_header_swapped,true
20260228,bus,bus:165000612,165000612,39612,논현14단지등대마을휴먼시아아파트,남동구,남동구,논현고잔동,,37.4079825,126.7361741,valid_header_swapped,true
20260228,bus,bus:165000598,165000598,39598,논현1동행정복지센터,남동구,남동구,논현1동,,37.4059620,126.7293178,valid_header_swapped,true
20260228,bus,bus:165000625,165000625,39625,논현2단지범마을,남동구,남동구,논현2동,,37.4038910,126.7106054,valid_header_swapped,true
20260228,bus,bus:165000697,165000697,39697,논현2동행정복지센터,남동구,남동구,논현2동,,37.4048283,126.7177094,valid_header_swapped,true
20260228,bus,bus:165000572,165000572,39572,논현2동행정복지센터,남동구,남동구,논현2동,,37.4033716,126.7160813,valid_header_swapped,true
20260228,bus,bus:165000636,165000636,39636,논현2동행정복지센터,남동구,남동구,논현2동,,37.4046102,126.7179879,valid_header_swapped,true
20260228,bus,bus:165000571,165000571,39571,논현2동행정복지센터,남동구,남동구,논현2동,,37.4032234,126.7163726,valid_header_swapped,true
20260228,bus,bus:165000631,165000631,39631,논현3단지하늘마을301동,남동구,남동구,논현고잔동,,37.4022968,126.7118223,valid_header_swapped,true
20260228,bus,bus:165000624,165000624,39624,논현3단지하늘마을302동,남동구,남동구,논현2동,,37.4036692,126.7109795,valid_header_swapped,true
20260228,bus,bus:165000626,165000626,39626,논현3단지하늘마을305동,남동구,남동구,논현2동,,37.4044084,126.7126631,valid_header_swapped,true
20260228,bus,bus:165000627,165000627,39627,논현3단지하늘마을305동,남동구,남동구,논현2동,,37.4046541,126.7125736,valid_header_swapped,true
20260228,bus,bus:165000079,165000079,39079,논현5단지달맞이마을,남동구,남동구,논현고잔동,,37.4025423,126.7187255,valid_header_swapped,true
20260228,bus,bus:165000078,165000078,39078,논현6단지어진마을한화꿈에그린A정문,남동구,남동구,논현1동,,37.4024141,126.7188328,valid_header_swapped,true
20260228,bus,bus:165000570,165000570,39570,논현8단지동산마을,남동구,남동구,논현1동,,37.4063145,126.7263636,valid_header_swapped,true
20260228,bus,bus:165000104,165000104,39104,논현8단지동산마을,남동구,남동구,논현1동,,37.4047783,126.7276742,valid_header_swapped,true
20260228,bus,bus:165000569,165000569,39569,논현8단지동산마을,남동구,남동구,논현1동,,37.4061121,126.7263660,valid_header_swapped,true
20260228,bus,bus:165000101,165000101,39101,논현9단지냇마을신영지웰A,남동구,남동구,논현1동,,37.4046307,126.7276635,valid_header_swapped,true
20260228,bus,bus:165000603,165000603,39603,논현9단지냇마을신영지웰A,남동구,남동구,논현1동,,37.4027619,126.7304634,valid_header_swapped,true
20260228,bus,bus:165000602,165000602,39602,논현9단지냇마을신영지웰A,남동구,남동구,논현1동,,37.4029640,126.7301694,valid_header_swapped,true
20260228,bus,bus:165000600,165000600,39600,논현9단지냇마을신영지웰A정문,남동구,남동구,논현고잔동,,37.4041357,126.7309361,valid_header_swapped,true
20260228,bus,bus:165000707,165000707,39707,논현고잔동행정복지센터,남동구,남동구,논현고잔동,,37.3986014,126.7265473,valid_header_swapped,true
20260228,bus,bus:165000582,165000582,39582,논현단풍마을트리플에듀,남동구,남동구,논현1동,,37.4063276,126.7321845,valid_header_swapped,true
20260228,bus,bus:165000616,165000616,39616,논현단풍마을트리플에듀,남동구,남동구,논현고잔동,,37.4049351,126.7337376,valid_header_swapped,true
20260228,bus,bus:165000708,165000708,39708,논현동힐스테이트,남동구,남동구,논현고잔동,,37.3988455,126.7267881,valid_header_swapped,true
20260228,bus,bus:165000504,165000504,39504,논현사거리,남동구,남동구,논현고잔동,,37.4066421,126.7233794,valid_header_swapped,true
20260228,bus,bus:165000505,165000505,39505,논현사거리,남동구,남동구,논현고잔동,,37.4072571,126.7229978,valid_header_swapped,true
20260228,bus,bus:165000693,165000693,39693,논현센트럴뷰·에코메트로5단지,남동구,남동구,논현고잔동,,37.3990289,126.7300536,valid_header_swapped,true
20260228,bus,bus:165000088,165000088,39088,논현신일해피트리아파트,남동구,남동구,논현1동,,37.4036889,126.7228742,valid_header_swapped,true
20260228,bus,bus:165000089,165000089,39089,논현신일해피트리아파트,남동구,남동구,논현1동,,37.4034909,126.7222378,valid_header_swapped,true
20260228,bus,bus:121000014,121000014,32008,논현역,코드정보 없음,코드정보 없음,논현1동,,37.5066026,127.0236662,outside_incheon_bounds,false
20260228,bus,bus:121000013,121000013,32007,논현역,코드정보 없음,코드정보 없음,반포1동,,37.5076905,127.0228018,outside_incheon_bounds,false
20260228,bus,bus:165000839,165000839,39839,논현유승한내들,남동구,남동구,논현고잔동,,37.3857747,126.7170519,valid_header_swapped,true
20260228,bus,bus:165000923,165000923,39923,논현유승한내들,남동구,남동구,논현고잔동,,37.3855553,126.7170078,valid_header_swapped,true
20260228,bus,bus:165000112,165000112,39112,논현주공1단지,남동구,남동구,논현2동,,37.4110164,126.7134563,valid_header_swapped,true
20260228,bus,bus:165000106,165000106,39106,논현주공2단지,남동구,남동구,논현2동,,37.4098641,126.7126495,valid_header_swapped,true
20260228,bus,bus:165000096,165000096,39096,논현주공아파트(인천금융고),남동구,남동구,논현고잔동,,37.4094362,126.7108426,valid_header_swapped,true
20260228,bus,bus:165000098,165000098,39098,논현주공아파트(인천금융고),남동구,남동구,논현2동,,37.4093845,126.7114669,valid_header_swapped,true
20260228,bus,bus:165000604,165000604,39604,논현중앙공원·남동논현도서관,남동구,남동구,논현고잔동,,37.4016588,126.7268258,valid_header_swapped,true
20260228,bus,bus:165000574,165000574,39574,논현중학교,남동구,남동구,논현고잔동,,37.4103632,126.7350313,valid_header_swapped,true
20260228,bus,bus:165000573,165000573,39573,논현중학교,남동구,남동구,논현1동,,37.4100420,126.7350882,valid_header_swapped,true
20260228,bus,bus:165000601,165000601,39601,논현초등학교,남동구,남동구,논현고잔동,,37.4042921,126.7311683,valid_header_swapped,true
20260228,bus,bus:165000722,165000722,39722,논현파크포레,남동구,남동구,논현2동,,37.4070281,126.7122105,valid_header_swapped,true
20260228,bus,bus:165000649,165000649,39649,논현파크포레,남동구,남동구,논현2동,,37.4066867,126.7116932,valid_header_swapped,true
20260228,bus,bus:165001056,165001056,92056,논현포대근린공원,남동구,남동구,논현동,,37.4053734,126.7079749,valid_header_swapped,true
20260228,bus,bus:165000822,165000822,39822,논현푸르지오.유호엔시티,남동구,남동구,논현고잔동,,37.4016474,126.7385793,valid_header_swapped,true
20260228,bus,bus:165000830,165000830,39830,논현화훼단지,남동구,남동구,남촌도림동,,37.4179405,126.7150786,valid_header_swapped,true
20260228,bus,bus:165000831,165000831,39831,논현화훼단지,남동구,남동구,남촌도림동,,37.4179014,126.7155330,valid_header_swapped,true
20260228,bus,bus:169001036,169001036,90036,농기계은행앞,강화군,강화군,교동면,,37.7756804,126.3059074,valid_header_swapped,true
20260228,bus,bus:169001037,169001037,90037,농기계은행앞,강화군,강화군,교동면,,37.7756791,126.3056273,valid_header_swapped,true
20260228,bus,bus:169000355,169000355,43355,농도원,강화군,강화군,불은면,,37.7076363,126.4475744,valid_header_swapped,true
20260228,bus,bus:169000178,169000178,43178,농도원,강화군,강화군,불은면,,37.7076002,126.4471062,valid_header_swapped,true
20260228,bus,bus:169001189,169001189,90189,농막골,강화군,강화군,삼산면,,37.6820530,126.3671812,valid_header_swapped,true
20260228,bus,bus:169001190,169001190,90190,농막골,강화군,강화군,삼산면,,37.6819876,126.3671311,valid_header_swapped,true
20260228,bus,bus:166000688,166000688,40688,농산물시장,부평구,부평구,삼산1동,,37.5212508,126.7468546,valid_header_swapped,true
20260228,bus,bus:170000140,170000140,44140,농어바위캠핑장,옹진군,옹진군,영흥면,,37.2810272,126.4599180,valid_header_swapped,true
20260228,bus,bus:170000164,170000164,44164,농어바위캠핑장,옹진군,옹진군,영흥면,,37.2811122,126.4601750,valid_header_swapped,true
20260228,bus,bus:169000489,169000489,43489,농어촌공사앞,강화군,강화군,내가면,,37.7348840,126.3900987,valid_header_swapped,true
20260228,bus,bus:169000268,169000268,43268,농어촌공사앞,강화군,강화군,내가면,,37.7349846,126.3901995,valid_header_swapped,true
20260228,bus,bus:169000573,169000573,43573,농업기술센터,강화군,강화군,불은면,,37.7017534,126.4365342,valid_header_swapped,true
20260228,bus,bus:169000357,169000357,43357,농업기술센터,강화군,강화군,불은면,,37.7017611,126.4369422,valid_header_swapped,true
20260228,bus,bus:165000508,165000508,39508,농장주유소,남동구,남동구,간석2동,,37.4680697,126.7208866,valid_header_swapped,true
20260228,bus,bus:165000472,165000472,39472,농장주유소,남동구,남동구,간석2동,,37.4681605,126.7212482,valid_header_swapped,true
20260228,bus,bus:166000751,166000751,40751,농협로타리,부평구,부평구,부평5동,,37.4920799,126.7288777,valid_header_swapped,true
20260228,bus,bus:166000248,166000248,40248,농협로타리,부평구,부평구,부평3동,,37.4914576,126.7307387,valid_header_swapped,true
20260228,bus,bus:166000251,166000251,40251,농협로타리,부평구,부평구,부평3동,,37.4915569,126.7306730,valid_header_swapped,true
20260228,bus,bus:166000244,166000244,40244,농협로타리,부평구,부평구,부평5동,,37.4916979,126.7289600,valid_header_swapped,true
20260228,bus,bus:170000051,170000051,44051,농협앞,옹진군,옹진군,백령면,,,,missing,false
20260228,bus,bus:118000084,118000084,28084,농협재단,코드정보 없음,코드정보 없음,여의동,,37.5233594,126.9293624,outside_incheon_bounds,false
20260228,bus,bus:170000165,170000165,44165,농협하나로마트,옹진군,옹진군,영흥면,,37.2601482,126.4934110,valid_header_swapped,true
20260228,bus,bus:170000117,170000117,44117,농협하나로마트,옹진군,옹진군,영흥면,,37.2600312,126.4936170,valid_header_swapped,true
20260228,bus,bus:161000685,161000685,35685,높은마을입구,중구,영종구,운북동,,37.5122272,126.5383033,valid_header_swapped,true
20260228,bus,bus:161000693,161000693,35693,높은마을입구,중구,영종구,운북동,,37.5121185,126.5383408,valid_header_swapped,true
20260228,bus,bus:232000370,232000370,35191,누산사거리,기타,기타,김포시,,,,missing,false
20260228,bus,bus:232000418,232000418,35189,누산사거리,기타,기타,김포시,,,,missing,false
20260228,bus,bus:232000416,232000416,35158,누산삼거리,기타,기타,김포시,,,,missing,false
20260228,bus,bus:232000497,232000497,35159,누산삼거리,기타,기타,김포시,,,,missing,false
20260228,bus,bus:169000238,169000238,43238,누촌,강화군,강화군,양도면,,37.7012941,126.4016950,valid_header_swapped,true
20260228,bus,bus:169000360,169000360,43360,누촌,강화군,강화군,양도면,,37.7019636,126.3999740,valid_header_swapped,true
20260228,bus,bus:232000545,232000545,35509,뉴고려병원,계양구,계양구,장기동,,,,missing,false
20260228,bus,bus:232000546,232000546,35493,뉴고려병원.이니스더원,계양구,계양구,장기동,,,,missing,false
20260228,bus,bus:166000876,166000876,40876,뉴그린아트빌,부평구,부평구,부개1동,,37.4835277,126.7358108,valid_header_swapped,true
20260228,bus,bus:166000875,166000875,40875,뉴그린아트빌,부평구,부평구,부개1동,,37.4834858,126.7360284,valid_header_swapped,true
20260228,bus,bus:166000275,166000275,40275,뉴서울1차아파트,부평구,부평구,산곡2동,,37.5012953,126.7050479,valid_header_swapped,true
20260228,bus,bus:167000032,167000032,41032,뉴서울3차아파트,계양구,계양구,효성2동,,37.5255407,126.7174554,valid_header_swapped,true
20260228,bus,bus:167000026,167000026,41026,뉴서울3차아파트,계양구,계양구,효성2동,,37.5249229,126.7165685,valid_header_swapped,true
20260228,bus,bus:167000029,167000029,41029,뉴서울3차아파트,계양구,계양구,효성2동,,37.5253227,126.7172840,valid_header_swapped,true
20260228,bus,bus:167000635,167000635,41635,뉴서울6차아파트,계양구,계양구,효성2동,,37.5255258,126.7140522,valid_header_swapped,true
20260228,bus,bus:167000632,167000632,41632,뉴서울6차아파트,계양구,계양구,효성2동,,37.5253110,126.7133933,valid_header_swapped,true
20260228,bus,bus:165000235,165000235,39235,뉴서울아파트,남동구,남동구,만수3동,,37.4417420,126.7359605,valid_header_swapped,true
20260228,bus,bus:165000234,165000234,39234,뉴서울아파트,남동구,남동구,만수3동,,37.4416274,126.7362284,valid_header_swapped,true
20260228,bus,bus:168001071,168001071,89071,뉴서울아파트,서구,서해구,가정2동,,37.5248658,126.6803174,valid_header_swapped,true
20260228,bus,bus:166000514,166000514,40514,뉴서울아파트,부평구,부평구,부개3동,,37.5052961,126.7364697,valid_header_swapped,true
20260228,bus,bus:166000505,166000505,40505,뉴서울아파트,부평구,부평구,부개3동,,37.5040092,126.7360631,valid_header_swapped,true
20260228,bus,bus:164000303,164000303,38303,뉴서울아파트,연수구,연수구,선학동,,37.4258211,126.7004500,valid_header_swapped,true
20260228,bus,bus:167000153,167000153,41153,뉴서울아파트,계양구,계양구,작전1동,,37.5347289,126.7339592,valid_header_swapped,true
20260228,bus,bus:166000526,166000526,40526,뉴서울아파트,부평구,부평구,부개3동,,37.5067389,126.7349040,valid_header_swapped,true
20260228,bus,bus:169000182,169000182,43182,느티나무,강화군,강화군,양도면,,37.6969496,126.4169273,valid_header_swapped,true
20260228,bus,bus:169000232,169000232,43232,느티나무,강화군,강화군,양도면,,37.6967962,126.4170228,valid_header_swapped,true
20260228,bus,bus:161000415,161000415,35415,늘목,중구,영종구,용유동,,37.4480472,126.3903404,valid_header_swapped,true
20260228,bus,bus:161000414,161000414,35414,늘목,중구,영종구,용유동,,37.4483707,126.3917116,valid_header_swapped,true
20260228,bus,bus:161000725,161000725,35725,늘목마을입구,중구,영종구,용유동,,37.4527829,126.3916239,valid_header_swapped,true
20260228,bus,bus:161000529,161000529,35529,늘목마을입구,중구,영종구,용유동,,37.4528580,126.3915308,valid_header_swapped,true
20260228,bus,bus:161000889,161000889,35889,늘목마을입구삼거리,중구,영종구,용유동,,37.4530435,126.3914710,valid_header_swapped,true
20260228,bus,bus:161000904,161000904,35904,늘목마을입구삼거리,중구,영종구,용유동,,37.4525521,126.3912767,valid_header_swapped,true
20260228,bus,bus:224000384,224000384,70021,늘푸른벽산.서강2차,코드정보 없음,코드정보 없음,대야동,,37.4453840,126.7948746,valid_header_swapped,false
20260228,bus,bus:169000649,169000649,43649,능곡마을회관,강화군,강화군,불은면,,37.6645162,126.5069914,valid_header_swapped,true
20260228,bus,bus:169000553,169000553,43553,능곡마을회관,강화군,강화군,불은면,,37.6651563,126.5072000,valid_header_swapped,true
20260228,bus,bus:169001442,169001442,90442,능골,강화군,강화군,선원면,,37.7049173,126.5060491,valid_header_swapped,true
20260228,bus,bus:169001432,169001432,90432,능골,강화군,강화군,선원면,,,,missing,false
20260228,bus,bus:169000922,169000922,43922,능미,강화군,강화군,양도면,,37.6962596,126.4197065,valid_header_swapped,true
20260228,bus,bus:169000921,169000921,43921,능미,강화군,강화군,양도면,,37.6961499,126.4197156,valid_header_swapped,true
20260228,bus,bus:169000571,169000571,43571,능안,강화군,강화군,양도면,,37.6578639,126.4264842,valid_header_swapped,true
20260228,bus,bus:169000276,169000276,43276,능안,강화군,강화군,양도면,,37.6587114,126.4263149,valid_header_swapped,true
20260228,bus,bus:169001370,169001370,90370,능촌삼거리,강화군,강화군,불은면,,37.6802380,126.4980520,valid_header_swapped,true
20260228,bus,bus:169000560,169000560,43560,능촌입구,강화군,강화군,불은면,,37.6772399,126.4961012,valid_header_swapped,true
20260228,bus,bus:169000854,169000854,43854,능촌입구,강화군,강화군,불은면,,37.6770247,126.4964371,valid_header_swapped,true
20260228,bus,bus:164000567,164000567,38567,능허대공원,연수구,연수구,옥련1동,,37.4218910,126.6440700,valid_header_swapped,true
20260228,bus,bus:164000779,164000779,38777,능허대공원,연수구,연수구,옥련동,,37.4224687,126.6422999,valid_header_swapped,true
20260228,bus,bus:164000813,164000813,38811,능허대로.소암마을,연수구,연수구,동춘동,,37.4045631,126.6589270,valid_header_swapped,true
20260228,bus,bus:164000814,164000814,38812,능허대로.소암마을,연수구,연수구,동춘동,,37.4043165,126.6588953,valid_header_swapped,true
20260228,bus,bus:167000330,167000330,41330,다남동소촌마을입구,계양구,계양구,계양1동,,37.5712809,126.7237343,valid_header_swapped,true
20260228,bus,bus:167000329,167000329,41329,다남동소촌마을입구,계양구,계양구,계양1동,,37.5711928,126.7237105,valid_header_swapped,true
20260228,bus,bus:167000334,167000334,41334,다남동역골입구,계양구,계양구,계양1동,,37.5713135,126.7271660,valid_header_swapped,true
20260228,bus,bus:167000333,167000333,41333,다남동역골입구,계양구,계양구,계양1동,,37.5713997,126.7271624,valid_header_swapped,true
20260228,bus,bus:167000664,167000664,41664,다남성결교회,계양구,계양구,계양1동,,37.5697096,126.7286401,valid_header_swapped,true
20260228,bus,bus:167000665,167000665,41665,다남성결교회,계양구,계양구,계양1동,,37.5696682,126.7284905,valid_header_swapped,true
20260228,bus,bus:167000477,167000477,41477,다남식당,계양구,계양구,계양1동,,37.5707481,126.7301938,valid_header_swapped,true
20260228,bus,bus:167000478,167000478,41478,다남식당,계양구,계양구,계양1동,,37.5705662,126.7298861,valid_header_swapped,true
20260228,bus,bus:169000845,169000845,43845,다리목,강화군,강화군,양사면,,37.8027173,126.3952362,valid_header_swapped,true
20260228,bus,bus:169000717,169000717,43717,다리목,강화군,강화군,양사면,,37.8024424,126.3948525,valid_header_swapped,true
20260228,bus,bus:161000888,161000888,35888,다사랑마을입구,중구,영종구,영종동,,37.5107921,126.5392627,valid_header_swapped,true
20260228,bus,bus:161000887,161000887,35887,다사랑마을입구,중구,영종구,영종동,,37.5107688,126.5393473,valid_header_swapped,true
20260228,bus,bus:170000166,170000166,44166,다우리농장,옹진군,옹진군,영흥면,,37.2368753,126.5359706,valid_header_swapped,true
20260228,bus,bus:170000083,170000083,44083,다우리농장,옹진군,옹진군,영흥면,,37.2370412,126.5360750,valid_header_swapped,true
20260228,bus,bus:169000822,169000822,43822,다운,강화군,강화군,하점면,,37.7437748,126.3876606,valid_header_swapped,true
20260228,bus,bus:169000605,169000605,43605,다운,강화군,강화군,하점면,,37.7437751,126.3877629,valid_header_swapped,true
20260228,bus,bus:169000821,169000821,43821,다운1리,강화군,강화군,하점면,,37.7452974,126.3877952,valid_header_swapped,true
20260228,bus,bus:169000582,169000582,43582,다운1리,강화군,강화군,하점면,,37.7456126,126.3876456,valid_header_swapped,true
20260228,bus,bus:169000398,169000398,43398,다운마을,강화군,강화군,하점면,,37.7515793,126.3933134,valid_header_swapped,true
20260228,bus,bus:169000824,169000824,43824,다운마을,강화군,강화군,하점면,,37.7514582,126.3933484,valid_header_swapped,true
20260228,bus,bus:166000870,166000870,40870,다임메가타운,부평구,부평구,일신동,,37.4813523,126.7482399,valid_header_swapped,true
20260228,bus,bus:210000201,210000201,11105,다정한마을.레미안아파트,코드정보 없음,코드정보 없음,상3동,,37.5154756,126.7586698,valid_header_swapped,false
20260228,bus,bus:210000204,210000204,11099,다정한마을.레미안아파트,코드정보 없음,코드정보 없음,상3동,,37.5153761,126.7575819,valid_header_swapped,false
20260228,bus,bus:168000380,168000380,42380,단봉초등학교,서구,검단구,오류왕길동,,37.5975418,126.6382999,valid_header_swapped,true
20260228,bus,bus:168000382,168000382,42382,단봉초등학교,서구,검단구,오류왕길동,,37.5976855,126.6379260,valid_header_swapped,true
20260228,bus,bus:170000081,170000081,44081,달바위선착장,옹진군,옹진군,자월면,,,,missing,false
20260228,bus,bus:164000620,164000620,38620,달빛축제공원,연수구,연수구,송도2동,,37.4033436,126.6315800,valid_header_swapped,true
20260228,bus,bus:164000621,164000621,38621,달빛축제공원,연수구,연수구,송도2동,,37.4033577,126.6311648,valid_header_swapped,true
20260228,bus,bus:164000735,164000735,38733,달빛축제공원대공연장,연수구,연수구,송도2동,,37.4059453,126.6298771,valid_header_swapped,true
20260228,bus,bus:164000736,164000736,38734,달빛축제공원대공연장,연수구,연수구,송도2동,,37.4054830,126.6297775,valid_header_swapped,true
20260228,bus,bus:165000275,165000275,39275,담방로사거리,남동구,남동구,만수6동,,37.4444497,126.7389216,valid_header_swapped,true
20260228,bus,bus:165000226,165000226,39226,담방아파트,남동구,남동구,만수3동,,37.4398818,126.7389521,valid_header_swapped,true
20260228,bus,bus:232000350,232000350,80049,당곡고개,코드정보 없음,코드정보 없음,풍무동,,37.6005290,126.7208822,valid_header_swapped,false
20260228,bus,bus:232000348,232000348,80048,당곡고개,코드정보 없음,코드정보 없음,풍무동,,37.6008994,126.7213799,valid_header_swapped,false
20260228,bus,bus:167000552,167000552,41552,당미마을,계양구,계양구,계양3동,,37.5606239,126.7583958,valid_header_swapped,true
20260228,bus,bus:167000553,167000553,41553,당미마을,계양구,계양구,계양1동,,37.5606418,126.7582117,valid_header_swapped,true
20260228,bus,bus:118000501,118000501,19996,당산119안전센터.당산역,기타,기타,당산동,,37.5350641,126.8998461,outside_incheon_bounds,false
20260228,bus,bus:169000700,169000700,43700,당산리,강화군,강화군,송해면,,37.8043067,126.4538411,valid_header_swapped,true
20260228,bus,bus:169000450,169000450,43450,당산리,강화군,강화군,송해면,,37.8044147,126.4539026,valid_header_swapped,true
20260228,bus,bus:169000699,169000699,43699,당산리검문소,강화군,강화군,송해면,,37.8016691,126.4574693,valid_header_swapped,true
20260228,bus,bus:169000752,169000752,43752,당산리검문소,강화군,강화군,송해면,,37.8017338,126.4575293,valid_header_swapped,true
20260228,bus,bus:118000092,118000092,19177,당산역,기타,기타,당산2동,,37.5328235,126.9008732,outside_incheon_bounds,false
20260228,bus,bus:118000090,118000090,19175,당산역.삼성래미안아파트,기타,기타,여의도동,,37.5332277,126.9035571,outside_incheon_bounds,false
20260228,bus,bus:118900067,118900067,19645,당산역.지하철2호선,기타,기타,당산동6가,,37.5347988,126.9024223,outside_incheon_bounds,false
20260228,bus,bus:118000621,118000621,19019,당산역광역환승센터,기타,기타,당산동,,37.5365556,126.9031113,outside_incheon_bounds,false
20260228,bus,bus:169000669,169000669,43669,당산종점,강화군,강화군,송해면,,37.8068961,126.4520953,valid_header_swapped,true
20260228,bus,bus:169000725,169000725,43725,당산종점,강화군,강화군,송해면,,37.8068599,126.4520024,valid_header_swapped,true
20260228,bus,bus:167000418,167000418,41418,당산초등학교,계양구,계양구,계양1동,,37.5591593,126.7579033,valid_header_swapped,true
20260228,bus,bus:167000419,167000419,41419,당산초등학교,계양구,계양구,계양3동,,37.5588502,126.7576729,valid_header_swapped,true
20260228,bus,bus:167000645,167000645,41645,당산초등학교아래사거리,계양구,계양구,계양1동,,37.5587972,126.7610257,valid_header_swapped,true
20260228,bus,bus:167000644,167000644,41644,당산초등학교아래사거리,계양구,계양구,계양1동,,37.5589590,126.7610887,valid_header_swapped,true
20260228,bus,bus:168000435,168000435,42435,당하금호어울림1차,서구,검단구,원당동,,37.5913625,126.6990193,valid_header_swapped,true
20260228,bus,bus:168000392,168000392,42392,당하대주파크빌,서구,검단구,당하동,,37.5886465,126.6773899,valid_header_swapped,true
20260228,bus,bus:168000639,168000639,42639,당하동탑스빌아파트,서구,검단구,당하동,,37.5908073,126.6731700,valid_header_swapped,true
20260228,bus,bus:168001014,168001014,42886,당하동행정복지센터,서구,검단구,당하동,,37.5919385,126.6735592,valid_header_swapped,true
20260228,bus,bus:168000402,168000402,42402,당하메디칼,서구,검단구,당하동,,37.5919926,126.6767609,valid_header_swapped,true
20260228,bus,bus:168000399,168000399,42399,당하초등학교,서구,검단구,당하동,,37.5908944,126.6770934,valid_header_swapped,true
20260228,bus,bus:168000396,168000396,42396,당하초등학교,서구,검단구,당하동,,37.5906327,126.6769513,valid_header_swapped,true
20260228,bus,bus:168000393,168000393,42393,당하탑스빌아파트,서구,검단구,당하동,,37.5893925,126.6741961,valid_header_swapped,true
20260228,bus,bus:168000502,168000502,42502,당하푸르지오,서구,검단구,마전동,,37.5939555,126.6789340,valid_header_swapped,true
20260228,bus,bus:168000403,168000403,42403,당하푸르지오,서구,검단구,당하동,,37.5921180,126.6769580,valid_header_swapped,true
20260228,bus,bus:168000662,168000662,42662,당하풍림아이원2차,서구,검단구,마전동,,37.5955093,126.6748466,valid_header_swapped,true
20260228,bus,bus:168000661,168000661,42661,당하풍림아이원2차,서구,검단구,마전동,,37.5963995,126.6748961,valid_header_swapped,true
20260228,bus,bus:168000405,168000405,42405,당하풍림아파트,서구,검단구,마전동,,37.5938364,126.6767129,valid_header_swapped,true
20260228,bus,bus:165000789,165000789,39789,대경화성,남동구,남동구,논현고잔동,,37.3876252,126.6905161,valid_header_swapped,true
20260228,bus,bus:165000790,165000790,39790,대경화성,남동구,남동구,논현고잔동,,37.3873779,126.6903513,valid_header_swapped,true
20260228,bus,bus:277103205,277103205,66008,대공원고가(미정차),코드정보 없음,코드정보 없음,문원동,,37.4385094,127.0004282,outside_incheon_bounds,false
20260228,bus,bus:277103204,277103204,66009,대공원고가(미정차),코드정보 없음,코드정보 없음,부림동,,37.4383056,127.0000790,outside_incheon_bounds,false
20260228,bus,bus:232000273,232000273,80009,대곶사거리,코드정보 없음,코드정보 없음,대곶면,,37.6506061,126.5836896,valid_header_swapped,false
20260228,bus,bus:232000283,232000283,80008,대곶사거리,코드정보 없음,코드정보 없음,대곶면,,37.6507523,126.5834463,valid_header_swapped,false
20260228,bus,bus:165000013,165000013,39013,대기이에스티,남동구,남동구,논현고잔동,,37.3931088,126.6811104,valid_header_swapped,true
20260228,bus,bus:168000759,168000759,42759,대덕강업앞,서구,검단구,오류왕길동,,37.5900199,126.6494681,valid_header_swapped,true
20260228,bus,bus:166000553,166000553,40553,대동1차후문(종점),부평구,부평구,갈산2동,,37.5117320,126.7253393,valid_header_swapped,true
20260228,bus,bus:165000984,165000984,39984,대동도어(주),연수구,연수구,송도3동,,37.3612307,126.6541308,valid_header_swapped,true
20260228,bus,bus:165000983,165000983,39983,대동도어(주),연수구,연수구,송도3동,,37.3609810,126.6543903,valid_header_swapped,true
20260228,bus,bus:163000042,163000042,37042,대동아파트,미추홀구,미추홀구,학익1동,,37.4399243,126.6670459,valid_header_swapped,true
20260228,bus,bus:166000569,166000569,40569,대동아파트,부평구,부평구,갈산2동,,37.5128074,126.7259569,valid_header_swapped,true
20260228,bus,bus:167000172,167000172,41172,대동아파트,계양구,계양구,작전서운동,,37.5335302,126.7421609,valid_header_swapped,true
20260228,bus,bus:163000504,163000504,37504,대동아파트,미추홀구,미추홀구,학익1동,,37.4401946,126.6670138,valid_header_swapped,true
20260228,bus,bus:165000474,165000474,39474,대동아파트,남동구,남동구,만수3동,,37.4636148,126.7371682,valid_header_swapped,true
20260228,bus,bus:168000304,168000304,42304,대동아파트,서구,서해구,연희동,,37.5452322,126.6818097,valid_header_swapped,true
20260228,bus,bus:165000473,165000473,39473,대동아파트,남동구,남동구,만수2동,,37.4631237,126.7366881,valid_header_swapped,true
20260228,bus,bus:166000491,166000491,40491,대동아파트,부평구,부평구,부평5동,,37.5041985,126.7331978,valid_header_swapped,true
20260228,bus,bus:168000306,168000306,42306,대동아파트,서구,서해구,연희동,,37.5454564,126.6820027,valid_header_swapped,true
20260228,bus,bus:165000256,165000256,39256,대동아파트,남동구,남동구,만수3동,,37.4439932,126.7359530,valid_header_swapped,true
20260228,bus,bus:210000475,210000475,40277,대동아파트정문앞,부평구,부평구,부개2동,,37.4897399,126.7424511,valid_header_swapped,true
20260228,bus,bus:167000137,167000137,41137,대동아파트후문,계양구,계양구,작전서운동,,37.5308876,126.7421075,valid_header_swapped,true
20260228,bus,bus:164000116,164000116,38116,대동월드,연수구,연수구,연수2동,,37.4125941,126.6812024,valid_header_swapped,true
20260228,bus,bus:165000049,165000049,39049,대동특수철강,남동구,남동구,논현고잔동,,37.3999244,126.6939705,valid_header_swapped,true
20260228,bus,bus:169001026,169001026,90026,대룡2리마을회관앞,강화군,강화군,교동면,,37.7757822,126.2834625,valid_header_swapped,true
20260228,bus,bus:169001027,169001027,90027,대룡2리마을회관앞,강화군,강화군,교동면,,37.7758471,126.2836097,valid_header_swapped,true
20260228,bus,bus:169001020,169001020,90020,대룡시장,강화군,강화군,교동면,,37.7822886,126.2792700,valid_header_swapped,true
20260228,bus,bus:169001021,169001021,90021,대룡시장,강화군,강화군,교동면,,37.7823654,126.2793969,valid_header_swapped,true
20260228,bus,bus:166000247,166000247,40247,대륭맨숀,부평구,부평구,산곡2동,,37.5001567,126.7029210,valid_header_swapped,true
20260228,bus,bus:166000242,166000242,40242,대륭맨숀,부평구,부평구,부평3동,,37.4997894,126.7025424,valid_header_swapped,true
20260228,bus,bus:164000683,164000683,38681,대림3차아파트301동앞,연수구,연수구,동춘1동,,37.4074847,126.6658991,valid_header_swapped,true
20260228,bus,bus:164000686,164000686,38684,대림3차아파트301동앞,연수구,연수구,동춘1동,,37.4075559,126.6661084,valid_header_swapped,true
20260228,bus,bus:163000053,163000053,37053,대림아파트,미추홀구,미추홀구,용현5동,,37.4499946,126.6360073,valid_header_swapped,true
20260228,bus,bus:163000054,163000054,37054,대림아파트,미추홀구,미추홀구,용현5동,,37.4499999,126.6362177,valid_header_swapped,true
20260228,bus,bus:166000382,166000382,40382,대림아파트,부평구,부평구,부평1동,,37.5024224,126.7162745,valid_header_swapped,true
20260228,bus,bus:168000609,168000609,42609,대림아파트,서구,검단구,오류왕길동,,37.6010688,126.6544844,valid_header_swapped,true
20260228,bus,bus:168000610,168000610,42610,대림아파트,서구,검단구,오류왕길동,,37.6007862,126.6546356,valid_header_swapped,true
20260228,bus,bus:164000257,164000257,38257,대림아파트,연수구,연수구,연수3동,,37.4185646,126.6931030,valid_header_swapped,true
20260228,bus,bus:166000397,166000397,40397,대림아파트후문,부평구,부평구,부평3동,,37.5026778,126.7188345,valid_header_swapped,true
20260228,bus,bus:161000847,161000847,35847,대매도랑교(미정차),중구,영종구,운서동,,37.4225778,126.4348490,valid_header_swapped,true
20260228,bus,bus:163000537,163000537,37537,대명아파트,미추홀구,미추홀구,주안2동,,37.4578791,126.6713753,valid_header_swapped,true
20260228,bus,bus:232000470,232000470,80003,대명초교,코드정보 없음,코드정보 없음,대곶면,,37.6459439,126.5544934,valid_header_swapped,false
20260228,bus,bus:232000451,232000451,80002,대명초교,코드정보 없음,코드정보 없음,대곶면,,37.6452887,126.5528672,valid_header_swapped,false
20260228,bus,bus:163000698,163000698,37698,대명휴먼아파트,미추홀구,미추홀구,숭의2동,,37.4589992,126.6463029,valid_header_swapped,true
20260228,bus,bus:169000546,169000546,43546,대문리고개입구,강화군,강화군,선원면,,37.7261981,126.4854755,valid_header_swapped,true
20260228,bus,bus:169001466,169001466,90466,대문리고개입구,강화군,강화군,선원면,,37.7263214,126.4854579,valid_header_swapped,true
20260228,bus,bus:168001207,168001207,89207,대문목재,서구,서해구,신현원창동,,37.5015593,126.6111123,valid_header_swapped,true
20260228,bus,bus:168001206,168001206,89206,대문목재,서구,서해구,신현원창동,,37.5018391,126.6111185,valid_header_swapped,true
20260228,bus,bus:169001059,169001059,90059,대문촌마을,강화군,강화군,선원면,,37.7171699,126.4862228,valid_header_swapped,true
20260228,bus,bus:169001058,169001058,90058,대문촌마을,강화군,강화군,선원면,,37.7171648,126.4868097,valid_header_swapped,true
20260228,bus,bus:162000091,162000091,36091,대박주유소,동구,제물포구,송림4동,,37.4826607,126.6516927,valid_header_swapped,true
20260228,bus,bus:217000427,217000427,18388,대부고교차로,기타,기타,대부동,,37.2457040,126.5775330,valid_header_swapped,false
20260228,bus,bus:217000546,217000546,62040,대부관광호텔,코드정보 없음,코드정보 없음,대부동,,37.2856477,126.5722553,valid_header_swapped,false
20260228,bus,bus:217000441,217000441,18391,대부도서관,기타,기타,대부동,,37.2417701,126.5836100,valid_header_swapped,false
20260228,bus,bus:217000429,217000429,18389,대부도서관,기타,기타,대부동,,37.2415940,126.5836035,valid_header_swapped,false
20260228,bus,bus:217000396,217000396,62012,대부동행정복지센터,코드정보 없음,코드정보 없음,대부동,,37.2428277,126.5849088,valid_header_swapped,false
20260228,bus,bus:217000395,217000395,62011,대부동행정복지센터,코드정보 없음,코드정보 없음,대부동,,37.2428011,126.5847423,valid_header_swapped,false
20260228,bus,bus:217000392,217000392,62027,대부중고등학교,코드정보 없음,코드정보 없음,대부동,,37.2468613,126.5770006,valid_header_swapped,false
20260228,bus,bus:217000391,217000391,62028,대부중고등학교,코드정보 없음,코드정보 없음,대부동,,37.2466460,126.5778637,valid_header_swapped,false
20260228,bus,bus:217000394,217000394,62042,대부파출소앞,코드정보 없음,코드정보 없음,대부동,,37.2459020,126.5812760,valid_header_swapped,false
20260228,bus,bus:217000393,217000393,62036,대부파출소앞,코드정보 없음,코드정보 없음,대부동,,37.2456710,126.5812337,valid_header_swapped,false
20260228,bus,bus:169000948,169000948,43948,대사마을,강화군,강화군,화도면,,37.6121863,126.4564178,valid_header_swapped,true
20260228,bus,bus:169000947,169000947,43947,대사마을,강화군,강화군,화도면,,37.6119471,126.4563261,valid_header_swapped,true
20260228,bus,bus:169001259,169001259,90259,대산-기점,강화군,강화군,강화읍,,37.7800757,126.4957412,valid_header_swapped,true
20260228,bus,bus:169001261,169001261,90261,대산-종점,강화군,강화군,강화읍,,37.7800615,126.4958166,valid_header_swapped,true
20260228,bus,bus:169001260,169001260,90260,대산-회차,강화군,강화군,강화읍,,37.6270633,126.7120142,valid_header_swapped,true
20260228,bus,bus:169001468,169001468,90468,대산1리마을회관,강화군,강화군,강화읍,,37.7724846,126.4944879,valid_header_swapped,true
20260228,bus,bus:169001449,169001449,90449,대산1리마을회관,강화군,강화군,강화읍,,37.7724547,126.4944078,valid_header_swapped,true
20260228,bus,bus:169001450,169001450,90450,대산1리삼거리,강화군,강화군,강화읍,,37.7694865,126.4938720,valid_header_swapped,true
20260228,bus,bus:169001469,169001469,90469,대산1리삼거리,강화군,강화군,강화읍,,37.7694549,126.4939319,valid_header_swapped,true
20260228,bus,bus:169001451,169001451,90451,대산2리마을회관,강화군,강화군,강화읍,,37.7651256,126.4877735,valid_header_swapped,true
20260228,bus,bus:169001470,169001470,90470,대산2리마을회관,강화군,강화군,강화읍,,37.7650555,126.4878488,valid_header_swapped,true
20260228,bus,bus:169001452,169001452,90452,대산리고인돌앞,강화군,강화군,강화읍,,37.7639621,126.4860702,valid_header_swapped,true
20260228,bus,bus:169001471,169001471,90471,대산리고인돌앞,강화군,강화군,강화읍,,37.7637634,126.4860082,valid_header_swapped,true
20260228,bus,bus:169001465,169001465,90465,대산침례교회앞,강화군,강화군,강화읍,,37.7618827,126.4878029,valid_header_swapped,true
20260228,bus,bus:168001001,168001001,89007,대상스틸,서구,검단구,불로대곡동,,37.6109112,126.6795133,valid_header_swapped,true
20260228,bus,bus:168001240,168001240,89240,대성베르힐아파트(가정성당),서구,서해구,신현원창동,,37.5228410,126.6634099,valid_header_swapped,true
20260228,bus,bus:168001241,168001241,89241,대성베르힐아파트(가정성당),서구,서해구,신현원창동,,37.5225872,126.6645655,valid_header_swapped,true
20260228,bus,bus:166000675,166000675,40675,대성유니드아파트,부평구,부평구,갈산1동,,37.5228486,126.7320319,valid_header_swapped,true
20260228,bus,bus:166000674,166000674,40674,대성유니드아파트,부평구,부평구,갈산1동,,37.5227005,126.7320522,valid_header_swapped,true
20260228,bus,bus:167000406,167000406,41406,대신아파트,계양구,계양구,효성1동,,37.5301552,126.7119341,valid_header_swapped,true
20260228,bus,bus:168000859,168000859,42859,대신철강,서구,검단구,오류왕길동,,37.5893814,126.6573898,valid_header_swapped,true
20260228,bus,bus:224000555,224000555,70017,대야초교.ABC학습타운입구,코드정보 없음,코드정보 없음,대야동,,37.4467573,126.7873491,valid_header_swapped,false
20260228,bus,bus:224000548,224000548,70020,대야초교.ABC학습타운입구,코드정보 없음,코드정보 없음,대야동,,37.4473227,126.7876930,valid_header_swapped,false
20260228,bus,bus:161000073,161000073,35073,대양자동차학원,중구,제물포구,연안동,,37.4542948,126.6093314,valid_header_swapped,true
20260228,bus,bus:164000078,164000078,38078,대우삼환아파트,연수구,연수구,동춘3동,,37.4073949,126.6773119,valid_header_swapped,true
20260228,bus,bus:164000591,164000591,38591,대우삼환아파트,연수구,연수구,동춘2동,,37.4050113,126.6766819,valid_header_swapped,true
20260228,bus,bus:167000485,167000485,41485,대우실업,계양구,계양구,계양1동,,37.5840129,126.7469283,valid_header_swapped,true
20260228,bus,bus:167000505,167000505,41505,대우실업,계양구,계양구,계양1동,,37.5840541,126.7468866,valid_header_swapped,true
20260228,bus,bus:164000208,164000208,38208,대우아파트,연수구,연수구,연수2동,,37.4167694,126.6887845,valid_header_swapped,true
20260228,bus,bus:164000206,164000206,38206,대우아파트,연수구,연수구,연수3동,,37.4167300,126.6881056,valid_header_swapped,true
20260228,bus,bus:166000340,166000340,40340,대우아파트,부평구,부평구,부평1동,,37.4994578,126.7188928,valid_header_swapped,true
20260228,bus,bus:166000321,166000321,40321,대우아파트,부평구,부평구,부평1동,,37.4989769,126.7185918,valid_header_swapped,true
20260228,bus,bus:168000262,168000262,42262,대우자동차운전학원,서구,서해구,검암경서동,,37.5448117,126.6479824,valid_header_swapped,true
20260228,bus,bus:168000263,168000263,42263,대우자동차운전학원,서구,서해구,검암경서동,,37.5448111,126.6482704,valid_header_swapped,true
20260228,bus,bus:165000702,165000702,39702,대우재아파트,남동구,남동구,구월3동,,37.4536623,126.6995132,valid_header_swapped,true
20260228,bus,bus:165000703,165000703,39703,대우재아파트,남동구,남동구,구월3동,,37.4535656,126.6986767,valid_header_swapped,true
20260228,bus,bus:168000842,168000842,42842,대우푸르지오,서구,서해구,청라2동,,37.5350643,126.6404386,valid_header_swapped,true
20260228,bus,bus:168000407,168000407,42407,대우푸르지오,서구,검단구,당하동,,37.5935979,126.6774260,valid_header_swapped,true
20260228,bus,bus:165000605,165000605,39605,대우푸르지오복합상가,남동구,남동구,논현고잔동,,37.4011951,126.7268712,valid_header_swapped,true
20260228,bus,bus:168001073,168001073,89073,대우하나아파트,서구,서해구,가정2동,,37.5247248,126.6843769,valid_header_swapped,true
20260228,bus,bus:168001074,168001074,89074,대우하나아파트·2차리더스뷰106동,서구,서해구,가정2동,,37.5240818,126.6843120,valid_header_swapped,true
20260228,bus,bus:165001003,165001003,92003,대웅실업앞,남동구,남동구,간석3동,,37.4705715,126.7175671,valid_header_swapped,true
20260228,bus,bus:168000643,168000643,42643,대원레스피아1단지아파트,서구,검단구,검단1동,,37.6138677,126.6594874,valid_header_swapped,true
20260228,bus,bus:165000475,165000475,39475,대원정밀,남동구,남동구,간석2동,,37.4688870,126.7200095,valid_header_swapped,true
20260228,bus,bus:169001095,169001095,90095,대월초등학교,강화군,강화군,강화읍,,37.7599927,126.4909389,valid_header_swapped,true
20260228,bus,bus:169001094,169001094,90094,대월초등학교,강화군,강화군,강화읍,,37.7601307,126.4909018,valid_header_swapped,true
20260228,bus,bus:168000143,168000143,42143,대은교회,서구,서해구,석남2동,,37.5045390,126.6722760,valid_header_swapped,true
20260228,bus,bus:168000345,168000345,42345,대인고등학교,서구,서해구,검암경서동,,37.5579289,126.6772998,valid_header_swapped,true
20260228,bus,bus:168000344,168000344,42344,대인고등학교,서구,서해구,연희동,,37.5570712,126.6776270,valid_header_swapped,true
20260228,bus,bus:168001490,168001490,89490,대인고등학교,서구,서해구,검암동,,37.5567072,126.6762864,valid_header_swapped,true
20260228,bus,bus:165000059,165000059,39059,대일엠앤쿡,남동구,남동구,논현고잔동,,37.4009692,126.6971795,valid_header_swapped,true
20260228,bus,bus:169000703,169000703,43703,대장간마을,강화군,강화군,선원면,,37.7073614,126.4814832,valid_header_swapped,true
20260228,bus,bus:169001117,169001117,90117,대정,강화군,강화군,내가면,,37.7045700,126.3688230,valid_header_swapped,true
20260228,bus,bus:169001118,169001118,90118,대정,강화군,강화군,내가면,,37.7043748,126.3688876,valid_header_swapped,true
20260228,bus,bus:168000469,168000469,42469,대주아파트,서구,검단구,검단1동,,37.6086809,126.6680115,valid_header_swapped,true
20260228,bus,bus:168000466,168000466,42466,대주파크빌,서구,검단구,검단1동,,37.6095415,126.6670304,valid_header_swapped,true
20260228,bus,bus:166000415,166000415,40415,대진아파트,부평구,부평구,청천2동,,37.5050982,126.7146307,valid_header_swapped,true
20260228,bus,bus:170000058,170000058,44058,대청3리물량장,옹진군,옹진군,대청면,,,,missing,false
20260228,bus,bus:170000060,170000060,44060,대청7리소방서,옹진군,옹진군,대청면,,,,missing,false
20260228,bus,bus:170000061,170000061,44061,대청초.중.고등학교앞,옹진군,옹진군,대청면,,,,missing,false
20260228,bus,bus:169000545,169000545,43545,대촌,강화군,강화군,화도면,,37.6374781,126.4001763,valid_header_swapped,true
20260228,bus,bus:169000393,169000393,43393,대촌,강화군,강화군,화도면,,37.6374061,126.4000457,valid_header_swapped,true
20260228,bus,bus:167000663,167000663,41663,대촌마을,계양구,계양구,계양1동,,37.5694355,126.7255630,valid_header_swapped,true
20260228,bus,bus:165000813,165000813,39813,대토단지앞,남동구,남동구,만수4동,,37.4522618,126.7376717,valid_header_swapped,true
20260228,bus,bus:165000557,165000557,39557,대한솔루션알앤디센터,남동구,남동구,남촌도림동,,37.4176712,126.7029546,valid_header_swapped,true
20260228,bus,bus:161000169,161000169,35169,대한제당,중구,제물포구,북성동,,37.4784600,126.6044877,valid_header_swapped,true
20260228,bus,bus:161000220,161000220,35220,대한제당,중구,제물포구,북성동,,37.4784677,126.6046950,valid_header_swapped,true
20260228,bus,bus:168001205,168001205,89205,대현목재,서구,서해구,신현원창동,,37.5027725,126.6082679,valid_header_swapped,true
20260228,bus,bus:163000397,163000397,37397,대화초등학교,미추홀구,미추홀구,도화23동,,37.4679959,126.6682980,valid_header_swapped,true
20260228,bus,bus:163000399,163000399,37399,대화초등학교,미추홀구,미추홀구,도화23동,,37.4682420,126.6679630,valid_header_swapped,true
20260228,bus,bus:169000591,169000591,43591,대흥,강화군,강화군,양도면,,37.6505888,126.4484397,valid_header_swapped,true
20260228,bus,bus:169000194,169000194,43194,대흥,강화군,강화군,양도면,,37.6507441,126.4483712,valid_header_swapped,true
20260228,bus,bus:161000689,161000689,35689,대흥식당,중구,영종구,운북동,,37.5187745,126.5414570,valid_header_swapped,true
20260228,bus,bus:161000688,161000688,35688,대흥식당,중구,영종구,운북동,,37.5188143,126.5417602,valid_header_swapped,true
20260228,bus,bus:169000731,169000731,43731,더리미경로당,강화군,강화군,선원면,,37.7223150,126.5105124,valid_header_swapped,true
20260228,bus,bus:169000363,169000363,43363,더리미경로당,강화군,강화군,선원면,,37.7222798,126.5105161,valid_header_swapped,true
20260228,bus,bus:169000961,169000961,43961,더리미미술관,강화군,강화군,선원면,,37.7236093,126.5082435,valid_header_swapped,true
20260228,bus,bus:169000962,169000962,43962,더리미미술관,강화군,강화군,선원면,,37.7235029,126.5081663,valid_header_swapped,true
20260228,bus,bus:169000680,169000680,43680,더리미장어마을,강화군,강화군,선원면,,37.7240888,126.5130120,valid_header_swapped,true
20260228,bus,bus:169000864,169000864,43864,더리미장어마을,강화군,강화군,선원면,,37.7241050,126.5131641,valid_header_swapped,true
20260228,bus,bus:165001021,165001021,92021,더샵그린스퀘어105동,연수구,연수구,송도3동,,37.3707070,126.6512860,valid_header_swapped,true
20260228,bus,bus:165001022,165001022,92022,더샵그린스퀘어107동,연수구,연수구,송도3동,,37.3697837,126.6510560,valid_header_swapped,true
20260228,bus,bus:164000510,164000510,38510,더샵그린애비뉴,연수구,연수구,송도2동,,37.3995816,126.6491978,valid_header_swapped,true
20260228,bus,bus:164000486,164000486,38486,더샵그린애비뉴,연수구,연수구,송도2동,,37.3989200,126.6475398,valid_header_swapped,true
20260228,bus,bus:164000495,164000495,38495,더샵그린워크1단지,연수구,연수구,송도2동,,37.3982673,126.6408812,valid_header_swapped,true
20260228,bus,bus:166000065,166000065,40065,더샵부평센트럴시티(101동),부평구,부평구,십정1동,,37.4782409,126.7019473,valid_header_swapped,true
20260228,bus,bus:166000061,166000061,40061,더샵부평센트럴시티(101동),부평구,부평구,십정2동,,37.4782037,126.7020016,valid_header_swapped,true
20260228,bus,bus:166000050,166000050,40050,더샵부평센트럴시티(127동),부평구,부평구,십정1동,,37.4764657,126.6957651,valid_header_swapped,true
20260228,bus,bus:165001020,165001020,92020,더샵센트럴시티204동,연수구,연수구,송도3동,,37.3722219,126.6492326,valid_header_swapped,true
20260228,bus,bus:165001019,165001019,92019,더샵센트럴시티205동,연수구,연수구,송도3동,,37.3729836,126.6496196,valid_header_swapped,true
20260228,bus,bus:164000767,164000767,38765,더샵송도마리나베이,연수구,연수구,송도5동,,37.4110603,126.6129046,valid_header_swapped,true
20260228,bus,bus:164000768,164000768,38766,더샵송도마리나베이,연수구,연수구,송도5동,,37.4096295,126.6124140,valid_header_swapped,true
20260228,bus,bus:164000796,164000796,38794,더샵송도센터니얼,연수구,연수구,송도동,,37.3866756,126.6313465,valid_header_swapped,true
20260228,bus,bus:164000797,164000797,38795,더샵송도센터니얼,연수구,연수구,송도동,,37.3865135,126.6314670,valid_header_swapped,true
20260228,bus,bus:164000561,164000561,38561,더샵송도프라임뷰20단지,연수구,연수구,송도4동,,37.3848011,126.6293803,valid_header_swapped,true
20260228,bus,bus:163000686,163000686,37686,더샵아르테아파트,미추홀구,미추홀구,주안4동,,37.4563260,126.6896760,valid_header_swapped,true
20260228,bus,bus:164000480,164000480,38480,더샵엑스포빌리지,연수구,연수구,송도2동,,37.4013170,126.6436272,valid_header_swapped,true
20260228,bus,bus:164000602,164000602,38602,더샵퍼스트파크13단지,연수구,연수구,송도4동,,37.3886614,126.6305618,valid_header_swapped,true
20260228,bus,bus:164000601,164000601,38601,더샵퍼스트파크13단지,연수구,연수구,송도4동,,37.3884534,126.6308051,valid_header_swapped,true
20260228,bus,bus:164000485,164000485,38485,더샵하버뷰,연수구,연수구,송도2동,,37.3988850,126.6471601,valid_header_swapped,true
20260228,bus,bus:164000487,164000487,38487,더샵하버뷰,연수구,연수구,송도2동,,37.3958084,126.6444184,valid_header_swapped,true
20260228,bus,bus:164000453,164000453,38453,더샵하버뷰(D13),연수구,연수구,송도2동,,37.3973970,126.6467813,valid_header_swapped,true
20260228,bus,bus:164000466,164000466,38466,더샵하버뷰(D13),연수구,연수구,송도2동,,37.3978340,126.6475952,valid_header_swapped,true
20260228,bus,bus:164000454,164000454,38454,더샵하버뷰(D14),연수구,연수구,송도2동,,37.3966244,126.6459673,valid_header_swapped,true
20260228,bus,bus:164000504,164000504,38504,더샵하버뷰14단지,연수구,연수구,송도2동,,37.3963428,126.6459784,valid_header_swapped,true
20260228,bus,bus:163000657,163000657,37657,더월드스테이트2단지,미추홀구,미추홀구,주안6동,,37.4622422,126.6961975,valid_header_swapped,true
20260228,bus,bus:163000422,163000422,37422,더월드스테이트후문,미추홀구,미추홀구,주안6동,,37.4633241,126.6929996,valid_header_swapped,true
20260228,bus,bus:165000877,165000877,39877,더포레스트아파트,남동구,남동구,서창2동,,37.4293096,126.7441511,valid_header_swapped,true
20260228,bus,bus:165000876,165000876,39876,더포레스트아파트,남동구,남동구,서창2동,,37.4293397,126.7445183,valid_header_swapped,true
20260228,bus,bus:164000410,164000410,38410,더프라우,연수구,연수구,송도2동,,37.3971071,126.6511395,valid_header_swapped,true
20260228,bus,bus:166000461,166000461,40461,더필립요양병원,부평구,부평구,부평5동,,37.5030630,126.7311151,valid_header_swapped,true
20260228,bus,bus:169000750,169000750,43750,덕고개삼거리,강화군,강화군,양사면,,37.7976848,126.4117553,valid_header_swapped,true
20260228,bus,bus:169000723,169000723,43723,덕고개삼거리,강화군,강화군,양사면,,37.7976791,126.4112688,valid_header_swapped,true
20260228,bus,bus:169000397,169000397,43397,덕골,강화군,강화군,화도면,,37.6325478,126.4095122,valid_header_swapped,true
20260228,bus,bus:169000399,169000399,43399,덕골,강화군,강화군,화도면,,37.6324376,126.4091518,valid_header_swapped,true
20260228,bus,bus:161000012,161000012,35012,덕교3거리,중구,영종구,용유동,,37.4399972,126.4045233,valid_header_swapped,true
20260228,bus,bus:161000003,161000003,35003,덕교동,중구,영종구,용유동,,37.4278884,126.4231436,valid_header_swapped,true
20260228,bus,bus:161000259,161000259,35259,덕교동,중구,영종구,운서동,,37.4257009,126.4227131,valid_header_swapped,true
20260228,bus,bus:161000005,161000005,35005,덕교동,중구,영종구,용유동,,37.4286157,126.4238082,valid_header_swapped,true
20260228,bus,bus:161000214,161000214,35214,덕교삼거리,중구,영종구,용유동,,37.4402720,126.4044147,valid_header_swapped,true
20260228,bus,bus:169001229,169001229,90229,덕신고등학교(강화읍교회),강화군,강화군,강화읍,,37.7463809,126.4731400,valid_header_swapped,true
20260228,bus,bus:169001228,169001228,90228,덕신고등학교(강화읍교회),강화군,강화군,강화읍,,37.7463025,126.4729193,valid_header_swapped,true
20260228,bus,bus:210000064,210000064,55073,덕유마을.설악마을,코드정보 없음,코드정보 없음,중1동,,37.5085868,126.7694919,valid_header_swapped,false
20260228,bus,bus:210000059,210000059,11187,덕유마을.설악마을,기타,기타,중1동,,37.5094020,126.7697611,valid_header_swapped,false
20260228,bus,bus:169000657,169000657,43657,덕음,강화군,강화군,양사면,,37.7995523,126.4056673,valid_header_swapped,true
20260228,bus,bus:169000983,169000983,43983,덕응,강화군,강화군,양사면,,37.8009878,126.4053719,valid_header_swapped,true
20260228,bus,bus:169000986,169000986,43986,덕응,강화군,강화군,양사면,,37.8009674,126.4051960,valid_header_swapped,true
20260228,bus,bus:169000296,169000296,43296,덕정가든,강화군,강화군,불은면,,37.6939960,126.4569500,valid_header_swapped,true
20260228,bus,bus:169000173,169000173,43173,덕정가든,강화군,강화군,불은면,,37.6940937,126.4567005,valid_header_swapped,true
20260228,bus,bus:169000870,169000870,43870,덕진사거리,강화군,강화군,불은면,,37.6503136,126.5200834,valid_header_swapped,true
20260228,bus,bus:169001310,169001310,90310,덕진사거리,강화군,강화군,불은면,,37.6492561,126.5202714,valid_header_swapped,true
20260228,bus,bus:169000637,169000637,43637,덕진진,강화군,강화군,불은면,,37.6503884,126.5202655,valid_header_swapped,true
20260228,bus,bus:169000672,169000672,43672,덕진진,강화군,강화군,불은면,,37.6503719,126.5204804,valid_header_swapped,true
20260228,bus,bus:165000723,165000723,39723,덕창기계,남동구,남동구,논현고잔동,,37.3870773,126.6877660,valid_header_swapped,true
20260228,bus,bus:169000006,169000006,43006,덕포리,강화군,강화군,화도면,,37.6304539,126.4497028,valid_header_swapped,true
20260228,bus,bus:169000100,169000100,43100,덕포리,강화군,강화군,화도면,,37.6306028,126.4497312,valid_header_swapped,true
20260228,bus,bus:169000727,169000727,43727,덕하교앞,강화군,강화군,양사면,,37.8122845,126.4482617,valid_header_swapped,true
20260228,bus,bus:169000449,169000449,43449,덕하교앞,강화군,강화군,양사면,,37.8124000,126.4483499,valid_header_swapped,true
20260228,bus,bus:169000730,169000730,43730,덕화2리,강화군,강화군,양사면,,37.8083309,126.4267119,valid_header_swapped,true
20260228,bus,bus:169000468,169000468,43468,덕화2리,강화군,강화군,양사면,,37.8082546,126.4267671,valid_header_swapped,true
20260228,bus,bus:169000923,169000923,43923,덕화2리마을회관,강화군,강화군,양사면,,37.8101794,126.4297631,valid_header_swapped,true
20260228,bus,bus:169000924,169000924,43924,덕화2리마을회관,강화군,강화군,양사면,,37.8102516,126.4296727,valid_header_swapped,true
20260228,bus,bus:169000609,169000609,43609,덕화3리마을회관,강화군,강화군,양사면,,37.8079692,126.4358673,valid_header_swapped,true
20260228,bus,bus:169000729,169000729,43729,덕화3리입구,강화군,강화군,양사면,,37.8107732,126.4316300,valid_header_swapped,true
20260228,bus,bus:169000469,169000469,43469,덕화3리입구,강화군,강화군,양사면,,37.8108187,126.4317221,valid_header_swapped,true
20260228,bus,bus:169001399,169001399,90399,덕화교회앞,강화군,강화군,양사면,,37.8083202,126.4329593,valid_header_swapped,true
20260228,bus,bus:169001398,169001398,90398,덕화교회앞,강화군,강화군,양사면,,37.8082852,126.4328975,valid_header_swapped,true
20260228,bus,bus:169000664,169000664,43664,도간마을,강화군,강화군,하점면,,37.7788224,126.4307070,valid_header_swapped,true
20260228,bus,bus:169000612,169000612,43612,도간마을,강화군,강화군,하점면,,37.7790447,126.4306169,valid_header_swapped,true
20260228,bus,bus:169000754,169000754,43754,도감말,강화군,강화군,선원면,,37.7236969,126.5022143,valid_header_swapped,true
20260228,bus,bus:169000733,169000733,43733,도감말,강화군,강화군,선원면,,37.7238978,126.5023659,valid_header_swapped,true
20260228,bus,bus:122000381,122000381,23504,도곡한신아파트,기타,기타,도곡1동,,37.4871597,127.0411652,outside_incheon_bounds,false
20260228,bus,bus:168001398,168001398,89398,도담공원.푸르지오더베뉴,서구,검단구,아라동,,37.5980475,126.7118770,valid_header_swapped,true
20260228,bus,bus:168001397,168001397,89397,도담공원.푸르지오더베뉴,서구,검단구,아라동,,37.5977732,126.7118241,valid_header_swapped,true
20260228,bus,bus:168001547,168001547,89547,도담공원·이음중고등학교,서구,검단구,원당동,,37.5994345,126.7097999,valid_header_swapped,true
20260228,bus,bus:168001482,168001482,89482,도담공원·이음중고등학교,서구,검단구,원당동,,37.5996233,126.7099927,valid_header_swapped,true
20260228,bus,bus:167000566,167000566,41566,도두리마을,계양구,계양구,작전서운동,,37.5307774,126.7405154,valid_header_swapped,true
20260228,bus,bus:167000565,167000565,41565,도두리마을,계양구,계양구,작전서운동,,37.5305047,126.7416360,valid_header_swapped,true
20260228,bus,bus:224000209,224000209,70209,도리JC(미정차),코드정보 없음,코드정보 없음,목감동,,37.3954665,126.8454726,valid_header_swapped,false
20260228,bus,bus:277103141,277103141,70203,도리JC(미정차),코드정보 없음,코드정보 없음,목감동,,37.3968258,126.8477887,valid_header_swapped,false
20260228,bus,bus:224000218,224000218,70218,도리JC(미정차),코드정보 없음,코드정보 없음,목감동,,37.3963964,126.8497779,valid_header_swapped,false
20260228,bus,bus:277103140,277103140,70215,도리JC(미정차),코드정보 없음,코드정보 없음,목감동,,37.3972310,126.8467436,valid_header_swapped,false
20260228,bus,bus:165001066,165001066,92066,도림고등학교,남동구,남동구,서창2동,,37.4209962,126.7519309,valid_header_swapped,true
20260228,bus,bus:165000161,165000161,39161,도림동고개,남동구,남동구,남촌도림동,,37.4229158,126.7326795,valid_header_swapped,true
20260228,bus,bus:165000160,165000160,39160,도림동고개,남동구,남동구,남촌도림동,,37.4230924,126.7329221,valid_header_swapped,true
20260228,bus,bus:165000141,165000141,39141,도림동입구,남동구,남동구,남촌도림동,,37.4211079,126.7092180,valid_header_swapped,true
20260228,bus,bus:165000140,165000140,39140,도림동입구,남동구,남동구,남촌도림동,,37.4187756,126.7082748,valid_header_swapped,true
20260228,bus,bus:165000155,165000155,39155,도림아이파크아파트,남동구,남동구,남촌도림동,,37.4214254,126.7303684,valid_header_swapped,true
20260228,bus,bus:165000154,165000154,39154,도림육교,남동구,남동구,남촌도림동,,37.4211456,126.7302340,valid_header_swapped,true
20260228,bus,bus:165000153,165000153,39153,도림주공1단지,남동구,남동구,남촌도림동,,37.4197722,126.7304760,valid_header_swapped,true
20260228,bus,bus:165000152,165000152,39152,도림주공1단지,남동구,남동구,남촌도림동,,37.4198423,126.7301489,valid_header_swapped,true
20260228,bus,bus:165000142,165000142,39142,도림주공208동,남동구,남동구,남촌도림동,,37.4173054,126.7276915,valid_header_swapped,true
20260228,bus,bus:165000143,165000143,39143,도림주공208동,남동구,남동구,남촌도림동,,37.4171758,126.7280116,valid_header_swapped,true
20260228,bus,bus:165000146,165000146,39146,도림주공2단지,남동구,남동구,남촌도림동,,37.4183590,126.7288550,valid_header_swapped,true
20260228,bus,bus:165000149,165000149,39149,도림주공2단지,남동구,남동구,남촌도림동,,37.4189584,126.7290182,valid_header_swapped,true
20260228,bus,bus:168001307,168001307,89307,도림주철관1공장,서구,서해구,검암경서동,,37.5524879,126.6470119,valid_header_swapped,true
20260228,bus,bus:168000293,168000293,42293,도림주철관공업(주),서구,서해구,검암경서동,,37.5537968,126.6469681,valid_header_swapped,true
20260228,bus,bus:165000151,165000151,39151,도림포도원,남동구,남동구,남촌도림동,,37.4218422,126.7234433,valid_header_swapped,true
20260228,bus,bus:165000150,165000150,39150,도림포도원,남동구,남동구,남촌도림동,,37.4215775,126.7227035,valid_header_swapped,true
20260228,bus,bus:162000001,162000001,36001,도원고개(도원역),동구,제물포구,금창동,,37.4692322,126.6411203,valid_header_swapped,true
20260228,bus,bus:162000170,162000170,36170,도원고개(동구청방향),동구,제물포구,금창동,,37.4707746,126.6427234,valid_header_swapped,true
20260228,bus,bus:161000180,161000180,35180,도원동행정복지센터,중구,제물포구,율목동,,37.4702399,126.6386504,valid_header_swapped,true
20260228,bus,bus:162000128,162000128,36128,도원동행정복지센터,동구,제물포구,금창동,,37.4701298,126.6393680,valid_header_swapped,true
20260228,bus,bus:161000788,161000788,35788,도원동행정복지센터(앞),중구,제물포구,도원동,,37.4681050,126.6376645,valid_header_swapped,true
20260228,bus,bus:161000798,161000798,35798,도원동행정복지센터(앞),중구,제물포구,도원동,,37.4682577,126.6379403,valid_header_swapped,true
20260228,bus,bus:161000176,161000176,35176,도원역(인천축구전용경기장),중구,제물포구,도원동,,37.4682645,126.6425278,valid_header_swapped,true
20260228,bus,bus:163000549,163000549,37549,도원역(인천축구전용경기장),미추홀구,미추홀구,숭의13동,,37.4681247,126.6432239,valid_header_swapped,true
20260228,bus,bus:170000089,170000089,44089,도장골삼거리,옹진군,옹진군,영흥면,,,,missing,false
20260228,bus,bus:170000122,170000122,44122,도장골삼거리,옹진군,옹진군,영흥면,,37.2539349,126.4767072,valid_header_swapped,true
20260228,bus,bus:169000225,169000225,43225,도장재마을,강화군,강화군,불은면,,37.6899640,126.4702409,valid_header_swapped,true
20260228,bus,bus:169000167,169000167,43167,도장재마을,강화군,강화군,불은면,,37.6901085,126.4702770,valid_header_swapped,true
20260228,bus,bus:163000340,163000340,37340,도화1동행정복지센터,미추홀구,미추홀구,도화1동,,37.4605315,126.6740498,valid_header_swapped,true
20260228,bus,bus:163000356,163000356,37356,도화IC,미추홀구,미추홀구,도화1동,,37.4625324,126.6708816,valid_header_swapped,true
20260228,bus,bus:163000578,163000578,37578,도화e편한세상604동,미추홀구,미추홀구,도화23동,,37.4738084,126.6679220,valid_header_swapped,true
20260228,bus,bus:163000613,163000613,37613,도화e편한세상아파트,미추홀구,미추홀구,도화23동,,37.4742118,126.6635341,valid_header_swapped,true
20260228,bus,bus:163000612,163000612,37612,도화e편한세상아파트,미추홀구,미추홀구,도화23동,,37.4746934,126.6633629,valid_header_swapped,true
20260228,bus,bus:163000624,163000624,37624,도화e편한세상아파트5단지,미추홀구,미추홀구,도화23동,,37.4722143,126.6624480,valid_header_swapped,true
20260228,bus,bus:163000626,163000626,37626,도화e편한세상아파트6단지,미추홀구,미추홀구,도화23동,,37.4729160,126.6657017,valid_header_swapped,true
20260228,bus,bus:163000390,163000390,37390,도화사거리.도화역,미추홀구,미추홀구,도화23동,,37.4682010,126.6664688,valid_header_swapped,true
20260228,bus,bus:163000392,163000392,37392,도화사거리.도화역,미추홀구,미추홀구,도화23동,,37.4683933,126.6665131,valid_header_swapped,true
20260228,bus,bus:163000674,163000674,37674,도화사거리·더샵인천스카이타워,미추홀구,미추홀구,도화23동,,37.4695505,126.6662655,valid_header_swapped,true
20260228,bus,bus:163000673,163000673,37673,도화사거리·더샵인천스카이타워,미추홀구,미추홀구,도화동,,37.4697702,126.6661374,valid_header_swapped,true
20260228,bus,bus:163000625,163000625,37625,도화서희스타힐스,미추홀구,미추홀구,도화23동,,37.4722242,126.6628336,valid_header_swapped,true
20260228,bus,bus:163000629,163000629,37629,도화역,미추홀구,미추홀구,도화23동,,37.4667099,126.6667048,valid_header_swapped,true
20260228,bus,bus:163000366,163000366,37366,도화초등학교.수봉도서관,미추홀구,미추홀구,도화1동,,37.4642687,126.6675463,valid_header_swapped,true
20260228,bus,bus:163000367,163000367,37367,도화초등학교.수봉도서관,미추홀구,미추홀구,도화1동,,37.4646489,126.6672362,valid_header_swapped,true
20260228,bus,bus:168000175,168000175,42175,독골사거리,서구,서해구,석남1동,,37.5136046,126.6676317,valid_header_swapped,true
20260228,bus,bus:112000438,112000438,13499,독립문(가상),기타,기타,현저동,,,,missing,false
20260228,bus,bus:163000634,163000634,37634,독배로317번길(삼거리),미추홀구,미추홀구,용현5동,,37.4471184,126.6464364,valid_header_swapped,true
20260228,bus,bus:169000351,169000351,43351,독장골,강화군,강화군,내가면,,37.7325009,126.4315571,valid_header_swapped,true
20260228,bus,bus:169000846,169000846,43846,독장골,강화군,강화군,내가면,,37.7324404,126.4316770,valid_header_swapped,true
20260228,bus,bus:169001433,169001433,90433,독쟁이고개,강화군,강화군,선원면,,37.7060517,126.5086718,valid_header_swapped,true
20260228,bus,bus:169001443,169001443,90443,독쟁이고개,강화군,강화군,선원면,,37.7059725,126.5087009,valid_header_swapped,true
20260228,bus,bus:168001600,168001600,89600,독정로.검단LH37단지,서구,검단구,당하동,,37.5860970,126.6831111,valid_header_swapped,true
20260228,bus,bus:168001601,168001601,89601,독정로.검단LH37단지,서구,검단구,당하동,,37.5860752,126.6829008,valid_header_swapped,true
20260228,bus,bus:168001598,168001598,89598,독정로.태평아파트,서구,검단구,당하동,,37.5840133,126.6800731,valid_header_swapped,true
20260228,bus,bus:168001599,168001599,89599,독정로.태평아파트,서구,검단구,당하동,,37.5841932,126.6801549,valid_header_swapped,true
20260228,bus,bus:168000378,168000378,42378,독정역(서구동구예비군훈련장),서구,검단구,당하동,,37.5844164,126.6763207,valid_header_swapped,true
20260228,bus,bus:168000377,168000377,42377,독정역(서구동구예비군훈련장),서구,서해구,검암경서동,,37.5848944,126.6757893,valid_header_swapped,true
20260228,bus,bus:163000238,163000238,37238,독정이고개,미추홀구,미추홀구,용현14동,,37.4556343,126.6573522,valid_header_swapped,true
20260228,bus,bus:163000234,163000234,37234,독정이고개,미추홀구,미추홀구,용현14동,,37.4554800,126.6570008,valid_header_swapped,true
20260228,bus,bus:169000925,169000925,43925,돈대마을,강화군,강화군,길상면,,37.6014353,126.4898942,valid_header_swapped,true
20260228,bus,bus:169000926,169000926,43926,돈대마을,강화군,강화군,길상면,,37.6013354,126.4897845,valid_header_swapped,true
20260228,bus,bus:169000447,169000447,43447,돈대모루,강화군,강화군,화도면,,37.6004426,126.4051945,valid_header_swapped,true
20260228,bus,bus:169000422,169000422,43422,돈대모루,강화군,강화군,화도면,,37.6004839,126.4054745,valid_header_swapped,true
20260228,bus,bus:170000168,170000168,44168,돌고래펜션,옹진군,옹진군,영흥면,,37.2497322,126.5227346,valid_header_swapped,true
20260228,bus,bus:170000127,170000127,44127,돌고래펜션,옹진군,옹진군,영흥면,,37.2498462,126.5228486,valid_header_swapped,true
20260228,bus,bus:169000707,169000707,43707,돌머루(대산종점),강화군,강화군,강화읍,,37.7820221,126.5001223,valid_header_swapped,true
20260228,bus,bus:161000396,161000396,35396,돌산밑,중구,영종구,영종동,,37.5195937,126.5020885,valid_header_swapped,true
20260228,bus,bus:161000320,161000320,35320,돌산밑,중구,영종구,영종동,,37.5195238,126.5019488,valid_header_swapped,true
20260228,bus,bus:161000273,161000273,35273,돌팍재삼거리,중구,영종구,영종동,,37.4993714,126.5557480,valid_header_swapped,true
20260228,bus,bus:161000277,161000277,35277,돌팍재삼거리,중구,영종구,영종동,,37.4994804,126.5557387,valid_header_swapped,true
20260228,bus,bus:161000315,161000315,35315,돌팍재한뿌리,중구,영종구,영종동,,37.4977862,126.5526852,valid_header_swapped,true
20260228,bus,bus:161000304,161000304,35304,돌팍재한뿌리,중구,영종구,영종동,,37.4979038,126.5526237,valid_header_swapped,true
20260228,bus,bus:161000317,161000317,35317,동강리,중구,영종구,영종동,,37.5091107,126.5279535,valid_header_swapped,true
20260228,bus,bus:161000393,161000393,35393,동강리,중구,영종구,영종동,,37.5090685,126.5278726,valid_header_swapped,true
20260228,bus,bus:161000245,161000245,35245,동강리(그린빌앞),중구,영종구,영종동,,37.5065298,126.5318587,valid_header_swapped,true
20260228,bus,bus:161000246,161000246,35246,동강리(그린빌앞),중구,영종구,영종동,,37.5065001,126.5317550,valid_header_swapped,true
20260228,bus,bus:169000642,169000642,43642,동검도삼거리,강화군,강화군,길상면,,37.5932403,126.5150115,valid_header_swapped,true
20260228,bus,bus:169000223,169000223,43223,동검도삼거리,강화군,강화군,길상면,,37.5933510,126.5148909,valid_header_swapped,true
20260228,bus,bus:169001070,169001070,90070,동검리마을회관입구,강화군,강화군,길상면,,37.5890683,126.5093587,valid_header_swapped,true
20260228,bus,bus:169001069,169001069,90069,동검리마을회관입구,강화군,강화군,길상면,,37.5888570,126.5088738,valid_header_swapped,true
20260228,bus,bus:169000856,169000856,43856,동검리입구,강화군,강화군,길상면,,37.6008578,126.5146877,valid_header_swapped,true
20260228,bus,bus:169000877,169000877,43877,동검리입구,강화군,강화군,길상면,,37.6009375,126.5147089,valid_header_swapped,true
20260228,bus,bus:169000889,169000889,43889,동검리종점,강화군,강화군,길상면,,37.5873041,126.5082196,valid_header_swapped,true
20260228,bus,bus:169000519,169000519,43519,동검상회,강화군,강화군,길상면,,37.5959991,126.5145327,valid_header_swapped,true
20260228,bus,bus:169000226,169000226,43226,동검상회,강화군,강화군,길상면,,37.5958558,126.5144958,valid_header_swapped,true
20260228,bus,bus:166000411,166000411,40411,동광제일교회,부평구,부평구,산곡2동,,37.5048867,126.7144227,valid_header_swapped,true
20260228,bus,bus:113000415,113000415,22012,동교동삼거리,코드정보 없음,코드정보 없음,창천동,,37.5577963,126.9296386,outside_incheon_bounds,false
20260228,bus,bus:113000421,113000421,23033,동교동삼거리,코드정보 없음,코드정보 없음,동교동,,37.5580599,126.9285400,outside_incheon_bounds,false
20260228,bus,bus:162000110,162000110,36110,동구선거관리위원회,동구,제물포구,만석동,,37.4829050,126.6271101,valid_header_swapped,true
20260228,bus,bus:162000011,162000011,36011,동구청,동구,제물포구,금창동,,37.4732934,126.6422348,valid_header_swapped,true
20260228,bus,bus:162000026,162000026,36026,동구청소년수련관.달동네박물관,동구,제물포구,송림2동,,37.4754149,126.6428356,valid_header_swapped,true
20260228,bus,bus:162000074,162000074,36074,동국제강,동구,제물포구,화수2동,,37.4821766,126.6403798,valid_header_swapped,true
20260228,bus,bus:162000068,162000068,36068,동국제강,동구,제물포구,화수2동,,37.4816384,126.6403508,valid_header_swapped,true
20260228,bus,bus:162000070,162000070,36070,동국제강후문,동구,제물포구,화수2동,,37.4834967,126.6358251,valid_header_swapped,true
20260228,bus,bus:162000069,162000069,36069,동국제강후문,동구,제물포구,화수2동,,37.4831679,126.6353795,valid_header_swapped,true
20260228,bus,bus:164000226,164000226,38226,동남스포피아,연수구,연수구,연수1동,,37.4228318,126.6753859,valid_header_swapped,true
20260228,bus,bus:164000227,164000227,38227,동남스포피아,연수구,연수구,연수1동,,37.4231092,126.6754760,valid_header_swapped,true
20260228,bus,bus:224000578,224000578,70039,동남아파트,코드정보 없음,코드정보 없음,정왕4동,,37.3543351,126.7187958,valid_header_swapped,false
20260228,bus,bus:164000268,164000268,38268,동남아파트,연수구,연수구,연수1동,,37.4248534,126.6760881,valid_header_swapped,true
20260228,bus,bus:164000267,164000267,38267,동남아파트,연수구,연수구,연수1동,,37.4245500,126.6762295,valid_header_swapped,true
20260228,bus,bus:164000337,164000337,38337,동남아파트(무지개아파트),연수구,연수구,동춘2동,,37.4005271,126.6694064,valid_header_swapped,true
20260228,bus,bus:170000059,170000059,44059,동내동삼거리,옹진군,옹진군,대청면,,,,missing,false
20260228,bus,bus:169001148,169001148,90148,동녘개,강화군,강화군,삼산면,,37.7022299,126.3301411,valid_header_swapped,true
20260228,bus,bus:169001147,169001147,90147,동녘개,강화군,강화군,삼산면,,37.7022936,126.3296356,valid_header_swapped,true
20260228,bus,bus:165000660,165000660,39660,동녘마을입구,남동구,남동구,논현고잔동,,37.4131730,126.7383884,valid_header_swapped,true
20260228,bus,bus:169000705,169000705,43705,동들머리,강화군,강화군,길상면,,37.6212001,126.4716247,valid_header_swapped,true
20260228,bus,bus:169000885,169000885,43885,동들머리,강화군,강화군,길상면,,37.6211574,126.4714585,valid_header_swapped,true
20260228,bus,bus:169000499,169000499,43499,동막교회,강화군,강화군,화도면,,37.5957774,126.4407852,valid_header_swapped,true
20260228,bus,bus:169000514,169000514,43514,동막교회,강화군,강화군,화도면,,37.5956221,126.4408014,valid_header_swapped,true
20260228,bus,bus:164000039,164000039,38039,동막역(1번출구),연수구,연수구,동춘2동,,37.3984306,126.6736442,valid_header_swapped,true
20260228,bus,bus:164000433,164000433,38433,동막역(3번출구),연수구,연수구,동춘2동,,37.3981159,126.6727148,valid_header_swapped,true
20260228,bus,bus:164000338,164000338,38338,동막역(4번출구),연수구,연수구,동춘2동,,37.3989210,126.6735265,valid_header_swapped,true
20260228,bus,bus:164000054,164000054,38054,동막초등학교,연수구,연수구,동춘2동,,37.4033766,126.6737088,valid_header_swapped,true
20260228,bus,bus:169000511,169000511,43511,동막해변,강화군,강화군,화도면,,37.5934721,126.4563111,valid_header_swapped,true
20260228,bus,bus:169000408,169000408,43408,동막해변,강화군,강화군,화도면,,37.5935260,126.4567762,valid_header_swapped,true
20260228,bus,bus:168000436,168000436,42436,동문아파트,서구,검단구,원당동,,37.5938008,126.6937862,valid_header_swapped,true
20260228,bus,bus:165001038,165001038,92038,동방중학교,남동구,남동구,논현동,,37.4043570,126.7201320,valid_header_swapped,true
20260228,bus,bus:165001037,165001037,92037,동방초등학교,남동구,남동구,논현동,,37.4036381,126.7200580,valid_header_swapped,true
20260228,bus,bus:167000053,167000053,41053,동보2차아파트,계양구,계양구,작전1동,,37.5254633,126.7311690,valid_header_swapped,true
20260228,bus,bus:167000059,167000059,41059,동보2차아파트,계양구,계양구,작전1동,,37.5256731,126.7314394,valid_header_swapped,true
20260228,bus,bus:161000489,161000489,35489,동보노빌리티,중구,영종구,영종동,,37.4849914,126.5604713,valid_header_swapped,true
20260228,bus,bus:161000488,161000488,35488,동보노빌리티,중구,영종구,영종동,,37.4850696,126.5599211,valid_header_swapped,true
20260228,bus,bus:165000125,165000125,39125,동보아파트,남동구,남동구,논현고잔동,,37.4136534,126.7115750,valid_header_swapped,true
20260228,bus,bus:167000063,167000063,41063,동보아파트,계양구,계양구,작전1동,,37.5272080,126.7299964,valid_header_swapped,true
20260228,bus,bus:167000143,167000143,41143,동보아파트,계양구,계양구,작전서운동,,37.5326543,126.7385476,valid_header_swapped,true
20260228,bus,bus:224000502,224000502,70040,동보아파트,코드정보 없음,코드정보 없음,정왕4동,,37.3540702,126.7182455,valid_header_swapped,false
20260228,bus,bus:167000136,167000136,41136,동보아파트,계양구,계양구,작전서운동,,37.5317494,126.7381408,valid_header_swapped,true
20260228,bus,bus:167000056,167000056,41056,동보아파트,계양구,계양구,작전1동,,37.5263774,126.7297214,valid_header_swapped,true
20260228,bus,bus:165000126,165000126,39126,동보아파트,남동구,남동구,논현2동,,37.4136200,126.7121034,valid_header_swapped,true
20260228,bus,bus:167000129,167000129,41129,동보아파트후문,계양구,계양구,작전서운동,,37.5307593,126.7389758,valid_header_swapped,true
20260228,bus,bus:162000052,162000052,36052,동부아파트,동구,제물포구,화수2동,,37.4813432,126.6351669,valid_header_swapped,true
20260228,bus,bus:163000192,163000192,37192,동부아파트,미추홀구,미추홀구,관교동,,37.4408713,126.6956791,valid_header_swapped,true
20260228,bus,bus:162000018,162000018,36018,동산고,동구,제물포구,송림35동,,37.4735671,126.6465780,valid_header_swapped,true
20260228,bus,bus:162000021,162000021,36021,동산고등학교,동구,제물포구,송림35동,,37.4737520,126.6467184,valid_header_swapped,true
20260228,bus,bus:162000010,162000010,36010,동산교회,동구,제물포구,송림4동,,37.4712558,126.6486462,valid_header_swapped,true
20260228,bus,bus:162000012,162000012,36012,동산교회,동구,제물포구,송림4동,,37.4715980,126.6486358,valid_header_swapped,true
20260228,bus,bus:169001303,169001303,90303,동산교회,강화군,강화군,교동면,,37.7627535,126.2383020,valid_header_swapped,true
20260228,bus,bus:169001302,169001302,90302,동산리마을회관,강화군,강화군,교동면,,37.7601986,126.2357140,valid_header_swapped,true
20260228,bus,bus:169001291,169001291,90291,동산리입구,강화군,강화군,교동면,,37.7657738,126.2341296,valid_header_swapped,true
20260228,bus,bus:169001299,169001299,90299,동산리입구,강화군,강화군,교동면,,37.7656928,126.2338315,valid_header_swapped,true
20260228,bus,bus:162000029,162000029,36029,동산중고등학교(재능대정문),동구,제물포구,송림4동,,37.4740627,126.6487918,valid_header_swapped,true
20260228,bus,bus:162000022,162000022,36022,동산휴먼시아2단지,동구,제물포구,송림35동,,37.4728298,126.6497275,valid_header_swapped,true
20260228,bus,bus:162000023,162000023,36023,동산휴먼시아2단지,동구,제물포구,송림4동,,37.4717775,126.6500023,valid_header_swapped,true
20260228,bus,bus:166000624,166000624,40624,동서식품,부평구,부평구,청천2동,,37.5196067,126.7188783,valid_header_swapped,true
20260228,bus,bus:166000623,166000623,40623,동서식품,부평구,부평구,청천2동,,37.5197950,126.7185542,valid_header_swapped,true
20260228,bus,bus:168000495,168000495,42495,동성.길훈아파트,서구,검단구,불로대곡동,,37.6154919,126.6868252,valid_header_swapped,true
20260228,bus,bus:168000496,168000496,42496,동성아파트,서구,검단구,불로대곡동,,37.6153628,126.6870869,valid_header_swapped,true
20260228,bus,bus:166000188,166000188,40188,동소정사거리,부평구,부평구,부평6동,,37.4880656,126.7292232,valid_header_swapped,true
20260228,bus,bus:166000189,166000189,40189,동소정사거리,부평구,부평구,부평6동,,37.4880939,126.7295679,valid_header_swapped,true
20260228,bus,bus:166000184,166000184,40184,동수교회,부평구,부평구,부평6동,,37.4871161,126.7307835,valid_header_swapped,true
20260228,bus,bus:166000124,166000124,40124,동수역1번출구,부평구,부평구,부평3동,,37.4852277,126.7195532,valid_header_swapped,true
20260228,bus,bus:166000108,166000108,40108,동수역2번출구,부평구,부평구,부평2동,,37.4848272,126.7174660,valid_header_swapped,true
20260228,bus,bus:166000110,166000110,40110,동수역3번출구,부평구,부평구,부평2동,,37.4851075,126.7173138,valid_header_swapped,true
20260228,bus,bus:165000236,165000236,39236,동아.팬더아파트,남동구,남동구,구월1동,,37.4497192,126.7113466,valid_header_swapped,true
20260228,bus,bus:165000233,165000233,39233,동아.팬더아파트,남동구,남동구,구월1동,,37.4493815,126.7114364,valid_header_swapped,true
20260228,bus,bus:166000324,166000324,40324,동아2단지정문,부평구,부평구,부평1동,,37.4986595,126.7196026,valid_header_swapped,true
20260228,bus,bus:164000347,164000347,38347,동아금호아파트,연수구,연수구,동춘3동,,37.4113856,126.6776309,valid_header_swapped,true
20260228,bus,bus:164000344,164000344,38344,동아금호아파트,연수구,연수구,연수2동,,37.4116407,126.6779119,valid_header_swapped,true
20260228,bus,bus:167000403,167000403,41403,동아아파트,계양구,계양구,효성1동,,37.5307142,126.7169857,valid_header_swapped,true
20260228,bus,bus:167000070,167000070,41070,동아아파트,계양구,계양구,효성1동,,37.5315496,126.7174164,valid_header_swapped,true
20260228,bus,bus:163000248,163000248,37248,동아아파트,미추홀구,미추홀구,관교동,,37.4448948,126.6943356,valid_header_swapped,true
20260228,bus,bus:168000404,168000404,42404,동아아파트,서구,검단구,마전동,,37.5949080,126.6718903,valid_header_swapped,true
20260228,bus,bus:168000406,168000406,42406,동아아파트,서구,검단구,마전동,,37.5952095,126.6718560,valid_header_swapped,true
20260228,bus,bus:166000258,166000258,40258,동아아파트후문,부평구,부평구,산곡4동,,37.4969279,126.7162069,valid_header_swapped,true
20260228,bus,bus:166000257,166000257,40257,동아아파트후문,부평구,부평구,부평1동,,37.4968245,126.7164214,valid_header_swapped,true
20260228,bus,bus:168000037,168000037,42037,동아정밀,서구,서해구,가좌1동,,37.4880786,126.6727688,valid_header_swapped,true
20260228,bus,bus:163000037,163000037,37037,동아풍림아파트,미추홀구,미추홀구,학익1동,,37.4420685,126.6597386,valid_header_swapped,true
20260228,bus,bus:166000015,166000015,40015,동암국민주택,부평구,부평구,십정1동,,37.4722175,126.6959069,valid_header_swapped,true
20260228,bus,bus:166000014,166000014,40014,동암국민주택,부평구,부평구,십정2동,,37.4721595,126.6959812,valid_header_swapped,true
20260228,bus,bus:166000861,166000861,40861,동암남부역,부평구,부평구,십정2동,,37.4714921,126.7032853,valid_header_swapped,true
20260228,bus,bus:166000797,166000797,40797,동암남부역,부평구,부평구,십정2동,,37.4703376,126.7032687,valid_header_swapped,true
20260228,bus,bus:166000862,166000862,40862,동암남부역,부평구,부평구,십정2동,,37.4714078,126.7034788,valid_header_swapped,true
20260228,bus,bus:166000034,166000034,40034,동암남부역,부평구,부평구,십정2동,,37.4709381,126.7038900,valid_header_swapped,true
20260228,bus,bus:166000039,166000039,40039,동암마트,부평구,부평구,십정2동,,37.4728970,126.7007522,valid_header_swapped,true
20260228,bus,bus:166000035,166000035,40035,동암북부역,부평구,부평구,십정2동,,37.4719112,126.7008159,valid_header_swapped,true
20260228,bus,bus:166000013,166000013,40013,동암북부역,부평구,부평구,십정2동,,37.4704338,126.7013337,valid_header_swapped,true
20260228,bus,bus:166000800,166000800,40800,동암북부역광장,부평구,부평구,십정2동,,37.4712740,126.7017545,valid_header_swapped,true
20260228,bus,bus:166000003,166000003,40003,동암사거리,부평구,부평구,십정2동,,37.4683026,126.7011332,valid_header_swapped,true
20260228,bus,bus:166000001,166000001,40001,동암사거리,부평구,부평구,십정2동,,37.4680639,126.7007857,valid_header_swapped,true
20260228,bus,bus:167000522,167000522,41522,동양도서관,계양구,계양구,계양1동,,37.5622833,126.7577596,valid_header_swapped,true
20260228,bus,bus:167000523,167000523,41523,동양도서관(휴먼빌아파트),계양구,계양구,계양3동,,37.5625387,126.7572489,valid_header_swapped,true
20260228,bus,bus:168000820,168000820,42820,동양엔파트4단지,서구,서해구,청라2동,,37.5301073,126.6439610,valid_header_swapped,true
20260228,bus,bus:168000837,168000837,42837,동양엔파트4단지,서구,서해구,청라2동,,37.5297361,126.6438554,valid_header_swapped,true
20260228,bus,bus:168000986,168000986,42986,동양엔파트5단지,서구,서해구,청라3동,,37.5251214,126.6229899,valid_header_swapped,true
20260228,bus,bus:167000555,167000555,41555,동양자이입구,계양구,계양구,계양1동,,37.5636686,126.7561081,valid_header_swapped,true
20260228,bus,bus:167000554,167000554,41554,동양자이입구,계양구,계양구,계양3동,,37.5631635,126.7556643,valid_header_swapped,true
20260228,bus,bus:167000372,167000372,41372,동양주공1.2단지,계양구,계양구,계양1동,,37.5588650,126.7554855,valid_header_swapped,true
20260228,bus,bus:167000373,167000373,41373,동양주공1.2단지,계양구,계양구,계양1동,,37.5586491,126.7554670,valid_header_swapped,true
20260228,bus,bus:167000521,167000521,41521,동양지구1단지정문,계양구,계양구,계양3동,,37.5597197,126.7558670,valid_header_swapped,true
20260228,bus,bus:167000446,167000446,41446,동양지구입구,계양구,계양구,계양1동,,37.5586065,126.7535447,valid_header_swapped,true
20260228,bus,bus:167000445,167000445,41445,동양지구입구,계양구,계양구,계양3동,,37.5587673,126.7536403,valid_header_swapped,true
20260228,bus,bus:168000966,168000966,42966,동양하이테크,서구,서해구,검암경서동,,37.5505793,126.6456021,valid_header_swapped,true
20260228,bus,bus:161000891,161000891,35891,동원로얄듀크마리나포레,중구,영종구,영종1동,,37.4843957,126.5551210,valid_header_swapped,true
20260228,bus,bus:161000890,161000890,35890,동원로얄듀크마리나포레,중구,영종구,영종1동,,37.4844196,126.5548335,valid_header_swapped,true
20260228,bus,bus:224000150,224000150,25167,동원아파트,기타,기타,정왕동,,37.3673816,126.7365927,valid_header_swapped,false
20260228,bus,bus:163000379,163000379,37379,동원아파트,미추홀구,미추홀구,도화1동,,37.4642566,126.6724606,valid_header_swapped,true
20260228,bus,bus:163000376,163000376,37376,동원아파트,미추홀구,미추홀구,도화1동,,37.4640200,126.6724727,valid_header_swapped,true
20260228,bus,bus:224000165,224000165,25166,동원아파트,기타,기타,정왕동,,37.3671699,126.7365853,valid_header_swapped,false
20260228,bus,bus:161000188,161000188,35188,동인천,중구,제물포구,동인천동,,37.4746564,126.6321546,valid_header_swapped,true
20260228,bus,bus:161000517,161000517,35517,동인천(우리은행앞),중구,제물포구,동인천동,,37.4737566,126.6301230,valid_header_swapped,true
20260228,bus,bus:161000795,161000795,35795,동인천동행정복지센터,중구,제물포구,동인천동,,37.4764440,126.6289660,valid_header_swapped,true
20260228,bus,bus:161000805,161000805,35805,동인천동행정복지센터,중구,제물포구,동인천동,,37.4767276,126.6290007,valid_header_swapped,true
20260228,bus,bus:161000192,161000192,35192,동인천역,중구,제물포구,동인천동,,37.4760014,126.6308265,valid_header_swapped,true
20260228,bus,bus:161000191,161000191,35191,동인천역,중구,제물포구,동인천동,,37.4759388,126.6310844,valid_header_swapped,true
20260228,bus,bus:161000187,161000187,35187,동인천역,중구,제물포구,동인천동,,37.4745391,126.6308284,valid_header_swapped,true
20260228,bus,bus:161000185,161000185,35185,동인천역,중구,제물포구,동인천동,,37.4744648,126.6304346,valid_header_swapped,true
20260228,bus,bus:162000136,162000136,36136,동인천역북광장,동구,제물포구,송현1동2동,,37.4761525,126.6326622,valid_header_swapped,true
20260228,bus,bus:162000137,162000137,36137,동인천역북광장,동구,제물포구,송현1동2동,,37.4764545,126.6323730,valid_header_swapped,true
20260228,bus,bus:165000229,165000229,39229,동인천중학교,남동구,남동구,구월2동,,37.4537023,126.6961140,valid_header_swapped,true
20260228,bus,bus:165000230,165000230,39230,동인천중학교,남동구,남동구,구월3동,,37.4538137,126.6963860,valid_header_swapped,true
20260228,bus,bus:162000031,162000031,36031,동일방직,동구,제물포구,만석동,,37.4820730,126.6226225,valid_header_swapped,true
20260228,bus,bus:162000032,162000032,36032,동일방직,동구,제물포구,만석동,,37.4822155,126.6226372,valid_header_swapped,true
20260228,bus,bus:161000177,161000177,35177,동일아파트,중구,제물포구,북성동,,37.4764218,126.6153945,valid_header_swapped,true
20260228,bus,bus:119000297,119000297,31082,동작대교남단(미정차),코드정보 없음,코드정보 없음,반포본동,,37.5045889,126.9796337,outside_incheon_bounds,false
20260228,bus,bus:119000005,119000005,20005,동작세무서,기타,기타,동작구,,37.4980994,126.9201991,outside_incheon_bounds,false
20260228,bus,bus:119000015,119000015,29015,동작세무서,코드정보 없음,코드정보 없음,신대방2동,,37.4979990,126.9201453,outside_incheon_bounds,false
20260228,bus,bus:169000401,169000401,43401,동주농장,강화군,강화군,화도면,,37.6197986,126.4660115,valid_header_swapped,true
20260228,bus,bus:169000349,169000349,43349,동주농장,강화군,강화군,화도면,,37.6197641,126.4658243,valid_header_swapped,true
20260228,bus,bus:169000407,169000407,43407,동촌,강화군,강화군,하점면,,37.7567742,126.4069142,valid_header_swapped,true
20260228,bus,bus:169000793,169000793,43793,동촌,강화군,강화군,하점면,,37.7567012,126.4065341,valid_header_swapped,true
20260228,bus,bus:164000046,164000046,38046,동춘2동행정복지센터,연수구,연수구,동춘2동,,37.4026236,126.6698498,valid_header_swapped,true
20260228,bus,bus:164000045,164000045,38045,동춘2동행정복지센터,연수구,연수구,동춘2동,,37.4024107,126.6695686,valid_header_swapped,true
20260228,bus,bus:164000345,164000345,38345,동춘대동아파트,연수구,연수구,동춘2동,,37.4051895,126.6698159,valid_header_swapped,true
20260228,bus,bus:164000037,164000037,38037,동춘동종점,연수구,연수구,동춘2동,,37.3986742,126.6697005,valid_header_swapped,true
20260228,bus,bus:164000569,164000569,38569,동춘동차고지,연수구,연수구,동춘2동,,37.3994443,126.6683859,valid_header_swapped,true
20260228,bus,bus:164000706,164000706,38704,동춘롤러경기장,연수구,연수구,동춘2동,,37.3975966,126.6711290,valid_header_swapped,true
20260228,bus,bus:164000082,164000082,38082,동춘마을아파트,연수구,연수구,동춘1동,,37.4109300,126.6684275,valid_header_swapped,true
20260228,bus,bus:164000087,164000087,38087,동춘마을아파트,연수구,연수구,동춘1동,,37.4103587,126.6719431,valid_header_swapped,true
20260228,bus,bus:164000346,164000346,38346,동춘역,연수구,연수구,동춘3동,,37.4045922,126.6796784,valid_header_swapped,true
20260228,bus,bus:282807060,282807060,,동춘역(경유),남동구,남동구,남촌도림동,,37.4237223,126.7095379,valid_header_swapped,true
20260228,bus,bus:164000060,164000060,38060,동춘역(이마트),연수구,연수구,동춘2동,,37.4030949,126.6794494,valid_header_swapped,true
20260228,bus,bus:164000070,164000070,38070,동춘역(이마트.스퀘어원),연수구,연수구,동춘3동,,37.4048208,126.6806162,valid_header_swapped,true
20260228,bus,bus:167000673,167000673,41673,동화운수차고지(하차전용),계양구,계양구,효성동,,37.5280000,126.7025095,valid_header_swapped,true
20260228,bus,bus:232000286,232000286,80019,돼지슈퍼.간동입구,코드정보 없음,코드정보 없음,대곶면,,37.6539919,126.5938427,valid_header_swapped,false
20260228,bus,bus:169000289,169000289,43289,두두미마을,강화군,강화군,불은면,,37.6838035,126.4919538,valid_header_swapped,true
20260228,bus,bus:169000869,169000869,43869,두두미마을,강화군,강화군,불은면,,37.6837283,126.4920072,valid_header_swapped,true
20260228,bus,bus:170000054,170000054,44054,두무진,옹진군,옹진군,백령면,,,,missing,false
20260228,bus,bus:168001331,168001331,89331,두밀경노당,서구,검단구,대곡동,,37.6285071,126.6635813,valid_header_swapped,true
20260228,bus,bus:168001328,168001328,89328,두밀경노당,서구,검단구,대곡동,,37.6286394,126.6635920,valid_header_swapped,true
20260228,bus,bus:166000564,166000564,40564,두산아파트,부평구,부평구,갈산2동,,37.5116313,126.7277171,valid_header_swapped,true
20260228,bus,bus:163000043,163000043,37043,두산위브아파트,미추홀구,미추홀구,학익1동,,37.4431117,126.6563867,valid_header_swapped,true
20260228,bus,bus:166000630,166000630,40630,두산위브아파트,부평구,부평구,삼산2동,,37.5143803,126.7389231,valid_header_swapped,true
20260228,bus,bus:166000648,166000648,40648,두산위브아파트,부평구,부평구,삼산2동,,37.5172709,126.7370253,valid_header_swapped,true
20260228,bus,bus:169001048,169001048,90048,두운1리마을회관앞,강화군,강화군,불은면,,37.6840515,126.4832416,valid_header_swapped,true
20260228,bus,bus:169001047,169001047,90047,두운1리마을회관앞,강화군,강화군,불은면,,37.6841174,126.4828842,valid_header_swapped,true
20260228,bus,bus:169000540,169000540,43540,두운리,강화군,강화군,불은면,,37.6785002,126.4862847,valid_header_swapped,true
20260228,bus,bus:169000034,169000034,43034,두운리,강화군,강화군,불은면,,37.6798598,126.4854131,valid_header_swapped,true
20260228,bus,bus:167000498,167000498,41498,둑실경로당,계양구,계양구,계양1동,,37.5799587,126.6986989,valid_header_swapped,true
20260228,bus,bus:167000514,167000514,41514,둑실경로당,계양구,계양구,계양1동,,37.5799237,126.6987015,valid_header_swapped,true
20260228,bus,bus:167000494,167000494,41494,둑실동(아라마루전망대),계양구,계양구,계양1동,,37.5733194,126.7016034,valid_header_swapped,true
20260228,bus,bus:167000512,167000512,41512,둑실동(아라마루전망대),계양구,계양구,계양1동,,37.5733215,126.7014815,valid_header_swapped,true
20260228,bus,bus:167000500,167000500,41500,둑실동회차지,계양구,계양구,계양1동,,37.5800511,126.6913894,valid_header_swapped,true
20260228,bus,bus:161000861,161000861,35861,둥개마을오거리,중구,영종구,용유동,,37.4539633,126.4080181,valid_header_swapped,true
20260228,bus,bus:161000862,161000862,35862,둥개마을오거리,중구,영종구,용유동,,37.4539623,126.4079189,valid_header_swapped,true
20260228,bus,bus:161000722,161000722,35722,둥깨마을입구(세븐일레븐),중구,영종구,용유동,,37.4604065,126.4087076,valid_header_swapped,true
20260228,bus,bus:161000721,161000721,35721,둥깨마을입구(세븐일레븐),중구,영종구,용유동,,37.4602267,126.4086419,valid_header_swapped,true
20260228,bus,bus:161000723,161000723,35723,둥깨마을입구(용성철강),중구,영종구,용유동,,37.4539713,126.4187629,valid_header_swapped,true
20260228,bus,bus:161000724,161000724,35724,둥깨마을입구(용성철강),중구,영종구,용유동,,37.4540770,126.4188875,valid_header_swapped,true
20260228,bus,bus:161000669,161000669,35669,뒤골입구,중구,영종구,운북동,,37.5251395,126.5138713,valid_header_swapped,true
20260228,bus,bus:161000668,161000668,35668,뒤골입구,중구,영종구,운북동,,37.5253507,126.5136177,valid_header_swapped,true
20260228,bus,bus:169001377,169001377,90377,뒷골 입구,강화군,강화군,삼산면,,37.7354737,126.3116834,valid_header_swapped,true
20260228,bus,bus:169001380,169001380,90380,뒷골 입구,강화군,강화군,삼산면,,37.7354726,126.3115455,valid_header_swapped,true
20260228,bus,bus:165000960,165000960,39960,뒷방죽들,남동구,남동구,서창2동,,37.4280213,126.7596217,valid_header_swapped,true
20260228,bus,bus:165000959,165000959,39959,뒷방죽들,남동구,남동구,장수서창동,,37.4275906,126.7596254,valid_header_swapped,true
20260228,bus,bus:161000589,161000589,35589,드라이빙센터,중구,영종구,영종동,,37.4624787,126.4826021,valid_header_swapped,true
20260228,bus,bus:167000343,167000343,41343,드림로갈산교,계양구,계양구,계양1동,,37.5774577,126.7179014,valid_header_swapped,true
20260228,bus,bus:167000342,167000342,41342,드림로갈산교,계양구,계양구,계양1동,,37.5776136,126.7172220,valid_header_swapped,true
20260228,bus,bus:168001363,168001363,89363,드림파크야생화단지,서구,검단구,백석동,,37.5777416,126.6616134,valid_header_swapped,true
20260228,bus,bus:168001364,168001364,89364,드림파크야생화단지,서구,검단구,백석동,,37.5780115,126.6619495,valid_header_swapped,true
20260228,bus,bus:170000011,170000011,44011,드무리해변,옹진군,옹진군,영흥면,,37.2522339,126.5178778,valid_header_swapped,true
20260228,bus,bus:170000012,170000012,44012,드무리해변,옹진군,옹진군,영흥면,,37.2520844,126.5179193,valid_header_swapped,true
20260228,bus,bus:165000035,165000035,39035,디에스솔텍,남동구,남동구,논현고잔동,,37.3982256,126.6897293,valid_header_swapped,true
20260228,bus,bus:165000038,165000038,39038,디에스솔텍,남동구,남동구,논현고잔동,,37.3984829,126.6896755,valid_header_swapped,true
20260228,bus,bus:168001396,168001396,89396,디에트르더힐(고산터널),서구,검단구,아라동,,37.6010525,126.7083410,valid_header_swapped,true
20260228,bus,bus:168001464,168001464,89464,디에트르더힐·이음고등학교,서구,검단구,아라동,,37.6009170,126.7097728,valid_header_swapped,true
20260228,bus,bus:168001455,168001455,89455,디에트르더힐·이음고등학교,서구,검단구,아라동,,37.6011287,126.7105659,valid_header_swapped,true
20260228,bus,bus:116000441,116000441,17725,디지털1단지,기타,기타,구로구,,37.4837525,126.8948844,outside_incheon_bounds,false
20260228,bus,bus:117000022,117000022,18108,"디지털3단지,월드벤처센터",기타,기타,금천구(가산동),,37.4788947,126.8793984,outside_incheon_bounds,false
20260228,bus,bus:117000024,117000024,18110,디지털3단지사거리,기타,기타,금천구(가산동),,37.4766823,126.8806211,outside_incheon_bounds,false
20260228,bus,bus:170000070,170000070,44070,떼뿌루해수욕장,옹진군,옹진군,덕적면,,,,missing,false
20260228,bus,bus:165000405,165000405,39405,뗏마루어린이공원·신화아파트,남동구,남동구,만수5동,,37.4568499,126.7301735,valid_header_swapped,true
20260228,bus,bus:169000470,169000470,43470,뚝배기이탈리아,강화군,강화군,화도면,,37.6031527,126.3984493,valid_header_swapped,true
20260228,bus,bus:169000524,169000524,43524,뚝배기이탈리아,강화군,강화군,화도면,,37.6031440,126.3986051,valid_header_swapped,true
20260228,bus,bus:165000996,165000996,39996,라이크홈기숙사앞,연수구,연수구,송도3동,,37.3666798,126.6553596,valid_header_swapped,true
20260228,bus,bus:165000993,165000993,39993,라이크홈기숙사앞,연수구,연수구,송도3동,,37.3659337,126.6535178,valid_header_swapped,true
20260228,bus,bus:165000994,165000994,39994,라이크홈기숙사앞,연수구,연수구,송도3동,,37.3657795,126.6538099,valid_header_swapped,true
20260228,bus,bus:165000995,165000995,39995,라이크홈기숙사앞,연수구,연수구,송도3동,,37.3672319,126.6556915,valid_header_swapped,true
20260228,bus,bus:161000070,161000070,35070,라이프쇼핑앞,중구,제물포구,연안동,,37.4547587,126.6033019,valid_header_swapped,true
20260228,bus,bus:161000062,161000062,35062,라이프아파트,중구,제물포구,연안동,,37.4523600,126.6045316,valid_header_swapped,true
20260228,bus,bus:161000060,161000060,35060,라이프아파트,중구,제물포구,연안동,,37.4522984,126.6041796,valid_header_swapped,true
20260228,bus,bus:121000920,121000920,22905,"래미안아파트,파이낸셜뉴스",기타,기타,서초2동,,37.4925166,127.0299305,outside_incheon_bounds,false
20260228,bus,bus:121000007,121000007,31072,래미안아파트파이낸셜뉴스,코드정보 없음,코드정보 없음,서초2동,,37.4916774,127.0303945,outside_incheon_bounds,false
20260228,bus,bus:121000008,121000008,32002,래미안아파트파이낸셜뉴스,코드정보 없음,코드정보 없음,역삼제1동,,37.4913483,127.0310696,outside_incheon_bounds,false
20260228,bus,bus:164000769,164000769,38767,랜드마크시티1호수변공원,연수구,연수구,송도5동,,37.4071663,126.6115641,valid_header_swapped,true
20260228,bus,bus:164000638,164000638,38636,랜드마크시티센트럴더샵,연수구,연수구,송도5동,,37.4158966,126.6232346,valid_header_swapped,true
20260228,bus,bus:164000667,164000667,38665,랜드마크시티센트럴더샵(106동),연수구,연수구,송도5동,,37.4145691,126.6191402,valid_header_swapped,true
20260228,bus,bus:164000668,164000668,38666,랜드마크시티센트럴더샵(106동),연수구,연수구,송도5동,,37.4143148,126.6192392,valid_header_swapped,true
20260228,bus,bus:164000647,164000647,38645,랜드마크시티센트럴더샵(203동),연수구,연수구,송도5동,,37.4146924,126.6228678,valid_header_swapped,true
20260228,bus,bus:164000652,164000652,38650,랜드마크시티센트럴더샵(203동),연수구,연수구,송도5동,,37.4148672,126.6227358,valid_header_swapped,true
20260228,bus,bus:164000115,164000115,38115,럭키아파트,연수구,연수구,옥련2동,,37.4236906,126.6432617,valid_header_swapped,true
20260228,bus,bus:164000132,164000132,38132,럭키아파트,연수구,연수구,옥련2동,,37.4254032,126.6426178,valid_header_swapped,true
20260228,bus,bus:168000840,168000840,42840,레이크파크,서구,서해구,청라2동,,37.5309182,126.6403476,valid_header_swapped,true
20260228,bus,bus:161000640,161000640,35640,레전드호텔,중구,영종구,영종동,,37.4902301,126.4948997,valid_header_swapped,true
20260228,bus,bus:161000639,161000639,35639,레전드호텔,중구,영종구,영종동,,37.4904161,126.4950584,valid_header_swapped,true
20260228,bus,bus:165001012,165001012,92012,레지던스라이크홈,연수구,연수구,송도3동,,37.3681732,126.6528263,valid_header_swapped,true
20260228,bus,bus:168001023,168001023,89023,로봇랜드입구,서구,서해구,청라3동,,37.5288529,126.6223442,valid_header_swapped,true
20260228,bus,bus:168001022,168001022,89022,로봇랜드입구,서구,서해구,청라3동,,37.5285577,126.6224458,valid_header_swapped,true
20260228,bus,bus:168001302,168001302,89302,로봇타워,서구,서해구,청라3동,,37.5201318,126.6125175,valid_header_swapped,true
20260228,bus,bus:168001301,168001301,89301,로봇타워,서구,서해구,청라3동,,37.5201727,126.6122992,valid_header_swapped,true
20260228,bus,bus:163000424,163000424,37424,로얄아파트,미추홀구,미추홀구,주안6동,,37.4635775,126.6931008,valid_header_swapped,true
20260228,bus,bus:163000247,163000247,37247,로얄아파트,미추홀구,미추홀구,주안8동,,37.4491531,126.6798710,valid_header_swapped,true
20260228,bus,bus:169000542,169000542,43542,로얄호텔,강화군,강화군,길상면,,37.6260829,126.4873056,valid_header_swapped,true
20260228,bus,bus:169000878,169000878,43878,로얄호텔,강화군,강화군,길상면,,37.6257902,126.4870146,valid_header_swapped,true
20260228,bus,bus:167000391,167000391,41391,롯데마트,계양구,계양구,계산4동,,37.5400168,126.7375973,valid_header_swapped,true
20260228,bus,bus:167000390,167000390,41390,롯데마트,계양구,계양구,계산4동,,37.5396471,126.7367769,valid_header_swapped,true
20260228,bus,bus:168001005,168001005,42838,롯데마트,서구,서해구,청라1동,,37.5301406,126.6503143,valid_header_swapped,true
20260228,bus,bus:161000108,161000108,35108,롯데마트,중구,영종구,운서동,,37.4931085,126.4905832,valid_header_swapped,true
20260228,bus,bus:168001004,168001004,42829,롯데마트,서구,서해구,청라2동,,37.5297292,126.6487617,valid_header_swapped,true
20260228,bus,bus:167000227,167000227,41227,롯데마트계양점(고용복지센터),계양구,계양구,계산4동,,37.5406748,126.7355006,valid_header_swapped,true
20260228,bus,bus:167000424,167000424,41424,롯데마트계양점(고용복지센터),계양구,계양구,계산3동,,37.5408287,126.7351274,valid_header_swapped,true
20260228,bus,bus:164000523,164000523,38523,롯데마트송도점,연수구,연수구,송도1동,,37.3887229,126.6428352,valid_header_swapped,true
20260228,bus,bus:115000617,115000617,25174,롯데몰.김포공항역,코드정보 없음,코드정보 없음,방화2동,,37.5624671,126.8029323,valid_header_swapped,false
20260228,bus,bus:165000588,165000588,39588,롯데백화점(인천터미널),남동구,남동구,구월3동,,37.4433618,126.7017421,valid_header_swapped,true
20260228,bus,bus:163000513,163000513,37513,롯데백화점(인천터미널),미추홀구,미추홀구,관교동,,37.4431930,126.7016916,valid_header_swapped,true
20260228,bus,bus:164000074,164000074,38074,롯데슈퍼,연수구,연수구,동춘3동,,37.4071286,126.6740060,valid_header_swapped,true
20260228,bus,bus:164000072,164000072,38072,롯데슈퍼,연수구,연수구,동춘2동,,37.4072761,126.6732931,valid_header_swapped,true
20260228,bus,bus:164000110,164000110,38110,롯데아파트,연수구,연수구,동춘1동,,37.4127504,126.6744993,valid_header_swapped,true
20260228,bus,bus:163000327,163000327,37327,롯데월드타워,미추홀구,미추홀구,도화1동,,37.4600370,126.6727010,valid_header_swapped,true
20260228,bus,bus:165000795,165000795,39795,롯데캐슬,연수구,연수구,송도3동,,37.3877831,126.6684220,valid_header_swapped,true
20260228,bus,bus:165000797,165000797,39797,롯데캐슬,연수구,연수구,송도3동,,37.3853139,126.6673788,valid_header_swapped,true
20260228,bus,bus:168000999,168000999,42999,롯데캐슬,서구,서해구,청라2동,,37.5301023,126.6463229,valid_header_swapped,true
20260228,bus,bus:168000835,168000835,42835,롯데캐슬,서구,서해구,청라2동,,37.5310347,126.6493179,valid_header_swapped,true
20260228,bus,bus:165000798,165000798,39798,롯데캐슬,연수구,연수구,송도3동,,37.3853729,126.6677283,valid_header_swapped,true
20260228,bus,bus:165000796,165000796,39796,롯데캐슬,연수구,연수구,송도3동,,37.3878490,126.6680049,valid_header_swapped,true
20260228,bus,bus:168000884,168000884,42884,롯데캐슬,서구,서해구,청라2동,,37.5301158,126.6483909,valid_header_swapped,true
20260228,bus,bus:165000309,165000309,39309,롯데캐슬.모래내시장.구월시장,남동구,남동구,구월2동,,37.4534834,126.7189154,valid_header_swapped,true
20260228,bus,bus:165000310,165000310,39310,롯데캐슬·모래내시장·구월시장,남동구,남동구,구월2동,,37.4534643,126.7193079,valid_header_swapped,true
20260228,bus,bus:165000977,165000977,39977,롯데캐슬캠퍼스타운,연수구,연수구,송도3동,,37.3866624,126.6655879,valid_header_swapped,true
20260228,bus,bus:165000978,165000978,39978,롯데캐슬캠퍼스타운,연수구,연수구,송도3동,,37.3867851,126.6653814,valid_header_swapped,true
20260228,bus,bus:165000285,165000285,39285,롯데캐슬후문,남동구,남동구,구월2동,,37.4525904,126.7153101,valid_header_swapped,true
20260228,bus,bus:168001283,168001283,89283,루에블리아파트,서구,서해구,가정1동,,37.5232505,126.6691233,valid_header_swapped,true
20260228,bus,bus:168001108,168001108,89108,루원더퍼스트아파트,서구,서해구,가정1동,,37.5330762,126.6653647,valid_header_swapped,true
20260228,bus,bus:168001107,168001107,89107,루원더퍼스트아파트,서구,서해구,가정1동,,37.5333319,126.6653443,valid_header_swapped,true
20260228,bus,bus:168001378,168001378,89378,루원더퍼스트아파트105동앞,서구,서해구,가정1동,,37.5349635,126.6632410,valid_header_swapped,true
20260228,bus,bus:168000234,168000234,42234,루원린스트라우스더린시티,서구,서해구,가정1동,,37.5204585,126.6772760,valid_header_swapped,true
20260228,bus,bus:168001383,168001383,89383,루원숲속마을,서구,서해구,가정1동,,37.5343628,126.6696706,valid_header_swapped,true
20260228,bus,bus:168001384,168001384,89384,루원숲속마을,서구,서해구,가정1동,,37.5343324,126.6693746,valid_header_swapped,true
20260228,bus,bus:168001284,168001284,89284,루원시티1차SK리더스뷰아파트,서구,서해구,가정1동,,37.5233402,126.6693447,valid_header_swapped,true
20260228,bus,bus:168001568,168001568,89568,루원시티2차리더스뷰(서측),서구,서해구,가정2동,,,,missing,false
20260228,bus,bus:168001072,168001072,89072,루원시티2차리더스뷰아파트,서구,서해구,가정2동,,37.5243070,126.6805275,valid_header_swapped,true
20260228,bus,bus:168001569,168001569,89569,루원시티대성베르힐2차,서구,서해구,가정2동,,,,missing,false
20260228,bus,bus:168001076,168001076,89076,루원시티사거리,서구,서해구,가정2동,,37.5255890,126.6775202,valid_header_swapped,true
20260228,bus,bus:168001077,168001077,89077,루원시티사거리,서구,서해구,가정2동,,37.5267603,126.6768323,valid_header_swapped,true
20260228,bus,bus:168001185,168001185,89185,루원시티어울림아파트,서구,서해구,가정1동,,37.5330868,126.6677381,valid_header_swapped,true
20260228,bus,bus:168001184,168001184,89184,루원시티어울림아파트,서구,서해구,가정1동,,37.5332981,126.6670340,valid_header_swapped,true
20260228,bus,bus:168001150,168001150,89150,루원시티프라디움,서구,서해구,가정1동,,37.5274555,126.6683209,valid_header_swapped,true
20260228,bus,bus:168001308,168001308,89308,루원시티프라디움105동,서구,서해구,가정1동,,37.5266792,126.6691926,valid_header_swapped,true
20260228,bus,bus:168001309,168001309,89309,루원시티프라디움105동,서구,서해구,가정1동,,37.5257953,126.6694510,valid_header_swapped,true
20260228,bus,bus:168000225,168000225,42225,루원이편한세상하늘채(107동),서구,서해구,신현원창동,,37.5213484,126.6730955,valid_header_swapped,true
20260228,bus,bus:168000721,168000721,42721,루원이편한세상하늘채(112동),서구,서해구,신현원창동,,37.5216583,126.6692094,valid_header_swapped,true
20260228,bus,bus:168000216,168000216,42216,루원이편한세상하늘채(125동),서구,서해구,신현원창동,,37.5194564,126.6690992,valid_header_swapped,true
20260228,bus,bus:168001040,168001040,89040,루원제일풍경채정문앞,서구,서해구,가정1동,,37.5310837,126.6660558,valid_header_swapped,true
20260228,bus,bus:168001493,168001493,89493,루원중학교,서구,서해구,가정동,,37.5316838,126.6693111,valid_header_swapped,true
20260228,bus,bus:168001494,168001494,89494,루원중학교,서구,서해구,가정동,,37.5316887,126.6696200,valid_header_swapped,true
20260228,bus,bus:168000228,168000228,42228,루원지웰시티푸르지오,서구,서해구,가정1동,,37.5218427,126.6733945,valid_header_swapped,true
20260228,bus,bus:168001149,168001149,89149,루원호반베르디움,서구,서해구,가정1동,,37.5275727,126.6676678,valid_header_swapped,true
20260228,bus,bus:168001368,168001368,89368,루원호반베르디움104동,서구,서해구,가정1동,,37.5281324,126.6691821,valid_header_swapped,true
20260228,bus,bus:169001177,169001177,90177,리안월드입구,강화군,강화군,삼산면,,37.6669900,126.3559200,valid_header_swapped,true
20260228,bus,bus:169001178,169001178,90178,리안월드입구,강화군,강화군,삼산면,,37.6669861,126.3561707,valid_header_swapped,true
20260228,bus,bus:165000034,165000034,39034,리튬코리아,남동구,남동구,논현고잔동,,37.3965679,126.6937648,valid_header_swapped,true
20260228,bus,bus:166000011,166000011,40011,린나이코리아,부평구,부평구,십정1동,,37.4733419,126.6880537,valid_header_swapped,true
20260228,bus,bus:166000012,166000012,40012,린나이코리아,부평구,부평구,십정1동,,37.4737320,126.6877961,valid_header_swapped,true
20260228,bus,bus:168000831,168000831,42831,린스트라우스,서구,서해구,청라1동,,37.5351571,126.6500118,valid_header_swapped,true
20260228,bus,bus:168000881,168000881,42881,린스트라우스,서구,서해구,청라1동,,37.5359260,126.6509046,valid_header_swapped,true
20260228,bus,bus:168000795,168000795,42795,린스트라우스정문,서구,서해구,청라1동,,37.5347248,126.6531951,valid_header_swapped,true
20260228,bus,bus:115000898,115000898,16396,마곡나루역1번출구,기타,기타,마곡동,,37.5667537,126.8257940,valid_header_swapped,false
20260228,bus,bus:115000937,115000937,16386,마곡나루역5번출구.서울식물원,기타,기타,마곡동,,37.5654156,126.8275056,valid_header_swapped,false
20260228,bus,bus:115000923,115000923,16021,마곡동로사거리(중),기타,기타,서울시,,37.5590453,126.8339440,valid_header_swapped,false
20260228,bus,bus:115000922,115000922,16022,마곡동로사거리(중),기타,기타,서울시,,37.5590561,126.8325653,valid_header_swapped,false
20260228,bus,bus:115000895,115000895,16018,마곡역(중),기타,기타,서울시,,37.5596711,126.8275292,valid_header_swapped,false
20260228,bus,bus:115000896,115000896,16019,마곡역(중),기타,기타,서울시,,37.5596560,126.8262080,valid_header_swapped,false
20260228,bus,bus:115900256,115900256,16621,마곡역2번출구,기타,기타,마곡동,,37.5599691,126.8259192,valid_header_swapped,false
20260228,bus,bus:169000028,169000028,43028,마그네,강화군,강화군,길상면,,37.6505376,126.4925801,valid_header_swapped,true
20260228,bus,bus:169000158,169000158,43158,마그네다리,강화군,강화군,길상면,,37.6502410,126.4924227,valid_header_swapped,true
20260228,bus,bus:169000900,169000900,43900,마그네다리,강화군,강화군,길상면,,37.6502590,126.4926134,valid_header_swapped,true
20260228,bus,bus:169000030,169000030,43030,마그네사거리,강화군,강화군,길상면,,37.6540742,126.4927467,valid_header_swapped,true
20260228,bus,bus:169000029,169000029,43029,마그네사거리,강화군,강화군,길상면,,37.6538342,126.4929663,valid_header_swapped,true
20260228,bus,bus:168001496,168001496,89496,마니교통차고지,서구,서해구,원창동,,37.5180962,126.6514574,valid_header_swapped,true
20260228,bus,bus:169000443,169000443,43443,마니산상회,강화군,강화군,화도면,,37.6039698,126.4256386,valid_header_swapped,true
20260228,bus,bus:169000417,169000417,43417,마니산상회,강화군,강화군,화도면,,37.6039861,126.4252954,valid_header_swapped,true
20260228,bus,bus:169000102,169000102,43102,마니산입구,강화군,강화군,화도면,,37.6339373,126.4228297,valid_header_swapped,true
20260228,bus,bus:169000103,169000103,43103,마니산입구,강화군,강화군,화도면,,37.6339056,126.4232706,valid_header_swapped,true
20260228,bus,bus:161000681,161000681,35681,마당개,중구,영종구,영종동,,37.5099987,126.5468060,valid_header_swapped,true
20260228,bus,bus:161000697,161000697,35697,마당개,중구,영종구,영종동,,37.5100253,126.5467029,valid_header_swapped,true
20260228,bus,bus:224000094,224000094,70029,마린월드,코드정보 없음,코드정보 없음,군자동,,37.3875603,126.7414606,valid_header_swapped,false
20260228,bus,bus:169000747,169000747,43747,마미,강화군,강화군,양사면,,37.8101799,126.4053007,valid_header_swapped,true
20260228,bus,bus:169000765,169000765,43765,마미,강화군,강화군,양사면,,37.8100931,126.4054583,valid_header_swapped,true
20260228,bus,bus:232000781,232000781,35685,마산역,계양구,계양구,장기동,,,,missing,false
20260228,bus,bus:232000777,232000777,35684,마산역,계양구,계양구,장기동,,,,missing,false
20260228,bus,bus:232000379,232000379,80132,마송,코드정보 없음,코드정보 없음,통진읍,,37.6898921,126.6005984,valid_header_swapped,false
20260228,bus,bus:232000408,232000408,80131,마송,코드정보 없음,코드정보 없음,통진읍,,37.6902757,126.6002545,valid_header_swapped,false
20260228,bus,bus:161000424,161000424,35424,마시란,중구,영종구,용유동,,37.4402726,126.4187165,valid_header_swapped,true
20260228,bus,bus:161000425,161000425,35425,마시란,중구,영종구,용유동,,37.4398889,126.4188672,valid_header_swapped,true
20260228,bus,bus:161000262,161000262,35262,마시란해변(슈퍼앞),중구,영종구,용유동,,37.4359512,126.4142091,valid_header_swapped,true
20260228,bus,bus:161000263,161000263,35263,마시란해변(슈퍼앞),중구,영종구,용유동,,37.4355737,126.4144342,valid_header_swapped,true
20260228,bus,bus:161000260,161000260,35260,마시란해변(전주집),중구,영종구,용유동,,37.4389408,126.4090110,valid_header_swapped,true
20260228,bus,bus:161000261,161000261,35261,마시란해변(전주집),중구,영종구,용유동,,37.4386742,126.4093776,valid_header_swapped,true
20260228,bus,bus:161000213,161000213,35213,마시란해변승마장,중구,영종구,용유동,,37.4317863,126.4174920,valid_header_swapped,true
20260228,bus,bus:161000212,161000212,35212,마시란해변승마장,중구,영종구,용유동,,37.4317404,126.4174577,valid_header_swapped,true
20260228,bus,bus:161000936,161000936,35936,마시안갯벌체험장,중구,영종구,용유동,,37.4317139,126.4176823,valid_header_swapped,true
20260228,bus,bus:161000937,161000937,35937,마시안갯벌체험장,중구,영종구,용유동,,37.4316296,126.4177120,valid_header_swapped,true
20260228,bus,bus:166000528,166000528,40528,마을금고,부평구,부평구,청천2동,,37.5165845,126.7044104,valid_header_swapped,true
20260228,bus,bus:169000773,169000773,43773,마을회관,강화군,강화군,선원면,,37.7317651,126.4976171,valid_header_swapped,true
20260228,bus,bus:169000314,169000314,43314,마을회관,강화군,강화군,선원면,,37.7318899,126.4973738,valid_header_swapped,true
20260228,bus,bus:161000024,161000024,35024,마을회관입구,중구,영종구,용유동,,37.4611231,126.3718466,valid_header_swapped,true
20260228,bus,bus:161000402,161000402,35402,마을회관입구,중구,영종구,용유동,,37.4610495,126.3716864,valid_header_swapped,true
20260228,bus,bus:166000286,166000286,40286,마장공원,부평구,부평구,산곡2동,,37.5012029,126.7070633,valid_header_swapped,true
20260228,bus,bus:161000677,161000677,35677,마장포고개,중구,영종구,영종동,,37.5061112,126.5558968,valid_header_swapped,true
20260228,bus,bus:161000701,161000701,35701,마장포고개,중구,영종구,영종동,,37.5061204,126.5557734,valid_header_swapped,true
20260228,bus,bus:161000699,161000699,35699,마장포삼거리,중구,영종구,영종동,,37.5084724,126.5521191,valid_header_swapped,true
20260228,bus,bus:161000679,161000679,35679,마장포삼거리,중구,영종구,영종동,,37.5085382,126.5521182,valid_header_swapped,true
20260228,bus,bus:161000698,161000698,35698,마장포입구,중구,영종구,영종동,,37.5092442,126.5493373,valid_header_swapped,true
20260228,bus,bus:161000680,161000680,35680,마장포입구,중구,영종구,영종동,,37.5093010,126.5493479,valid_header_swapped,true
20260228,bus,bus:168000753,168000753,42753,마전고등학교,서구,검단구,마전동,,37.6110475,126.6650144,valid_header_swapped,true
20260228,bus,bus:168000752,168000752,42752,마전고등학교,서구,검단구,검단1동,,37.6114217,126.6646123,valid_header_swapped,true
20260228,bus,bus:168000412,168000412,42412,마전역,서구,검단구,마전동,,37.5980990,126.6664538,valid_header_swapped,true
20260228,bus,bus:168000413,168000413,42413,마전역,서구,검단구,마전동,,37.5978126,126.6672030,valid_header_swapped,true
20260228,bus,bus:168001322,168001322,89322,마전주공아파트,서구,검단구,오류왕길동,,37.6041537,126.6487391,valid_header_swapped,true
20260228,bus,bus:168000420,168000420,42420,마전주공아파트,서구,검단구,검단1동,,37.6043372,126.6486882,valid_header_swapped,true
20260228,bus,bus:168000481,168000481,42481,마전지구대원아파트,서구,검단구,검단1동,,37.6118668,126.6623189,valid_header_swapped,true
20260228,bus,bus:168001446,168001446,89446,마전지구대원아파트,서구,검단구,검단동,,37.6120453,126.6623127,valid_header_swapped,true
20260228,bus,bus:168001345,168001345,89345,마전지구버스차고지,서구,검단구,검단1동,,37.6147582,126.6559400,valid_header_swapped,true
20260228,bus,bus:168001259,168001259,89259,마전지구버스차고지,서구,검단구,검단1동,,37.6145696,126.6559288,valid_header_swapped,true
20260228,bus,bus:168000408,168000408,42408,마전초등학교,서구,검단구,마전동,,37.5960419,126.6693967,valid_header_swapped,true
20260228,bus,bus:113000004,113000004,23004,마포역,코드정보 없음,코드정보 없음,도화제2동,,37.5402964,126.9467185,outside_incheon_bounds,false
20260228,bus,bus:113000002,113000002,14002,마포역,기타,기타,마포구,,37.5402406,126.9466090,outside_incheon_bounds,false
20260228,bus,bus:113000052,113000052,23052,마포역,코드정보 없음,코드정보 없음,도화동,,37.5409446,126.9479365,outside_incheon_bounds,false
20260228,bus,bus:113000001,113000001,14001,마포역,코드정보 없음,코드정보 없음,마포구,,37.5408885,126.9478621,outside_incheon_bounds,false
20260228,bus,bus:169000776,169000776,43776,막촌,강화군,강화군,하점면,,37.7683265,126.3582091,valid_header_swapped,true
20260228,bus,bus:169000460,169000460,43460,막촌,강화군,강화군,하점면,,37.7682482,126.3581118,valid_header_swapped,true
20260228,bus,bus:162000046,162000046,36046,만석동행정복지센터,동구,제물포구,만석동,,37.4834267,126.6254280,valid_header_swapped,true
20260228,bus,bus:162000076,162000076,36076,만석부두,동구,제물포구,만석동,,37.4876553,126.6223421,valid_header_swapped,true
20260228,bus,bus:162000079,162000079,36079,만석부두,동구,제물포구,만석동,,37.4879030,126.6219522,valid_header_swapped,true
20260228,bus,bus:162000126,162000126,36126,만석비치타운,동구,제물포구,만석동,,37.4838675,126.6191586,valid_header_swapped,true
20260228,bus,bus:162000106,162000106,36106,만석비치타운,동구,제물포구,만석동,,37.4853823,126.6231699,valid_header_swapped,true
20260228,bus,bus:162000186,162000186,36186,만석삼거리,동구,제물포구,만석동,,37.4851006,126.6236537,valid_header_swapped,true
20260228,bus,bus:162000185,162000185,36185,만석삼거리,동구,제물포구,만석동,,37.4847519,126.6233726,valid_header_swapped,true
20260228,bus,bus:162000057,162000057,36057,만석주공,동구,제물포구,만석동,,37.4858008,126.6224823,valid_header_swapped,true
20260228,bus,bus:162000187,162000187,36187,만석초등학교,동구,제물포구,만석동,,37.4845765,126.6275481,valid_header_swapped,true
20260228,bus,bus:162000056,162000056,36056,만석초등학교,동구,제물포구,만석동,,37.4841870,126.6270673,valid_header_swapped,true
20260228,bus,bus:165000294,165000294,39294,만수1동행정복지센터,남동구,남동구,만수1동,,37.4485922,126.7321311,valid_header_swapped,true
20260228,bus,bus:165000731,165000731,39731,만수2동행정복지센터·포레시안,남동구,남동구,만수2동,,37.4618124,126.7317792,valid_header_swapped,true
20260228,bus,bus:165000735,165000735,39735,만수2동행정복지센터·포레시안,남동구,남동구,만수2동,,37.4615666,126.7318179,valid_header_swapped,true
20260228,bus,bus:165000545,165000545,39545,만수3동주민센터,남동구,남동구,만수3동,,37.4618046,126.7233802,valid_header_swapped,true
20260228,bus,bus:165000544,165000544,39544,만수3동주민센터,남동구,남동구,만수3동,,37.4617518,126.7232752,valid_header_swapped,true
20260228,bus,bus:165000427,165000427,39427,만수3동주민센터,남동구,남동구,만수3동,,37.4607018,126.7228614,valid_header_swapped,true
20260228,bus,bus:165000425,165000425,39425,만수3동주민센터,남동구,남동구,만수5동,,37.4603725,126.7230263,valid_header_swapped,true
20260228,bus,bus:165000452,165000452,39452,만수4동주민센터,남동구,남동구,만수3동,,37.4594756,126.7350615,valid_header_swapped,true
20260228,bus,bus:165000454,165000454,39454,만수4동주민센터,남동구,남동구,만수3동,,37.4596862,126.7350807,valid_header_swapped,true
20260228,bus,bus:165000277,165000277,39277,만수6동주민센터입구,남동구,남동구,만수6동,,37.4446548,126.7386828,valid_header_swapped,true
20260228,bus,bus:165000635,165000635,39635,만수7.8단지앞,남동구,남동구,만수1동,,37.4514347,126.7388672,valid_header_swapped,true
20260228,bus,bus:165000497,165000497,39497,만수7.8단지앞,남동구,남동구,만수3동,,37.4516723,126.7392454,valid_header_swapped,true
20260228,bus,bus:165000455,165000455,39455,만수근린공원,남동구,남동구,만수3동,,37.4588393,126.7368661,valid_header_swapped,true
20260228,bus,bus:165000469,165000469,39469,만수북중학교,남동구,남동구,만수3동,,37.4611424,126.7381245,valid_header_swapped,true
20260228,bus,bus:165000468,165000468,39468,만수북중학교,남동구,남동구,만수3동,,37.4611222,126.7379082,valid_header_swapped,true
20260228,bus,bus:165000420,165000420,39420,만수북초등학교,남동구,남동구,만수2동,,37.4585296,126.7283049,valid_header_swapped,true
20260228,bus,bus:168001544,168001544,89544,만수산입구,서구,검단구,불로동,,37.6107491,126.6795560,valid_header_swapped,true
20260228,bus,bus:165000433,165000433,39433,만수소방서,남동구,남동구,만수3동,,37.4600094,126.7261502,valid_header_swapped,true
20260228,bus,bus:165000428,165000428,39428,만수소방서,남동구,남동구,만수5동,,37.4595539,126.7262607,valid_header_swapped,true
20260228,bus,bus:165000485,165000485,39485,만수신동아아파트·동인천고,남동구,남동구,만수3동,,37.4659691,126.7365946,valid_header_swapped,true
20260228,bus,bus:165000578,165000578,39578,만수신동아아파트·동인천고,남동구,남동구,만수3동,,37.4658501,126.7365879,valid_header_swapped,true
20260228,bus,bus:165000388,165000388,39388,만수역,남동구,남동구,만수5동,,37.4551510,126.7313287,valid_header_swapped,true
20260228,bus,bus:165000385,165000385,39385,만수역,남동구,남동구,만수3동,,37.4548980,126.7315066,valid_header_swapped,true
20260228,bus,bus:165000592,165000592,39592,만수종합시장,남동구,남동구,만수4동,,37.4600568,126.7333615,valid_header_swapped,true
20260228,bus,bus:165000451,165000451,39451,만수종합시장,남동구,남동구,만수3동,,37.4600790,126.7329948,valid_header_swapped,true
20260228,bus,bus:165000401,165000401,39401,만수주공1단지,남동구,남동구,만수4동,,37.4562473,126.7316980,valid_header_swapped,true
20260228,bus,bus:165000431,165000431,39431,만수주공320동앞,남동구,남동구,만수3동,,37.4566755,126.7358497,valid_header_swapped,true
20260228,bus,bus:165000443,165000443,39443,만수주공4단지,남동구,남동구,만수3동,,37.4574305,126.7361314,valid_header_swapped,true
20260228,bus,bus:165000440,165000440,39440,만수주공4단지,남동구,남동구,만수4동,,37.4573326,126.7358676,valid_header_swapped,true
20260228,bus,bus:165000408,165000408,39408,만수주공정문,남동구,남동구,만수4동,,37.4556905,126.7343547,valid_header_swapped,true
20260228,bus,bus:165000410,165000410,39410,만수주공정문,남동구,남동구,만수4동,,37.4558306,126.7342230,valid_header_swapped,true
20260228,bus,bus:165000435,165000435,39435,만수주공후문,남동구,남동구,만수3동,,37.4585107,126.7309297,valid_header_swapped,true
20260228,bus,bus:165000438,165000438,39438,만수주공후문,남동구,남동구,만수3동,,37.4587676,126.7309693,valid_header_swapped,true
20260228,bus,bus:165000400,165000400,39400,만수중(대토단지),남동구,남동구,만수3동,,37.4542779,126.7374038,valid_header_swapped,true
20260228,bus,bus:165000745,165000745,39745,만수중학교후문,남동구,남동구,만수4동,,37.4549920,126.7373499,valid_header_swapped,true
20260228,bus,bus:165000303,165000303,39303,만수초등학교,남동구,남동구,만수3동,,37.4481164,126.7348424,valid_header_swapped,true
20260228,bus,bus:165000307,165000307,39307,만수초등학교,남동구,남동구,만수3동,,37.4484369,126.7350159,valid_header_swapped,true
20260228,bus,bus:165001065,165001065,92065,만월종합사회복지관,남동구,남동구,만수3동,,37.4639689,126.7256335,valid_header_swapped,true
20260228,bus,bus:165000962,165000962,39962,만월중학교,남동구,남동구,장수서창동,,37.4261332,126.7515892,valid_header_swapped,true
20260228,bus,bus:165000963,165000963,39963,만월중학교,남동구,남동구,장수서창동,,37.4261319,126.7513880,valid_header_swapped,true
20260228,bus,bus:165000666,165000666,39666,만의골입구,남동구,남동구,장수서창동,,37.4452189,126.7638615,valid_header_swapped,true
20260228,bus,bus:165000672,165000672,39672,만의골입구,남동구,남동구,장수서창동,,37.4453713,126.7637232,valid_header_swapped,true
20260228,bus,bus:161000696,161000696,35696,만정낚시터,중구,영종구,영종동,,37.5131091,126.5475280,valid_header_swapped,true
20260228,bus,bus:161000682,161000682,35682,만정낚시터,중구,영종구,영종동,,37.5131839,126.5475270,valid_header_swapped,true
20260228,bus,bus:161000695,161000695,35695,만정낚시터입구,중구,영종구,영종동,,37.5130609,126.5428472,valid_header_swapped,true
20260228,bus,bus:161000683,161000683,35683,만정낚시터입구,중구,영종구,영종동,,37.5131874,126.5428815,valid_header_swapped,true
20260228,bus,bus:121000215,121000215,22291,말죽거리공원사거리,기타,기타,서초구,,37.4790239,127.0381296,outside_incheon_bounds,false
20260228,bus,bus:121000002,121000002,31005,말죽거리공원사거리(중),코드정보 없음,코드정보 없음,양재제1동,,37.4775906,127.0387797,outside_incheon_bounds,false
20260228,bus,bus:169001225,169001225,90225,망양돈대,강화군,강화군,내가면,,37.7018822,126.3740367,valid_header_swapped,true
20260228,bus,bus:169001224,169001224,90224,망양돈대,강화군,강화군,내가면,,37.7021669,126.3733659,valid_header_swapped,true
20260228,bus,bus:169000580,169000580,43580,망월3리,강화군,강화군,하점면,,37.7492822,126.3655443,valid_header_swapped,true
20260228,bus,bus:169000332,169000332,43332,망월3리,강화군,강화군,하점면,,37.7493145,126.3657534,valid_header_swapped,true
20260228,bus,bus:169000117,169000117,43117,망월입구,강화군,강화군,하점면,,37.7475127,126.3875981,valid_header_swapped,true
20260228,bus,bus:169000576,169000576,43576,망월입구,강화군,강화군,하점면,,37.7474467,126.3878088,valid_header_swapped,true
20260228,bus,bus:169000790,169000790,43790,망월입구,강화군,강화군,하점면,,37.7474382,126.3876763,valid_header_swapped,true
20260228,bus,bus:169000788,169000788,43788,망월종점,강화군,강화군,하점면,,37.7472141,126.3648684,valid_header_swapped,true
20260228,bus,bus:232000813,232000813,35725,매수리마을,기타,기타,김포시,,37.6905388,126.5943771,valid_header_swapped,false
20260228,bus,bus:169001173,169001173,90173,매음1리마을회관,강화군,강화군,삼산면,,37.6674677,126.3487923,valid_header_swapped,true
20260228,bus,bus:169001174,169001174,90174,매음1리마을회관,강화군,강화군,삼산면,,37.6674134,126.3487693,valid_header_swapped,true
20260228,bus,bus:169001321,169001321,90321,매음3리마을회관(민머루),강화군,강화군,삼산면,,37.6545707,126.3386380,valid_header_swapped,true
20260228,bus,bus:169001322,169001322,90322,매음3리마을회관(민머루),강화군,강화군,삼산면,,37.6545753,126.3387433,valid_header_swapped,true
20260228,bus,bus:169000837,169000837,43837,매제미고개,강화군,강화군,양사면,,37.7915375,126.3762799,valid_header_swapped,true
20260228,bus,bus:169000988,169000988,43988,매제미고개,강화군,강화군,양사면,,37.7913594,126.3764560,valid_header_swapped,true
20260228,bus,bus:121000221,121000221,31003,매헌시민의숲.양재꽃시장,코드정보 없음,코드정보 없음,양재제2동,,37.4714820,127.0390038,outside_incheon_bounds,false
20260228,bus,bus:121000220,121000220,31002,매헌시민의숲.양재꽃시장,코드정보 없음,코드정보 없음,양재제2동,,37.4708004,127.0384912,outside_incheon_bounds,false
20260228,bus,bus:164000114,164000114,38114,먼우금사거리,연수구,연수구,동춘3동,,37.4130279,126.6758931,valid_header_swapped,true
20260228,bus,bus:164000021,164000021,38021,먼우금초등학교,연수구,연수구,송도1동,,37.3928824,126.6527893,valid_header_swapped,true
20260228,bus,bus:168000747,168000747,42747,메이루즈커낼파크뷰,서구,서해구,청라1동,,37.5362839,126.6540500,valid_header_swapped,true
20260228,bus,bus:168000762,168000762,42762,메이루즈커낼파크뷰,서구,서해구,청라1동,,37.5359704,126.6539539,valid_header_swapped,true
20260228,bus,bus:168000794,168000794,42794,메이루즈커낼파크뷰정문,서구,서해구,청라1동,,37.5348598,126.6534277,valid_header_swapped,true
20260228,bus,bus:169000302,169000302,43302,메제미,강화군,강화군,불은면,,37.7112250,126.4526608,valid_header_swapped,true
20260228,bus,bus:169000598,169000598,43598,메제미,강화군,강화군,불은면,,37.7113823,126.4526098,valid_header_swapped,true
20260228,bus,bus:170000072,170000072,44072,면사무소삼거리,옹진군,옹진군,덕적면,,,,missing,false
20260228,bus,bus:169001019,169001019,90019,면사무소입구,강화군,강화군,교동면,,37.7850341,126.2819639,valid_header_swapped,true
20260228,bus,bus:169001018,169001018,90018,면사무소입구,강화군,강화군,교동면,,37.7849229,126.2815603,valid_header_swapped,true
20260228,bus,bus:165000006,165000006,39006,면허시험장,남동구,남동구,논현고잔동,,37.3838217,126.7073939,valid_header_swapped,true
20260228,bus,bus:163000553,163000553,37553,명가빌라(회차),미추홀구,미추홀구,주안2동,,37.4569033,126.6674490,valid_header_swapped,true
20260228,bus,bus:169000984,169000984,43984,명보주택앞,강화군,강화군,양사면,,37.8068544,126.4251604,valid_header_swapped,true
20260228,bus,bus:169000979,169000979,43979,명보주택앞,강화군,강화군,양사면,,37.8067159,126.4249136,valid_header_swapped,true
20260228,bus,bus:166000289,166000289,40289,명신여자고등학교,부평구,부평구,산곡1동,,37.5047546,126.6957868,valid_header_swapped,true
20260228,bus,bus:166000291,166000291,40291,명신여자고등학교,부평구,부평구,산곡1동,,37.5048727,126.6966506,valid_header_swapped,true
20260228,bus,bus:169000394,169000394,43394,명신초등학교,강화군,강화군,하점면,,37.7445241,126.3894646,valid_header_swapped,true
20260228,bus,bus:169000803,169000803,43803,명신초등학교,강화군,강화군,하점면,,37.7444960,126.3893079,valid_header_swapped,true
20260228,bus,bus:169000323,169000323,43323,명진부페,강화군,강화군,강화읍,,37.7303573,126.4753306,valid_header_swapped,true
20260228,bus,bus:169000632,169000632,43632,명진부페,강화군,강화군,강화읍,,37.7302945,126.4754316,valid_header_swapped,true
20260228,bus,bus:167000405,167000405,41405,명현중학교,계양구,계양구,효성1동,,37.5307465,126.7119552,valid_header_swapped,true
20260228,bus,bus:167000559,167000559,41559,명현초등학교,계양구,계양구,효성1동,,37.5303020,126.7099792,valid_header_swapped,true
20260228,bus,bus:167000560,167000560,41560,명현초등학교,계양구,계양구,효성1동,,37.5304419,126.7121049,valid_header_swapped,true
20260228,bus,bus:167000069,167000069,41069,명현초등학교(효성지구대),계양구,계양구,효성1동,,37.5324501,126.7138562,valid_header_swapped,true
20260228,bus,bus:168001190,168001190,89190,모다아울렛,서구,서해구,신현원창동,,37.5104771,126.6483959,valid_header_swapped,true
20260228,bus,bus:170000211,170000211,44211,모도리 소공원,옹진군,옹진군,북도면,,,,missing,false
20260228,bus,bus:165000295,165000295,39295,모래내시장,남동구,남동구,구월4동,,37.4520955,126.7209008,valid_header_swapped,true
20260228,bus,bus:165000350,165000350,39350,모래내시장,남동구,남동구,만수3동,,37.4558708,126.7221379,valid_header_swapped,true
20260228,bus,bus:165000298,165000298,39298,모래내시장,남동구,남동구,구월4동,,37.4522005,126.7211012,valid_header_swapped,true
20260228,bus,bus:165000344,165000344,39344,모래내시장,남동구,남동구,구월2동,,37.4556613,126.7219917,valid_header_swapped,true
20260228,bus,bus:165000338,165000338,39338,모래내시장역(1번출구),남동구,남동구,구월2동,,37.4561031,126.7185780,valid_header_swapped,true
20260228,bus,bus:165000909,165000909,39909,모래내시장역(2번출구),남동구,남동구,구월2동,,37.4559767,126.7204435,valid_header_swapped,true
20260228,bus,bus:165000339,165000339,39339,모래내시장역(3번출구),남동구,남동구,구월4동,,37.4557112,126.7204296,valid_header_swapped,true
20260228,bus,bus:165000335,165000335,39335,모래내시장역(4번출구),남동구,남동구,구월2동,,37.4559380,126.7177832,valid_header_swapped,true
20260228,bus,bus:168001229,168001229,89229,모래방죽사거리,서구,서해구,가좌1동,,37.4980899,126.6611254,valid_header_swapped,true
20260228,bus,bus:168001228,168001228,89228,모래방죽사거리,서구,서해구,가좌1동,,37.4980938,126.6616039,valid_header_swapped,true
20260228,bus,bus:169001255,169001255,90255,모름말,강화군,강화군,송해면,,37.7920161,126.4536029,valid_header_swapped,true
20260228,bus,bus:169001311,169001311,90311,모름말,강화군,강화군,송해면,,37.7920799,126.4535643,valid_header_swapped,true
20260228,bus,bus:169001304,169001304,90304,모리부락입구,강화군,강화군,교동면,,37.7672884,126.2402981,valid_header_swapped,true
20260228,bus,bus:224000298,224000298,70033,모아아파트,코드정보 없음,코드정보 없음,정왕4동,,37.3629119,126.7307239,valid_header_swapped,false
20260228,bus,bus:224000294,224000294,70034,모아아파트.세종프라자,코드정보 없음,코드정보 없음,정왕4동,,37.3626833,126.7303348,valid_header_swapped,false
20260228,bus,bus:169000659,169000659,43659,모현,강화군,강화군,하점면,,37.7679763,126.3854623,valid_header_swapped,true
20260228,bus,bus:169000689,169000689,43689,모현,강화군,강화군,하점면,,37.7677249,126.3854227,valid_header_swapped,true
20260228,bus,bus:277103206,277103206,70226,목감IC진입(미정차),코드정보 없음,코드정보 없음,목감동,,37.3963663,126.8689276,outside_incheon_bounds,false
20260228,bus,bus:277103207,277103207,70227,목감IC출입(미정차),코드정보 없음,코드정보 없음,목감동,,37.3965396,126.8688337,outside_incheon_bounds,false
20260228,bus,bus:169001153,169001153,90153,목개마을,강화군,강화군,삼산면,,37.7062919,126.3134443,valid_header_swapped,true
20260228,bus,bus:169001154,169001154,90154,목개마을,강화군,강화군,삼산면,,37.7062030,126.3133222,valid_header_swapped,true
20260228,bus,bus:161000863,161000863,35863,목너머,중구,영종구,용유동,,37.3934860,126.4263894,valid_header_swapped,true
20260228,bus,bus:161000864,161000864,35864,목너머,중구,영종구,용유동,,37.3935131,126.4262002,valid_header_swapped,true
20260228,bus,bus:166000824,166000824,40824,목련어린이집,부평구,부평구,산곡1동,,37.5089350,126.7017365,valid_header_swapped,true
20260228,bus,bus:169000272,169000272,43272,목비고개,강화군,강화군,불은면,,37.6689058,126.4906106,valid_header_swapped,true
20260228,bus,bus:169000032,169000032,43032,목비고개,강화군,강화군,길상면,,37.6689948,126.4907645,valid_header_swapped,true
20260228,bus,bus:167000519,167000519,41519,목상교입구,계양구,계양구,계양1동,,37.5742036,126.7089931,valid_header_swapped,true
20260228,bus,bus:167000493,167000493,41493,목상교입구,계양구,계양구,계양1동,,37.5741169,126.7090700,valid_header_swapped,true
20260228,bus,bus:167000637,167000637,41637,목상교차로,계양구,계양구,계양1동,,37.5740257,126.7099346,valid_header_swapped,true
20260228,bus,bus:167000636,167000636,41636,목상교차로,계양구,계양구,계양1동,,37.5742258,126.7102781,valid_header_swapped,true
20260228,bus,bus:167000323,167000323,41323,목상동(새봄농원입구),계양구,계양구,계양1동,,37.5707731,126.7140994,valid_header_swapped,true
20260228,bus,bus:167000324,167000324,41324,목상동(새봄농원입구),계양구,계양구,계양1동,,37.5707085,126.7144220,valid_header_swapped,true
20260228,bus,bus:167000318,167000318,41318,목상동마을입구,계양구,계양구,계양1동,,37.5706281,126.7115696,valid_header_swapped,true
20260228,bus,bus:167000517,167000517,41517,목상동마을입구,계양구,계양구,계양1동,,37.5705337,126.7115824,valid_header_swapped,true
20260228,bus,bus:167000317,167000317,41317,목상동솔밭.이주단지입구,계양구,계양구,계양1동,,37.5702720,126.7086571,valid_header_swapped,true
20260228,bus,bus:167000316,167000316,41316,목상동솔밭.이주단지입구,계양구,계양구,계양1동,,37.5702336,126.7083554,valid_header_swapped,true
20260228,bus,bus:169000503,169000503,43503,목장앞,강화군,강화군,양사면,,37.8105413,126.4093137,valid_header_swapped,true
20260228,bus,bus:169000688,169000688,43688,목장앞,강화군,강화군,양사면,,37.8107020,126.4091787,valid_header_swapped,true
20260228,bus,bus:168000036,168000036,42036,목재단지,서구,서해구,가좌1동,,37.4905105,126.6644251,valid_header_swapped,true
20260228,bus,bus:168000949,168000949,42949,목재부두사거리,서구,서해구,석남2동,,37.5000844,126.6418715,valid_header_swapped,true
20260228,bus,bus:168000960,168000960,42960,목재부두사거리,서구,서해구,석남2동,,37.5002937,126.6414662,valid_header_swapped,true
20260228,bus,bus:163000545,163000545,37545,목화빌라,미추홀구,미추홀구,용현2동,,37.4557064,126.6438432,valid_header_swapped,true
20260228,bus,bus:166000934,166000934,40934,뫼골놀이공원,부평구,부평구,청천동,,37.5142316,126.7001654,valid_header_swapped,true
20260228,bus,bus:166000933,166000933,40933,뫼골놀이공원,부평구,부평구,청천동,,37.5143639,126.7002332,valid_header_swapped,true
20260228,bus,bus:165000496,165000496,39496,무내미마을,남동구,남동구,장수서창동,,37.4654292,126.7544223,valid_header_swapped,true
20260228,bus,bus:166000106,166000106,40106,무내미마을,부평구,부평구,일신동,,37.4722605,126.7546309,valid_header_swapped,true
20260228,bus,bus:170000199,170000199,44199,무선내,옹진군,옹진군,영흥면,,37.2455224,126.4558756,valid_header_swapped,true
20260228,bus,bus:161000871,161000871,35871,무의공영주차장,중구,영종구,무의동,,37.3786267,126.4328248,valid_header_swapped,true
20260228,bus,bus:161000001,161000001,35001,무의도입구,중구,영종구,용유동,,37.4237789,126.4243976,valid_header_swapped,true
20260228,bus,bus:161000002,161000002,35002,무의도입구,중구,영종구,용유동,,37.4240198,126.4244356,valid_header_swapped,true
20260228,bus,bus:161000739,161000739,35739,무의도주민자치센터,중구,영종구,용유동,,37.3895318,126.4262357,valid_header_swapped,true
20260228,bus,bus:161000738,161000738,35738,무의도주민자치센터,중구,영종구,용유동,,37.3893899,126.4263358,valid_header_swapped,true
20260228,bus,bus:161000713,161000713,35713,무의지소,중구,영종구,무의동,,,,missing,false
20260228,bus,bus:161000709,161000709,35709,무의지소,중구,영종구,무의동,,,,missing,false
20260228,bus,bus:166000276,166000276,40276,무지개.한양8차아파트,부평구,부평구,산곡2동,,37.5020121,126.7031504,valid_header_swapped,true
20260228,bus,bus:166000271,166000271,40271,무지개.한양8차아파트,부평구,부평구,산곡2동,,37.5019053,126.7028065,valid_header_swapped,true
20260228,bus,bus:164000366,164000366,38366,무지개아파트,연수구,연수구,동춘2동,,37.4029045,126.6703938,valid_header_swapped,true
20260228,bus,bus:164000042,164000042,38042,무지개아파트(동남아파트),연수구,연수구,동춘2동,,37.4006617,126.6696905,valid_header_swapped,true
20260228,bus,bus:169001276,169001276,90276,무학리입구,강화군,강화군,교동면,,37.7930131,126.2356061,valid_header_swapped,true
20260228,bus,bus:169000684,169000684,43684,묵골,강화군,강화군,양사면,,37.8042487,126.4004763,valid_header_swapped,true
20260228,bus,bus:169000498,169000498,43498,묵골,강화군,강화군,양사면,,37.8041892,126.4005481,valid_header_swapped,true
20260228,bus,bus:164000250,164000250,38250,문남마을,연수구,연수구,연수1동,,37.4224544,126.6795302,valid_header_swapped,true
20260228,bus,bus:164000214,164000214,38214,문남초등학교,연수구,연수구,연수1동,,37.4203073,126.6805409,valid_header_swapped,true
20260228,bus,bus:164000216,164000216,38216,문남초등학교,연수구,연수구,연수1동,,37.4204322,126.6803467,valid_header_swapped,true
20260228,bus,bus:118000061,118000061,28061,문래역,코드정보 없음,코드정보 없음,문래1동,,37.5167837,126.8943386,outside_incheon_bounds,false
20260228,bus,bus:118000062,118000062,28062,문래자이아파트,코드정보 없음,코드정보 없음,문래1동,,37.5168072,126.8947006,outside_incheon_bounds,false
20260228,bus,bus:170000214,170000214,44214,문말,옹진군,옹진군,영흥면,,37.2372839,126.5304202,valid_header_swapped,true
20260228,bus,bus:170000169,170000169,44169,문말3거리,옹진군,옹진군,영흥면,,37.2386562,126.5339959,valid_header_swapped,true
20260228,bus,bus:170000084,170000084,44084,문말3거리,옹진군,옹진군,영흥면,,37.2386658,126.5341704,valid_header_swapped,true
20260228,bus,bus:170000001,170000001,44001,문말삼거리,옹진군,옹진군,영흥면,,37.2388122,126.5298501,valid_header_swapped,true
20260228,bus,bus:170000002,170000002,44002,문말삼거리,옹진군,옹진군,영흥면,,37.2402789,126.5295651,valid_header_swapped,true
20260228,bus,bus:169000340,169000340,43340,문산교회앞,강화군,강화군,화도면,,37.6332431,126.4325554,valid_header_swapped,true
20260228,bus,bus:169000589,169000589,43589,문산교회앞,강화군,강화군,화도면,,37.6334442,126.4326653,valid_header_swapped,true
20260228,bus,bus:169000101,169000101,43101,문산리마을회관,강화군,강화군,화도면,,37.6316770,126.4337955,valid_header_swapped,true
20260228,bus,bus:165000314,165000314,39314,문일여고·하우스토리만수아파트,남동구,남동구,만수1동,,37.4505985,126.7298170,valid_header_swapped,true
20260228,bus,bus:165000313,165000313,39313,문일여고·하우스토리만수아파트,남동구,남동구,만수3동,,37.4505119,126.7296641,valid_header_swapped,true
20260228,bus,bus:165000685,165000685,39685,문일여자고등학교후문,남동구,남동구,만수1동,,37.4516274,126.7290441,valid_header_swapped,true
20260228,bus,bus:123000034,123000034,33034,문정역(문정로데오거리),코드정보 없음,코드정보 없음,문정1동,,37.4882724,127.1215025,outside_incheon_bounds,false
20260228,bus,bus:123000039,123000039,33039,문정역(문정로데오거리),코드정보 없음,코드정보 없음,문정2동,,37.4893624,127.1206755,outside_incheon_bounds,false
20260228,bus,bus:163000643,163000643,37643,문학경기장(X게임장),연수구,연수구,선학동,,37.4368605,126.6959111,valid_header_swapped,true
20260228,bus,bus:164000311,164000311,38311,문학경기장(박태환수영장),연수구,연수구,선학동,,37.4353261,126.6969032,valid_header_swapped,true
20260228,bus,bus:164000310,164000310,38310,문학경기장(박태환수영장),연수구,연수구,선학동,,37.4352079,126.6975253,valid_header_swapped,true
20260228,bus,bus:164000329,164000329,38329,문학경기장(박태환수영장),연수구,연수구,선학동,,37.4355670,126.6982032,valid_header_swapped,true
20260228,bus,bus:164000423,164000423,38423,문학경기장(박태환수영장),연수구,연수구,선학동,,37.4356639,126.6985469,valid_header_swapped,true
20260228,bus,bus:163000144,163000144,37144,문학경기장(야구장),미추홀구,미추홀구,문학동,,37.4384360,126.6915536,valid_header_swapped,true
20260228,bus,bus:163000157,163000157,37157,문학경기장(월드컵경기장),미추홀구,미추홀구,문학동,,37.4387861,126.6928038,valid_header_swapped,true
20260228,bus,bus:163000088,163000088,37088,문학경로당,미추홀구,미추홀구,문학동,,37.4378342,126.6815470,valid_header_swapped,true
20260228,bus,bus:163000087,163000087,37087,문학경로당,미추홀구,미추홀구,문학동,,37.4377105,126.6816374,valid_header_swapped,true
20260228,bus,bus:163000056,163000056,37056,문학고개,미추홀구,미추홀구,문학동,,37.4374690,126.6777697,valid_header_swapped,true
20260228,bus,bus:163000057,163000057,37057,문학고개,미추홀구,미추홀구,문학동,,37.4375756,126.6776734,valid_header_swapped,true
20260228,bus,bus:163000101,163000101,37101,문학고개,미추홀구,미추홀구,문학동,,37.4396252,126.6784941,valid_header_swapped,true
20260228,bus,bus:163000520,163000520,37520,문학우체국,미추홀구,미추홀구,문학동,,37.4375861,126.6841801,valid_header_swapped,true
20260228,bus,bus:163000521,163000521,37521,문학우체국,미추홀구,미추홀구,문학동,,37.4374410,126.6842709,valid_header_swapped,true
20260228,bus,bus:163000108,163000108,37108,문학정보고입구,미추홀구,미추홀구,문학동,,37.4372823,126.6866077,valid_header_swapped,true
20260228,bus,bus:163000107,163000107,37107,문학정보고입구,미추홀구,미추홀구,문학동,,37.4373872,126.6863132,valid_header_swapped,true
20260228,bus,bus:163000105,163000105,37105,문학초등학교,미추홀구,미추홀구,문학동,,37.4384678,126.6822065,valid_header_swapped,true
20260228,bus,bus:163000110,163000110,37110,문학초등학교,미추홀구,미추홀구,문학동,,37.4387096,126.6825194,valid_header_swapped,true
20260228,bus,bus:169000005,169000005,43005,문현,강화군,강화군,화도면,,37.6349222,126.4287710,valid_header_swapped,true
20260228,bus,bus:169000195,169000195,43195,문현,강화군,강화군,양도면,,37.6600818,126.4604120,valid_header_swapped,true
20260228,bus,bus:169000164,169000164,43164,문현,강화군,강화군,화도면,,37.6347694,126.4287434,valid_header_swapped,true
20260228,bus,bus:169000321,169000321,43321,문현,강화군,강화군,양도면,,37.6602443,126.4604033,valid_header_swapped,true
20260228,bus,bus:166000173,166000173,40173,문화교회,부평구,부평구,산곡3동,,37.4951950,126.7024518,valid_header_swapped,true
20260228,bus,bus:166000174,166000174,40174,문화교회,부평구,부평구,산곡3동,,37.4949784,126.7030174,valid_header_swapped,true
20260228,bus,bus:165000199,165000199,39199,문화예술회관,남동구,남동구,구월2동,,37.4467780,126.6994244,valid_header_swapped,true
20260228,bus,bus:165000197,165000197,39197,문화예술회관,남동구,남동구,구월3동,,37.4467826,126.6991284,valid_header_swapped,true
20260228,bus,bus:161000604,161000604,35604,물류단지D블럭앞,중구,영종구,영종동,,37.4853462,126.4808024,valid_header_swapped,true
20260228,bus,bus:161000603,161000603,35603,물류단지F블럭앞,중구,영종구,영종동,,37.4851013,126.4805207,valid_header_swapped,true
20260228,bus,bus:277103290,277103290,70222,물왕TG(미정차),코드정보 없음,코드정보 없음,매화동,,37.3915061,126.8285451,valid_header_swapped,false
20260228,bus,bus:277103291,277103291,70223,물왕TG(미정차),코드정보 없음,코드정보 없음,매화동,,37.3909037,126.8287262,valid_header_swapped,false
20260228,bus,bus:164000512,164000512,38512,미관광장,연수구,연수구,송도1동,,37.3717443,126.6464740,valid_header_swapped,true
20260228,bus,bus:164000508,164000508,38508,미관광장,연수구,연수구,송도3동,,37.3715718,126.6470019,valid_header_swapped,true
20260228,bus,bus:161000665,161000665,35665,미단교회사거리,중구,영종구,운북동,,37.5281809,126.5083103,valid_header_swapped,true
20260228,bus,bus:161000664,161000664,35664,미단교회사거리,중구,영종구,운북동,,37.5272987,126.5073145,valid_header_swapped,true
20260228,bus,bus:167000028,167000028,41028,미도아파트,계양구,계양구,효성1동,,37.5279223,126.7089306,valid_header_swapped,true
20260228,bus,bus:163000446,163000446,37446,미도아파트,미추홀구,미추홀구,주안5동,,37.4693210,126.6828279,valid_header_swapped,true
20260228,bus,bus:167000027,167000027,41027,미도아파트,계양구,계양구,효성2동,,37.5278092,126.7090794,valid_header_swapped,true
20260228,bus,bus:162000088,162000088,36088,미래빌라,동구,제물포구,송림4동,,37.4823155,126.6490228,valid_header_swapped,true
20260228,bus,bus:162000089,162000089,36089,미래빌라,동구,제물포구,송림4동,,37.4823208,126.6492092,valid_header_swapped,true
20260228,bus,bus:166000684,166000684,40684,미래타운1.2단지,부평구,부평구,삼산1동,,37.5220936,126.7421562,valid_header_swapped,true
20260228,bus,bus:166000683,166000683,40683,미래타운1.2단지,부평구,부평구,삼산1동,,37.5218683,126.7419528,valid_header_swapped,true
20260228,bus,bus:166000672,166000672,40672,미래타운5단지,부평구,부평구,삼산1동,,37.5173264,126.7469018,valid_header_swapped,true
20260228,bus,bus:166000662,166000662,40662,미래타운5단지501동,부평구,부평구,삼산1동,,37.5169804,126.7444799,valid_header_swapped,true
20260228,bus,bus:166000669,166000669,40669,미래타운5단지505동,부평구,부평구,삼산1동,,37.5172400,126.7467128,valid_header_swapped,true
20260228,bus,bus:165001015,165001015,92015,미래테크원,남동구,남동구,논현고잔동,,37.3916143,126.6946770,valid_header_swapped,true
20260228,bus,bus:169000522,169000522,43522,미루지,강화군,강화군,화도면,,37.6008993,126.4096716,valid_header_swapped,true
20260228,bus,bus:169000420,169000420,43420,미루지,강화군,강화군,화도면,,37.6010463,126.4095954,valid_header_swapped,true
20260228,bus,bus:162000139,162000139,36139,미륭아파트,동구,제물포구,화수2동,,37.4830594,126.6331579,valid_header_swapped,true
20260228,bus,bus:162000138,162000138,36138,미륭아파트,동구,제물포구,화수2동,,37.4827921,126.6331535,valid_header_swapped,true
20260228,bus,bus:162000008,162000008,36008,미림극장,동구,제물포구,송현12동,,37.4752515,126.6350378,valid_header_swapped,true
20260228,bus,bus:162000009,162000009,36009,미림극장,동구,제물포구,화수2동,,37.4753750,126.6346151,valid_header_swapped,true
20260228,bus,bus:162000141,162000141,36141,미림극장입구,동구,제물포구,금창동,,37.4744282,126.6356665,valid_header_swapped,true
20260228,bus,bus:166000378,166000378,40378,미산초등학교,부평구,부평구,산곡4동,,37.5040665,126.7098829,valid_header_swapped,true
20260228,bus,bus:164000656,164000656,38654,미송초등학교,연수구,연수구,송도5동,,37.4144873,126.6142153,valid_header_swapped,true
20260228,bus,bus:164000655,164000655,38653,미송초등학교(하행),연수구,연수구,송도5동,,37.4146518,126.6145298,valid_header_swapped,true
20260228,bus,bus:168000124,168000124,42124,미주탕,서구,서해구,가좌3동,,37.4969963,126.6827144,valid_header_swapped,true
20260228,bus,bus:168000123,168000123,42123,미주탕,서구,서해구,가좌3동,,37.4970470,126.6819942,valid_header_swapped,true
20260228,bus,bus:163000524,163000524,37524,미추홀경찰서(장미아파트),미추홀구,미추홀구,학익1동,,37.4440697,126.6547783,valid_header_swapped,true
20260228,bus,bus:164000368,164000368,38368,미추홀공원,연수구,연수구,송도1동,,37.3850133,126.6451390,valid_header_swapped,true
20260228,bus,bus:163000304,163000304,37304,미추홀구청,미추홀구,미추홀구,숭의2동,,37.4636728,126.6507610,valid_header_swapped,true
20260228,bus,bus:163000307,163000307,37307,미추홀구청,미추홀구,미추홀구,숭의4동,,37.4645231,126.6503904,valid_header_swapped,true
20260228,bus,bus:163000312,163000312,37312,미추홀구청입구,미추홀구,미추홀구,숭의4동,,37.4652738,126.6507002,valid_header_swapped,true
20260228,bus,bus:163000306,163000306,37306,미추홀구청입구,미추홀구,미추홀구,숭의13동,,37.4648392,126.6492026,valid_header_swapped,true
20260228,bus,bus:163000678,163000678,37678,미추홀서사거리,미추홀구,미추홀구,학익1동,,37.4446814,126.6524706,valid_header_swapped,true
20260228,bus,bus:166000254,166000254,40254,미추홀아파트,부평구,부평구,부평3동,,37.5004463,126.7023197,valid_header_swapped,true
20260228,bus,bus:166000250,166000250,40250,미추홀아파트,부평구,부평구,부평3동,,37.5003979,126.7022229,valid_header_swapped,true
20260228,bus,bus:165000690,165000690,39690,미추홀외고,남동구,남동구,논현고잔동,,37.3897610,126.7241882,valid_header_swapped,true
20260228,bus,bus:165000689,165000689,39689,미추홀외고,남동구,남동구,논현고잔동,,37.3901517,126.7241741,valid_header_swapped,true
20260228,bus,bus:163000647,163000647,37647,미추홀퍼스트3단지,미추홀구,미추홀구,용현2동,,37.4580296,126.6432852,valid_header_swapped,true
20260228,bus,bus:169001336,169001336,90336,민머루해수욕장,강화군,강화군,삼산면,,37.6521318,126.3349884,valid_header_swapped,true
20260228,bus,bus:164000611,164000611,38611,민방위교육장,연수구,연수구,동춘1동,,37.4004407,126.6663242,valid_header_swapped,true
20260228,bus,bus:164000610,164000610,38610,민방위교육장,연수구,연수구,동춘2동,,37.4005414,126.6664514,valid_header_swapped,true
20260228,bus,bus:165000734,165000734,39734,민방위교육장,남동구,남동구,만수2동,,37.4592164,126.7274098,valid_header_swapped,true
20260228,bus,bus:165000733,165000733,39733,민방위교육장,남동구,남동구,만수3동,,37.4595743,126.7275016,valid_header_swapped,true
20260228,bus,bus:167000043,167000043,41043,민방위교육장입구,계양구,계양구,효성1동,,37.5280109,126.7179251,valid_header_swapped,true
20260228,bus,bus:164000790,164000790,38788,바다공원,연수구,연수구,송도4동,,,,missing,false
20260228,bus,bus:164000787,164000787,38785,바다공원,연수구,연수구,송도4동,,,,missing,false
20260228,bus,bus:170000074,170000074,44074,바다역,옹진군,옹진군,덕적면,,,,missing,false
20260228,bus,bus:168000530,168000530,42530,바로크아파트,서구,서해구,가정3동,,37.5197867,126.6794238,valid_header_swapped,true
20260228,bus,bus:169000228,169000228,43228,박공현,강화군,강화군,불은면,,37.6918957,126.4655678,valid_header_swapped,true
20260228,bus,bus:169000294,169000294,43294,박공현,강화군,강화군,불은면,,37.6917468,126.4654356,valid_header_swapped,true
20260228,bus,bus:165000799,165000799,39799,박문여자고등학교,연수구,연수구,송도3동,,37.3829161,126.6650619,valid_header_swapped,true
20260228,bus,bus:165000800,165000800,39800,박문여자고등학교,연수구,연수구,송도3동,,37.3828555,126.6652982,valid_header_swapped,true
20260228,bus,bus:165000847,165000847,39847,박문중학교,연수구,연수구,송도3동,,37.3858627,126.6735391,valid_header_swapped,true
20260228,bus,bus:165000844,165000844,39844,박문중학교,연수구,연수구,송도3동,,37.3851362,126.6714964,valid_header_swapped,true
20260228,bus,bus:165000860,165000860,39860,박문중학교정문,연수구,연수구,송도3동,,37.3859688,126.6733941,valid_header_swapped,true
20260228,bus,bus:165000859,165000859,39859,박문중학교후문,연수구,연수구,송도3동,,37.3850359,126.6718088,valid_header_swapped,true
20260228,bus,bus:169000698,169000698,43698,박물관앞,강화군,강화군,송해면,,37.7956801,126.4581158,valid_header_swapped,true
20260228,bus,bus:169000668,169000668,43668,박물관앞,강화군,강화군,송해면,,37.7956939,126.4582202,valid_header_swapped,true
20260228,bus,bus:161000670,161000670,35670,박촌마을입구,중구,영종구,운북동,,37.5233452,126.5105324,valid_header_swapped,true
20260228,bus,bus:161000671,161000671,35671,박촌마을입구,중구,영종구,운북동,,37.5236183,126.5110474,valid_header_swapped,true
20260228,bus,bus:167000309,167000309,41309,박촌역,계양구,계양구,계양1동,,37.5548560,126.7452950,valid_header_swapped,true
20260228,bus,bus:167000310,167000310,41310,박촌역,계양구,계양구,계양1동,,37.5548352,126.7455058,valid_header_swapped,true
20260228,bus,bus:210000285,210000285,55014,반달마을.법원.검찰청,코드정보 없음,코드정보 없음,상3동,,37.4929122,126.7546277,valid_header_swapped,false
20260228,bus,bus:168000904,168000904,42904,반도유보라,서구,서해구,청라3동,,37.5247983,126.6267773,valid_header_swapped,true
20260228,bus,bus:168000905,168000905,42905,반도유보라,서구,서해구,청라3동,,37.5247010,126.6271130,valid_header_swapped,true
20260228,bus,bus:168000963,168000963,42963,반도유보라,서구,서해구,청라3동,,37.5264972,126.6246225,valid_header_swapped,true
20260228,bus,bus:168000985,168000985,42985,반도유보라,서구,서해구,청라3동,,37.5252038,126.6232205,valid_header_swapped,true
20260228,bus,bus:232000550,232000550,35503,반도유보라.우미린아파트,계양구,계양구,장기동,,,,missing,false
20260228,bus,bus:170000170,170000170,44170,반디모텔,옹진군,옹진군,영흥면,,37.2467111,126.5267840,valid_header_swapped,true
20260228,bus,bus:170000126,170000126,44126,반디모텔,옹진군,옹진군,영흥면,,37.2467952,126.5269589,valid_header_swapped,true
20260228,bus,bus:168001426,168001426,89426,반찬단지,서구,서해구,원창동,,37.5093592,126.6316914,valid_header_swapped,true
20260228,bus,bus:168001427,168001427,89427,반찬단지,서구,서해구,원창동,,37.5092257,126.6320230,valid_header_swapped,true
20260228,bus,bus:121001312,121001312,31083,반포대교남단(미정차),코드정보 없음,코드정보 없음,반포2동,,37.5094357,126.9981966,outside_incheon_bounds,false
20260228,bus,bus:121000018,121000018,31034,반포역,코드정보 없음,코드정보 없음,반포1동,,37.5082581,127.0123781,outside_incheon_bounds,false
20260228,bus,bus:121000017,121000017,31035,반포역,코드정보 없음,코드정보 없음,반포1동,,37.5084586,127.0119557,outside_incheon_bounds,false
20260228,bus,bus:115000893,115000893,16017,발산역(중),기타,기타,서울시,,37.5585479,126.8375920,valid_header_swapped,false
20260228,bus,bus:115000594,115000594,16013,발산역(중),기타,기타,서울시,,37.5585651,126.8387422,valid_header_swapped,false
20260228,bus,bus:168000433,168000433,42433,발산초등학교(풍림아이원),서구,검단구,원당동,,37.5913182,126.6987308,valid_header_swapped,true
20260228,bus,bus:170000115,170000115,44115,발전소삼거리,옹진군,옹진군,영흥면,,37.2428792,126.4519630,valid_header_swapped,true
20260228,bus,bus:170000171,170000171,44171,발전소삼거리,옹진군,옹진군,영흥면,,37.2433792,126.4519160,valid_header_swapped,true
20260228,bus,bus:169000990,169000990,43990,밝게,강화군,강화군,길상면,,37.6144731,126.4756476,valid_header_swapped,true
20260228,bus,bus:169000991,169000991,43991,밝게,강화군,강화군,길상면,,37.6143730,126.4755756,valid_header_swapped,true
20260228,bus,bus:161000939,161000939,35939,밝은빛영광교회,중구,영종구,영종동,,37.4955627,126.5445422,valid_header_swapped,true
20260228,bus,bus:161000940,161000940,35940,밝은빛영광교회,중구,영종구,영종동,,37.4955843,126.5446825,valid_header_swapped,true
20260228,bus,bus:169000022,169000022,43022,밤나무골,강화군,강화군,길상면,,37.6360328,126.5137760,valid_header_swapped,true
20260228,bus,bus:169000023,169000023,43023,밤나무골,강화군,강화군,길상면,,37.6358812,126.5142559,valid_header_swapped,true
20260228,bus,bus:170000026,170000026,44026,밧모기도원앞,옹진군,옹진군,북도면,,,,missing,false
20260228,bus,bus:170000068,170000068,44068,밧지름,옹진군,옹진군,덕적면,,,,missing,false
20260228,bus,bus:170000087,170000087,44087,방개골,옹진군,옹진군,영흥면,,,,missing,false
20260228,bus,bus:169001141,169001141,90141,방개마을,강화군,강화군,삼산면,,37.6965251,126.3413100,valid_header_swapped,true
20260228,bus,bus:169001142,169001142,90142,방개마을,강화군,강화군,삼산면,,37.6966131,126.3413263,valid_header_swapped,true
20260228,bus,bus:217000536,217000536,62008,방아머리,코드정보 없음,코드정보 없음,대부동,,37.2906077,126.5787753,valid_header_swapped,false
20260228,bus,bus:217000375,217000375,62032,방아머리,코드정보 없음,코드정보 없음,대부동,,37.2855532,126.5716669,valid_header_swapped,false
20260228,bus,bus:217000373,217000373,62007,방아머리선착장,코드정보 없음,코드정보 없음,대부동,,37.2906155,126.5784516,valid_header_swapped,false
20260228,bus,bus:217000376,217000376,62041,방아머리제1주차장,코드정보 없음,코드정보 없음,대부동,,37.2870588,126.5746608,valid_header_swapped,false
20260228,bus,bus:217000568,217000568,62031,방아머리제1주차장,코드정보 없음,코드정보 없음,대부동,,37.2871410,126.5744178,valid_header_swapped,false
20260228,bus,bus:169000027,169000027,43027,방죽말,강화군,강화군,길상면,,37.6458443,126.4925525,valid_header_swapped,true
20260228,bus,bus:169000214,169000214,43214,방죽말,강화군,강화군,길상면,,37.6457702,126.4926910,valid_header_swapped,true
20260228,bus,bus:165000174,165000174,39174,방죽삼거리,남동구,남동구,남촌도림동,,37.4272362,126.7347713,valid_header_swapped,true
20260228,bus,bus:165000173,165000173,39173,방죽삼거리,남동구,남동구,남촌도림동,,37.4269539,126.7344220,valid_header_swapped,true
20260228,bus,bus:168000681,168000681,42681,방죽삼거리,서구,서해구,석남2동,,37.4999890,126.6618174,valid_header_swapped,true
20260228,bus,bus:168000683,168000683,42683,방죽삼거리,서구,서해구,석남2동,,37.4999937,126.6613217,valid_header_swapped,true
20260228,bus,bus:166000419,166000419,40419,방촌공원,부평구,부평구,부개3동,,37.4977624,126.7383296,valid_header_swapped,true
20260228,bus,bus:162000190,162000190,36190,방축삼거리,동구,제물포구,송현3동,,37.4904045,126.6475203,valid_header_swapped,true
20260228,bus,bus:162000159,162000159,36159,방축삼거리,동구,제물포구,송현3동,,37.4889546,126.6471624,valid_header_swapped,true
20260228,bus,bus:161000048,161000048,35048,방파제입구,중구,제물포구,연안동,,37.4471254,126.5973864,valid_header_swapped,true
20260228,bus,bus:115000069,115000069,25026,방화동도시개발11단지,코드정보 없음,코드정보 없음,방화제2동,,37.5708545,126.8043783,valid_header_swapped,false
20260228,bus,bus:115000067,115000067,25009,방화중학교,코드정보 없음,코드정보 없음,방화제2동,,37.5646244,126.8059906,valid_header_swapped,false
20260228,bus,bus:115000066,115000066,25008,방화중학교,코드정보 없음,코드정보 없음,방화제2동,,37.5642760,126.8065915,valid_header_swapped,false
20260228,bus,bus:224000967,224000967,25962,배곧대방노블랜드,기타,기타,정왕동,,,,missing,false
20260228,bus,bus:224000782,224000782,25714,배곧대방노블랜드,기타,기타,정왕동,,,,missing,false
20260228,bus,bus:224000781,224000781,25985,배곧라온초,기타,기타,정왕동,,,,missing,false
20260228,bus,bus:224000780,224000780,25984,배곧라온초,기타,기타,정왕동,,,,missing,false
20260228,bus,bus:224000948,224000948,25943,배곧중심상가,기타,기타,정왕동,,,,missing,false
20260228,bus,bus:224000947,224000947,25944,배곧한신더휴.호반더프라임,기타,기타,정왕동,,,,missing,false
20260228,bus,bus:161000186,161000186,35186,배다리,중구,제물포구,동인천동,,37.4734691,126.6342511,valid_header_swapped,true
20260228,bus,bus:162000006,162000006,36006,배다리삼거리,동구,제물포구,금창동,,37.4736492,126.6381994,valid_header_swapped,true
20260228,bus,bus:162000007,162000007,36007,배다리삼거리,동구,제물포구,송림4동,,37.4738213,126.6381913,valid_header_swapped,true
20260228,bus,bus:161000184,161000184,35184,배다리청과물시장,중구,제물포구,동인천동,,37.4732835,126.6339581,valid_header_swapped,true
20260228,bus,bus:162000158,162000158,36158,배다리헌책방거리,동구,제물포구,금창동,,37.4726108,126.6371374,valid_header_swapped,true
20260228,bus,bus:168000774,168000774,42774,배수지입구,서구,서해구,가좌4동,,37.4952354,126.6908549,valid_header_swapped,true
20260228,bus,bus:168000632,168000632,42632,백두아파트,서구,검단구,불로대곡동,,37.6143031,126.6858145,valid_header_swapped,true
20260228,bus,bus:169000419,169000419,43419,백련사입구,강화군,강화군,하점면,,37.7680461,126.4385857,valid_header_swapped,true
20260228,bus,bus:169000808,169000808,43808,백련사입구,강화군,강화군,하점면,,37.7678522,126.4386031,valid_header_swapped,true
20260228,bus,bus:161000778,161000778,35778,백련산입구,중구,영종구,운서동,,37.5037816,126.4999434,valid_header_swapped,true
20260228,bus,bus:161000773,161000773,35773,백련산입구,중구,영종구,운북동,,37.5035059,126.4997898,valid_header_swapped,true
20260228,bus,bus:170000049,170000049,44049,백령병원앞,옹진군,옹진군,백령면,,,,missing,false
20260228,bus,bus:170000047,170000047,44047,백령중.고등학교앞,옹진군,옹진군,백령면,,,,missing,false
20260228,bus,bus:166000389,166000389,40389,백마장입구,부평구,부평구,부평4동,,37.5010995,126.7221379,valid_header_swapped,true
20260228,bus,bus:166000390,166000390,40390,백마장입구,부평구,부평구,부평3동,,37.5012012,126.7217029,valid_header_swapped,true
20260228,bus,bus:166000407,166000407,40407,백마장입구,부평구,부평구,부평4동,,37.5024752,126.7219170,valid_header_swapped,true
20260228,bus,bus:166000399,166000399,40399,백마장입구,부평구,부평구,부평1동,,37.5020072,126.7215874,valid_header_swapped,true
20260228,bus,bus:162000151,162000151,36151,백병원(송림패션몰),동구,제물포구,송현3동,,37.4817043,126.6462847,valid_header_swapped,true
20260228,bus,bus:217000377,217000377,62033,백사장회센터,코드정보 없음,코드정보 없음,대부동,,37.2820481,126.5694121,valid_header_swapped,false
20260228,bus,bus:217000378,217000378,62039,백사장회센터,코드정보 없음,코드정보 없음,대부동,,37.2820490,126.5696546,valid_header_swapped,false
20260228,bus,bus:164000113,164000113,38113,백산아파트,연수구,연수구,옥련1동,,37.4221306,126.6453551,valid_header_swapped,true
20260228,bus,bus:164000112,164000112,38112,백산아파트,연수구,연수구,옥련1동,,37.4220844,126.6450218,valid_header_swapped,true
20260228,bus,bus:164000328,164000328,38328,백산아파트,연수구,연수구,옥련1동,,37.4218550,126.6462838,valid_header_swapped,true
20260228,bus,bus:168000578,168000578,42578,백석고가(하이마트),서구,검단구,당하동,,37.5871035,126.6754932,valid_header_swapped,true
20260228,bus,bus:168000381,168000381,42381,백석고가(하이마트),서구,검단구,당하동,,37.5869787,126.6750943,valid_header_swapped,true
20260228,bus,bus:232000413,232000413,35096,백석마을,기타,기타,통진읍,,37.6821792,126.6200914,valid_header_swapped,false
20260228,bus,bus:168000375,168000375,42375,백석중.고등학교,서구,서해구,검암경서동,,37.5800933,126.6751826,valid_header_swapped,true
20260228,bus,bus:168000374,168000374,42374,백석중.고등학교,서구,서해구,검암경서동,,37.5799982,126.6754744,valid_header_swapped,true
20260228,bus,bus:168001239,168001239,89239,백석중사거리,서구,서해구,검암경서동,,37.5770226,126.6732326,valid_header_swapped,true
20260228,bus,bus:167000383,167000383,41383,백승아파트,계양구,계양구,계양1동,,37.5641696,126.7448801,valid_header_swapped,true
20260228,bus,bus:167000384,167000384,41384,백승아파트,계양구,계양구,계양3동,,37.5642054,126.7445090,valid_header_swapped,true
20260228,bus,bus:164000483,164000483,38483,백암왕순대앞,연수구,연수구,청학동,,37.4194666,126.6727591,valid_header_swapped,true
20260228,bus,bus:167000361,167000361,41361,백영아파트,계양구,계양구,효성1동,,37.5338097,126.7090156,valid_header_swapped,true
20260228,bus,bus:166000058,166000058,40058,백영아파트,부평구,부평구,십정1동,,37.4787365,126.6955031,valid_header_swapped,true
20260228,bus,bus:169000040,169000040,43040,백운곡,강화군,강화군,불은면,,37.6985886,126.4808920,valid_header_swapped,true
20260228,bus,bus:169000295,169000295,43295,백운곡,강화군,강화군,불은면,,37.6985827,126.4806745,valid_header_swapped,true
20260228,bus,bus:166000072,166000072,40072,백운공원,부평구,부평구,십정1동,,37.4814594,126.7045089,valid_header_swapped,true
20260228,bus,bus:166000075,166000075,40075,백운공원(부평아트센터),부평구,부평구,부평3동,,37.4830642,126.7019586,valid_header_swapped,true
20260228,bus,bus:166000076,166000076,40076,백운공원(부평아트센터),부평구,부평구,십정1동,,37.4830074,126.7023299,valid_header_swapped,true
20260228,bus,bus:166000079,166000079,40079,백운역,부평구,부평구,부평3동,,37.4831662,126.7087313,valid_header_swapped,true
20260228,bus,bus:166000716,166000716,40716,백운역,부평구,부평구,부평3동,,37.4842104,126.7075238,valid_header_swapped,true
20260228,bus,bus:166000081,166000081,40081,백운역,부평구,부평구,부평3동,,37.4842693,126.7078603,valid_header_swapped,true
20260228,bus,bus:166000080,166000080,40080,백운역,부평구,부평구,부평3동,,37.4828924,126.7085263,valid_header_swapped,true
20260228,bus,bus:166000094,166000094,40094,백운역(파출소),부평구,부평구,부평3동,,37.4863064,126.7080431,valid_header_swapped,true
20260228,bus,bus:163000181,163000181,37181,백운프라자,미추홀구,미추홀구,용현2동,,37.4571435,126.6395126,valid_header_swapped,true
20260228,bus,bus:163000185,163000185,37185,백운프라자,미추홀구,미추홀구,용현2동,,37.4573291,126.6394503,valid_header_swapped,true
20260228,bus,bus:166000388,166000388,40388,백조아파트,부평구,부평구,부개2동,,37.4966955,126.7356265,valid_header_swapped,true
20260228,bus,bus:166000386,166000386,40386,백조아파트,부평구,부평구,부개2동,,37.4966055,126.7357726,valid_header_swapped,true
20260228,bus,bus:170000125,170000125,44125,뱃말항,옹진군,옹진군,영흥면,,37.2348863,126.5380600,valid_header_swapped,true
20260228,bus,bus:170000172,170000172,44172,뱃말항,옹진군,옹진군,영흥면,,37.2349272,126.5377720,valid_header_swapped,true
20260228,bus,bus:121000005,121000005,31012,뱅뱅사거리,코드정보 없음,코드정보 없음,서초제2동,,37.4874261,127.0325578,outside_incheon_bounds,false
20260228,bus,bus:121000006,121000006,32001,뱅뱅사거리,코드정보 없음,코드정보 없음,도곡제1동,,37.4868125,127.0330567,outside_incheon_bounds,false
20260228,bus,bus:169000476,169000476,43476,버드러지,강화군,강화군,화도면,,37.6250773,126.3793413,valid_header_swapped,true
20260228,bus,bus:169000428,169000428,43428,버드러지,강화군,강화군,화도면,,37.6250647,126.3792162,valid_header_swapped,true
20260228,bus,bus:165000113,165000113,39113,번영로제1사거리,남동구,남동구,남촌도림동,,37.4159284,126.6985399,valid_header_swapped,true
20260228,bus,bus:165000037,165000037,39037,번영로제3사거리,남동구,남동구,논현고잔동,,37.3995180,126.6858593,valid_header_swapped,true
20260228,bus,bus:165000036,165000036,39036,번영로제3사거리,남동구,남동구,논현고잔동,,37.3994315,126.6860685,valid_header_swapped,true
20260228,bus,bus:169000297,169000297,43297,벌말,강화군,강화군,불은면,,37.7008441,126.4565266,valid_header_swapped,true
20260228,bus,bus:169000175,169000175,43175,벌말,강화군,강화군,불은면,,37.7011673,126.4561599,valid_header_swapped,true
20260228,bus,bus:161000764,161000764,35764,벌판마을입구,중구,영종구,영종동,,37.5094330,126.5176778,valid_header_swapped,true
20260228,bus,bus:161000763,161000763,35763,벌판마을입구,중구,영종구,영종동,,37.5094966,126.5176296,valid_header_swapped,true
20260228,bus,bus:168000122,168000122,42122,범양상가,서구,서해구,가좌2동,,37.4953425,126.6867298,valid_header_swapped,true
20260228,bus,bus:168000118,168000118,42118,범양상가,서구,서해구,가좌2동,,37.4951431,126.6866786,valid_header_swapped,true
20260228,bus,bus:168000116,168000116,42116,범양아파트,서구,서해구,가좌2동,,37.4948460,126.6879523,valid_header_swapped,true
20260228,bus,bus:168000127,168000127,42127,범양아파트(종점),서구,서해구,가좌2동,,37.4950969,126.6895660,valid_header_swapped,true
20260228,bus,bus:169000973,169000973,43973,범허리 종점,강화군,강화군,강화읍,,37.7537018,126.5151718,valid_header_swapped,true
20260228,bus,bus:169000974,169000974,43974,범허리종점,강화군,강화군,강화읍,,37.7536065,126.5151390,valid_header_swapped,true
20260228,bus,bus:163000131,163000131,37131,법원,미추홀구,미추홀구,학익2동,,37.4445314,126.6700280,valid_header_swapped,true
20260228,bus,bus:163000130,163000130,37130,법원,미추홀구,미추홀구,학익2동,,37.4439753,126.6703804,valid_header_swapped,true
20260228,bus,bus:163000074,163000074,37074,법원.검찰청,미추홀구,미추홀구,학익1동,,37.4412494,126.6681372,valid_header_swapped,true
20260228,bus,bus:210000049,210000049,55020,법원.검찰청.복사골문화센터.반달마을,코드정보 없음,코드정보 없음,상3동,,37.4936271,126.7553936,valid_header_swapped,false
20260228,bus,bus:210000082,210000082,11087,법원.경찰청,기타,기타,부천시,,37.4912256,126.7563190,valid_header_swapped,false
20260228,bus,bus:163000078,163000078,37078,법원검찰청입구,미추홀구,미추홀구,학익2동,,37.4415039,126.6681300,valid_header_swapped,true
20260228,bus,bus:163000073,163000073,37073,법원길삼거리,미추홀구,미추홀구,학익2동,,37.4406655,126.6702764,valid_header_swapped,true
20260228,bus,bus:168001268,168001268,89268,베어즈베스트골프장,서구,서해구,청라3동,,37.5456912,126.6316600,valid_header_swapped,true
20260228,bus,bus:168001269,168001269,89269,베어즈베스트골프장,서구,서해구,청라2동,,37.5450246,126.6321732,valid_header_swapped,true
20260228,bus,bus:168001047,168001047,89047,베어즈베스트청라GC,서구,서해구,청라3동,,37.5445110,126.6316666,valid_header_swapped,true
20260228,bus,bus:168001046,168001046,89046,베어즈베스트청라GC,서구,서해구,청라2동,,37.5444328,126.6321290,valid_header_swapped,true
20260228,bus,bus:165000740,165000740,39740,벧엘교회,남동구,남동구,만수2동,,37.4615168,126.7297479,valid_header_swapped,true
20260228,bus,bus:165000453,165000453,39453,벽산.이삭아파트,남동구,남동구,간석2동,,37.4641964,126.7205373,valid_header_swapped,true
20260228,bus,bus:224000373,224000373,70023,벽산1차아파트,코드정보 없음,코드정보 없음,대야동,,37.4472998,126.7925783,valid_header_swapped,false
20260228,bus,bus:224000378,224000378,70024,벽산1차아파트,코드정보 없음,코드정보 없음,대야동,,37.4473202,126.7927369,valid_header_swapped,false
20260228,bus,bus:165000549,165000549,39549,벽산아파트,남동구,남동구,만수3동,,37.4636231,126.7239072,valid_header_swapped,true
20260228,bus,bus:165000459,165000459,39459,벽산아파트,남동구,남동구,만수3동,,37.4635743,126.7237941,valid_header_swapped,true
20260228,bus,bus:165000273,165000273,39273,벽산아파트(인천도서관),남동구,남동구,구월4동,,37.4489792,126.7247879,valid_header_swapped,true
20260228,bus,bus:165000458,165000458,39458,벽산이삭아파트,남동구,남동구,간석2동,,37.4636881,126.7208254,valid_header_swapped,true
20260228,bus,bus:169000588,169000588,43588,별립산입구,강화군,강화군,하점면,,37.7657301,126.3632278,valid_header_swapped,true
20260228,bus,bus:169000778,169000778,43778,별립산입구,강화군,강화군,하점면,,37.7656243,126.3631687,valid_header_swapped,true
20260228,bus,bus:163000013,163000013,37013,병무청(학익풍림아이원),미추홀구,미추홀구,학익1동,,37.4407416,126.6567003,valid_header_swapped,true
20260228,bus,bus:163000671,163000671,37671,병무청(학익풍림아이원),미추홀구,미추홀구,학익1동,,37.4408572,126.6559694,valid_header_swapped,true
20260228,bus,bus:167000303,167000303,41303,병방사거리,계양구,계양구,계양2동,,37.5475932,126.7398364,valid_header_swapped,true
20260228,bus,bus:167000301,167000301,41301,병방사거리,계양구,계양구,계양2동,,37.5474696,126.7395812,valid_header_swapped,true
20260228,bus,bus:167000302,167000302,41302,병방초등학교,계양구,계양구,계양2동,,37.5467672,126.7419882,valid_header_swapped,true
20260228,bus,bus:167000304,167000304,41304,병방초등학교,계양구,계양구,계양2동,,37.5469310,126.7420513,valid_header_swapped,true
20260228,bus,bus:167000299,167000299,41299,병방초등학교(계양산전통시장),계양구,계양구,계양2동,,37.5468672,126.7399729,valid_header_swapped,true
20260228,bus,bus:169000626,169000626,43626,보건소,강화군,강화군,강화읍,,37.7367374,126.4855452,valid_header_swapped,true
20260228,bus,bus:169000318,169000318,43318,보건소,강화군,강화군,강화읍,,37.7368268,126.4854656,valid_header_swapped,true
20260228,bus,bus:170000045,170000045,44045,보건소,옹진군,옹진군,백령면,,,,missing,false
20260228,bus,bus:170000062,170000062,44062,보건지소앞,옹진군,옹진군,대청면,,,,missing,false
20260228,bus,bus:170000076,170000076,44076,보건지소앞,옹진군,옹진군,덕적면,,,,missing,false
20260228,bus,bus:161000158,161000158,35158,보건환경연구원,중구,제물포구,신흥동,,37.4677877,126.6358182,valid_header_swapped,true
20260228,bus,bus:118000075,118000075,28075,보라매역(동작세무서),코드정보 없음,코드정보 없음,신길6동,,37.4989567,126.9202222,outside_incheon_bounds,false
20260228,bus,bus:118000013,118000013,19013,보라매역.동작세무서,기타,기타,영등포구,,37.4989570,126.9201539,outside_incheon_bounds,false
20260228,bus,bus:168000442,168000442,42442,보람프라자앞,서구,검단구,원당동,,37.5934652,126.6970341,valid_header_swapped,true
20260228,bus,bus:169000517,169000517,43517,보릿고개,강화군,강화군,길상면,,37.6280641,126.4902859,valid_header_swapped,true
20260228,bus,bus:169000880,169000880,43880,보릿고개,강화군,강화군,길상면,,37.6282497,126.4900231,valid_header_swapped,true
20260228,bus,bus:169001166,169001166,90166,보무기,강화군,강화군,삼산면,,37.6795059,126.3249983,valid_header_swapped,true
20260228,bus,bus:169001165,169001165,90165,보무기,강화군,강화군,삼산면,,37.6794517,126.3254978,valid_header_swapped,true
20260228,bus,bus:169001206,169001206,90206,보문사,강화군,강화군,삼산면,,37.6863914,126.3182802,valid_header_swapped,true
20260228,bus,bus:168001462,168001462,89462,보스턴힐,서구,검단구,원당동,,37.5971466,126.6992204,valid_header_swapped,true
20260228,bus,bus:168001461,168001461,89461,보스턴힐,서구,검단구,원당동,,37.5971272,126.6989888,valid_header_swapped,true
20260228,bus,bus:168001425,168001425,89425,보트비,서구,서해구,원창동,,37.5092069,126.6395021,valid_header_swapped,true
20260228,bus,bus:168001424,168001424,89424,보트비,서구,서해구,원창동,,37.5093256,126.6394782,valid_header_swapped,true
20260228,bus,bus:165000484,165000484,39484,보훈회관,남동구,남동구,간석3동,,37.4741613,126.7094535,valid_header_swapped,true
20260228,bus,bus:210000062,210000062,55026,복사골문화센터.한아름마을,코드정보 없음,코드정보 없음,상3동,,37.4949488,126.7551644,valid_header_swapped,false
20260228,bus,bus:123000041,123000041,33041,복정역(장지동),코드정보 없음,코드정보 없음,문정2동,,37.4691896,127.1264326,outside_incheon_bounds,false
20260228,bus,bus:123000043,123000043,33043,복정역1번출구,코드정보 없음,코드정보 없음,장지동,,37.4726442,127.1272223,outside_incheon_bounds,false
20260228,bus,bus:164000079,164000079,38079,복지회관,연수구,연수구,동춘1동,,37.4127725,126.6607053,valid_header_swapped,true
20260228,bus,bus:164000080,164000080,38080,복지회관,연수구,연수구,동춘1동,,37.4130434,126.6607091,valid_header_swapped,true
20260228,bus,bus:165000164,165000164,39164,본향교회,남동구,남동구,남촌도림동,,37.4308563,126.7129483,valid_header_swapped,true
20260228,bus,bus:161000814,161000814,35814,볼보트럭남인천사업소,중구,제물포구,신흥동,,37.4386518,126.6180756,valid_header_swapped,true
20260228,bus,bus:169000673,169000673,43673,봉골,강화군,강화군,불은면,,37.6541766,126.5197037,valid_header_swapped,true
20260228,bus,bus:169000535,169000535,43535,봉골,강화군,강화군,불은면,,37.6541625,126.5198774,valid_header_swapped,true
20260228,bus,bus:169000377,169000377,43377,봉성(오상2리),강화군,강화군,내가면,,37.7286585,126.3769340,valid_header_swapped,true
20260228,bus,bus:169000261,169000261,43261,봉성(오상2리),강화군,강화군,내가면,,37.7287299,126.3771246,valid_header_swapped,true
20260228,bus,bus:169001000,169001000,43000,봉소리마을회관,강화군,강화군,교동면,,37.7933933,126.3171090,valid_header_swapped,true
20260228,bus,bus:169001001,169001001,90001,봉소리마을회관,강화군,강화군,교동면,,37.7935240,126.3171144,valid_header_swapped,true
20260228,bus,bus:168001562,168001562,89562,봉수대로1581번길,서구,서해구,심곡동,,37.6128050,126.6396216,valid_header_swapped,true
20260228,bus,bus:168001563,168001563,89563,봉수대로1581번길,서구,검단구,금곡동,,37.6128964,126.6395550,valid_header_swapped,true
20260228,bus,bus:168001507,168001507,89507,봉수대로501번길,서구,서해구,원창동,,37.5207164,126.6506848,valid_header_swapped,true
20260228,bus,bus:168001506,168001506,89506,봉수대로501번길,서구,서해구,원창동,,37.5205023,126.6507164,valid_header_swapped,true
20260228,bus,bus:277104694,277104694,0,봉천터널진입(미정차),기타,기타,봉천동,,37.4699218,126.9499806,outside_incheon_bounds,false
20260228,bus,bus:166000191,166000191,40191,부개1동행정복지센터,부평구,부평구,부개2동,,37.4859302,126.7372888,valid_header_swapped,true
20260228,bus,bus:166000193,166000193,40193,부개1동행정복지센터,부평구,부평구,부개1동,,37.4858787,126.7377758,valid_header_swapped,true
20260228,bus,bus:166000385,166000385,40385,부개2동행정복지센터·부개주공7단지,부평구,부평구,부개2동,,37.4955817,126.7366926,valid_header_swapped,true
20260228,bus,bus:166000318,166000318,40318,부개2파출소,부평구,부평구,부개2동,,37.4937787,126.7345960,valid_header_swapped,true
20260228,bus,bus:166000329,166000329,40329,부개2파출소,부평구,부평구,부개2동,,37.4938321,126.7357002,valid_header_swapped,true
20260228,bus,bus:166000764,166000764,40764,부개2파출소,부평구,부평구,부개2동,,37.4932872,126.7346458,valid_header_swapped,true
20260228,bus,bus:166000317,166000317,40317,부개2파출소,부평구,부평구,부개2동,,37.4936028,126.7349329,valid_header_swapped,true
20260228,bus,bus:166000494,166000494,40494,부개3동행정복지센터,부평구,부평구,부개3동,,37.5040954,126.7345850,valid_header_swapped,true
20260228,bus,bus:166000486,166000486,40486,부개3동행정복지센터입구,부평구,부평구,부개3동,,37.5039929,126.7343776,valid_header_swapped,true
20260228,bus,bus:210000576,210000576,55021,부개6단지후문.웅진플레이,코드정보 없음,코드정보 없음,상3동,,37.4979270,126.7426987,valid_header_swapped,false
20260228,bus,bus:166000783,166000783,40783,부개고입구,부평구,부평구,부개2동,,37.4935639,126.7395405,valid_header_swapped,true
20260228,bus,bus:166000345,166000345,40345,부개고입구,부평구,부평구,부개2동,,37.4934197,126.7396442,valid_header_swapped,true
20260228,bus,bus:166000199,166000199,40199,부개농협,부평구,부평구,부개2동,,37.4867098,126.7373052,valid_header_swapped,true
20260228,bus,bus:166000201,166000201,40201,부개농협,부평구,부평구,부개2동,,37.4868690,126.7382790,valid_header_swapped,true
20260228,bus,bus:166000923,166000923,40923,부개사거리,부평구,부평구,부개동,,37.4862135,126.7400823,valid_header_swapped,true
20260228,bus,bus:166000243,166000243,40243,부개서초등학교,부평구,부평구,부개2동,,37.4899604,126.7343097,valid_header_swapped,true
20260228,bus,bus:166000428,166000428,40428,부개여고·부개119안전센터,부평구,부평구,부개2동,,37.4982240,126.7395641,valid_header_swapped,true
20260228,bus,bus:166000423,166000423,40423,부개여고·부개119안전센터,부평구,부평구,부개2동,,37.4980730,126.7393473,valid_header_swapped,true
20260228,bus,bus:166000422,166000422,40422,부개여자고등학교,부평구,부평구,부개2동,,37.4975907,126.7402396,valid_header_swapped,true
20260228,bus,bus:166000421,166000421,40421,부개여자고등학교,부평구,부평구,부개2동,,37.4973438,126.7402537,valid_header_swapped,true
20260228,bus,bus:166000222,166000222,40222,부개역,부평구,부평구,부개2동,,37.4869836,126.7392946,valid_header_swapped,true
20260228,bus,bus:166000932,166000932,40932,부개역,부평구,부평구,부개동,,37.4888867,126.7407734,valid_header_swapped,true
20260228,bus,bus:166000944,166000944,40944,부개역,부평구,부평구,부개동,,37.4886907,126.7417524,valid_header_swapped,true
20260228,bus,bus:166000223,166000223,40223,부개역,부평구,부평구,부개1동,,37.4872054,126.7395927,valid_header_swapped,true
20260228,bus,bus:166000256,166000256,40256,부개역,부평구,부평구,부개2동,,37.4893236,126.7400308,valid_header_swapped,true
20260228,bus,bus:166000301,166000301,40301,부개역코오롱하늘채,부평구,부평구,부개2동,,37.4924561,126.7406452,valid_header_swapped,true
20260228,bus,bus:166000293,166000293,40293,부개역코오롱하늘채,부평구,부평구,부개2동,,37.4921896,126.7408368,valid_header_swapped,true
20260228,bus,bus:166000458,166000458,40458,부개우체국,부평구,부평구,부개3동,,37.5000274,126.7394864,valid_header_swapped,true
20260228,bus,bus:166000504,166000504,40504,부개종합시장,부평구,부평구,부개3동,,37.5039576,126.7389461,valid_header_swapped,true
20260228,bus,bus:166000772,166000772,40772,부개주공2단지,부평구,부평구,부개3동,,37.5044511,126.7401387,valid_header_swapped,true
20260228,bus,bus:166000479,166000479,40479,부개주공3단지,부평구,부평구,부개3동,,37.5018524,126.7396683,valid_header_swapped,true
20260228,bus,bus:166000460,166000460,40460,부개주공3단지정문,부평구,부평구,부개3동,,37.5006948,126.7386844,valid_header_swapped,true
20260228,bus,bus:166000500,166000500,40500,부개주공3단지후문,부평구,부평구,부개3동,,37.5037893,126.7381868,valid_header_swapped,true
20260228,bus,bus:166000459,166000459,40459,부개주공6단지,부평구,부평구,부개3동,,37.5002257,126.7397597,valid_header_swapped,true
20260228,bus,bus:166000442,166000442,40442,부개주공6단지,부평구,부평구,부개3동,,37.4992907,126.7397330,valid_header_swapped,true
20260228,bus,bus:166000387,166000387,40387,부개주공7단지,부평구,부평구,부개2동,,37.4962674,126.7370345,valid_header_swapped,true
20260228,bus,bus:166000471,166000471,40471,부광여자고등학교,부평구,부평구,부개3동,,37.5022473,126.7363374,valid_header_swapped,true
20260228,bus,bus:166000440,166000440,40440,부광초등학교,부평구,부평구,부개3동,,37.5003606,126.7360111,valid_header_swapped,true
20260228,bus,bus:166000434,166000434,40434,부광초등학교,부평구,부평구,부개3동,,37.5002225,126.7361463,valid_header_swapped,true
20260228,bus,bus:169000586,169000586,43586,부근삼거리,강화군,강화군,하점면,,37.7691796,126.4442205,valid_header_swapped,true
20260228,bus,bus:169001403,169001403,90403,부근삼거리,강화군,강화군,송해면,,37.7695103,126.4442815,valid_header_swapped,true
20260228,bus,bus:169000652,169000652,43652,부근삼거리,강화군,강화군,하점면,,37.7694094,126.4438601,valid_header_swapped,true
20260228,bus,bus:169001404,169001404,90404,부근삼거리,강화군,강화군,송해면,,37.7694685,126.4441515,valid_header_swapped,true
20260228,bus,bus:169001107,169001107,90107,부대아래,강화군,강화군,송해면,,37.7963674,126.4393775,valid_header_swapped,true
20260228,bus,bus:169001106,169001106,90106,부대아래,강화군,강화군,송해면,,37.7963849,126.4392209,valid_header_swapped,true
20260228,bus,bus:169000435,169000435,43435,부대앞,강화군,강화군,송해면,,37.7816444,126.4687640,valid_header_swapped,true
20260228,bus,bus:167000322,167000322,41322,부대앞,계양구,계양구,계양1동,,37.5611165,126.7437888,valid_header_swapped,true
20260228,bus,bus:169000787,169000787,43787,부대앞,강화군,강화군,송해면,,37.7817291,126.4686946,valid_header_swapped,true
20260228,bus,bus:167000321,167000321,41321,부대앞,계양구,계양구,계양1동,,37.5614498,126.7437406,valid_header_swapped,true
20260228,bus,bus:217000468,217000468,18392,부대앞,기타,기타,대부남동,,37.2245870,126.5645468,valid_header_swapped,false
20260228,bus,bus:217000469,217000469,18397,부대앞,기타,기타,대부남동,,37.2247220,126.5645564,valid_header_swapped,false
20260228,bus,bus:168000343,168000343,42343,부대앞,서구,서해구,연희동,,37.5513488,126.6966213,valid_header_swapped,true
20260228,bus,bus:168000342,168000342,42342,부대앞,서구,서해구,연희동,,37.5509975,126.6969673,valid_header_swapped,true
20260228,bus,bus:167000532,167000532,41532,부대앞,계양구,계양구,계양1동,,37.5767700,126.7268279,valid_header_swapped,true
20260228,bus,bus:167000531,167000531,41531,부대앞,계양구,계양구,계양1동,,37.5768547,126.7268275,valid_header_swapped,true
20260228,bus,bus:164000594,164000594,38594,부대앞,연수구,연수구,동춘1동,,37.3954147,126.6630059,valid_header_swapped,true
20260228,bus,bus:210000288,210000288,55036,부명고.순천향대학병원,코드정보 없음,코드정보 없음,중1동,,37.4975723,126.7615765,valid_header_swapped,false
20260228,bus,bus:115000074,115000074,25027,부석마을.상사마을입구,코드정보 없음,코드정보 없음,방화제2동,,37.5826075,126.7985189,valid_header_swapped,false
20260228,bus,bus:166000208,166000208,40208,부원여중·동아아파트,부평구,부평구,부평3동,,37.4940661,126.7162474,valid_header_swapped,true
20260228,bus,bus:166000202,166000202,40202,부원여중·동아아파트,부평구,부평구,부평1동,,37.4938080,126.7164764,valid_header_swapped,true
20260228,bus,bus:166000789,166000789,40789,부원중학교,부평구,부평구,부평1동,,37.4910075,126.7174018,valid_header_swapped,true
20260228,bus,bus:166000181,166000181,40181,부원중학교,부평구,부평구,부평1동,,37.4912424,126.7173000,valid_header_swapped,true
20260228,bus,bus:212000166,212000166,57023,부천IC,코드정보 없음,코드정보 없음,신흥동,,37.5255943,126.7777692,valid_header_swapped,false
20260228,bus,bus:212000123,212000123,57025,부천IC,코드정보 없음,코드정보 없음,신흥동,,37.5259441,126.7772078,valid_header_swapped,false
20260228,bus,bus:277103846,277103846,57049,부천IC진입(미정차),코드정보 없음,코드정보 없음,신흥동,,37.5239547,126.7793797,valid_header_swapped,false
20260228,bus,bus:277103845,277103845,57050,부천IC출입(미정차),코드정보 없음,코드정보 없음,오정동,,37.5243879,126.7794304,valid_header_swapped,false
20260228,bus,bus:210000165,210000165,55061,부천시청역1번출구.부천아트센터,코드정보 없음,코드정보 없음,중1동,,37.5040908,126.7667687,valid_header_swapped,false
20260228,bus,bus:210000043,210000043,55054,부천시청역2번출구.현대백화점.이마트,코드정보 없음,코드정보 없음,중1동,,37.5033671,126.7630415,valid_header_swapped,false
20260228,bus,bus:210000166,210000166,55057,부천시청역3번출구.경기예고.현대백화점,코드정보 없음,코드정보 없음,중1동,,37.5047931,126.7612110,valid_header_swapped,false
20260228,bus,bus:210000161,210000161,55059,부천시청역4번출구.현대백화점.경기예고,코드정보 없음,코드정보 없음,중1동,,37.5052551,126.7612063,valid_header_swapped,false
20260228,bus,bus:210000406,210000406,55060,부천시청역5번출구,코드정보 없음,코드정보 없음,중1동,,37.5047489,126.7654847,valid_header_swapped,false
20260228,bus,bus:210000630,210000630,55075,부천실내체육관,코드정보 없음,코드정보 없음,중1동,,37.5139246,126.7603760,valid_header_swapped,false
20260228,bus,bus:212000389,212000389,57043,부천오정물류단지(중),코드정보 없음,코드정보 없음,오정동,,37.5319529,126.7698913,valid_header_swapped,false
20260228,bus,bus:212000390,212000390,57042,부천오정물류단지(중),코드정보 없음,코드정보 없음,오정동,,37.5317754,126.7678718,valid_header_swapped,false
20260228,bus,bus:212000121,212000121,57017,부천자동차검사소,코드정보 없음,코드정보 없음,신흥동,,37.5258718,126.7648510,valid_header_swapped,false
20260228,bus,bus:212000221,212000221,57041,부천자동차검사소,코드정보 없음,코드정보 없음,신흥동,,37.5256528,126.7648797,valid_header_swapped,false
20260228,bus,bus:210000160,210000160,55051,부천터미널소풍,코드정보 없음,코드정보 없음,상3동,,37.5043795,126.7577278,valid_header_swapped,false
20260228,bus,bus:212000204,212000204,57001,부천테크노파크1.2단지,코드정보 없음,코드정보 없음,신흥동,,37.5182610,126.7608345,valid_header_swapped,false
20260228,bus,bus:212000222,212000222,57003,부천테크노파크1단지,코드정보 없음,코드정보 없음,신흥동,,37.5185204,126.7613289,valid_header_swapped,false
20260228,bus,bus:212000187,212000187,13302,부천테크노파크301동앞,코드정보 없음,코드정보 없음,,,37.5181034,126.7643502,valid_header_swapped,false
20260228,bus,bus:210000392,210000392,11449,부천테크노파크401동앞,코드정보 없음,코드정보 없음,,,37.5178506,126.7646449,valid_header_swapped,false
20260228,bus,bus:166000744,166000744,40744,부평2동행정복지센터,부평구,부평구,부평2동,,37.4877951,126.7174282,valid_header_swapped,true
20260228,bus,bus:166000377,166000377,40377,부평4동성당,부평구,부평구,부평3동,,37.4981693,126.7277856,valid_header_swapped,true
20260228,bus,bus:166000922,166000922,40922,부평4동성당,부평구,부평구,부평4동,,37.4984366,126.7274645,valid_header_swapped,true
20260228,bus,bus:166000402,166000402,40402,부평4동행정복지센터,부평구,부평구,부평4동,,37.5011097,126.7254892,valid_header_swapped,true
20260228,bus,bus:166000416,166000416,40416,부평4동행정복지센터,부평구,부평구,부평4동,,37.5016837,126.7253159,valid_header_swapped,true
20260228,bus,bus:166000186,166000186,40186,부평6동우체국,부평구,부평구,부평6동,,37.4873407,126.7310552,valid_header_swapped,true
20260228,bus,bus:166000906,166000906,40906,부평6동행정복지센터,부평구,부평구,부평6동,,37.4853132,126.7263153,valid_header_swapped,true
20260228,bus,bus:167000640,167000640,41640,부평IC(미정차),계양구,계양구,작전2동,,37.5236585,126.7218410,valid_header_swapped,true
20260228,bus,bus:167000641,167000641,41641,부평IC(미정차),계양구,계양구,작전2동,,37.5239258,126.7217675,valid_header_swapped,true
20260228,bus,bus:166000161,166000161,40161,부평LH1단지·부평센트럴포레스트,부평구,부평구,부평3동,,37.4853913,126.7299214,valid_header_swapped,true
20260228,bus,bus:166000160,166000160,40160,부평LH1단지·부평센트럴포레스트,부평구,부평구,부평6동,,37.4852269,126.7301437,valid_header_swapped,true
20260228,bus,bus:166000282,166000282,40282,부평SKVIEW해모로아파트,부평구,부평구,부평3동,,37.4927498,126.7335110,valid_header_swapped,true
20260228,bus,bus:166000285,166000285,40285,부평SKVIEW해모로아파트,부평구,부평구,부평3동,,37.4929442,126.7336063,valid_header_swapped,true
20260228,bus,bus:166000323,166000323,40323,부평SKVIEW해모로아파트,부평구,부평구,부개2동,,37.4933968,126.7365508,valid_header_swapped,true
20260228,bus,bus:166000148,166000148,40148,부평감리교회,부평구,부평구,부평3동,,37.4877995,126.7175143,valid_header_swapped,true
20260228,bus,bus:166000468,166000468,40468,부평경찰서,부평구,부평구,청천2동,,37.5077446,126.7185183,valid_header_swapped,true
20260228,bus,bus:166000794,166000794,40794,부평경찰서,부평구,부평구,청천2동,,37.5075098,126.7184167,valid_header_swapped,true
20260228,bus,bus:166000584,166000584,40584,부평구노인복지관·삼산경찰서,부평구,부평구,삼산2동,,37.5112296,126.7339919,valid_header_swapped,true
20260228,bus,bus:166000890,166000890,40890,부평구보건소,부평구,부평구,부평4동,,37.4987034,126.7243959,valid_header_swapped,true
20260228,bus,bus:166000373,166000373,40373,부평구보건소,부평구,부평구,부평3동,,37.4989032,126.7250419,valid_header_swapped,true
20260228,bus,bus:166000372,166000372,40372,부평구보건소,부평구,부평구,부평3동,,37.4988271,126.7252339,valid_header_swapped,true
20260228,bus,bus:166000858,166000858,40858,부평구보건소,부평구,부평구,부평4동,,37.4983760,126.7243780,valid_header_swapped,true
20260228,bus,bus:166000651,166000651,40651,부평구자활센터,부평구,부평구,삼산1동,,37.5174749,126.7373183,valid_header_swapped,true
20260228,bus,bus:166000658,166000658,40658,부평구자활센터,부평구,부평구,삼산1동,,37.5182273,126.7379783,valid_header_swapped,true
20260228,bus,bus:166000482,166000482,40482,부평구청,부평구,부평구,부평4동,,37.5072321,126.7234516,valid_header_swapped,true
20260228,bus,bus:166000484,166000484,40484,부평구청,부평구,부평구,갈산2동,,37.5075005,126.7233664,valid_header_swapped,true
20260228,bus,bus:166000462,166000462,40462,부평구청,부평구,부평구,청천2동,,37.5066872,126.7206844,valid_header_swapped,true
20260228,bus,bus:166000492,166000492,40492,부평구청,부평구,부평구,청천2동,,37.5087100,126.7203521,valid_header_swapped,true
20260228,bus,bus:166000451,166000451,40451,부평구청·부평세무서,부평구,부평구,부평4동,,37.5052842,126.7215620,valid_header_swapped,true
20260228,bus,bus:166000841,166000841,40841,부평구청역,부평구,부평구,갈산2동,,37.5087483,126.7208375,valid_header_swapped,true
20260228,bus,bus:166000497,166000497,40497,부평기적의도서관,부평구,부평구,부개3동,,37.5030781,126.7397545,valid_header_swapped,true
20260228,bus,bus:166000490,166000490,40490,부평기적의도서관.삼부한신아파트,부평구,부평구,부개3동,,37.5025785,126.7399895,valid_header_swapped,true
20260228,bus,bus:166000169,166000169,40169,부평남부역,부평구,부평구,부평6동,,37.4873843,126.7262375,valid_header_swapped,true
20260228,bus,bus:166000170,166000170,40170,부평남부역입구,부평구,부평구,부평6동,,37.4876367,126.7262199,valid_header_swapped,true
20260228,bus,bus:166000141,166000141,40141,부평남초등학교,부평구,부평구,부평3동,,37.4865427,126.7205386,valid_header_swapped,true
20260228,bus,bus:166000136,166000136,40136,부평남초등학교앞,부평구,부평구,부평2동,,37.4862377,126.7204805,valid_header_swapped,true
20260228,bus,bus:165000772,165000772,39772,부평농장,남동구,남동구,간석3동,,37.4728821,126.7173589,valid_header_swapped,true
20260228,bus,bus:165000483,165000483,39483,부평농장사무소,남동구,남동구,간석2동,,37.4707231,126.7183131,valid_header_swapped,true
20260228,bus,bus:165000494,165000494,39494,부평농장의원입구,남동구,남동구,간석2동,,37.4755337,126.7154005,valid_header_swapped,true
20260228,bus,bus:166000082,166000082,40082,부평도서관,부평구,부평구,부평3동,,37.4847113,126.7053111,valid_header_swapped,true
20260228,bus,bus:166000084,166000084,40084,부평도서관,부평구,부평구,부평3동,,37.4851411,126.7055561,valid_header_swapped,true
20260228,bus,bus:210000015,210000015,55009,부평동중,코드정보 없음,코드정보 없음,상3동,,37.4958978,126.7420554,valid_header_swapped,false
20260228,bus,bus:166000406,166000406,40406,부평동중,부평구,부평구,부개2동,,37.4961153,126.7418545,valid_header_swapped,true
20260228,bus,bus:166000438,166000438,40438,부평래미안아파트,부평구,부평구,부평4동,,37.5036354,126.7254228,valid_header_swapped,true
20260228,bus,bus:166000437,166000437,40437,부평래미안아파트,부평구,부평구,부평4동,,37.5036028,126.7256330,valid_header_swapped,true
20260228,bus,bus:166000657,166000657,40657,부평북초등학교,부평구,부평구,갈산1동,,37.5209565,126.7291700,valid_header_swapped,true
20260228,bus,bus:166000656,166000656,40656,부평북초등학교,부평구,부평구,갈산1동,,37.5209781,126.7289495,valid_header_swapped,true
20260228,bus,bus:166000074,166000074,40074,부평사거리,부평구,부평구,부평3동,,37.4803264,126.7101374,valid_header_swapped,true
20260228,bus,bus:166000073,166000073,40073,부평사거리,부평구,부평구,부평3동,,37.4798445,126.7100467,valid_header_swapped,true
20260228,bus,bus:166000887,166000887,40887,부평사거리,부평구,부평구,부평3동,,37.4803542,126.7098600,valid_header_swapped,true
20260228,bus,bus:165000489,165000489,39489,부평삼거리,남동구,남동구,간석2동,,37.4763330,126.7099611,valid_header_swapped,true
20260228,bus,bus:165000491,165000491,39491,부평삼거리역,남동구,남동구,간석2동,,37.4767818,126.7104319,valid_header_swapped,true
20260228,bus,bus:166000066,166000066,40066,부평삼거리역,부평구,부평구,부평3동,,37.4760227,126.7094944,valid_header_swapped,true
20260228,bus,bus:166000263,166000263,40263,부평샬레아파트(세일고등학교),부평구,부평구,산곡1동,,37.5044337,126.6923356,valid_header_swapped,true
20260228,bus,bus:166000260,166000260,40260,부평샬레아파트(세일고등학교),부평구,부평구,산곡1동,,37.5045115,126.6919731,valid_header_swapped,true
20260228,bus,bus:166000092,166000092,40092,부평서중,부평구,부평구,부평3동,,37.4871611,126.7044707,valid_header_swapped,true
20260228,bus,bus:166000095,166000095,40095,부평서중,부평구,부평구,산곡3동,,37.4872965,126.7046373,valid_header_swapped,true
20260228,bus,bus:166000264,166000264,40264,부평시장,부평구,부평구,부평1동,,37.4951901,126.7225174,valid_header_swapped,true
20260228,bus,bus:166000283,166000283,40283,부평시장,부평구,부평구,부평4동,,37.4949968,126.7270241,valid_header_swapped,true
20260228,bus,bus:166000265,166000265,40265,부평시장,부평구,부평구,부평4동,,37.4953269,126.7229234,valid_header_swapped,true
20260228,bus,bus:166000290,166000290,40290,부평시장,부평구,부평구,부평3동,,37.4950204,126.7274071,valid_header_swapped,true
20260228,bus,bus:166000262,166000262,40262,부평시장,부평구,부평구,부평4동,,37.4949944,126.7229567,valid_header_swapped,true
20260228,bus,bus:166000295,166000295,40295,부평시장(가구의거리),부평구,부평구,부평4동,,37.4961091,126.7246987,valid_header_swapped,true
20260228,bus,bus:166000296,166000296,40296,부평시장(가구의거리),부평구,부평구,부평3동,,37.4961382,126.7249900,valid_header_swapped,true
20260228,bus,bus:166000303,166000303,40303,부평시장(당약국),부평구,부평구,부평3동,,37.4955518,126.7275734,valid_header_swapped,true
20260228,bus,bus:166000344,166000344,40344,부평시장(용갈비),부평구,부평구,부평3동,,37.4977727,126.7251428,valid_header_swapped,true
20260228,bus,bus:166000259,166000259,40259,부평시장(한남프라자),부평구,부평구,부평3동,,37.4939461,126.7259941,valid_header_swapped,true
20260228,bus,bus:166000336,166000336,40336,부평시장(한라비발디),부평구,부평구,부평4동,,37.4978220,126.7230672,valid_header_swapped,true
20260228,bus,bus:166000328,166000328,40328,부평시장(한라비발디),부평구,부평구,부평3동,,37.4977222,126.7234227,valid_header_swapped,true
20260228,bus,bus:166000361,166000361,40361,부평시장역,부평구,부평구,부평1동,,37.4994697,126.7219391,valid_header_swapped,true
20260228,bus,bus:166000368,166000368,40368,부평시장역(부평대로우체국),부평구,부평구,부평4동,,37.4997051,126.7223218,valid_header_swapped,true
20260228,bus,bus:166000288,166000288,40288,부평시장입구,부평구,부평구,부평1동,,37.4965028,126.7223483,valid_header_swapped,true
20260228,bus,bus:166000309,166000309,40309,부평시장입구(2번출구),부평구,부평구,부평4동,,37.4973099,126.7226386,valid_header_swapped,true
20260228,bus,bus:166000078,166000078,40078,부평아트센터,부평구,부평구,부평3동,,37.4821032,126.7052813,valid_header_swapped,true
20260228,bus,bus:166000709,166000709,40709,부평아트센터,부평구,부평구,부평3동,,37.4826390,126.7060515,valid_header_swapped,true
20260228,bus,bus:166000365,166000365,40365,부평여자고등학교,부평구,부평구,부평3동,,37.5006342,126.7188695,valid_header_swapped,true
20260228,bus,bus:166000410,166000410,40410,부평여자고등학교,부평구,부평구,부평1동,,37.5033390,126.7182339,valid_header_swapped,true
20260228,bus,bus:166000793,166000793,40793,부평여자고등학교,부평구,부평구,부평1동,,37.5034315,126.7197256,valid_header_swapped,true
20260228,bus,bus:166000726,166000726,40726,부평여자중학교,부평구,부평구,부개2동,,37.4936205,126.7386735,valid_header_swapped,true
20260228,bus,bus:166000342,166000342,40342,부평여자중학교,부평구,부평구,부개2동,,37.4935343,126.7380138,valid_header_swapped,true
20260228,bus,bus:166000237,166000237,40237,부평역,부평구,부평구,부평5동,,37.4925219,126.7249106,valid_header_swapped,true
20260228,bus,bus:166000190,166000190,40190,부평역,부평구,부평구,부평1동,,37.4911337,126.7204036,valid_header_swapped,true
20260228,bus,bus:166000239,166000239,40239,부평역,부평구,부평구,부평3동,,37.4924732,126.7245428,valid_header_swapped,true
20260228,bus,bus:166000226,166000226,40226,부평역,부평구,부평구,부평5동,,37.4921405,126.7245227,valid_header_swapped,true
20260228,bus,bus:166000228,166000228,40228,부평역,부평구,부평구,부평5동,,37.4926458,126.7232867,valid_header_swapped,true
20260228,bus,bus:166000209,166000209,40209,부평역,부평구,부평구,부평1동,,37.4911839,126.7253091,valid_header_swapped,true
20260228,bus,bus:166000927,166000927,40927,부평역,부평구,부평구,부평동,,37.4911769,126.7257048,valid_header_swapped,true
20260228,bus,bus:166000234,166000234,40234,부평역,부평구,부평구,부평1동,,37.4929743,126.7228473,valid_header_swapped,true
20260228,bus,bus:166000865,166000865,40865,부평역,부평구,부평구,부평5동,,37.4933833,126.7231300,valid_header_swapped,true
20260228,bus,bus:166000781,166000781,40781,부평역(12번출구),부평구,부평구,부평5동,,37.4914305,126.7256562,valid_header_swapped,true
20260228,bus,bus:166000224,166000224,40224,부평역(27번출구),부평구,부평구,부평1동,,37.4926853,126.7229175,valid_header_swapped,true
20260228,bus,bus:166000192,166000192,40192,부평역(CU편의점),부평구,부평구,부평1동,,37.4913624,126.7205684,valid_header_swapped,true
20260228,bus,bus:166000196,166000196,40196,부평역(대한극장),부평구,부평구,부평1동,,37.4911824,126.7216639,valid_header_swapped,true
20260228,bus,bus:166000246,166000246,40246,부평역(로터스프라자),부평구,부평구,부평5동,,37.4931251,126.7251831,valid_header_swapped,true
20260228,bus,bus:166000197,166000197,40197,부평역(북인천우체국),부평구,부평구,부평1동,,37.4914126,126.7213915,valid_header_swapped,true
20260228,bus,bus:166000609,166000609,40609,부평역사박물관,부평구,부평구,삼산2동,,37.5123431,126.7387282,valid_header_swapped,true
20260228,bus,bus:166000597,166000597,40597,부평역사박물관,부평구,부평구,삼산2동,,37.5115334,126.7377060,valid_header_swapped,true
20260228,bus,bus:166000798,166000798,40798,부평역사박물관,부평구,부평구,삼산2동,,37.5117864,126.7372747,valid_header_swapped,true
20260228,bus,bus:166000125,166000125,40125,부평역해링턴플레이스,부평구,부평구,부평3동,,37.4848468,126.7211068,valid_header_swapped,true
20260228,bus,bus:166000131,166000131,40131,부평역해링턴플레이스,부평구,부평구,부평3동,,37.4849691,126.7216145,valid_header_swapped,true
20260228,bus,bus:166000805,166000805,40805,부평역화성파크드림아파트,부평구,부평구,부평6동,,37.4856003,126.7271402,valid_header_swapped,true
20260228,bus,bus:166000804,166000804,40804,부평역화성파크드림아파트,부평구,부평구,부평6동,,37.4856852,126.7279944,valid_header_swapped,true
20260228,bus,bus:166000430,166000430,40430,부평우체국,부평구,부평구,산곡2동,,37.5082083,126.7071194,valid_header_swapped,true
20260228,bus,bus:166000432,166000432,40432,부평우체국,부평구,부평구,산곡2동,,37.5084571,126.7080411,valid_header_swapped,true
20260228,bus,bus:166000443,166000443,40443,부평우체국,부평구,부평구,산곡2동,,37.5090741,126.7091123,valid_header_swapped,true
20260228,bus,bus:166000768,166000768,40768,부평윤산부인과,부평구,부평구,부평3동,,37.5041311,126.7320908,valid_header_swapped,true
20260228,bus,bus:166000478,166000478,40478,부평윤산부인과,부평구,부평구,부평5동,,37.5042647,126.7319120,valid_header_swapped,true
20260228,bus,bus:166000871,166000871,40871,부평자이,부평구,부평구,일신동,,37.4790271,126.7497739,valid_header_swapped,true
20260228,bus,bus:166000647,166000647,40647,부평정수장,부평구,부평구,갈산1동,,37.5218114,126.7221831,valid_header_swapped,true
20260228,bus,bus:166000644,166000644,40644,부평제이타워3차지식산업센터,부평구,부평구,청천2동,,37.5213778,126.7217207,valid_header_swapped,true
20260228,bus,bus:166000481,166000481,40481,부평중앙침례교회,부평구,부평구,부평5동,,37.5040646,126.7331789,valid_header_swapped,true
20260228,bus,bus:166000931,166000931,40931,부평캐슬앤더샵퍼스트,부평구,부평구,청천동,,37.5147589,126.7019296,valid_header_swapped,true
20260228,bus,bus:166000404,166000404,40404,부평코오롱아파트106동,부평구,부평구,부개2동,,37.4976360,126.7363985,valid_header_swapped,true
20260228,bus,bus:166000357,166000357,40357,부평코오롱하늘채아파트,부평구,부평구,부개2동,,37.4950926,126.7356251,valid_header_swapped,true
20260228,bus,bus:166000360,166000360,40360,부평코오롱하늘채아파트,부평구,부평구,부개2동,,37.4952206,126.7354836,valid_header_swapped,true
20260228,bus,bus:166000615,166000615,40615,부평테크노타워,부평구,부평구,청천2동,,37.5198781,126.7150575,valid_header_swapped,true
20260228,bus,bus:166000616,166000616,40616,부평테크노타워,부평구,부평구,청천2동,,37.5199697,126.7155488,valid_header_swapped,true
20260228,bus,bus:167000175,167000175,41175,부현동초등학교,계양구,계양구,계산4동,,37.5343211,126.7413339,valid_header_swapped,true
20260228,bus,bus:166000412,166000412,40412,부흥로터리,부평구,부평구,부평4동,,37.4998948,126.7304587,valid_header_swapped,true
20260228,bus,bus:166000392,166000392,40392,부흥오거리(부흥아파트),부평구,부평구,부평5동,,37.4979018,126.7322829,valid_header_swapped,true
20260228,bus,bus:166000394,166000394,40394,부흥오거리(부흥아파트),부평구,부평구,부평5동,,37.4981159,126.7327012,valid_header_swapped,true
20260228,bus,bus:166000375,166000375,40375,부흥오거리(시장로),부평구,부평구,부평3동,,37.4976434,126.7296542,valid_header_swapped,true
20260228,bus,bus:166000374,166000374,40374,부흥오거리(시장로),부평구,부평구,부평3동,,37.4975147,126.7298332,valid_header_swapped,true
20260228,bus,bus:166000302,166000302,40302,부흥초교,부평구,부평구,부평3동,,37.4940303,126.7323322,valid_header_swapped,true
20260228,bus,bus:166000299,166000299,40299,부흥초등학교,부평구,부평구,부평3동,,37.4939328,126.7322457,valid_header_swapped,true
20260228,bus,bus:166000304,166000304,40304,부흥초등학교,부평구,부평구,부평5동,,37.4946979,126.7302688,valid_header_swapped,true
20260228,bus,bus:166000878,166000878,40878,부흥초등학교·굿케어요양병원,부평구,부평구,부평5동,,37.4954008,126.7299329,valid_header_swapped,true
20260228,bus,bus:170000069,170000069,44069,북1리정자,옹진군,옹진군,덕적면,,,,missing,false
20260228,bus,bus:170000071,170000071,44071,북2리능동,옹진군,옹진군,덕적면,,,,missing,false
20260228,bus,bus:170000019,170000019,44019,북도면사무소,옹진군,옹진군,북도면,,,,missing,false
20260228,bus,bus:217000382,217000382,62001,북동삼거리,코드정보 없음,코드정보 없음,대부동,,37.2719298,126.5712675,valid_header_swapped,false
20260228,bus,bus:217000381,217000381,62002,북동삼거리,코드정보 없음,코드정보 없음,대부동,,37.2718918,126.5711890,valid_header_swapped,false
20260228,bus,bus:232000581,232000581,80081,북변환승센터.구터미널,코드정보 없음,코드정보 없음,김포1동,,37.6266382,126.7127129,valid_header_swapped,false
20260228,bus,bus:232000580,232000580,80080,북변환승센터.구터미널,코드정보 없음,코드정보 없음,김포1동,,37.6265381,126.7122799,valid_header_swapped,false
20260228,bus,bus:169000764,169000764,43764,북성교회,강화군,강화군,양사면,,37.8166644,126.4194825,valid_header_swapped,true
20260228,bus,bus:169000744,169000744,43744,북성교회,강화군,강화군,양사면,,37.8169598,126.4195441,valid_header_swapped,true
20260228,bus,bus:169000528,169000528,43528,북성마을,강화군,강화군,불은면,,37.6701594,126.5094705,valid_header_swapped,true
20260228,bus,bus:169000136,169000136,43136,북성마을,강화군,강화군,불은면,,37.6699330,126.5095470,valid_header_swapped,true
20260228,bus,bus:167000008,167000008,41008,북인천여자중학교,계양구,계양구,효성2동,,37.5253518,126.7014453,valid_header_swapped,true
20260228,bus,bus:167000007,167000007,41007,북인천여자중학교,계양구,계양구,효성2동,,37.5251930,126.7006642,valid_header_swapped,true
20260228,bus,bus:167000016,167000016,41016,북인천여자중학교,계양구,계양구,효성2동,,37.5273638,126.7014701,valid_header_swapped,true
20260228,bus,bus:167000015,167000015,41015,북인천여자중학교,계양구,계양구,효성1동,,37.5274424,126.7012631,valid_header_swapped,true
20260228,bus,bus:168001287,168001287,89287,북인천하부TG(미정차),서구,서해구,검암경서동,,37.5547105,126.6168422,valid_header_swapped,true
20260228,bus,bus:168000901,168000901,42901,북인천하부TG(미정차),서구,서해구,검암경서동,,37.5543241,126.6169951,valid_header_swapped,true
20260228,bus,bus:170000040,170000040,44040,북포리,옹진군,옹진군,백령면,,,,missing,false
20260228,bus,bus:168001208,168001208,89208,북항다목적부두,서구,서해구,신현원창동,,37.5068261,126.6325921,valid_header_swapped,true
20260228,bus,bus:168001209,168001209,89209,북항다목적부두,서구,서해구,신현원창동,,37.5065672,126.6322045,valid_header_swapped,true
20260228,bus,bus:168001343,168001343,89343,북항배후단지입구,서구,서해구,원창동,,37.5011250,126.6283368,valid_header_swapped,true
20260228,bus,bus:168001414,168001414,89414,북항배후로입구,서구,서해구,청라동,,37.5148618,126.6133431,valid_header_swapped,true
20260228,bus,bus:168001210,168001210,89210,북항사업소,서구,서해구,신현원창동,,37.5050773,126.6283225,valid_header_swapped,true
20260228,bus,bus:168001211,168001211,89211,북항사업소,서구,서해구,신현원창동,,37.5047324,126.6287713,valid_header_swapped,true
20260228,bus,bus:168001305,168001305,89305,북항입구,서구,서해구,석남2동,,37.5065716,126.6468629,valid_header_swapped,true
20260228,bus,bus:168001304,168001304,89304,북항입구,서구,서해구,신현원창동,,37.5068017,126.6470205,valid_header_swapped,true
20260228,bus,bus:169000495,169000495,43495,분오리어판장,강화군,강화군,화도면,,37.5914401,126.4622828,valid_header_swapped,true
20260228,bus,bus:169000406,169000406,43406,분오리어판장,강화군,강화군,화도면,,37.5910459,126.4623007,valid_header_swapped,true
20260228,bus,bus:169000509,169000509,43509,분오저수지,강화군,강화군,화도면,,37.5964176,126.4618790,valid_header_swapped,true
20260228,bus,bus:169000493,169000493,43493,분오저수지,강화군,강화군,화도면,,37.5968996,126.4617476,valid_header_swapped,true
20260228,bus,bus:168000497,168000497,42497,불로대곡동행정복지센터,서구,검단구,불로대곡동,,37.6171145,126.6883237,valid_header_swapped,true
20260228,bus,bus:168000498,168000498,42498,불로대곡동행정복지센터,서구,검단구,불로대곡동,,37.6173285,126.6888070,valid_header_swapped,true
20260228,bus,bus:168001570,168001570,89570,불로삼거리,서구,검단구,불로동,,37.6127392,126.6836908,valid_header_swapped,true
20260228,bus,bus:168000648,168000648,42648,불로중학교,서구,검단구,불로대곡동,,37.6162296,126.6961175,valid_header_swapped,true
20260228,bus,bus:168000652,168000652,42652,불로중학교,서구,검단구,불로대곡동,,37.6156008,126.6965964,valid_header_swapped,true
20260228,bus,bus:169000035,169000035,43035,불은면주민센터,강화군,강화군,불은면,,37.6853482,126.4797296,valid_header_swapped,true
20260228,bus,bus:169000530,169000530,43530,불은초등학교,강화군,강화군,불은면,,37.6816242,126.4870739,valid_header_swapped,true
20260228,bus,bus:169000293,169000293,43293,불은초등학교,강화군,강화군,불은면,,37.6817874,126.4868777,valid_header_swapped,true
20260228,bus,bus:169000036,169000036,43036,불은파출소,강화군,강화군,불은면,,37.6853081,126.4794197,valid_header_swapped,true
20260228,bus,bus:170000173,170000173,44173,붉은노리삼거리,옹진군,옹진군,영흥면,,37.2521292,126.4756080,valid_header_swapped,true
20260228,bus,bus:170000112,170000112,44112,붉은노리삼거리,옹진군,옹진군,영흥면,,37.2524112,126.4751990,valid_header_swapped,true
20260228,bus,bus:168000805,168000805,42805,뷰티풀파크관리공단,서구,검단구,오류왕길동,,37.5873583,126.6040248,valid_header_swapped,true
20260228,bus,bus:168000806,168000806,42806,뷰티풀파크관리공단,서구,검단구,오류왕길동,,37.5872222,126.6042744,valid_header_swapped,true
20260228,bus,bus:168000803,168000803,42803,뷰티풀파크버스공영차고지,서구,검단구,오류왕길동,,37.5892958,126.6061276,valid_header_swapped,true
20260228,bus,bus:168000804,168000804,42804,뷰티풀파크버스공영차고지,서구,검단구,오류왕길동,,37.5891264,126.6063708,valid_header_swapped,true
20260228,bus,bus:166000659,166000659,40659,브라운스톤.엠코타운아파트,부평구,부평구,삼산1동,,37.5200527,126.7327124,valid_header_swapped,true
20260228,bus,bus:168000603,168000603,42603,브라운스톤더프라임,서구,서해구,석남3동,,37.5067389,126.6784329,valid_header_swapped,true
20260228,bus,bus:168000152,168000152,42152,브라운스톤더프라임,서구,서해구,석남3동,,37.5065330,126.6786332,valid_header_swapped,true
20260228,bus,bus:170000174,170000174,44174,블랙트리캠핑장,옹진군,옹진군,영흥면,,37.2645692,126.4483450,valid_header_swapped,true
20260228,bus,bus:170000124,170000124,44124,블랙트리캠핑장,옹진군,옹진군,영흥면,,37.2644142,126.4486120,valid_header_swapped,true
20260228,bus,bus:165000879,165000879,39879,블루오션골프클럽(앰코코리아),연수구,연수구,송도3동,,37.3576516,126.6544509,valid_header_swapped,true
20260228,bus,bus:164000261,164000261,38261,비류마을,연수구,연수구,연수1동,,37.4251254,126.6727377,valid_header_swapped,true
20260228,bus,bus:169000596,169000596,43596,비선삼거리,강화군,강화군,양도면,,37.6966152,126.4251389,valid_header_swapped,true
20260228,bus,bus:169000114,169000114,43114,비선삼거리,강화군,강화군,양도면,,37.6961986,126.4236410,valid_header_swapped,true
20260228,bus,bus:169000113,169000113,43113,비선삼거리,강화군,강화군,양도면,,37.6963198,126.4236278,valid_header_swapped,true
20260228,bus,bus:169000547,169000547,43547,비선삼거리,강화군,강화군,양도면,,37.6969269,126.4255437,valid_header_swapped,true
20260228,bus,bus:161000420,161000420,35420,비재고개,중구,영종구,용유동,,37.4458669,126.3849841,valid_header_swapped,true
20260228,bus,bus:161000421,161000421,35421,비재고개,중구,영종구,용유동,,37.4457876,126.3843983,valid_header_swapped,true
20260228,bus,bus:170000200,170000200,44200,비전교회,옹진군,옹진군,영흥면,,37.2629321,126.4580604,valid_header_swapped,true
20260228,bus,bus:166000171,166000171,40171,비젼교회,부평구,부평구,부개2동,,37.4849211,126.7344138,valid_header_swapped,true
20260228,bus,bus:168000670,168000670,42670,빈정공원,서구,서해구,검암경서동,,37.5567888,126.6728071,valid_header_swapped,true
20260228,bus,bus:168000571,168000571,42571,빈정공원,서구,서해구,검암경서동,,37.5569503,126.6725788,valid_header_swapped,true
20260228,bus,bus:168000327,168000327,42327,빈정내사거리,서구,서해구,연희동,,37.5531060,126.6732110,valid_header_swapped,true
20260228,bus,bus:168000329,168000329,42329,빈정내사거리,서구,서해구,연희동,,37.5538583,126.6729586,valid_header_swapped,true
20260228,bus,bus:170000038,170000038,44038,사곳,옹진군,옹진군,백령면,,,,missing,false
20260228,bus,bus:277103904,277103904,0,사당IC진입(미정차),기타,기타,사당동,,37.4702860,126.9833045,outside_incheon_bounds,false
20260228,bus,bus:277103902,277103902,0,사당IC출입(미정차),기타,기타,봉천동,,37.4703566,126.9842955,outside_incheon_bounds,false
20260228,bus,bus:121001325,121001325,22851,사당역14번출구,기타,기타,사당동,,37.4765680,126.9832885,outside_incheon_bounds,false
20260228,bus,bus:121000166,121000166,22242,사당역3번출구,기타,기타,사당동,,37.4753810,126.9819337,outside_incheon_bounds,false
20260228,bus,bus:210000061,210000061,55030,사랑마을벽산.선경.삼익아파트,코드정보 없음,코드정보 없음,상3동,,37.4961153,126.7560347,valid_header_swapped,false
20260228,bus,bus:165000131,165000131,39131,사리울삼거리,남동구,남동구,남촌도림동,,37.4132909,126.7141372,valid_header_swapped,true
20260228,bus,bus:165000128,165000128,39128,사리울삼거리,남동구,남동구,남촌도림동,,37.4132731,126.7137315,valid_header_swapped,true
20260228,bus,bus:165000924,165000924,39924,사리울중학교,남동구,남동구,논현고잔동,,37.3861371,126.7200928,valid_header_swapped,true
20260228,bus,bus:165000838,165000838,39838,사리울중학교,남동구,남동구,논현고잔동,,37.3868074,126.7205176,valid_header_swapped,true
20260228,bus,bus:165000713,165000713,39713,사리울초등학교후문,남동구,남동구,논현고잔동,,37.3890640,126.7234212,valid_header_swapped,true
20260228,bus,bus:169000866,169000866,43866,사슴농장,강화군,강화군,불은면,,37.6880429,126.5068184,valid_header_swapped,true
20260228,bus,bus:169000531,169000531,43531,사슴농장,강화군,강화군,불은면,,37.6881295,126.5067589,valid_header_swapped,true
20260228,bus,bus:161000731,161000731,35731,사시미재,중구,영종구,용유동,,37.3772667,126.4309777,valid_header_swapped,true
20260228,bus,bus:161000732,161000732,35732,사시미재,중구,영종구,용유동,,37.3773306,126.4308140,valid_header_swapped,true
20260228,bus,bus:161000608,161000608,35608,사업.행정지원센터,중구,영종구,영종동,,37.4797301,126.4793530,valid_header_swapped,true
20260228,bus,bus:161000607,161000607,35607,사업.행정지원센터,중구,영종구,영종동,,37.4794962,126.4796140,valid_header_swapped,true
20260228,bus,bus:168001037,168001037,89037,사염공원,서구,서해구,청라2동,,37.5416720,126.6394436,valid_header_swapped,true
20260228,bus,bus:168001038,168001038,89038,사염공원,서구,서해구,청라2동,,37.5420243,126.6394271,valid_header_swapped,true
20260228,bus,bus:232000426,232000426,80064,사우고.김포고(걸포사거리방면),기타,기타,김포1동,,37.6214767,126.7174058,valid_header_swapped,false
20260228,bus,bus:232000427,232000427,80024,사우고.김포시청,코드정보 없음,코드정보 없음,사우동,,37.6187070,126.7228789,valid_header_swapped,false
20260228,bus,bus:232000389,232000389,80377,사우고교.김포시청(직행),코드정보 없음,코드정보 없음,사우동,,37.6183504,126.7227903,valid_header_swapped,false
20260228,bus,bus:232000362,232000362,35246,사우역.김포고,기타,기타,김포시,,37.6215376,126.7164373,valid_header_swapped,false
20260228,bus,bus:232000968,232000968,80380,사우역.김포고(김포초교방면),기타,기타,김포1동,,37.6212983,126.7176793,valid_header_swapped,false
20260228,bus,bus:232000376,232000376,80376,사우역.김포고(직행),코드정보 없음,코드정보 없음,사우동,,37.6214256,126.7163567,valid_header_swapped,false
20260228,bus,bus:232000610,232000610,80043,사우역.김포고(직행),기타,기타,사우동,,37.6214593,126.7163774,valid_header_swapped,false
20260228,bus,bus:168000777,168000777,42777,사원아파트입구,서구,서해구,가좌1동,,37.4935393,126.6476043,valid_header_swapped,true
20260228,bus,bus:161000167,161000167,35167,사일로벽화,중구,제물포구,북성동,,37.4771266,126.6084912,valid_header_swapped,true
20260228,bus,bus:161000163,161000163,35163,사일로벽화,중구,제물포구,북성동,,37.4770021,126.6074148,valid_header_swapped,true
20260228,bus,bus:169001427,169001427,90427,사정,강화군,강화군,교동면,,37.8066362,126.2594709,valid_header_swapped,true
20260228,bus,bus:169001426,169001426,90426,사정,강화군,강화군,교동면,,37.8066509,126.2596168,valid_header_swapped,true
20260228,bus,bus:168000020,168000020,42020,사조해표,서구,서해구,가좌1동,,37.4875640,126.6606675,valid_header_swapped,true
20260228,bus,bus:168000019,168000019,42019,사조해표,서구,서해구,가좌1동,,37.4874108,126.6610753,valid_header_swapped,true
20260228,bus,bus:169000797,169000797,43797,사직(해나무),강화군,강화군,하점면,,37.7666940,126.4330279,valid_header_swapped,true
20260228,bus,bus:169000416,169000416,43416,사직(해나무),강화군,강화군,하점면,,37.7667275,126.4336457,valid_header_swapped,true
20260228,bus,bus:169000597,169000597,43597,사촌,강화군,강화군,하점면,,37.7628679,126.3748143,valid_header_swapped,true
20260228,bus,bus:169000785,169000785,43785,사촌,강화군,강화군,하점면,,37.7629637,126.3747703,valid_header_swapped,true
20260228,bus,bus:166000524,166000524,40524,삭은다리한국지엠,부평구,부평구,청천2동,,37.5108794,126.7205236,valid_header_swapped,true
20260228,bus,bus:166000525,166000525,40525,삭은다리한국지엠,부평구,부평구,갈산1동,,37.5108629,126.7209233,valid_header_swapped,true
20260228,bus,bus:166000156,166000156,40156,산곡3동행정복지센터,부평구,부평구,부평3동,,37.4906107,126.7096390,valid_header_swapped,true
20260228,bus,bus:166000383,166000383,40383,산곡교회,부평구,부평구,산곡4동,,37.5026124,126.7159600,valid_header_swapped,true
20260228,bus,bus:166000227,166000227,40227,산곡남초등학교,부평구,부평구,부평3동,,37.4976325,126.7070303,valid_header_swapped,true
20260228,bus,bus:166000785,166000785,40785,산곡동입구(롯데마트),부평구,부평구,산곡2동,,37.5052646,126.7035646,valid_header_swapped,true
20260228,bus,bus:166000779,166000779,40779,산곡동입구(롯데마트),부평구,부평구,산곡1동,,37.5052850,126.7031052,valid_header_swapped,true
20260228,bus,bus:166000313,166000313,40313,산곡동주안빌딩,부평구,부평구,부평3동,,37.4993964,126.7160031,valid_header_swapped,true
20260228,bus,bus:166000476,166000476,40476,산곡동천주교회,부평구,부평구,청천2동,,37.5126842,126.7040626,valid_header_swapped,true
20260228,bus,bus:166000473,166000473,40473,산곡동천주교회,부평구,부평구,산곡1동,,37.5125214,126.7037308,valid_header_swapped,true
20260228,bus,bus:166000215,166000215,40215,산곡여자중학교,부평구,부평구,부평3동,,37.4977036,126.7052827,valid_header_swapped,true
20260228,bus,bus:166000216,166000216,40216,산곡여자중학교,부평구,부평구,산곡2동,,37.4976178,126.7060878,valid_header_swapped,true
20260228,bus,bus:166000198,166000198,40198,산곡여자중학교,부평구,부평구,산곡2동,,37.4983015,126.7026473,valid_header_swapped,true
20260228,bus,bus:166000203,166000203,40203,산곡여자중학교,부평구,부평구,산곡1동,,37.4978501,126.7023787,valid_header_swapped,true
20260228,bus,bus:166000911,166000911,40911,산곡여자중학교(마장로삼거리),부평구,부평구,산곡동,,37.4969475,126.7026151,valid_header_swapped,true
20260228,bus,bus:166000420,166000420,40420,산곡역(1번출구),부평구,부평구,산곡2동,,37.5084486,126.7043492,valid_header_swapped,true
20260228,bus,bus:166000856,166000856,40856,산곡역(3번출구),부평구,부평구,산곡1동,,37.5072074,126.7032669,valid_header_swapped,true
20260228,bus,bus:166000429,166000429,40429,산곡역(6번출구),부평구,부평구,산곡1동,,37.5094813,126.7035055,valid_header_swapped,true
20260228,bus,bus:166000425,166000425,40425,산곡역(7번출구),부평구,부평구,산곡2동,,37.5092073,126.7037777,valid_header_swapped,true
20260228,bus,bus:166000320,166000320,40320,산곡중학교,부평구,부평구,부평3동,,37.5044487,126.7002377,valid_header_swapped,true
20260228,bus,bus:166000322,166000322,40322,산곡중학교,부평구,부평구,부평3동,,37.5046270,126.7006178,valid_header_swapped,true
20260228,bus,bus:166000354,166000354,40354,산곡한양7차·경남아파트302동앞,부평구,부평구,산곡2동,,37.5031911,126.7085130,valid_header_swapped,true
20260228,bus,bus:169000887,169000887,43887,산뒤,강화군,강화군,길상면,,37.6005544,126.4960213,valid_header_swapped,true
20260228,bus,bus:169000235,169000235,43235,산뒤,강화군,강화군,길상면,,37.6003354,126.4961194,valid_header_swapped,true
20260228,bus,bus:169001235,169001235,90235,산림조합앞,강화군,강화군,선원면,,37.7336163,126.4894838,valid_header_swapped,true
20260228,bus,bus:169001234,169001234,90234,산림조합앞,강화군,강화군,선원면,,37.7330212,126.4894349,valid_header_swapped,true
20260228,bus,bus:167000513,167000513,41513,산마루집,계양구,계양구,계양1동,,37.5794917,126.7009742,valid_header_swapped,true
20260228,bus,bus:167000497,167000497,41497,산마루집,계양구,계양구,계양1동,,37.5795597,126.7009760,valid_header_swapped,true
20260228,bus,bus:169000599,169000599,43599,산마을고등학교,강화군,강화군,양도면,,37.6849160,126.4240567,valid_header_swapped,true
20260228,bus,bus:169000116,169000116,43116,산마을고등학교,강화군,강화군,양도면,,37.6847365,126.4240508,valid_header_swapped,true
20260228,bus,bus:169000899,169000899,43899,산문입구,강화군,강화군,양도면,,37.6854740,126.4194308,valid_header_swapped,true
20260228,bus,bus:169000107,169000107,43107,산문입구,강화군,강화군,양도면,,37.6853533,126.4191277,valid_header_swapped,true
20260228,bus,bus:169000286,169000286,43286,산문입구,강화군,강화군,양도면,,37.6854806,126.4190875,valid_header_swapped,true
20260228,bus,bus:169000154,169000154,43154,산문종점,강화군,강화군,양도면,,37.6836036,126.4283547,valid_header_swapped,true
20260228,bus,bus:169000143,169000143,43143,산애들애,강화군,강화군,화도면,,37.6015153,126.4578149,valid_header_swapped,true
20260228,bus,bus:169000492,169000492,43492,산애들애,강화군,강화군,화도면,,37.6014935,126.4581656,valid_header_swapped,true
20260228,bus,bus:162000095,162000095,36095,산업단지사거리,동구,제물포구,송림4동,,37.4824358,126.6598909,valid_header_swapped,true
20260228,bus,bus:163000460,163000460,37460,산업단지사거리,미추홀구,미추홀구,도화23동,,37.4820436,126.6599099,valid_header_swapped,true
20260228,bus,bus:168000525,168000525,42525,산업용품센타,서구,서해구,가좌1동,,37.4877921,126.6562879,valid_header_swapped,true
20260228,bus,bus:168000524,168000524,42524,산업용품센타,동구,제물포구,송림4동,,37.4873997,126.6564435,valid_header_swapped,true
20260228,bus,bus:162000096,162000096,36096,산업용품유통센타23동,동구,제물포구,송림4동,,37.4837299,126.6564174,valid_header_swapped,true
20260228,bus,bus:162000097,162000097,36097,산업용품유통센타31동,동구,제물포구,송림4동,,37.4845946,126.6538777,valid_header_swapped,true
20260228,bus,bus:162000099,162000099,36099,산업용품유통센타39동,동구,제물포구,화수2동,,37.4857992,126.6515142,valid_header_swapped,true
20260228,bus,bus:162000156,162000156,36156,산업용품유통센터,동구,제물포구,송현3동,,37.4883752,126.6522586,valid_header_swapped,true
20260228,bus,bus:162000146,162000146,36146,산업용품유통센터1동,동구,제물포구,송현3동,,37.4889598,126.6534619,valid_header_swapped,true
20260228,bus,bus:162000157,162000157,36157,산업용품유통센터39동,동구,제물포구,송림6동,,37.4856124,126.6513236,valid_header_swapped,true
20260228,bus,bus:162000101,162000101,36101,산업용품유통센터C동,동구,제물포구,송림4동,,37.4856253,126.6563607,valid_header_swapped,true
20260228,bus,bus:169000850,169000850,43850,산우리고개,강화군,강화군,내가면,,37.7248941,126.4027022,valid_header_swapped,true
20260228,bus,bus:169000337,169000337,43337,산우리고개,강화군,강화군,내가면,,37.7249710,126.4027124,valid_header_swapped,true
20260228,bus,bus:232000280,232000280,80004,산음입구,코드정보 없음,코드정보 없음,대곶면,,37.6457614,126.5601205,valid_header_swapped,false
20260228,bus,bus:232000277,232000277,80005,산음입구,코드정보 없음,코드정보 없음,대곶면,,37.6455543,126.5611442,valid_header_swapped,false
20260228,bus,bus:169000217,169000217,43217,산촌마을,강화군,강화군,길상면,,37.6581145,126.4764038,valid_header_swapped,true
20260228,bus,bus:169000308,169000308,43308,산촌마을,강화군,강화군,길상면,,37.6581805,126.4763127,valid_header_swapped,true
20260228,bus,bus:232000329,232000329,80059,산호아파트앞,코드정보 없음,코드정보 없음,김포1동,,37.6297514,126.7049664,valid_header_swapped,false
20260228,bus,bus:169000388,169000388,43388,산화고개,강화군,강화군,하점면,,37.7404585,126.3850660,valid_header_swapped,true
20260228,bus,bus:169000271,169000271,43271,산화고개,강화군,강화군,하점면,,37.7404770,126.3851913,valid_header_swapped,true
20260228,bus,bus:170000022,170000022,44022,삼거리앞,옹진군,옹진군,북도면,,,,missing,false
20260228,bus,bus:163000403,163000403,37403,삼덕아파트,미추홀구,미추홀구,도화23동,,37.4678622,126.6696711,valid_header_swapped,true
20260228,bus,bus:163000404,163000404,37404,삼덕아파트,미추홀구,미추홀구,도화23동,,37.4680822,126.6695680,valid_header_swapped,true
20260228,bus,bus:169000227,169000227,43227,삼동암리마을회관,강화군,강화군,불은면,,37.6918857,126.4671005,valid_header_swapped,true
20260228,bus,bus:169000169,169000169,43169,삼동암리마을회관,강화군,강화군,불은면,,37.6918119,126.4670072,valid_header_swapped,true
20260228,bus,bus:162000051,162000051,36051,삼두2차아파트,동구,제물포구,화수2동,,37.4812941,126.6350186,valid_header_swapped,true
20260228,bus,bus:168001323,168001323,89323,삼라마이다스아파트,서구,검단구,대곡동,,37.6120273,126.6740778,valid_header_swapped,true
20260228,bus,bus:168001317,168001317,89317,삼라마이다스아파트,서구,검단구,대곡동,,37.6119967,126.6738776,valid_header_swapped,true
20260228,bus,bus:170000023,170000023,44023,삼목사거리,옹진군,옹진군,북도면,,,,missing,false
20260228,bus,bus:161000088,161000088,35088,삼목사거리,중구,영종구,운서동,,37.4934246,126.4805950,valid_header_swapped,true
20260228,bus,bus:161000311,161000311,35311,삼목선착장,중구,영종구,영종동,,37.4988404,126.4540336,valid_header_swapped,true
20260228,bus,bus:161000077,161000077,35077,삼목선착장(운서역행),중구,영종구,영종동,,37.4988417,126.4539986,valid_header_swapped,true
20260228,bus,bus:161000058,161000058,35058,삼목선착장입구,중구,영종구,운서동,,37.4930196,126.4554724,valid_header_swapped,true
20260228,bus,bus:161000059,161000059,35059,삼목선착장입구,중구,영종구,운서동,,37.4922166,126.4557029,valid_header_swapped,true
20260228,bus,bus:170000025,170000025,44025,삼목주차장,옹진군,옹진군,북도면,,,,missing,false
20260228,bus,bus:161000310,161000310,35310,삼목초등학교,중구,영종구,운서동,,37.5000004,126.4852569,valid_header_swapped,true
20260228,bus,bus:161000341,161000341,35341,삼목초등학교,중구,영종구,운서동,,37.4999654,126.4855522,valid_header_swapped,true
20260228,bus,bus:224001172,224001172,25915,삼미시장,기타,기타,신천동,,37.4411311,126.7838930,valid_header_swapped,false
20260228,bus,bus:224000545,224000545,70172,삼미시장,코드정보 없음,코드정보 없음,신천동,,37.4409961,126.7838196,valid_header_swapped,false
20260228,bus,bus:224000524,224000524,70173,삼미시장,코드정보 없음,코드정보 없음,신천동,,37.4411077,126.7839580,valid_header_swapped,false
20260228,bus,bus:166000172,166000172,40172,삼미타운.e편한세상아파트,부평구,부평구,부개2동,,37.4851183,126.7346522,valid_header_swapped,true
20260228,bus,bus:166000796,166000796,40796,삼보새마을금고,부평구,부평구,삼산1동,,37.5197283,126.7379457,valid_header_swapped,true
20260228,bus,bus:168000350,168000350,42350,삼보아파트,서구,서해구,검암경서동,,37.5621085,126.6733507,valid_header_swapped,true
20260228,bus,bus:168000351,168000351,42351,삼보아파트,서구,서해구,검암경서동,,37.5622549,126.6731703,valid_header_swapped,true
20260228,bus,bus:166000679,166000679,40679,삼보아파트,부평구,부평구,삼산1동,,37.5219978,126.7382904,valid_header_swapped,true
20260228,bus,bus:166000308,166000308,40308,삼보아파트,부평구,부평구,산곡1동,,37.5045701,126.6987231,valid_header_swapped,true
20260228,bus,bus:166000677,166000677,40677,삼보아파트,부평구,부평구,삼산1동,,37.5219200,126.7381189,valid_header_swapped,true
20260228,bus,bus:166000298,166000298,40298,삼보아파트,부평구,부평구,부평3동,,37.5046197,126.6975974,valid_header_swapped,true
20260228,bus,bus:166000786,166000786,40786,삼보아파트,부평구,부평구,산곡1동,,37.5047385,126.6986073,valid_header_swapped,true
20260228,bus,bus:167000205,167000205,41205,삼보아파트(계양구청),계양구,계양구,계산4동,,37.5376137,126.7405740,valid_header_swapped,true
20260228,bus,bus:168001586,168001586,89586,삼보해피하임아파트,서구,검단구,불로동,,37.6097648,126.6846155,valid_header_swapped,true
20260228,bus,bus:168001587,168001587,89587,삼보해피하임아파트,서구,검단구,불로동,,37.6097924,126.6843665,valid_header_swapped,true
20260228,bus,bus:166000766,166000766,40766,삼산경찰서,부평구,부평구,삼산2동,,37.5108471,126.7317514,valid_header_swapped,true
20260228,bus,bus:166000689,166000689,40689,삼산고등학교(미래타운3단지),부평구,부평구,삼산1동,,37.5220573,126.7457226,valid_header_swapped,true
20260228,bus,bus:166000686,166000686,40686,삼산고등학교(미래타운4단지),부평구,부평구,삼산1동,,37.5218872,126.7445634,valid_header_swapped,true
20260228,bus,bus:169001171,169001171,90171,삼산군립어린이집,강화군,강화군,삼산면,,37.6682643,126.3453660,valid_header_swapped,true
20260228,bus,bus:169001172,169001172,90172,삼산군립어린이집,강화군,강화군,삼산면,,37.6681991,126.3453296,valid_header_swapped,true
20260228,bus,bus:166000527,166000527,40527,삼산글로리병원,부평구,부평구,삼산2동,,37.5070352,126.7353896,valid_header_swapped,true
20260228,bus,bus:166000687,166000687,40687,삼산농산물시장,부평구,부평구,삼산1동,,37.5214313,126.7466932,valid_header_swapped,true
20260228,bus,bus:166000830,166000830,40830,삼산동차고지,부평구,부평구,삼산1동,,37.5194728,126.7511290,valid_header_swapped,true
20260228,bus,bus:169001149,169001149,90149,삼산면사무소,강화군,강화군,삼산면,,37.7050379,126.3209553,valid_header_swapped,true
20260228,bus,bus:169001150,169001150,90150,삼산면사무소,강화군,강화군,삼산면,,37.7050018,126.3208607,valid_header_swapped,true
20260228,bus,bus:166000924,166000924,40924,삼산사거리,부평구,부평구,갈산1동,,37.5176405,126.7309885,valid_header_swapped,true
20260228,bus,bus:166000690,166000690,40690,삼산사거리,부평구,부평구,삼산1동,,37.5177036,126.7334500,valid_header_swapped,true
20260228,bus,bus:166000691,166000691,40691,삼산사거리,부평구,부평구,갈산1동,,37.5169432,126.7321111,valid_header_swapped,true
20260228,bus,bus:166000638,166000638,40638,삼산사거리,부평구,부평구,삼산2동,,37.5165273,126.7323713,valid_header_swapped,true
20260228,bus,bus:166000646,166000646,40646,삼산사거리(한국아파트),부평구,부평구,삼산2동,,37.5174314,126.7345991,valid_header_swapped,true
20260228,bus,bus:166000645,166000645,40645,삼산사거리.한국아파트,부평구,부평구,삼산1동,,37.5176664,126.7340513,valid_header_swapped,true
20260228,bus,bus:166000668,166000668,40668,삼산새마을금고,부평구,부평구,삼산1동,,37.5198432,126.7381106,valid_header_swapped,true
20260228,bus,bus:166000589,166000589,40589,삼산서해그랑블,부평구,부평구,삼산2동,,37.5096674,126.7411677,valid_header_swapped,true
20260228,bus,bus:166000613,166000613,40613,삼산서해아파트,부평구,부평구,삼산2동,,37.5119331,126.7404947,valid_header_swapped,true
20260228,bus,bus:166000532,166000532,40532,삼산월드체육관,부평구,부평구,부개3동,,37.5065780,126.7380557,valid_header_swapped,true
20260228,bus,bus:166000543,166000543,40543,삼산월드체육관,부평구,부평구,삼산2동,,37.5067258,126.7392766,valid_header_swapped,true
20260228,bus,bus:166000571,166000571,40571,삼산월드체육관,부평구,부평구,삼산2동,,37.5085073,126.7397011,valid_header_swapped,true
20260228,bus,bus:166000535,166000535,40535,삼산월드체육관,부평구,부평구,삼산2동,,37.5068340,126.7381494,valid_header_swapped,true
20260228,bus,bus:166000802,166000802,40802,삼산월드체육관(삼산주공6단지),부평구,부평구,삼산2동,,37.5085496,126.7378406,valid_header_swapped,true
20260228,bus,bus:169001246,169001246,90246,삼산저수지앞,강화군,강화군,삼산면,,37.7078213,126.2923332,valid_header_swapped,true
20260228,bus,bus:169001245,169001245,90245,삼산저수지앞,강화군,강화군,삼산면,,37.7078690,126.2924603,valid_header_swapped,true
20260228,bus,bus:166000780,166000780,40780,삼산주공1단지,부평구,부평구,삼산1동,,37.5171924,126.7408188,valid_header_swapped,true
20260228,bus,bus:166000908,166000908,40908,삼산주공1단지(상가앞),부평구,부평구,삼산1동,,37.5172647,126.7397986,valid_header_swapped,true
20260228,bus,bus:166000591,166000591,40591,삼산주공4단지,부평구,부평구,삼산2동,,37.5097776,126.7414897,valid_header_swapped,true
20260228,bus,bus:166000801,166000801,40801,삼산주공7단지,부평구,부평구,삼산2동,,37.5087252,126.7340851,valid_header_swapped,true
20260228,bus,bus:166000547,166000547,40547,삼산주공7단지,부평구,부평구,삼산2동,,37.5084844,126.7340686,valid_header_swapped,true
20260228,bus,bus:166000636,166000636,40636,삼산중학교,부평구,부평구,삼산2동,,37.5161366,126.7352836,valid_header_swapped,true
20260228,bus,bus:166000637,166000637,40637,삼산중학교,부평구,부평구,삼산2동,,37.5162623,126.7355082,valid_header_swapped,true
20260228,bus,bus:166000539,166000539,40539,삼산체육관역(호수공원),부평구,부평구,부개2동,,37.5054658,126.7427071,valid_header_swapped,true
20260228,bus,bus:166000536,166000536,40536,삼산체육관역(호수공원),부평구,부평구,부개3동,,37.5053979,126.7423253,valid_header_swapped,true
20260228,bus,bus:210000229,210000229,55041,삼산체육관역.상동호수공원,코드정보 없음,코드정보 없음,상3동,,37.5066951,126.7443702,valid_header_swapped,false
20260228,bus,bus:210000228,210000228,55040,삼산체육관역.상동호수공원,코드정보 없음,코드정보 없음,상3동,,37.5062808,126.7443434,valid_header_swapped,false
20260228,bus,bus:210000001,210000001,55044,삼산체육관역.영상문화단지정문,코드정보 없음,코드정보 없음,상3동,,37.5078174,126.7421150,valid_header_swapped,false
20260228,bus,bus:166000588,166000588,40588,삼산타운1단지,부평구,부평구,삼산2동,,37.5126149,126.7319325,valid_header_swapped,true
20260228,bus,bus:166000585,166000585,40585,삼산타운1단지정문,부평구,부평구,삼산2동,,37.5115376,126.7337334,valid_header_swapped,true
20260228,bus,bus:166000612,166000612,40612,삼산타운1단지후문,부평구,부평구,삼산2동,,37.5130373,126.7354539,valid_header_swapped,true
20260228,bus,bus:166000611,166000611,40611,삼산타운1단지후문,부평구,부평구,삼산2동,,37.5135901,126.7350890,valid_header_swapped,true
20260228,bus,bus:166000608,166000608,40608,삼산타운4단지,부평구,부평구,삼산2동,,37.5112601,126.7438630,valid_header_swapped,true
20260228,bus,bus:166000580,166000580,40580,삼산타운6단지,부평구,부평구,삼산2동,,37.5094409,126.7366830,valid_header_swapped,true
20260228,bus,bus:166000576,166000576,40576,삼산타운7단지,부평구,부평구,삼산2동,,37.5098429,126.7363946,valid_header_swapped,true
20260228,bus,bus:166000653,166000653,40653,삼산푸른솔마을,부평구,부평구,삼산2동,,37.5170039,126.7400924,valid_header_swapped,true
20260228,bus,bus:169001280,169001280,90280,삼선1리마을회관,강화군,강화군,교동면,,37.7939285,126.2665716,valid_header_swapped,true
20260228,bus,bus:169001263,169001263,90263,삼선1리마을회관,강화군,강화군,교동면,,37.7939890,126.2667545,valid_header_swapped,true
20260228,bus,bus:169001262,169001262,90262,삼선1리삼거리,강화군,강화군,교동면,,37.7915226,126.2680092,valid_header_swapped,true
20260228,bus,bus:169001281,169001281,90281,삼선1리삼거리,강화군,강화군,교동면,,37.7913833,126.2678749,valid_header_swapped,true
20260228,bus,bus:169001265,169001265,90265,삼선2리마을회관,강화군,강화군,교동면,,37.7958073,126.2613774,valid_header_swapped,true
20260228,bus,bus:169001278,169001278,90278,삼선2리마을회관,강화군,강화군,교동면,,37.7956457,126.2612726,valid_header_swapped,true
20260228,bus,bus:169001279,169001279,90279,삼선2리입구,강화군,강화군,교동면,,37.7949939,126.2634203,valid_header_swapped,true
20260228,bus,bus:169001264,169001264,90264,삼선2리입구,강화군,강화군,교동면,,37.7951616,126.2634904,valid_header_swapped,true
20260228,bus,bus:165000864,165000864,39864,삼성바이오로직스,연수구,연수구,송도3동,,37.3658667,126.6579465,valid_header_swapped,true
20260228,bus,bus:165000863,165000863,39863,삼성바이오로직스,연수구,연수구,송도3동,,37.3648871,126.6576607,valid_header_swapped,true
20260228,bus,bus:165000920,165000920,39920,삼성바이오로직스,연수구,연수구,송도3동,,37.3690639,126.6568679,valid_header_swapped,true
20260228,bus,bus:163000572,163000572,37572,삼성빌라(종점),미추홀구,미추홀구,도화1동,,37.4590502,126.6687906,valid_header_swapped,true
20260228,bus,bus:122000742,122000742,23396,삼성서초역삼세무서,기타,기타,역삼,,37.4984011,127.0297354,outside_incheon_bounds,false
20260228,bus,bus:161000140,161000140,35140,삼성아파트,중구,제물포구,신포동,,37.4657245,126.6299397,valid_header_swapped,true
20260228,bus,bus:164000077,164000077,38077,삼성아파트,연수구,연수구,동춘3동,,37.4073515,126.6770562,valid_header_swapped,true
20260228,bus,bus:164000125,164000125,38125,삼성아파트.남인천농협,연수구,연수구,옥련1동,,37.4242996,126.6453116,valid_header_swapped,true
20260228,bus,bus:165000085,165000085,39085,삼양감속기,남동구,남동구,논현고잔동,,37.4113390,126.6964933,valid_header_swapped,true
20260228,bus,bus:161000571,161000571,35571,삼양베이커,중구,제물포구,북성동,,37.4688900,126.6068718,valid_header_swapped,true
20260228,bus,bus:161000131,161000131,35131,삼양베이커,중구,제물포구,북성동,,37.4689591,126.6066159,valid_header_swapped,true
20260228,bus,bus:168000027,168000027,42027,삼양사인천1공장,서구,서해구,가좌3동,,37.4848104,126.6772686,valid_header_swapped,true
20260228,bus,bus:168000031,168000031,42031,삼양사인천1공장,서구,서해구,가좌4동,,37.4849173,126.6777292,valid_header_swapped,true
20260228,bus,bus:168000068,168000068,42068,삼영물류,서구,서해구,가좌1동,,37.4990802,126.6539720,valid_header_swapped,true
20260228,bus,bus:163000279,163000279,37279,삼영아파트,미추홀구,미추홀구,주안8동,,37.4480392,126.6912394,valid_header_swapped,true
20260228,bus,bus:163000116,163000116,37116,삼영아파트,미추홀구,미추홀구,문학동,,37.4384185,126.6847866,valid_header_swapped,true
20260228,bus,bus:168000085,168000085,42085,삼영아파트,서구,서해구,가좌1동,,37.4962992,126.6718052,valid_header_swapped,true
20260228,bus,bus:163000280,163000280,37280,삼영아파트,미추홀구,미추홀구,주안8동,,37.4483684,126.6907623,valid_header_swapped,true
20260228,bus,bus:168001055,168001055,89055,삼영테크,서구,검단구,오류왕길동,,37.5965834,126.6192240,valid_header_swapped,true
20260228,bus,bus:168001062,168001062,89062,삼영테크,서구,검단구,오류왕길동,,37.5967509,126.6194134,valid_header_swapped,true
20260228,bus,bus:165000041,165000041,39041,삼원페트라,남동구,남동구,논현고잔동,,37.4005894,126.6852727,valid_header_swapped,true
20260228,bus,bus:163000111,163000111,37111,삼은교회,미추홀구,미추홀구,용현5동,,37.4530889,126.6358178,valid_header_swapped,true
20260228,bus,bus:165000249,165000249,39249,삼익.광명아파트,남동구,남동구,만수6동,,37.4422754,126.7389368,valid_header_swapped,true
20260228,bus,bus:165000247,165000247,39247,삼익.광명아파트,남동구,남동구,만수6동,,37.4422697,126.7386758,valid_header_swapped,true
20260228,bus,bus:161000136,161000136,35136,삼익아파트,중구,제물포구,신흥동,,37.4639918,126.6331198,valid_header_swapped,true
20260228,bus,bus:162000017,162000017,36017,삼익아파트.달동네박물관,동구,제물포구,송림4동,,37.4749087,126.6418948,valid_header_swapped,true
20260228,bus,bus:165000097,165000097,39097,삼일산업,남동구,남동구,논현2동,,37.4118963,126.7032810,valid_header_swapped,true
20260228,bus,bus:212000333,212000333,57040,삼정동중소기업협동화단지,코드정보 없음,코드정보 없음,신흥동,,37.5258549,126.7618342,valid_header_swapped,false
20260228,bus,bus:212000125,212000125,57015,삼정동중소기업협동화단지,코드정보 없음,코드정보 없음,신흥동,,37.5256436,126.7624309,valid_header_swapped,false
20260228,bus,bus:212000154,212000154,57011,삼정사거리,코드정보 없음,코드정보 없음,신흥동,,37.5200956,126.7707695,valid_header_swapped,false
20260228,bus,bus:212000135,212000135,57012,삼정사거리,코드정보 없음,코드정보 없음,신흥동,,37.5202868,126.7712407,valid_header_swapped,false
20260228,bus,bus:212000035,212000035,57009,삼정초등학교,코드정보 없음,코드정보 없음,신흥동,,37.5192002,126.7702671,valid_header_swapped,false
20260228,bus,bus:212000040,212000040,57008,삼정초등학교,코드정보 없음,코드정보 없음,신흥동,,37.5191774,126.7700165,valid_header_swapped,false
20260228,bus,bus:168000443,168000443,42443,삼정프라자,서구,검단구,원당동,,37.5938041,126.6966838,valid_header_swapped,true
20260228,bus,bus:165000040,165000040,39040,삼진금속,남동구,남동구,논현고잔동,,37.3941625,126.7039903,valid_header_swapped,true
20260228,bus,bus:167000178,167000178,41178,삼천리1차아파트,계양구,계양구,계산1동,,37.5390926,126.7280800,valid_header_swapped,true
20260228,bus,bus:167000179,167000179,41179,삼천리1차아파트,계양구,계양구,계산3동,,37.5390699,126.7282757,valid_header_swapped,true
20260228,bus,bus:167000150,167000150,41150,삼천리3차아파트,계양구,계양구,계산1동,,37.5365474,126.7279168,valid_header_swapped,true
20260228,bus,bus:167000159,167000159,41159,삼천리3차아파트,계양구,계양구,계산3동,,37.5367138,126.7281352,valid_header_swapped,true
20260228,bus,bus:165001017,165001017,92017,삼천리기계,남동구,남동구,논현고잔동,,37.3958212,126.6908476,valid_header_swapped,true
20260228,bus,bus:165001018,165001018,92018,삼천리기계,남동구,남동구,논현고잔동,,37.3954875,126.6911460,valid_header_swapped,true
20260228,bus,bus:165000940,165000940,39940,삼호제강2공장,남동구,남동구,논현고잔동,,37.3866850,126.6981590,valid_header_swapped,true
20260228,bus,bus:165000939,165000939,39939,삼호제강2공장,남동구,남동구,논현고잔동,,37.3863016,126.6981547,valid_header_swapped,true
20260228,bus,bus:163000252,163000252,37252,삼환1단지아파트,미추홀구,미추홀구,관교동,,37.4450698,126.6953541,valid_header_swapped,true
20260228,bus,bus:165000299,165000299,39299,삼환아파트,남동구,남동구,만수1동,,37.4485419,126.7329911,valid_header_swapped,true
20260228,bus,bus:164000063,164000063,38063,삼환아파트,연수구,연수구,동춘3동,,37.4045196,126.6778619,valid_header_swapped,true
20260228,bus,bus:165000316,165000316,39316,삼환아파트,남동구,남동구,만수1동,,37.4491122,126.7343794,valid_header_swapped,true
20260228,bus,bus:165000296,165000296,39296,삼환아파트,남동구,남동구,만수3동,,37.4482062,126.7332510,valid_header_swapped,true
20260228,bus,bus:165000328,165000328,39328,삼환아파트,남동구,남동구,만수1동,,37.4497667,126.7343911,valid_header_swapped,true
20260228,bus,bus:165000323,165000323,39323,삼환아파트,남동구,남동구,만수3동,,37.4498523,126.7330789,valid_header_swapped,true
20260228,bus,bus:232000031,232000031,80058,삼환아파트,코드정보 없음,코드정보 없음,김포2동,,37.6270341,126.6999207,valid_header_swapped,false
20260228,bus,bus:169001342,169001342,90342,상1리마을회관(창말),강화군,강화군,삼산면,,37.7338315,126.3091764,valid_header_swapped,true
20260228,bus,bus:169001339,169001339,90339,상1리마을회관(창말),강화군,강화군,삼산면,,37.7337095,126.3092540,valid_header_swapped,true
20260228,bus,bus:210000083,210000083,11047,상1주민지원센터,기타,기타,경기도 부천시,,37.4914775,126.7523732,valid_header_swapped,false
20260228,bus,bus:210000074,210000074,55074,상1주민지원센터,코드정보 없음,코드정보 없음,중1동,,37.5093952,126.7698961,valid_header_swapped,false
20260228,bus,bus:169001337,169001337,90337,상2리마을회관,강화군,강화군,삼산면,,37.7319922,126.3056792,valid_header_swapped,true
20260228,bus,bus:169001343,169001343,90343,상2리마을회관,강화군,강화군,삼산면,,37.7320957,126.3055995,valid_header_swapped,true
20260228,bus,bus:169000462,169000462,43462,상덕현삼거리,강화군,강화군,양사면,,37.7926470,126.4132047,valid_header_swapped,true
20260228,bus,bus:169000767,169000767,43767,상덕현삼거리,강화군,강화군,양사면,,37.7926430,126.4133747,valid_header_swapped,true
20260228,bus,bus:210000047,210000047,55025,상도중학교,코드정보 없음,코드정보 없음,상3동,,37.4934517,126.7596036,valid_header_swapped,false
20260228,bus,bus:210000258,210000258,55028,상도중학교,코드정보 없음,코드정보 없음,상3동,,37.4935786,126.7600213,valid_header_swapped,false
20260228,bus,bus:210000326,210000326,55090,상동가구,코드정보 없음,코드정보 없음,상3동,,37.4934995,126.7419095,valid_header_swapped,false
20260228,bus,bus:210000327,210000327,55052,상동역1번출구.부천터미널소풍,코드정보 없음,코드정보 없음,상3동,,37.5056064,126.7540323,valid_header_swapped,false
20260228,bus,bus:210000324,210000324,55048,상동역4번출구.상동지하차도,코드정보 없음,코드정보 없음,상3동,,37.5056043,126.7514154,valid_header_swapped,false
20260228,bus,bus:210000009,210000009,55050,상동역5번출구.상동지하차도,코드정보 없음,코드정보 없음,상3동,,37.5060646,126.7520601,valid_header_swapped,false
20260228,bus,bus:210000157,210000157,55056,상동역8번출구세이브존,코드정보 없음,코드정보 없음,상3동,,37.5059639,126.7552654,valid_header_swapped,false
20260228,bus,bus:163000380,163000380,37380,상수도사업본부(스마트타운),미추홀구,미추홀구,도화23동,,37.4682829,126.6607059,valid_header_swapped,true
20260228,bus,bus:163000375,163000375,37375,상수도사업본부(스마트타운),미추홀구,미추홀구,도화23동,,37.4678628,126.6587575,valid_header_swapped,true
20260228,bus,bus:167000437,167000437,41437,상야동,계양구,계양구,계양3동,,37.5797920,126.7796013,valid_header_swapped,true
20260228,bus,bus:167000436,167000436,41436,상야동,계양구,계양구,계양3동,,37.5797204,126.7793396,valid_header_swapped,true
20260228,bus,bus:169001038,169001038,90038,상용리마을회관,강화군,강화군,교동면,,37.7777089,126.3131304,valid_header_swapped,true
20260228,bus,bus:169001039,169001039,90039,상용리마을회관,강화군,강화군,교동면,,37.7777665,126.3129591,valid_header_swapped,true
20260228,bus,bus:169001004,169001004,90004,상용진료소앞,강화군,강화군,교동면,,37.7954051,126.3082753,valid_header_swapped,true
20260228,bus,bus:169001005,169001005,90005,상용진료소앞,강화군,강화군,교동면,,37.7953078,126.3082545,valid_header_swapped,true
20260228,bus,bus:165000537,165000537,39537,상인천중학교,남동구,남동구,간석2동,,37.4607547,126.7175788,valid_header_swapped,true
20260228,bus,bus:165000340,165000340,39340,상인천초등학교,남동구,남동구,간석2동,,37.4604018,126.7057640,valid_header_swapped,true
20260228,bus,bus:165000345,165000345,39345,상인천초등학교,남동구,남동구,간석2동,,37.4603574,126.7065733,valid_header_swapped,true
20260228,bus,bus:166000070,166000070,40070,상정고,부평구,부평구,십정1동,,37.4809510,126.6985726,valid_header_swapped,true
20260228,bus,bus:166000069,166000069,40069,상정고,부평구,부평구,십정1동,,37.4808279,126.6987916,valid_header_swapped,true
20260228,bus,bus:166000059,166000059,40059,상정중학교,부평구,부평구,십정1동,,37.4788779,126.6952918,valid_header_swapped,true
20260228,bus,bus:169001331,169001331,90331,상주(상리),강화군,강화군,삼산면,,37.7401788,126.3215532,valid_header_swapped,true
20260228,bus,bus:210000287,210000287,55029,상주민지원센터.삼광교회,코드정보 없음,코드정보 없음,상3동,,37.4942899,126.7608995,valid_header_swapped,false
20260228,bus,bus:210000046,210000046,55031,상주민지원센터.삼광교회,코드정보 없음,코드정보 없음,중1동,,37.4947672,126.7612681,valid_header_swapped,false
20260228,bus,bus:169000152,169000152,43152,상촌,강화군,강화군,화도면,,37.6269720,126.4549756,valid_header_swapped,true
20260228,bus,bus:169000347,169000347,43347,상촌,강화군,강화군,화도면,,37.6268367,126.4550274,valid_header_swapped,true
20260228,bus,bus:169001133,169001133,90133,새꾸지마을,강화군,강화군,화도면,,37.6095021,126.3899337,valid_header_swapped,true
20260228,bus,bus:169001134,169001134,90134,새꾸지마을,강화군,강화군,화도면,,37.6093618,126.3899800,valid_header_swapped,true
20260228,bus,bus:169000471,169000471,43471,새마을,강화군,강화군,양사면,,37.8125867,126.4344444,valid_header_swapped,true
20260228,bus,bus:169000702,169000702,43702,새마을,강화군,강화군,양사면,,37.8124804,126.4345644,valid_header_swapped,true
20260228,bus,bus:166000126,166000126,40126,새마을금고,부평구,부평구,부평3동,,37.4857946,126.7181856,valid_header_swapped,true
20260228,bus,bus:166000746,166000746,40746,새마을금고,부평구,부평구,부평2동,,37.4857873,126.7181166,valid_header_swapped,true
20260228,bus,bus:162000053,162000053,36053,새마을금고,동구,제물포구,만석동,,37.4841867,126.6258625,valid_header_swapped,true
20260228,bus,bus:162000189,162000189,36189,새마을금고,동구,제물포구,만석동,,37.4844730,126.6256274,valid_header_swapped,true
20260228,bus,bus:170000036,170000036,44036,새마을리,옹진군,옹진군,연평면,,,,missing,false
20260228,bus,bus:167000013,167000013,41013,새말사거리,계양구,계양구,효성2동,,37.5252353,126.7062892,valid_header_swapped,true
20260228,bus,bus:167000012,167000012,41012,새말사거리,계양구,계양구,효성2동,,37.5253966,126.7056771,valid_header_swapped,true
20260228,bus,bus:167000009,167000009,41009,새말사거리,계양구,계양구,효성2동,,37.5248165,126.7048654,valid_header_swapped,true
20260228,bus,bus:167000010,167000010,41010,새말사거리,계양구,계양구,효성2동,,37.5244244,126.7051568,valid_header_swapped,true
20260228,bus,bus:167000638,167000638,41638,새말사거리,계양구,계양구,효성2동,,37.5254199,126.7041070,valid_header_swapped,true
20260228,bus,bus:168001468,168001468,89468,새별공원,서구,검단구,아라동,,37.5842949,126.7173397,valid_header_swapped,true
20260228,bus,bus:164000681,164000681,38679,새봄초등학교,연수구,연수구,동춘1동,,37.4091586,126.6573290,valid_header_swapped,true
20260228,bus,bus:164000680,164000680,38678,새봄초등학교·송도파크레인(후문),연수구,연수구,동춘1동,,37.4088834,126.6574700,valid_header_swapped,true
20260228,bus,bus:167000582,167000582,41582,새사미아파트,계양구,계양구,효성2동,,37.5264884,126.6970120,valid_header_swapped,true
20260228,bus,bus:163000255,163000255,37255,새안의원,미추홀구,미추홀구,주안2동,,37.4520387,126.6721848,valid_header_swapped,true
20260228,bus,bus:163000256,163000256,37256,새안의원,미추홀구,미추홀구,주안3동,,37.4516349,126.6740325,valid_header_swapped,true
20260228,bus,bus:232000384,232000384,35033,새터마을,기타,기타,통진읍,,37.6994603,126.5733431,valid_header_swapped,false
20260228,bus,bus:232000403,232000403,35362,새터마을,기타,기타,통진읍,,37.6993186,126.5731845,valid_header_swapped,false
20260228,bus,bus:163000046,163000046,37046,새한아파트,미추홀구,미추홀구,용현5동,,37.4502451,126.6336898,valid_header_swapped,true
20260228,bus,bus:169000161,169000161,43161,색동원 앞,강화군,강화군,길상면,,37.6501723,126.4908714,valid_header_swapped,true
20260228,bus,bus:169000215,169000215,43215,색동원 앞,강화군,강화군,길상면,,37.6500986,126.4908848,valid_header_swapped,true
20260228,bus,bus:169001407,169001407,90407,샘골,강화군,강화군,내가면,,37.7133316,126.3982019,valid_header_swapped,true
20260228,bus,bus:169001406,169001406,90406,샘골,강화군,강화군,내가면,,37.7133839,126.3981831,valid_header_swapped,true
20260228,bus,bus:168001519,168001519,89519,샘내들교,서구,서해구,심곡동,,37.5401397,126.6647381,valid_header_swapped,true
20260228,bus,bus:168001518,168001518,89518,샘내들교,서구,서해구,연희동,,37.5403526,126.6657820,valid_header_swapped,true
20260228,bus,bus:169000444,169000444,43444,샘말,강화군,강화군,송해면,,37.7753942,126.4474334,valid_header_swapped,true
20260228,bus,bus:169000782,169000782,43782,샘말,강화군,강화군,송해면,,37.7755712,126.4474153,valid_header_swapped,true
20260228,bus,bus:169000995,169000995,43995,샛말,강화군,강화군,화도면,,37.6063475,126.3961713,valid_header_swapped,true
20260228,bus,bus:169000994,169000994,43994,샛말,강화군,강화군,화도면,,37.6064247,126.3962546,valid_header_swapped,true
20260228,bus,bus:164000793,164000793,38791,생고뱅코리아송도공장,연수구,연수구,송도3동,,,,missing,false
20260228,bus,bus:224001007,224001007,25978,생명공원,기타,기타,정왕동,,,,missing,false
20260228,bus,bus:224000950,224000950,25945,생명공원,기타,기타,정왕동,,,,missing,false
20260228,bus,bus:164000354,164000354,38354,생산기술연구원,연수구,연수구,송도1동,,37.3832930,126.6496619,valid_header_swapped,true
20260228,bus,bus:169000746,169000746,43746,생설미,강화군,강화군,양사면,,37.8151476,126.4072306,valid_header_swapped,true
20260228,bus,bus:169000607,169000607,43607,생설미입구,강화군,강화군,양사면,,37.8122055,126.4105722,valid_header_swapped,true
20260228,bus,bus:169000608,169000608,43608,생설미입구,강화군,강화군,양사면,,37.8122517,126.4103546,valid_header_swapped,true
20260228,bus,bus:169000125,169000125,43125,생설미입구,강화군,강화군,양사면,,37.8120685,126.4104034,valid_header_swapped,true
20260228,bus,bus:169001293,169001293,90293,샬롬원입구,강화군,강화군,교동면,,37.7697542,126.2222946,valid_header_swapped,true
20260228,bus,bus:169001297,169001297,90297,샬롬원입구,강화군,강화군,교동면,,37.7696740,126.2222971,valid_header_swapped,true
20260228,bus,bus:168000338,168000338,42338,서곶지구대,서구,서해구,검암경서동,,37.5573335,126.6729856,valid_header_swapped,true
20260228,bus,bus:168000339,168000339,42339,서곶지구대,서구,서해구,검암경서동,,37.5574088,126.6731761,valid_header_swapped,true
20260228,bus,bus:113000423,113000423,23037,서교동,코드정보 없음,코드정보 없음,서교동,,37.5535340,126.9194675,outside_incheon_bounds,false
20260228,bus,bus:113000413,113000413,23038,서교동,코드정보 없음,코드정보 없음,서교동,,37.5543841,126.9202883,outside_incheon_bounds,false
20260228,bus,bus:168000776,168000776,42776,서구국민체육센터,서구,서해구,검암경서동,,37.5658464,126.6784660,valid_header_swapped,true
20260228,bus,bus:168000212,168000212,42212,서구문화회관,서구,서해구,가정3동,,37.5155240,126.6791315,valid_header_swapped,true
20260228,bus,bus:168000213,168000213,42213,서구문화회관,서구,서해구,가정3동,,37.5158250,126.6789542,valid_header_swapped,true
20260228,bus,bus:168000283,168000283,42283,서구보건소,서구,서해구,연희동,,37.5443166,126.6725907,valid_header_swapped,true
20260228,bus,bus:168000285,168000285,42285,서구보건소,서구,서해구,연희동,,37.5452843,126.6727659,valid_header_swapped,true
20260228,bus,bus:168000448,168000448,42448,서구영어마을,서구,검단구,원당동,,37.5919762,126.7045665,valid_header_swapped,true
20260228,bus,bus:168000449,168000449,42449,서구영어마을,서구,검단구,원당동,,37.5920098,126.7055163,valid_header_swapped,true
20260228,bus,bus:168000289,168000289,42289,서구청역(1번출구),서구,서해구,연희동,,37.5447509,126.6770946,valid_header_swapped,true
20260228,bus,bus:168000284,168000284,42284,서구청역(3번출구),서구,서해구,연희동,,37.5432300,126.6766781,valid_header_swapped,true
20260228,bus,bus:168000296,168000296,42296,서구청역(4번출구),서구,서해구,연희동,,37.5454802,126.6767843,valid_header_swapped,true
20260228,bus,bus:169000151,169000151,43151,서남촌,강화군,강화군,길상면,,37.6137741,126.5155191,valid_header_swapped,true
20260228,bus,bus:169000640,169000640,43640,서남촌,강화군,강화군,길상면,,37.6133592,126.5157744,valid_header_swapped,true
20260228,bus,bus:161000676,161000676,35676,서당골,중구,영종구,영종동,,37.5044147,126.5598742,valid_header_swapped,true
20260228,bus,bus:161000702,161000702,35702,서당골,중구,영종구,영종동,,37.5043382,126.5598545,valid_header_swapped,true
20260228,bus,bus:169000212,169000212,43212,서두머리,강화군,강화군,길상면,,37.6436770,126.4742195,valid_header_swapped,true
20260228,bus,bus:169000336,169000336,43336,서두머리,강화군,강화군,길상면,,37.6438409,126.4742183,valid_header_swapped,true
20260228,bus,bus:162000047,162000047,36047,서림초등학교,동구,제물포구,송림4동,,37.4766126,126.6485596,valid_header_swapped,true
20260228,bus,bus:162000036,162000036,36036,서림초등학교,동구,제물포구,송림4동,,37.4756595,126.6482685,valid_header_swapped,true
20260228,bus,bus:161000418,161000418,35418,서릿목,중구,영종구,용유동,,37.4426912,126.4054647,valid_header_swapped,true
20260228,bus,bus:161000419,161000419,35419,서릿목,중구,영종구,용유동,,37.4425940,126.4057642,valid_header_swapped,true
20260228,bus,bus:164000384,164000384,38384,서면초등학교,연수구,연수구,동춘2동,,37.4031248,126.6703728,valid_header_swapped,true
20260228,bus,bus:169000385,169000385,43385,서문안,강화군,강화군,불은면,,37.7033987,126.4395513,valid_header_swapped,true
20260228,bus,bus:169000584,169000584,43584,서문안,강화군,강화군,불은면,,37.7031852,126.4395182,valid_header_swapped,true
20260228,bus,bus:169000965,169000965,43965,서문안주유소,강화군,강화군,불은면,,37.7059717,126.4445578,valid_header_swapped,true
20260228,bus,bus:169000966,169000966,43966,서문안주유소,강화군,강화군,불은면,,37.7060569,126.4444177,valid_header_swapped,true
20260228,bus,bus:168000286,168000286,42286,서부경찰서,서구,서해구,연희동,,37.5437103,126.6779967,valid_header_swapped,true
20260228,bus,bus:168000299,168000299,42299,서부공단입구,서구,서해구,검암경서동,,37.5564032,126.6417471,valid_header_swapped,true
20260228,bus,bus:168001036,168001036,89036,서부산업단지,서구,서해구,검암경서동,,37.5558137,126.6349135,valid_header_swapped,true
20260228,bus,bus:168001035,168001035,89035,서부산업단지,서구,서해구,청라3동,,37.5543833,126.6345544,valid_header_swapped,true
20260228,bus,bus:169000712,169000712,43712,서사체험학습장,강화군,강화군,양사면,,37.7954996,126.3905466,valid_header_swapped,true
20260228,bus,bus:169000487,169000487,43487,서사체험학습장,강화군,강화군,양사면,,37.7952598,126.3905108,valid_header_swapped,true
20260228,bus,bus:169000362,169000362,43362,서성,강화군,강화군,양도면,,37.6994118,126.4132534,valid_header_swapped,true
20260228,bus,bus:169000234,169000234,43234,서성,강화군,강화군,양도면,,37.6993634,126.4137003,valid_header_swapped,true
20260228,bus,bus:167000115,167000115,41115,서운교,계양구,계양구,작전서운동,,37.5276189,126.7412966,valid_header_swapped,true
20260228,bus,bus:167000114,167000114,41114,서운교,계양구,계양구,작전서운동,,37.5274647,126.7412749,valid_header_swapped,true
20260228,bus,bus:167000668,167000668,41668,서운도서관,계양구,계양구,작전서운동,,37.5273161,126.7430628,valid_header_swapped,true
20260228,bus,bus:167000099,167000099,41099,서운도서관,계양구,계양구,작전서운동,,37.5255235,126.7428308,valid_header_swapped,true
20260228,bus,bus:167000102,167000102,41102,서운도서관,계양구,계양구,작전서운동,,37.5256859,126.7427840,valid_header_swapped,true
20260228,bus,bus:167000356,167000356,41356,서운동,계양구,계양구,작전서운동,,37.5279827,126.7436168,valid_header_swapped,true
20260228,bus,bus:167000207,167000207,41207,서운동성당,계양구,계양구,작전서운동,,37.5365461,126.7440706,valid_header_swapped,true
20260228,bus,bus:167000660,167000660,41660,서운일반산업단지,계양구,계양구,서운동,,37.5341028,126.7559626,valid_header_swapped,true
20260228,bus,bus:167000661,167000661,41661,서운일반산업단지(맞은편),계양구,계양구,작전서운동,,37.5339375,126.7561385,valid_header_swapped,true
20260228,bus,bus:167000646,167000646,41646,서운일반산업단지입구,계양구,계양구,작전서운동,,37.5317034,126.7571748,valid_header_swapped,true
20260228,bus,bus:167000647,167000647,41647,서운일반산업단지입구(맞은편),계양구,계양구,작전서운동,,37.5313647,126.7586301,valid_header_swapped,true
20260228,bus,bus:167000109,167000109,41109,서운중고등학교,계양구,계양구,작전서운동,,37.5254865,126.7456200,valid_header_swapped,true
20260228,bus,bus:167000111,167000111,41111,서운중고등학교,계양구,계양구,작전서운동,,37.5256441,126.7456224,valid_header_swapped,true
20260228,bus,bus:165000039,165000039,39039,서울경금속,남동구,남동구,논현고잔동,,37.3941982,126.7037431,valid_header_swapped,true
20260228,bus,bus:118000582,118000582,28090,서울교(미정차),코드정보 없음,코드정보 없음,영등포2동,,37.5204042,126.9149140,outside_incheon_bounds,false
20260228,bus,bus:118000581,118000581,28091,서울교(미정차),코드정보 없음,코드정보 없음,여의동,,37.5203375,126.9159642,outside_incheon_bounds,false
20260228,bus,bus:115000270,115000270,25028,서울방화초등학교,코드정보 없음,코드정보 없음,방화2동,,37.5682270,126.8052801,valid_header_swapped,false
20260228,bus,bus:101000250,101000250,11013,서울역,코드정보 없음,코드정보 없음,회현동,,37.5572066,126.9718214,outside_incheon_bounds,false
20260228,bus,bus:163000095,163000095,37095,서원아파트,미추홀구,미추홀구,학익2동,,37.4417392,126.6706283,valid_header_swapped,true
20260228,bus,bus:168000028,168000028,42028,서인천가구단지,서구,서해구,가좌1동,,37.4868870,126.6710090,valid_header_swapped,true
20260228,bus,bus:168000800,168000800,42800,서인천가구단지,서구,서해구,가좌1동,,37.4845906,126.6698192,valid_header_swapped,true
20260228,bus,bus:168000017,168000017,42017,서인천가구단지,서구,서해구,가좌1동,,37.4848590,126.6695786,valid_header_swapped,true
20260228,bus,bus:168000346,168000346,42346,서인천고등학교,서구,서해구,검암경서동,,37.5599708,126.6733040,valid_header_swapped,true
20260228,bus,bus:168000275,168000275,42275,서인천농협,서구,서해구,연희동,,37.5409571,126.6764846,valid_header_swapped,true
20260228,bus,bus:168000277,168000277,42277,서인천농협,서구,서해구,연희동,,37.5415638,126.6769161,valid_header_swapped,true
20260228,bus,bus:168001481,168001481,89481,서인천세무서,서구,서해구,청라3동,,37.5313158,126.6237626,valid_header_swapped,true
20260228,bus,bus:168001044,168001044,89044,서인천세무서,서구,서해구,청라3동,,37.5302849,126.6242967,valid_header_swapped,true
20260228,bus,bus:168001276,168001276,89276,서인천세무서(중),서구,서해구,청라3동,,37.5298385,126.6243845,valid_header_swapped,true
20260228,bus,bus:168001275,168001275,89275,서인천세무서(중),서구,서해구,청라3동,,37.5299274,126.6240903,valid_header_swapped,true
20260228,bus,bus:168000640,168000640,42640,서인천자동차검사소,서구,서해구,석남2동,,37.4992301,126.6497583,valid_header_swapped,true
20260228,bus,bus:168000641,168000641,42641,서인천자동차검사소,서구,서해구,가좌1동,,37.4990320,126.6498273,valid_header_swapped,true
20260228,bus,bus:165000900,165000900,39900,서창119안전센터,남동구,남동구,서창2동,,37.4226854,126.7510019,valid_header_swapped,true
20260228,bus,bus:165000899,165000899,39899,서창119안전센터,남동구,남동구,서창2동,,37.4227499,126.7512250,valid_header_swapped,true
20260228,bus,bus:165001008,165001008,92008,서창JC(미정차),남동구,남동구,장수서창동,,37.4328226,126.7374266,valid_header_swapped,true
20260228,bus,bus:165001009,165001009,92009,서창JC(미정차),남동구,남동구,장수서창동,,37.4330703,126.7393275,valid_header_swapped,true
20260228,bus,bus:165001068,165001068,92068,서창LH1단지아파트,남동구,남동구,서창2동,,37.4297116,126.7414945,valid_header_swapped,true
20260228,bus,bus:165001067,165001067,92067,서창LH1단지아파트,남동구,남동구,서창2동,,37.4295574,126.7422813,valid_header_swapped,true
20260228,bus,bus:165000872,165000872,39872,서창공영차고지,남동구,남동구,장수서창동,,37.4258841,126.7575548,valid_header_swapped,true
20260228,bus,bus:165000871,165000871,39871,서창공영차고지,남동구,남동구,장수서창동,,37.4259855,126.7572535,valid_header_swapped,true
20260228,bus,bus:165001082,165001082,92084,서창공영차고지입구,남동구,남동구,서창2동,,37.4263451,126.7580810,valid_header_swapped,true
20260228,bus,bus:165000894,165000894,39894,서창도서관,남동구,남동구,장수서창동,,37.4355237,126.7449676,valid_header_swapped,true
20260228,bus,bus:165000893,165000893,39893,서창도서관,남동구,남동구,장수서창동,,37.4356080,126.7451465,valid_header_swapped,true
20260228,bus,bus:165000956,165000956,39956,서창도서관입구,남동구,남동구,만수6동,,37.4361232,126.7446635,valid_header_swapped,true
20260228,bus,bus:165000957,165000957,39957,서창도서관입구,남동구,남동구,만수6동,,37.4365870,126.7447313,valid_header_swapped,true
20260228,bus,bus:165000619,165000619,39619,서창동화원,남동구,남동구,만수3동,,37.4434657,126.7476126,valid_header_swapped,true
20260228,bus,bus:165000620,165000620,39620,서창동화원,남동구,남동구,만수3동,,37.4436418,126.7476788,valid_header_swapped,true
20260228,bus,bus:165000896,165000896,39896,서창베라체아파트후문,남동구,남동구,논현고잔동,,37.4203841,126.7488550,valid_header_swapped,true
20260228,bus,bus:165000895,165000895,39895,서창베라체아파트후문,남동구,남동구,논현고잔동,,37.4204253,126.7490908,valid_header_swapped,true
20260228,bus,bus:165000916,165000916,39916,서창센트라스아파트후문,남동구,남동구,서창2동,,37.4242284,126.7454667,valid_header_swapped,true
20260228,bus,bus:165000917,165000917,39917,서창센트라스아파트후문,남동구,남동구,서창2동,,37.4241881,126.7450738,valid_header_swapped,true
20260228,bus,bus:165000811,165000811,39811,서창센트럴푸르지오,남동구,남동구,서창2동,,37.4293695,126.7507522,valid_header_swapped,true
20260228,bus,bus:165000903,165000903,39903,서창센트럴푸르지오,남동구,남동구,서창2동,,37.4297478,126.7475101,valid_header_swapped,true
20260228,bus,bus:165000812,165000812,39812,서창센트럴푸르지오,남동구,남동구,서창2동,,37.4284946,126.7509266,valid_header_swapped,true
20260228,bus,bus:165000904,165000904,39904,서창센트럴푸르지오,남동구,남동구,서창2동,,37.4296919,126.7472929,valid_header_swapped,true
20260228,bus,bus:165000905,165000905,39905,서창이편한세상1002동,남동구,남동구,서창2동,,37.4262651,126.7486126,valid_header_swapped,true
20260228,bus,bus:165000906,165000906,39906,서창이편한세상1002동,남동구,남동구,서창2동,,37.4261867,126.7483976,valid_header_swapped,true
20260228,bus,bus:165000854,165000854,39854,서창이편한세상정문,남동구,남동구,서창2동,,37.4248000,126.7503076,valid_header_swapped,true
20260228,bus,bus:165000855,165000855,39855,서창이편한세상정문,남동구,남동구,서창2동,,37.4246655,126.7505927,valid_header_swapped,true
20260228,bus,bus:165001081,165001081,92083,서창자이아파트105동,남동구,남동구,서창동,,37.4382055,126.7511719,valid_header_swapped,true
20260228,bus,bus:165000777,165000777,39777,서창퍼스트뷰후문,남동구,남동구,서창2동,,37.4216430,126.7464536,valid_header_swapped,true
20260228,bus,bus:165000778,165000778,39778,서창퍼스트뷰후문맞은편,남동구,남동구,서창2동,,37.4213437,126.7466629,valid_header_swapped,true
20260228,bus,bus:165000897,165000897,39897,서창휴먼시아12단지,남동구,남동구,논현고잔동,,37.4197080,126.7520799,valid_header_swapped,true
20260228,bus,bus:165000898,165000898,39898,서창휴먼시아12단지,남동구,남동구,논현고잔동,,37.4196267,126.7521912,valid_header_swapped,true
20260228,bus,bus:121000053,121000053,22129,서초구청,기타,기타,서초2동,,37.4842673,127.0306343,outside_incheon_bounds,false
20260228,bus,bus:121000064,121000064,22140,서초동삼성아파트,기타,기타,서초3동,,37.4887260,127.0094603,outside_incheon_bounds,false
20260228,bus,bus:121000076,121000076,22152,서초동예술의전당,기타,기타,서초동,,37.4797957,127.0109161,outside_incheon_bounds,false
20260228,bus,bus:221510000,221510000,22151,서초동예술의전당,기타,기타,서초동,,,,missing,false
20260228,bus,bus:121000056,121000056,22132,서초문화예술정보학교,기타,기타,서초구,,37.4878549,127.0321827,outside_incheon_bounds,false
20260228,bus,bus:121000520,121000520,31050,서초아트자이아파트,코드정보 없음,코드정보 없음,서초3동,,37.4858930,127.0108051,outside_incheon_bounds,false
20260228,bus,bus:121000060,121000060,31007,서초역1번출구,코드정보 없음,코드정보 없음,서초제3동,,37.4920358,127.0087646,outside_incheon_bounds,false
20260228,bus,bus:121000210,121000210,22286,서초힐스아파트,기타,기타,우면동.양재1동,,37.4586255,127.0179090,outside_incheon_bounds,false
20260228,bus,bus:170000065,170000065,44065,서포1리마을회관,옹진군,옹진군,덕적면,,,,missing,false
20260228,bus,bus:170000067,170000067,44067,서포2리마을회관,옹진군,옹진군,덕적면,,,,missing,false
20260228,bus,bus:170000066,170000066,44066,서포2리회룡동,옹진군,옹진군,덕적면,,,,missing,false
20260228,bus,bus:169001294,169001294,90294,서한리구마을회관,강화군,강화군,교동면,,37.7685400,126.2206182,valid_header_swapped,true
20260228,bus,bus:169001296,169001296,90296,서한리구마을회관,강화군,강화군,교동면,,37.7684743,126.2207056,valid_header_swapped,true
20260228,bus,bus:169001295,169001295,90295,서한리마을회관,강화군,강화군,교동면,,37.7647502,126.2191277,valid_header_swapped,true
20260228,bus,bus:169001292,169001292,90292,서한리입구,강화군,강화군,교동면,,37.7687543,126.2267778,valid_header_swapped,true
20260228,bus,bus:169001298,169001298,90298,서한리입구,강화군,강화군,교동면,,37.7686306,126.2266450,valid_header_swapped,true
20260228,bus,bus:161000912,161000912,35912,서한이다음아파트,중구,영종구,영종2동,,37.4964608,126.5576696,valid_header_swapped,true
20260228,bus,bus:161000583,161000583,35583,서한이다음아파트정문,중구,영종구,영종동,,37.4937350,126.5578159,valid_header_swapped,true
20260228,bus,bus:161000098,161000098,35098,서해5도특별경비단,중구,제물포구,연안동,,37.4610638,126.6016066,valid_header_swapped,true
20260228,bus,bus:161000884,161000884,35884,서해5도특별경비단,중구,제물포구,연안동,,37.4612124,126.6018476,valid_header_swapped,true
20260228,bus,bus:168000790,168000790,42790,서해그랑블,서구,서해구,청라1동,,37.5297992,126.6550098,valid_header_swapped,true
20260228,bus,bus:168000912,168000912,42912,서해그랑블,서구,서해구,청라1동,,37.5312142,126.6562887,valid_header_swapped,true
20260228,bus,bus:166000829,166000829,40829,서해그랑블,부평구,부평구,삼산2동,,37.5164700,126.7479724,valid_header_swapped,true
20260228,bus,bus:166000828,166000828,40828,서해그랑블,부평구,부평구,삼산1동,,37.5167714,126.7480002,valid_header_swapped,true
20260228,bus,bus:168000789,168000789,42789,서해그랑블,서구,서해구,청라1동,,37.5300587,126.6550491,valid_header_swapped,true
20260228,bus,bus:164000605,164000605,38605,서해그랑블1단지아파트,연수구,연수구,동춘1동,,37.4093986,126.6665750,valid_header_swapped,true
20260228,bus,bus:164000604,164000604,38604,서해그랑블1단지아파트,연수구,연수구,동춘1동,,37.4098604,126.6662377,valid_header_swapped,true
20260228,bus,bus:164000727,164000727,38725,서해그랑블3단지아파트,연수구,연수구,동춘1동,,37.4061931,126.6674388,valid_header_swapped,true
20260228,bus,bus:164000728,164000728,38726,서해그랑블3단지아파트,연수구,연수구,동춘1동,,37.4063667,126.6673239,valid_header_swapped,true
20260228,bus,bus:164000585,164000585,38585,서해그랑블·옹암체육센터,연수구,연수구,옥련2동,,37.4298997,126.6491000,valid_header_swapped,true
20260228,bus,bus:164000584,164000584,38584,서해그랑블·옹암체육센터,연수구,연수구,옥련2동,,37.4302425,126.6492612,valid_header_swapped,true
20260228,bus,bus:165000974,165000974,39974,서해그랑블아파트후문,남동구,남동구,장수서창동,,37.4341683,126.7465138,valid_header_swapped,true
20260228,bus,bus:165000973,165000973,39973,서해그랑블아파트후문,남동구,남동구,장수서창동,,37.4343000,126.7467528,valid_header_swapped,true
20260228,bus,bus:166000610,166000610,40610,서해그랑블후문,부평구,부평구,삼산2동,,37.5121586,126.7391587,valid_header_swapped,true
20260228,bus,bus:161000008,161000008,35008,서해수산연구소,중구,영종구,용유동,,37.4435257,126.3762778,valid_header_swapped,true
20260228,bus,bus:161000007,161000007,35007,서해수산연구소,중구,영종구,용유동,,37.4434223,126.3760881,valid_header_swapped,true
20260228,bus,bus:164000164,164000164,38164,서해아파트,연수구,연수구,옥련1동,,37.4241577,126.6522982,valid_header_swapped,true
20260228,bus,bus:168000355,168000355,42355,서해아파트,서구,서해구,검암경서동,,37.5653301,126.6740421,valid_header_swapped,true
20260228,bus,bus:167000182,167000182,41182,서해아파트,계양구,계양구,계산1동,,37.5422047,126.7186777,valid_header_swapped,true
20260228,bus,bus:164000169,164000169,38169,서해아파트,연수구,연수구,옥련1동,,37.4243362,126.6523577,valid_header_swapped,true
20260228,bus,bus:167000181,167000181,41181,서해아파트,계양구,계양구,계산1동,,37.5420433,126.7188165,valid_header_swapped,true
20260228,bus,bus:168000354,168000354,42354,서해아파트,서구,서해구,검암경서동,,37.5650947,126.6740071,valid_header_swapped,true
20260228,bus,bus:169000796,169000796,43796,서홍의입구,강화군,강화군,하점면,,37.7732229,126.4445319,valid_header_swapped,true
20260228,bus,bus:169000446,169000446,43446,서홍의입구,강화군,강화군,하점면,,37.7732310,126.4446616,valid_header_swapped,true
20260228,bus,bus:163000438,163000438,37438,서화초등학교(도화e편한세상),미추홀구,미추홀구,도화23동,,37.4750153,126.6613910,valid_header_swapped,true
20260228,bus,bus:163000623,163000623,37623,서화초등학교(도화역금강펜테리움),미추홀구,미추홀구,도화23동,,37.4751846,126.6608508,valid_header_swapped,true
20260228,bus,bus:162000116,162000116,36116,서흥초등학교,동구,제물포구,송림4동,,37.4805861,126.6466383,valid_header_swapped,true
20260228,bus,bus:162000117,162000117,36117,서흥초등학교,동구,제물포구,송림4동,,37.4803745,126.6463899,valid_header_swapped,true
20260228,bus,bus:162000071,162000071,36071,서흥초등학교,동구,제물포구,화수2동,,37.4804464,126.6454947,valid_header_swapped,true
20260228,bus,bus:169000054,169000054,43054,서희스타힐스아파트,강화군,강화군,선원면,,37.7290869,126.4893394,valid_header_swapped,true
20260228,bus,bus:169000053,169000053,43053,서희스타힐스아파트,강화군,강화군,선원면,,37.7286916,126.4887264,valid_header_swapped,true
20260228,bus,bus:168000655,168000655,42655,석남고가교입구사거리,서구,서해구,석남1동,,37.5065611,126.6718105,valid_header_swapped,true
20260228,bus,bus:168000145,168000145,42145,석남고가사거리,서구,서해구,석남2동,,37.5058284,126.6721703,valid_header_swapped,true
20260228,bus,bus:168000151,168000151,42151,석남고가사거리,서구,서해구,석남1동,,37.5067897,126.6724369,valid_header_swapped,true
20260228,bus,bus:168000656,168000656,42656,석남금호어울림아파트101동,서구,서해구,석남2동,,37.5063484,126.6700286,valid_header_swapped,true
20260228,bus,bus:168000182,168000182,42182,석남도서관,서구,서해구,석남2동,,37.5116988,126.6789194,valid_header_swapped,true
20260228,bus,bus:168001156,168001156,89156,석남동차고지,서구,서해구,석남2동,,37.5027588,126.6569479,valid_header_swapped,true
20260228,bus,bus:168000108,168000108,42108,석남서초등학교,서구,서해구,석남2동,,37.4993382,126.6713886,valid_header_swapped,true
20260228,bus,bus:168000149,168000149,42149,석남신사거리,서구,서해구,석남1동,,37.5078570,126.6682054,valid_header_swapped,true
20260228,bus,bus:168000150,168000150,42150,석남신사거리,서구,서해구,석남1동,,37.5078673,126.6684156,valid_header_swapped,true
20260228,bus,bus:168000577,168000577,42577,석남역(5번출구),서구,서해구,석남2동,,37.5062468,126.6728865,valid_header_swapped,true
20260228,bus,bus:168000138,168000138,42138,석남중앙교회,서구,서해구,석남3동,,37.5008816,126.6780894,valid_header_swapped,true
20260228,bus,bus:168000126,168000126,42126,석남중학교,서구,서해구,가좌3동,,37.4982391,126.6786333,valid_header_swapped,true
20260228,bus,bus:168000128,168000128,42128,석남중학교,서구,서해구,석남3동,,37.4984472,126.6787558,valid_header_swapped,true
20260228,bus,bus:168000167,168000167,42167,석남초등학교,서구,서해구,석남3동,,37.5095389,126.6787929,valid_header_swapped,true
20260228,bus,bus:168000165,168000165,42165,석남초등학교,서구,서해구,석남3동,,37.5093029,126.6785766,valid_header_swapped,true
20260228,bus,bus:163000241,163000241,37241,석락아파트,미추홀구,미추홀구,주안3동,,37.4519137,126.6697271,valid_header_swapped,true
20260228,bus,bus:163000244,163000244,37244,석락아파트,미추홀구,미추홀구,주안2동,,37.4522347,126.6695988,valid_header_swapped,true
20260228,bus,bus:169001146,169001146,90146,석모1리마을회관,강화군,강화군,삼산면,,37.7021947,126.3261217,valid_header_swapped,true
20260228,bus,bus:169001145,169001145,90145,석모1리마을회관,강화군,강화군,삼산면,,37.7020893,126.3262198,valid_header_swapped,true
20260228,bus,bus:169001138,169001138,90138,석모대교(석모리방향),강화군,강화군,삼산면,,37.6955698,126.3483367,valid_header_swapped,true
20260228,bus,bus:169001137,169001137,90137,석모대교(석모리방향),강화군,강화군,삼산면,,37.6956940,126.3483622,valid_header_swapped,true
20260228,bus,bus:169001140,169001140,90140,석모대교(석포리방향),강화군,강화군,삼산면,,37.6950815,126.3496912,valid_header_swapped,true
20260228,bus,bus:169001139,169001139,90139,석모대교(석포리방향),강화군,강화군,삼산면,,37.6951610,126.3497104,valid_header_swapped,true
20260228,bus,bus:169001121,169001121,90121,석모대교(외포리방향),강화군,강화군,내가면,,37.7062217,126.3576884,valid_header_swapped,true
20260228,bus,bus:169001122,169001122,90122,석모대교(외포리방향),강화군,강화군,내가면,,37.7060567,126.3577940,valid_header_swapped,true
20260228,bus,bus:169001198,169001198,90198,석모대교(황청리방향),강화군,강화군,내가면,,37.7087463,126.3556625,valid_header_swapped,true
20260228,bus,bus:169001197,169001197,90197,석모대교(황청리방향),강화군,강화군,내가면,,37.7089321,126.3558722,valid_header_swapped,true
20260228,bus,bus:169001249,169001249,90249,석모대교전망대,강화군,강화군,삼산면,,37.6950427,126.3551290,valid_header_swapped,true
20260228,bus,bus:169001250,169001250,90250,석모대교전망대,강화군,강화군,삼산면,,37.6948634,126.3553903,valid_header_swapped,true
20260228,bus,bus:169001164,169001164,90164,석모도미네랄온천,강화군,강화군,삼산면,,37.6867475,126.3145857,valid_header_swapped,true
20260228,bus,bus:169001163,169001163,90163,석모도미네랄온천,강화군,강화군,삼산면,,37.6868520,126.3145870,valid_header_swapped,true
20260228,bus,bus:169001144,169001144,90144,석모도수목원입구(삼산초등학교),강화군,강화군,삼산면,,37.7034424,126.3227426,valid_header_swapped,true
20260228,bus,bus:169001143,169001143,90143,석모도수목원입구(삼산초등학교),강화군,강화군,삼산면,,37.7035429,126.3227851,valid_header_swapped,true
20260228,bus,bus:169001151,169001151,90151,석모도자연휴양림입구,강화군,강화군,삼산면,,37.7063405,126.3162592,valid_header_swapped,true
20260228,bus,bus:169001152,169001152,90152,석모도자연휴양림입구,강화군,강화군,삼산면,,37.7062405,126.3157231,valid_header_swapped,true
20260228,bus,bus:163000365,163000365,37365,석바위,미추홀구,미추홀구,주안4동,,37.4578421,126.6885031,valid_header_swapped,true
20260228,bus,bus:163000556,163000556,37556,석바위,미추홀구,미추홀구,주안4동,,37.4570381,126.6893022,valid_header_swapped,true
20260228,bus,bus:163000370,163000370,37370,석바위,미추홀구,미추홀구,주안6동,,37.4581045,126.6885511,valid_header_swapped,true
20260228,bus,bus:163000378,163000378,37378,석바위시장,미추홀구,미추홀구,주안6동,,37.4584650,126.6911408,valid_header_swapped,true
20260228,bus,bus:163000384,163000384,37384,석바위시장,미추홀구,미추홀구,주안6동,,37.4589401,126.6927830,valid_header_swapped,true
20260228,bus,bus:163000544,163000544,37544,석바위시장,미추홀구,미추홀구,주안6동,,37.4595649,126.6893498,valid_header_swapped,true
20260228,bus,bus:163000382,163000382,37382,석바위시장,미추홀구,미추홀구,주안6동,,37.4593238,126.6893598,valid_header_swapped,true
20260228,bus,bus:163000381,163000381,37381,석바위시장,미추홀구,미추홀구,주안6동,,37.4591200,126.6897079,valid_header_swapped,true
20260228,bus,bus:163000374,163000374,37374,석바위시장역,미추홀구,미추홀구,주안6동,,37.4578396,126.6922241,valid_header_swapped,true
20260228,bus,bus:163000373,163000373,37373,석바위시장역,미추홀구,미추홀구,주안6동,,37.4575708,126.6923172,valid_header_swapped,true
20260228,bus,bus:169000833,169000833,43833,석산,강화군,강화군,양사면,,37.7877561,126.3623412,valid_header_swapped,true
20260228,bus,bus:169000375,169000375,43375,석산,강화군,강화군,내가면,,37.7878877,126.3622571,valid_header_swapped,true
20260228,bus,bus:165001051,165001051,92051,석산로,남동구,남동구,간석동,,37.4609938,126.6978429,valid_header_swapped,true
20260228,bus,bus:165001052,165001052,92052,석산로,남동구,남동구,간석동,,37.4607512,126.6991058,valid_header_swapped,true
20260228,bus,bus:277102916,277102916,53044,석수IC(경유),기타,기타,석수동,,37.4236073,126.9021017,outside_incheon_bounds,false
20260228,bus,bus:277102917,277102917,53045,석수IC(경유),기타,기타,석수동,,37.4238428,126.9020842,outside_incheon_bounds,false
20260228,bus,bus:163000412,163000412,37412,석암초등학교,미추홀구,미추홀구,주안6동,,37.4638579,126.6865095,valid_header_swapped,true
20260228,bus,bus:163000407,163000407,37407,석암초등학교앞,미추홀구,미추홀구,주안1동,,37.4637054,126.6851571,valid_header_swapped,true
20260228,bus,bus:165000418,165000418,39418,석정여자고등학교,남동구,남동구,간석2동,,37.4693346,126.6929928,valid_header_swapped,true
20260228,bus,bus:165000416,165000416,39416,석정여자고등학교,남동구,남동구,간석4동,,37.4691288,126.6932303,valid_header_swapped,true
20260228,bus,bus:169000663,169000663,43663,석조여래입상앞,강화군,강화군,하점면,,37.7766536,126.4274349,valid_header_swapped,true
20260228,bus,bus:169000692,169000692,43692,석조여래입상앞,강화군,강화군,하점면,,37.7768445,126.4274474,valid_header_swapped,true
20260228,bus,bus:165000308,165000308,39308,석천사거리,남동구,남동구,간석2동,,37.4570312,126.7077612,valid_header_swapped,true
20260228,bus,bus:165000320,165000320,39320,석천사거리역,남동구,남동구,구월2동,,37.4569396,126.7103663,valid_header_swapped,true
20260228,bus,bus:165000317,165000317,39317,석천사거리역,남동구,남동구,구월2동,,37.4566531,126.7106921,valid_header_swapped,true
20260228,bus,bus:165000502,165000502,39502,석천시장,남동구,남동구,간석2동,,37.4644843,126.7065519,valid_header_swapped,true
20260228,bus,bus:123000037,123000037,33037,석촌호수(한솔병원),코드정보 없음,코드정보 없음,석촌동,,37.5073161,127.1052222,outside_incheon_bounds,false
20260228,bus,bus:123000036,123000036,33036,석촌호수(한솔병원),코드정보 없음,코드정보 없음,송파1동,,37.5068443,127.1058988,outside_incheon_bounds,false
20260228,bus,bus:169001192,169001192,90192,석포리마을회관,강화군,강화군,삼산면,,37.6846415,126.3641773,valid_header_swapped,true
20260228,bus,bus:169001191,169001191,90191,석포리마을회관,강화군,강화군,삼산면,,37.6840530,126.3647465,valid_header_swapped,true
20260228,bus,bus:169001203,169001203,90203,석포항,강화군,강화군,삼산면,,37.6930141,126.3665758,valid_header_swapped,true
20260228,bus,bus:161000933,161000933,35933,석화사입구,중구,영종구,영종동,,37.5093220,126.5473446,valid_header_swapped,true
20260228,bus,bus:161000932,161000932,35932,석화사입구,중구,영종구,영종동,,37.5093768,126.5473735,valid_header_swapped,true
20260228,bus,bus:168000307,168000307,42307,선경그린빌라,서구,서해구,연희동,,37.5489257,126.6747698,valid_header_swapped,true
20260228,bus,bus:168000541,168000541,42541,선경그린빌라,서구,서해구,연희동,,37.5489319,126.6748727,valid_header_swapped,true
20260228,bus,bus:166000238,166000238,40238,선경아파트,부평구,부평구,부평5동,,37.4904486,126.7317701,valid_header_swapped,true
20260228,bus,bus:164000542,164000542,38542,선광,연수구,연수구,송도3동,,37.3475956,126.6364905,valid_header_swapped,true
20260228,bus,bus:164000543,164000543,38543,선광,연수구,연수구,송도3동,,37.3473136,126.6360534,valid_header_swapped,true
20260228,bus,bus:161000004,161000004,35004,선녀바위유원지,중구,영종구,용유동,,37.4404554,126.3787383,valid_header_swapped,true
20260228,bus,bus:161000006,161000006,35006,선녀바위유원지,중구,영종구,용유동,,37.4411459,126.3781190,valid_header_swapped,true
20260228,bus,bus:161000485,161000485,35485,선녀바위해수욕장,중구,영종구,용유동,,37.4443438,126.3797404,valid_header_swapped,true
20260228,bus,bus:161000484,161000484,35484,선녀바위해수욕장,중구,영종구,용유동,,37.4440855,126.3789342,valid_header_swapped,true
20260228,bus,bus:169000886,169000886,43886,선동,강화군,강화군,길상면,,37.6189346,126.4749381,valid_header_swapped,true
20260228,bus,bus:169000248,169000248,43248,선동,강화군,강화군,길상면,,37.6189064,126.4748107,valid_header_swapped,true
20260228,bus,bus:169000009,169000009,43009,선두1리,강화군,강화군,길상면,,37.6344797,126.4714749,valid_header_swapped,true
20260228,bus,bus:169000099,169000099,43099,선두1리,강화군,강화군,길상면,,37.6346631,126.4712759,valid_header_swapped,true
20260228,bus,bus:169000644,169000644,43644,선두4리마을회관,강화군,강화군,길상면,,37.6051936,126.4830812,valid_header_swapped,true
20260228,bus,bus:169000242,169000242,43242,선두4리마을회관,강화군,강화군,길상면,,37.6053075,126.4831166,valid_header_swapped,true
20260228,bus,bus:169001132,169001132,90132,선두5리어판장입구,강화군,강화군,길상면,,37.5983364,126.5003101,valid_header_swapped,true
20260228,bus,bus:169001131,169001131,90131,선두5리어판장입구,강화군,강화군,길상면,,37.5981469,126.5004269,valid_header_swapped,true
20260228,bus,bus:122000156,122000156,23259,선릉역,기타,기타,대치동,,37.5047589,127.0503510,outside_incheon_bounds,false
20260228,bus,bus:122000115,122000115,23218,선릉역,기타,기타,삼성2동,,37.5051516,127.0504934,outside_incheon_bounds,false
20260228,bus,bus:166000043,166000043,40043,선린감리교회,부평구,부평구,십정1동,,37.4764134,126.6929780,valid_header_swapped,true
20260228,bus,bus:166000047,166000047,40047,선린감리교회,부평구,부평구,십정1동,,37.4767240,126.6927910,valid_header_swapped,true
20260228,bus,bus:220000018,220000018,66002,선바위역,코드정보 없음,코드정보 없음,과천동,,37.4518590,127.0011874,outside_incheon_bounds,false
20260228,bus,bus:220000137,220000137,66001,선바위역2번출구(광역),코드정보 없음,코드정보 없음,과천동,,37.4517707,127.0006706,outside_incheon_bounds,false
20260228,bus,bus:169000483,169000483,43483,선수,강화군,강화군,화도면,,37.6376362,126.3961167,valid_header_swapped,true
20260228,bus,bus:169000433,169000433,43433,선수,강화군,강화군,화도면,,37.6378637,126.3962000,valid_header_swapped,true
20260228,bus,bus:169000429,169000429,43429,선수여객선착장,강화군,강화군,화도면,,37.6377967,126.3856731,valid_header_swapped,true
20260228,bus,bus:169000479,169000479,43479,선수여객선착장,강화군,강화군,화도면,,37.6380208,126.3857601,valid_header_swapped,true
20260228,bus,bus:165000890,165000890,39890,선수촌사거리,남동구,남동구,구월1동,,37.4390982,126.7156581,valid_header_swapped,true
20260228,bus,bus:165000889,165000889,39889,선수촌사거리,남동구,남동구,구월1동,,37.4392842,126.7155078,valid_header_swapped,true
20260228,bus,bus:277103102,277103102,31086,선암IC(미정차),코드정보 없음,코드정보 없음,양재1동,,37.4605385,127.0206956,outside_incheon_bounds,false
20260228,bus,bus:169001448,169001448,90448,선원고개앞,강화군,강화군,선원면,,37.7126718,126.4844597,valid_header_swapped,true
20260228,bus,bus:169001068,169001068,90068,선원면사무소앞,강화군,강화군,선원면,,37.7128442,126.4845983,valid_header_swapped,true
20260228,bus,bus:169001067,169001067,90067,선원면사무소앞,강화군,강화군,선원면,,37.7127155,126.4844580,valid_header_swapped,true
20260228,bus,bus:169000070,169000070,43070,선원면주민센터,강화군,강화군,선원면,,37.7126564,126.4830948,valid_header_swapped,true
20260228,bus,bus:169000042,169000042,43042,선원면주민센터,강화군,강화군,선원면,,37.7125405,126.4829757,valid_header_swapped,true
20260228,bus,bus:169000305,169000305,43305,선원사,강화군,강화군,선원면,,37.7183927,126.4925894,valid_header_swapped,true
20260228,bus,bus:169000742,169000742,43742,선원사,강화군,강화군,선원면,,37.7185919,126.4926676,valid_header_swapped,true
20260228,bus,bus:169000756,169000756,43756,선원사초입,강화군,강화군,선원면,,37.7178651,126.4901806,valid_header_swapped,true
20260228,bus,bus:169000307,169000307,43307,선원사초입,강화군,강화군,선원면,,37.7179874,126.4899680,valid_header_swapped,true
20260228,bus,bus:169000045,169000045,43045,선원초등학교,강화군,강화군,선원면,,37.7134162,126.4806657,valid_header_swapped,true
20260228,bus,bus:169000044,169000044,43044,선원초등학교,강화군,강화군,선원면,,37.7134471,126.4800548,valid_header_swapped,true
20260228,bus,bus:170000085,170000085,44085,선재대교,옹진군,옹진군,영흥면,,37.2333121,126.5364810,valid_header_swapped,true
20260228,bus,bus:170000175,170000175,44175,선재대교,옹진군,옹진군,영흥면,,37.2334672,126.5363090,valid_header_swapped,true
20260228,bus,bus:170000006,170000006,44006,선재대교입구,옹진군,옹진군,영흥면,,37.2331547,126.5337632,valid_header_swapped,true
20260228,bus,bus:170000005,170000005,44005,선재대교입구,옹진군,옹진군,영흥면,,37.2332269,126.5337835,valid_header_swapped,true
20260228,bus,bus:170000146,170000146,44146,선재바다낚시터,옹진군,옹진군,영흥면,,37.2541354,126.5212786,valid_header_swapped,true
20260228,bus,bus:170000176,170000176,44176,선재바다낚시터,옹진군,옹진군,영흥면,,37.2540730,126.5208007,valid_header_swapped,true
20260228,bus,bus:167000481,167000481,41481,선주삼거리,계양구,계양구,계양1동,,37.5804730,126.7445658,valid_header_swapped,true
20260228,bus,bus:167000482,167000482,41482,선주지교회,계양구,계양구,계양1동,,37.5797522,126.7470414,valid_header_swapped,true
20260228,bus,bus:167000480,167000480,41480,선주지다리,계양구,계양구,계양1동,,37.5821122,126.7415579,valid_header_swapped,true
20260228,bus,bus:167000501,167000501,41501,선주지다리,계양구,계양구,계양1동,,37.5821724,126.7417434,valid_header_swapped,true
20260228,bus,bus:167000671,167000671,41671,선주지동경로당,계양구,계양구,계양1동,,37.5787789,126.7449043,valid_header_swapped,true
20260228,bus,bus:167000483,167000483,41483,선주지회차지,계양구,계양구,계양1동,,37.5792903,126.7489135,valid_header_swapped,true
20260228,bus,bus:169001462,169001462,90462,선학골,강화군,강화군,강화읍,,37.7667543,126.5017940,valid_header_swapped,true
20260228,bus,bus:169001461,169001461,90461,선학골삼거리,강화군,강화군,강화읍,,37.7695355,126.5000600,valid_header_swapped,true
20260228,bus,bus:164000297,164000297,38297,선학동행정복지센터.정광아파트,연수구,연수구,선학동,,37.4223245,126.7010769,valid_header_swapped,true
20260228,bus,bus:164000295,164000295,38295,선학사거리,연수구,연수구,연수3동,,37.4230402,126.6960473,valid_header_swapped,true
20260228,bus,bus:164000343,164000343,38343,선학아파트,연수구,연수구,선학동,,37.4173436,126.6951470,valid_header_swapped,true
20260228,bus,bus:164000232,164000232,38232,선학아파트,연수구,연수구,연수2동,,37.4172479,126.6950079,valid_header_swapped,true
20260228,bus,bus:164000300,164000300,38300,선학어린이집,연수구,연수구,선학동,,37.4228778,126.7014382,valid_header_swapped,true
20260228,bus,bus:164000305,164000305,38305,선학역,연수구,연수구,선학동,,37.4274869,126.6987945,valid_header_swapped,true
20260228,bus,bus:164000306,164000306,38306,선학역(1번출구),연수구,연수구,선학동,,37.4274539,126.6992464,valid_header_swapped,true
20260228,bus,bus:164000283,164000283,38283,선학중학교·마을엔,연수구,연수구,선학동,,37.4198677,126.6979575,valid_header_swapped,true
20260228,bus,bus:164000308,164000308,38308,선학체육관(하키경기장),연수구,연수구,선학동,,37.4315267,126.6989827,valid_header_swapped,true
20260228,bus,bus:164000309,164000309,38309,선학체육관(하키경기장),연수구,연수구,선학동,,37.4317305,126.6984026,valid_header_swapped,true
20260228,bus,bus:169000909,169000909,43909,선행리입구,강화군,강화군,강화읍,,37.7400851,126.4561345,valid_header_swapped,true
20260228,bus,bus:169000908,169000908,43908,선행리입구,강화군,강화군,강화읍,,37.7402009,126.4560557,valid_header_swapped,true
20260228,bus,bus:169000618,169000618,43618,설호아파트,강화군,강화군,강화읍,,37.7425435,126.4983152,valid_header_swapped,true
20260228,bus,bus:169000378,169000378,43378,설호아파트,강화군,강화군,강화읍,,37.7424622,126.4984545,valid_header_swapped,true
20260228,bus,bus:165000837,165000837,39837,성강지식산업센터,남동구,남동구,논현고잔동,,37.3843975,126.7039967,valid_header_swapped,true
20260228,bus,bus:169000603,169000603,43603,성경,강화군,강화군,하점면,,37.7696634,126.3879862,valid_header_swapped,true
20260228,bus,bus:169000771,169000771,43771,성경,강화군,강화군,하점면,,37.7698371,126.3881733,valid_header_swapped,true
20260228,bus,bus:205000004,205000004,50004,성남IC(미정차),코드정보 없음,코드정보 없음,하대원동,,37.4249508,127.1235467,outside_incheon_bounds,false
20260228,bus,bus:232000393,232000393,35286,성동검문소,기타,기타,김포시,,37.7295669,126.5307327,valid_header_swapped,false
20260228,bus,bus:232000394,232000394,35285,성동검문소,기타,기타,김포시,,37.7301836,126.5299518,valid_header_swapped,false
20260228,bus,bus:165000969,165000969,39969,성리중학교,남동구,남동구,구월1동,,37.4447431,126.7085210,valid_header_swapped,true
20260228,bus,bus:165000979,165000979,39979,성리중학교,남동구,남동구,구월1동,,37.4446046,126.7087615,valid_header_swapped,true
20260228,bus,bus:165000200,165000200,39200,성리초등학교,남동구,남동구,구월1동,,37.4445028,126.7071390,valid_header_swapped,true
20260228,bus,bus:165000201,165000201,39201,성리초등학교,남동구,남동구,구월3동,,37.4446275,126.7067270,valid_header_swapped,true
20260228,bus,bus:165000462,165000462,39462,성문교회,남동구,남동구,만수3동,,37.4643612,126.7258406,valid_header_swapped,true
20260228,bus,bus:165000591,165000591,39591,성문아파트,남동구,남동구,구월4동,,37.4492075,126.7206750,valid_header_swapped,true
20260228,bus,bus:165000257,165000257,39257,성문아파트(문화연립),남동구,남동구,구월4동,,37.4488838,126.7208245,valid_header_swapped,true
20260228,bus,bus:168000159,168000159,42159,성민병원,서구,서해구,석남1동,,37.5095379,126.6723828,valid_header_swapped,true
20260228,bus,bus:168000162,168000162,42162,성민병원,서구,서해구,석남1동,,37.5104211,126.6726488,valid_header_swapped,true
20260228,bus,bus:168000007,168000007,42007,성보공업,서구,서해구,가좌1동,,37.4805705,126.6730068,valid_header_swapped,true
20260228,bus,bus:166000572,166000572,40572,성산교회,부평구,부평구,청천2동,,37.5194605,126.7046712,valid_header_swapped,true
20260228,bus,bus:118000553,118000553,28087,성산대교남단(미정차),코드정보 없음,코드정보 없음,양평2동,,37.5478223,126.8882773,outside_incheon_bounds,false
20260228,bus,bus:118000554,118000554,28094,성산대교남단(미정차),코드정보 없음,코드정보 없음,양평2동,,37.5478366,126.8889482,outside_incheon_bounds,false
20260228,bus,bus:168001327,168001327,89327,성신아크릴산업,서구,검단구,대곡동,,37.6275958,126.6677823,valid_header_swapped,true
20260228,bus,bus:168001313,168001313,89313,성신아크릴산업,서구,검단구,대곡동,,37.6274486,126.6678245,valid_header_swapped,true
20260228,bus,bus:168000051,168000051,42051,성웅아파트,서구,서해구,가좌1동,,37.4912882,126.6714941,valid_header_swapped,true
20260228,bus,bus:168000048,168000048,42048,성웅아파트,서구,서해구,가좌1동,,37.4903815,126.6712259,valid_header_swapped,true
20260228,bus,bus:165001016,165001016,92016,성원기계,남동구,남동구,논현고잔동,,37.3911782,126.6940413,valid_header_swapped,true
20260228,bus,bus:163000425,163000425,37425,성원빌딩.우편취급국,미추홀구,미추홀구,주안5동,,37.4664585,126.6834764,valid_header_swapped,true
20260228,bus,bus:224000381,224000381,70022,성원아파트,코드정보 없음,코드정보 없음,은행동,,37.4446783,126.7995111,valid_header_swapped,false
20260228,bus,bus:165000787,165000787,39787,성일산업,남동구,남동구,논현고잔동,,37.3890533,126.6869736,valid_header_swapped,true
20260228,bus,bus:165000788,165000788,39788,성일산업,남동구,남동구,논현고잔동,,37.3892652,126.6870942,valid_header_swapped,true
20260228,bus,bus:210000427,210000427,40311,성일아파트후문앞,부평구,부평구,부개2동,,37.4911491,126.7423638,valid_header_swapped,true
20260228,bus,bus:167000025,167000025,41025,성지아파트,계양구,계양구,효성1동,,37.5248261,126.7163673,valid_header_swapped,true
20260228,bus,bus:164000017,164000017,38017,성지아파트,연수구,연수구,송도1동,,37.3900006,126.6610764,valid_header_swapped,true
20260228,bus,bus:167000034,167000034,41034,성지초등학교,계양구,계양구,작전2동,,37.5253431,126.7196422,valid_header_swapped,true
20260228,bus,bus:167000033,167000033,41033,성지초등학교,계양구,계양구,작전2동,,37.5255947,126.7196922,valid_header_swapped,true
20260228,bus,bus:169000038,169000038,43038,성터지,강화군,강화군,불은면,,37.6943728,126.4773540,valid_header_swapped,true
20260228,bus,bus:169000039,169000039,43039,성터지,강화군,강화군,불은면,,37.6946572,126.4773808,valid_header_swapped,true
20260228,bus,bus:164000204,164000204,38204,성호아파트,연수구,연수구,청학동,,37.4230118,126.6682788,valid_header_swapped,true
20260228,bus,bus:169000758,169000758,43758,세광2차아파트,강화군,강화군,선원면,,37.7240439,126.4813879,valid_header_swapped,true
20260228,bus,bus:169000857,169000857,43857,세광2차아파트,강화군,강화군,선원면,,37.7246687,126.4819101,valid_header_swapped,true
20260228,bus,bus:169000049,169000049,43049,세광아파트,강화군,강화군,선원면,,37.7229327,126.4796946,valid_header_swapped,true
20260228,bus,bus:169000050,169000050,43050,세광아파트,강화군,강화군,선원면,,37.7228371,126.4797997,valid_header_swapped,true
20260228,bus,bus:167000510,167000510,41510,세농푸드,계양구,계양구,계양1동,,37.5765900,126.7011899,valid_header_swapped,true
20260228,bus,bus:165000094,165000094,39094,세우산업,남동구,남동구,논현고잔동,,37.4118169,126.7027599,valid_header_swapped,true
20260228,bus,bus:166000489,166000489,40489,세월천사거리,부평구,부평구,청천2동,,37.5136038,126.7041451,valid_header_swapped,true
20260228,bus,bus:165000159,165000159,39159,세일빌라.인천산림조합,남동구,남동구,남촌도림동,,37.4277025,126.7157701,valid_header_swapped,true
20260228,bus,bus:165000158,165000158,39158,세일빌라.인천산림조합,남동구,남동구,남촌도림동,,37.4274754,126.7158180,valid_header_swapped,true
20260228,bus,bus:165000033,165000033,39033,세현정공,남동구,남동구,논현고잔동,,37.3958686,126.6947714,valid_header_swapped,true
20260228,bus,bus:169001216,169001216,90216,세화파렛텍,강화군,강화군,강화읍,,37.7645464,126.5033251,valid_header_swapped,true
20260228,bus,bus:165000902,165000902,39902,센타빌딩,남동구,남동구,서창2동,,37.4240347,126.7501021,valid_header_swapped,true
20260228,bus,bus:164000490,164000490,38490,센트럴공원,연수구,연수구,송도2동,,37.3902499,126.6438387,valid_header_swapped,true
20260228,bus,bus:164000463,164000463,38463,센트럴파크1,연수구,연수구,송도2동,,37.3965061,126.6391320,valid_header_swapped,true
20260228,bus,bus:164000464,164000464,38464,센트럴파크2,연수구,연수구,송도2동,,37.3952251,126.6409998,valid_header_swapped,true
20260228,bus,bus:164000397,164000397,38397,센트럴파크역,연수구,연수구,송도2동,,37.3924999,126.6357586,valid_header_swapped,true
20260228,bus,bus:164000574,164000574,38574,센트럴파크역,연수구,연수구,송도2동,,37.3939562,126.6337399,valid_header_swapped,true
20260228,bus,bus:164000544,164000544,38544,센트럴파크푸르지오아파트,연수구,연수구,송도2동,,37.3926694,126.6431958,valid_header_swapped,true
20260228,bus,bus:164000545,164000545,38545,센트럴파크푸르지오아파트,연수구,연수구,송도2동,,37.3923303,126.6428988,valid_header_swapped,true
20260228,bus,bus:165001071,165001071,92071,센트럴푸르지오501동앞,남동구,남동구,서창동,,37.4300634,126.7481781,valid_header_swapped,true
20260228,bus,bus:164000319,164000319,38319,셀트리온(주),연수구,연수구,송도1동,,37.3712600,126.6441290,valid_header_swapped,true
20260228,bus,bus:164000513,164000513,38513,셀트리온(주)앞,연수구,연수구,송도1동,,37.3715057,126.6443586,valid_header_swapped,true
20260228,bus,bus:164000474,164000474,38474,셀트리온2공장앞,연수구,연수구,송도1동,,37.3745349,126.6403870,valid_header_swapped,true
20260228,bus,bus:164000475,164000475,38475,셀트리온2공장앞,연수구,연수구,송도1동,,37.3754984,126.6393951,valid_header_swapped,true
20260228,bus,bus:169000243,169000243,43243,소게,강화군,강화군,내가면,,37.7042646,126.3866000,valid_header_swapped,true
20260228,bus,bus:169000185,169000185,43185,소게,강화군,강화군,내가면,,37.7043705,126.3869963,valid_header_swapped,true
20260228,bus,bus:165000266,165000266,39266,소구월사거리,남동구,남동구,구월4동,,37.4503328,126.7189697,valid_header_swapped,true
20260228,bus,bus:165000268,165000268,39268,소구월사거리,남동구,남동구,구월1동,,37.4504744,126.7186087,valid_header_swapped,true
20260228,bus,bus:169000396,169000396,43396,소나무,강화군,강화군,하점면,,37.7483179,126.3913665,valid_header_swapped,true
20260228,bus,bus:169000805,169000805,43805,소나무,강화군,강화군,하점면,,37.7483234,126.3911966,valid_header_swapped,true
20260228,bus,bus:169001236,169001236,90236,소담(장미)마을입구,강화군,강화군,길상면,,37.6382086,126.4814315,valid_header_swapped,true
20260228,bus,bus:169001237,169001237,90237,소담(장미)마을입구,강화군,강화군,길상면,,37.6381771,126.4816217,valid_header_swapped,true
20260228,bus,bus:169000829,169000829,43829,소동,강화군,강화군,하점면,,37.7652498,126.4216305,valid_header_swapped,true
20260228,bus,bus:169000412,169000412,43412,소동,강화군,강화군,하점면,,37.7651990,126.4219375,valid_header_swapped,true
20260228,bus,bus:169001424,169001424,90424,소똑골 입구,강화군,강화군,선원면,,37.7264592,126.4647488,valid_header_swapped,true
20260228,bus,bus:169001425,169001425,90425,소똑골 입구,강화군,강화군,선원면,,37.7267106,126.4645629,valid_header_swapped,true
20260228,bus,bus:165000829,165000829,39829,소래도서관,남동구,남동구,논현고잔동,,37.3930578,126.7234701,valid_header_swapped,true
20260228,bus,bus:165000771,165000771,39771,소래산등산로입구,남동구,남동구,장수서창동,,37.4527523,126.7692876,valid_header_swapped,true
20260228,bus,bus:165000770,165000770,39770,소래산등산로입구,남동구,남동구,장수서창동,,37.4526261,126.7694901,valid_header_swapped,true
20260228,bus,bus:165000668,165000668,39668,소래산입구,남동구,남동구,장수서창동,,37.4590944,126.7735645,valid_header_swapped,true
20260228,bus,bus:165000670,165000670,39670,소래산입구,남동구,남동구,장수서창동,,37.4591404,126.7730866,valid_header_swapped,true
20260228,bus,bus:165000816,165000816,39816,소래역사관,남동구,남동구,논현1동,,37.3980982,126.7378798,valid_header_swapped,true
20260228,bus,bus:165000817,165000817,39817,소래역사관,남동구,남동구,논현1동,,37.3978939,126.7379488,valid_header_swapped,true
20260228,bus,bus:165000615,165000615,39615,소래초등학교,남동구,남동구,논현1동,,37.4045474,126.7337027,valid_header_swapped,true
20260228,bus,bus:165000818,165000818,39818,소래포구,남동구,남동구,논현고잔동,,37.3990623,126.7392487,valid_header_swapped,true
20260228,bus,bus:165000815,165000815,39815,소래포구,남동구,남동구,논현고잔동,,37.4005734,126.7391325,valid_header_swapped,true
20260228,bus,bus:165001074,165001074,92074,소래포구 해오름광장,남동구,남동구,논현동,,37.3973536,126.7367780,valid_header_swapped,true
20260228,bus,bus:165000647,165000647,39647,소래포구역,남동구,남동구,논현고잔동,,37.4013903,126.7327951,valid_header_swapped,true
20260228,bus,bus:165000710,165000710,39710,소래포구역,남동구,남동구,논현1동,,37.4012206,126.7339088,valid_header_swapped,true
20260228,bus,bus:165000648,165000648,39648,소래포구역,남동구,남동구,논현고잔동,,37.4015933,126.7326463,valid_header_swapped,true
20260228,bus,bus:165001063,165001063,92063,소래포구역앞,남동구,남동구,논현1동,,37.4021142,126.7329799,valid_header_swapped,true
20260228,bus,bus:165000793,165000793,39793,소래포구역종점,남동구,남동구,논현고잔동,,37.4006082,126.7338184,valid_header_swapped,true
20260228,bus,bus:224000098,224000098,70009,소래포구입구,코드정보 없음,코드정보 없음,군자동,,37.3930999,126.7406371,valid_header_swapped,false
20260228,bus,bus:165000114,165000114,39114,소래포구입구(논현푸르지오A),남동구,남동구,논현고잔동,,37.4028967,126.7402144,valid_header_swapped,true
20260228,bus,bus:165000109,165000109,39109,소래포구입구(논현푸르지오A),남동구,남동구,논현1동,,37.4018631,126.7400633,valid_header_swapped,true
20260228,bus,bus:165000122,165000122,39122,소래풍림아파트,남동구,남동구,논현1동,,37.4052918,126.7361278,valid_header_swapped,true
20260228,bus,bus:164000723,164000723,38721,소리공원(하모니로),연수구,연수구,송도1동,,37.3811236,126.6411962,valid_header_swapped,true
20260228,bus,bus:164000724,164000724,38722,소리공원(하모니로),연수구,연수구,송도1동,,37.3800071,126.6408075,valid_header_swapped,true
20260228,bus,bus:166000116,166000116,40116,소망탑빌라,부평구,부평구,부평3동,,37.4856427,126.7165650,valid_header_swapped,true
20260228,bus,bus:169001023,169001023,90023,소방대앞,강화군,강화군,교동면,,37.7806677,126.2805544,valid_header_swapped,true
20260228,bus,bus:169001022,169001022,90022,소방대앞,강화군,강화군,교동면,,37.7805785,126.2804233,valid_header_swapped,true
20260228,bus,bus:224001078,224001078,70011,소산서원,코드정보 없음,코드정보 없음,신천동,,37.4433380,126.7742431,valid_header_swapped,false
20260228,bus,bus:170000075,170000075,44075,소야리어촌계사무실,옹진군,옹진군,덕적면,,,,missing,false
20260228,bus,bus:170000091,170000091,44091,소장골,옹진군,옹진군,영흥면,,,,missing,false
20260228,bus,bus:169000996,169000996,43996,소장전,강화군,강화군,화도면,,37.6000840,126.4315713,valid_header_swapped,true
20260228,bus,bus:169000997,169000997,43997,소장전,강화군,강화군,화도면,,37.6000408,126.4315029,valid_header_swapped,true
20260228,bus,bus:168001540,168001540,89540,소첨도공원,서구,서해구,원창동,,37.5105038,126.6283346,valid_header_swapped,true
20260228,bus,bus:168001541,168001541,89541,소첨도공원,서구,서해구,원창동,,37.5105879,126.6286705,valid_header_swapped,true
20260228,bus,bus:167000662,167000662,41662,소촌마을,계양구,계양구,계양1동,,37.5694824,126.7232433,valid_header_swapped,true
20260228,bus,bus:277102910,277102910,0,소하JC(미정차),기타,기타,소하동,,37.4394900,126.8985433,outside_incheon_bounds,false
20260228,bus,bus:169000344,169000344,43344,속아지,강화군,강화군,내가면,,37.7252300,126.4150129,valid_header_swapped,true
20260228,bus,bus:169000848,169000848,43848,속아지,강화군,강화군,내가면,,37.7253677,126.4149766,valid_header_swapped,true
20260228,bus,bus:164000193,164000193,38193,솔밭마을,연수구,연수구,연수2동,,37.4147852,126.6901753,valid_header_swapped,true
20260228,bus,bus:162000037,162000037,36037,솔빛마을,동구,제물포구,화수2동,,37.4788391,126.6358119,valid_header_swapped,true
20260228,bus,bus:162000034,162000034,36034,솔빛마을,동구,제물포구,송현12동,,37.4787704,126.6352968,valid_header_swapped,true
20260228,bus,bus:162000049,162000049,36049,솔빛마을주공아파트,동구,제물포구,화수2동,,37.4801787,126.6376629,valid_header_swapped,true
20260228,bus,bus:162000050,162000050,36050,솔빛마을주공아파트,동구,제물포구,송현12동,,37.4803412,126.6373961,valid_header_swapped,true
20260228,bus,bus:162000045,162000045,36045,솔빛주공2단지,동구,제물포구,화수2동,,37.4802763,126.6362364,valid_header_swapped,true
20260228,bus,bus:164000348,164000348,38348,솔안공원,연수구,연수구,연수2동,,37.4125466,126.6832181,valid_header_swapped,true
20260228,bus,bus:169000871,169000871,43871,솔정,강화군,강화군,불은면,,37.6514302,126.5131951,valid_header_swapped,true
20260228,bus,bus:169000526,169000526,43526,솔정,강화군,강화군,불은면,,37.6515530,126.5134810,valid_header_swapped,true
20260228,bus,bus:169001086,169001086,90086,솔정1리마을회관,강화군,강화군,송해면,,37.7635702,126.4676986,valid_header_swapped,true
20260228,bus,bus:169001085,169001085,90085,솔정1리마을회관,강화군,강화군,송해면,,37.7636980,126.4677391,valid_header_swapped,true
20260228,bus,bus:169001108,169001108,90108,솔정마을,강화군,강화군,송해면,,37.7708109,126.4562255,valid_header_swapped,true
20260228,bus,bus:169000872,169000872,43872,솔정마을,강화군,강화군,불은면,,37.6530483,126.5107013,valid_header_swapped,true
20260228,bus,bus:169000811,169000811,43811,솔정마을,강화군,강화군,송해면,,37.7707308,126.4561598,valid_header_swapped,true
20260228,bus,bus:169000129,169000129,43129,솔정마을,강화군,강화군,불은면,,37.6531012,126.5109321,valid_header_swapped,true
20260228,bus,bus:169000134,169000134,43134,솔정정미소,강화군,강화군,불은면,,37.6535758,126.5032102,valid_header_swapped,true
20260228,bus,bus:169000130,169000130,43130,솔정정미소,강화군,강화군,불은면,,37.6532959,126.5029913,valid_header_swapped,true
20260228,bus,bus:232000707,232000707,80327,솔터마을입구,코드정보 없음,코드정보 없음,양촌면,,37.6406882,126.6300777,valid_header_swapped,false
20260228,bus,bus:232000706,232000706,80336,솔터마을입구,코드정보 없음,코드정보 없음,양촌면,,37.6412816,126.6302486,valid_header_swapped,false
20260228,bus,bus:170000177,170000177,44177,솔펜션,옹진군,옹진군,영흥면,,37.2646212,126.4582780,valid_header_swapped,true
20260228,bus,bus:170000143,170000143,44143,솔펜션,옹진군,옹진군,영흥면,,37.2643572,126.4584850,valid_header_swapped,true
20260228,bus,bus:169000815,169000815,43815,송곡촌,강화군,강화군,송해면,,37.7803460,126.4567486,valid_header_swapped,true
20260228,bus,bus:169000439,169000439,43439,송곡촌,강화군,강화군,송해면,,37.7802110,126.4568576,valid_header_swapped,true
20260228,bus,bus:210000102,210000102,11014,송내고교입구,코드정보 없음,코드정보 없음,상2동,,37.4889937,126.7446845,valid_header_swapped,false
20260228,bus,bus:210000171,210000171,11015,송내고교입구,코드정보 없음,코드정보 없음,상2동,,37.4887508,126.7448815,valid_header_swapped,false
20260228,bus,bus:166000219,166000219,40219,송내고등학교,부평구,부평구,일신동,,37.4854068,126.7450352,valid_header_swapped,true
20260228,bus,bus:166000761,166000761,40761,송내남부역,부평구,부평구,일신동,,37.4840309,126.7533784,valid_header_swapped,true
20260228,bus,bus:211000131,211000131,56131,송내역,코드정보 없음,코드정보 없음,송내1동,,37.4864717,126.7530603,valid_header_swapped,false
20260228,bus,bus:210000537,210000537,55267,송내역.로데오거리,코드정보 없음,코드정보 없음,상1동,,37.4896029,126.7538032,valid_header_swapped,false
20260228,bus,bus:210000159,210000159,55265,송내역.반달공영주차장,코드정보 없음,코드정보 없음,상1동,,37.4887584,126.7518668,valid_header_swapped,false
20260228,bus,bus:210000472,210000472,55263,송내역.영화의거리,코드정보 없음,코드정보 없음,상동,,37.4895958,126.7541780,valid_header_swapped,false
20260228,bus,bus:210000050,210000050,55266,송내역.투나,코드정보 없음,코드정보 없음,상동,,37.4886138,126.7546686,valid_header_swapped,false
20260228,bus,bus:211000049,211000049,56004,송내역남부,코드정보 없음,코드정보 없음,송내1동,,37.4870281,126.7531175,valid_header_swapped,false
20260228,bus,bus:211000046,211000046,56005,송내역남부,코드정보 없음,코드정보 없음,송내1동,,37.4868198,126.7536348,valid_header_swapped,false
20260228,bus,bus:211000050,211000050,56002,송내역남부,코드정보 없음,코드정보 없음,송내1동,,37.4863772,126.7530540,valid_header_swapped,false
20260228,bus,bus:164000669,164000669,38667,송담초등학교,연수구,연수구,송도5동,,37.4114916,126.6150170,valid_header_swapped,true
20260228,bus,bus:164000670,164000670,38668,송담초등학교,연수구,연수구,송도5동,,37.4115844,126.6153811,valid_header_swapped,true
20260228,bus,bus:164000012,164000012,38012,송도1동행정복지센터,연수구,연수구,송도1동,,37.3917960,126.6502460,valid_header_swapped,true
20260228,bus,bus:164000492,164000492,38492,송도2동행정복지센터,연수구,연수구,송도2동,,37.4038438,126.6415433,valid_header_swapped,true
20260228,bus,bus:164000588,164000588,38588,송도2동행정복지센터,연수구,연수구,송도2동,,37.4040443,126.6412360,valid_header_swapped,true
20260228,bus,bus:164000748,164000748,38746,송도MTB파크,연수구,연수구,송도1동,,37.3951494,126.6622463,valid_header_swapped,true
20260228,bus,bus:164000637,164000637,38635,송도SK뷰(101동),연수구,연수구,송도5동,,37.4146440,126.6249770,valid_header_swapped,true
20260228,bus,bus:164000634,164000634,38632,송도SK뷰(105동),연수구,연수구,송도5동,,37.4132978,126.6289409,valid_header_swapped,true
20260228,bus,bus:164000635,164000635,38633,송도SK뷰(105동),연수구,연수구,송도5동,,37.4131349,126.6286106,valid_header_swapped,true
20260228,bus,bus:164000710,164000710,38708,송도sk뷰,연수구,연수구,송도5동,,37.4129160,126.6241118,valid_header_swapped,true
20260228,bus,bus:164000709,164000709,38707,송도sk뷰,연수구,연수구,송도5동,,37.4128537,126.6247015,valid_header_swapped,true
20260228,bus,bus:164000221,164000221,38221,송도고입구,연수구,연수구,옥련2동,,37.4309124,126.6472405,valid_header_swapped,true
20260228,bus,bus:164000215,164000215,38215,송도고입구,연수구,연수구,옥련2동,,37.4307168,126.6469298,valid_header_swapped,true
20260228,bus,bus:164000472,164000472,38472,송도공영차고지,연수구,연수구,송도1동,,37.3709109,126.6386300,valid_header_swapped,true
20260228,bus,bus:164000597,164000597,38597,송도국제교입구,연수구,연수구,동춘2동,,37.3917313,126.6681068,valid_header_swapped,true
20260228,bus,bus:164000811,164000811,38809,송도국제도서관,연수구,연수구,송도동,,37.3801418,126.6317353,valid_header_swapped,true
20260228,bus,bus:164000812,164000812,38810,송도국제도서관,연수구,연수구,송도동,,37.3799509,126.6315306,valid_header_swapped,true
20260228,bus,bus:164000809,164000809,38807,송도국제도서관,연수구,연수구,송도동,,37.3813401,126.6320955,valid_header_swapped,true
20260228,bus,bus:164000810,164000810,38808,송도국제도서관,연수구,연수구,송도동,,37.3806913,126.6326517,valid_header_swapped,true
20260228,bus,bus:164000773,164000773,38771,송도국제도시디에트르시그니처뷰,연수구,연수구,송도4동,,37.4036176,126.6277047,valid_header_swapped,true
20260228,bus,bus:164000713,164000713,38711,송도글로벌캠퍼스푸르지오아파트,연수구,연수구,송도3동,,37.3783293,126.6534555,valid_header_swapped,true
20260228,bus,bus:164000666,164000666,38664,송도누리공원,연수구,연수구,송도3동,,37.3775935,126.6564399,valid_header_swapped,true
20260228,bus,bus:164000665,164000665,38663,송도누리공원,연수구,연수구,송도3동,,37.3774673,126.6568231,valid_header_swapped,true
20260228,bus,bus:164000778,164000778,38776,송도달빛축제공원,연수구,연수구,송도동,,37.4028950,126.6288825,valid_header_swapped,true
20260228,bus,bus:164000699,164000699,38697,송도달빛축제공원역,연수구,연수구,송도2동,,37.4068425,126.6249954,valid_header_swapped,true
20260228,bus,bus:164000698,164000698,38696,송도달빛축제공원역,연수구,연수구,송도2동,,37.4068293,126.6252185,valid_header_swapped,true
20260228,bus,bus:165000843,165000843,39843,송도더샵그린스퀘어,연수구,연수구,송도3동,,37.3728239,126.6525266,valid_header_swapped,true
20260228,bus,bus:164000526,164000526,38526,송도더샵그린워크,연수구,연수구,송도2동,,37.4017799,126.6404803,valid_header_swapped,true
20260228,bus,bus:164000493,164000493,38493,송도더샵그린워크2차,연수구,연수구,송도2동,,37.4024016,126.6420377,valid_header_swapped,true
20260228,bus,bus:164000578,164000578,38578,송도더샵마스터뷰21단지,연수구,연수구,송도4동,,37.3850997,126.6300558,valid_header_swapped,true
20260228,bus,bus:164000695,164000695,38693,송도더샵마스터뷰22단지,연수구,연수구,송도4동,,37.3819867,126.6307897,valid_header_swapped,true
20260228,bus,bus:164000697,164000697,38695,송도더샵마스터뷰22단지,연수구,연수구,송도4동,,37.3821416,126.6308964,valid_header_swapped,true
20260228,bus,bus:164000700,164000700,38698,송도더샵마스터뷰22단지(2202동),연수구,연수구,송도4동,,37.3840555,126.6327198,valid_header_swapped,true
20260228,bus,bus:164000714,164000714,38712,송도더샵마스터뷰22단지(2202동),연수구,연수구,송도4동,,37.3837712,126.6327312,valid_header_swapped,true
20260228,bus,bus:164000696,164000696,38694,송도더샵마스터뷰22단지(정문),연수구,연수구,송도4동,,37.3821972,126.6321914,valid_header_swapped,true
20260228,bus,bus:164000442,164000442,38442,송도더샵마스터뷰23단지,연수구,연수구,송도4동,,37.3813361,126.6342069,valid_header_swapped,true
20260228,bus,bus:164000441,164000441,38441,송도더샵마스터뷰23단지,연수구,연수구,송도1동,,37.3814320,126.6349968,valid_header_swapped,true
20260228,bus,bus:164000694,164000694,38692,송도더샵마스터뷰23단지(정문),연수구,연수구,송도4동,,37.3822634,126.6325636,valid_header_swapped,true
20260228,bus,bus:165000842,165000842,39842,송도더샵센트럴시티,연수구,연수구,송도3동,,37.3728100,126.6521532,valid_header_swapped,true
20260228,bus,bus:164000649,164000649,38647,송도더샵센트럴시티.글로벌캠퍼스푸르지오,연수구,연수구,송도1동,,37.3752312,126.6504216,valid_header_swapped,true
20260228,bus,bus:164000589,164000589,38589,송도더샵퍼스트월드,연수구,연수구,송도1동,,37.3921930,126.6466924,valid_header_swapped,true
20260228,bus,bus:164000013,164000013,38013,송도더샵퍼스트월드(동문),연수구,연수구,송도1동,,37.3918970,126.6496470,valid_header_swapped,true
20260228,bus,bus:164000381,164000381,38381,송도더샵퍼스트월드(서문),연수구,연수구,송도1동,,37.3901558,126.6471914,valid_header_swapped,true
20260228,bus,bus:164000425,164000425,38425,송도더샵퍼스트월드B동.C동,연수구,연수구,송도1동,,37.3927703,126.6472304,valid_header_swapped,true
20260228,bus,bus:164000009,164000009,38009,송도더샵퍼스트월드D동,연수구,연수구,송도1동,,37.3901919,126.6501169,valid_header_swapped,true
20260228,bus,bus:164000560,164000560,38560,송도더샵퍼스트파크14단지,연수구,연수구,송도4동,,37.3868103,126.6327017,valid_header_swapped,true
20260228,bus,bus:164000577,164000577,38577,송도더샵퍼스트파크14단지,연수구,연수구,송도4동,,37.3866717,126.6325450,valid_header_swapped,true
20260228,bus,bus:164000576,164000576,38576,송도더샵퍼스트파크15단지,연수구,연수구,송도4동,,37.3854462,126.6342666,valid_header_swapped,true
20260228,bus,bus:164000559,164000559,38559,송도더샵퍼스트파크15단지,연수구,연수구,송도4동,,37.3854788,126.6346599,valid_header_swapped,true
20260228,bus,bus:164000467,164000467,38467,송도더샵하버뷰2차,연수구,연수구,송도2동,,37.3970882,126.6425547,valid_header_swapped,true
20260228,bus,bus:164000682,164000682,38680,송도동일하이빌파크포레아파트,연수구,연수구,동춘1동,,37.4119405,126.6577895,valid_header_swapped,true
20260228,bus,bus:164000065,164000065,38065,송도라마다호텔앞,연수구,연수구,동춘1동,,37.4123932,126.6538293,valid_header_swapped,true
20260228,bus,bus:164000067,164000067,38067,송도라마다호텔앞,연수구,연수구,동춘1동,,37.4126381,126.6539986,valid_header_swapped,true
20260228,bus,bus:164000741,164000741,38739,송도랜드마크시티13호근린공원,연수구,연수구,송도4동,,37.3870224,126.6173601,valid_header_swapped,true
20260228,bus,bus:164000740,164000740,38738,송도랜드마크시티13호근린공원,연수구,연수구,송도4동,,37.3871388,126.6176799,valid_header_swapped,true
20260228,bus,bus:164000749,164000749,38747,송도랜드마크푸르지오시티,연수구,연수구,송도2동,,37.4045390,126.6278758,valid_header_swapped,true
20260228,bus,bus:164000799,164000799,38797,송도럭스오션SK뷰,연수구,연수구,송도동,,37.3918088,126.6128289,valid_header_swapped,true
20260228,bus,bus:164000800,164000800,38798,송도럭스오션SK뷰,연수구,연수구,송도동,,37.3917975,126.6130905,valid_header_swapped,true
20260228,bus,bus:164000802,164000802,38800,송도럭스오션SK뷰101동,연수구,연수구,송도4동,,37.3936087,126.6127098,valid_header_swapped,true
20260228,bus,bus:164000801,164000801,38799,송도럭스오션SK뷰101동,연수구,연수구,송도4동,,37.3936068,126.6131994,valid_header_swapped,true
20260228,bus,bus:165000985,165000985,39985,송도베르디움더퍼스트후문,연수구,연수구,송도3동,,37.3718784,126.6581495,valid_header_swapped,true
20260228,bus,bus:164000653,164000653,38651,송도세브란스병원,연수구,연수구,송도3동,,37.3830261,126.6805528,valid_header_swapped,true
20260228,bus,bus:164000452,164000452,38452,송도센트럴파크,연수구,연수구,송도2동,,37.3920066,126.6349881,valid_header_swapped,true
20260228,bus,bus:164000563,164000563,38563,송도센트럴파크역,연수구,연수구,송도2동,,37.3941633,126.6345235,valid_header_swapped,true
20260228,bus,bus:165000801,165000801,39801,송도소방서(송도스마트밸리),연수구,연수구,송도3동,,37.3675783,126.6500216,valid_header_swapped,true
20260228,bus,bus:165000802,165000802,39802,송도스마트밸리,연수구,연수구,송도3동,,37.3680113,126.6488292,valid_header_swapped,true
20260228,bus,bus:165000721,165000721,39721,송도스포츠센터(LNG야구장),연수구,연수구,송도3동,,37.3509082,126.6178783,valid_header_swapped,true
20260228,bus,bus:164000549,164000549,38549,송도아트윈푸르지오,연수구,연수구,송도4동,,37.3925690,126.6328414,valid_header_swapped,true
20260228,bus,bus:164000562,164000562,38562,송도아트윈푸르지오,연수구,연수구,송도4동,,37.3923654,126.6331894,valid_header_swapped,true
20260228,bus,bus:165000921,165000921,39921,송도에듀포레푸르지오,연수구,연수구,송도3동,,37.3728129,126.6599214,valid_header_swapped,true
20260228,bus,bus:165000986,165000986,39986,송도에듀포레푸르지오후문,연수구,연수구,송도3동,,37.3721251,126.6581094,valid_header_swapped,true
20260228,bus,bus:164000505,164000505,38505,송도역,연수구,연수구,옥련2동,,37.4284339,126.6551663,valid_header_swapped,true
20260228,bus,bus:164000213,164000213,38213,송도역,연수구,연수구,옥련1동,,37.4282923,126.6542199,valid_header_swapped,true
20260228,bus,bus:164000210,164000210,38210,송도역전시장,연수구,연수구,옥련1동,,37.4270795,126.6572944,valid_header_swapped,true
20260228,bus,bus:164000220,164000220,38220,송도역전시장,연수구,연수구,옥련1동,,37.4275377,126.6579742,valid_header_swapped,true
20260228,bus,bus:164000207,164000207,38207,송도역전시장,연수구,연수구,옥련1동,,37.4264515,126.6566888,valid_header_swapped,true
20260228,bus,bus:164000224,164000224,38224,송도영남아파트,연수구,연수구,청학동,,37.4269964,126.6608749,valid_header_swapped,true
20260228,bus,bus:164000644,164000644,38642,송도오션파크베르디움,연수구,연수구,송도5동,,37.4131868,126.6156605,valid_header_swapped,true
20260228,bus,bus:164000144,164000144,38144,송도요양원,연수구,연수구,동춘1동,,37.4166441,126.6728028,valid_header_swapped,true
20260228,bus,bus:164000081,164000081,38081,송도유원지(한국도로교통공단),연수구,연수구,옥련1동,,37.4175036,126.6501229,valid_header_swapped,true
20260228,bus,bus:164000088,164000088,38088,송도유원지(한국도로교통공단),연수구,연수구,옥련1동,,37.4173384,126.6504683,valid_header_swapped,true
20260228,bus,bus:164000785,164000785,38783,송도자이더스타,연수구,연수구,송도4동,,37.3863564,126.6170109,valid_header_swapped,true
20260228,bus,bus:164000792,164000792,38790,송도자이더스타,연수구,연수구,송도4동,,37.3861418,126.6163097,valid_header_swapped,true
20260228,bus,bus:164000816,164000816,38814,송도자이더스타 104동,연수구,연수구,송도동,,37.3841145,126.6169586,valid_header_swapped,true
20260228,bus,bus:164000815,164000815,38813,송도자이더스타 104동,연수구,연수구,송도동,,37.3844996,126.6169682,valid_header_swapped,true
20260228,bus,bus:164000817,164000817,38815,송도자이더스타 109동,연수구,연수구,송도동,,37.3840946,126.6133265,valid_header_swapped,true
20260228,bus,bus:164000818,164000818,38816,송도자이더스타 109동,연수구,연수구,송도동,,37.3840179,126.6131039,valid_header_swapped,true
20260228,bus,bus:164000782,164000782,38780,송도자이크리스탈오션,연수구,연수구,송도4동,,37.3885524,126.6130193,valid_header_swapped,true
20260228,bus,bus:164000781,164000781,38779,송도자이크리스탈오션,연수구,연수구,송도4동,,37.3891900,126.6131390,valid_header_swapped,true
20260228,bus,bus:164000521,164000521,38521,송도자이하버뷰,연수구,연수구,송도2동,,37.3964889,126.6405653,valid_header_swapped,true
20260228,bus,bus:164000468,164000468,38468,송도자이하버뷰1단지,연수구,연수구,송도2동,,37.3968659,126.6423471,valid_header_swapped,true
20260228,bus,bus:164000488,164000488,38488,송도자이하버뷰2단지(202동),연수구,연수구,송도2동,,37.3956332,126.6442580,valid_header_swapped,true
20260228,bus,bus:164000455,164000455,38455,송도자이하버뷰2단지(205동),연수구,연수구,송도2동,,37.3948318,126.6418868,valid_header_swapped,true
20260228,bus,bus:164000465,164000465,38465,송도자이하버뷰2단지(정문),연수구,연수구,송도2동,,37.3942573,126.6436986,valid_header_swapped,true
20260228,bus,bus:164000498,164000498,38498,송도자이하버뷰2단지(정문),연수구,연수구,송도2동,,37.3943871,126.6435830,valid_header_swapped,true
20260228,bus,bus:164000705,164000705,38703,송도제2차고지,연수구,연수구,송도3동,,37.3668917,126.6653569,valid_header_swapped,true
20260228,bus,bus:164000737,164000737,38735,송도제2차고지입구,연수구,연수구,송도3동,,37.3668916,126.6648966,valid_header_swapped,true
20260228,bus,bus:161000155,161000155,35155,송도중학교,중구,제물포구,신포동,,37.4691636,126.6295203,valid_header_swapped,true
20260228,bus,bus:164000424,164000424,38424,송도지웰푸르지오시티,연수구,연수구,송도1동,,37.3837558,126.6434837,valid_header_swapped,true
20260228,bus,bus:164000175,164000175,38175,송도채석장,연수구,연수구,옥련2동,,37.4297064,126.6367563,valid_header_swapped,true
20260228,bus,bus:164000701,164000701,38699,송도체육센터,연수구,연수구,송도3동,,37.3867603,126.6698651,valid_header_swapped,true
20260228,bus,bus:164000702,164000702,38700,송도체육센터,연수구,연수구,송도3동,,37.3868746,126.6698894,valid_header_swapped,true
20260228,bus,bus:164000367,164000367,38367,송도컨벤시아,연수구,연수구,송도1동,,37.3885234,126.6483678,valid_header_swapped,true
20260228,bus,bus:164000369,164000369,38369,송도컨벤시아,연수구,연수구,송도1동,,37.3883562,126.6486284,valid_header_swapped,true
20260228,bus,bus:164000663,164000663,38661,송도컨벤시아남문,연수구,연수구,송도1동,,37.3867520,126.6443668,valid_header_swapped,true
20260228,bus,bus:164000662,164000662,38660,송도컨벤시아남문,연수구,연수구,송도1동,,37.3870703,126.6433918,valid_header_swapped,true
20260228,bus,bus:164000722,164000722,38720,송도타임스페이스,연수구,연수구,송도1동,,37.3834820,126.6417532,valid_header_swapped,true
20260228,bus,bus:165000929,165000929,39929,송도테크노파크IT센터,연수구,연수구,송도3동,,37.3818366,126.6635474,valid_header_swapped,true
20260228,bus,bus:164000754,164000754,38752,송도테크노파크IT센터,연수구,연수구,송도3동,,37.3823137,126.6626259,valid_header_swapped,true
20260228,bus,bus:164000627,164000627,38625,송도파크레인동일하이빌,연수구,연수구,동춘1동,,37.4056542,126.6575220,valid_header_swapped,true
20260228,bus,bus:164000628,164000628,38626,송도파크레인동일하이빌,연수구,연수구,동춘1동,,37.4071277,126.6568693,valid_header_swapped,true
20260228,bus,bus:164000538,164000538,38538,송도파크레인입구,연수구,연수구,동춘1동,,37.4050118,126.6578294,valid_header_swapped,true
20260228,bus,bus:164000539,164000539,38539,송도파크레인입구,연수구,연수구,동춘1동,,37.4043250,126.6578930,valid_header_swapped,true
20260228,bus,bus:164000629,164000629,38627,송도파크자이,연수구,연수구,동춘1동,,37.4102647,126.6552237,valid_header_swapped,true
20260228,bus,bus:164000630,164000630,38628,송도파크자이,연수구,연수구,동춘1동,,37.4086745,126.6559118,valid_header_swapped,true
20260228,bus,bus:164000640,164000640,38638,송도파크자이아파트,연수구,연수구,동춘1동,,37.4124909,126.6556261,valid_header_swapped,true
20260228,bus,bus:164000679,164000679,38677,송도파크자이아파트정문,연수구,연수구,동춘1동,,37.4113388,126.6577815,valid_header_swapped,true
20260228,bus,bus:164000426,164000426,38426,송도푸르지오월드마크,연수구,연수구,송도2동,,37.3927065,126.6464522,valid_header_swapped,true
20260228,bus,bus:164000494,164000494,38494,송도푸르지오하버뷰,연수구,연수구,송도2동,,37.3981022,126.6406610,valid_header_swapped,true
20260228,bus,bus:164000033,164000033,38033,송도풍림아이원1단지,연수구,연수구,송도1동,,37.3946162,126.6536785,valid_header_swapped,true
20260228,bus,bus:164000034,164000034,38034,송도풍림아이원2단지,연수구,연수구,송도1동,,37.3946834,126.6532283,valid_header_swapped,true
20260228,bus,bus:164000025,164000025,38025,송도풍림아이원2단지,연수구,연수구,송도1동,,37.3940799,126.6510589,valid_header_swapped,true
20260228,bus,bus:164000026,164000026,38026,송도풍림아이원2단지,연수구,연수구,송도1동,,37.3940319,126.6512301,valid_header_swapped,true
20260228,bus,bus:164000032,164000032,38032,송도풍림아이원4단지,연수구,연수구,송도1동,,37.3928929,126.6564389,valid_header_swapped,true
20260228,bus,bus:164000479,164000479,38479,송도힐스테이트,연수구,연수구,송도2동,,37.3969957,126.6500648,valid_header_swapped,true
20260228,bus,bus:164000393,164000393,38393,송도힐스테이트5단지,연수구,연수구,송도2동,,37.3950141,126.6489596,valid_header_swapped,true
20260228,bus,bus:164000554,164000554,38554,송도힐스테이트6단지,연수구,연수구,송도2동,,37.3940123,126.6469892,valid_header_swapped,true
20260228,bus,bus:121900163,121900163,22962,송동마을.서초힐스아파트,기타,기타,우면동.양재1동,,37.4591376,127.0179339,outside_incheon_bounds,false
20260228,bus,bus:162000165,162000165,36165,송림119안전센터,동구,제물포구,송림35동,,37.4742016,126.6441731,valid_header_swapped,true
20260228,bus,bus:162000030,162000030,36030,송림3.5동행정복지센터(재능대정문),동구,제물포구,송림4동,,37.4741536,126.6490306,valid_header_swapped,true
20260228,bus,bus:162000127,162000127,36127,송림4동행정복지센터(재능대후문),동구,제물포구,송림4동,,37.4779282,126.6512554,valid_header_swapped,true
20260228,bus,bus:163000491,163000491,37491,송림고가교,미추홀구,미추홀구,도화23동,,37.4799307,126.6543746,valid_header_swapped,true
20260228,bus,bus:163000492,163000492,37492,송림고가교,미추홀구,미추홀구,도화23동,,37.4798389,126.6548006,valid_header_swapped,true
20260228,bus,bus:163000439,163000439,37439,송림고개(도화신동아아파트),미추홀구,미추홀구,도화23동,,37.4768727,126.6543307,valid_header_swapped,true
20260228,bus,bus:163000501,163000501,37501,송림고개(도화신동아아파트),미추홀구,미추홀구,도화23동,,37.4772999,126.6541921,valid_header_swapped,true
20260228,bus,bus:162000155,162000155,36155,송림동진로아파트,동구,제물포구,송림35동,,37.4698548,126.6484879,valid_header_swapped,true
20260228,bus,bus:162000154,162000154,36154,송림동진로아파트,동구,제물포구,송림35동,,37.4697623,126.6488380,valid_header_swapped,true
20260228,bus,bus:169000775,169000775,43775,송림빌라,강화군,강화군,선원면,,37.7305070,126.4924592,valid_header_swapped,true
20260228,bus,bus:169000316,169000316,43316,송림빌라,강화군,강화군,선원면,,37.7306569,126.4924692,valid_header_swapped,true
20260228,bus,bus:162000015,162000015,36015,송림시장,동구,제물포구,송림4동,,37.4733514,126.6449496,valid_header_swapped,true
20260228,bus,bus:162000132,162000132,36132,송림오거리,동구,제물포구,송림35동,,37.4749122,126.6457077,valid_header_swapped,true
20260228,bus,bus:162000131,162000131,36131,송림오거리,동구,제물포구,송림35동,,37.4748724,126.6454503,valid_header_swapped,true
20260228,bus,bus:162000090,162000090,36090,송림주유소,동구,제물포구,송림4동,,37.4823734,126.6527320,valid_header_swapped,true
20260228,bus,bus:162000148,162000148,36148,송림체육관,동구,제물포구,송림6동,,37.4849429,126.6488187,valid_header_swapped,true
20260228,bus,bus:162000130,162000130,36130,송림체육관,동구,제물포구,송림6동,,37.4849711,126.6483346,valid_header_swapped,true
20260228,bus,bus:162000152,162000152,36152,송림체육관후문,동구,제물포구,송림6동,,37.4833064,126.6481079,valid_header_swapped,true
20260228,bus,bus:162000153,162000153,36153,송림체육관후문,동구,제물포구,송림6동,,37.4834622,126.6479625,valid_header_swapped,true
20260228,bus,bus:162000124,162000124,36124,송림휴먼시아,동구,제물포구,송림4동,,37.4789847,126.6511950,valid_header_swapped,true
20260228,bus,bus:162000125,162000125,36125,송림휴먼시아,동구,제물포구,송림4동,,37.4785258,126.6513649,valid_header_swapped,true
20260228,bus,bus:232000276,232000276,80157,송마3리,코드정보 없음,코드정보 없음,대곶면,,37.6478354,126.5694247,valid_header_swapped,false
20260228,bus,bus:232000281,232000281,80158,송마3리,코드정보 없음,코드정보 없음,대곶면,,37.6474862,126.5679929,valid_header_swapped,false
20260228,bus,bus:232000282,232000282,80159,송마리입구,코드정보 없음,코드정보 없음,대곶면,,37.6494662,126.5774196,valid_header_swapped,false
20260228,bus,bus:232000275,232000275,80160,송마리입구,코드정보 없음,코드정보 없음,대곶면,,37.6490087,126.5749852,valid_header_swapped,false
20260228,bus,bus:165001013,165001013,92013,송명초등학교,연수구,연수구,송도3동,,37.3741552,126.6547312,valid_header_swapped,true
20260228,bus,bus:169000482,169000482,43482,송산,강화군,강화군,양사면,,37.7932554,126.3834088,valid_header_swapped,true
20260228,bus,bus:169000710,169000710,43710,송산,강화군,강화군,양사면,,37.7933653,126.3834121,valid_header_swapped,true
20260228,bus,bus:169001492,169001492,90492,송산교회,강화군,강화군,양사면,,,,missing,false
20260228,bus,bus:169000956,169000956,43956,송산교회,강화군,강화군,양사면,,37.7937019,126.3764928,valid_header_swapped,true
20260228,bus,bus:169000611,169000611,43611,송산삼거리,강화군,강화군,양사면,,37.7894312,126.3719127,valid_header_swapped,true
20260228,bus,bus:169000480,169000480,43480,송산삼거리,강화군,강화군,양사면,,37.7893425,126.3721568,valid_header_swapped,true
20260228,bus,bus:169001464,169001464,90464,송악골,강화군,강화군,강화읍,,37.7606165,126.4881897,valid_header_swapped,true
20260228,bus,bus:169001396,169001396,90396,송암박두성생가입구,강화군,강화군,교동면,,37.7772815,126.3147486,valid_header_swapped,true
20260228,bus,bus:169001397,169001397,90397,송암박두성생가입구,강화군,강화군,교동면,,37.7773029,126.3148622,valid_header_swapped,true
20260228,bus,bus:161000189,161000189,35189,송월동동화마을,중구,제물포구,송월동,,37.4788511,126.6191716,valid_header_swapped,true
20260228,bus,bus:161000190,161000190,35190,송월동동화마을,중구,제물포구,송월동,,37.4790918,126.6192047,valid_header_swapped,true
20260228,bus,bus:161000193,161000193,35193,송월아파트,중구,제물포구,송월동,,37.4794135,126.6207908,valid_header_swapped,true
20260228,bus,bus:161000194,161000194,35194,송월아파트,중구,제물포구,송월동,,37.4796079,126.6207512,valid_header_swapped,true
20260228,bus,bus:115000608,115000608,25185,송정역,코드정보 없음,코드정보 없음,공항동,,37.5614930,126.8112216,valid_header_swapped,false
20260228,bus,bus:115000634,115000634,25184,송정역,코드정보 없음,코드정보 없음,공항동,,37.5614554,126.8096141,valid_header_swapped,false
20260228,bus,bus:115000633,115000633,16015,송정역(중),기타,기타,서울시,,37.5613960,126.8109660,valid_header_swapped,false
20260228,bus,bus:169000769,169000769,43769,송해교회,강화군,강화군,송해면,,37.7590133,126.4675849,valid_header_swapped,true
20260228,bus,bus:169000384,169000384,43384,송해교회,강화군,강화군,송해면,,37.7589575,126.4674330,valid_header_swapped,true
20260228,bus,bus:169000809,169000809,43809,송해면사무소,강화군,강화군,송해면,,37.7655691,126.4632481,valid_header_swapped,true
20260228,bus,bus:169000708,169000708,43708,송해면사무소,강화군,강화군,송해면,,37.7656425,126.4634147,valid_header_swapped,true
20260228,bus,bus:169000386,169000386,43386,송해삼거리,강화군,강화군,송해면,,37.7622641,126.4655436,valid_header_swapped,true
20260228,bus,bus:169000819,169000819,43819,송해삼거리,강화군,강화군,송해면,,37.7623137,126.4657051,valid_header_swapped,true
20260228,bus,bus:169000820,169000820,43820,송해초등학교,강화군,강화군,송해면,,37.7707286,126.4623161,valid_header_swapped,true
20260228,bus,bus:169000807,169000807,43807,송해초등학교,강화군,강화군,송해면,,37.7707082,126.4625318,valid_header_swapped,true
20260228,bus,bus:162000019,162000019,36019,송현시장.수도국산달동네박물관,동구,제물포구,화수2동,,37.4772966,126.6341554,valid_header_swapped,true
20260228,bus,bus:162000025,162000025,36025,송현시장.수도국산달동네박물관,동구,제물포구,화수2동,,37.4778826,126.6343510,valid_header_swapped,true
20260228,bus,bus:162000020,162000020,36020,송현시장.수도국산달동네박물관,동구,제물포구,화수2동,,37.4774399,126.6339018,valid_header_swapped,true
20260228,bus,bus:162000067,162000067,36067,송현아파트,동구,제물포구,송현3동,,37.4810289,126.6426303,valid_header_swapped,true
20260228,bus,bus:162000065,162000065,36065,송현아파트,동구,제물포구,송현3동,,37.4812908,126.6415624,valid_header_swapped,true
20260228,bus,bus:162000080,162000080,36080,송현주공아파트,동구,제물포구,송림4동,,37.4811112,126.6448316,valid_header_swapped,true
20260228,bus,bus:162000073,162000073,36073,송현주공아파트,동구,제물포구,송림4동,,37.4809869,126.6441543,valid_header_swapped,true
20260228,bus,bus:162000162,162000162,36162,송현주공아파트후문,동구,제물포구,송현동,,37.4824882,126.6438995,valid_header_swapped,true
20260228,bus,bus:168001318,168001318,89318,쇠골큰말,서구,검단구,검단동,,37.6067115,126.6503180,valid_header_swapped,true
20260228,bus,bus:168001321,168001321,89321,쇠골큰말,서구,검단구,검단동,,37.6067110,126.6501403,valid_header_swapped,true
20260228,bus,bus:169000620,169000620,43620,수곡(월곳리),강화군,강화군,강화읍,,37.7743758,126.5083036,valid_header_swapped,true
20260228,bus,bus:169000191,169000191,43191,수곡(월곳리),강화군,강화군,강화읍,,37.7744345,126.5080769,valid_header_swapped,true
20260228,bus,bus:169001215,169001215,90215,수광티티아이,강화군,강화군,강화읍,,37.7643130,126.5000057,valid_header_swapped,true
20260228,bus,bus:170000030,170000030,44030,수기해변입구,옹진군,옹진군,북도면,,,,missing,false
20260228,bus,bus:166000825,166000825,40825,수도군수지원단(장애인복지관),부평구,부평구,일신동,,37.4828790,126.7458183,valid_header_swapped,true
20260228,bus,bus:166000826,166000826,40826,수도군수지원단(장애인복지관),부평구,부평구,일신동,,37.4822973,126.7456206,valid_header_swapped,true
20260228,bus,bus:165000347,165000347,39347,수림공원,남동구,남동구,간석4동,,37.4630873,126.6984005,valid_header_swapped,true
20260228,bus,bus:165000351,165000351,39351,수림공원,남동구,남동구,간석4동,,37.4633234,126.6983617,valid_header_swapped,true
20260228,bus,bus:166000367,166000367,40367,수변로삼거리,부평구,부평구,부개2동,,37.4936178,126.7414671,valid_header_swapped,true
20260228,bus,bus:166000370,166000370,40370,수변로삼거리,부평구,부평구,부개2동,,37.4937460,126.7413561,valid_header_swapped,true
20260228,bus,bus:163000289,163000289,37289,수봉공원,미추홀구,미추홀구,주안2동,,37.4580711,126.6626906,valid_header_swapped,true
20260228,bus,bus:163000569,163000569,37569,수봉공원,미추홀구,미추홀구,용현14동,,37.4577298,126.6630823,valid_header_swapped,true
20260228,bus,bus:163000369,163000369,37369,수봉공원.인천수봉문화회관입구,미추홀구,미추홀구,도화1동,,37.4660940,126.6623928,valid_header_swapped,true
20260228,bus,bus:163000362,163000362,37362,수봉공원.인천수봉문화회관입구,미추홀구,미추홀구,도화1동,,37.4657094,126.6628073,valid_header_swapped,true
20260228,bus,bus:163000570,163000570,37570,수봉마을쉼터,미추홀구,미추홀구,주안2동,,37.4579665,126.6664071,valid_header_swapped,true
20260228,bus,bus:163000571,163000571,37571,수봉마을쉼터,미추홀구,미추홀구,주안2동,,37.4579546,126.6667289,valid_header_swapped,true
20260228,bus,bus:169000041,169000041,43041,수부촌,강화군,강화군,선원면,,37.7071119,126.4812999,valid_header_swapped,true
20260228,bus,bus:165000175,165000175,39175,수산동,남동구,남동구,남촌도림동,,37.4324921,126.7321488,valid_header_swapped,true
20260228,bus,bus:165000176,165000176,39176,수산동,남동구,남동구,남촌도림동,,37.4325521,126.7325271,valid_header_swapped,true
20260228,bus,bus:169000645,169000645,43645,수양관,강화군,강화군,길상면,,37.6078863,126.4803436,valid_header_swapped,true
20260228,bus,bus:169000245,169000245,43245,수양관,강화군,강화군,길상면,,37.6080839,126.4801819,valid_header_swapped,true
20260228,bus,bus:169001478,169001478,90478,수영장앞,강화군,강화군,강화읍,,37.7543847,126.4702432,valid_header_swapped,true
20260228,bus,bus:169001460,169001460,90460,수영장앞,강화군,강화군,송해면,,37.7538393,126.4700435,valid_header_swapped,true
20260228,bus,bus:161000134,161000134,35134,수인곡물시장,중구,제물포구,신흥동,,37.4633243,126.6332039,valid_header_swapped,true
20260228,bus,bus:169001290,169001290,90290,수정제입구,강화군,강화군,교동면,,37.7684460,126.2359684,valid_header_swapped,true
20260228,bus,bus:169000111,169000111,43111,수촌,강화군,강화군,내가면,,37.7218160,126.3615260,valid_header_swapped,true
20260228,bus,bus:169000358,169000358,43358,수촌,강화군,강화군,내가면,,37.7221297,126.3615456,valid_header_swapped,true
20260228,bus,bus:166000010,166000010,40010,수출산업단지6공단입구,부평구,부평구,십정1동,,37.4721967,126.6913083,valid_header_swapped,true
20260228,bus,bus:166000009,166000009,40009,수출산업단지6공단입구,부평구,부평구,십정1동,,37.4721831,126.6910078,valid_header_swapped,true
20260228,bus,bus:232000346,232000346,80075,수행마을.홈플러스,코드정보 없음,코드정보 없음,풍무동,,37.6078939,126.7235755,valid_header_swapped,false
20260228,bus,bus:232000352,232000352,80074,수행마을.홈플러스,코드정보 없음,코드정보 없음,풍무동,,37.6078933,126.7232163,valid_header_swapped,false
20260228,bus,bus:165000487,165000487,39487,수현마을,남동구,남동구,장수서창동,,37.4634371,126.7498311,valid_header_swapped,true
20260228,bus,bus:165000488,165000488,39488,수현마을,남동구,남동구,장수서창동,,37.4636249,126.7501117,valid_header_swapped,true
20260228,bus,bus:169000062,169000062,43062,수협,강화군,강화군,강화읍,,37.7447584,126.4881429,valid_header_swapped,true
20260228,bus,bus:169000060,169000060,43060,수협,강화군,강화군,강화읍,,37.7435659,126.4875385,valid_header_swapped,true
20260228,bus,bus:161000080,161000080,35080,수협(인천해양센터),중구,제물포구,연안동,,37.4566269,126.6046355,valid_header_swapped,true
20260228,bus,bus:161000081,161000081,35081,수협(인천해양센터),중구,제물포구,연안동,,37.4568207,126.6044698,valid_header_swapped,true
20260228,bus,bus:169001413,169001413,90413,수협온수지점,강화군,강화군,길상면,,37.6391433,126.4930679,valid_header_swapped,true
20260228,bus,bus:169001411,169001411,90411,수협온수지점,강화군,강화군,길상면,,37.6389650,126.4929216,valid_header_swapped,true
20260228,bus,bus:163000253,163000253,37253,순복음교회,미추홀구,미추홀구,관교동,,37.4440577,126.6982088,valid_header_swapped,true
20260228,bus,bus:165000181,165000181,39181,순복음교회,남동구,남동구,구월3동,,37.4442341,126.6983468,valid_header_swapped,true
20260228,bus,bus:166000661,166000661,40661,순복음교회,부평구,부평구,갈산1동,,37.5204174,126.7324008,valid_header_swapped,true
20260228,bus,bus:210000045,210000045,55037,순천향대학병원.부명고,코드정보 없음,코드정보 없음,중1동,,37.4977031,126.7618863,valid_header_swapped,false
20260228,bus,bus:165000463,165000463,39463,숭덕여중고입구,남동구,남동구,만수3동,,37.4613222,126.7349292,valid_header_swapped,true
20260228,bus,bus:165000466,165000466,39466,숭덕여중고입구,남동구,남동구,만수3동,,37.4615904,126.7352635,valid_header_swapped,true
20260228,bus,bus:165000461,165000461,39461,숭덕여중고입구,남동구,남동구,만수3동,,37.4611692,126.7350282,valid_header_swapped,true
20260228,bus,bus:101000329,101000329,2099,숭례문(가상),기타,기타,봉래동,,,,missing,false
20260228,bus,bus:169000421,169000421,43421,숭뢰2리,강화군,강화군,송해면,,37.7874381,126.4620213,valid_header_swapped,true
20260228,bus,bus:169000704,169000704,43704,숭뢰2리,강화군,강화군,송해면,,37.7874352,126.4619466,valid_header_swapped,true
20260228,bus,bus:166000851,166000851,40851,숭보사입구,부평구,부평구,십정1동,,37.4813836,126.6965765,valid_header_swapped,true
20260228,bus,bus:166000918,166000918,40918,숭보사입구,부평구,부평구,십정동,,37.4814862,126.6960280,valid_header_swapped,true
20260228,bus,bus:163000328,163000328,37328,숭의1.3동(극동아파트),미추홀구,미추홀구,숭의13동,,37.4680029,126.6465469,valid_header_swapped,true
20260228,bus,bus:163000337,163000337,37337,숭의1.3동(극동아파트),미추홀구,미추홀구,숭의13동,,37.4681609,126.6472077,valid_header_swapped,true
20260228,bus,bus:163000563,163000563,37563,숭의2동행정복지센터,미추홀구,미추홀구,숭의2동,,37.4624840,126.6469581,valid_header_swapped,true
20260228,bus,bus:163000271,163000271,37271,숭의교회,미추홀구,미추홀구,숭의2동,,37.4612986,126.6451667,valid_header_swapped,true
20260228,bus,bus:163000269,163000269,37269,숭의교회,미추홀구,미추홀구,숭의2동,,37.4609218,126.6455944,valid_header_swapped,true
20260228,bus,bus:163000266,163000266,37266,숭의로터리,미추홀구,미추홀구,숭의2동,,37.4616461,126.6427142,valid_header_swapped,true
20260228,bus,bus:163000273,163000273,37273,숭의로터리,미추홀구,미추홀구,숭의13동,,37.4626232,126.6410950,valid_header_swapped,true
20260228,bus,bus:163000265,163000265,37265,숭의로터리,미추홀구,미추홀구,숭의13동,,37.4616950,126.6423394,valid_header_swapped,true
20260228,bus,bus:163000276,163000276,37276,숭의로터리.도원체육관,미추홀구,미추홀구,숭의13동,,37.4631047,126.6402644,valid_header_swapped,true
20260228,bus,bus:163000315,163000315,37315,숭의목공예마을앞,미추홀구,미추홀구,숭의13동,,37.4663843,126.6486161,valid_header_swapped,true
20260228,bus,bus:163000313,163000313,37313,숭의목공예마을앞,미추홀구,미추홀구,숭의13동,,37.4661327,126.6482194,valid_header_swapped,true
20260228,bus,bus:163000353,163000353,37353,숭의박문아파트,미추홀구,미추홀구,숭의13동,,37.4685912,126.6496416,valid_header_swapped,true
20260228,bus,bus:163000354,163000354,37354,숭의박문아파트,미추홀구,미추홀구,숭의13동,,37.4688118,126.6491380,valid_header_swapped,true
20260228,bus,bus:163000532,163000532,37532,숭의보건지소,미추홀구,미추홀구,숭의2동,,37.4643510,126.6484077,valid_header_swapped,true
20260228,bus,bus:163000510,163000510,37510,숭의역(1번출구),미추홀구,미추홀구,용현2동,,37.4592309,126.6374993,valid_header_swapped,true
20260228,bus,bus:163000211,163000211,37211,숭의역(2번출구),중구,제물포구,신흥동,,37.4600356,126.6376181,valid_header_swapped,true
20260228,bus,bus:161000133,161000133,35133,숭의역(3번출구),중구,제물포구,신흥동,,37.4618134,126.6375925,valid_header_swapped,true
20260228,bus,bus:161000135,161000135,35135,숭의역(4번출구),중구,제물포구,신흥동,,37.4620145,126.6377725,valid_header_swapped,true
20260228,bus,bus:163000308,163000308,37308,숭의초등학교,미추홀구,미추홀구,숭의4동,,37.4627816,126.6558566,valid_header_swapped,true
20260228,bus,bus:163000296,163000296,37296,숭의초등학교,미추홀구,미추홀구,숭의4동,,37.4620000,126.6518966,valid_header_swapped,true
20260228,bus,bus:163000287,163000287,37287,숭의초등학교입구,미추홀구,미추홀구,숭의2동,,37.4609781,126.6523797,valid_header_swapped,true
20260228,bus,bus:166000433,166000433,40433,쉐보레인천서비스,부평구,부평구,청천2동,,37.5083200,126.7102028,valid_header_swapped,true
20260228,bus,bus:168001160,168001160,89160,쉐보레출고사무소,서구,검단구,오류왕길동,,37.5651340,126.6091672,valid_header_swapped,true
20260228,bus,bus:167000458,167000458,41458,쉴낙원인천장례식장,계양구,계양구,작전서운동,,37.5255677,126.7544557,valid_header_swapped,true
20260228,bus,bus:161000917,161000917,35917,스카이시티자이,중구,영종구,영종1동,,37.4907048,126.5605444,valid_header_swapped,true
20260228,bus,bus:161000916,161000916,35916,스카이시티자이,중구,영종구,영종1동,,37.4908430,126.5603695,valid_header_swapped,true
20260228,bus,bus:161000650,161000650,35650,스카이시티자이.화성파크드림,중구,영종구,영종동,,37.4918823,126.5601894,valid_header_swapped,true
20260228,bus,bus:161000429,161000429,35429,스타파이브입구,중구,영종구,영종동,,37.4424777,126.4315237,valid_header_swapped,true
20260228,bus,bus:161000428,161000428,35428,스타파이브입구,중구,영종구,영종동,,37.4420613,126.4313690,valid_header_swapped,true
20260228,bus,bus:161000641,161000641,35641,스태츠칩팩코리아,중구,영종구,영종동,,37.4892604,126.4762824,valid_header_swapped,true
20260228,bus,bus:161000642,161000642,35642,스태츠칩팩코리아,중구,영종구,영종동,,37.4891436,126.4765339,valid_header_swapped,true
20260228,bus,bus:224000944,224000944,70229,스틸랜드,코드정보 없음,코드정보 없음,정왕3동,,37.3455772,126.7029153,valid_header_swapped,false
20260228,bus,bus:224000943,224000943,70228,스틸랜드,코드정보 없음,코드정보 없음,정왕3동,,37.3451938,126.7021208,valid_header_swapped,false
20260228,bus,bus:168000440,168000440,42440,스포월드골프연습장,서구,검단구,검단1동,,37.6090652,126.6449751,valid_header_swapped,true
20260228,bus,bus:168000439,168000439,42439,스포월드골프연습장,서구,검단구,검단1동,,37.6086178,126.6449026,valid_header_swapped,true
20260228,bus,bus:165001077,165001077,92077,승기2교,남동구,남동구,구월동,,37.4390098,126.7045376,valid_header_swapped,true
20260228,bus,bus:163000301,163000301,37301,승기사거리,미추홀구,미추홀구,주안8동,,37.4504528,126.6920675,valid_header_swapped,true
20260228,bus,bus:165000169,165000169,39169,승기천,남동구,남동구,구월3동,,37.4348910,126.7071666,valid_header_swapped,true
20260228,bus,bus:165000170,165000170,39170,승기천,남동구,남동구,구월1동,,37.4352660,126.7074937,valid_header_swapped,true
20260228,bus,bus:164000340,164000340,38340,시대아파트,연수구,연수구,청학동,,37.4221429,126.6684576,valid_header_swapped,true
20260228,bus,bus:170000020,170000020,44020,시도리종합운동장,옹진군,옹진군,북도면,,,,missing,false
20260228,bus,bus:170000209,170000209,44209,시도종합운동장,옹진군,옹진군,북도면,,,,missing,false
20260228,bus,bus:170000212,170000212,44212,시도파출소앞,옹진군,옹진군,북도면,,,,missing,false
20260228,bus,bus:169000631,169000631,43631,시리미,강화군,강화군,선원면,,37.7346005,126.4536545,valid_header_swapped,true
20260228,bus,bus:169000330,169000330,43330,시리미,강화군,강화군,선원면,,37.7346426,126.4535124,valid_header_swapped,true
20260228,bus,bus:163000582,163000582,37582,시립가좌테니스장,미추홀구,미추홀구,주안5동,,37.4743197,126.6790051,valid_header_swapped,true
20260228,bus,bus:163000581,163000581,37581,시립가좌테니스장,서구,서해구,가좌3동,,37.4746502,126.6792141,valid_header_swapped,true
20260228,bus,bus:163000359,163000359,37359,시민공원,미추홀구,미추홀구,주안1동,,37.4600145,126.6800183,valid_header_swapped,true
20260228,bus,bus:163000344,163000344,37344,시민공원(문화창작지대)역,미추홀구,미추홀구,주안1동,,37.4585502,126.6814727,valid_header_swapped,true
20260228,bus,bus:163000346,163000346,37346,시민공원(문화창작지대)역,미추홀구,미추홀구,주안4동,,37.4581836,126.6829462,valid_header_swapped,true
20260228,bus,bus:163000334,163000334,37334,시민공원.문화창작지대,미추홀구,미추홀구,주안2동,,37.4584461,126.6785950,valid_header_swapped,true
20260228,bus,bus:163000468,163000468,37468,시민공원.문화창작지대,미추홀구,미추홀구,주안1동,,37.4587131,126.6786093,valid_header_swapped,true
20260228,bus,bus:163000319,163000319,37319,시민공원역.포레나미추홀,미추홀구,미추홀구,주안4동,,37.4573601,126.6801878,valid_header_swapped,true
20260228,bus,bus:163000326,163000326,37326,시민공원역.포레나미추홀,미추홀구,미추홀구,주안2동,,37.4574493,126.6799347,valid_header_swapped,true
20260228,bus,bus:166000261,166000261,40261,시장로터리(중앙철재),부평구,부평구,부평3동,,37.4935791,126.7274822,valid_header_swapped,true
20260228,bus,bus:165000218,165000218,39218,시청광장입구,남동구,남동구,구월3동,,37.4501487,126.7032428,valid_header_swapped,true
20260228,bus,bus:165000217,165000217,39217,시청광장입구,남동구,남동구,구월3동,,37.4498287,126.7032654,valid_header_swapped,true
20260228,bus,bus:163000695,163000695,37695,시티오씨엘1단지.3단지,미추홀구,미추홀구,학익1동,,37.4411054,126.6453716,valid_header_swapped,true
20260228,bus,bus:163000696,163000696,37696,시티오씨엘1단지.3단지,미추홀구,미추홀구,학익1동,,37.4410900,126.6450330,valid_header_swapped,true
20260228,bus,bus:163000463,163000463,37463,시티오씨엘1단지아파트,미추홀구,미추홀구,학익1동,,37.4439083,126.6444557,valid_header_swapped,true
20260228,bus,bus:163000462,163000462,37462,시티오씨엘1단지아파트,미추홀구,미추홀구,용현5동,,37.4442854,126.6451206,valid_header_swapped,true
20260228,bus,bus:163000684,163000684,37684,시티오씨엘3단지,미추홀구,미추홀구,학익1동,,37.4416165,126.6493381,valid_header_swapped,true
20260228,bus,bus:163000685,163000685,37685,시티오씨엘4단지,미추홀구,미추홀구,학익1동,,37.4416412,126.6497193,valid_header_swapped,true
20260228,bus,bus:163000694,163000694,37694,시티오씨엘4단지.5단지,미추홀구,미추홀구,학익1동,,37.4396506,126.6520895,valid_header_swapped,true
20260228,bus,bus:163000693,163000693,37693,시티오씨엘4단지오피스텔,미추홀구,미추홀구,학익1동,,37.4407840,126.6510860,valid_header_swapped,true
20260228,bus,bus:277103191,277103191,70217,시흥IC(미정차),코드정보 없음,코드정보 없음,대야동,,37.4558025,126.7979005,valid_header_swapped,false
20260228,bus,bus:277103190,277103190,70205,시흥IC(미정차),코드정보 없음,코드정보 없음,대야동,,37.4559446,126.7964937,valid_header_swapped,false
20260228,bus,bus:224000377,224000377,70028,시흥대야역.영남아파트,코드정보 없음,코드정보 없음,대야동,,37.4489659,126.7926958,valid_header_swapped,false
20260228,bus,bus:224000374,224000374,70027,시흥대야역.영남아파트,코드정보 없음,코드정보 없음,대야동,,37.4490033,126.7923113,valid_header_swapped,false
20260228,bus,bus:224000547,224000547,70015,시흥보건소,코드정보 없음,코드정보 없음,대야동,,37.4437791,126.7851522,valid_header_swapped,false
20260228,bus,bus:224000556,224000556,70016,시흥보건소,코드정보 없음,코드정보 없음,대야동,,37.4444576,126.7852296,valid_header_swapped,false
20260228,bus,bus:224000848,224000848,25847,시흥영업소,기타,기타,계수동,,37.4523398,126.8028306,valid_header_swapped,false
20260228,bus,bus:224000849,224000849,25846,시흥영업소,기타,기타,계수동,,37.4496009,126.8045700,valid_header_swapped,false
20260228,bus,bus:168001614,168001614,89614,신검단중앙역1번출구,서구,검단구,불로동,,37.6028170,126.6973905,valid_header_swapped,true
20260228,bus,bus:168001588,168001588,89588,신검단중앙역2번출구,서구,검단구,불로동,,37.6032129,126.6986699,valid_header_swapped,true
20260228,bus,bus:168001613,168001613,89613,신검단중앙역4번출구,서구,검단구,원당동,,37.6025726,126.6972502,valid_header_swapped,true
20260228,bus,bus:168001589,168001589,89589,신검단중앙역사거리,서구,검단구,불로동,,37.6032093,126.6984582,valid_header_swapped,true
20260228,bus,bus:168001582,168001582,89582,신검단중앙역사거리(터널앞),서구,검단구,불로동,,37.6027049,126.7004255,valid_header_swapped,true
20260228,bus,bus:168001583,168001583,89583,신검단중앙역사거리(터널앞),서구,검단구,원당동,,37.6025131,126.6993777,valid_header_swapped,true
20260228,bus,bus:168001571,168001571,89571,신검단중앙역풍경채어바니티,서구,검단구,불로동,,37.6054656,126.6986482,valid_header_swapped,true
20260228,bus,bus:168001580,168001580,89580,신검단중앙역풍경채어바니티2차,서구,검단구,불로동,,37.6117334,126.6986032,valid_header_swapped,true
20260228,bus,bus:168001579,168001579,89579,신검단중앙역풍경채어바니티2차,서구,검단구,불로동,,37.6117306,126.6984072,valid_header_swapped,true
20260228,bus,bus:168000725,168000725,42725,신검단중학교,서구,검단구,불로대곡동,,37.6089471,126.6984293,valid_header_swapped,true
20260228,bus,bus:168000647,168000647,42647,신검단중학교,서구,검단구,불로대곡동,,37.6091898,126.6986098,valid_header_swapped,true
20260228,bus,bus:169000998,169000998,43998,신골입구,강화군,강화군,교동면,,37.7925443,126.3249276,valid_header_swapped,true
20260228,bus,bus:169000999,169000999,43999,신골입구,강화군,강화군,교동면,,37.7924644,126.3246642,valid_header_swapped,true
20260228,bus,bus:161000142,161000142,35142,신광초등학교,중구,제물포구,신흥동,,37.4646355,126.6347958,valid_header_swapped,true
20260228,bus,bus:163000219,163000219,37219,신기.남부종합시장(진흥사거리),미추홀구,미추홀구,주안7동,,37.4475962,126.6795565,valid_header_swapped,true
20260228,bus,bus:163000217,163000217,37217,신기.남부종합시장(진흥사거리),미추홀구,미추홀구,주안7동,,37.4477752,126.6792288,valid_header_swapped,true
20260228,bus,bus:232000645,232000645,80147,신김포농협대곶지점,코드정보 없음,코드정보 없음,대곶면,,37.6502118,126.5801393,valid_header_swapped,false
20260228,bus,bus:232000644,232000644,80148,신김포농협대곶지점,코드정보 없음,코드정보 없음,대곶면,,37.6503352,126.5802443,valid_header_swapped,false
20260228,bus,bus:122000654,122000654,32055,신논현역,코드정보 없음,코드정보 없음,역삼1동,,37.5021047,127.0258693,outside_incheon_bounds,false
20260228,bus,bus:121000943,121000943,31057,신논현역.우신빌딩,코드정보 없음,코드정보 없음,서초4동,,37.5018142,127.0254706,outside_incheon_bounds,false
20260228,bus,bus:169001473,169001473,90473,신당리교회앞,강화군,강화군,송해면,,37.7607085,126.4776976,valid_header_swapped,true
20260228,bus,bus:169001455,169001455,90455,신당리교회앞,강화군,강화군,송해면,,37.7607557,126.4776533,valid_header_swapped,true
20260228,bus,bus:169001453,169001453,90453,신당리동촌부락,강화군,강화군,강화읍,,,,missing,false
20260228,bus,bus:169001091,169001091,90091,신당리동촌부락,강화군,강화군,송해면,,37.7629176,126.4831312,valid_header_swapped,true
20260228,bus,bus:169001090,169001090,90090,신당리동촌부락,강화군,강화군,송해면,,37.7628800,126.4830247,valid_header_swapped,true
20260228,bus,bus:169001088,169001088,90088,신당리마을회관,강화군,강화군,송해면,,37.7629425,126.4774393,valid_header_swapped,true
20260228,bus,bus:169001087,169001087,90087,신당리마을회관,강화군,강화군,송해면,,37.7630755,126.4773836,valid_header_swapped,true
20260228,bus,bus:169001456,169001456,90456,신당리언덕,강화군,강화군,송해면,,37.7596257,126.4763088,valid_header_swapped,true
20260228,bus,bus:169001474,169001474,90474,신당리언덕,강화군,강화군,송해면,,37.7595771,126.4763338,valid_header_swapped,true
20260228,bus,bus:169001454,169001454,90454,신당리해나무,강화군,강화군,강화읍,,37.7624050,126.4818437,valid_header_swapped,true
20260228,bus,bus:169001472,169001472,90472,신당리해나무,강화군,강화군,강화읍,,37.7623378,126.4818583,valid_header_swapped,true
20260228,bus,bus:169001114,169001114,90114,신당촌,강화군,강화군,선원면,,37.7259586,126.5098133,valid_header_swapped,true
20260228,bus,bus:167000274,167000274,41274,신대진중앙아파트,계양구,계양구,계산4동,,37.5423282,126.7391765,valid_header_swapped,true
20260228,bus,bus:167000271,167000271,41271,신대진중앙아파트,계양구,계양구,계산4동,,37.5418894,126.7395129,valid_header_swapped,true
20260228,bus,bus:170000215,170000215,44215,신도1리,옹진군,옹진군,북도면,,,,missing,false
20260228,bus,bus:170000213,170000213,44213,신도2리,옹진군,옹진군,북도면,,,,missing,false
20260228,bus,bus:170000027,170000027,44027,신도3리마을회관앞,옹진군,옹진군,북도면,,,,missing,false
20260228,bus,bus:170000210,170000210,44210,신도4리 마을회관앞,옹진군,옹진군,북도면,,,,missing,false
20260228,bus,bus:166000625,166000625,40625,신도실업(주),부평구,부평구,청천2동,,37.5206475,126.7161664,valid_header_swapped,true
20260228,bus,bus:169001253,169001253,90253,신동마을,강화군,강화군,삼산면,,37.7219230,126.2996550,valid_header_swapped,true
20260228,bus,bus:169001254,169001254,90254,신동마을,강화군,강화군,삼산면,,37.7218012,126.2996040,valid_header_swapped,true
20260228,bus,bus:163000507,163000507,37507,신동아1.2차아파트,미추홀구,미추홀구,학익1동,,37.4402192,126.6707886,valid_header_swapped,true
20260228,bus,bus:224000505,224000505,70038,신동아1단지,코드정보 없음,코드정보 없음,정왕4동,,37.3587403,126.7227762,valid_header_swapped,false
20260228,bus,bus:224000575,224000575,70037,신동아1단지.한일아파트,코드정보 없음,코드정보 없음,정왕4동,,37.3586364,126.7229268,valid_header_swapped,false
20260228,bus,bus:163000494,163000494,37494,신동아3차아파트,미추홀구,미추홀구,학익2동,,37.4394708,126.6739538,valid_header_swapped,true
20260228,bus,bus:163000120,163000120,37120,신동아3차아파트,미추홀구,미추홀구,문학동,,37.4407793,126.6784269,valid_header_swapped,true
20260228,bus,bus:163000119,163000119,37119,신동아3차아파트,미추홀구,미추홀구,학익2동,,37.4408788,126.6780662,valid_header_swapped,true
20260228,bus,bus:166000860,166000860,40860,신동아상가,부평구,부평구,십정2동,,37.4785274,126.7035501,valid_header_swapped,true
20260228,bus,bus:166000068,166000068,40068,신동아상가(백운역방면),부평구,부평구,십정2동,,37.4789114,126.7038803,valid_header_swapped,true
20260228,bus,bus:167000350,167000350,41350,신동아아파트,계양구,계양구,계양1동,,37.5797432,126.7317609,valid_header_swapped,true
20260228,bus,bus:163000143,163000143,37143,신동아아파트,미추홀구,미추홀구,학익2동,,37.4428601,126.6775654,valid_header_swapped,true
20260228,bus,bus:163000525,163000525,37525,신동아아파트,미추홀구,미추홀구,학익2동,,37.4397308,126.6732745,valid_header_swapped,true
20260228,bus,bus:163000072,163000072,37072,신동아아파트,미추홀구,미추홀구,학익2동,,37.4402342,126.6713230,valid_header_swapped,true
20260228,bus,bus:165000381,165000381,39381,신동아아파트,남동구,남동구,간석2동,,37.4674819,126.6904218,valid_header_swapped,true
20260228,bus,bus:165000382,165000382,39382,신동아아파트,남동구,남동구,간석2동,,37.4676126,126.6901183,valid_header_swapped,true
20260228,bus,bus:163000160,163000160,37160,신동아아파트,미추홀구,미추홀구,학익2동,,37.4434015,126.6784921,valid_header_swapped,true
20260228,bus,bus:167000349,167000349,41349,신동아아파트,계양구,계양구,계양1동,,37.5794903,126.7320176,valid_header_swapped,true
20260228,bus,bus:163000162,163000162,37162,신동아아파트(B),미추홀구,미추홀구,주안7동,,37.4438314,126.6789469,valid_header_swapped,true
20260228,bus,bus:166000859,166000859,40859,신동아아파트116동,부평구,부평구,십정2동,,37.4765570,126.7034050,valid_header_swapped,true
20260228,bus,bus:166000060,166000060,40060,신동아아파트116동,부평구,부평구,십정2동,,37.4765131,126.7036602,valid_header_swapped,true
20260228,bus,bus:163000090,163000090,37090,신동아아파트3차·6차,미추홀구,미추홀구,학익2동,,37.4399683,126.6751110,valid_header_swapped,true
20260228,bus,bus:163000097,163000097,37097,신동아아파트3차·6차,미추홀구,미추홀구,학익2동,,37.4404313,126.6749318,valid_header_swapped,true
20260228,bus,bus:163000121,163000121,37121,신동아아파트4차,미추홀구,미추홀구,학익2동,,37.4414285,126.6764120,valid_header_swapped,true
20260228,bus,bus:163000123,163000123,37123,신동아아파트4차,미추홀구,미추홀구,학익2동,,37.4416358,126.6762374,valid_header_swapped,true
20260228,bus,bus:163000141,163000141,37141,신동아아파트5차,미추홀구,미추홀구,학익2동,,37.4427190,126.6778032,valid_header_swapped,true
20260228,bus,bus:163000136,163000136,37136,신동아아파트8차,미추홀구,미추홀구,학익2동,,37.4426575,126.6764250,valid_header_swapped,true
20260228,bus,bus:163000135,163000135,37135,신동아아파트8차,미추홀구,미추홀구,학익2동,,37.4426635,126.6762421,valid_header_swapped,true
20260228,bus,bus:167000203,167000203,41203,신동양아파트,계양구,계양구,계산2동,,37.5437858,126.7207281,valid_header_swapped,true
20260228,bus,bus:167000202,167000202,41202,신동양아파트,계양구,계양구,계산1동,,37.5435360,126.7204068,valid_header_swapped,true
20260228,bus,bus:163000277,163000277,37277,신라아파트,미추홀구,미추홀구,주안8동,,37.4483295,126.6890428,valid_header_swapped,true
20260228,bus,bus:163000543,163000543,37543,신라아파트,미추홀구,미추홀구,주안8동,,37.4481290,126.6890390,valid_header_swapped,true
20260228,bus,bus:166000512,166000512,40512,신명보람마을.삼부한신아파트,부평구,부평구,부개3동,,37.5038435,126.7409214,valid_header_swapped,true
20260228,bus,bus:166000511,166000511,40511,신명보람마을.삼부한신아파트,부평구,부평구,부개3동,,37.5036324,126.7409081,valid_header_swapped,true
20260228,bus,bus:168000737,168000737,42737,신명스카이뷰,서구,검단구,검단2동,,37.6194471,126.6942077,valid_header_swapped,true
20260228,bus,bus:161000456,161000456,35456,신명스카이뷰,중구,영종구,영종동,,37.4862650,126.5585376,valid_header_swapped,true
20260228,bus,bus:161000455,161000455,35455,신명스카이뷰정문,중구,영종구,영종동,,37.4861935,126.5582023,valid_header_swapped,true
20260228,bus,bus:161000453,161000453,35453,신명스카이뷰후문,중구,영종구,영종동,,37.4865818,126.5561804,valid_header_swapped,true
20260228,bus,bus:168000081,168000081,42081,신명아파트,서구,서해구,가좌1동,,37.4956624,126.6715541,valid_header_swapped,true
20260228,bus,bus:224000383,224000383,70018,신명아파트.대우3차아파트,코드정보 없음,코드정보 없음,은행동,,37.4436432,126.7972803,valid_header_swapped,false
20260228,bus,bus:168000799,168000799,42799,신명아파트앞,서구,검단구,오류왕길동,,37.6023456,126.6538827,valid_header_swapped,true
20260228,bus,bus:121000021,121000021,31033,신반포역.세화여중고,코드정보 없음,코드정보 없음,반포2동,,37.5034349,126.9954718,outside_incheon_bounds,false
20260228,bus,bus:115000897,115000897,16394,신방화역5번출구,기타,기타,마곡동,,37.5673624,126.8174016,valid_header_swapped,false
20260228,bus,bus:115000642,115000642,16704,신방화역7번출구,기타,기타,방화동,,37.5666302,126.8163992,valid_header_swapped,false
20260228,bus,bus:169000814,169000814,43814,신봉삼거리,강화군,강화군,하점면,,37.7831271,126.4018544,valid_header_swapped,true
20260228,bus,bus:169000463,169000463,43463,신봉삼거리,강화군,강화군,하점면,,37.7831008,126.4020278,valid_header_swapped,true
20260228,bus,bus:169000458,169000458,43458,신봉이발관,강화군,강화군,하점면,,37.7799744,126.4058576,valid_header_swapped,true
20260228,bus,bus:169000786,169000786,43786,신봉이발관,강화군,강화군,하점면,,37.7800241,126.4060320,valid_header_swapped,true
20260228,bus,bus:168000104,168000104,42104,신북항고가교,서구,서해구,석남2동,,37.5057004,126.6482596,valid_header_swapped,true
20260228,bus,bus:168000109,168000109,42109,신북항고가교,서구,서해구,석남2동,,37.5062225,126.6487911,valid_header_swapped,true
20260228,bus,bus:122900101,122900101,23572,신분당선.강남역4번출구,기타,기타,역삼1동,,37.4943220,127.0297320,outside_incheon_bounds,false
20260228,bus,bus:121000009,121000009,22009,신분당선강남역(중),기타,기타,서울시,,37.4959134,127.0285565,outside_incheon_bounds,false
20260228,bus,bus:121000010,121000010,22010,신분당선강남역(중),기타,기타,서울시,,37.4950716,127.0290821,outside_incheon_bounds,false
20260228,bus,bus:163000555,163000555,37555,신비마을아파트,미추홀구,미추홀구,관교동,,37.4389702,126.6946084,valid_header_swapped,true
20260228,bus,bus:163000164,163000164,37164,신비마을아파트,미추홀구,미추홀구,관교동,,37.4395278,126.6942456,valid_header_swapped,true
20260228,bus,bus:163000223,163000223,37223,신비마을아파트,미추홀구,미추홀구,관교동,,37.4454198,126.6875073,valid_header_swapped,true
20260228,bus,bus:163000225,163000225,37225,신비마을아파트,미추홀구,미추홀구,관교동,,37.4455336,126.6876433,valid_header_swapped,true
20260228,bus,bus:163000171,163000171,37171,신비마을아파트(112동),미추홀구,미추홀구,관교동,,37.4397773,126.6945156,valid_header_swapped,true
20260228,bus,bus:169000405,169000405,43405,신삼1리마을회관,강화군,강화군,하점면,,37.7555564,126.4036249,valid_header_swapped,true
20260228,bus,bus:169000791,169000791,43791,신삼1리마을회관,강화군,강화군,하점면,,37.7556172,126.4034694,valid_header_swapped,true
20260228,bus,bus:169000825,169000825,43825,신삼2리마을회관,강화군,강화군,하점면,,37.7520064,126.3956756,valid_header_swapped,true
20260228,bus,bus:169000400,169000400,43400,신삼2리마을회관,강화군,강화군,하점면,,37.7520473,126.3964381,valid_header_swapped,true
20260228,bus,bus:169000606,169000606,43606,신삼리입구,강화군,강화군,하점면,,37.7504829,126.3876009,valid_header_swapped,true
20260228,bus,bus:169000801,169000801,43801,신삼리입구,강화군,강화군,하점면,,37.7506293,126.3874722,valid_header_swapped,true
20260228,bus,bus:169001347,169001347,90347,신선지입구,강화군,강화군,내가면,,37.7218701,126.4097012,valid_header_swapped,true
20260228,bus,bus:169001346,169001346,90346,신선지입구,강화군,강화군,내가면,,37.7218026,126.4097593,valid_header_swapped,true
20260228,bus,bus:161000086,161000086,35086,신선초등학교(유림노르웨이숲),중구,제물포구,연안동,,37.4526051,126.6263015,valid_header_swapped,true
20260228,bus,bus:161000089,161000089,35089,신선초등학교(유림노르웨이숲),중구,제물포구,신흥동,,37.4518828,126.6263817,valid_header_swapped,true
20260228,bus,bus:163000055,163000055,37055,신선초등학교앞,미추홀구,미추홀구,용현5동,,37.4520945,126.6296550,valid_header_swapped,true
20260228,bus,bus:161000413,161000413,35413,신설동,중구,영종구,용유동,,37.4473428,126.3980640,valid_header_swapped,true
20260228,bus,bus:161000416,161000416,35416,신설동,중구,영종구,용유동,,37.4470849,126.3979123,valid_header_swapped,true
20260228,bus,bus:161000018,161000018,35018,신설동(3거리),중구,영종구,용유동,,37.4467668,126.3960218,valid_header_swapped,true
20260228,bus,bus:161000019,161000019,35019,신설동(3거리),중구,영종구,용유동,,37.4470829,126.3953110,valid_header_swapped,true
20260228,bus,bus:166000643,166000643,40643,신성미소지움,부평구,부평구,삼산2동,,37.5157225,126.7394052,valid_header_swapped,true
20260228,bus,bus:166000099,166000099,40099,신성미소지움,부평구,부평구,부평2동,,37.4841971,126.7161645,valid_header_swapped,true
20260228,bus,bus:166000102,166000102,40102,신성미소지움,부평구,부평구,부평2동,,37.4847650,126.7166413,valid_header_swapped,true
20260228,bus,bus:166000649,166000649,40649,신성미소지움,부평구,부평구,삼산2동,,37.5166624,126.7391409,valid_header_swapped,true
20260228,bus,bus:166000660,166000660,40660,신성미소지움후문,부평구,부평구,삼산2동,,37.5169173,126.7424284,valid_header_swapped,true
20260228,bus,bus:165000355,165000355,39355,신성성결교회(올림피아병원),남동구,남동구,구월2동,,37.4568745,126.7196888,valid_header_swapped,true
20260228,bus,bus:165000383,165000383,39383,신세계아파트,남동구,남동구,구월2동,,37.4584899,126.7199516,valid_header_swapped,true
20260228,bus,bus:224000996,224000996,25967,신세계프리미엄아울렛,기타,기타,정왕동,,,,missing,false
20260228,bus,bus:224001004,224001004,25975,신세계프리미엄아울렛,기타,기타,정왕동,,,,missing,false
20260228,bus,bus:164000023,164000023,38023,신송고등학교,연수구,연수구,송도1동,,37.3911216,126.6588384,valid_header_swapped,true
20260228,bus,bus:164000024,164000024,38024,신송고등학교,연수구,연수구,송도1동,,37.3913202,126.6589467,valid_header_swapped,true
20260228,bus,bus:164000784,164000784,38782,신송중학교,연수구,연수구,송도동,,37.3882172,126.6556187,valid_header_swapped,true
20260228,bus,bus:164000783,164000783,38781,신송중학교,연수구,연수구,송도동,,37.3883869,126.6557501,valid_header_swapped,true
20260228,bus,bus:232000019,232000019,35221,신안실크밸리,기타,기타,감정동,,37.6222460,126.6978338,valid_header_swapped,false
20260228,bus,bus:232000020,232000020,35220,신안실크밸리,기타,기타,감정동,,37.6220684,126.6975594,valid_header_swapped,false
20260228,bus,bus:164000263,164000263,38263,신연수역(1번출구),연수구,연수구,선학동,,37.4183715,126.6946485,valid_header_swapped,true
20260228,bus,bus:164000231,164000231,38231,신연수역(2번출구),연수구,연수구,연수2동,,37.4174078,126.6935769,valid_header_swapped,true
20260228,bus,bus:164000228,164000228,38228,신연수역(3번출구),연수구,연수구,연수3동,,37.4176544,126.6932094,valid_header_swapped,true
20260228,bus,bus:169000718,169000718,43718,신왕마을,강화군,강화군,강화읍,,37.7547747,126.4979266,valid_header_swapped,true
20260228,bus,bus:169000203,169000203,43203,신왕마을,강화군,강화군,강화읍,,37.7548654,126.4977796,valid_header_swapped,true
20260228,bus,bus:165000130,165000130,39130,신원기술,남동구,남동구,남촌도림동,,37.4145943,126.7099108,valid_header_swapped,true
20260228,bus,bus:165000836,165000836,39836,신원아침도시오피스텔(홈플러스),남동구,남동구,간석4동,,37.4691369,126.6905885,valid_header_swapped,true
20260228,bus,bus:277103844,277103844,24041,신월IC(미정차),코드정보 없음,코드정보 없음,신월1동,,37.5257383,126.8351945,valid_header_swapped,false
20260228,bus,bus:277103843,277103843,24040,신월IC(미정차),코드정보 없음,코드정보 없음,신월7동,,37.5253540,126.8344769,valid_header_swapped,false
20260228,bus,bus:165000529,165000529,39529,신일교회,남동구,남동구,장수서창동,,37.4374291,126.7469997,valid_header_swapped,true
20260228,bus,bus:232000375,232000375,35097,신일아파트,기타,기타,통진읍,,37.6806440,126.6224810,valid_header_swapped,false
20260228,bus,bus:169000737,169000737,43737,신정1리마을회관,강화군,강화군,선원면,,37.7227593,126.4999579,valid_header_swapped,true
20260228,bus,bus:169000300,169000300,43300,신정1리마을회관,강화군,강화군,선원면,,37.7226995,126.5001764,valid_header_swapped,true
20260228,bus,bus:169001112,169001112,90112,신정삼거리,강화군,강화군,선원면,,37.7250552,126.5056123,valid_header_swapped,true
20260228,bus,bus:169001111,169001111,90111,신정삼거리,강화군,강화군,선원면,,37.7250779,126.5054179,valid_header_swapped,true
20260228,bus,bus:164000555,164000555,38555,신정중학교,연수구,연수구,송도2동,,37.4030580,126.6454232,valid_header_swapped,true
20260228,bus,bus:164000459,164000459,38459,신정중학교,연수구,연수구,송도2동,,37.4028763,126.6452351,valid_header_swapped,true
20260228,bus,bus:210000163,210000163,55226,신중동역4번출구.롯데백화점,코드정보 없음,코드정보 없음,중3동,,37.5037670,126.7728723,valid_header_swapped,false
20260228,bus,bus:210000105,210000105,55071,신중동역5번출구.중흥중학교,코드정보 없음,코드정보 없음,중1동,,37.5052110,126.7754470,valid_header_swapped,false
20260228,bus,bus:210000168,210000168,55072,신중동역6번출구.중흥중학교,코드정보 없음,코드정보 없음,중1동,,37.5055071,126.7758061,valid_header_swapped,false
20260228,bus,bus:169000740,169000740,43740,신지동마을회관,강화군,강화군,선원면,,37.7206750,126.4951690,valid_header_swapped,true
20260228,bus,bus:169000303,169000303,43303,신지동마을회관,강화군,강화군,선원면,,37.7205225,126.4952594,valid_header_swapped,true
20260228,bus,bus:167000107,167000107,41107,신진아파트,계양구,계양구,작전1동,,37.5291795,126.7333007,valid_header_swapped,true
20260228,bus,bus:163000464,163000464,37464,신창아파트,미추홀구,미추홀구,용현5동,,37.4439251,126.6420528,valid_header_swapped,true
20260228,bus,bus:163000010,163000010,37010,신창아파트,미추홀구,미추홀구,용현5동,,37.4442704,126.6420236,valid_header_swapped,true
20260228,bus,bus:277103197,277103197,70214,신천IC(미정차),코드정보 없음,코드정보 없음,신현동,,37.4301791,126.7848859,valid_header_swapped,false
20260228,bus,bus:277103196,277103196,70200,신천IC(미정차),코드정보 없음,코드정보 없음,신현동,,37.4302625,126.7830010,valid_header_swapped,false
20260228,bus,bus:224000446,224000446,70049,신천동,코드정보 없음,코드정보 없음,신천동,,37.4422044,126.7788845,valid_header_swapped,false
20260228,bus,bus:224000440,224000440,70048,신천동,코드정보 없음,코드정보 없음,신천동,,37.4421044,126.7807828,valid_header_swapped,false
20260228,bus,bus:224000557,224000557,70014,신천삼거리,코드정보 없음,코드정보 없음,신천동,,37.4418561,126.7841566,valid_header_swapped,false
20260228,bus,bus:224000546,224000546,70013,신천삼거리,코드정보 없음,코드정보 없음,신천동,,37.4418662,126.7833034,valid_header_swapped,false
20260228,bus,bus:224000299,224000299,25364,신천역.문화의거리,기타,기타,신천동,,37.4405652,126.7872360,valid_header_swapped,false
20260228,bus,bus:224000445,224000445,70174,신천역.문화의거리,코드정보 없음,코드정보 없음,대야동,,37.4406942,126.7875921,valid_header_swapped,false
20260228,bus,bus:224000300,224000300,70231,신천연합병원,코드정보 없음,코드정보 없음,대야동,,37.4440840,126.7892968,valid_header_swapped,false
20260228,bus,bus:224000315,224000315,70175,신천연합병원,코드정보 없음,코드정보 없음,대야동,,37.4434189,126.7892308,valid_header_swapped,false
20260228,bus,bus:169000800,169000800,43800,신촌,강화군,강화군,송해면,,37.7824374,126.4736578,valid_header_swapped,true
20260228,bus,bus:169000459,169000459,43459,신촌,강화군,강화군,하점면,,37.7822348,126.4033515,valid_header_swapped,true
20260228,bus,bus:169000146,169000146,43146,신촌,강화군,강화군,길상면,,37.6314170,126.5262553,valid_header_swapped,true
20260228,bus,bus:169000432,169000432,43432,신촌,강화군,강화군,송해면,,37.7823891,126.4737291,valid_header_swapped,true
20260228,bus,bus:169000753,169000753,43753,신촌,강화군,강화군,하점면,,37.7822541,126.4036638,valid_header_swapped,true
20260228,bus,bus:169000510,169000510,43510,신촌,강화군,강화군,길상면,,37.6316393,126.5261252,valid_header_swapped,true
20260228,bus,bus:169001201,169001201,90201,신촌마을입구,강화군,강화군,길상면,,37.6604434,126.4779795,valid_header_swapped,true
20260228,bus,bus:169001202,169001202,90202,신촌마을입구,강화군,강화군,길상면,,37.6602293,126.4778962,valid_header_swapped,true
20260228,bus,bus:112900226,112900226,22052,신촌역2호선,코드정보 없음,코드정보 없음,창천동,,37.5561990,126.9398441,outside_incheon_bounds,false
20260228,bus,bus:112000059,112000059,13142,신촌역2호선,기타,기타,서울시,,37.5564453,126.9404490,outside_incheon_bounds,false
20260228,bus,bus:113000419,113000419,23035,신촌오거리.2호선신촌역,코드정보 없음,코드정보 없음,대흥동,,37.5560407,126.9399207,outside_incheon_bounds,false
20260228,bus,bus:113000417,113000417,22014,신촌오거리.2호선신촌역,코드정보 없음,코드정보 없음,창천동,,37.5556769,126.9385624,outside_incheon_bounds,false
20260228,bus,bus:113000420,113000420,23034,신촌오거리.현대백화점,코드정보 없음,코드정보 없음,동교동,,37.5555518,126.9355816,outside_incheon_bounds,false
20260228,bus,bus:113000416,113000416,22013,신촌오거리.현대백화점,코드정보 없음,코드정보 없음,창천동,,37.5560029,126.9347113,outside_incheon_bounds,false
20260228,bus,bus:166000098,166000098,40098,신촌초등학교,부평구,부평구,산곡3동,,37.4871881,126.7066240,valid_header_swapped,true
20260228,bus,bus:163000408,163000408,37408,신태양아파트,미추홀구,미추홀구,도화23동,,37.4675474,126.6727321,valid_header_swapped,true
20260228,bus,bus:163000406,163000406,37406,신태양아파트,미추홀구,미추홀구,도화23동,,37.4678588,126.6717463,valid_header_swapped,true
20260228,bus,bus:166000472,166000472,40472,신트리공원,부평구,부평구,부평4동,,37.5056161,126.7257401,valid_header_swapped,true
20260228,bus,bus:166000496,166000496,40496,신트리공원,부평구,부평구,부평4동,,37.5071629,126.7266007,valid_header_swapped,true
20260228,bus,bus:166000501,166000501,40501,신트리공원,부평구,부평구,갈산2동,,37.5073680,126.7272064,valid_header_swapped,true
20260228,bus,bus:166000469,166000469,40469,신트리도서관,부평구,부평구,부평4동,,37.5054480,126.7255032,valid_header_swapped,true
20260228,bus,bus:161000153,161000153,35153,신포동행정복지센터,중구,제물포구,신포동,,37.4700661,126.6255114,valid_header_swapped,true
20260228,bus,bus:161000154,161000154,35154,신포동행정복지센터,중구,제물포구,신포동,,37.4702808,126.6260204,valid_header_swapped,true
20260228,bus,bus:161000791,161000791,35791,신포사거리,중구,제물포구,동인천동,,37.4708520,126.6230146,valid_header_swapped,true
20260228,bus,bus:161000254,161000254,35254,신포시장,중구,제물포구,신포동,,37.4710981,126.6280552,valid_header_swapped,true
20260228,bus,bus:161000160,161000160,35160,신포시장,중구,제물포구,신포동,,37.4711134,126.6283249,valid_header_swapped,true
20260228,bus,bus:161000792,161000792,35792,신포역·인천세관역사공원,중구,제물포구,신포동,,37.4691123,126.6238596,valid_header_swapped,true
20260228,bus,bus:161000796,161000796,35796,신포역·인천세관역사공원,중구,제물포구,신포동,,37.4689191,126.6235151,valid_header_swapped,true
20260228,bus,bus:161000150,161000150,35150,신포역·인천여자상업고등학교,중구,제물포구,신포동,,37.4692853,126.6267706,valid_header_swapped,true
20260228,bus,bus:161000149,161000149,35149,신포역·인천여자상업고등학교,중구,제물포구,신포동,,37.4693705,126.6264734,valid_header_swapped,true
20260228,bus,bus:169000491,169000491,43491,신포입구,강화군,강화군,양사면,,37.7994137,126.3923644,valid_header_swapped,true
20260228,bus,bus:169000842,169000842,43842,신포입구,강화군,강화군,양사면,,37.7995359,126.3921788,valid_header_swapped,true
20260228,bus,bus:165000901,165000901,39901,신한빌딩,남동구,남동구,서창2동,,37.4240774,126.7503499,valid_header_swapped,true
20260228,bus,bus:168001147,168001147,89147,신한에이엠,서구,검단구,오류왕길동,,37.5599128,126.6195955,valid_header_swapped,true
20260228,bus,bus:168000596,168000596,42596,신현119안전센터,서구,서해구,가정1동,,37.5146140,126.6728926,valid_header_swapped,true
20260228,bus,bus:168000600,168000600,42600,신현119안전센터,서구,서해구,신현원창동,,37.5144403,126.6726705,valid_header_swapped,true
20260228,bus,bus:169000527,169000527,43527,신현노인회관,강화군,강화군,불은면,,37.6603124,126.5049239,valid_header_swapped,true
20260228,bus,bus:169000279,169000279,43279,신현노인회관,강화군,강화군,불은면,,37.6601025,126.5049331,valid_header_swapped,true
20260228,bus,bus:169001062,169001062,90062,신현리입구,강화군,강화군,불은면,,37.6611308,126.4934973,valid_header_swapped,true
20260228,bus,bus:168000210,168000210,42210,신현북초등학교,서구,서해구,신현원창동,,37.5176896,126.6677870,valid_header_swapped,true
20260228,bus,bus:168000209,168000209,42209,신현북초등학교,서구,서해구,신현원창동,,37.5178748,126.6671057,valid_header_swapped,true
20260228,bus,bus:168000211,168000211,42211,신현북초등학교,서구,서해구,신현원창동,,37.5178520,126.6677983,valid_header_swapped,true
20260228,bus,bus:168000208,168000208,42208,신현북초등학교,서구,서해구,신현원창동,,37.5177052,126.6671853,valid_header_swapped,true
20260228,bus,bus:168000217,168000217,42217,신현쇼핑,서구,서해구,신현원창동,,37.5182026,126.6728848,valid_header_swapped,true
20260228,bus,bus:168000220,168000220,42220,신현쇼핑,서구,서해구,가정1동,,37.5194779,126.6731896,valid_header_swapped,true
20260228,bus,bus:168000680,168000680,42680,신현여자중학교후문,서구,서해구,신현원창동,,37.5189035,126.6621853,valid_header_swapped,true
20260228,bus,bus:168000214,168000214,42214,신현여자중학교후문,서구,서해구,신현원창동,,37.5188371,126.6626387,valid_header_swapped,true
20260228,bus,bus:168000207,168000207,42207,신현원창동행정복지센터,서구,서해구,신현원창동,,37.5171078,126.6687597,valid_header_swapped,true
20260228,bus,bus:168000206,168000206,42206,신현원창동행정복지센터,서구,서해구,신현원창동,,37.5169586,126.6689481,valid_header_swapped,true
20260228,bus,bus:168000205,168000205,42205,신현중학교,서구,서해구,신현원창동,,37.5179889,126.6634346,valid_header_swapped,true
20260228,bus,bus:168000179,168000179,42179,신현초등학교,서구,서해구,신현원창동,,37.5135853,126.6711202,valid_header_swapped,true
20260228,bus,bus:168000178,168000178,42178,신현초등학교,서구,서해구,석남1동,,37.5134498,126.6705237,valid_header_swapped,true
20260228,bus,bus:170000039,170000039,44039,신화동,옹진군,옹진군,백령면,,,,missing,false
20260228,bus,bus:168000626,168000626,42626,신화빌라,서구,서해구,가정3동,,37.5162008,126.6771649,valid_header_swapped,true
20260228,bus,bus:168001314,168001314,89314,신화슈퍼,서구,검단구,대곡동,,37.6212806,126.6687746,valid_header_swapped,true
20260228,bus,bus:168001326,168001326,89326,신화슈퍼,서구,검단구,대곡동,,37.6214433,126.6688722,valid_header_swapped,true
20260228,bus,bus:161000501,161000501,35501,신흥교통,중구,제물포구,신흥동,,37.4384436,126.6211325,valid_header_swapped,true
20260228,bus,bus:161000841,161000841,35841,신흥교통입구,중구,제물포구,신흥동,,37.4382891,126.6213885,valid_header_swapped,true
20260228,bus,bus:161000799,161000799,35799,신흥동주민자치센터,중구,제물포구,신흥동,,37.4650144,126.6363736,valid_header_swapped,true
20260228,bus,bus:161000789,161000789,35789,신흥동주민자치센터,중구,제물포구,신흥동,,37.4651991,126.6362480,valid_header_swapped,true
20260228,bus,bus:161000146,161000146,35146,신흥시장,중구,제물포구,신흥동,,37.4656430,126.6352687,valid_header_swapped,true
20260228,bus,bus:161000145,161000145,35145,신흥시장,중구,제물포구,신흥동,,37.4655346,126.6356909,valid_header_swapped,true
20260228,bus,bus:212000038,212000038,57002,신흥시장,코드정보 없음,코드정보 없음,신흥동,,37.5155135,126.7700046,valid_header_swapped,false
20260228,bus,bus:212000037,212000037,57004,신흥시장,코드정보 없음,코드정보 없음,신흥동,,37.5158320,126.7702638,valid_header_swapped,false
20260228,bus,bus:161000812,161000812,35812,신흥시장후문,중구,제물포구,도원동,,37.4669997,126.6373419,valid_header_swapped,true
20260228,bus,bus:161000813,161000813,35813,신흥시장후문,중구,제물포구,도원동,,37.4669936,126.6371200,valid_header_swapped,true
20260228,bus,bus:212000164,212000164,57014,신흥주민지원센터,코드정보 없음,코드정보 없음,신흥동,,37.5203397,126.7736915,valid_header_swapped,false
20260228,bus,bus:212000171,212000171,57013,신흥주민지원센터,코드정보 없음,코드정보 없음,신흥동,,37.5200973,126.7734109,valid_header_swapped,false
20260228,bus,bus:161000156,161000156,35156,신흥초등학교,중구,제물포구,신포동,,37.4693999,126.6296080,valid_header_swapped,true
20260228,bus,bus:168000204,168000204,42204,실내게이트볼장(신현중학교),서구,서해구,신현원창동,,37.5178195,126.6636483,valid_header_swapped,true
20260228,bus,bus:161000299,161000299,35299,실미도조개구이,중구,영종구,용유동,,37.4407720,126.3863598,valid_header_swapped,true
20260228,bus,bus:161000740,161000740,35740,실미삼거리,중구,영종구,용유동,,37.4039076,126.4138828,valid_header_swapped,true
20260228,bus,bus:161000741,161000741,35741,실미삼거리,중구,영종구,용유동,,37.4038507,126.4137774,valid_header_swapped,true
20260228,bus,bus:169000976,169000976,43976,실버프리강화앞,강화군,강화군,화도면,,37.6311096,126.4428014,valid_header_swapped,true
20260228,bus,bus:169000975,169000975,43975,실버프리강화앞,강화군,강화군,화도면,,37.6312257,126.4425787,valid_header_swapped,true
20260228,bus,bus:168000273,168000273,42273,심곡극동아파트,서구,서해구,연희동,,37.5416148,126.6725461,valid_header_swapped,true
20260228,bus,bus:168000272,168000272,42272,심곡극동아파트,서구,서해구,연희동,,37.5411679,126.6724364,valid_header_swapped,true
20260228,bus,bus:168001223,168001223,89223,심곡도서관,서구,서해구,연희동,,37.5422307,126.6729860,valid_header_swapped,true
20260228,bus,bus:168000946,168000946,42946,심곡도서관,서구,서해구,연희동,,37.5424043,126.6729298,valid_header_swapped,true
20260228,bus,bus:168001153,168001153,89153,심곡동광명아파트,서구,서해구,연희동,,37.5423548,126.6706137,valid_header_swapped,true
20260228,bus,bus:168001154,168001154,89154,심곡동광명아파트,서구,서해구,연희동,,37.5421649,126.6706339,valid_header_swapped,true
20260228,bus,bus:168001381,168001381,89381,심곡천(심곡3교),서구,서해구,청라3동,,37.5201028,126.6259439,valid_header_swapped,true
20260228,bus,bus:168001382,168001382,89382,심곡천(심곡3교),서구,서해구,청라3동,,37.5199476,126.6259680,valid_header_swapped,true
20260228,bus,bus:168000951,168000951,42951,심곡천봉수교,서구,서해구,청라1동,,37.5301003,126.6610652,valid_header_swapped,true
20260228,bus,bus:168001006,168001006,42875,심곡천봉수교,서구,서해구,청라1동,,37.5298930,126.6603984,valid_header_swapped,true
20260228,bus,bus:168000288,168000288,42288,심곡초등학교(국제성모병원),서구,서해구,연희동,,37.5433290,126.6817186,valid_header_swapped,true
20260228,bus,bus:168000290,168000290,42290,심곡초등학교(국제성모병원),서구,서해구,연희동,,37.5433807,126.6819451,valid_header_swapped,true
20260228,bus,bus:168001387,168001387,89387,심팩이엔지,서구,검단구,오류왕길동,,37.5901053,126.6060916,valid_header_swapped,true
20260228,bus,bus:170000110,170000110,44110,십리포제2주차장,옹진군,옹진군,영흥면,,37.2808362,126.4833940,valid_header_swapped,true
20260228,bus,bus:170000207,170000207,44207,십리포제2주차장,옹진군,옹진군,영흥면,,37.2804560,126.4829370,valid_header_swapped,true
20260228,bus,bus:170000088,170000088,44088,십리포해수욕장,옹진군,옹진군,영흥면,,37.2814402,126.4859290,valid_header_swapped,true
20260228,bus,bus:170000208,170000208,44208,십리포해수욕장,옹진군,옹진군,영흥면,,37.2814213,126.4858058,valid_header_swapped,true
20260228,bus,bus:166000049,166000049,40049,십정1동행정복지센터,부평구,부평구,십정1동,,37.4762402,126.6956058,valid_header_swapped,true
20260228,bus,bus:166000056,166000056,40056,십정2동행정복지센터,부평구,부평구,십정2동,,37.4740208,126.7090715,valid_header_swapped,true
20260228,bus,bus:166000913,166000913,40913,십정동차고지,부평구,부평구,십정동,,37.4747394,126.6907102,valid_header_swapped,true
20260228,bus,bus:166000033,166000033,40033,십정사거리,부평구,부평구,십정1동,,37.4746311,126.6919645,valid_header_swapped,true
20260228,bus,bus:166000029,166000029,40029,십정사거리,부평구,부평구,십정1동,,37.4743075,126.6921472,valid_header_swapped,true
20260228,bus,bus:166000008,166000008,40008,십정시장입구,부평구,부평구,십정1동,,37.4711046,126.6941674,valid_header_swapped,true
20260228,bus,bus:166000007,166000007,40007,십정시장입구,부평구,부평구,십정2동,,37.4706176,126.6954610,valid_header_swapped,true
20260228,bus,bus:166000042,166000042,40042,십정초등학교(동암의원),부평구,부평구,십정1동,,37.4749823,126.6973377,valid_header_swapped,true
20260228,bus,bus:166000041,166000041,40041,십정초등학교(동암의원),부평구,부평구,십정1동,,37.4749216,126.6974068,valid_header_swapped,true
20260228,bus,bus:166000048,166000048,40048,십정초등학교·더샵부평정문,부평구,부평구,십정1동,,37.4753309,126.6972238,valid_header_swapped,true
20260228,bus,bus:166000045,166000045,40045,십정초등학교·더샵부평정문,부평구,부평구,십정1동,,37.4750399,126.6980366,valid_header_swapped,true
20260228,bus,bus:168000114,168000114,42114,쌍마아파트,서구,서해구,석남2동,,37.4993519,126.6724967,valid_header_swapped,true
20260228,bus,bus:168000112,168000112,42112,쌍마아파트,서구,서해구,가좌1동,,37.4991337,126.6726666,valid_header_swapped,true
20260228,bus,bus:164000469,164000469,38469,쌍용아파트,연수구,연수구,옥련1동,,37.4256454,126.6534734,valid_header_swapped,true
20260228,bus,bus:163000228,163000228,37228,쌍용아파트,미추홀구,미추홀구,주안7동,,37.4479187,126.6807818,valid_header_swapped,true
20260228,bus,bus:163000179,163000179,37179,쌍용아파트,미추홀구,미추홀구,주안7동,,37.4451036,126.6790962,valid_header_swapped,true
20260228,bus,bus:163000476,163000476,37476,쌍용아파트,미추홀구,미추홀구,주안8동,,37.4481495,126.6804081,valid_header_swapped,true
20260228,bus,bus:164000178,164000178,38178,쌍용아파트,연수구,연수구,옥련1동,,37.4251760,126.6525023,valid_header_swapped,true
20260228,bus,bus:167000434,167000434,41434,쌍용아파트,계양구,계양구,계산4동,,37.5411009,126.7413927,valid_header_swapped,true
20260228,bus,bus:164000184,164000184,38184,쌍용아파트,연수구,연수구,옥련2동,,37.4256702,126.6524994,valid_header_swapped,true
20260228,bus,bus:163000210,163000210,37210,쌍용아파트,미추홀구,미추홀구,관교동,,37.4425271,126.6947801,valid_header_swapped,true
20260228,bus,bus:163000186,163000186,37186,쌍용아파트,미추홀구,미추홀구,주안7동,,37.4454930,126.6787185,valid_header_swapped,true
20260228,bus,bus:166000439,166000439,40439,쌍용아파트정문,부평구,부평구,청천2동,,37.5069850,126.7148243,valid_header_swapped,true
20260228,bus,bus:163000372,163000372,37372,쑥골고가교,미추홀구,미추홀구,도화1동,,37.4647890,126.6686937,valid_header_swapped,true
20260228,bus,bus:163000371,163000371,37371,쑥골고가교,미추홀구,미추홀구,도화1동,,37.4649107,126.6681694,valid_header_swapped,true
20260228,bus,bus:169000683,169000683,43683,쑥밭다리,강화군,강화군,길상면,,37.6222009,126.4961456,valid_header_swapped,true
20260228,bus,bus:169000650,169000650,43650,쑥밭다리,강화군,강화군,길상면,,37.6222673,126.4962876,valid_header_swapped,true
20260228,bus,bus:167000002,167000002,41002,아나지고개,계양구,계양구,효성2동,,37.5241351,126.6924267,valid_header_swapped,true
20260228,bus,bus:167000001,167000001,41001,아나지고개,계양구,계양구,효성2동,,37.5242042,126.6932794,valid_header_swapped,true
20260228,bus,bus:168000465,168000465,42465,아라동행정복지센터,서구,검단구,원당동,,37.5933328,126.7158864,valid_header_swapped,true
20260228,bus,bus:168000467,168000467,42467,아라동행정복지센터,서구,검단구,원당동,,37.5931766,126.7162548,valid_header_swapped,true
20260228,bus,bus:168001401,168001401,89401,아라동행정복지센터(서부고용센터),서구,검단구,아라동,,37.5949851,126.7167650,valid_header_swapped,true
20260228,bus,bus:168001402,168001402,89402,아라동행정복지센터(서부고용센터),서구,검단구,아라동,,37.5951027,126.7169720,valid_header_swapped,true
20260228,bus,bus:168001145,168001145,89145,아라뱃길물류센터,서구,검단구,오류왕길동,,37.5588877,126.6170995,valid_header_swapped,true
20260228,bus,bus:168001407,168001407,89407,아라센트럴파크,서구,검단구,아라동,,37.5887784,126.7102274,valid_header_swapped,true
20260228,bus,bus:168001406,168001406,89406,아라센트럴파크,서구,검단구,아라동,,37.5889322,126.7101188,valid_header_swapped,true
20260228,bus,bus:168001609,168001609,89609,아라역1번출구,서구,검단구,아라동,,37.5929981,126.7134063,valid_header_swapped,true
20260228,bus,bus:168001610,168001610,89610,아라역3번출구,서구,검단구,아라동,,37.5925077,126.7146716,valid_header_swapped,true
20260228,bus,bus:168001435,168001435,89435,아라역4번출구,서구,검단구,아라동,,37.5911709,126.7136863,valid_header_swapped,true
20260228,bus,bus:168001434,168001434,89434,아라역5번출구,서구,검단구,아라동,,37.5911520,126.7134181,valid_header_swapped,true
20260228,bus,bus:168000454,168000454,42454,아라역6번출구,서구,검단구,원당동,,37.5919864,126.7121588,valid_header_swapped,true
20260228,bus,bus:168000697,168000697,42697,아라역7번출구,서구,검단구,원당동,,37.5922975,126.7116390,valid_header_swapped,true
20260228,bus,bus:168001432,168001432,89432,아라역8번출구,서구,검단구,아라동,,37.5935003,126.7130615,valid_header_swapped,true
20260228,bus,bus:166000339,166000339,40339,아름어린이공원,부평구,부평구,부개2동,,37.4941473,126.7355171,valid_header_swapped,true
20260228,bus,bus:166000337,166000337,40337,아름어린이공원,부평구,부평구,부개2동,,37.4941643,126.7353654,valid_header_swapped,true
20260228,bus,bus:163000552,163000552,37552,아리마을쉼터,미추홀구,미추홀구,용현14동,,37.4547766,126.6614113,valid_header_swapped,true
20260228,bus,bus:163000551,163000551,37551,아리마을쉼터,미추홀구,미추홀구,용현14동,,37.4548606,126.6619417,valid_header_swapped,true
20260228,bus,bus:165000139,165000139,39139,아모텍,남동구,남동구,남촌도림동,,37.4213512,126.7038942,valid_header_swapped,true
20260228,bus,bus:168000320,168000320,42320,아시아드경기장(공촌사거리)역,서구,서해구,연희동,,37.5502338,126.6772253,valid_header_swapped,true
20260228,bus,bus:168000319,168000319,42319,아시아드경기장(공촌사거리)역,서구,서해구,연희동,,37.5514464,126.6769679,valid_header_swapped,true
20260228,bus,bus:168001258,168001258,89258,아시아드대광로제비앙아파트,서구,서해구,검암경서동,,37.5570174,126.6688118,valid_header_swapped,true
20260228,bus,bus:168001257,168001257,89257,아시아드대광로제비앙아파트,서구,서해구,검암경서동,,37.5572812,126.6689995,valid_header_swapped,true
20260228,bus,bus:164000730,164000730,38728,아암3교사거리,연수구,연수구,송도5동,,37.4255243,126.6144562,valid_header_swapped,true
20260228,bus,bus:164000729,164000729,38727,아암3교사거리,연수구,연수구,송도5동,,37.4255951,126.6141214,valid_header_swapped,true
20260228,bus,bus:161000590,161000590,35590,아암물류단지,중구,제물포구,신흥동,,37.4365846,126.6190223,valid_header_swapped,true
20260228,bus,bus:161000285,161000285,35285,아암물류단지,중구,제물포구,신흥동,,37.4367274,126.6191891,valid_header_swapped,true
20260228,bus,bus:166000598,166000598,40598,아이즈빌(부평CGV),부평구,부평구,청천2동,,37.5218067,126.7049119,valid_header_swapped,true
20260228,bus,bus:166000595,166000595,40595,아이즈빌(부평CGV),부평구,부평구,청천1동,,37.5216549,126.7045741,valid_header_swapped,true
20260228,bus,bus:168001560,168001560,89560,아이푸드파크산업단지,서구,검단구,금곡동,,37.6107466,126.6312583,valid_header_swapped,true
20260228,bus,bus:168001561,168001561,89561,아이푸드파크산업단지,서구,서해구,심곡동,,37.6123595,126.6325410,valid_header_swapped,true
20260228,bus,bus:210000330,210000330,55086,아인스월드,코드정보 없음,코드정보 없음,상3동,,37.5122036,126.7443992,valid_header_swapped,false
20260228,bus,bus:164000301,164000301,38301,아주아파트,연수구,연수구,선학동,,37.4248778,126.7011783,valid_header_swapped,true
20260228,bus,bus:164000047,164000047,38047,아주아파트,연수구,연수구,동춘2동,,37.4033550,126.6698942,valid_header_swapped,true
20260228,bus,bus:164000051,164000051,38051,아주아파트,연수구,연수구,동춘2동,,37.4035651,126.6696694,valid_header_swapped,true
20260228,bus,bus:164000304,164000304,38304,아주아파트,연수구,연수구,선학동,,37.4255625,126.7014208,valid_header_swapped,true
20260228,bus,bus:165000481,165000481,39481,아주아파트.미추홀학교,남동구,남동구,만수3동,,37.4643146,126.7376666,valid_header_swapped,true
20260228,bus,bus:165000482,165000482,39482,아주아파트.미추홀학교,남동구,남동구,만수2동,,37.4644836,126.7379883,valid_header_swapped,true
20260228,bus,bus:167000575,167000575,41575,아주아파트410동,계양구,계양구,계산4동,,37.5366946,126.7438060,valid_header_swapped,true
20260228,bus,bus:169000867,169000867,43867,아침가리마을회관,강화군,강화군,불은면,,37.6904279,126.4961887,valid_header_swapped,true
20260228,bus,bus:169000287,169000287,43287,아침가리마을회관,강화군,강화군,불은면,,37.6905495,126.4960209,valid_header_swapped,true
20260228,bus,bus:168000811,168000811,42811,아쿠아글로리,서구,검단구,오류왕길동,,37.5923850,126.6038659,valid_header_swapped,true
20260228,bus,bus:164000618,164000618,38618,아트센터인천,연수구,연수구,송도4동,,37.3937314,126.6281420,valid_header_swapped,true
20260228,bus,bus:164000617,164000617,38617,아트센터인천,연수구,연수구,송도4동,,37.3935585,126.6282793,valid_header_swapped,true
20260228,bus,bus:113000478,113000478,22062,아현역,코드정보 없음,코드정보 없음,북아현1동,,37.5575256,126.9570863,outside_incheon_bounds,false
20260228,bus,bus:113000477,113000477,23078,아현역,코드정보 없음,코드정보 없음,아현제2동,,37.5571816,126.9544556,outside_incheon_bounds,false
20260228,bus,bus:220000017,220000017,37503,안골,기타,기타,과천동,,37.4558180,127.0098100,outside_incheon_bounds,false
20260228,bus,bus:220000012,220000012,37504,안골,기타,기타,과천동,,37.4559398,127.0092781,outside_incheon_bounds,false
20260228,bus,bus:164000225,164000225,38225,안골마을입구,연수구,연수구,청학동,,37.4272967,126.6610861,valid_header_swapped,true
20260228,bus,bus:169001493,169001493,90493,안나룻부리,강화군,강화군,삼산면,,37.6904542,126.3623485,valid_header_swapped,true
20260228,bus,bus:169001494,169001494,90494,안나룻부리,강화군,강화군,삼산면,,37.6903449,126.3624319,valid_header_swapped,true
20260228,bus,bus:167000048,167000048,41048,안남고(동보1차아파트),계양구,계양구,작전1동,,37.5256411,126.7278727,valid_header_swapped,true
20260228,bus,bus:167000045,167000045,41045,안남고등학교,계양구,계양구,작전1동,,37.5254111,126.7274662,valid_header_swapped,true
20260228,bus,bus:168000701,168000701,42701,안동포교회,서구,검단구,오류왕길동,,37.5876303,126.6360174,valid_header_swapped,true
20260228,bus,bus:168000700,168000700,42700,안동포교회,서구,검단구,오류왕길동,,37.5874634,126.6361496,valid_header_swapped,true
20260228,bus,bus:168000707,168000707,42707,안동포사거리,서구,검단구,오류왕길동,,37.5914686,126.6540784,valid_header_swapped,true
20260228,bus,bus:168000766,168000766,42766,안동포사거리입구,서구,검단구,오류왕길동,,37.5928730,126.6590210,valid_header_swapped,true
20260228,bus,bus:168000765,168000765,42765,안동포사거리입구,서구,검단구,오류왕길동,,37.5924775,126.6585519,valid_header_swapped,true
20260228,bus,bus:169000132,169000132,43132,안산마을,강화군,강화군,불은면,,37.6769133,126.5070013,valid_header_swapped,true
20260228,bus,bus:169000138,169000138,43138,안산마을,강화군,강화군,불은면,,37.6767376,126.5069552,valid_header_swapped,true
20260228,bus,bus:167000425,167000425,41425,안산초등학교(구계산고교),계양구,계양구,계산2동,,37.5432533,126.7334591,valid_header_swapped,true
20260228,bus,bus:169000177,169000177,43177,안양대학교,강화군,강화군,불은면,,37.7084124,126.4486901,valid_header_swapped,true
20260228,bus,bus:169000301,169000301,43301,안양대학교,강화군,강화군,불은면,,37.7086819,126.4494350,valid_header_swapped,true
20260228,bus,bus:168001329,168001329,89329,안풍산업삼거리,서구,검단구,대곡동,,37.6293057,126.6589724,valid_header_swapped,true
20260228,bus,bus:168001312,168001312,89312,안풍산업삼거리,서구,검단구,대곡동,,37.6292099,126.6591203,valid_header_swapped,true
20260228,bus,bus:277102919,277102919,70232,안현JC(경유),기타,기타,안현동,,37.4376606,126.8173940,valid_header_swapped,false
20260228,bus,bus:277103139,277103139,70201,안현JC(미정차),코드정보 없음,코드정보 없음,은행동,,37.4372841,126.8169769,valid_header_swapped,false
20260228,bus,bus:277102918,277102918,70219,안현JC(미정차),코드정보 없음,코드정보 없음,은행동,,37.4376718,126.8169875,valid_header_swapped,false
20260228,bus,bus:277103812,277103812,70206,안현JC(미정차),코드정보 없음,코드정보 없음,은행동,,37.4357255,126.8164793,valid_header_swapped,false
20260228,bus,bus:277103138,277103138,70224,안현JC(미정차),코드정보 없음,코드정보 없음,은행동,,37.4376251,126.8160819,valid_header_swapped,false
20260228,bus,bus:164000478,164000478,38478,알앤디써비스,연수구,연수구,송도1동,,37.3780884,126.6393905,valid_header_swapped,true
20260228,bus,bus:164000477,164000477,38477,알앤디써비스,연수구,연수구,송도1동,,37.3782691,126.6391282,valid_header_swapped,true
20260228,bus,bus:161000804,161000804,35804,애관극장,중구,제물포구,동인천동,,37.4721612,126.6300159,valid_header_swapped,true
20260228,bus,bus:165000667,165000667,39667,애보박물관,남동구,남동구,장수서창동,,37.4503834,126.7675374,valid_header_swapped,true
20260228,bus,bus:165000671,165000671,39671,애보박물관,남동구,남동구,장수서창동,,37.4503992,126.7673350,valid_header_swapped,true
20260228,bus,bus:169001075,169001075,90075,애전마을,강화군,강화군,길상면,,37.6247107,126.4945065,valid_header_swapped,true
20260228,bus,bus:169001076,169001076,90076,애전마을,강화군,강화군,길상면,,37.6243279,126.4953842,valid_header_swapped,true
20260228,bus,bus:169000682,169000682,43682,애전마을,강화군,강화군,길상면,,37.6203059,126.4995553,valid_header_swapped,true
20260228,bus,bus:169000894,169000894,43894,애전마을,강화군,강화군,길상면,,37.6203934,126.4991720,valid_header_swapped,true
20260228,bus,bus:165000880,165000880,39880,앰코코리아(블루오션골프클럽),연수구,연수구,송도3동,,37.3577288,126.6548487,valid_header_swapped,true
20260228,bus,bus:164000794,164000794,38792,앰코테크놀로지코리아,연수구,연수구,송도3동,,,,missing,false
20260228,bus,bus:169000292,169000292,43292,야곡,강화군,강화군,양도면,,37.6999531,126.4071436,valid_header_swapped,true
20260228,bus,bus:169000236,169000236,43236,야곡,강화군,강화군,양도면,,37.6998092,126.4071069,valid_header_swapped,true
20260228,bus,bus:170000032,170000032,44032,야달입구,옹진군,옹진군,북도면,,,,missing,false
20260228,bus,bus:169000333,169000333,43333,야촌,강화군,강화군,길상면,,37.6475154,126.4697751,valid_header_swapped,true
20260228,bus,bus:169000210,169000210,43210,야촌,강화군,강화군,길상면,,37.6473552,126.4698083,valid_header_swapped,true
20260228,bus,bus:212000397,212000397,57010,약대오거리.내동중학교,코드정보 없음,코드정보 없음,신흥동,,37.5176365,126.7751654,valid_header_swapped,false
20260228,bus,bus:212000396,212000396,57006,약대오거리.부천시장애인회관,코드정보 없음,코드정보 없음,신흥동,,37.5157784,126.7754970,valid_header_swapped,false
20260228,bus,bus:210000057,210000057,55080,약대주민지원센터.약대초등학교,코드정보 없음,코드정보 없음,약대동,,37.5140165,126.7702767,valid_header_swapped,false
20260228,bus,bus:210000066,210000066,55088,약대주민지원센터.약대초등학교,코드정보 없음,코드정보 없음,약대동,,37.5140212,126.7700232,valid_header_swapped,false
20260228,bus,bus:232000144,232000144,80072,약암호텔,코드정보 없음,코드정보 없음,대곶면,,37.6386142,126.5483791,valid_header_swapped,false
20260228,bus,bus:232000167,232000167,80071,약암호텔,코드정보 없음,코드정보 없음,대곶면,,37.6385636,126.5485883,valid_header_swapped,false
20260228,bus,bus:164000519,164000519,38519,얀센백신,연수구,연수구,송도1동,,37.3710132,126.6357634,valid_header_swapped,true
20260228,bus,bus:164000520,164000520,38520,얀센백신,연수구,연수구,송도1동,,37.3708736,126.6356411,valid_header_swapped,true
20260228,bus,bus:169001283,169001283,90283,양갑리마을회관,강화군,강화군,교동면,,37.7736982,126.2515539,valid_header_swapped,true
20260228,bus,bus:169001307,169001307,90307,양갑리마을회관,강화군,강화군,교동면,,37.7735956,126.2515750,valid_header_swapped,true
20260228,bus,bus:169001282,169001282,90282,양갑리입구,강화군,강화군,교동면,,37.7746092,126.2545214,valid_header_swapped,true
20260228,bus,bus:169001308,169001308,90308,양갑리입구,강화군,강화군,교동면,,37.7744951,126.2545586,valid_header_swapped,true
20260228,bus,bus:121000223,121000223,31037,양곡도매시장,코드정보 없음,코드정보 없음,양재2동,,37.4602827,127.0349058,outside_incheon_bounds,false
20260228,bus,bus:232000326,232000326,80115,양곡버스정류장,코드정보 없음,코드정보 없음,양촌면,,37.6549633,126.6249707,valid_header_swapped,false
20260228,bus,bus:232000306,232000306,80116,양곡사거리.양촌터미널,코드정보 없음,코드정보 없음,양촌면,,37.6550849,126.6247940,valid_header_swapped,false
20260228,bus,bus:169000989,169000989,43989,양골,강화군,강화군,선원면,,37.6996772,126.4894572,valid_header_swapped,true
20260228,bus,bus:169000987,169000987,43987,양골,강화군,강화군,선원면,,37.6996937,126.4895898,valid_header_swapped,true
20260228,bus,bus:169000262,169000262,43262,양구(오상1리),강화군,강화군,내가면,,37.7270933,126.3806564,valid_header_swapped,true
20260228,bus,bus:169000563,169000563,43563,양구(오상1리),강화군,강화군,내가면,,37.7269161,126.3807200,valid_header_swapped,true
20260228,bus,bus:169000910,169000910,43910,양달마을,강화군,강화군,선원면,,37.7273849,126.4614693,valid_header_swapped,true
20260228,bus,bus:169000911,169000911,43911,양달마을,강화군,강화군,선원면,,37.7275205,126.4614560,valid_header_swapped,true
20260228,bus,bus:169000074,169000074,43074,양도,강화군,강화군,양도면,,37.6634491,126.4207406,valid_header_swapped,true
20260228,bus,bus:169000075,169000075,43075,양도,강화군,강화군,양도면,,37.6636278,126.4207610,valid_header_swapped,true
20260228,bus,bus:169000912,169000912,43912,양도면사무소(나무),강화군,강화군,양도면,,37.6625842,126.4211628,valid_header_swapped,true
20260228,bus,bus:169000913,169000913,43913,양도면사무소(쉘터),강화군,강화군,양도면,,37.6625746,126.4212724,valid_header_swapped,true
20260228,bus,bus:232000351,232000351,80076,양도사거리.대림아파트.신안아파트,기타,기타,풍무동,,37.6043226,126.7220333,valid_header_swapped,false
20260228,bus,bus:232000347,232000347,80077,양도사거리.삼용아파트,기타,기타,풍무동,,37.6047320,126.7223463,valid_header_swapped,false
20260228,bus,bus:169000329,169000329,43329,양도초등학교,강화군,강화군,양도면,,37.6884296,126.4191078,valid_header_swapped,true
20260228,bus,bus:169000568,169000568,43568,양도초등학교,강화군,강화군,양도면,,37.6884384,126.4189530,valid_header_swapped,true
20260228,bus,bus:166000111,166000111,40111,양로원,부평구,부평구,산곡3동,,37.4895647,126.7029152,valid_header_swapped,true
20260228,bus,bus:166000113,166000113,40113,양로원,부평구,부평구,부평3동,,37.4894999,126.7026541,valid_header_swapped,true
20260228,bus,bus:169001491,169001491,90491,양사고개,강화군,강화군,하점면,,37.7866178,126.4079925,valid_header_swapped,true
20260228,bus,bus:169001490,169001490,90490,양사고개,강화군,강화군,하점면,,37.7869126,126.4081671,valid_header_swapped,true
20260228,bus,bus:169000501,169000501,43501,양사면사무소,강화군,강화군,양사면,,37.7982236,126.4083489,valid_header_swapped,true
20260228,bus,bus:169000658,169000658,43658,양사면사무소,강화군,강화군,양사면,,37.7981411,126.4084880,valid_header_swapped,true
20260228,bus,bus:169000465,169000465,43465,양사우체국,강화군,강화군,양사면,,37.8000506,126.4175636,valid_header_swapped,true
20260228,bus,bus:169000736,169000736,43736,양사우체국,강화군,강화군,양사면,,37.8002072,126.4176043,valid_header_swapped,true
20260228,bus,bus:169000734,169000734,43734,양사초등학교,강화군,강화군,양사면,,37.8027988,126.4213429,valid_header_swapped,true
20260228,bus,bus:169000466,169000466,43466,양사초등학교,강화군,강화군,양사면,,37.8026756,126.4213229,valid_header_swapped,true
20260228,bus,bus:169000722,169000722,43722,양사파출소,강화군,강화군,양사면,,37.7994277,126.4059464,valid_header_swapped,true
20260228,bus,bus:169000781,169000781,43781,양수장,강화군,강화군,하점면,,37.7621561,126.3674287,valid_header_swapped,true
20260228,bus,bus:169000592,169000592,43592,양수장,강화군,강화군,하점면,,37.7620939,126.3673485,valid_header_swapped,true
20260228,bus,bus:169000454,169000454,43454,양오1리마을회관,강화군,강화군,송해면,,37.7916894,126.4455803,valid_header_swapped,true
20260228,bus,bus:169000666,169000666,43666,양오1리마을회관,강화군,강화군,송해면,,37.7917538,126.4457938,valid_header_swapped,true
20260228,bus,bus:169000453,169000453,43453,양오2리경로당,강화군,강화군,송해면,,37.7942555,126.4494997,valid_header_swapped,true
20260228,bus,bus:169000625,169000625,43625,양오2리경로당,강화군,강화군,송해면,,37.7942541,126.4493945,valid_header_swapped,true
20260228,bus,bus:169001049,169001049,90049,양오2리앞,강화군,강화군,송해면,,37.7960810,126.4503054,valid_header_swapped,true
20260228,bus,bus:169001486,169001486,90486,양오2리앞,강화군,강화군,송해면,,37.7961552,126.4501295,valid_header_swapped,true
20260228,bus,bus:169001102,169001102,90102,양오리저수지마을,강화군,강화군,송해면,,37.8002971,126.4515241,valid_header_swapped,true
20260228,bus,bus:169001103,169001103,90103,양오리저수지마을,강화군,강화군,송해면,,37.8003085,126.4511046,valid_header_swapped,true
20260228,bus,bus:169001100,169001100,90100,양오저수지입구,강화군,강화군,송해면,,37.7977411,126.4559255,valid_header_swapped,true
20260228,bus,bus:169001101,169001101,90101,양오저수지입구,강화군,강화군,송해면,,37.7975411,126.4559789,valid_header_swapped,true
20260228,bus,bus:169000928,169000928,43928,양왕마을,강화군,강화군,양도면,,37.6985540,126.4289109,valid_header_swapped,true
20260228,bus,bus:169000927,169000927,43927,양왕마을,강화군,강화군,양도면,,37.6981469,126.4287454,valid_header_swapped,true
20260228,bus,bus:121000558,121000558,31085,양재IC(미정차),코드정보 없음,코드정보 없음,양재2동,,37.4639528,127.0402153,outside_incheon_bounds,false
20260228,bus,bus:121000213,121000213,31073,양재역,코드정보 없음,코드정보 없음,서초2동,,37.4833893,127.0348721,outside_incheon_bounds,false
20260228,bus,bus:121000972,121000972,22999,양재역 신한은행앞,기타,기타,서초구,,37.4829916,127.0352870,outside_incheon_bounds,false
20260228,bus,bus:121000003,121000003,31010,양재역.서초문화예술회관,코드정보 없음,코드정보 없음,양재제1동,,37.4827078,127.0358283,outside_incheon_bounds,false
20260228,bus,bus:121000004,121000004,31008,양재역.서초문화예술회관,코드정보 없음,코드정보 없음,양재제1동,,37.4821314,127.0366607,outside_incheon_bounds,false
20260228,bus,bus:122000214,122000214,23318,양재역말죽거리.강남베드로병원,기타,기타,도곡1동,,37.4852942,127.0380039,outside_incheon_bounds,false
20260228,bus,bus:164000133,164000133,38133,양지공원,연수구,연수구,연수2동,,37.4145724,126.6782963,valid_header_swapped,true
20260228,bus,bus:169000163,169000163,43163,양지촌,강화군,강화군,화도면,,37.6284923,126.4517552,valid_header_swapped,true
20260228,bus,bus:169000342,169000342,43342,양지촌,강화군,강화군,화도면,,37.6284394,126.4515565,valid_header_swapped,true
20260228,bus,bus:169001056,169001056,90056,양진말입구,강화군,강화군,내가면,,37.7170400,126.3577260,valid_header_swapped,true
20260228,bus,bus:169001057,169001057,90057,양진말입구,강화군,강화군,내가면,,37.7170901,126.3575761,valid_header_swapped,true
20260228,bus,bus:167000629,167000629,41629,양촌중학교,계양구,계양구,계양2동,,37.5477703,126.7461188,valid_header_swapped,true
20260228,bus,bus:167000630,167000630,41630,양촌중학교,계양구,계양구,계양2동,,37.5477386,126.7463392,valid_header_swapped,true
20260228,bus,bus:170000145,170000145,44145,양평해장국,옹진군,옹진군,영흥면,,37.2585942,126.4843860,valid_header_swapped,true
20260228,bus,bus:170000178,170000178,44178,양평해장국,옹진군,옹진군,영흥면,,37.2581732,126.4842930,valid_header_swapped,true
20260228,bus,bus:118000556,118000556,28093,양화대교남단(미정차),코드정보 없음,코드정보 없음,당산2동,,37.5391711,126.9007473,outside_incheon_bounds,false
20260228,bus,bus:118000555,118000555,28088,양화대교남단(미정차),코드정보 없음,코드정보 없음,당산2동,,37.5391257,126.9000562,outside_incheon_bounds,false
20260228,bus,bus:169000206,169000206,43206,어두,강화군,강화군,양도면,,37.6505379,126.4598282,valid_header_swapped,true
20260228,bus,bus:169000280,169000280,43280,어두,강화군,강화군,양도면,,37.6504424,126.4596593,valid_header_swapped,true
20260228,bus,bus:169000155,169000155,43155,어두마을,강화군,강화군,양도면,,37.6556550,126.4563766,valid_header_swapped,true
20260228,bus,bus:169000322,169000322,43322,어두마을,강화군,강화군,양도면,,37.6558356,126.4563601,valid_header_swapped,true
20260228,bus,bus:169001176,169001176,90176,어류정입구,강화군,강화군,삼산면,,37.6663820,126.3516289,valid_header_swapped,true
20260228,bus,bus:169001314,169001314,90314,어류정입구,강화군,강화군,삼산면,,37.6663513,126.3515035,valid_header_swapped,true
20260228,bus,bus:169001312,169001312,90312,어류정입구,강화군,강화군,삼산면,,37.6663862,126.3513839,valid_header_swapped,true
20260228,bus,bus:169001175,169001175,90175,어류정입구,강화군,강화군,삼산면,,37.6664581,126.3519134,valid_header_swapped,true
20260228,bus,bus:169001400,169001400,90400,어류정항,강화군,강화군,삼산면,,37.6452517,126.3432423,valid_header_swapped,true
20260228,bus,bus:169001323,169001323,90323,어류정항,강화군,강화군,삼산면,,37.6449578,126.3436978,valid_header_swapped,true
20260228,bus,bus:169000402,169000402,43402,어린이집앞,강화군,강화군,하점면,,37.7526300,126.3988999,valid_header_swapped,true
20260228,bus,bus:169000585,169000585,43585,어린이집앞,강화군,강화군,하점면,,37.7526256,126.3986708,valid_header_swapped,true
20260228,bus,bus:168001117,168001117,89117,어울림아파트202동앞,서구,검단구,원당동,,37.5934659,126.7013765,valid_header_swapped,true
20260228,bus,bus:168000788,168000788,42788,에덴하우스,서구,검단구,당하동,,37.5883851,126.6726465,valid_header_swapped,true
20260228,bus,bus:165000024,165000024,39024,에몬스가구,남동구,남동구,논현고잔동,,37.3884051,126.7119042,valid_header_swapped,true
20260228,bus,bus:165000023,165000023,39023,에몬스가구,남동구,남동구,논현고잔동,,37.3883454,126.7116137,valid_header_swapped,true
20260228,bus,bus:168001232,168001232,89232,에스틸,서구,서해구,신현원창동,,37.5017264,126.6080004,valid_header_swapped,true
20260228,bus,bus:165000110,165000110,39110,에이에프티,남동구,남동구,논현고잔동,,37.4155618,126.6977060,valid_header_swapped,true
20260228,bus,bus:165000728,165000728,39728,에코메트로10단지,남동구,남동구,논현고잔동,,37.3907492,126.7297741,valid_header_swapped,true
20260228,bus,bus:165000736,165000736,39736,에코메트로10단지,남동구,남동구,논현고잔동,,37.3903391,126.7296502,valid_header_swapped,true
20260228,bus,bus:165000652,165000652,39652,에코메트로11단지,남동구,남동구,논현고잔동,,37.3947646,126.7320574,valid_header_swapped,true
20260228,bus,bus:165000701,165000701,39701,에코메트로11단지후문,남동구,남동구,논현고잔동,,37.3918529,126.7290715,valid_header_swapped,true
20260228,bus,bus:165000653,165000653,39653,에코메트로12단지,남동구,남동구,논현고잔동,,37.3976591,126.7351655,valid_header_swapped,true
20260228,bus,bus:165000651,165000651,39651,에코메트로12단지,남동구,남동구,논현고잔동,,37.3950996,126.7321195,valid_header_swapped,true
20260228,bus,bus:165000650,165000650,39650,에코메트로12단지정문,남동구,남동구,논현고잔동,,37.3975086,126.7349869,valid_header_swapped,true
20260228,bus,bus:165001076,165001076,92076,에코메트로5단지,남동구,남동구,논현동,,37.3990356,126.7328013,valid_header_swapped,true
20260228,bus,bus:165000779,165000779,39779,에코메트로5단지·논현센트럴뷰,남동구,남동구,논현고잔동,,37.3987119,126.7300986,valid_header_swapped,true
20260228,bus,bus:165000758,165000758,39758,에코메트로6단지,남동구,남동구,논현고잔동,,37.3936979,126.7281425,valid_header_swapped,true
20260228,bus,bus:165000716,165000716,39716,에코메트로6단지,남동구,남동구,논현고잔동,,37.3931542,126.7278265,valid_header_swapped,true
20260228,bus,bus:165000715,165000715,39715,에코메트로7단지,남동구,남동구,논현고잔동,,37.3921920,126.7264880,valid_header_swapped,true
20260228,bus,bus:165000714,165000714,39714,에코메트로7단지,남동구,남동구,논현고잔동,,37.3920093,126.7265779,valid_header_swapped,true
20260228,bus,bus:165000752,165000752,39752,에코메트로9단지,남동구,남동구,논현고잔동,,37.3876232,126.7214677,valid_header_swapped,true
20260228,bus,bus:165000750,165000750,39750,에코메트로9단지,남동구,남동구,논현고잔동,,37.3875275,126.7217670,valid_header_swapped,true
20260228,bus,bus:165000711,165000711,39711,에코메트로더타워,남동구,남동구,논현고잔동,,37.3996716,126.7322859,valid_header_swapped,true
20260228,bus,bus:168001449,168001449,89449,에코크레이션,서구,서해구,청라동,,37.5165845,126.6283594,valid_header_swapped,true
20260228,bus,bus:168001450,168001450,89450,에코크레이션,서구,서해구,청라동,,37.5165917,126.6280658,valid_header_swapped,true
20260228,bus,bus:164000460,164000460,38460,엑스포빌리지10단지,연수구,연수구,송도2동,,37.4021396,126.6428798,valid_header_swapped,true
20260228,bus,bus:164000482,164000482,38482,엑스포빌리지9단지,연수구,연수구,송도2동,,37.4011348,126.6443036,valid_header_swapped,true
20260228,bus,bus:163000187,163000187,37187,엑슬루타워,미추홀구,미추홀구,용현2동,,37.4583873,126.6367972,valid_header_swapped,true
20260228,bus,bus:168000836,168000836,42836,엑슬루타워,서구,서해구,청라1동,,37.5301074,126.6524079,valid_header_swapped,true
20260228,bus,bus:168000394,168000394,42394,엘리지안타운,서구,검단구,당하동,,37.5889326,126.6740581,valid_header_swapped,true
20260228,bus,bus:165000944,165000944,39944,엘아이지식산업센터,남동구,남동구,논현고잔동,,37.3894586,126.7004980,valid_header_swapped,true
20260228,bus,bus:165001029,165001029,92029,엘아이지식산업센터(맞은편),남동구,남동구,고잔동,,37.3894074,126.7001834,valid_header_swapped,true
20260228,bus,bus:165000457,165000457,39457,엘지슈퍼,남동구,남동구,만수3동,,37.4591422,126.7369565,valid_header_swapped,true
20260228,bus,bus:168000026,168000026,42026,엠파크타워,서구,서해구,가좌1동,,37.4895996,126.6611755,valid_header_swapped,true
20260228,bus,bus:168000025,168000025,42025,엠파크타워,서구,서해구,가좌1동,,37.4896004,126.6607741,valid_header_swapped,true
20260228,bus,bus:169001232,169001232,90232,여고입구,강화군,강화군,강화읍,,37.7480992,126.4790937,valid_header_swapped,true
20260228,bus,bus:169001233,169001233,90233,여고입구,강화군,강화군,강화읍,,37.7479509,126.4793654,valid_header_swapped,true
20260228,bus,bus:164000084,164000084,38084,여성의광장,연수구,연수구,동춘1동,,37.4121798,126.6644876,valid_header_swapped,true
20260228,bus,bus:164000085,164000085,38085,여성의광장,연수구,연수구,동춘1동,,37.4122223,126.6654416,valid_header_swapped,true
20260228,bus,bus:169000981,169000981,43981,여우고개,강화군,강화군,길상면,,37.6375498,126.4791408,valid_header_swapped,true
20260228,bus,bus:169000980,169000980,43980,여우고개,강화군,강화군,길상면,,37.6376739,126.4787409,valid_header_swapped,true
20260228,bus,bus:170000142,170000142,44142,여우별펜션,옹진군,옹진군,영흥면,,37.2701262,126.4540580,valid_header_swapped,true
20260228,bus,bus:170000179,170000179,44179,여우별펜션,옹진군,옹진군,영흥면,,37.2702412,126.4536820,valid_header_swapped,true
20260228,bus,bus:232000046,232000046,35147,여우재,기타,기타,감정동,,37.6193576,126.6956070,valid_header_swapped,false
20260228,bus,bus:118000067,118000067,19152,여의도공원1번출입구,기타,기타,여의도동,,37.5236027,126.9203409,outside_incheon_bounds,false
20260228,bus,bus:118000083,118000083,28083,여의도역,코드정보 없음,코드정보 없음,여의동,,37.5213083,126.9248871,outside_incheon_bounds,false
20260228,bus,bus:118000203,118000203,19290,여의도역3번출구,기타,기타,여의도동,,37.5231554,126.9231631,outside_incheon_bounds,false
20260228,bus,bus:118000071,118000071,19156,여의도역5번출구,기타,기타,영등포구,,37.5213645,126.9248306,outside_incheon_bounds,false
20260228,bus,bus:118000070,118000070,19155,여의도역6번출구,기타,기타,영등포구,,37.5207530,126.9247539,outside_incheon_bounds,false
20260228,bus,bus:118000082,118000082,28082,여의도자이A(샛강역1번출구),코드정보 없음,코드정보 없음,여의동,,37.5189683,126.9270668,outside_incheon_bounds,false
20260228,bus,bus:118000007,118000007,19007,여의도환승센터,기타,기타,영등포구,,37.5255598,126.9242303,outside_incheon_bounds,false
20260228,bus,bus:118000019,118000019,28019,여의도환승센터,코드정보 없음,코드정보 없음,여의동,,37.5254157,126.9240303,outside_incheon_bounds,false
20260228,bus,bus:118000021,118000021,28021,여의도환승센터,코드정보 없음,코드정보 없음,여의동,,37.5260882,126.9244073,outside_incheon_bounds,false
20260228,bus,bus:118000513,118000513,19017,여의도환승센터,기타,기타,여의도동,,37.5255074,126.9241563,outside_incheon_bounds,false
20260228,bus,bus:119000309,119000309,29019,여의상류IC(미정차),코드정보 없음,코드정보 없음,노량진1동,,37.5165830,126.9405158,outside_incheon_bounds,false
20260228,bus,bus:118000586,118000586,28089,여의하류IC(미정차),코드정보 없음,코드정보 없음,당산2동,,37.5322518,126.9090300,outside_incheon_bounds,false
20260228,bus,bus:118000585,118000585,28092,여의하류IC(미정차),코드정보 없음,코드정보 없음,당산2동,,37.5319636,126.9096182,outside_incheon_bounds,false
20260228,bus,bus:169000424,169000424,43424,여차리,강화군,강화군,화도면,,37.6078979,126.3938506,valid_header_swapped,true
20260228,bus,bus:169000472,169000472,43472,여차리,강화군,강화군,화도면,,37.6078247,126.3936865,valid_header_swapped,true
20260228,bus,bus:169000505,169000505,43505,여차리회관,강화군,강화군,화도면,,37.6094038,126.3922357,valid_header_swapped,true
20260228,bus,bus:169000525,169000525,43525,여차리회관,강화군,강화군,화도면,,37.6095385,126.3922644,valid_header_swapped,true
20260228,bus,bus:122000368,122000368,23488,역삼럭키아파트,기타,기타,도곡1동,,37.4917137,127.0410265,outside_incheon_bounds,false
20260228,bus,bus:122000185,122000185,23288,역삼역.포스코타워역삼,기타,기타,역삼1동,,37.4995827,127.0336858,outside_incheon_bounds,false
20260228,bus,bus:112000067,112000067,22067,연대앞.세브란스병원,코드정보 없음,코드정보 없음,창천동,,37.5603929,126.9348840,outside_incheon_bounds,false
20260228,bus,bus:165000662,165000662,39662,연락골,남동구,남동구,장수서창동,,37.4432395,126.7654581,valid_header_swapped,true
20260228,bus,bus:165000665,165000665,39665,연락골,남동구,남동구,장수서창동,,37.4435393,126.7654429,valid_header_swapped,true
20260228,bus,bus:169001429,169001429,90429,연리 연화마을앞,강화군,강화군,선원면,,,,missing,false
20260228,bus,bus:169001428,169001428,90428,연리보건지소앞,강화군,강화군,선원면,,,,missing,false
20260228,bus,bus:169001438,169001438,90438,연리보건지소앞,강화군,강화군,선원면,,37.7063431,126.4943223,valid_header_swapped,true
20260228,bus,bus:169001467,169001467,90467,연리연화마을앞,강화군,강화군,선원면,,37.7047852,126.4991636,valid_header_swapped,true
20260228,bus,bus:169001439,169001439,90439,연리연화마을앞,강화군,강화군,선원면,,,,missing,false
20260228,bus,bus:169000614,169000614,43614,연리입구,강화군,강화군,선원면,,37.7078215,126.4885872,valid_header_swapped,true
20260228,bus,bus:169000267,169000267,43267,연리입구,강화군,강화군,선원면,,37.7079418,126.4886008,valid_header_swapped,true
20260228,bus,bus:169001431,169001431,90431,연리정미소,강화군,강화군,선원면,,,,missing,false
20260228,bus,bus:169001441,169001441,90441,연리정미소,강화군,강화군,선원면,,37.7049296,126.5031633,valid_header_swapped,true
20260228,bus,bus:169000198,169000198,43198,연미고개,강화군,강화군,강화읍,,37.7586146,126.5040097,valid_header_swapped,true
20260228,bus,bus:169000711,169000711,43711,연미고개,강화군,강화군,강화읍,,37.7587073,126.5038469,valid_header_swapped,true
20260228,bus,bus:169000621,169000621,43621,연미정,강화군,강화군,강화읍,,37.7704178,126.5109836,valid_header_swapped,true
20260228,bus,bus:169000193,169000193,43193,연미정,강화군,강화군,강화읍,,37.7704495,126.5108248,valid_header_swapped,true
20260228,bus,bus:277103807,277103807,70208,연성IC(미정차),코드정보 없음,코드정보 없음,연성동,,37.3884495,126.8019425,valid_header_swapped,false
20260228,bus,bus:277103806,277103806,70212,연성IC(미정차),코드정보 없음,코드정보 없음,연성동,,37.3887614,126.8000854,valid_header_swapped,false
20260228,bus,bus:163000278,163000278,37278,연성교회,미추홀구,미추홀구,관교동,,37.4474809,126.6925088,valid_header_swapped,true
20260228,bus,bus:165000851,165000851,39851,연세농장,남동구,남동구,장수서창동,,37.4551073,126.7712578,valid_header_swapped,true
20260228,bus,bus:165000725,165000725,39725,연세대,연수구,연수구,송도3동,,37.3807628,126.6666003,valid_header_swapped,true
20260228,bus,bus:165000861,165000861,39861,연세대,연수구,연수구,송도3동,,37.3804638,126.6664844,valid_header_swapped,true
20260228,bus,bus:164000489,164000489,38489,연세대송도캠퍼스입구,연수구,연수구,송도3동,,37.3892593,126.6640641,valid_header_swapped,true
20260228,bus,bus:112000013,112000013,22022,연세대앞,코드정보 없음,코드정보 없음,창천동,,37.5603049,126.9352677,outside_incheon_bounds,false
20260228,bus,bus:112000031,112000031,22058,연세대학교앞,코드정보 없음,코드정보 없음,창천동,,37.5598856,126.9349930,outside_incheon_bounds,false
20260228,bus,bus:164000248,164000248,38248,연수1동행정복지센터,연수구,연수구,연수1동,,37.4220666,126.6806183,valid_header_swapped,true
20260228,bus,bus:164000251,164000251,38251,연수1동행정복지센터,연수구,연수구,연수1동,,37.4221041,126.6811425,valid_header_swapped,true
20260228,bus,bus:164000187,164000187,38187,연수1차아파트,연수구,연수구,연수2동,,37.4153134,126.6864886,valid_header_swapped,true
20260228,bus,bus:164000195,164000195,38195,연수2차아파트,연수구,연수구,연수2동,,37.4158897,126.6870862,valid_header_swapped,true
20260228,bus,bus:164000262,164000262,38262,연수3동행정복지센터,연수구,연수구,연수3동,,37.4192699,126.6918155,valid_header_swapped,true
20260228,bus,bus:164000111,164000111,38111,연수경찰서,연수구,연수구,연수2동,,37.4109159,126.6805945,valid_header_swapped,true
20260228,bus,bus:164000104,164000104,38104,연수고등학교,연수구,연수구,연수2동,,37.4108169,126.6801476,valid_header_swapped,true
20260228,bus,bus:164000089,164000089,38089,연수구청,연수구,연수구,동춘3동,,37.4088485,126.6784242,valid_header_swapped,true
20260228,bus,bus:164000093,164000093,38093,연수구청,연수구,연수구,동춘3동,,37.4097832,126.6790524,valid_header_swapped,true
20260228,bus,bus:164000095,164000095,38095,연수구청입구,연수구,연수구,동춘3동,,37.4096614,126.6801575,valid_header_swapped,true
20260228,bus,bus:165000975,165000975,39975,연수구청제2청사,연수구,연수구,송도3동,,37.3775884,126.6595269,valid_header_swapped,true
20260228,bus,bus:165000976,165000976,39976,연수구청제2청사,연수구,연수구,송도3동,,37.3769742,126.6598443,valid_header_swapped,true
20260228,bus,bus:164000103,164000103,38103,연수꿈담도서관,연수구,연수구,동춘3동,,37.4124968,126.6745807,valid_header_swapped,true
20260228,bus,bus:164000128,164000128,38128,연수대동아파트,연수구,연수구,연수2동,,37.4127248,126.6831323,valid_header_swapped,true
20260228,bus,bus:164000296,164000296,38296,연수병원,연수구,연수구,선학동,,37.4234779,126.6963732,valid_header_swapped,true
20260228,bus,bus:164000092,164000092,38092,연수여자고등학교,연수구,연수구,동춘1동,,37.4115247,126.6731810,valid_header_swapped,true
20260228,bus,bus:164000506,164000506,38506,연수역,연수구,연수구,연수1동,,37.4188032,126.6795785,valid_header_swapped,true
20260228,bus,bus:164000507,164000507,38507,연수역,연수구,연수구,연수1동,,37.4187251,126.6794011,valid_header_swapped,true
20260228,bus,bus:164000573,164000573,38573,연수역북측입구,연수구,연수구,연수1동,,37.4193916,126.6796786,valid_header_swapped,true
20260228,bus,bus:164000572,164000572,38572,연수역북측입구,연수구,연수구,연수1동,,37.4194282,126.6794178,valid_header_swapped,true
20260228,bus,bus:164000314,164000314,38314,연수우체국,연수구,연수구,연수1동,,37.4242226,126.6840408,valid_header_swapped,true
20260228,bus,bus:164000280,164000280,38280,연수우체국,연수구,연수구,연수1동,,37.4239499,126.6835615,valid_header_swapped,true
20260228,bus,bus:164000188,164000188,38188,연수주공3차아파트,연수구,연수구,연수3동,,37.4154198,126.6862535,valid_header_swapped,true
20260228,bus,bus:164000196,164000196,38196,연수중학교,연수구,연수구,연수3동,,37.4164338,126.6853769,valid_header_swapped,true
20260228,bus,bus:164000194,164000194,38194,연수중학교,연수구,연수구,연수3동,,37.4161697,126.6861422,valid_header_swapped,true
20260228,bus,bus:164000293,164000293,38293,연수초등학교,연수구,연수구,선학동,,37.4232080,126.6928398,valid_header_swapped,true
20260228,bus,bus:164000290,164000290,38290,연수초등학교,연수구,연수구,연수3동,,37.4222277,126.6934147,valid_header_swapped,true
20260228,bus,bus:164000091,164000091,38091,연수한양1차아파트,연수구,연수구,동춘3동,,37.4083977,126.6819890,valid_header_swapped,true
20260228,bus,bus:161000063,161000063,35063,연안동행정복지센터(인천종합어시장),중구,제물포구,연안동,,37.4534792,126.6049561,valid_header_swapped,true
20260228,bus,bus:161000097,161000097,35097,연안부두(신선초등학교),중구,제물포구,신흥동,,37.4526687,126.6291880,valid_header_swapped,true
20260228,bus,bus:161000754,161000754,35754,연안부두로삼거리,중구,제물포구,연안동,,37.4494483,126.5973537,valid_header_swapped,true
20260228,bus,bus:161000049,161000049,35049,연안부두바다쉼터,중구,제물포구,연안동,,37.4472139,126.5977197,valid_header_swapped,true
20260228,bus,bus:161000072,161000072,35072,연안부두어시장,중구,제물포구,연안동,,37.4546344,126.6059454,valid_header_swapped,true
20260228,bus,bus:161000071,161000071,35071,연안부두어시장,중구,제물포구,연안동,,37.4545186,126.6055970,valid_header_swapped,true
20260228,bus,bus:161000075,161000075,35075,연안아파트,중구,제물포구,연안동,,37.4502532,126.6221175,valid_header_swapped,true
20260228,bus,bus:161000076,161000076,35076,연안아파트,중구,제물포구,연안동,,37.4506836,126.6222369,valid_header_swapped,true
20260228,bus,bus:169001116,169001116,90116,연안여객터미널,강화군,강화군,내가면,,37.7012654,126.3780223,valid_header_swapped,true
20260228,bus,bus:161000061,161000061,35061,연안여객터미널,중구,제물포구,연안동,,37.4538201,126.5993427,valid_header_swapped,true
20260228,bus,bus:169001115,169001115,90115,연안여객터미널,강화군,강화군,내가면,,37.7011428,126.3780042,valid_header_swapped,true
20260228,bus,bus:161000057,161000057,35057,연안여객터미널,중구,제물포구,연안동,,37.4533816,126.5989868,valid_header_swapped,true
20260228,bus,bus:161000068,161000068,35068,연안여객터미널입구,중구,제물포구,연안동,,37.4549201,126.6019727,valid_header_swapped,true
20260228,bus,bus:161000052,161000052,35052,연안여객터미널제2주차장,중구,제물포구,연안동,,37.4524145,126.5979320,valid_header_swapped,true
20260228,bus,bus:161000051,161000051,35051,연안여객터미널제2주차장,중구,제물포구,연안동,,37.4527068,126.5977261,valid_header_swapped,true
20260228,bus,bus:161000067,161000067,35067,연안초등학교,중구,제물포구,연안동,,37.4533704,126.6072706,valid_header_swapped,true
20260228,bus,bus:161000064,161000064,35064,연안초등학교,중구,제물포구,연안동,,37.4531879,126.6071531,valid_header_swapped,true
20260228,bus,bus:169001256,169001256,90256,연지-기점,강화군,강화군,강화읍,,37.6322377,126.7113283,valid_header_swapped,true
20260228,bus,bus:169001258,169001258,90258,연지-종점,강화군,강화군,강화읍,,37.6322199,126.7114962,valid_header_swapped,true
20260228,bus,bus:169001257,169001257,90257,연지-회차,강화군,강화군,강화읍,,37.6270455,126.7119112,valid_header_swapped,true
20260228,bus,bus:170000041,170000041,44041,연지동,옹진군,옹진군,백령면,,,,missing,false
20260228,bus,bus:163000138,163000138,37138,연학초등학교,미추홀구,미추홀구,주안3동,,37.4439767,126.6728705,valid_header_swapped,true
20260228,bus,bus:163000137,163000137,37137,연학초등학교,미추홀구,미추홀구,학익2동,,37.4438712,126.6729493,valid_header_swapped,true
20260228,bus,bus:168000186,168000186,42186,연합의원,서구,서해구,신현원창동,,37.5149969,126.6686365,valid_header_swapped,true
20260228,bus,bus:164000117,164000117,38117,연화중학교,연수구,연수구,연수2동,,37.4127437,126.6806388,valid_header_swapped,true
20260228,bus,bus:169001440,169001440,90440,연화촌,강화군,강화군,선원면,,37.7048450,126.5009664,valid_header_swapped,true
20260228,bus,bus:169001430,169001430,90430,연화촌,강화군,강화군,선원면,,,,missing,false
20260228,bus,bus:163000568,163000568,37568,연흥아파트,미추홀구,미추홀구,주안8동,,37.4479355,126.6847818,valid_header_swapped,true
20260228,bus,bus:163000567,163000567,37567,연흥아파트,미추홀구,미추홀구,주안8동,,37.4481535,126.6851461,valid_header_swapped,true
20260228,bus,bus:168001016,168001016,42950,연희공원,서구,서해구,연희동,,37.5412602,126.6501610,valid_header_swapped,true
20260228,bus,bus:168000599,168000599,42599,연희동광명아파트(사계절썰매장),서구,서해구,연희동,,37.5483439,126.6819786,valid_header_swapped,true
20260228,bus,bus:168000314,168000314,42314,연희동광명아파트(사계절썰매장),서구,서해구,연희동,,37.5480675,126.6821130,valid_header_swapped,true
20260228,bus,bus:168000311,168000311,42311,연희동행정복지센터,서구,서해구,연희동,,37.5490476,126.6772377,valid_header_swapped,true
20260228,bus,bus:168000312,168000312,42312,연희동행정복지센터,서구,서해구,연희동,,37.5491081,126.6769038,valid_header_swapped,true
20260228,bus,bus:166000052,166000052,40052,열우물사거리,부평구,부평구,십정1동,,37.4781246,126.6924639,valid_header_swapped,true
20260228,bus,bus:166000028,166000028,40028,열우물전통시장,부평구,부평구,십정1동,,37.4729423,126.6964125,valid_header_swapped,true
20260228,bus,bus:166000030,166000030,40030,열우물전통시장,부평구,부평구,십정2동,,37.4730397,126.6965618,valid_header_swapped,true
20260228,bus,bus:166000038,166000038,40038,열우물전통시장입구,부평구,부평구,십정1동,,37.4741208,126.6960820,valid_header_swapped,true
20260228,bus,bus:166000036,166000036,40036,열우물전통시장입구,부평구,부평구,십정1동,,37.4740436,126.6961304,valid_header_swapped,true
20260228,bus,bus:166000064,166000064,40064,열우물테니스경기장,부평구,부평구,십정1동,,37.4813292,126.6905337,valid_header_swapped,true
20260228,bus,bus:166000054,166000054,40054,열우물테니스경기장,부평구,부평구,십정1동,,37.4786158,126.6916689,valid_header_swapped,true
20260228,bus,bus:166000053,166000053,40053,열우물테니스경기장,부평구,부평구,부평3동,,37.4783166,126.6916697,valid_header_swapped,true
20260228,bus,bus:168000023,168000023,42023,열우물테니스경기장,서구,서해구,가좌4동,,37.4795060,126.6902106,valid_header_swapped,true
20260228,bus,bus:166000063,166000063,40063,열우물테니스경기장,서구,서해구,가좌4동,,37.4805793,126.6900936,valid_header_swapped,true
20260228,bus,bus:168000024,168000024,42024,열우물테니스경기장·축산물시장,서구,서해구,가좌4동,,37.4800090,126.6889207,valid_header_swapped,true
20260228,bus,bus:165000119,165000119,39119,염골근린공원,남동구,남동구,남촌도림동,,37.4146866,126.7048834,valid_header_swapped,true
20260228,bus,bus:165000123,165000123,39123,염골근린공원,남동구,남동구,남촌도림동,,37.4150611,126.7056298,valid_header_swapped,true
20260228,bus,bus:169001320,169001320,90320,염전,강화군,강화군,삼산면,,37.6577667,126.3424030,valid_header_swapped,true
20260228,bus,bus:169001319,169001319,90319,염전,강화군,강화군,삼산면,,37.6578713,126.3422200,valid_header_swapped,true
20260228,bus,bus:163000681,163000681,37681,염전공원,미추홀구,미추홀구,도화동,,37.4772972,126.6617274,valid_header_swapped,true
20260228,bus,bus:169001317,169001317,90317,염전사택,강화군,강화군,삼산면,,37.6612608,126.3458679,valid_header_swapped,true
20260228,bus,bus:169001318,169001318,90318,염전사택,강화군,강화군,삼산면,,37.6611503,126.3460929,valid_header_swapped,true
20260228,bus,bus:115000001,115000001,16001,염창역.서울도시가스(중),기타,기타,서울시,,37.5470785,126.8757558,outside_incheon_bounds,false
20260228,bus,bus:115000002,115000002,16002,염창역.서울도시가스(중),기타,기타,서울시,,37.5469007,126.8749105,outside_incheon_bounds,false
20260228,bus,bus:169000955,169000955,43955,영골,강화군,강화군,선원면,,37.7103763,126.4860494,valid_header_swapped,true
20260228,bus,bus:169000954,169000954,43954,영골,강화군,강화군,선원면,,37.7103722,126.4862469,valid_header_swapped,true
20260228,bus,bus:224000088,224000088,70164,영남1단지.고합아파트,코드정보 없음,코드정보 없음,정왕4동,,37.3589814,126.7270834,valid_header_swapped,false
20260228,bus,bus:164000205,164000205,38205,영남아파트,연수구,연수구,연수1동,,37.4186432,126.6817829,valid_header_swapped,true
20260228,bus,bus:163000063,163000063,37063,영남아파트,미추홀구,미추홀구,학익2동,,37.4388427,126.6747339,valid_header_swapped,true
20260228,bus,bus:163000060,163000060,37060,영남아파트,미추홀구,미추홀구,학익1동,,37.4386590,126.6747632,valid_header_swapped,true
20260228,bus,bus:164000203,164000203,38203,영남아파트,연수구,연수구,연수3동,,37.4184545,126.6818980,valid_header_swapped,true
20260228,bus,bus:118000012,118000012,28012,영등포구청,코드정보 없음,코드정보 없음,당산제1동,,37.5262958,126.8969296,outside_incheon_bounds,false
20260228,bus,bus:118000060,118000060,28060,영등포구청,코드정보 없음,코드정보 없음,당산1동,,37.5256360,126.8964720,outside_incheon_bounds,false
20260228,bus,bus:118000033,118000033,28033,영등포등기소구로세무서,코드정보 없음,코드정보 없음,문래1동,,37.5144698,126.9012428,outside_incheon_bounds,false
20260228,bus,bus:118000034,118000034,28034,영등포등기소구로세무서,코드정보 없음,코드정보 없음,문래1동,,37.5140879,126.8998878,outside_incheon_bounds,false
20260228,bus,bus:118000136,118000136,28017,영등포세무서.선유고등학교,코드정보 없음,코드정보 없음,양평2동,,37.5342175,126.8962163,outside_incheon_bounds,false
20260228,bus,bus:118000137,118000137,28018,영등포세무서.선유고등학교,코드정보 없음,코드정보 없음,양평제2동,,37.5343989,126.8968255,outside_incheon_bounds,false
20260228,bus,bus:118000035,118000035,28035,영등포역,코드정보 없음,코드정보 없음,영등포2동,,37.5159402,126.9057348,outside_incheon_bounds,false
20260228,bus,bus:118000005,118000005,28005,영등포역,코드정보 없음,코드정보 없음,영등포2동,,37.5166768,126.9070171,outside_incheon_bounds,false
20260228,bus,bus:165000943,165000943,39943,영림몰딩도어,남동구,남동구,논현고잔동,,37.3919238,126.7019763,valid_header_swapped,true
20260228,bus,bus:165000028,165000028,39028,영림산업,남동구,남동구,논현고잔동,,37.3919175,126.7030476,valid_header_swapped,true
20260228,bus,bus:165000026,165000026,39026,영림임업,남동구,남동구,논현고잔동,,37.3898468,126.7082621,valid_header_swapped,true
20260228,bus,bus:169001390,169001390,90390,영사목장 앞,강화군,강화군,양도면,,37.6888516,126.4132648,valid_header_swapped,true
20260228,bus,bus:169001391,169001391,90391,영사목장 앞,강화군,강화군,양도면,,37.6887534,126.4133578,valid_header_swapped,true
20260228,bus,bus:166000853,166000853,40853,영선고등학교,부평구,부평구,삼산2동,,37.5167049,126.7450858,valid_header_swapped,true
20260228,bus,bus:167000123,167000123,41123,영신군이이묘,계양구,계양구,작전2동,,37.5346328,126.7223877,valid_header_swapped,true
20260228,bus,bus:169000139,169000139,43139,영은교회,강화군,강화군,불은면,,37.6886466,126.4768532,valid_header_swapped,true
20260228,bus,bus:169000037,169000037,43037,영은교회,강화군,강화군,불은면,,37.6885360,126.4770973,valid_header_swapped,true
20260228,bus,bus:168001064,168001064,89064,영은슈퍼,서구,검단구,오류왕길동,,37.5926064,126.6186589,valid_header_swapped,true
20260228,bus,bus:168001052,168001052,89052,영은슈퍼,서구,검단구,오류왕길동,,37.5928375,126.6186296,valid_header_swapped,true
20260228,bus,bus:167000422,167000422,41422,영음교회.효성해링턴플레이스,계양구,계양구,작전서운동,,37.5297775,126.7437890,valid_header_swapped,true
20260228,bus,bus:161000906,161000906,35906,영종2동행정복지센터,중구,영종구,중산동,,37.4988970,126.5684199,valid_header_swapped,true
20260228,bus,bus:161000905,161000905,35905,영종2동행정복지센터,중구,영종구,중산동,,37.4989429,126.5686171,valid_header_swapped,true
20260228,bus,bus:161000449,161000449,35449,영종KCC스위첸.한양수자인,중구,영종구,영종동,,37.4913715,126.5520539,valid_header_swapped,true
20260228,bus,bus:161000755,161000755,35755,영종KCC스위첸옆문,중구,영종구,영종1동,,37.4936863,126.5521476,valid_header_swapped,true
20260228,bus,bus:161000483,161000483,35483,영종LH2단지,중구,영종구,영종동,,37.4883771,126.5031610,valid_header_swapped,true
20260228,bus,bus:161000873,161000873,35873,영종LH67단지,중구,영종구,중산동,,37.5017738,126.5672594,valid_header_swapped,true
20260228,bus,bus:161000390,161000390,35390,영종LH아파트입구,중구,영종구,영종동,,37.4841174,126.5053900,valid_header_swapped,true
20260228,bus,bus:161000660,161000660,35660,영종e편한세상센텀베뉴·센트럴푸르지오자이,중구,영종구,영종동,,37.4887984,126.5503106,valid_header_swapped,true
20260228,bus,bus:161000886,161000886,35886,영종e편한세상센텀베뉴·화성파크드림2차,중구,영종구,영종1동,,37.4870140,126.5501875,valid_header_swapped,true
20260228,bus,bus:161000493,161000493,35493,영종고등학교,중구,영종구,영종동,,37.4852651,126.5025693,valid_header_swapped,true
20260228,bus,bus:161000496,161000496,35496,영종고등학교,중구,영종구,영종동,,37.4850190,126.5027073,valid_header_swapped,true
20260228,bus,bus:161000626,161000626,35626,영종공원묘지입구,중구,영종구,영종동,,37.5131244,126.5292593,valid_header_swapped,true
20260228,bus,bus:161000627,161000627,35627,영종공원묘지입구,중구,영종구,영종동,,37.5130098,126.5292653,valid_header_swapped,true
20260228,bus,bus:161000306,161000306,35306,영종교회,중구,영종구,영종동,,37.4931369,126.5419521,valid_header_swapped,true
20260228,bus,bus:161000545,161000545,35545,영종교회,중구,영종구,영종동,,37.4932799,126.5418827,valid_header_swapped,true
20260228,bus,bus:161000881,161000881,35881,영종국제병원,중구,영종구,중산동,,37.4880215,126.5652518,valid_header_swapped,true
20260228,bus,bus:168000943,168000943,42943,영종대교휴게소,서구,서해구,청라3동,,37.5540975,126.6079257,valid_header_swapped,true
20260228,bus,bus:168000942,168000942,42942,영종대교휴게소,서구,서해구,청라3동,,37.5540053,126.6081859,valid_header_swapped,true
20260228,bus,bus:161000672,161000672,35672,영종동행정복지센터,중구,영종구,영종동,,37.4940120,126.5307533,valid_header_swapped,true
20260228,bus,bus:161000673,161000673,35673,영종동행정복지센터,중구,영종구,영종동,,37.4940281,126.5310028,valid_header_swapped,true
20260228,bus,bus:161000931,161000931,35931,영종동행정복지센터사거리,중구,영종구,영종동,,37.4934943,126.5343057,valid_header_swapped,true
20260228,bus,bus:161000930,161000930,35930,영종동행정복지센터사거리,중구,영종구,영종동,,37.4936313,126.5342908,valid_header_swapped,true
20260228,bus,bus:161000314,161000314,35314,영종물류고등학교·영종자이아파트,중구,영종구,영종동,,37.4895877,126.5328828,valid_header_swapped,true
20260228,bus,bus:161000307,161000307,35307,영종물류고등학교앞·영종자이아파트,중구,영종구,영종동,,37.4895369,126.5327386,valid_header_swapped,true
20260228,bus,bus:161000838,161000838,35838,영종버스공영차고지,중구,영종구,운북동,,37.5105734,126.5013859,valid_header_swapped,true
20260228,bus,bus:161000837,161000837,35837,영종버스공영차고지,중구,영종구,운북동,,37.5106803,126.5014001,valid_header_swapped,true
20260228,bus,bus:161000913,161000913,35913,영종베르힐스카이시티,중구,영종구,영종동,,37.4806011,126.5273606,valid_header_swapped,true
20260228,bus,bus:161000914,161000914,35914,영종베르힐스카이시티,중구,영종구,영종동,,37.4807120,126.5270464,valid_header_swapped,true
20260228,bus,bus:161000945,161000945,35945,영종복합문화센터,중구,영종구,운남동,,37.4815192,126.5331299,valid_header_swapped,true
20260228,bus,bus:161000946,161000946,35946,영종복합문화센터,중구,영종구,운남동,,37.4815486,126.5328965,valid_header_swapped,true
20260228,bus,bus:161000920,161000920,35920,영종복합문화센터·베르힐정문,중구,영종구,영종동,,37.4797430,126.5309958,valid_header_swapped,true
20260228,bus,bus:161000921,161000921,35921,영종복합문화센터·제일풍경채정문,중구,영종구,영종동,,37.4795882,126.5310604,valid_header_swapped,true
20260228,bus,bus:161000819,161000819,35819,영종블루오션,중구,영종구,중산동,,37.4870798,126.5627019,valid_header_swapped,true
20260228,bus,bus:161000820,161000820,35820,영종블루오션,중구,영종구,중산동,,37.4868185,126.5622821,valid_header_swapped,true
20260228,bus,bus:161000876,161000876,35876,영종블루오션2차,중구,영종구,중산동,,37.4858464,126.5624501,valid_header_swapped,true
20260228,bus,bus:161000877,161000877,35877,영종블루오션2차,중구,영종구,중산동,,37.4856684,126.5628422,valid_header_swapped,true
20260228,bus,bus:161000756,161000756,35756,영종서희스타힐스옆문,중구,영종구,영종1동,,37.4935178,126.5530581,valid_header_swapped,true
20260228,bus,bus:161000462,161000462,35462,영종서희스타힐스정문,중구,영종구,영종동,,37.4940476,126.5549507,valid_header_swapped,true
20260228,bus,bus:161000833,161000833,35833,영종선착장입구,중구,영종구,중산동,,37.4922916,126.5779135,valid_header_swapped,true
20260228,bus,bus:161000834,161000834,35834,영종선착장입구,중구,영종구,중산동,,37.4920490,126.5779655,valid_header_swapped,true
20260228,bus,bus:161000851,161000851,35851,영종성당.정도사,중구,영종구,영종동,,37.5005388,126.5530672,valid_header_swapped,true
20260228,bus,bus:161000850,161000850,35850,영종성당.정도사,중구,영종구,영종동,,37.5006292,126.5531857,valid_header_swapped,true
20260228,bus,bus:161000661,161000661,35661,영종센트럴푸르지오자이·e편한세상센텀베뉴,중구,영종구,영종동,,37.4890015,126.5500581,valid_header_swapped,true
20260228,bus,bus:161000765,161000765,35765,영종소방서,중구,영종구,운서동,,37.4883291,126.4160458,valid_header_swapped,true
20260228,bus,bus:161000830,161000830,35830,영종아레나,중구,영종구,운북동,,37.5108325,126.5003236,valid_header_swapped,true
20260228,bus,bus:161000831,161000831,35831,영종아레나,중구,영종구,운북동,,37.5108270,126.4998544,valid_header_swapped,true
20260228,bus,bus:161000870,161000870,35870,영종역(2번출구),중구,영종구,영종동,,37.5112795,126.5251696,valid_header_swapped,true
20260228,bus,bus:161000567,161000567,35567,영종역(운북차고지·청라방향),중구,영종구,영종동,,37.5121203,126.5239271,valid_header_swapped,true
20260228,bus,bus:161000566,161000566,35566,영종역(하늘도시·전소방향),중구,영종구,영종동,,37.5123899,126.5241533,valid_header_swapped,true
20260228,bus,bus:161000625,161000625,35625,영종역사관,중구,영종구,영종동,,37.4892433,126.5763374,valid_header_swapped,true
20260228,bus,bus:161000624,161000624,35624,영종역사관,중구,영종구,영종동,,37.4892333,126.5765736,valid_header_swapped,true
20260228,bus,bus:161000760,161000760,35760,영종유승한내들스카이스테이,중구,영종구,운서동,,37.4858350,126.4983299,valid_header_swapped,true
20260228,bus,bus:161000759,161000759,35759,영종유승한내들스카이스테이,중구,영종구,운서동,,37.4874191,126.4984864,valid_header_swapped,true
20260228,bus,bus:161000836,161000836,35836,영종자이아파트,중구,영종구,영종동,,37.4891582,126.5311561,valid_header_swapped,true
20260228,bus,bus:161000835,161000835,35835,영종자이아파트,중구,영종구,영종동,,37.4893196,126.5306470,valid_header_swapped,true
20260228,bus,bus:161000581,161000581,35581,영종장로교회,중구,영종구,영종동,,37.4976329,126.5369909,valid_header_swapped,true
20260228,bus,bus:161000580,161000580,35580,영종장로교회,중구,영종구,영종동,,37.4973768,126.5362691,valid_header_swapped,true
20260228,bus,bus:161000111,161000111,35111,영종주공7단지,중구,영종구,운서동,,37.4958852,126.4852009,valid_header_swapped,true
20260228,bus,bus:161000854,161000854,35854,영종주야간보호센터,중구,영종구,영종동,,37.5014130,126.5456534,valid_header_swapped,true
20260228,bus,bus:161000855,161000855,35855,영종주야간보호센터,중구,영종구,영종동,,37.5013443,126.5455847,valid_header_swapped,true
20260228,bus,bus:161000464,161000464,35464,영종중학교,중구,영종구,영종동,,37.4838591,126.5241250,valid_header_swapped,true
20260228,bus,bus:161000463,161000463,35463,영종중학교,중구,영종구,영종동,,37.4840377,126.5239907,valid_header_swapped,true
20260228,bus,bus:161000279,161000279,35279,영종진공원,중구,영종구,영종동,,37.4924806,126.5751533,valid_header_swapped,true
20260228,bus,bus:161000276,161000276,35276,영종진공원,중구,영종구,영종동,,37.4928557,126.5751815,valid_header_swapped,true
20260228,bus,bus:161000110,161000110,35110,영종풍림아이원1차,중구,영종구,운서동,,37.4962056,126.4849618,valid_header_swapped,true
20260228,bus,bus:161000585,161000585,35585,영종하늘도서관,중구,영종구,영종동,,37.4949287,126.5645757,valid_header_swapped,true
20260228,bus,bus:161000586,161000586,35586,영종하늘도서관,중구,영종구,영종동,,37.4947378,126.5648538,valid_header_swapped,true
20260228,bus,bus:161000919,161000919,35919,영종하늘체육공원,중구,영종구,영종1동,,37.4878695,126.5575575,valid_header_swapped,true
20260228,bus,bus:161000918,161000918,35918,영종하늘체육공원,중구,영종구,영종1동,,37.4887814,126.5581971,valid_header_swapped,true
20260228,bus,bus:161000885,161000885,35885,영종화성파크드림2차·e편한세상센텀베뉴,중구,영종구,영종1동,,37.4870438,126.5499092,valid_header_swapped,true
20260228,bus,bus:161000880,161000880,35880,영종힐스테이트(904동),중구,영종구,중산동,,37.4892658,126.5661413,valid_header_swapped,true
20260228,bus,bus:166000551,166000551,40551,영진아파트,부평구,부평구,청천2동,,37.5173078,126.7069094,valid_header_swapped,true
20260228,bus,bus:166000552,166000552,40552,영진아파트,부평구,부평구,청천2동,,37.5174750,126.7068468,valid_header_swapped,true
20260228,bus,bus:166000452,166000452,40452,영창한의원,부평구,부평구,부평4동,,37.5024765,126.7306898,valid_header_swapped,true
20260228,bus,bus:162000040,162000040,36040,영풍아파트,동구,제물포구,화수2동,,37.4823160,126.6273599,valid_header_swapped,true
20260228,bus,bus:165000546,165000546,39546,영풍아파트,남동구,남동구,만수3동,,37.4616493,126.7219266,valid_header_swapped,true
20260228,bus,bus:170000016,170000016,44016,영흥-기점,옹진군,옹진군,영흥면,,37.6321955,126.7113503,valid_header_swapped,true
20260228,bus,bus:170000018,170000018,44018,영흥-종점,옹진군,옹진군,영흥면,,37.6321804,126.7115125,valid_header_swapped,true
20260228,bus,bus:170000017,170000017,44017,영흥-회차,옹진군,옹진군,영흥면,,37.6270585,126.7119712,valid_header_swapped,true
20260228,bus,bus:170000201,170000201,44201,영흥감리교회입구,옹진군,옹진군,영흥면,,37.2568210,126.4594308,valid_header_swapped,true
20260228,bus,bus:170000205,170000205,44205,영흥공립어린이집,옹진군,옹진군,영흥면,,37.2719006,126.4930719,valid_header_swapped,true
20260228,bus,bus:170000100,170000100,44100,영흥대교입구,옹진군,옹진군,영흥면,,37.2558112,126.4967500,valid_header_swapped,true
20260228,bus,bus:170000180,170000180,44180,영흥대교입구,옹진군,옹진군,영흥면,,37.2557662,126.4965900,valid_header_swapped,true
20260228,bus,bus:170000181,170000181,44181,영흥면사무소,옹진군,옹진군,영흥면,,37.2554522,126.4839340,valid_header_swapped,true
20260228,bus,bus:170000131,170000131,44131,영흥면사무소,옹진군,옹진군,영흥면,,37.2556372,126.4839630,valid_header_swapped,true
20260228,bus,bus:170000116,170000116,44116,영흥버스터미널,옹진군,옹진군,영흥면,,37.2593190,126.4933091,valid_header_swapped,true
20260228,bus,bus:170000004,170000004,44004,영흥버스터미널,옹진군,옹진군,영흥면,,37.2591433,126.4932780,valid_header_swapped,true
20260228,bus,bus:170000182,170000182,44182,영흥빌라,옹진군,옹진군,영흥면,,37.2403742,126.4578670,valid_header_swapped,true
20260228,bus,bus:170000009,170000009,44009,영흥수협공판장입구,옹진군,옹진군,영흥면,,37.2559551,126.4962406,valid_header_swapped,true
20260228,bus,bus:170000010,170000010,44010,영흥수협공판장입구,옹진군,옹진군,영흥면,,37.2560005,126.4962643,valid_header_swapped,true
20260228,bus,bus:170000137,170000137,44137,영흥어린이집,옹진군,옹진군,영흥면,,37.2718792,126.4932820,valid_header_swapped,true
20260228,bus,bus:170000107,170000107,44107,영흥우체국,옹진군,옹진군,영흥면,,37.2528952,126.4701340,valid_header_swapped,true
20260228,bus,bus:170000183,170000183,44183,영흥우체국,옹진군,옹진군,영흥면,,37.2530242,126.4703270,valid_header_swapped,true
20260228,bus,bus:170000120,170000120,44120,영흥종합운동장앞,옹진군,옹진군,영흥면,,37.2620544,126.4751826,valid_header_swapped,true
20260228,bus,bus:170000192,170000192,44192,영흥종합운동장앞,옹진군,옹진군,영흥면,,37.2619663,126.4753196,valid_header_swapped,true
20260228,bus,bus:170000101,170000101,44101,영흥초교입구,옹진군,옹진군,영흥면,,37.2532202,126.4667080,valid_header_swapped,true
20260228,bus,bus:170000184,170000184,44184,영흥초교입구,옹진군,옹진군,영흥면,,37.2532722,126.4669980,valid_header_swapped,true
20260228,bus,bus:170000136,170000136,44136,영흥칼국수,옹진군,옹진군,영흥면,,37.2679462,126.4954190,valid_header_swapped,true
20260228,bus,bus:170000144,170000144,44144,영흥플로레도커피,옹진군,옹진군,영흥면,,37.2557382,126.4812610,valid_header_swapped,true
20260228,bus,bus:170000185,170000185,44185,영흥플로레도커피,옹진군,옹진군,영흥면,,37.2553582,126.4807860,valid_header_swapped,true
20260228,bus,bus:161000319,161000319,35319,예단포,중구,영종구,영종동,,37.5274736,126.5038555,valid_header_swapped,true
20260228,bus,bus:161000395,161000395,35395,예단포,중구,영종구,영종동,,37.5273977,126.5040443,valid_header_swapped,true
20260228,bus,bus:161000623,161000623,35623,예단포물양장,중구,영종구,영종동,,37.5310905,126.5022580,valid_header_swapped,true
20260228,bus,bus:161000622,161000622,35622,예단포물양장,중구,영종구,영종동,,37.5310478,126.5020723,valid_header_swapped,true
20260228,bus,bus:161000547,161000547,35547,예드림빌라입구,중구,영종구,영종동,,37.5082510,126.5125736,valid_header_swapped,true
20260228,bus,bus:161000546,161000546,35546,예드림빌라입구,중구,영종구,영종동,,37.5080973,126.5126573,valid_header_swapped,true
20260228,bus,bus:165000053,165000053,39053,예림임업,남동구,남동구,논현고잔동,,37.3946787,126.7134362,valid_header_swapped,true
20260228,bus,bus:165000054,165000054,39054,예림임업,남동구,남동구,논현고잔동,,37.3950905,126.7139038,valid_header_swapped,true
20260228,bus,bus:167000273,167000273,41273,예비군교육장,계양구,계양구,계산2동,,37.5474470,126.7217801,valid_header_swapped,true
20260228,bus,bus:167000272,167000272,41272,예비군교육장,계양구,계양구,계산2동,,37.5476752,126.7221478,valid_header_swapped,true
20260228,bus,bus:169001010,169001010,90010,예비군교육장입구,강화군,강화군,교동면,,37.7893177,126.2914046,valid_header_swapped,true
20260228,bus,bus:169001011,169001011,90011,예비군교육장입구,강화군,강화군,교동면,,37.7894391,126.2913718,valid_header_swapped,true
20260228,bus,bus:169000315,169000315,43315,예비군훈련장,강화군,강화군,길상면,,37.6684877,126.4724066,valid_header_swapped,true
20260228,bus,bus:169000201,169000201,43201,예비군훈련장,강화군,강화군,길상면,,37.6684921,126.4725244,valid_header_swapped,true
20260228,bus,bus:164000593,164000593,38593,예송중학교,연수구,연수구,송도4동,,37.3842258,126.6278778,valid_header_swapped,true
20260228,bus,bus:164000592,164000592,38592,예송중학교,연수구,연수구,송도4동,,37.3841168,126.6277684,valid_header_swapped,true
20260228,bus,bus:163000254,163000254,37254,예술회관사거리,미추홀구,미추홀구,관교동,,37.4436336,126.6996054,valid_header_swapped,true
20260228,bus,bus:165000206,165000206,39206,예술회관역,남동구,남동구,구월3동,,37.4487228,126.7008295,valid_header_swapped,true
20260228,bus,bus:165000207,165000207,39207,예술회관역(4번출구),남동구,남동구,구월3동,,37.4490947,126.7011391,valid_header_swapped,true
20260228,bus,bus:167000499,167000499,41499,예원앞,계양구,계양구,계양1동,,37.5799013,126.6971415,valid_header_swapped,true
20260228,bus,bus:167000515,167000515,41515,예원앞,계양구,계양구,계양1동,,37.5798634,126.6971288,valid_header_swapped,true
20260228,bus,bus:166000854,166000854,40854,옐림교회,부평구,부평구,일신동,,37.4818915,126.7411383,valid_header_swapped,true
20260228,bus,bus:161000684,161000684,35684,옐림교회앞,중구,영종구,운북동,,37.5096363,126.5406791,valid_header_swapped,true
20260228,bus,bus:161000694,161000694,35694,옐림교회앞,중구,영종구,운북동,,37.5095590,126.5406727,valid_header_swapped,true
20260228,bus,bus:165000108,165000108,39108,오공본드,남동구,남동구,남촌도림동,,37.4132265,126.7028567,valid_header_swapped,true
20260228,bus,bus:161000860,161000860,35860,오관물입구,중구,영종구,용유동,,37.4507979,126.4090831,valid_header_swapped,true
20260228,bus,bus:161000859,161000859,35859,오관물입구,중구,영종구,용유동,,37.4499707,126.4094667,valid_header_swapped,true
20260228,bus,bus:169000361,169000361,43361,오두돈대,강화군,강화군,불은면,,37.6816997,126.5183818,valid_header_swapped,true
20260228,bus,bus:169000536,169000536,43536,오두돈대,강화군,강화군,불은면,,37.6817516,126.5181804,valid_header_swapped,true
20260228,bus,bus:169000675,169000675,43675,오두리(넙성입구),강화군,강화군,불은면,,37.6741863,126.5161036,valid_header_swapped,true
20260228,bus,bus:169000638,169000638,43638,오두리(넙성입구),강화군,강화군,불은면,,37.6741437,126.5162554,valid_header_swapped,true
20260228,bus,bus:169000137,169000137,43137,오두리종점,강화군,강화군,불은면,,37.6762044,126.5117399,valid_header_swapped,true
20260228,bus,bus:169000529,169000529,43529,오두리종점,강화군,강화군,불은면,,37.6761160,126.5116047,valid_header_swapped,true
20260228,bus,bus:169000647,169000647,43647,오두마을입구,강화군,강화군,불은면,,37.6773332,126.5040140,valid_header_swapped,true
20260228,bus,bus:169000557,169000557,43557,오두마을입구,강화군,강화군,불은면,,37.6774840,126.5041155,valid_header_swapped,true
20260228,bus,bus:232000711,232000711,80360,오라니마을,코드정보 없음,코드정보 없음,양촌면,,37.6537298,126.6270327,valid_header_swapped,false
20260228,bus,bus:169000014,169000014,43014,오류골,강화군,강화군,길상면,,37.6342158,126.5039497,valid_header_swapped,true
20260228,bus,bus:169000013,169000013,43013,오류골,강화군,강화군,길상면,,37.6341271,126.5040706,valid_header_swapped,true
20260228,bus,bus:169000389,169000389,43389,오류내,강화군,강화군,송해면,,37.7653177,126.4532998,valid_header_swapped,true
20260228,bus,bus:169000757,169000757,43757,오류내,강화군,강화군,송해면,,37.7651936,126.4532268,valid_header_swapped,true
20260228,bus,bus:167000354,167000354,41354,오류동마을,계양구,계양구,계양1동,,37.5870029,126.7242994,valid_header_swapped,true
20260228,bus,bus:167000353,167000353,41353,오류동마을,계양구,계양구,계양1동,,37.5868469,126.7241312,valid_header_swapped,true
20260228,bus,bus:168001058,168001058,89058,오류동역입구,서구,검단구,오류왕길동,,37.5942808,126.6322716,valid_header_swapped,true
20260228,bus,bus:168001066,168001066,89066,오류동역입구,서구,검단구,오류왕길동,,37.5943468,126.6320583,valid_header_swapped,true
20260228,bus,bus:168001574,168001574,89574,오류왕길동행정복지센터입구,서구,검단구,오류왕길동,,37.5974850,126.6367315,valid_header_swapped,true
20260228,bus,bus:168001573,168001573,89573,오류왕길동행정복지센터입구,서구,검단구,오류왕길동,,37.5972339,126.6365901,valid_header_swapped,true
20260228,bus,bus:232000400,232000400,80126,오리정,코드정보 없음,코드정보 없음,월곶면,,37.7038790,126.5603185,valid_header_swapped,false
20260228,bus,bus:232000387,232000387,80125,오리정,코드정보 없음,코드정보 없음,월곶면,,37.7033701,126.5605763,valid_header_swapped,false
20260228,bus,bus:169000265,169000265,43265,오상리고인들,강화군,강화군,내가면,,37.7311813,126.3955405,valid_header_swapped,true
20260228,bus,bus:169000379,169000379,43379,오상리고인들,강화군,강화군,내가면,,37.7311768,126.3956420,valid_header_swapped,true
20260228,bus,bus:169000120,169000120,43120,오상입구,강화군,강화군,내가면,,37.7280754,126.3879430,valid_header_swapped,true
20260228,bus,bus:169000390,169000390,43390,오상입구,강화군,강화군,내가면,,37.7283851,126.3880478,valid_header_swapped,true
20260228,bus,bus:169000119,169000119,43119,오상입구,강화군,강화군,내가면,,37.7279798,126.3880040,valid_header_swapped,true
20260228,bus,bus:169000565,169000565,43565,오상입구,강화군,강화군,내가면,,37.7283802,126.3881599,valid_header_swapped,true
20260228,bus,bus:169000555,169000555,43555,오성교회,강화군,강화군,불은면,,37.6735097,126.5106193,valid_header_swapped,true
20260228,bus,bus:169000853,169000853,43853,오성교회,강화군,강화군,불은면,,37.6737262,126.5106888,valid_header_swapped,true
20260228,bus,bus:166000721,166000721,40721,오성아파트,부평구,부평구,부개3동,,37.5038547,126.7368050,valid_header_swapped,true
20260228,bus,bus:166000493,166000493,40493,오성아파트,부평구,부평구,부개3동,,37.5038947,126.7360192,valid_header_swapped,true
20260228,bus,bus:166000480,166000480,40480,오성아파트,부평구,부평구,부개3동,,37.5030156,126.7362861,valid_header_swapped,true
20260228,bus,bus:166000487,166000487,40487,오성아파트,부평구,부평구,부개3동,,37.5033990,126.7364743,valid_header_swapped,true
20260228,bus,bus:165000490,165000490,39490,오성정밀,남동구,남동구,간석2동,,37.4743634,126.7176193,valid_header_swapped,true
20260228,bus,bus:161000909,161000909,35909,오션포레베네스트하우스,중구,영종구,영종동,,37.5250200,126.5085041,valid_header_swapped,true
20260228,bus,bus:161000910,161000910,35910,오션포레베네스트하우스,중구,영종구,영종동,,37.5251122,126.5088972,valid_header_swapped,true
20260228,bus,bus:161000935,161000935,35935,오션포레베네스트하우스102동,중구,영종구,운북동,,37.5261783,126.5046013,valid_header_swapped,true
20260228,bus,bus:161000934,161000934,35934,오션포레베네스트하우스102동,중구,영종구,운북동,,37.5262124,126.5050521,valid_header_swapped,true
20260228,bus,bus:232000789,232000789,35701,오스타파라곤3단지,기타,기타,걸포동,,,,missing,false
20260228,bus,bus:224000163,224000163,70032,오이도역,기타,기타,정왕동,,37.3616626,126.7373612,valid_header_swapped,false
20260228,bus,bus:224000195,224000195,70031,오이도역,기타,기타,정왕동,,37.3620993,126.7376568,valid_header_swapped,false
20260228,bus,bus:212000388,212000388,57044,오정휴먼시아(중),코드정보 없음,코드정보 없음,오정동,,37.5319226,126.7838345,valid_header_swapped,false
20260228,bus,bus:212000387,212000387,57045,오정휴먼시아(중),코드정보 없음,코드정보 없음,오정동,,37.5320715,126.7853417,valid_header_swapped,false
20260228,bus,bus:167000246,167000246,41246,오조산공원,계양구,계양구,계산4동,,37.5400594,126.7392678,valid_header_swapped,true
20260228,bus,bus:167000249,167000249,41249,오조산공원,계양구,계양구,계산4동,,37.5406464,126.7390268,valid_header_swapped,true
20260228,bus,bus:167000621,167000621,41621,오조산공원,계양구,계양구,계산4동,,37.5411766,126.7379677,valid_header_swapped,true
20260228,bus,bus:169000561,169000561,43561,옥골.옥토끼우주센터,강화군,강화군,불은면,,37.6759428,126.4865213,valid_header_swapped,true
20260228,bus,bus:169000033,169000033,43033,옥골.옥토끼우주센터,강화군,강화군,불은면,,37.6759846,126.4863185,valid_header_swapped,true
20260228,bus,bus:164000734,164000734,38732,옥골사거리,미추홀구,미추홀구,학익1동,,37.4321232,126.6460765,valid_header_swapped,true
20260228,bus,bus:164000733,164000733,38731,옥골사거리,미추홀구,미추홀구,학익1동,,37.4321165,126.6459032,valid_header_swapped,true
20260228,bus,bus:169000953,169000953,43953,옥금말,강화군,강화군,선원면,,37.7157802,126.4704102,valid_header_swapped,true
20260228,bus,bus:169000952,169000952,43952,옥금말,강화군,강화군,선원면,,37.7156598,126.4705032,valid_header_swapped,true
20260228,bus,bus:164000217,164000217,38217,옥련1동행정복지센터,연수구,연수구,옥련1동,,37.4279407,126.6558335,valid_header_swapped,true
20260228,bus,bus:164000450,164000450,38450,옥련2동행정복지센터(옥련우체국),연수구,연수구,옥련2동,,37.4265661,126.6485399,valid_header_swapped,true
20260228,bus,bus:164000451,164000451,38451,옥련2동행정복지센터(옥련우체국),연수구,연수구,옥련2동,,37.4263579,126.6484213,valid_header_swapped,true
20260228,bus,bus:164000212,164000212,38212,옥련고개,연수구,연수구,옥련2동,,37.4286976,126.6529096,valid_header_swapped,true
20260228,bus,bus:164000219,164000219,38219,옥련고개,연수구,연수구,옥련2동,,37.4290697,126.6526940,valid_header_swapped,true
20260228,bus,bus:164000330,164000330,38330,옥련동성당,연수구,연수구,옥련1동,,37.4216923,126.6463772,valid_header_swapped,true
20260228,bus,bus:164000171,164000171,38171,옥련사거리,연수구,연수구,옥련2동,,37.4271241,126.6444104,valid_header_swapped,true
20260228,bus,bus:164000170,164000170,38170,옥련사거리,연수구,연수구,옥련2동,,37.4269069,126.6443205,valid_header_swapped,true
20260228,bus,bus:164000271,164000271,38271,옥련여고입구,미추홀구,미추홀구,학익1동,,37.4342845,126.6460598,valid_header_swapped,true
20260228,bus,bus:164000273,164000273,38273,옥련여고입구,미추홀구,미추홀구,학익1동,,37.4341870,126.6462905,valid_header_swapped,true
20260228,bus,bus:164000470,164000470,38470,옥련중학교,연수구,연수구,옥련1동,,37.4258958,126.6533334,valid_header_swapped,true
20260228,bus,bus:164000223,164000223,38223,옥련지구대,연수구,연수구,옥련2동,,37.4278221,126.6581597,valid_header_swapped,true
20260228,bus,bus:164000146,164000146,38146,옥련초등학교,연수구,연수구,옥련2동,,37.4245017,126.6483122,valid_header_swapped,true
20260228,bus,bus:169000202,169000202,43202,옥림교회,강화군,강화군,강화읍,,37.7559419,126.4999637,valid_header_swapped,true
20260228,bus,bus:169000716,169000716,43716,옥림교회,강화군,강화군,강화읍,,37.7557885,126.5000327,valid_header_swapped,true
20260228,bus,bus:169000720,169000720,43720,옥림슈퍼,강화군,강화군,강화읍,,37.7504622,126.4923835,valid_header_swapped,true
20260228,bus,bus:169000205,169000205,43205,옥림슈퍼,강화군,강화군,강화읍,,37.7505481,126.4922862,valid_header_swapped,true
20260228,bus,bus:169001418,169001418,90418,옥림에덴,강화군,강화군,강화읍,,37.7527738,126.4945571,valid_header_swapped,true
20260228,bus,bus:169001419,169001419,90419,옥림에덴,강화군,강화군,강화읍,,37.7527305,126.4943434,valid_header_swapped,true
20260228,bus,bus:168000425,168000425,42425,온누리병원,서구,검단구,오류왕길동,,37.6029731,126.6547540,valid_header_swapped,true
20260228,bus,bus:169001231,169001231,90231,온수교차로,강화군,강화군,길상면,,37.6414711,126.4918949,valid_header_swapped,true
20260228,bus,bus:169000020,169000020,43020,온수리,강화군,강화군,길상면,,37.6390289,126.4921759,valid_header_swapped,true
20260228,bus,bus:169000018,169000018,43018,온수리,강화군,강화군,길상면,,37.6390135,126.4920830,valid_header_swapped,true
20260228,bus,bus:169000095,169000095,43095,온수시장,강화군,강화군,길상면,,37.6393314,126.4907023,valid_header_swapped,true
20260228,bus,bus:169000019,169000019,43019,온수시장,강화군,강화군,길상면,,37.6394291,126.4907561,valid_header_swapped,true
20260228,bus,bus:165000746,165000746,39746,올리브백화점,남동구,남동구,간석1동,,37.4614972,126.7081509,valid_header_swapped,true
20260228,bus,bus:165000359,165000359,39359,올리브백화점,남동구,남동구,간석2동,,37.4604762,126.7092913,valid_header_swapped,true
20260228,bus,bus:165000364,165000364,39364,올리브백화점,남동구,남동구,간석1동,,37.4611261,126.7082123,valid_header_swapped,true
20260228,bus,bus:165000747,165000747,39747,올리브백화점,남동구,남동구,간석2동,,37.4615985,126.7085439,valid_header_swapped,true
20260228,bus,bus:165000589,165000589,39589,올리브백화점,남동구,남동구,간석2동,,37.4611399,126.7085756,valid_header_swapped,true
20260228,bus,bus:165000363,165000363,39363,올리브백화점,남동구,남동구,간석2동,,37.4606065,126.7097516,valid_header_swapped,true
20260228,bus,bus:165000209,165000209,39209,올림픽공원,남동구,남동구,구월3동,,37.4496677,126.6994921,valid_header_swapped,true
20260228,bus,bus:165000210,165000210,39210,올림픽공원,남동구,남동구,구월2동,,37.4495344,126.6997323,valid_header_swapped,true
20260228,bus,bus:165000349,165000349,39349,올림픽생활기념관,남동구,남동구,구월2동,,37.4566642,126.7192925,valid_header_swapped,true
20260228,bus,bus:170000034,170000034,44034,옹암해수욕장,옹진군,옹진군,북도면,,,,missing,false
20260228,bus,bus:169000171,169000171,43171,옹장골,강화군,강화군,불은면,,37.6925332,126.4582671,valid_header_swapped,true
20260228,bus,bus:169000230,169000230,43230,옹장골,강화군,강화군,불은면,,37.6927250,126.4585056,valid_header_swapped,true
20260228,bus,bus:163000019,163000019,37019,옹진군청,미추홀구,미추홀구,용현5동,,37.4473044,126.6373286,valid_header_swapped,true
20260228,bus,bus:163000020,163000020,37020,옹진군청,미추홀구,미추홀구,용현5동,,37.4473087,126.6367912,valid_header_swapped,true
20260228,bus,bus:168000409,168000409,42409,완정공단입구,서구,검단구,마전동,,37.5965006,126.6690311,valid_header_swapped,true
20260228,bus,bus:168000561,168000561,42561,완정사거리,서구,검단구,당하동,,37.5936364,126.6716312,valid_header_swapped,true
20260228,bus,bus:168001615,168001615,89615,완정사거리,서구,검단구,마전동,,37.5942700,126.6744085,valid_header_swapped,true
20260228,bus,bus:168000562,168000562,42562,완정사거리,서구,검단구,마전동,,37.5939909,126.6714790,valid_header_swapped,true
20260228,bus,bus:168000673,168000673,42673,완정역,서구,검단구,마전동,,37.5938356,126.6731363,valid_header_swapped,true
20260228,bus,bus:168000674,168000674,42674,완정역4번출구,서구,검단구,당하동,,37.5927615,126.6734081,valid_header_swapped,true
20260228,bus,bus:168000414,168000414,42414,완정초등학교.검단도서관,서구,검단구,마전동,,37.5989201,126.6644866,valid_header_swapped,true
20260228,bus,bus:168000415,168000415,42415,완정초등학교.검단도서관,서구,검단구,검단1동,,37.5991528,126.6642629,valid_header_swapped,true
20260228,bus,bus:167000289,167000289,41289,왕궁가든,계양구,계양구,계양2동,,37.5475645,126.7313167,valid_header_swapped,true
20260228,bus,bus:167000291,167000291,41291,왕궁가든,계양구,계양구,계양2동,,37.5476713,126.7318547,valid_header_swapped,true
20260228,bus,bus:168000552,168000552,42552,왕길고가,서구,검단구,오류왕길동,,37.5839145,126.6615525,valid_header_swapped,true
20260228,bus,bus:168000551,168000551,42551,왕길고가,서구,검단구,오류왕길동,,37.5841285,126.6618632,valid_header_swapped,true
20260228,bus,bus:168000387,168000387,42387,왕길동,서구,검단구,오류왕길동,,37.5977358,126.6446854,valid_header_swapped,true
20260228,bus,bus:168000386,168000386,42386,왕길동,서구,검단구,오류왕길동,,37.5975682,126.6438445,valid_header_swapped,true
20260228,bus,bus:168000699,168000699,42699,왕길동(기점),서구,검단구,오류왕길동,,37.5810843,126.6475338,valid_header_swapped,true
20260228,bus,bus:168000594,168000594,42594,왕길동종점,서구,검단구,오류왕길동,,37.5806376,126.6474191,valid_header_swapped,true
20260228,bus,bus:168001577,168001577,89577,왕길역로열파크씨티(북측),서구,검단구,오류왕길동,,37.5979816,126.6493742,valid_header_swapped,true
20260228,bus,bus:168001578,168001578,89578,왕길역로열파크씨티(북측),서구,검단구,오류왕길동,,37.5981745,126.6493173,valid_header_swapped,true
20260228,bus,bus:168001564,168001564,89564,왕길역로열파크씨티푸르지오,서구,검단구,오류왕길동,,37.5968936,126.6515115,valid_header_swapped,true
20260228,bus,bus:168001565,168001565,89565,왕길역로열파크씨티푸르지오,서구,검단구,오류왕길동,,37.5983363,126.6513296,valid_header_swapped,true
20260228,bus,bus:169001098,169001098,90098,왕리물,강화군,강화군,강화읍,,37.7542353,126.4956567,valid_header_swapped,true
20260228,bus,bus:169001099,169001099,90099,왕리물,강화군,강화군,강화읍,,37.7541348,126.4955006,valid_header_swapped,true
20260228,bus,bus:161000491,161000491,35491,왕산골,중구,영종구,용유동,,37.4578337,126.3717120,valid_header_swapped,true
20260228,bus,bus:161000490,161000490,35490,왕산골,중구,영종구,용유동,,37.4579769,126.3719962,valid_header_swapped,true
20260228,bus,bus:161000632,161000632,35632,왕산교,중구,영종구,용유동,,37.4705598,126.3722627,valid_header_swapped,true
20260228,bus,bus:161000633,161000633,35633,왕산교,중구,영종구,용유동,,37.4706755,126.3721106,valid_header_swapped,true
20260228,bus,bus:161000403,161000403,35403,왕산차고지,중구,영종구,영종동,,37.4642875,126.3720209,valid_header_swapped,true
20260228,bus,bus:161000720,161000720,35720,왕산차고지,중구,영종구,영종동,,37.4634070,126.3719054,valid_header_swapped,true
20260228,bus,bus:161000021,161000021,35021,왕산해수욕장(왕산요트경기장),중구,영종구,용유동,,37.4551741,126.3721002,valid_header_swapped,true
20260228,bus,bus:161000020,161000020,35020,왕산해수욕장(왕산요트경기장),중구,영종구,용유동,,37.4551788,126.3718084,valid_header_swapped,true
20260228,bus,bus:170000186,170000186,44186,외1리마을회관앞,옹진군,옹진군,영흥면,,37.2405932,126.4619570,valid_header_swapped,true
20260228,bus,bus:170000096,170000096,44096,외1리마을회관앞,옹진군,옹진군,영흥면,,37.2407012,126.4619727,valid_header_swapped,true
20260228,bus,bus:170000133,170000133,44133,외1리소장골,옹진군,옹진군,영흥면,,37.2404460,126.4580330,valid_header_swapped,true
20260228,bus,bus:169000745,169000745,43745,외뜰,강화군,강화군,양사면,,37.8161972,126.4173182,valid_header_swapped,true
20260228,bus,bus:169000687,169000687,43687,외뜰,강화군,강화군,양사면,,37.8160539,126.4172438,valid_header_swapped,true
20260228,bus,bus:170000187,170000187,44187,외리보건지소앞,옹진군,옹진군,영흥면,,37.2530682,126.4615510,valid_header_swapped,true
20260228,bus,bus:170000095,170000095,44095,외리보건지소앞,옹진군,옹진군,영흥면,,37.2530922,126.4618400,valid_header_swapped,true
20260228,bus,bus:169000241,169000241,43241,외주,강화군,강화군,내가면,,37.7043142,126.3907126,valid_header_swapped,true
20260228,bus,bus:169000181,169000181,43181,외주,강화군,강화군,내가면,,37.7042197,126.3906313,valid_header_swapped,true
20260228,bus,bus:169000283,169000283,43283,외포1리,강화군,강화군,내가면,,37.7027265,126.3959534,valid_header_swapped,true
20260228,bus,bus:169000366,169000366,43366,외포고개,강화군,강화군,내가면,,37.7096449,126.3892078,valid_header_swapped,true
20260228,bus,bus:169000244,169000244,43244,외포고개,강화군,강화군,내가면,,37.7094106,126.3889906,valid_header_swapped,true
20260228,bus,bus:169000556,169000556,43556,외포리,강화군,강화군,내가면,,37.7015878,126.3794595,valid_header_swapped,true
20260228,bus,bus:169001376,169001376,90376,외포리(싱싱마트),강화군,강화군,내가면,,37.7024396,126.3809915,valid_header_swapped,true
20260228,bus,bus:169001387,169001387,90387,외포리(하나로마트),강화군,강화군,내가면,,37.7027773,126.3810767,valid_header_swapped,true
20260228,bus,bus:169001388,169001388,90388,외포리(하나로마트),강화군,강화군,내가면,,37.7030194,126.3814001,valid_header_swapped,true
20260228,bus,bus:169001128,169001128,90128,외포리소공원,강화군,강화군,내가면,,37.7084136,126.3848069,valid_header_swapped,true
20260228,bus,bus:169001127,169001127,90127,외포리소공원,강화군,강화군,내가면,,37.7084470,126.3849343,valid_header_swapped,true
20260228,bus,bus:169000240,169000240,43240,외포리정미소,강화군,강화군,내가면,,37.7027000,126.3957639,valid_header_swapped,true
20260228,bus,bus:169000110,169000110,43110,외포삼거리,강화군,강화군,내가면,,37.7025298,126.3812859,valid_header_swapped,true
20260228,bus,bus:169000285,169000285,43285,외포삼거리,강화군,강화군,내가면,,37.7026756,126.3814017,valid_header_swapped,true
20260228,bus,bus:169000762,169000762,43762,요곡,강화군,강화군,양사면,,37.8190397,126.4205798,valid_header_swapped,true
20260228,bus,bus:169000655,169000655,43655,요곡,강화군,강화군,양사면,,37.8191223,126.4204920,valid_header_swapped,true
20260228,bus,bus:169000590,169000590,43590,요골,강화군,강화군,하점면,,37.7635449,126.3658497,valid_header_swapped,true
20260228,bus,bus:169000780,169000780,43780,요골,강화군,강화군,하점면,,37.7635639,126.3659936,valid_header_swapped,true
20260228,bus,bus:166000338,166000338,40338,용갈비,부평구,부평구,부평3동,,37.4974584,126.7248966,valid_header_swapped,true
20260228,bus,bus:169001385,169001385,90385,용구물길,강화군,강화군,강화읍,,37.7513504,126.5113450,valid_header_swapped,true
20260228,bus,bus:169001386,169001386,90386,용구물길,강화군,강화군,강화읍,,37.7514243,126.5112442,valid_header_swapped,true
20260228,bus,bus:161000578,161000578,35578,용궁사입구,중구,영종구,영종동,,37.4955979,126.5344099,valid_header_swapped,true
20260228,bus,bus:161000579,161000579,35579,용궁사입구,중구,영종구,영종동,,37.4954202,126.5344385,valid_header_swapped,true
20260228,bus,bus:170000046,170000046,44046,용기포,옹진군,옹진군,백령면,,,,missing,false
20260228,bus,bus:170000055,170000055,44055,용기포신항,옹진군,옹진군,백령면,,,,missing,false
20260228,bus,bus:163000232,163000232,37232,용남시장,미추홀구,미추홀구,용현14동,,37.4525950,126.6661488,valid_header_swapped,true
20260228,bus,bus:163000236,163000236,37236,용남시장,미추홀구,미추홀구,주안2동,,37.4527829,126.6663240,valid_header_swapped,true
20260228,bus,bus:164000172,164000172,38172,용담공원,연수구,연수구,청학동,,37.4181566,126.6741827,valid_header_swapped,true
20260228,bus,bus:164000177,164000177,38177,용담공원,연수구,연수구,청학동,,37.4183182,126.6743764,valid_header_swapped,true
20260228,bus,bus:164000192,164000192,38192,용담마을,연수구,연수구,청학동,,37.4204918,126.6713079,valid_header_swapped,true
20260228,bus,bus:164000191,164000191,38191,용담마을,연수구,연수구,청학동,,37.4204066,126.6712096,valid_header_swapped,true
20260228,bus,bus:170000188,170000188,44188,용담바다낚시터,옹진군,옹진군,영흥면,,37.2418512,126.4758890,valid_header_swapped,true
20260228,bus,bus:170000132,170000132,44132,용담바다낚시터,옹진군,옹진군,영흥면,,37.2422572,126.4760490,valid_header_swapped,true
20260228,bus,bus:170000189,170000189,44189,용담어촌계앞,옹진군,옹진군,영흥면,,37.2459832,126.4806300,valid_header_swapped,true
20260228,bus,bus:170000097,170000097,44097,용담어촌계앞,옹진군,옹진군,영흥면,,37.2462552,126.4806110,valid_header_swapped,true
20260228,bus,bus:169000537,169000537,43537,용당사터,강화군,강화군,선원면,,37.7068066,126.5173591,valid_header_swapped,true
20260228,bus,bus:169000677,169000677,43677,용당사터,강화군,강화군,선원면,,37.7067975,126.5170457,valid_header_swapped,true
20260228,bus,bus:277103810,277103810,70216,용도수목원(미정차),코드정보 없음,코드정보 없음,매화동,,37.4193039,126.8286812,valid_header_swapped,false
20260228,bus,bus:277103811,277103811,70202,용도수목원(미정차),코드정보 없음,코드정보 없음,매화동,,37.4192703,126.8291217,valid_header_swapped,false
20260228,bus,bus:232000269,232000269,80155,용산동입구,코드정보 없음,코드정보 없음,대곶면,,37.6557004,126.6052872,valid_header_swapped,false
20260228,bus,bus:161000017,161000017,35017,용유동행정복지센터,중구,영종구,용유동,,37.4434135,126.4015361,valid_header_swapped,true
20260228,bus,bus:161000411,161000411,35411,용유동행정복지센터,중구,영종구,용유동,,37.4445608,126.4029821,valid_header_swapped,true
20260228,bus,bus:161000412,161000412,35412,용유동행정복지센터,중구,영종구,용유동,,37.4443633,126.4026809,valid_header_swapped,true
20260228,bus,bus:161000211,161000211,35211,용유동행정복지센터,중구,영종구,용유동,,37.4434562,126.4015728,valid_header_swapped,true
20260228,bus,bus:161000433,161000433,35433,용유역,중구,영종구,용유동,,37.4255965,126.4229269,valid_header_swapped,true
20260228,bus,bus:161000023,161000023,35023,용유초등학교,중구,영종구,용유동,,37.4471940,126.4113388,valid_header_swapped,true
20260228,bus,bus:161000022,161000022,35022,용유초등학교,중구,영종구,용유동,,37.4470514,126.4116360,valid_header_swapped,true
20260228,bus,bus:161000409,161000409,35409,용유초등학교,중구,영종구,용유동,,37.4461776,126.4117588,valid_header_swapped,true
20260228,bus,bus:161000410,161000410,35410,용유초등학교삼거리,중구,영종구,용유동,,37.4461251,126.4103909,valid_header_swapped,true
20260228,bus,bus:163000208,163000208,37208,용일사거리,미추홀구,미추홀구,주안3동,,37.4508809,126.6674366,valid_header_swapped,true
20260228,bus,bus:163000218,163000218,37218,용일사거리,미추홀구,미추홀구,용현14동,,37.4514651,126.6672239,valid_header_swapped,true
20260228,bus,bus:163000251,163000251,37251,용일사거리북측,미추홀구,미추홀구,주안2동,,37.4533102,126.6681751,valid_header_swapped,true
20260228,bus,bus:163000233,163000233,37233,용일초등학교,미추홀구,미추홀구,용현14동,,37.4535968,126.6629593,valid_header_swapped,true
20260228,bus,bus:163000237,163000237,37237,용일초등학교,미추홀구,미추홀구,용현14동,,37.4534439,126.6642657,valid_header_swapped,true
20260228,bus,bus:169000721,169000721,43721,용정리 사거리,강화군,강화군,강화읍,,37.7491576,126.5130765,valid_header_swapped,true
20260228,bus,bus:169000615,169000615,43615,용정마을회관,강화군,강화군,강화읍,,37.7473222,126.5114072,valid_header_swapped,true
20260228,bus,bus:169000370,169000370,43370,용정마을회관,강화군,강화군,강화읍,,37.7473075,126.5115349,valid_header_swapped,true
20260228,bus,bus:163000297,163000297,37297,용정초등학교,미추홀구,미추홀구,숭의4동,,37.4597679,126.6593643,valid_header_swapped,true
20260228,bus,bus:163000299,163000299,37299,용정초등학교,미추홀구,미추홀구,숭의4동,,37.4601996,126.6588000,valid_header_swapped,true
20260228,bus,bus:169000085,169000085,43085,용진주택,강화군,강화군,강화읍,,37.7399035,126.5051289,valid_header_swapped,true
20260228,bus,bus:169000084,169000084,43084,용진주택,강화군,강화군,강화읍,,37.7400709,126.5053511,valid_header_swapped,true
20260228,bus,bus:169000678,169000678,43678,용진진,강화군,강화군,선원면,,37.7099810,126.5144078,valid_header_swapped,true
20260228,bus,bus:169000639,169000639,43639,용진진,강화군,강화군,선원면,,37.7098264,126.5143277,valid_header_swapped,true
20260228,bus,bus:163000653,163000653,37653,용현2동행정복지센터,미추홀구,미추홀구,용현2동,,37.4561879,126.6440275,valid_header_swapped,true
20260228,bus,bus:163000654,163000654,37654,용현2동행정복지센터,미추홀구,미추홀구,용현2동,,37.4560082,126.6439742,valid_header_swapped,true
20260228,bus,bus:163000221,163000221,37221,용현3동행정복지센터.보훈병원,미추홀구,미추홀구,용현3동,,37.4563526,126.6516157,valid_header_swapped,true
20260228,bus,bus:163000224,163000224,37224,용현3동행정복지센터.보훈병원,미추홀구,미추홀구,용현3동,,37.4565479,126.6515819,valid_header_swapped,true
20260228,bus,bus:163000129,163000129,37129,용현5동행정복지센터,미추홀구,미추홀구,용현5동,,37.4530427,126.6403575,valid_header_swapped,true
20260228,bus,bus:163000611,163000611,37611,용현고가교,미추홀구,미추홀구,용현14동,,37.4517809,126.6489746,valid_header_swapped,true
20260228,bus,bus:163000550,163000550,37550,용현고가교,미추홀구,미추홀구,용현14동,,37.4520159,126.6503805,valid_header_swapped,true
20260228,bus,bus:163000497,163000497,37497,용현고개·용현자이크레스트,미추홀구,미추홀구,용현3동,,37.4544252,126.6490653,valid_header_swapped,true
20260228,bus,bus:163000178,163000178,37178,용현고개·용현자이크레스트,미추홀구,미추홀구,용현2동,,37.4543721,126.6487075,valid_header_swapped,true
20260228,bus,bus:163000117,163000117,37117,용현동농협,미추홀구,미추홀구,용현5동,,37.4527973,126.6383086,valid_header_swapped,true
20260228,bus,bus:163000564,163000564,37564,용현동상우빌라,미추홀구,미추홀구,용현14동,,37.4555978,126.6647285,valid_header_swapped,true
20260228,bus,bus:163000565,163000565,37565,용현동상우빌라,미추홀구,미추홀구,용현14동,,37.4556525,126.6646852,valid_header_swapped,true
20260228,bus,bus:163000546,163000546,37546,용현동성원상떼빌아파트,미추홀구,미추홀구,용현2동,,37.4527048,126.6454482,valid_header_swapped,true
20260228,bus,bus:163000213,163000213,37213,용현사거리,미추홀구,미추홀구,용현2동,,37.4567892,126.6489624,valid_header_swapped,true
20260228,bus,bus:163000212,163000212,37212,용현사거리,미추홀구,미추홀구,용현2동,,37.4568671,126.6481716,valid_header_swapped,true
20260228,bus,bus:163000227,163000227,37227,용현시장,미추홀구,미추홀구,용현3동,,37.4574825,126.6496922,valid_header_swapped,true
20260228,bus,bus:163000268,163000268,37268,용현시장,미추홀구,미추홀구,용현3동,,37.4583076,126.6541326,valid_header_swapped,true
20260228,bus,bus:163000230,163000230,37230,용현시장,미추홀구,미추홀구,용현2동,,37.4576644,126.6493408,valid_header_swapped,true
20260228,bus,bus:163000270,163000270,37270,용현시장,미추홀구,미추홀구,용현3동,,37.4586547,126.6537603,valid_header_swapped,true
20260228,bus,bus:163000153,163000153,37153,용현아파트,미추홀구,미추홀구,용현5동,,37.4544923,126.6410240,valid_header_swapped,true
20260228,bus,bus:163000220,163000220,37220,용현엘크루윈드포레,미추홀구,미추홀구,용현2동,,37.4581633,126.6453516,valid_header_swapped,true
20260228,bus,bus:163000642,163000642,37642,용현엘크루윈드포레,미추홀구,미추홀구,숭의2동,,37.4582946,126.6455616,valid_header_swapped,true
20260228,bus,bus:163000646,163000646,37646,용현엘크루윈드포레,미추홀구,미추홀구,용현2동,,37.4579126,126.6433430,valid_header_swapped,true
20260228,bus,bus:163000021,163000021,37021,용현중학교,미추홀구,미추홀구,용현5동,,37.4471513,126.6384312,valid_header_swapped,true
20260228,bus,bus:163000028,163000028,37028,용현중학교,미추홀구,미추홀구,용현5동,,37.4477963,126.6388791,valid_header_swapped,true
20260228,bus,bus:163000508,163000508,37508,용현초등학교,미추홀구,미추홀구,용현5동,,37.4533119,126.6422387,valid_header_swapped,true
20260228,bus,bus:163000134,163000134,37134,용현초등학교입구,미추홀구,미추홀구,용현5동,,37.4539203,126.6391687,valid_header_swapped,true
20260228,bus,bus:163000128,163000128,37128,용현초등학교입구,미추홀구,미추홀구,용현5동,,37.4533795,126.6389272,valid_header_swapped,true
20260228,bus,bus:169001080,169001080,90080,용화사(길상낚시터),강화군,강화군,길상면,,37.6246725,126.5032339,valid_header_swapped,true
20260228,bus,bus:169001077,169001077,90077,용화사(길상낚시터),강화군,강화군,길상면,,37.6251613,126.5014185,valid_header_swapped,true
20260228,bus,bus:169001482,169001482,90482,용흥궁공원,강화군,강화군,강화읍,,37.7483172,126.4848328,valid_header_swapped,true
20260228,bus,bus:169001483,169001483,90483,용흥궁공원,강화군,강화군,강화읍,,37.7483688,126.4847596,valid_header_swapped,true
20260228,bus,bus:169000792,169000792,43792,우뢰촌,강화군,강화군,송해면,,37.7904109,126.4755265,valid_header_swapped,true
20260228,bus,bus:169000425,169000425,43425,우뢰촌,강화군,강화군,송해면,,37.7905118,126.4755194,valid_header_swapped,true
20260228,bus,bus:169001475,169001475,90475,우리마을앞,강화군,강화군,송해면,,37.7593545,126.4744367,valid_header_swapped,true
20260228,bus,bus:169001457,169001457,90457,우리마을앞,강화군,강화군,송해면,,37.7593971,126.4743911,valid_header_swapped,true
20260228,bus,bus:161000223,161000223,35223,우리자동차,중구,제물포구,연안동,,37.4542487,126.6095644,valid_header_swapped,true
20260228,bus,bus:166000594,166000594,40594,우림라이온스밸리,부평구,부평구,청천2동,,37.5166146,126.7205735,valid_header_swapped,true
20260228,bus,bus:166000592,166000592,40592,우림라이온스밸리,부평구,부평구,청천2동,,37.5164540,126.7202338,valid_header_swapped,true
20260228,bus,bus:168000925,168000925,42925,우림필유아파트,서구,서해구,석남2동,,37.5020842,126.6678557,valid_header_swapped,true
20260228,bus,bus:168000924,168000924,42924,우림필유아파트,서구,서해구,석남2동,,37.5020970,126.6680768,valid_header_swapped,true
20260228,bus,bus:170000109,170000109,44109,우무동골,옹진군,옹진군,영흥면,,,,missing,false
20260228,bus,bus:169000930,169000930,43930,우물골,강화군,강화군,양도면,,37.6805293,126.4186803,valid_header_swapped,true
20260228,bus,bus:169000929,169000929,43929,우물골,강화군,강화군,양도면,,37.6804867,126.4187776,valid_header_swapped,true
20260228,bus,bus:232000549,232000549,35494,우미린.반도유보라아파트,계양구,계양구,장기동,,,,missing,false
20260228,bus,bus:161000584,161000584,35584,우미린1단지정문,중구,영종구,영종동,,37.4931639,126.5582514,valid_header_swapped,true
20260228,bus,bus:161000461,161000461,35461,우미린1단지후문,중구,영종구,영종동,,37.4939127,126.5551474,valid_header_swapped,true
20260228,bus,bus:161000513,161000513,35513,우미린2단지정문,중구,영종구,영종동,,37.4881672,126.5551964,valid_header_swapped,true
20260228,bus,bus:161000512,161000512,35512,우미린2단지정문,중구,영종구,영종동,,37.4883575,126.5554961,valid_header_swapped,true
20260228,bus,bus:161000454,161000454,35454,우미린2단지후문,중구,영종구,영종동,,37.4866291,126.5559431,valid_header_swapped,true
20260228,bus,bus:168001443,168001443,89443,우미린더시그니처(후문),서구,검단구,원당동,,37.5967693,126.7098499,valid_header_swapped,true
20260228,bus,bus:164000094,164000094,38094,우성1차아파트,연수구,연수구,연수2동,,37.4092212,126.6815275,valid_header_swapped,true
20260228,bus,bus:165000834,165000834,39834,우성1차아파트,남동구,남동구,간석4동,,37.4668200,126.6930118,valid_header_swapped,true
20260228,bus,bus:164000356,164000356,38356,우성2차아파트(옥련동),연수구,연수구,옥련1동,,37.4226824,126.6497917,valid_header_swapped,true
20260228,bus,bus:164000150,164000150,38150,우성2차아파트·원인재역(4번출구),연수구,연수구,연수2동,,37.4131828,126.6856393,valid_header_swapped,true
20260228,bus,bus:166000187,166000187,40187,우성4차,부평구,부평구,부평3동,,37.4947642,126.7075176,valid_header_swapped,true
20260228,bus,bus:166000185,166000185,40185,우성4차,부평구,부평구,산곡3동,,37.4946758,126.7074567,valid_header_swapped,true
20260228,bus,bus:166000730,166000730,40730,우성4차후문,부평구,부평구,산곡3동,,37.4960655,126.7074555,valid_header_swapped,true
20260228,bus,bus:166000731,166000731,40731,우성4차후문,부평구,부평구,산곡3동,,37.4960630,126.7073707,valid_header_swapped,true
20260228,bus,bus:166000341,166000341,40341,우성아파트,부평구,부평구,산곡4동,,37.5003761,126.7160001,valid_header_swapped,true
20260228,bus,bus:164000357,164000357,38357,우성아파트,연수구,연수구,옥련1동,,37.4226204,126.6497988,valid_header_swapped,true
20260228,bus,bus:164000143,164000143,38143,우성아파트,연수구,연수구,옥련1동,,37.4243711,126.6476682,valid_header_swapped,true
20260228,bus,bus:168000718,168000718,42718,우성아파트,서구,서해구,연희동,,37.5524918,126.6716311,valid_header_swapped,true
20260228,bus,bus:168000717,168000717,42717,우성아파트,서구,서해구,연희동,,37.5521958,126.6716538,valid_header_swapped,true
20260228,bus,bus:224000379,224000379,70026,우성아파트.은행교회,코드정보 없음,코드정보 없음,대야동,,37.4474457,126.7951882,valid_header_swapped,false
20260228,bus,bus:232000022,232000022,35214,우저서원(대성주유소),기타,기타,감정동,,37.6252895,126.6966029,valid_header_swapped,false
20260228,bus,bus:232000017,232000017,35215,우저서원(대성주유소),기타,기타,감정동,,37.6251740,126.6969010,valid_header_swapped,false
20260228,bus,bus:163000675,163000675,37675,우정아파트,미추홀구,미추홀구,주안5동,,37.4694425,126.6843261,valid_header_swapped,true
20260228,bus,bus:166000864,166000864,40864,우주골드타운빌라,부평구,부평구,십정2동,,37.4732645,126.7031720,valid_header_swapped,true
20260228,bus,bus:166000863,166000863,40863,우주골드타운빌라,부평구,부평구,십정2동,,37.4731060,126.7034122,valid_header_swapped,true
20260228,bus,bus:164000252,164000252,38252,우주아파트·인천생활과학고등학교,연수구,연수구,연수1동,,37.4226431,126.6795923,valid_header_swapped,true
20260228,bus,bus:163000697,163000697,37697,우진3차아파트,미추홀구,미추홀구,숭의2동,,37.4590144,126.6458481,valid_header_swapped,true
20260228,bus,bus:168001106,168001106,89106,우진기계,서구,서해구,검암경서동,,37.5486504,126.6439707,valid_header_swapped,true
20260228,bus,bus:165000695,165000695,39695,우체국사거리,남동구,남동구,논현고잔동,,37.3924136,126.7279310,valid_header_swapped,true
20260228,bus,bus:165000704,165000704,39704,우체국사거리,남동구,남동구,논현고잔동,,37.3933857,126.7269797,valid_header_swapped,true
20260228,bus,bus:165000694,165000694,39694,우체국사거리,남동구,남동구,논현고잔동,,37.3934858,126.7263624,valid_header_swapped,true
20260228,bus,bus:166000877,166000877,40877,욱일아파트후문,부평구,부평구,부평1동,,37.5006716,126.7162392,valid_header_swapped,true
20260228,bus,bus:161000435,161000435,35435,운남교차로,중구,영종구,영종동,,37.4999955,126.5400554,valid_header_swapped,true
20260228,bus,bus:161000444,161000444,35444,운남교차로,중구,영종구,영종동,,37.5001656,126.5401645,valid_header_swapped,true
20260228,bus,bus:161000582,161000582,35582,운남교차로,중구,영종구,영종동,,37.5000451,126.5377747,valid_header_swapped,true
20260228,bus,bus:161000524,161000524,35524,운남교차로,중구,영종구,영종동,,37.5000736,126.5376072,valid_header_swapped,true
20260228,bus,bus:161000839,161000839,35839,운남교차로 입구,중구,영종구,영종동,,37.5014846,126.5380562,valid_header_swapped,true
20260228,bus,bus:161000840,161000840,35840,운남교차로 입구,중구,영종구,영종동,,37.5013992,126.5379149,valid_header_swapped,true
20260228,bus,bus:161000595,161000595,35595,운남교차로.잔다리,중구,영종구,영종동,,37.5011773,126.5369950,valid_header_swapped,true
20260228,bus,bus:161000596,161000596,35596,운남교차로.잔다리,중구,영종구,영종동,,37.5009242,126.5368036,valid_header_swapped,true
20260228,bus,bus:161000281,161000281,35281,운남동,중구,영종구,영종동,,37.4815998,126.5174514,valid_header_swapped,true
20260228,bus,bus:161000268,161000268,35268,운남동,중구,영종구,영종동,,37.4810647,126.5173279,valid_header_swapped,true
20260228,bus,bus:161000848,161000848,35848,운남동우체국,중구,영종구,영종동,,37.4759844,126.5260451,valid_header_swapped,true
20260228,bus,bus:161000849,161000849,35849,운남동우체국,중구,영종구,영종동,,37.4753097,126.5251174,valid_header_swapped,true
20260228,bus,bus:161000707,161000707,35707,운남초교사거리,중구,영종구,영종동,,37.4917880,126.5296644,valid_header_swapped,true
20260228,bus,bus:161000706,161000706,35706,운남초교사거리,중구,영종구,영종동,,37.4918462,126.5299038,valid_header_swapped,true
20260228,bus,bus:161000783,161000783,35783,운북공영차고지,중구,영종구,운북동,,37.5088673,126.4999875,valid_header_swapped,true
20260228,bus,bus:161000779,161000779,35779,운북공영차고지,중구,영종구,운북동,,37.5086386,126.4995866,valid_header_swapped,true
20260228,bus,bus:161000600,161000600,35600,운서2동행정복지센터,중구,영종구,영종동,,37.4930899,126.4977998,valid_header_swapped,true
20260228,bus,bus:161000599,161000599,35599,운서2동행정복지센터,중구,영종구,영종동,,37.4935959,126.4977365,valid_header_swapped,true
20260228,bus,bus:161000883,161000883,35883,운서2차SKVIEW스카이시티,중구,영종구,운서동,,37.4793432,126.5030794,valid_header_swapped,true
20260228,bus,bus:161000882,161000882,35882,운서2차SKVIEW스카이시티,중구,영종구,운서동,,37.4796998,126.5031491,valid_header_swapped,true
20260228,bus,bus:161000780,161000780,35780,운서SKVIEW  스카이시티,중구,영종구,운서동,,37.4823308,126.5025856,valid_header_swapped,true
20260228,bus,bus:161000781,161000781,35781,운서SKVIEW·세계로향하는교회,중구,영종구,운서동,,37.4821803,126.5028746,valid_header_swapped,true
20260228,bus,bus:161000495,161000495,35495,운서SKVIEW스카이시티후문,중구,영종구,영종동,,37.4834339,126.4998165,valid_header_swapped,true
20260228,bus,bus:161000242,161000242,35242,운서역,중구,영종구,운서동,,37.4940241,126.4931985,valid_header_swapped,true
20260228,bus,bus:161000257,161000257,35257,운서역,중구,영종구,운서동,,37.4940922,126.4929046,valid_header_swapped,true
20260228,bus,bus:161000775,161000775,35775,운서역(남동측),중구,영종구,운서동,,37.4913640,126.4973885,valid_header_swapped,true
20260228,bus,bus:161000776,161000776,35776,운서역(남동측),중구,영종구,운서동,,37.4911490,126.4977200,valid_header_swapped,true
20260228,bus,bus:161000747,161000747,35747,운서역(하워드존슨호텔),중구,영종구,운서동,,37.4931121,126.4921480,valid_header_swapped,true
20260228,bus,bus:161000482,161000482,35482,운서역금강펜테리움아파트,중구,영종구,영종동,,37.4891482,126.5033181,valid_header_swapped,true
20260228,bus,bus:161000879,161000879,35879,운서역반도유보라,중구,영종구,운서동,,37.4891340,126.4973480,valid_header_swapped,true
20260228,bus,bus:161000878,161000878,35878,운서역반도유보라,중구,영종구,운서동,,37.4889974,126.4970521,valid_header_swapped,true
20260228,bus,bus:161000923,161000923,35923,운서중.과학고.국제고,중구,영종구,운서동,,37.4905257,126.5056851,valid_header_swapped,true
20260228,bus,bus:161000282,161000282,35282,운서초등학교,중구,영종구,영종동,,37.4829980,126.5107572,valid_header_swapped,true
20260228,bus,bus:161000270,161000270,35270,운서초등학교,중구,영종구,영종동,,37.4831931,126.5104206,valid_header_swapped,true
20260228,bus,bus:232000727,232000727,80348,운양역,기타,기타,김포2동,,37.6537145,126.6852200,valid_header_swapped,false
20260228,bus,bus:232000726,232000726,80351,운양역,기타,기타,김포2동,,37.6538339,126.6824072,valid_header_swapped,false
20260228,bus,bus:165000374,165000374,39374,운연동,남동구,남동구,장수서창동,,37.4430414,126.7664361,valid_header_swapped,true
20260228,bus,bus:165000673,165000673,39673,운연동,남동구,남동구,장수서창동,,37.4371786,126.7668582,valid_header_swapped,true
20260228,bus,bus:165000379,165000379,39379,운연동,남동구,남동구,장수서창동,,37.4433545,126.7665946,valid_header_swapped,true
20260228,bus,bus:165000987,165000987,39987,운연삼거리,남동구,남동구,장수서창동,,37.4452134,126.7610909,valid_header_swapped,true
20260228,bus,bus:165000988,165000988,39988,운연삼거리,남동구,남동구,장수서창동,,37.4448213,126.7610993,valid_header_swapped,true
20260228,bus,bus:165000954,165000954,39954,운연역,남동구,남동구,장수서창동,,37.4384234,126.7595744,valid_header_swapped,true
20260228,bus,bus:165001026,165001026,92026,운연역,남동구,남동구,장수서창동,,37.4381007,126.7601808,valid_header_swapped,true
20260228,bus,bus:165001028,165001028,92028,운연천,남동구,남동구,장수서창동,,37.4433294,126.7632302,valid_header_swapped,true
20260228,bus,bus:165001027,165001027,92027,운연천,남동구,남동구,장수서창동,,37.4432816,126.7630058,valid_header_swapped,true
20260228,bus,bus:165000005,165000005,39005,운전면허시험장,남동구,남동구,논현고잔동,,37.3832848,126.7067966,valid_header_swapped,true
20260228,bus,bus:169000179,169000179,43179,울레기,강화군,강화군,선원면,,37.7146910,126.4672907,valid_header_swapped,true
20260228,bus,bus:169000548,169000548,43548,울레기,강화군,강화군,선원면,,37.7145597,126.4673208,valid_header_swapped,true
20260228,bus,bus:169001170,169001170,90170,웃말,강화군,강화군,삼산면,,37.6721712,126.3394854,valid_header_swapped,true
20260228,bus,bus:169001169,169001169,90169,웃말,강화군,강화군,삼산면,,37.6720524,126.3398031,valid_header_swapped,true
20260228,bus,bus:168000459,168000459,42459,원당고등학교,서구,검단구,검단3동,,37.5962103,126.7010753,valid_header_swapped,true
20260228,bus,bus:168001485,168001485,89485,원당교,서구,검단구,원당동,,37.5936156,126.7237500,valid_header_swapped,true
20260228,bus,bus:168001486,168001486,89486,원당교,서구,검단구,원당동,,37.5938432,126.7239044,valid_header_swapped,true
20260228,bus,bus:168000447,168000447,42447,원당사거리.검단선사박물관,서구,검단구,원당동,,37.5935284,126.7000064,valid_header_swapped,true
20260228,bus,bus:168000446,168000446,42446,원당사거리.검단선사박물관,서구,검단구,원당동,,37.5932437,126.6999034,valid_header_swapped,true
20260228,bus,bus:168000462,168000462,42462,원당중고등학교,서구,검단구,원당동,,37.5972283,126.7005388,valid_header_swapped,true
20260228,bus,bus:168000460,168000460,42460,원당중고등학교,서구,검단구,원당동,,37.5972047,126.7006815,valid_header_swapped,true
20260228,bus,bus:165000657,165000657,39657,원동초등학교,남동구,남동구,논현고잔동,,37.3962151,126.7303914,valid_header_swapped,true
20260228,bus,bus:165000656,165000656,39656,원동초등학교,남동구,남동구,논현고잔동,,37.3959361,126.7304369,valid_header_swapped,true
20260228,bus,bus:161000434,161000434,35434,원성골,중구,영종구,영종동,,37.5022909,126.5334264,valid_header_swapped,true
20260228,bus,bus:161000445,161000445,35445,원성골,중구,영종구,영종동,,37.5025663,126.5336165,valid_header_swapped,true
20260228,bus,bus:169001251,169001251,90251,원수리마을,강화군,강화군,삼산면,,37.6996109,126.3376685,valid_header_swapped,true
20260228,bus,bus:169001252,169001252,90252,원수리마을,강화군,강화군,삼산면,,37.6994921,126.3376383,valid_header_swapped,true
20260228,bus,bus:164000162,164000162,38162,원인재역(1번출구),연수구,연수구,연수2동,,37.4133780,126.6893767,valid_header_swapped,true
20260228,bus,bus:164000153,164000153,38153,원인재역(4번출구),연수구,연수구,연수2동,,37.4128229,126.6866467,valid_header_swapped,true
20260228,bus,bus:164000166,164000166,38166,원인재역(6번출구),연수구,연수구,연수2동,,37.4131130,126.6883911,valid_header_swapped,true
20260228,bus,bus:166000822,166000822,40822,원적산터널,부평구,부평구,산곡1동,,37.5087399,126.7003867,valid_header_swapped,true
20260228,bus,bus:166000821,166000821,40821,원적산터널,부평구,부평구,산곡1동,,37.5090871,126.7002332,valid_header_swapped,true
20260228,bus,bus:168000666,168000666,42666,원적산터널서측,서구,서해구,석남3동,,37.5060043,126.6792632,valid_header_swapped,true
20260228,bus,bus:168000667,168000667,42667,원적산터널서측,서구,서해구,석남3동,,37.5063166,126.6792552,valid_header_swapped,true
20260228,bus,bus:212000385,212000385,57047,원종IC(중),코드정보 없음,코드정보 없음,원종1동,,37.5328553,126.8032261,valid_header_swapped,false
20260228,bus,bus:212000386,212000386,57046,원종IC(중),코드정보 없음,코드정보 없음,원종1동,,37.5321794,126.8015709,valid_header_swapped,false
20260228,bus,bus:168001010,168001010,89003,원진운수차고지,서구,서해구,신현원창동,,37.5180488,126.6543286,valid_header_swapped,true
20260228,bus,bus:168001011,168001011,89004,원진운수차고지,서구,서해구,신현원창동,,37.5182488,126.6543107,valid_header_swapped,true
20260228,bus,bus:168001144,168001144,89144,원창동(기점),서구,서해구,신현원창동,,37.5203135,126.6592537,valid_header_swapped,true
20260228,bus,bus:168001143,168001143,89143,원창동(기점),서구,서해구,신현원창동,,37.5207805,126.6590708,valid_header_swapped,true
20260228,bus,bus:168000183,168000183,42183,원창동(종점),서구,서해구,신현원창동,,37.5181631,126.6579030,valid_header_swapped,true
20260228,bus,bus:168000184,168000184,42184,원창동(종점),서구,서해구,신현원창동,,37.5180058,126.6578454,valid_header_swapped,true
20260228,bus,bus:168001515,168001515,89515,원창동차고지,서구,서해구,원창동,,37.5179416,126.6575210,valid_header_swapped,true
20260228,bus,bus:168001505,168001505,89505,원창로89번길,서구,서해구,원창동,,37.5204802,126.6590779,valid_header_swapped,true
20260228,bus,bus:168000793,168000793,42793,원흥아파트,서구,검단구,오류왕길동,,37.5991692,126.6508251,valid_header_swapped,true
20260228,bus,bus:164000131,164000131,38131,원흥아파트,연수구,연수구,옥련2동,,37.4247468,126.6444610,valid_header_swapped,true
20260228,bus,bus:164000336,164000336,38336,원흥아파트,연수구,연수구,옥련2동,,37.4247956,126.6447730,valid_header_swapped,true
20260228,bus,bus:169000619,169000619,43619,월곳삼거리,강화군,강화군,강화읍,,37.7788959,126.5029830,valid_header_swapped,true
20260228,bus,bus:169000188,169000188,43188,월곳삼거리,강화군,강화군,강화읍,,37.7790418,126.5030212,valid_header_swapped,true
20260228,bus,bus:224001077,224001077,70002,월곶,기타,기타,군자동,,37.3856732,126.7428638,valid_header_swapped,false
20260228,bus,bus:277103296,277103296,70213,월곶JC(미정차),코드정보 없음,코드정보 없음,군자동,,37.3877596,126.7532223,valid_header_swapped,false
20260228,bus,bus:277103297,277103297,70207,월곶JC(미정차),코드정보 없음,코드정보 없음,군자동,,37.3872882,126.7529616,valid_header_swapped,false
20260228,bus,bus:224000126,224000126,70006,월곶동주민센터.월곶포구,코드정보 없음,코드정보 없음,군자동,,37.3885309,126.7396145,valid_header_swapped,false
20260228,bus,bus:224000095,224000095,70005,월곶동주민센터.월곶포구,코드정보 없음,코드정보 없음,군자동,,37.3884027,126.7393807,valid_header_swapped,false
20260228,bus,bus:224000867,224000867,25862,월곶동풍림아파트,기타,기타,월곶동,,,,missing,false
20260228,bus,bus:169001463,169001463,90463,월곶리,강화군,강화군,강화읍,,37.7643741,126.4994752,valid_header_swapped,true
20260228,bus,bus:224001162,224001162,25095,월곶어울림센터,기타,기타,월곶동,,37.3885882,126.7425403,valid_header_swapped,false
20260228,bus,bus:224000093,224000093,25204,월곶역,기타,기타,월곶동,,,,missing,false
20260228,bus,bus:224001080,224001080,70030,월곶풍림아파트3차,코드정보 없음,코드정보 없음,군자동,,37.3856937,126.7427601,valid_header_swapped,false
20260228,bus,bus:168000161,168000161,42161,월드메르디앙아파트,서구,서해구,석남1동,,37.5115991,126.6686467,valid_header_swapped,true
20260228,bus,bus:168000163,168000163,42163,월드메르디앙아파트,서구,서해구,석남1동,,37.5121329,126.6684404,valid_header_swapped,true
20260228,bus,bus:168000499,168000499,42499,월드아파트,서구,검단구,불로대곡동,,37.6188678,126.6901355,valid_header_swapped,true
20260228,bus,bus:168000500,168000500,42500,월드아파트,서구,검단구,불로대곡동,,37.6188524,126.6906299,valid_header_swapped,true
20260228,bus,bus:161000572,161000572,35572,월미공원,중구,제물포구,북성동,,37.4722595,126.6071728,valid_header_swapped,true
20260228,bus,bus:161000138,161000138,35138,월미공원,중구,제물포구,북성동,,37.4721723,126.6068790,valid_header_swapped,true
20260228,bus,bus:161000346,161000346,35346,월미공원역,중구,제물포구,북성동,,37.4764733,126.6064127,valid_header_swapped,true
20260228,bus,bus:161000345,161000345,35345,월미공원역,중구,제물포구,북성동,,37.4766803,126.6063908,valid_header_swapped,true
20260228,bus,bus:161000148,161000148,35148,월미도,중구,제물포구,북성동,,37.4768956,126.5999123,valid_header_swapped,true
20260228,bus,bus:161000144,161000144,35144,월미도(시티투어),중구,제물포구,북성동,,37.4768055,126.5996712,valid_header_swapped,true
20260228,bus,bus:161000897,161000897,35897,월미도기점,중구,제물포구,북성동,,37.4749843,126.5998120,valid_header_swapped,true
20260228,bus,bus:161000558,161000558,35558,월미도문화관,중구,제물포구,북성동,,37.4776186,126.6012669,valid_header_swapped,true
20260228,bus,bus:161000368,161000368,35368,월미도종점,중구,제물포구,북성동,,37.4748797,126.5996635,valid_header_swapped,true
20260228,bus,bus:161000132,161000132,35132,월미문화의거리,중구,제물포구,북성동,,37.4729922,126.5983793,valid_header_swapped,true
20260228,bus,bus:161000219,161000219,35219,월미문화의거리,중구,제물포구,북성동,,37.4731077,126.5983340,valid_header_swapped,true
20260228,bus,bus:169001041,169001041,90041,월선포,강화군,강화군,교동면,,37.7749991,126.3171510,valid_header_swapped,true
20260228,bus,bus:169001040,169001040,90040,월선포,강화군,강화군,교동면,,37.7750050,126.3169915,valid_header_swapped,true
20260228,bus,bus:224000127,224000127,70004,월포초등학교,코드정보 없음,코드정보 없음,군자동,,37.3876956,126.7416963,valid_header_swapped,false
20260228,bus,bus:113000476,113000476,23077,웨딩타운,코드정보 없음,코드정보 없음,북아현2동,,37.5570078,126.9508283,outside_incheon_bounds,false
20260228,bus,bus:113000475,113000475,22061,웨딩타운,코드정보 없음,코드정보 없음,북아현2동,,37.5572786,126.9526701,outside_incheon_bounds,false
20260228,bus,bus:168000772,168000772,42772,웰카운티,서구,서해구,청라1동,,37.5349090,126.6566067,valid_header_swapped,true
20260228,bus,bus:164000353,164000353,38353,웰카운티,연수구,연수구,송도1동,,37.3799777,126.6476337,valid_header_swapped,true
20260228,bus,bus:164000352,164000352,38352,웰카운티,연수구,연수구,송도1동,,37.3800519,126.6472829,valid_header_swapped,true
20260228,bus,bus:168001183,168001183,89183,웰카운티17단지,서구,서해구,청라1동,,37.5396763,126.6595888,valid_header_swapped,true
20260228,bus,bus:168001182,168001182,89182,웰카운티17단지,서구,서해구,청라1동,,37.5389330,126.6599470,valid_header_swapped,true
20260228,bus,bus:164000650,164000650,38648,웰카운티1단지,연수구,연수구,송도1동,,37.3755936,126.6501815,valid_header_swapped,true
20260228,bus,bus:168000764,168000764,42764,웰카운티1차,서구,서해구,청라1동,,37.5385115,126.6565784,valid_header_swapped,true
20260228,bus,bus:168000746,168000746,42746,웰카운티1차,서구,서해구,청라1동,,37.5387187,126.6563509,valid_header_swapped,true
20260228,bus,bus:164000711,164000711,38709,웰카운티2단지,연수구,연수구,송도1동,,37.3778793,126.6524449,valid_header_swapped,true
20260228,bus,bus:164000447,164000447,38447,웰카운티4단지,연수구,연수구,송도1동,,37.3802898,126.6434095,valid_header_swapped,true
20260228,bus,bus:164000446,164000446,38446,웰카운티4단지,연수구,연수구,송도1동,,37.3810896,126.6435057,valid_header_swapped,true
20260228,bus,bus:169000839,169000839,43839,윗말,강화군,강화군,양사면,,37.7971199,126.3910324,valid_header_swapped,true
20260228,bus,bus:169000488,169000488,43488,윗말,강화군,강화군,양사면,,37.7968845,126.3912064,valid_header_swapped,true
20260228,bus,bus:169000578,169000578,43578,윗망월,강화군,강화군,하점면,,37.7499960,126.3707426,valid_header_swapped,true
20260228,bus,bus:169000335,169000335,43335,윗망월,강화군,강화군,하점면,,37.7500926,126.3705832,valid_header_swapped,true
20260228,bus,bus:168000113,168000113,42113,유니온프라자,서구,서해구,가좌3동,,37.4960136,126.6832437,valid_header_swapped,true
20260228,bus,bus:169001476,169001476,90476,유니전자앞,강화군,강화군,송해면,,37.7575608,126.4726747,valid_header_swapped,true
20260228,bus,bus:169001458,169001458,90458,유니전자앞,강화군,강화군,송해면,,37.7575682,126.4725672,valid_header_swapped,true
20260228,bus,bus:167000469,167000469,41469,유림골프장,계양구,계양구,작전서운동,,37.5280674,126.7571765,valid_header_swapped,true
20260228,bus,bus:167000667,167000667,41667,유림골프장,계양구,계양구,작전서운동,,37.5296141,126.7570664,valid_header_swapped,true
20260228,bus,bus:169000087,169000087,43087,유성아파트,강화군,강화군,강화읍,,37.7404664,126.5022467,valid_header_swapped,true
20260228,bus,bus:169000086,169000086,43086,유성아파트,강화군,강화군,강화읍,,37.7405595,126.5030436,valid_header_swapped,true
20260228,bus,bus:165000011,165000011,39011,유수지,남동구,남동구,논현고잔동,,37.3940281,126.6769269,valid_header_swapped,true
20260228,bus,bus:165000010,165000010,39010,유수지,남동구,남동구,논현고잔동,,37.3937656,126.6770883,valid_header_swapped,true
20260228,bus,bus:165000020,165000020,39020,유수지근린공원,남동구,남동구,논현고잔동,,37.3961316,126.6833648,valid_header_swapped,true
20260228,bus,bus:165000019,165000019,39019,유수지근린공원,남동구,남동구,논현고잔동,,37.3958291,126.6833888,valid_header_swapped,true
20260228,bus,bus:165000004,165000004,39004,유수지길,남동구,남동구,논현고잔동,,37.3905059,126.6843484,valid_header_swapped,true
20260228,bus,bus:165000003,165000003,39003,유수지길,남동구,남동구,논현고잔동,,37.3903761,126.6842904,valid_header_swapped,true
20260228,bus,bus:168000397,168000397,42397,유승아파트,서구,검단구,오류왕길동,,37.5988165,126.6495192,valid_header_swapped,true
20260228,bus,bus:168000398,168000398,42398,유승아파트,서구,검단구,오류왕길동,,37.5990154,126.6493532,valid_header_swapped,true
20260228,bus,bus:167000003,167000003,41003,유승아파트(삼성홈타운아파트),계양구,계양구,효성2동,,37.5251660,126.6974372,valid_header_swapped,true
20260228,bus,bus:167000005,167000005,41005,유승아파트(삼성홈타운아파트),계양구,계양구,효성2동,,37.5260716,126.6979505,valid_header_swapped,true
20260228,bus,bus:167000006,167000006,41006,유승아파트(삼성홈타운아파트),계양구,계양구,효성2동,,37.5260870,126.6976472,valid_header_swapped,true
20260228,bus,bus:167000004,167000004,41004,유승아파트(삼성홈타운아파트),계양구,계양구,효성2동,,37.5253429,126.6979404,valid_header_swapped,true
20260228,bus,bus:167000583,167000583,41583,유승아파트(삼성홈타운아파트),계양구,계양구,효성2동,,37.5263122,126.6971497,valid_header_swapped,true
20260228,bus,bus:168001520,168001520,89520,유승한내들에듀파크,서구,검단구,당하동,,37.5866319,126.7070171,valid_header_swapped,true
20260228,bus,bus:163000172,163000172,37172,유원아파트,미추홀구,미추홀구,용현2동,,37.4561991,126.6411238,valid_header_swapped,true
20260228,bus,bus:163000163,163000163,37163,유원아파트,미추홀구,미추홀구,용현2동,,37.4557521,126.6405665,valid_header_swapped,true
20260228,bus,bus:166000676,166000676,40676,유진시스템앞,부평구,부평구,삼산1동,,37.5225694,126.7355018,valid_header_swapped,true
20260228,bus,bus:166000678,166000678,40678,유진시스템앞,부평구,부평구,삼산2동,,37.5226960,126.7361335,valid_header_swapped,true
20260228,bus,bus:118000198,118000198,19283,유진투자증권.파이낸셜뉴스신문,기타,기타,여의도동,,37.5254203,126.9271204,outside_incheon_bounds,false
20260228,bus,bus:164000254,164000254,38254,유천아파트,연수구,연수구,연수1동,,37.4214192,126.6833086,valid_header_swapped,true
20260228,bus,bus:164000266,164000266,38266,유천아파트,연수구,연수구,연수1동,,37.4225894,126.6826033,valid_header_swapped,true
20260228,bus,bus:164000265,164000265,38265,유천아파트후문,연수구,연수구,연수1동,,37.4218362,126.6840666,valid_header_swapped,true
20260228,bus,bus:232000001,232000001,80073,유현마을.신동아아파트,코드정보 없음,코드정보 없음,원당동,,37.5964218,126.7212862,valid_header_swapped,false
20260228,bus,bus:232000349,232000349,80001,유현마을.신동아아파트,코드정보 없음,코드정보 없음,풍무동,,37.5965069,126.7215532,valid_header_swapped,false
20260228,bus,bus:168000487,168000487,42487,유현사거리,서구,검단구,원당동,,37.5952158,126.7223842,valid_header_swapped,true
20260228,bus,bus:168001617,168001617,89617,유현사거리(원당대로),서구,검단구,원당동,,37.5950277,126.7203251,valid_header_swapped,true
20260228,bus,bus:168001616,168001616,89616,유현사거리(원당대로),서구,검단구,원당동,,37.5955458,126.7208363,valid_header_swapped,true
20260228,bus,bus:165000823,165000823,39823,유호엔시티.논현푸르지오,남동구,남동구,논현고잔동,,37.4016255,126.7383991,valid_header_swapped,true
20260228,bus,bus:217000346,217000346,62030,육골,코드정보 없음,코드정보 없음,대부동,,37.2305196,126.5710754,valid_header_swapped,false
20260228,bus,bus:217000541,217000541,18805,육골,기타,기타,대부남동,,37.2258480,126.5681731,valid_header_swapped,false
20260228,bus,bus:164000307,164000307,38307,윤성아파트,연수구,연수구,선학동,,37.4292607,126.6987938,valid_header_swapped,true
20260228,bus,bus:163000011,163000011,37011,윤성아파트(인항고교),미추홀구,미추홀구,용현5동,,37.4456566,126.6397449,valid_header_swapped,true
20260228,bus,bus:163000012,163000012,37012,윤성아파트(인항고교),미추홀구,미추홀구,용현5동,,37.4451215,126.6399147,valid_header_swapped,true
20260228,bus,bus:168001339,168001339,89339,율도근린공원,서구,서해구,원창동,,37.5060481,126.6252881,valid_header_swapped,true
20260228,bus,bus:168001340,168001340,89340,율도근린공원,서구,서해구,원창동,,37.5060480,126.6251524,valid_header_swapped,true
20260228,bus,bus:168001429,168001429,89429,율도근린공원입구,서구,서해구,원창동,,37.5092264,126.6270236,valid_header_swapped,true
20260228,bus,bus:168001428,168001428,89428,율도근린공원입구,서구,서해구,원창동,,37.5093499,126.6267477,valid_header_swapped,true
20260228,bus,bus:168000190,168000190,42190,율도입구,서구,서해구,가정1동,,37.5134463,126.6750012,valid_header_swapped,true
20260228,bus,bus:168000188,168000188,42188,율도입구,서구,서해구,석남1동,,37.5132726,126.6749888,valid_header_swapped,true
20260228,bus,bus:161000787,161000787,35787,율목동행정복지센터,중구,제물포구,율목동,,37.4695780,126.6356565,valid_header_swapped,true
20260228,bus,bus:161000801,161000801,35801,율목동행정복지센터,중구,제물포구,율목동,,37.4696995,126.6357870,valid_header_swapped,true
20260228,bus,bus:161000786,161000786,35786,율목오거리,중구,제물포구,율목동,,37.4712363,126.6341631,valid_header_swapped,true
20260228,bus,bus:161000802,161000802,35802,율목오거리,중구,제물포구,율목동,,37.4710180,126.6344345,valid_header_swapped,true
20260228,bus,bus:232000271,232000271,80017,율생리입구,코드정보 없음,코드정보 없음,대곶면,,37.6529641,126.5906058,valid_header_swapped,false
20260228,bus,bus:232000285,232000285,80016,율생리입구,코드정보 없음,코드정보 없음,대곶면,,37.6530188,126.5905329,valid_header_swapped,false
20260228,bus,bus:224000380,224000380,70025,은계초등학교.사랑스러운교회,코드정보 없음,코드정보 없음,대야동,,37.4467140,126.7974391,valid_header_swapped,false
20260228,bus,bus:161000309,161000309,35309,은골사거리,중구,영종구,영종동,,37.4953358,126.4916423,valid_header_swapped,true
20260228,bus,bus:169001213,169001213,90213,은당골,강화군,강화군,삼산면,,37.6690101,126.3427151,valid_header_swapped,true
20260228,bus,bus:169001212,169001212,90212,은당골,강화군,강화군,삼산면,,37.6690794,126.3428260,valid_header_swapped,true
20260228,bus,bus:165000613,165000613,39613,은봉초등학교,남동구,남동구,논현1동,,37.4043871,126.7241493,valid_header_swapped,true
20260228,bus,bus:165000614,165000614,39614,은봉초등학교,남동구,남동구,논현2동,,37.4047251,126.7237261,valid_header_swapped,true
20260228,bus,bus:165000321,165000321,39321,은성아파트,남동구,남동구,만수3동,,37.4519142,126.7264912,valid_header_swapped,true
20260228,bus,bus:165000325,165000325,39325,은성프레미오,남동구,남동구,만수3동,,37.4517629,126.7271910,valid_header_swapped,true
20260228,bus,bus:167000089,167000089,41089,은영빌라,계양구,계양구,작전서운동,,37.5261234,126.7385565,valid_header_swapped,true
20260228,bus,bus:168000218,168000218,42218,은영아파트,서구,서해구,신현원창동,,37.5197102,126.6689046,valid_header_swapped,true
20260228,bus,bus:168000365,168000365,42365,은지초등학교사거리,서구,서해구,검암경서동,,37.5665926,126.6825301,valid_header_swapped,true
20260228,bus,bus:210000055,210000055,55069,은하마을.중흥마을,코드정보 없음,코드정보 없음,중1동,,37.5056807,126.7692309,valid_header_swapped,false
20260228,bus,bus:169000274,169000274,43274,은하목장앞,강화군,강화군,길상면,,37.6541323,126.4981390,valid_header_swapped,true
20260228,bus,bus:169000852,169000852,43852,은하목장앞,강화군,강화군,길상면,,37.6542154,126.4979577,valid_header_swapped,true
20260228,bus,bus:210000158,210000158,55062,은하쌍용아파트,코드정보 없음,코드정보 없음,중1동,,37.5043676,126.7681366,valid_header_swapped,false
20260228,bus,bus:167000198,167000198,41198,은행마을,계양구,계양구,계산4동,,37.5366909,126.7416091,valid_header_swapped,true
20260228,bus,bus:224000382,224000382,70019,은행초등학교,코드정보 없음,코드정보 없음,은행동,,37.4431619,126.7999259,valid_header_swapped,false
20260228,bus,bus:232000440,232000440,35465,은혜와진리교회,계양구,계양구,장기동,,,,missing,false
20260228,bus,bus:161000009,161000009,35009,을왕리해수욕장,중구,영종구,용유동,,37.4461174,126.3751901,valid_header_swapped,true
20260228,bus,bus:161000010,161000010,35010,을왕리해수욕장,중구,영종구,용유동,,37.4455106,126.3758773,valid_header_swapped,true
20260228,bus,bus:161000015,161000015,35015,을왕리해수욕장.더위크앤리조트,중구,영종구,용유동,,37.4495352,126.3731641,valid_header_swapped,true
20260228,bus,bus:161000016,161000016,35016,을왕리해수욕장.더위크앤리조트,중구,영종구,용유동,,37.4498357,126.3733531,valid_header_swapped,true
20260228,bus,bus:169001033,169001033,90033,읍내리마을회관입구,강화군,강화군,교동면,,37.7702314,126.2942415,valid_header_swapped,true
20260228,bus,bus:169001032,169001032,90032,읍내리마을회관입구,강화군,강화군,교동면,,37.7700880,126.2942529,valid_header_swapped,true
20260228,bus,bus:169000749,169000749,43749,응곡,강화군,강화군,양사면,,37.8054192,126.4048217,valid_header_swapped,true
20260228,bus,bus:169000696,169000696,43696,응곡,강화군,강화군,양사면,,37.8056091,126.4048327,valid_header_swapped,true
20260228,bus,bus:169000691,169000691,43691,이강리방앗간,강화군,강화군,하점면,,37.7774459,126.3956449,valid_header_swapped,true
20260228,bus,bus:169000832,169000832,43832,이강리방앗간,강화군,강화군,하점면,,37.7773637,126.3954586,valid_header_swapped,true
20260228,bus,bus:170000064,170000064,44064,이개,옹진군,옹진군,덕적면,,,,missing,false
20260228,bus,bus:169000145,169000145,43145,이건창생가,강화군,강화군,화도면,,37.6161464,126.4580077,valid_header_swapped,true
20260228,bus,bus:169000434,169000434,43434,이건창생가,강화군,강화군,화도면,,37.6162235,126.4575587,valid_header_swapped,true
20260228,bus,bus:169001434,169001434,90434,이곡촌,강화군,강화군,선원면,,,,missing,false
20260228,bus,bus:169001444,169001444,90444,이곡촌,강화군,강화군,선원면,,37.7103393,126.5061121,valid_header_swapped,true
20260228,bus,bus:169001389,169001389,90389,이규보묘입구,강화군,강화군,불은면,,37.6667883,126.4917929,valid_header_swapped,true
20260228,bus,bus:169001065,169001065,90065,이규보묘입구,강화군,강화군,불은면,,37.6668540,126.4919635,valid_header_swapped,true
20260228,bus,bus:112000057,112000057,22057,이대역,코드정보 없음,코드정보 없음,대신동,,37.5570338,126.9470733,outside_incheon_bounds,false
20260228,bus,bus:113000411,113000411,22015,이대역,코드정보 없음,코드정보 없음,대신동,,37.5569353,126.9471097,outside_incheon_bounds,false
20260228,bus,bus:113000418,113000418,23036,이대역,코드정보 없음,코드정보 없음,대흥동,,37.5566219,126.9445516,outside_incheon_bounds,false
20260228,bus,bus:168000995,168000995,42995,이든사거리,서구,검단구,오류왕길동,,37.5905457,126.6205138,valid_header_swapped,true
20260228,bus,bus:168000996,168000996,42996,이든사거리,서구,검단구,오류왕길동,,37.5903724,126.6204336,valid_header_swapped,true
20260228,bus,bus:167000122,167000122,41122,이마트,계양구,계양구,작전서운동,,37.5301670,126.7363220,valid_header_swapped,true
20260228,bus,bus:167000125,167000125,41125,이마트,계양구,계양구,작전서운동,,37.5307741,126.7374309,valid_header_swapped,true
20260228,bus,bus:162000100,162000100,36100,이마트송림점,동구,제물포구,송림4동,,37.4836376,126.6593869,valid_header_swapped,true
20260228,bus,bus:162000098,162000098,36098,이마트송림점,동구,제물포구,송림4동,,37.4831089,126.6595451,valid_header_swapped,true
20260228,bus,bus:121001331,121001331,31084,이수교차로(미정차),코드정보 없음,코드정보 없음,반포본동,,37.5011042,126.9835473,outside_incheon_bounds,false
20260228,bus,bus:121000304,121000304,22385,이수역5번출구,기타,기타,방배동,,37.4855240,126.9841996,outside_incheon_bounds,false
20260228,bus,bus:164000409,164000409,38409,이안송도,연수구,연수구,송도1동,,37.3968591,126.6516345,valid_header_swapped,true
20260228,bus,bus:165000644,165000644,39644,이영화학,남동구,남동구,논현고잔동,,37.3917988,126.7041124,valid_header_swapped,true
20260228,bus,bus:168001514,168001514,89514,이음1로.모아미래도엘리트파크,서구,검단구,아라동,,37.5830948,126.7065465,valid_header_swapped,true
20260228,bus,bus:168001513,168001513,89513,이음1로.예미지더시그너스,서구,검단구,아라동,,37.5829096,126.7068115,valid_header_swapped,true
20260228,bus,bus:168001509,168001509,89509,이음2로.디에트르더펠리체,서구,검단구,아라동,,37.5855866,126.7096800,valid_header_swapped,true
20260228,bus,bus:168001510,168001510,89510,이음2로.파라곤센트럴파크,서구,검단구,아라동,,37.5857102,126.7097386,valid_header_swapped,true
20260228,bus,bus:168001433,168001433,89433,이음5로.금호어울림센트럴,서구,검단구,아라동,,37.5950529,126.7131730,valid_header_swapped,true
20260228,bus,bus:168001441,168001441,89441,이음대로.대성베르힐,서구,검단구,아라동,,37.5808522,126.7097253,valid_header_swapped,true
20260228,bus,bus:168001440,168001440,89440,이음대로.대성베르힐,서구,검단구,아라동,,37.5809415,126.7094653,valid_header_swapped,true
20260228,bus,bus:168001438,168001438,89438,이음대로.디에트르더펠리체,서구,검단구,아라동,,37.5840009,126.7116811,valid_header_swapped,true
20260228,bus,bus:168001439,168001439,89439,이음대로.호반써밋,서구,검단구,아라동,,37.5841692,126.7121350,valid_header_swapped,true
20260228,bus,bus:169000768,169000768,43768,이촌,강화군,강화군,선원면,,37.7322778,126.4997489,valid_header_swapped,true
20260228,bus,bus:169000312,169000312,43312,이촌,강화군,강화군,선원면,,37.7320857,126.4998714,valid_header_swapped,true
20260228,bus,bus:165000196,165000196,39196,이토상가,남동구,남동구,구월3동,,37.4462315,126.7007712,valid_header_swapped,true
20260228,bus,bus:169000661,169000661,43661,이현(이강리교회),강화군,강화군,하점면,,37.7754100,126.3937213,valid_header_swapped,true
20260228,bus,bus:169000690,169000690,43690,이현(이강리교회),강화군,강화군,하점면,,37.7752833,126.3936988,valid_header_swapped,true
20260228,bus,bus:167000506,167000506,41506,이화1동입구,계양구,계양구,계양1동,,37.5908617,126.7366390,valid_header_swapped,true
20260228,bus,bus:167000487,167000487,41487,이화1동입구,계양구,계양구,계양1동,,37.5908564,126.7367282,valid_header_swapped,true
20260228,bus,bus:167000509,167000509,41509,이화1동회차지,계양구,계양구,계양1동,,37.5934295,126.7378471,valid_header_swapped,true
20260228,bus,bus:167000484,167000484,41484,이화2동마을회관,계양구,계양구,계양1동,,37.5831947,126.7443415,valid_header_swapped,true
20260228,bus,bus:167000504,167000504,41504,이화2동마을회관,계양구,계양구,계양1동,,37.5832370,126.7443216,valid_header_swapped,true
20260228,bus,bus:167000486,167000486,41486,이화2동회차지,계양구,계양구,계양1동,,37.5844752,126.7476199,valid_header_swapped,true
20260228,bus,bus:167000489,167000489,41489,이화교회앞,계양구,계양구,계양1동,,37.5917530,126.7370803,valid_header_swapped,true
20260228,bus,bus:167000507,167000507,41507,이화교회앞,계양구,계양구,계양1동,,37.5917612,126.7370247,valid_header_swapped,true
20260228,bus,bus:167000508,167000508,41508,이화동노인정,계양구,계양구,계양1동,,37.5925728,126.7367951,valid_header_swapped,true
20260228,bus,bus:167000490,167000490,41490,이화동노인정,계양구,계양구,계양1동,,37.5925770,126.7368588,valid_header_swapped,true
20260228,bus,bus:167000516,167000516,41516,이화동다리,계양구,계양구,계양1동,,37.5802409,126.7371358,valid_header_swapped,true
20260228,bus,bus:167000479,167000479,41479,이화동다리,계양구,계양구,계양1동,,37.5800597,126.7368481,valid_header_swapped,true
20260228,bus,bus:169001445,169001445,90445,이화정미소,강화군,강화군,선원면,,37.7119145,126.5042227,valid_header_swapped,true
20260228,bus,bus:169001435,169001435,90435,이화정미소,강화군,강화군,선원면,,,,missing,false
20260228,bus,bus:167000601,167000601,41601,이화진등마을경로당,계양구,계양구,계양1동,,37.5870170,126.7463326,valid_header_swapped,true
20260228,bus,bus:169001182,169001182,90182,인내마을,강화군,강화군,삼산면,,37.6660654,126.3642314,valid_header_swapped,true
20260228,bus,bus:169001181,169001181,90181,인내마을,강화군,강화군,삼산면,,37.6661275,126.3642260,valid_header_swapped,true
20260228,bus,bus:163000205,163000205,37205,인명여자고등학교,미추홀구,미추홀구,관교동,,37.4409463,126.6985888,valid_header_swapped,true
20260228,bus,bus:163000199,163000199,37199,인명여자고등학교,미추홀구,미추홀구,관교동,,37.4406532,126.6982759,valid_header_swapped,true
20260228,bus,bus:169001268,169001268,90268,인사리군부대앞,강화군,강화군,교동면,,37.8135417,126.2631298,valid_header_swapped,true
20260228,bus,bus:169001270,169001270,90270,인사리군부대앞,강화군,강화군,교동면,,37.8136842,126.2630313,valid_header_swapped,true
20260228,bus,bus:169001267,169001267,90267,인사리마을회관,강화군,강화군,교동면,,37.8120533,126.2600901,valid_header_swapped,true
20260228,bus,bus:169001271,169001271,90271,인사리마을회관,강화군,강화군,교동면,,37.8120690,126.2598758,valid_header_swapped,true
20260228,bus,bus:169001266,169001266,90266,인사리우무렛골,강화군,강화군,교동면,,37.7995266,126.2585292,valid_header_swapped,true
20260228,bus,bus:169001269,169001269,90269,인사리인현경로당앞,강화군,강화군,교동면,,37.8139935,126.2653092,valid_header_swapped,true
20260228,bus,bus:169001272,169001272,90272,인사리지석교회,강화군,강화군,교동면,,37.8077022,126.2502050,valid_header_swapped,true
20260228,bus,bus:169000354,169000354,43354,인산저수지,강화군,강화군,양도면,,37.6994225,126.4320540,valid_header_swapped,true
20260228,bus,bus:169000575,169000575,43575,인산저수지,강화군,강화군,양도면,,37.6997009,126.4324414,valid_header_swapped,true
20260228,bus,bus:232000659,232000659,80306,인삼농협앞,코드정보 없음,코드정보 없음,대곶면,,37.6462326,126.5651583,valid_header_swapped,false
20260228,bus,bus:232000658,232000658,80305,인삼농협앞,코드정보 없음,코드정보 없음,대곶면,,37.6464198,126.5651859,valid_header_swapped,false
20260228,bus,bus:161000793,161000793,35793,인성여자고등학교,중구,제물포구,신포동,,37.4731525,126.6248981,valid_header_swapped,true
20260228,bus,bus:161000808,161000808,35808,인성여자고등학교,중구,제물포구,신포동,,37.4732313,126.6247777,valid_header_swapped,true
20260228,bus,bus:166000241,166000241,40241,인송빌라,부평구,부평구,부평3동,,37.4988316,126.7053763,valid_header_swapped,true
20260228,bus,bus:165000392,165000392,39392,인수초등학교,남동구,남동구,만수1동,,37.4544306,126.7337679,valid_header_swapped,true
20260228,bus,bus:165000386,165000386,39386,인수초등학교,남동구,남동구,만수4동,,37.4538853,126.7351032,valid_header_swapped,true
20260228,bus,bus:161000900,161000900,35900,인스파이어리조트,중구,영종구,용유동,,37.4635829,126.3922542,valid_header_swapped,true
20260228,bus,bus:161000899,161000899,35899,인스파이어리조트,중구,영종구,용유동,,37.4637393,126.3920823,valid_header_swapped,true
20260228,bus,bus:161000901,161000901,35901,인스파이어리조트주차장,중구,영종구,용유동,,37.4630701,126.3852049,valid_header_swapped,true
20260228,bus,bus:161000902,161000902,35902,인스파이어리조트주차장,중구,영종구,용유동,,37.4628315,126.3851714,valid_header_swapped,true
20260228,bus,bus:170000134,170000134,44134,인썸호텔,옹진군,옹진군,영흥면,,37.2709962,126.4484470,valid_header_swapped,true
20260228,bus,bus:161000091,161000091,35091,인아교회,중구,영종구,운서동,,37.4922934,126.4872117,valid_header_swapped,true
20260228,bus,bus:161000094,161000094,35094,인아교회,중구,영종구,운서동,,37.4926016,126.4875108,valid_header_swapped,true
20260228,bus,bus:168000282,168000282,42282,인재개발원,서구,서해구,연희동,,37.5421171,126.6794599,valid_header_swapped,true
20260228,bus,bus:168000281,168000281,42281,인재개발원,서구,서해구,연희동,,37.5419295,126.6796152,valid_header_swapped,true
20260228,bus,bus:165000548,165000548,39548,인제고등학교,남동구,남동구,간석2동,,37.4607045,126.7143699,valid_header_swapped,true
20260228,bus,bus:163000409,163000409,37409,인천가정법원.인천지방법원등기국,미추홀구,미추홀구,주안6동,,37.4625608,126.6896009,valid_header_swapped,true
20260228,bus,bus:163000405,163000405,37405,인천가정법원.인천지방법원등기국,미추홀구,미추홀구,주안6동,,37.4621691,126.6899491,valid_header_swapped,true
20260228,bus,bus:165001059,165001059,92059,인천가족공원입구,남동구,남동구,간석3동,,37.4767882,126.7121600,valid_header_swapped,true
20260228,bus,bus:165000495,165000495,39495,인천가족공원입구,남동구,남동구,간석2동,,37.4766929,126.7126036,valid_header_swapped,true
20260228,bus,bus:165000493,165000493,39493,인천가족공원입구,남동구,남동구,간석2동,,37.4762767,126.7123960,valid_header_swapped,true
20260228,bus,bus:165000931,165000931,39931,인천가톨릭대학교,연수구,연수구,송도3동,,37.3726202,126.6602961,valid_header_swapped,true
20260228,bus,bus:164000780,164000780,38778,인천가톨릭대학교(카펠라관),연수구,연수구,송도동,,37.3710646,126.6636485,valid_header_swapped,true
20260228,bus,bus:169001227,169001227,90227,인천경로당앞,강화군,강화군,삼산면,,37.6665826,126.3599413,valid_header_swapped,true
20260228,bus,bus:169001226,169001226,90226,인천경로당앞,강화군,강화군,삼산면,,37.6665735,126.3602419,valid_header_swapped,true
20260228,bus,bus:168001347,168001347,89347,인천경연초중학교,서구,서해구,청라동,,37.5389261,126.6269740,valid_header_swapped,true
20260228,bus,bus:163000305,163000305,37305,인천고등학교,미추홀구,미추홀구,주안4동,,37.4521554,126.6899565,valid_header_swapped,true
20260228,bus,bus:163000309,163000309,37309,인천고등학교,미추홀구,미추홀구,주안4동,,37.4527180,126.6895807,valid_header_swapped,true
20260228,bus,bus:166000561,166000561,40561,인천골프백화점·삼익제약,부평구,부평구,청천1동,,37.5218704,126.6934470,valid_header_swapped,true
20260228,bus,bus:166000556,166000556,40556,인천골프백화점·삼익제약,부평구,부평구,청천1동,,37.5217880,126.6939119,valid_header_swapped,true
20260228,bus,bus:161000205,161000205,35205,인천공항T1(1층13B),중구,영종구,운서동,,37.4471508,126.4498635,valid_header_swapped,true
20260228,bus,bus:161000344,161000344,35344,인천공항T1(1층2A),중구,영종구,영종동,,37.4493850,126.4538027,valid_header_swapped,true
20260228,bus,bus:161000202,161000202,35202,인천공항T1(1층2B),중구,영종구,운서동,,37.4493792,126.4536569,valid_header_swapped,true
20260228,bus,bus:161000556,161000556,35556,인천공항T1(3층13번),중구,영종구,영종동,,37.4470647,126.4497143,valid_header_swapped,true
20260228,bus,bus:161000753,161000753,35753,인천공항T1(3층14번),중구,영종구,운서동,,37.4468280,126.4496430,valid_header_swapped,true
20260228,bus,bus:161000032,161000032,35032,인천공항T1(3층2번),중구,영종구,운서동,,37.4494477,126.4537566,valid_header_swapped,true
20260228,bus,bus:161000752,161000752,35752,인천공항T1(3층6번),중구,영종구,운서동,,37.4490844,126.4521291,valid_header_swapped,true
20260228,bus,bus:161000203,161000203,35203,인천공항T1(3층7번),중구,영종구,운서동,,37.4489760,126.4517881,valid_header_swapped,true
20260228,bus,bus:161000325,161000325,35325,인천공항T1-3층,중구,영종구,영종동,,37.4485428,126.4509693,valid_header_swapped,true
20260228,bus,bus:161000895,161000895,35895,인천공항T1장기주차장,중구,영종구,운서동,,37.4428127,126.4550955,valid_header_swapped,true
20260228,bus,bus:161000896,161000896,35896,인천공항T1장기주차장,중구,영종구,운서동,,37.4436279,126.4544359,valid_header_swapped,true
20260228,bus,bus:161000615,161000615,35615,인천공항T2(11)번출입구(3층),중구,영종구,영종동,,37.4694514,126.4354387,valid_header_swapped,true
20260228,bus,bus:161000618,161000618,35618,인천공항T2(3)A(1층),중구,영종구,영종동,,37.4676613,126.4320366,valid_header_swapped,true
20260228,bus,bus:161000614,161000614,35614,인천공항T2(3)번출입구(3층),중구,영종구,영종동,,37.4675824,126.4321847,valid_header_swapped,true
20260228,bus,bus:161000619,161000619,35619,인천공항T2(8)B(1층),중구,영종구,영종동,,37.4695362,126.4351514,valid_header_swapped,true
20260228,bus,bus:161000611,161000611,35611,인천공항T2-3층,중구,영종구,영종동,,37.4692590,126.4352625,valid_header_swapped,true
20260228,bus,bus:161000612,161000612,35612,인천공항T2-B1층,중구,영종구,영종동,,37.4693065,126.4348502,valid_header_swapped,true
20260228,bus,bus:168000691,168000691,42691,인천공항TG(미정차),서구,서해구,검암경서동,,37.5700887,126.6677146,valid_header_swapped,true
20260228,bus,bus:168000690,168000690,42690,인천공항TG(미정차),서구,서해구,검암경서동,,37.5695363,126.6676851,valid_header_swapped,true
20260228,bus,bus:161000365,161000365,35365,인천공항전망대,중구,영종구,영종동,,37.4499205,126.4249222,valid_header_swapped,true
20260228,bus,bus:161000366,161000366,35366,인천공항전망대,중구,영종구,영종동,,37.4500770,126.4244259,valid_header_swapped,true
20260228,bus,bus:161000631,161000631,35631,인천공항전망대(미정차),중구,영종구,영종동,,37.4506491,126.4239902,valid_header_swapped,true
20260228,bus,bus:161000630,161000630,35630,인천공항전망대(미정차),중구,영종구,영종동,,37.4507762,126.4241633,valid_header_swapped,true
20260228,bus,bus:161000758,161000758,35758,인천공항충전소입구,중구,영종구,운서동,,37.4867718,126.4610046,valid_header_swapped,true
20260228,bus,bus:161000757,161000757,35757,인천공항충전소입구,중구,영종구,운서동,,37.4868882,126.4613208,valid_header_swapped,true
20260228,bus,bus:164000580,164000580,38580,인천과학예술영재학교,연수구,연수구,송도4동,,37.3811344,126.6294986,valid_header_swapped,true
20260228,bus,bus:164000579,164000579,38579,인천과학예술영재학교,연수구,연수구,송도4동,,37.3813798,126.6297053,valid_header_swapped,true
20260228,bus,bus:163000325,163000325,37325,인천광역시종합건설본부,미추홀구,미추홀구,도화1동,,37.4600512,126.6723938,valid_header_swapped,true
20260228,bus,bus:163000451,163000451,37451,인천교(인천기계산업단지),미추홀구,미추홀구,도화23동,,37.4752672,126.6697182,valid_header_swapped,true
20260228,bus,bus:163000449,163000449,37449,인천교(인천기계산업단지),미추홀구,미추홀구,도화23동,,37.4742727,126.6688341,valid_header_swapped,true
20260228,bus,bus:163000453,163000453,37453,인천교삼거리,미추홀구,미추홀구,도화23동,,37.4762632,126.6689748,valid_header_swapped,true
20260228,bus,bus:163000452,163000452,37452,인천교삼거리(인천기계산업단지),미추홀구,미추홀구,도화23동,,37.4759452,126.6684156,valid_header_swapped,true
20260228,bus,bus:166000032,166000032,40032,인천교통공사,부평구,부평구,십정2동,,37.4696562,126.7078548,valid_header_swapped,true
20260228,bus,bus:164000678,164000678,38676,인천교회,연수구,연수구,동춘1동,,37.4127713,126.6557908,valid_header_swapped,true
20260228,bus,bus:168000233,168000233,42233,인천국민안전체험관,서구,서해구,가정1동,,37.5220372,126.6770483,valid_header_swapped,true
20260228,bus,bus:168001516,168001516,89516,인천국민안전체험관(북측),서구,서해구,가정1동,,37.5222945,126.6747900,valid_header_swapped,true
20260228,bus,bus:168001517,168001517,89517,인천국민안전체험관(북측),서구,서해구,가정1동,,37.5224366,126.6756425,valid_header_swapped,true
20260228,bus,bus:161000613,161000613,35613,인천국제공항,중구,영종구,영종동,,37.4486647,126.4511418,valid_header_swapped,true
20260228,bus,bus:161000816,161000816,35816,인천국제수산물타운,중구,제물포구,연안동,,37.4583867,126.6082501,valid_header_swapped,true
20260228,bus,bus:161000815,161000815,35815,인천국제수산물타운,중구,제물포구,연안동,,37.4581936,126.6079833,valid_header_swapped,true
20260228,bus,bus:168000958,168000958,42958,인천그랜드컨트리클럽,서구,서해구,신현원창동,,37.5132259,126.6415524,valid_header_swapped,true
20260228,bus,bus:168000954,168000954,42954,인천그랜드컨트리클럽,서구,서해구,신현원창동,,37.5126481,126.6419673,valid_header_swapped,true
20260228,bus,bus:165000858,165000858,39858,인천글로벌캠퍼스,연수구,연수구,송도3동,,37.3774981,126.6649492,valid_header_swapped,true
20260228,bus,bus:165000850,165000850,39850,인천글로벌캠퍼스,연수구,연수구,송도3동,,37.3776127,126.6646386,valid_header_swapped,true
20260228,bus,bus:163000272,163000272,37272,인천기계공고,미추홀구,미추홀구,주안2동,,37.4540377,126.6691217,valid_header_swapped,true
20260228,bus,bus:163000281,163000281,37281,인천기계공고,미추홀구,미추홀구,주안2동,,37.4549412,126.6694319,valid_header_swapped,true
20260228,bus,bus:163000580,163000580,37580,인천기계산업단지,미추홀구,미추홀구,도화23동,,37.4720081,126.6716095,valid_header_swapped,true
20260228,bus,bus:163000579,163000579,37579,인천기계산업단지,미추홀구,미추홀구,도화23동,,37.4717576,126.6716041,valid_header_swapped,true
20260228,bus,bus:161000785,161000785,35785,인천기독병원,중구,제물포구,동인천동,,37.4713881,126.6320485,valid_header_swapped,true
20260228,bus,bus:161000803,161000803,35803,인천기독병원,중구,제물포구,동인천동,,37.4720166,126.6318935,valid_header_swapped,true
20260228,bus,bus:166000926,166000926,40926,인천나비공원,부평구,부평구,청천1동,,37.5208231,126.6921260,valid_header_swapped,true
20260228,bus,bus:166000849,166000849,40849,인천나비공원,부평구,부평구,청천1동,,37.5209845,126.6922751,valid_header_swapped,true
20260228,bus,bus:165000630,165000630,39630,인천남동우체국,남동구,남동구,논현고잔동,,37.4024009,126.7109505,valid_header_swapped,true
20260228,bus,bus:163000275,163000275,37275,인천남부초.힐스테이트푸르지오,미추홀구,미추홀구,주안2동,,37.4517467,126.6776238,valid_header_swapped,true
20260228,bus,bus:165000658,165000658,39658,인천논현역앞,남동구,남동구,논현고잔동,,37.4000231,126.7246320,valid_header_swapped,true
20260228,bus,bus:165000659,165000659,39659,인천논현역앞,남동구,남동구,논현고잔동,,37.4001859,126.7249131,valid_header_swapped,true
20260228,bus,bus:165001060,165001060,92060,인천논현중학교,남동구,남동구,논현1동,,37.4089740,126.7326070,valid_header_swapped,true
20260228,bus,bus:165001062,165001062,92062,인천논현중학교,남동구,남동구,논현1동,,37.4080540,126.7322860,valid_header_swapped,true
20260228,bus,bus:165001061,165001061,92061,인천논현중학교,남동구,남동구,논현1동,,37.4092906,126.7326180,valid_header_swapped,true
20260228,bus,bus:169000695,169000695,43695,인천대검도수련원,강화군,강화군,하점면,,37.7852050,126.4368741,valid_header_swapped,true
20260228,bus,bus:169000456,169000456,43456,인천대검도수련원,강화군,강화군,하점면,,37.7851530,126.4369899,valid_header_swapped,true
20260228,bus,bus:165000478,165000478,39478,인천대공원,남동구,남동구,장수서창동,,37.4603872,126.7491863,valid_header_swapped,true
20260228,bus,bus:165000471,165000471,39471,인천대공원,남동구,남동구,장수서창동,,37.4580522,126.7487316,valid_header_swapped,true
20260228,bus,bus:165000398,165000398,39398,인천대공원역,남동구,남동구,장수서창동,,37.4483187,126.7554192,valid_header_swapped,true
20260228,bus,bus:165000395,165000395,39395,인천대공원역,남동구,남동구,장수서창동,,37.4482386,126.7546857,valid_header_swapped,true
20260228,bus,bus:165000442,165000442,39442,인천대공원후문(장수동),남동구,남동구,장수서창동,,37.4517552,126.7534366,valid_header_swapped,true
20260228,bus,bus:161000628,161000628,35628,인천대교TG(미정차),중구,영종구,영종동,,37.4699191,126.5125525,valid_header_swapped,true
20260228,bus,bus:161000629,161000629,35629,인천대교TG(미정차),중구,영종구,영종동,,37.4701110,126.5132918,valid_header_swapped,true
20260228,bus,bus:164000396,164000396,38396,인천대입구역,연수구,연수구,송도1동,,37.3851062,126.6389670,valid_header_swapped,true
20260228,bus,bus:164000395,164000395,38395,인천대입구역,연수구,연수구,송도4동,,37.3855014,126.6387604,valid_header_swapped,true
20260228,bus,bus:164000651,164000651,38649,인천대입구역.롯데몰,연수구,연수구,송도1동,,37.3849531,126.6407884,valid_header_swapped,true
20260228,bus,bus:164000648,164000648,38646,인천대입구역.롯데몰,연수구,연수구,송도1동,,37.3839996,126.6405598,valid_header_swapped,true
20260228,bus,bus:164000385,164000385,38385,인천대정문,연수구,연수구,송도1동,,37.3784765,126.6345891,valid_header_swapped,true
20260228,bus,bus:164000386,164000386,38386,인천대정문,연수구,연수구,송도1동,,37.3775066,126.6351904,valid_header_swapped,true
20260228,bus,bus:164000377,164000377,38377,인천대학교공과대학,연수구,연수구,송도1동,,37.3724178,126.6345482,valid_header_swapped,true
20260228,bus,bus:164000499,164000499,38499,인천대학교공과대학,연수구,연수구,송도1동,,37.3718072,126.6335677,valid_header_swapped,true
20260228,bus,bus:164000376,164000376,38376,인천대학교공과대학,연수구,연수구,송도1동,,37.3731422,126.6348270,valid_header_swapped,true
20260228,bus,bus:164000762,164000762,38760,인천대학교북문,연수구,연수구,송도4동,,37.3790936,126.6319555,valid_header_swapped,true
20260228,bus,bus:164000752,164000752,38750,인천대학교북문,연수구,연수구,송도1동,,37.3780311,126.6310974,valid_header_swapped,true
20260228,bus,bus:164000763,164000763,38761,인천대학교송도캠퍼스,연수구,연수구,송도1동,,37.3741216,126.6302913,valid_header_swapped,true
20260228,bus,bus:164000751,164000751,38749,인천대학교송도캠퍼스,연수구,연수구,송도1동,,37.3738362,126.6312063,valid_header_swapped,true
20260228,bus,bus:164000378,164000378,38378,인천대학교자연과학대학,연수구,연수구,송도1동,,37.3744497,126.6363946,valid_header_swapped,true
20260228,bus,bus:164000375,164000375,38375,인천대학교자연과학대학,연수구,연수구,송도1동,,37.3749904,126.6365200,valid_header_swapped,true
20260228,bus,bus:165000270,165000270,39270,인천도서관·인천신월초등학교,남동구,남동구,구월4동,,37.4486876,126.7244303,valid_header_swapped,true
20260228,bus,bus:165001078,165001078,92078,인천도시공사,남동구,남동구,만수동,,37.4453017,126.7371484,valid_header_swapped,true
20260228,bus,bus:166000123,166000123,40123,인천동수중학교,부평구,부평구,부평2동,,37.4850243,126.7198720,valid_header_swapped,true
20260228,bus,bus:168000556,168000556,42556,인천마전도서관,서구,검단구,오류왕길동,,37.5936694,126.6630947,valid_header_swapped,true
20260228,bus,bus:165000681,165000681,39681,인천만수고등학교,남동구,남동구,만수6동,,37.4465607,126.7429735,valid_header_swapped,true
20260228,bus,bus:165000680,165000680,39680,인천만수고등학교,남동구,남동구,만수6동,,37.4464533,126.7429475,valid_header_swapped,true
20260228,bus,bus:166000483,166000483,40483,인천미래생활고등학교,부평구,부평구,부개3동,,37.5011334,126.7434465,valid_header_swapped,true
20260228,bus,bus:166000474,166000474,40474,인천미래생활고등학교,부평구,부평구,부개3동,,37.5004510,126.7427194,valid_header_swapped,true
20260228,bus,bus:210000579,210000579,55032,인천미래생활고등학교,코드정보 없음,코드정보 없음,,,37.5007890,126.7436331,valid_header_swapped,false
20260228,bus,bus:166000470,166000470,40470,인천미래생활고등학교,부평구,부평구,부개3동,,37.5003288,126.7420338,valid_header_swapped,true
20260228,bus,bus:164000609,164000609,38609,인천박문초등학교,연수구,연수구,동춘2동,,37.4019820,126.6668986,valid_header_swapped,true
20260228,bus,bus:164000608,164000608,38608,인천박문초등학교,연수구,연수구,동춘1동,,37.4017863,126.6664653,valid_header_swapped,true
20260228,bus,bus:161000800,161000800,35800,인천반도체고등학교,중구,제물포구,율목동,,37.4701157,126.6365056,valid_header_swapped,true
20260228,bus,bus:162000002,162000002,36002,인천반도체고등학교,동구,제물포구,금창동,,37.4713387,126.6370943,valid_header_swapped,true
20260228,bus,bus:161000183,161000183,35183,인천반도체고등학교,중구,제물포구,율목동,,37.4718533,126.6361057,valid_header_swapped,true
20260228,bus,bus:161000175,161000175,35175,인천반도체고등학교,중구,제물포구,율목동,,37.4696814,126.6367651,valid_header_swapped,true
20260228,bus,bus:168000146,168000146,42146,인천보건고등학교,서구,서해구,석남3동,,37.5040742,126.6782624,valid_header_swapped,true
20260228,bus,bus:168000144,168000144,42144,인천보건고등학교,서구,서해구,석남3동,,37.5034339,126.6784244,valid_header_swapped,true
20260228,bus,bus:166000279,166000279,40279,인천부흥고등학교,부평구,부평구,부개2동,,37.4918008,126.7361756,valid_header_swapped,true
20260228,bus,bus:168001196,168001196,89196,인천북항관공선부두,서구,서해구,신현원창동,,37.4979702,126.6214998,valid_header_swapped,true
20260228,bus,bus:168001195,168001195,89195,인천북항관공선부두,서구,서해구,신현원창동,,37.4981731,126.6215200,valid_header_swapped,true
20260228,bus,bus:168000959,168000959,42959,인천북항부두운영시설,서구,서해구,석남2동,,37.5038470,126.6414725,valid_header_swapped,true
20260228,bus,bus:168000953,168000953,42953,인천북항부두운영시설,서구,서해구,석남2동,,37.5041090,126.6419849,valid_header_swapped,true
20260228,bus,bus:164000053,164000053,38053,인천뷰티예술고등학교,연수구,연수구,동춘2동,,37.4027973,126.6725121,valid_header_swapped,true
20260228,bus,bus:164000052,164000052,38052,인천뷰티예술고등학교,연수구,연수구,동춘2동,,37.4030138,126.6721789,valid_header_swapped,true
20260228,bus,bus:163000614,163000614,37614,인천비즈니스고등학교,미추홀구,미추홀구,도화23동,,37.4720310,126.6654684,valid_header_swapped,true
20260228,bus,bus:163000423,163000423,37423,인천비즈니스고등학교,미추홀구,미추홀구,도화23동,,37.4719352,126.6678450,valid_header_swapped,true
20260228,bus,bus:163000421,163000421,37421,인천비즈니스고등학교,미추홀구,미추홀구,도화23동,,37.4714942,126.6671140,valid_header_swapped,true
20260228,bus,bus:163000615,163000615,37615,인천비지니스고등학교,미추홀구,미추홀구,도화23동,,37.4714190,126.6659796,valid_header_swapped,true
20260228,bus,bus:165001041,165001041,92041,인천상공회의소,남동구,남동구,논현동,,37.4086872,126.6965544,valid_header_swapped,true
20260228,bus,bus:168001358,168001358,89358,인천서곶초등학교,서구,서해구,연희동,,37.5467223,126.6694110,valid_header_swapped,true
20260228,bus,bus:168001355,168001355,89355,인천서곶초등학교,서구,서해구,연희동,,37.5466854,126.6691348,valid_header_swapped,true
20260228,bus,bus:168000337,168000337,42337,인천서부교육지원청,서구,서해구,연희동,,37.5520673,126.6887679,valid_header_swapped,true
20260228,bus,bus:168000336,168000336,42336,인천서부교육지원청,서구,서해구,연희동,,37.5517498,126.6889196,valid_header_swapped,true
20260228,bus,bus:168000131,168000131,42131,인천서부여성회관,서구,서해구,석남3동,,37.4998639,126.6780227,valid_header_swapped,true
20260228,bus,bus:168000134,168000134,42134,인천서부여성회관,서구,서해구,석남3동,,37.4999872,126.6782392,valid_header_swapped,true
20260228,bus,bus:165000821,165000821,39821,인천서창동우체국,남동구,남동구,서창2동,,37.4225883,126.7520160,valid_header_swapped,true
20260228,bus,bus:165000820,165000820,39820,인천서창동우체국,남동구,남동구,서창2동,,37.4224545,126.7521577,valid_header_swapped,true
20260228,bus,bus:165000875,165000875,39875,인천서창중학교,남동구,남동구,장수서창동,,37.4343484,126.7496367,valid_header_swapped,true
20260228,bus,bus:165000767,165000767,39767,인천서창중학교,남동구,남동구,장수서창동,,37.4342276,126.7494921,valid_header_swapped,true
20260228,bus,bus:166000917,166000917,40917,인천성광교회,부평구,부평구,십정1동,,37.4817150,126.6940225,valid_header_swapped,true
20260228,bus,bus:166000850,166000850,40850,인천성광교회,부평구,부평구,십정1동,,37.4816503,126.6940492,valid_header_swapped,true
20260228,bus,bus:166000857,166000857,40857,인천성모병원정문,부평구,부평구,부평6동,,37.4855278,126.7254325,valid_header_swapped,true
20260228,bus,bus:166000844,166000844,40844,인천성모병원정문,부평구,부평구,부평6동,,37.4853331,126.7257482,valid_header_swapped,true
20260228,bus,bus:166000919,166000919,40919,인천성모병원종점지주차장,부평구,부평구,부평6동,,37.4846938,126.7262199,valid_header_swapped,true
20260228,bus,bus:166000139,166000139,40139,인천성모병원후문,부평구,부평구,부평3동,,37.4853194,126.7240894,valid_header_swapped,true
20260228,bus,bus:166000138,166000138,40138,인천성모병원후문,부평구,부평구,부평3동,,37.4851835,126.7241294,valid_header_swapped,true
20260228,bus,bus:164000777,164000777,38775,인천세관통합검사센터(동측),연수구,연수구,송도동,,37.4212576,126.6236200,valid_header_swapped,true
20260228,bus,bus:164000776,164000776,38774,인천세관통합검사센터(동측),연수구,연수구,송도동,,37.4212629,126.6229301,valid_header_swapped,true
20260228,bus,bus:164000774,164000774,38772,인천세관통합검사센터(서측),연수구,연수구,송도동,,37.4212053,126.6140864,valid_header_swapped,true
20260228,bus,bus:164000775,164000775,38773,인천세관통합검사센터(서측),연수구,연수구,송도동,,37.4201289,126.6145614,valid_header_swapped,true
20260228,bus,bus:162000179,162000179,36179,인천세무서후문,동구,제물포구,금창동,,37.4708222,126.6425289,valid_header_swapped,true
20260228,bus,bus:163000189,163000189,37189,인천소방본부,미추홀구,미추홀구,주안3동,,37.4488487,126.6695323,valid_header_swapped,true
20260228,bus,bus:163000191,163000191,37191,인천소방본부,미추홀구,미추홀구,주안3동,,37.4486114,126.6702068,valid_header_swapped,true
20260228,bus,bus:169000919,169000919,43919,인천소방심신휴(休)센터,강화군,강화군,양사면,,37.7843713,126.3852025,valid_header_swapped,true
20260228,bus,bus:169000920,169000920,43920,인천소방심신휴(休)센터,강화군,강화군,양사면,,37.7844886,126.3855016,valid_header_swapped,true
20260228,bus,bus:169001053,169001053,90053,인천소방학교,강화군,강화군,양사면,,37.7868127,126.3779703,valid_header_swapped,true
20260228,bus,bus:169001052,169001052,90052,인천소방학교,강화군,강화군,양사면,,37.7870874,126.3776652,valid_header_swapped,true
20260228,bus,bus:161000810,161000810,35810,인천소방항공대,중구,영종구,운북동,,37.5205095,126.5012056,valid_header_swapped,true
20260228,bus,bus:161000809,161000809,35809,인천소방항공대,중구,영종구,운북동,,37.5206945,126.5015830,valid_header_swapped,true
20260228,bus,bus:164000625,164000625,38623,인천송도꿈유치원,연수구,연수구,송도3동,,37.3698526,126.6613818,valid_header_swapped,true
20260228,bus,bus:164000624,164000624,38622,인천송도꿈유치원,연수구,연수구,송도3동,,37.3700092,126.6615968,valid_header_swapped,true
20260228,bus,bus:164000575,164000575,38575,인천송일초등학교,연수구,연수구,송도4동,,37.3844882,126.6356395,valid_header_swapped,true
20260228,bus,bus:164000558,164000558,38558,인천송일초등학교,연수구,연수구,송도4동,,37.3844837,126.6361260,valid_header_swapped,true
20260228,bus,bus:161000069,161000069,35069,인천수산물센터,중구,제물포구,연안동,,37.4544830,126.6044852,valid_header_swapped,true
20260228,bus,bus:164000394,164000394,38394,인천스타트업파크,연수구,연수구,송도2동,,37.3872549,126.6406300,valid_header_swapped,true
20260228,bus,bus:164000390,164000390,38390,인천스타트업파크,연수구,연수구,송도1동,,37.3871618,126.6412173,valid_header_swapped,true
20260228,bus,bus:161000782,161000782,35782,인천시교육청 교육연수원,중구,영종구,운서동,,37.4907505,126.5060081,valid_header_swapped,true
20260228,bus,bus:161000774,161000774,35774,인천시교육청 교육연수원,중구,영종구,운서동,,37.4908190,126.5057449,valid_header_swapped,true
20260228,bus,bus:165000292,165000292,39292,인천시청후문,남동구,남동구,간석1동,,37.4569063,126.7048028,valid_header_swapped,true
20260228,bus,bus:165000290,165000290,39290,인천시청후문,남동구,남동구,구월3동,,37.4566354,126.7048805,valid_header_swapped,true
20260228,bus,bus:168001557,168001557,89557,인천아라중학교,서구,검단구,아라동,,37.5859064,126.7029574,valid_header_swapped,true
20260228,bus,bus:168001556,168001556,89556,인천아라중학교,서구,검단구,아라동,,37.5860387,126.7027790,valid_header_swapped,true
20260228,bus,bus:168001359,168001359,89359,인천아시아드주경기장(동문),서구,서해구,연희동,,37.5494177,126.6690302,valid_header_swapped,true
20260228,bus,bus:168001354,168001354,89354,인천아시아드주경기장(동문),서구,서해구,연희동,,37.5496536,126.6687018,valid_header_swapped,true
20260228,bus,bus:168001356,168001356,89356,인천아시아드테니스장,서구,서해구,연희동,,37.5435341,126.6694401,valid_header_swapped,true
20260228,bus,bus:168001357,168001357,89357,인천아시아드테니스장,서구,서해구,연희동,,37.5435704,126.6696721,valid_header_swapped,true
20260228,bus,bus:168001155,168001155,89155,인천여객터미널,서구,검단구,오류왕길동,,37.5573428,126.6065114,valid_header_swapped,true
20260228,bus,bus:164000289,164000289,38289,인천여자고등학교,연수구,연수구,연수1동,,37.4231320,126.6903684,valid_header_swapped,true
20260228,bus,bus:164000287,164000287,38287,인천여자고등학교,연수구,연수구,연수3동,,37.4228196,126.6904882,valid_header_swapped,true
20260228,bus,bus:161000139,161000139,35139,인천여자상업고등학교,중구,제물포구,신포동,,37.4663356,126.6275558,valid_header_swapped,true
20260228,bus,bus:161000141,161000141,35141,인천여자상업고등학교·이마트,중구,제물포구,신포동,,37.4661948,126.6286295,valid_header_swapped,true
20260228,bus,bus:161000178,161000178,35178,인천역(차이나타운),중구,제물포구,북성동,,37.4762788,126.6172966,valid_header_swapped,true
20260228,bus,bus:161000179,161000179,35179,인천역(차이나타운),중구,제물포구,북성동,,37.4763127,126.6175076,valid_header_swapped,true
20260228,bus,bus:168000310,168000310,42310,인천연세병원,서구,서해구,연희동,,37.5496513,126.6746463,valid_header_swapped,true
20260228,bus,bus:168000601,168000601,42601,인천연합의원,서구,서해구,신현원창동,,37.5150302,126.6688440,valid_header_swapped,true
20260228,bus,bus:166000820,166000820,40820,인천예림학교(인천성모병원),부평구,부평구,부평6동,,37.4861245,126.7294141,valid_header_swapped,true
20260228,bus,bus:166000819,166000819,40819,인천예림학교(인천성모병원),부평구,부평구,부평6동,,37.4861660,126.7290552,valid_header_swapped,true
20260228,bus,bus:165000533,165000533,39533,인천예술고등학교,남동구,남동구,간석2동,,37.4602811,126.7031877,valid_header_swapped,true
20260228,bus,bus:165000332,165000332,39332,인천예술고등학교,남동구,남동구,간석2동,,37.4602058,126.7031888,valid_header_swapped,true
20260228,bus,bus:161000797,161000797,35797,인천옹진농협본점,중구,제물포구,신흥동,,37.4637610,126.6385088,valid_header_swapped,true
20260228,bus,bus:161000555,161000555,35555,인천옹진농협본점,중구,제물포구,신흥동,,37.4636158,126.6381251,valid_header_swapped,true
20260228,bus,bus:168001436,168001436,89436,인천외국어마을,서구,검단구,아라동,,37.5873356,126.7140710,valid_header_swapped,true
20260228,bus,bus:168001437,168001437,89437,인천외국어마을·파라곤센트럴,서구,검단구,아라동,,37.5856066,126.7128082,valid_header_swapped,true
20260228,bus,bus:163000676,163000676,37676,인천용학초등학교,미추홀구,미추홀구,용현5동,,37.4460269,126.6435936,valid_header_swapped,true
20260228,bus,bus:163000458,163000458,37458,인천의료원,미추홀구,미추홀구,도화23동,,37.4783385,126.6672445,valid_header_swapped,true
20260228,bus,bus:162000093,162000093,36093,인천의료원,동구,제물포구,송림4동,,37.4788942,126.6667647,valid_header_swapped,true
20260228,bus,bus:162000108,162000108,36108,인천의료원,동구,제물포구,송림4동,,37.4777905,126.6709289,valid_header_swapped,true
20260228,bus,bus:162000107,162000107,36107,인천의료원,동구,제물포구,송림4동,,37.4776790,126.6712084,valid_header_swapped,true
20260228,bus,bus:168001456,168001456,89456,인천이음중학교,서구,검단구,아라동,,37.5997553,126.7125519,valid_header_swapped,true
20260228,bus,bus:168001400,168001400,89400,인천이음초등학교,서구,검단구,아라동,,37.5977790,126.7131490,valid_header_swapped,true
20260228,bus,bus:168001399,168001399,89399,인천이음초등학교,서구,검단구,아라동,,37.5976686,126.7133867,valid_header_swapped,true
20260228,bus,bus:165000072,165000072,39072,인천인력개발원,남동구,남동구,논현고잔동,,37.4078773,126.6920524,valid_header_swapped,true
20260228,bus,bus:165000071,165000071,39071,인천인력개발원,남동구,남동구,논현고잔동,,37.4073329,126.6919154,valid_header_swapped,true
20260228,bus,bus:164000240,164000240,38240,인천적십자병원(풍림아파트),연수구,연수구,연수3동,,37.4182558,126.6917072,valid_header_swapped,true
20260228,bus,bus:164000339,164000339,38339,인천적십자병원(풍림아파트),연수구,연수구,연수3동,,37.4186499,126.6917346,valid_header_swapped,true
20260228,bus,bus:161000074,161000074,35074,인천종합수산물센터,중구,제물포구,연안동,,37.4556103,126.6030403,valid_header_swapped,true
20260228,bus,bus:163000148,163000148,37148,인천준법지원센터·미추홀트루엘파크,미추홀구,미추홀구,학익2동,,37.4458358,126.6682193,valid_header_swapped,true
20260228,bus,bus:163000147,163000147,37147,인천준법지원센터·미추홀트루엘파크,미추홀구,미추홀구,학익2동,,37.4457186,126.6681429,valid_header_swapped,true
20260228,bus,bus:163000096,163000096,37096,인천지방법원,미추홀구,미추홀구,학익2동,,37.4424018,126.6687248,valid_header_swapped,true
20260228,bus,bus:165000087,165000087,39087,인천지방중소기업청입구,남동구,남동구,논현2동,,37.4101824,126.7020239,valid_header_swapped,true
20260228,bus,bus:168000930,168000930,42930,인천체육고등학교,서구,서해구,청라3동,,37.5456071,126.6118013,valid_header_swapped,true
20260228,bus,bus:168001233,168001233,89233,인천체육고등학교,서구,서해구,청라3동,,37.5455981,126.6114055,valid_header_swapped,true
20260228,bus,bus:168001049,168001049,89049,인천체육고등학교입구,서구,서해구,청라3동,,37.5478961,126.6117076,valid_header_swapped,true
20260228,bus,bus:168001048,168001048,89048,인천체육고등학교입구,서구,서해구,청라3동,,37.5477121,126.6117191,valid_header_swapped,true
20260228,bus,bus:162000184,162000184,36184,인천축구전용경기장,중구,제물포구,도원동,,37.4672934,126.6419474,valid_header_swapped,true
20260228,bus,bus:163000303,163000303,37303,인천축구전용경기장,미추홀구,미추홀구,숭의13동,,37.4651833,126.6449245,valid_header_swapped,true
20260228,bus,bus:163000286,163000286,37286,인천축구전용경기장,미추홀구,미추홀구,숭의13동,,37.4634257,126.6434375,valid_header_swapped,true
20260228,bus,bus:163000558,163000558,37558,인천축구전용경기장(서희스타힐스),미추홀구,미추홀구,숭의13동,,37.4660496,126.6450380,valid_header_swapped,true
20260228,bus,bus:166000454,166000454,40454,인천축산농협,부평구,부평구,부평5동,,37.5024454,126.7310725,valid_header_swapped,true
20260228,bus,bus:168000010,168000010,42010,인천축산물시장,서구,서해구,가좌4동,,37.4771752,126.6865638,valid_header_swapped,true
20260228,bus,bus:168000011,168000011,42011,인천축산물시장,서구,서해구,가좌3동,,37.4773418,126.6858846,valid_header_swapped,true
20260228,bus,bus:161000127,161000127,35127,인천출입국·외국인청,중구,제물포구,신흥동,,37.4600726,126.6315397,valid_header_swapped,true
20260228,bus,bus:161000129,161000129,35129,인천출입국·외국인청,중구,제물포구,신포동,,37.4606154,126.6313186,valid_header_swapped,true
20260228,bus,bus:163000215,163000215,37215,인천터미널,미추홀구,미추홀구,관교동,,37.4412971,126.7014085,valid_header_swapped,true
20260228,bus,bus:165000194,165000194,39194,인천터미널사거리입구,남동구,남동구,구월3동,,37.4447745,126.7002547,valid_header_swapped,true
20260228,bus,bus:163000648,163000648,37648,인천터미널역3번출구,미추홀구,미추홀구,관교동,,37.4414089,126.7000496,valid_header_swapped,true
20260228,bus,bus:166000607,166000607,40607,인천테크노밸리U1센터,부평구,부평구,갈산1동,,37.5159507,126.7262219,valid_header_swapped,true
20260228,bus,bus:166000605,166000605,40605,인천테크노밸리U1센터,부평구,부평구,갈산1동,,37.5158276,126.7264167,valid_header_swapped,true
20260228,bus,bus:164000761,164000761,38759,인천포스코고등학교,연수구,연수구,송도2동,,37.4005264,126.6486131,valid_header_swapped,true
20260228,bus,bus:164000760,164000760,38758,인천포스코고등학교,연수구,연수구,송도2동,,37.4008294,126.6485234,valid_header_swapped,true
20260228,bus,bus:168001376,168001376,89376,인천푸른빛유치원,서구,서해구,청라3동,,37.5378011,126.6283565,valid_header_swapped,true
20260228,bus,bus:168001377,168001377,89377,인천푸른빛유치원,서구,서해구,청라3동,,37.5378689,126.6281406,valid_header_swapped,true
20260228,bus,bus:164000654,164000654,38652,인천항신국제여객터미널(송도방향),연수구,연수구,송도5동,,37.4231018,126.6054666,valid_header_swapped,true
20260228,bus,bus:164000664,164000664,38662,인천항신국제여객터미널(아암3교방향),연수구,연수구,송도5동,,37.4237783,126.6059111,valid_header_swapped,true
20260228,bus,bus:168001410,168001410,89410,인천해든초등학교,서구,검단구,아라동,,37.5847520,126.7064926,valid_header_swapped,true
20260228,bus,bus:168001411,168001411,89411,인천해든초등학교,서구,검단구,아라동,,37.5846797,126.7067223,valid_header_swapped,true
20260228,bus,bus:168001538,168001538,89538,인천해양경찰서,서구,서해구,청라동,,37.5335044,126.6404116,valid_header_swapped,true
20260228,bus,bus:168001537,168001537,89537,인천해양경찰서,서구,서해구,청라동,,37.5334536,126.6407417,valid_header_swapped,true
20260228,bus,bus:164000120,164000120,38120,인천해양과학고,연수구,연수구,옥련2동,,37.4254026,126.6402328,valid_header_swapped,true
20260228,bus,bus:164000566,164000566,38566,인천해양과학고,연수구,연수구,옥련2동,,37.4265169,126.6404094,valid_header_swapped,true
20260228,bus,bus:163000125,163000125,37125,인천향교.인천도호부청사,미추홀구,미추홀구,문학동,,37.4383477,126.6875437,valid_header_swapped,true
20260228,bus,bus:163000124,163000124,37124,인천향교.인천도호부청사,미추홀구,미추홀구,문학동,,37.4386316,126.6864037,valid_header_swapped,true
20260228,bus,bus:163000062,163000062,37062,인천향교유림회관,미추홀구,미추홀구,학익1동,,37.4398821,126.6714575,valid_header_swapped,true
20260228,bus,bus:163000059,163000059,37059,인천향교유림회관,미추홀구,미추홀구,학익1동,,37.4396733,126.6712952,valid_header_swapped,true
20260228,bus,bus:165000629,165000629,39629,인천힘찬종합병원,남동구,남동구,논현2동,,37.4018228,126.7137067,valid_header_swapped,true
20260228,bus,bus:165000628,165000628,39628,인천힘찬종합병원,남동구,남동구,논현2동,,37.4019472,126.7139845,valid_header_swapped,true
20260228,bus,bus:166000787,166000787,40787,인평자동차고,부평구,부평구,산곡3동,,37.4915406,126.7047693,valid_header_swapped,true
20260228,bus,bus:166000149,166000149,40149,인평자동차고,부평구,부평구,부평3동,,37.4917765,126.7049841,valid_header_swapped,true
20260228,bus,bus:166000152,166000152,40152,인평자동차고,부평구,부평구,부평3동,,37.4925777,126.7028710,valid_header_swapped,true
20260228,bus,bus:166000151,166000151,40151,인평자동차고,부평구,부평구,부평3동,,37.4925416,126.7027460,valid_header_swapped,true
20260228,bus,bus:161000643,161000643,35643,인하국제의료센터,중구,영종구,영종동,,37.4393400,126.4635712,valid_header_swapped,true
20260228,bus,bus:161000486,161000486,35486,인하대병원,중구,제물포구,신흥동,,37.4592580,126.6337802,valid_header_swapped,true
20260228,bus,bus:161000119,161000119,35119,인하대병원,중구,제물포구,신흥동,,37.4574442,126.6336253,valid_header_swapped,true
20260228,bus,bus:161000121,161000121,35121,인하대병원,중구,제물포구,신흥동,,37.4581363,126.6323740,valid_header_swapped,true
20260228,bus,bus:161000846,161000846,35846,인하대병원입구,중구,제물포구,신흥동,,37.4576742,126.6344384,valid_header_swapped,true
20260228,bus,bus:163000596,163000596,37596,인하대역,미추홀구,미추홀구,용현5동,,37.4487537,126.6494585,valid_header_swapped,true
20260228,bus,bus:163000066,163000066,37066,인하대역(1번출구),미추홀구,미추홀구,용현5동,,37.4479904,126.6500086,valid_header_swapped,true
20260228,bus,bus:163000091,163000091,37091,인하대역(7번출구),미추홀구,미추홀구,학익1동,,37.4476473,126.6502949,valid_header_swapped,true
20260228,bus,bus:163000127,163000127,37127,인하대역3번출구,미추홀구,미추홀구,용현5동,,37.4502335,126.6491380,valid_header_swapped,true
20260228,bus,bus:163000122,163000122,37122,인하대역4번출구,미추홀구,미추홀구,용현14동,,37.4497575,126.6497171,valid_header_swapped,true
20260228,bus,bus:163000099,163000099,37099,인하대정문,미추홀구,미추홀구,학익1동,,37.4470590,126.6537465,valid_header_swapped,true
20260228,bus,bus:163000104,163000104,37104,인하대정문,미추홀구,미추홀구,학익1동,,37.4471739,126.6540059,valid_header_swapped,true
20260228,bus,bus:163000165,163000165,37165,인하대후문,미추홀구,미추홀구,용현14동,,37.4513523,126.6557201,valid_header_swapped,true
20260228,bus,bus:163000167,163000167,37167,인하대후문,미추홀구,미추홀구,용현14동,,37.4514641,126.6561435,valid_header_swapped,true
20260228,bus,bus:163000166,163000166,37166,인하대후문,미추홀구,미추홀구,용현14동,,37.4508806,126.6574896,valid_header_swapped,true
20260228,bus,bus:166000557,166000557,40557,인향아파트,부평구,부평구,청천1동,,37.5208788,126.6965110,valid_header_swapped,true
20260228,bus,bus:167000465,167000465,41465,인향아파트,부평구,부평구,청천1동,,37.5215280,126.6946036,valid_header_swapped,true
20260228,bus,bus:166000559,166000559,40559,인향아파트,부평구,부평구,청천1동,,37.5211202,126.6965735,valid_header_swapped,true
20260228,bus,bus:167000464,167000464,41464,인향아파트,부평구,부평구,청천1동,,37.5214779,126.6949395,valid_header_swapped,true
20260228,bus,bus:167000518,167000518,41518,인혜학교후문(원욱그린타운),계양구,계양구,계양1동,,37.5791658,126.7321713,valid_header_swapped,true
20260228,bus,bus:167000473,167000473,41473,인혜학교후문(원욱그린타운),계양구,계양구,계양1동,,37.5790640,126.7323008,valid_header_swapped,true
20260228,bus,bus:169001211,169001211,90211,인화1리마을회관,강화군,강화군,양사면,,37.7954514,126.3774663,valid_header_swapped,true
20260228,bus,bus:169001210,169001210,90210,인화1리마을회관,강화군,강화군,양사면,,37.7954923,126.3772653,valid_header_swapped,true
20260228,bus,bus:169000473,169000473,43473,인화리종점,강화군,강화군,양사면,,37.7877450,126.3540405,valid_header_swapped,true
20260228,bus,bus:169000945,169000945,43945,인화리종점,강화군,강화군,양사면,,37.7875545,126.3539603,valid_header_swapped,true
20260228,bus,bus:169001064,169001064,90064,인화성입구,강화군,강화군,양사면,,37.7865843,126.3551269,valid_header_swapped,true
20260228,bus,bus:169001063,169001063,90063,인화성입구,강화군,강화군,양사면,,37.7866931,126.3552385,valid_header_swapped,true
20260228,bus,bus:163000547,163000547,37547,인화여고,미추홀구,미추홀구,도화23동,,37.4684542,126.6529439,valid_header_swapped,true
20260228,bus,bus:163000548,163000548,37548,인화여고,미추홀구,미추홀구,숭의13동,,37.4683523,126.6520114,valid_header_swapped,true
20260228,bus,bus:166000205,166000205,40205,일신동행정복지센터,부평구,부평구,일신동,,37.4846095,126.7458604,valid_header_swapped,true
20260228,bus,bus:166000200,166000200,40200,일신동행정복지센터,부평구,부평구,일신동,,37.4841457,126.7459003,valid_header_swapped,true
20260228,bus,bus:166000220,166000220,40220,일신동행정복지센터,부평구,부평구,일신동,,37.4847547,126.7466732,valid_header_swapped,true
20260228,bus,bus:166000207,166000207,40207,일신시장,부평구,부평구,일신동,,37.4855896,126.7428901,valid_header_swapped,true
20260228,bus,bus:166000210,166000210,40210,일신시장,부평구,부평구,일신동,,37.4858636,126.7428945,valid_header_swapped,true
20260228,bus,bus:166000866,166000866,40866,일신주공,부평구,부평구,일신동,,37.4820155,126.7394536,valid_header_swapped,true
20260228,bus,bus:166000868,166000868,40868,일신주공109동,부평구,부평구,일신동,,37.4820136,126.7418615,valid_header_swapped,true
20260228,bus,bus:165000515,165000515,39515,임광그대가.서창자이아파트,남동구,남동구,장수서창동,,37.4372495,126.7497587,valid_header_swapped,true
20260228,bus,bus:165000514,165000514,39514,임광그대가.서창자이아파트,남동구,남동구,장수서창동,,37.4374947,126.7497811,valid_header_swapped,true
20260228,bus,bus:165001025,165001025,92025,임광그대가103동,남동구,남동구,장수서창동,,37.4383045,126.7487540,valid_header_swapped,true
20260228,bus,bus:169000423,169000423,43423,임송촌,강화군,강화군,송해면,,37.7904110,126.4665335,valid_header_swapped,true
20260228,bus,bus:169000802,169000802,43802,임송촌,강화군,강화군,송해면,,37.7903369,126.4666350,valid_header_swapped,true
20260228,bus,bus:900000002,900000002,90002,임시(길직리1421-1),강화군,강화군,길상면,,37.6562377,126.4860555,valid_header_swapped,true
20260228,bus,bus:900000001,900000001,90001,임시(길직리484-1),강화군,강화군,길상면,,37.6577535,126.4819256,valid_header_swapped,true
20260228,bus,bus:167000283,167000283,41283,임학사거리,계양구,계양구,계양2동,,37.5441028,126.7377037,valid_header_swapped,true
20260228,bus,bus:167000292,167000292,41292,임학역,계양구,계양구,계양2동,,37.5455468,126.7389071,valid_header_swapped,true
20260228,bus,bus:167000290,167000290,41290,임학역,계양구,계양구,계양2동,,37.5452470,126.7389934,valid_header_swapped,true
20260228,bus,bus:167000288,167000288,41288,임학지하차도앞사거리,계양구,계양구,계산4동,,37.5436485,126.7428966,valid_header_swapped,true
20260228,bus,bus:167000287,167000287,41287,임학지하차도앞사거리,계양구,계양구,계양2동,,37.5435191,126.7412165,valid_header_swapped,true
20260228,bus,bus:161000751,161000751,35751,입구지,중구,영종구,용유동,,37.4409832,126.3885841,valid_header_swapped,true
20260228,bus,bus:161000300,161000300,35300,입구지,중구,영종구,용유동,,37.4408759,126.3885718,valid_header_swapped,true
20260228,bus,bus:161000478,161000478,35478,입구지입구,중구,영종구,용유동,,37.4435865,126.3909633,valid_header_swapped,true
20260228,bus,bus:161000477,161000477,35477,입구지입구,중구,영종구,용유동,,37.4436760,126.3907361,valid_header_swapped,true
20260228,bus,bus:210000245,210000245,11021,자동차매매단지,코드정보 없음,코드정보 없음,상2동,,37.4890787,126.7473962,valid_header_swapped,false
20260228,bus,bus:210000246,210000246,11020,자동차매매단지,코드정보 없음,코드정보 없음,상2동,,37.4888157,126.7475787,valid_header_swapped,false
20260228,bus,bus:162000094,162000094,36094,자동차매매단지,동구,제물포구,송림4동,,37.4799741,126.6645356,valid_header_swapped,true
20260228,bus,bus:163000459,163000459,37459,자동차매매단지,미추홀구,미추홀구,도화23동,,37.4798268,126.6643346,valid_header_swapped,true
20260228,bus,bus:169000451,169000451,43451,자연사박물관,강화군,강화군,송해면,,37.7946117,126.4570017,valid_header_swapped,true
20260228,bus,bus:169000667,169000667,43667,자연사박물관,강화군,강화군,송해면,,37.7945226,126.4570938,valid_header_swapped,true
20260228,bus,bus:170000079,170000079,44079,자월1리농협,옹진군,옹진군,자월면,,,,missing,false
20260228,bus,bus:170000082,170000082,44082,자월2리어릿골,옹진군,옹진군,자월면,,,,missing,false
20260228,bus,bus:170000078,170000078,44078,자월3리경로당,옹진군,옹진군,자월면,,,,missing,false
20260228,bus,bus:168000849,168000849,42849,자이금호힐스테이트,서구,검단구,오류왕길동,,37.5974003,126.6407088,valid_header_swapped,true
20260228,bus,bus:168000850,168000850,42850,자이금호힐스테이트,서구,검단구,오류왕길동,,37.5970962,126.6409802,valid_header_swapped,true
20260228,bus,bus:168001297,168001297,89297,자이더테라스1단지,서구,서해구,청라3동,,37.5219418,126.6247270,valid_header_swapped,true
20260228,bus,bus:168001298,168001298,89298,자이더테라스1단지,서구,서해구,청라3동,,37.5218588,126.6244113,valid_header_swapped,true
20260228,bus,bus:168000864,168000864,42864,자이더테라스2단지,서구,서해구,청라3동,,37.5240180,126.6241259,valid_header_swapped,true
20260228,bus,bus:168000871,168000871,42871,자이더테라스2단지,서구,서해구,청라3동,,37.5239679,126.6246863,valid_header_swapped,true
20260228,bus,bus:168001495,168001495,89495,자이더테라스2단지(209동),서구,서해구,청라동,,37.5240018,126.6267509,valid_header_swapped,true
20260228,bus,bus:168001460,168001460,89460,자이더테라스2단지(209동),서구,서해구,청라동,,37.5240434,126.6264576,valid_header_swapped,true
20260228,bus,bus:165000240,165000240,39240,작은구월사거리,남동구,남동구,구월1동,,37.4481640,126.7184010,valid_header_swapped,true
20260228,bus,bus:165000239,165000239,39239,작은구월사거리,남동구,남동구,구월4동,,37.4478959,126.7187082,valid_header_swapped,true
20260228,bus,bus:167000113,167000113,41113,작전1동주민센터,계양구,계양구,작전1동,,37.5306168,126.7309789,valid_header_swapped,true
20260228,bus,bus:167000044,167000044,41044,작전동삼성홈플러스,계양구,계양구,작전2동,,37.5266728,126.7226090,valid_header_swapped,true
20260228,bus,bus:167000050,167000050,41050,작전동삼성홈플러스,계양구,계양구,작전2동,,37.5274928,126.7222701,valid_header_swapped,true
20260228,bus,bus:167000090,167000090,41090,작전동풍림아파트,계양구,계양구,작전서운동,,37.5277379,126.7335368,valid_header_swapped,true
20260228,bus,bus:167000103,167000103,41103,작전서운동행정복지센터,계양구,계양구,작전서운동,,37.5277977,126.7365324,valid_header_swapped,true
20260228,bus,bus:167000104,167000104,41104,작전서운동행정복지센터,계양구,계양구,작전서운동,,37.5279253,126.7364927,valid_header_swapped,true
20260228,bus,bus:167000561,167000561,41561,작전역,계양구,계양구,작전2동,,37.5303910,126.7215223,valid_header_swapped,true
20260228,bus,bus:167000562,167000562,41562,작전역,계양구,계양구,작전2동,,37.5304453,126.7232201,valid_header_swapped,true
20260228,bus,bus:167000047,167000047,41047,작전역 서해그랑블,계양구,계양구,작전2동,,37.5280231,126.7198986,valid_header_swapped,true
20260228,bus,bus:167000414,167000414,41414,작전역 서해그랑블,계양구,계양구,작전2동,,37.5279203,126.7204384,valid_header_swapped,true
20260228,bus,bus:167000095,167000095,41095,작전역1번출구,계양구,계양구,작전2동,,37.5316322,126.7228053,valid_header_swapped,true
20260228,bus,bus:167000092,167000092,41092,작전역2번출구,계양구,계양구,작전2동,,37.5306385,126.7228941,valid_header_swapped,true
20260228,bus,bus:167000076,167000076,41076,작전역3번출구,계양구,계양구,작전2동,,37.5301886,126.7232521,valid_header_swapped,true
20260228,bus,bus:167000062,167000062,41062,작전역4번출구,계양구,계양구,작전2동,,37.5294052,126.7227610,valid_header_swapped,true
20260228,bus,bus:167000057,167000057,41057,작전역5번출구,계양구,계양구,작전2동,,37.5290163,126.7223695,valid_header_swapped,true
20260228,bus,bus:167000433,167000433,41433,작전역6번출구,계양구,계양구,작전2동,,37.5302430,126.7215721,valid_header_swapped,true
20260228,bus,bus:167000401,167000401,41401,작전역7번출구,계양구,계양구,작전2동,,37.5306439,126.7204835,valid_header_swapped,true
20260228,bus,bus:167000093,167000093,41093,작전역8번출구,계양구,계양구,작전2동,,37.5314392,126.7223549,valid_header_swapped,true
20260228,bus,bus:167000116,167000116,41116,작전중고.여고앞,계양구,계양구,작전1동,,37.5318215,126.7279968,valid_header_swapped,true
20260228,bus,bus:167000127,167000127,41127,작전초등학교,계양구,계양구,작전1동,,37.5339181,126.7280516,valid_header_swapped,true
20260228,bus,bus:167000128,167000128,41128,작전초등학교,계양구,계양구,작전2동,,37.5340515,126.7278493,valid_header_swapped,true
20260228,bus,bus:167000080,167000080,41080,작전풍림아파트,계양구,계양구,작전서운동,,37.5270596,126.7334873,valid_header_swapped,true
20260228,bus,bus:167000091,167000091,41091,작전풍림아파트,계양구,계양구,작전1동,,37.5277881,126.7331809,valid_header_swapped,true
20260228,bus,bus:161000856,161000856,35856,잔다리,중구,영종구,영종동,,37.5042629,126.5388100,valid_header_swapped,true
20260228,bus,bus:161000857,161000857,35857,잔다리,중구,영종구,영종동,,37.5041826,126.5386840,valid_header_swapped,true
20260228,bus,bus:161000941,161000941,35941,잔다리(지오빌앞),중구,영종구,영종동,,37.5052193,126.5350234,valid_header_swapped,true
20260228,bus,bus:161000943,161000943,35943,잔다리(지오빌앞),중구,영종구,영종동,,37.5052921,126.5351104,valid_header_swapped,true
20260228,bus,bus:161000559,161000559,35559,잔다리사거리,중구,영종구,영종동,,37.5046835,126.5372428,valid_header_swapped,true
20260228,bus,bus:161000519,161000519,35519,잔다리사거리,중구,영종구,영종동,,37.5045306,126.5372896,valid_header_swapped,true
20260228,bus,bus:161000867,161000867,35867,잔다리새마을,중구,영종구,영종동,,37.4990173,126.5431521,valid_header_swapped,true
20260228,bus,bus:161000866,161000866,35866,잔다리새마을,중구,영종구,영종동,,37.4991388,126.5433857,valid_header_swapped,true
20260228,bus,bus:170000043,170000043,44043,잔대동,옹진군,옹진군,백령면,,,,missing,false
20260228,bus,bus:169000943,169000943,43943,잔솔밭,강화군,강화군,양사면,,37.7964695,126.3790928,valid_header_swapped,true
20260228,bus,bus:169000944,169000944,43944,잔솔밭,강화군,강화군,양사면,,37.7963210,126.3791476,valid_header_swapped,true
20260228,bus,bus:123000042,123000042,33042,잠실역(1번.11번출구),코드정보 없음,코드정보 없음,잠실6동,,37.5141135,127.1030876,outside_incheon_bounds,false
20260228,bus,bus:161000744,161000744,35744,잠진도삼거리,중구,영종구,용유동,,37.4199691,126.4155149,valid_header_swapped,true
20260228,bus,bus:161000743,161000743,35743,잠진도삼거리,중구,영종구,용유동,,37.4199226,126.4156064,valid_header_swapped,true
20260228,bus,bus:161000749,161000749,35749,잠진도입구,중구,영종구,용유동,,37.4222687,126.4200751,valid_header_swapped,true
20260228,bus,bus:161000750,161000750,35750,잠진도입구,중구,영종구,용유동,,37.4221732,126.4200776,valid_header_swapped,true
20260228,bus,bus:170000190,170000190,44190,장경리공영주차장,옹진군,옹진군,영흥면,,37.2728262,126.4517830,valid_header_swapped,true
20260228,bus,bus:170000141,170000141,44141,장경리공영주차장,옹진군,옹진군,영흥면,,37.2729832,126.4518980,valid_header_swapped,true
20260228,bus,bus:170000191,170000191,44191,장경리해수욕장,옹진군,옹진군,영흥면,,37.2726922,126.4505990,valid_header_swapped,true
20260228,bus,bus:170000092,170000092,44092,장경리해수욕장,옹진군,옹진군,영흥면,,37.2729722,126.4505770,valid_header_swapped,true
20260228,bus,bus:232000358,232000358,80066,장곡.고촌고등학교,코드정보 없음,코드정보 없음,고촌면,,37.6058485,126.7493028,valid_header_swapped,false
20260228,bus,bus:232000584,232000584,80288,장곡.고촌고등학교,코드정보 없음,코드정보 없음,고촌면,,37.6073052,126.7456525,valid_header_swapped,false
20260228,bus,bus:170000080,170000080,44080,장골해수욕장,옹진군,옹진군,자월면,,,,missing,false
20260228,bus,bus:169000932,169000932,43932,장곶돈대,강화군,강화군,화도면,,37.6358576,126.3727486,valid_header_swapped,true
20260228,bus,bus:169000931,169000931,43931,장곶돈대,강화군,강화군,화도면,,37.6352697,126.3744597,valid_header_swapped,true
20260228,bus,bus:169000478,169000478,43478,장곶횟집,강화군,강화군,화도면,,37.6288940,126.3772110,valid_header_swapped,true
20260228,bus,bus:169000118,169000118,43118,장곶횟집,강화군,강화군,화도면,,37.6289436,126.3773650,valid_header_swapped,true
20260228,bus,bus:169001354,169001354,90354,장구란,강화군,강화군,석모리,,37.7059890,126.3054771,valid_header_swapped,true
20260228,bus,bus:169001349,169001349,90349,장구란,강화군,강화군,석모리,,37.7060975,126.3055728,valid_header_swapped,true
20260228,bus,bus:167000348,167000348,41348,장기동,계양구,계양구,계양1동,,37.5786349,126.7347630,valid_header_swapped,true
20260228,bus,bus:167000347,167000347,41347,장기동,계양구,계양구,계양1동,,37.5779864,126.7353242,valid_header_swapped,true
20260228,bus,bus:167000345,167000345,41345,장기동.인천계양초등학교,계양구,계양구,계양1동,,37.5772000,126.7337843,valid_header_swapped,true
20260228,bus,bus:167000346,167000346,41346,장기동.인천계양초등학교,계양구,계양구,계양1동,,37.5776082,126.7339081,valid_header_swapped,true
20260228,bus,bus:232000368,232000368,35204,장기본동행정복지센터,기타,기타,김포시,,37.6527539,126.6715019,valid_header_swapped,false
20260228,bus,bus:232000420,232000420,35206,장기본동행정복지센터.성창.에일린의뜰,기타,기타,김포시,,37.6531243,126.6717259,valid_header_swapped,false
20260228,bus,bus:232000366,232000366,35211,장기사거리.수정마을,기타,기타,김포시,,37.6430415,126.6817291,valid_header_swapped,false
20260228,bus,bus:232000554,232000554,35501,장기역.신영아파트,계양구,계양구,장기동,,,,missing,false
20260228,bus,bus:232000553,232000553,35505,장기역.주공아파트,계양구,계양구,장기동,,,,missing,false
20260228,bus,bus:167000672,167000672,41672,장기황어체육관,계양구,계양구,계양1동,,37.5795936,126.7375579,valid_header_swapped,true
20260228,bus,bus:165000129,165000129,39129,장도초등학교,남동구,남동구,논현고잔동,,37.4064712,126.7343303,valid_header_swapped,true
20260228,bus,bus:165000127,165000127,39127,장도초등학교,남동구,남동구,논현1동,,37.4069015,126.7333672,valid_header_swapped,true
20260228,bus,bus:232000353,232000353,80047,장릉입구,코드정보 없음,코드정보 없음,사우동,,37.6127886,126.7248871,valid_header_swapped,false
20260228,bus,bus:232000345,232000345,80046,장릉입구,코드정보 없음,코드정보 없음,사우동,,37.6127761,126.7251318,valid_header_swapped,false
20260228,bus,bus:163000044,163000044,37044,장미아파트,미추홀구,미추홀구,학익1동,,37.4432177,126.6568846,valid_header_swapped,true
20260228,bus,bus:163000540,163000540,37540,장미아파트(19동)앞,미추홀구,미추홀구,학익1동,,37.4456751,126.6564638,valid_header_swapped,true
20260228,bus,bus:163000474,163000474,37474,장미아파트(19동)앞,미추홀구,미추홀구,학익1동,,37.4457448,126.6562100,valid_header_swapped,true
20260228,bus,bus:163000092,163000092,37092,장미아파트·학익초등학교,미추홀구,미추홀구,학익1동,,37.4454378,126.6577374,valid_header_swapped,true
20260228,bus,bus:163000094,163000094,37094,장미아파트·학익초등학교,미추홀구,미추홀구,학익1동,,37.4457604,126.6576049,valid_header_swapped,true
20260228,bus,bus:170000029,170000029,44029,장봉1리,옹진군,옹진군,북도면,,,,missing,false
20260228,bus,bus:170000028,170000028,44028,장봉4리,옹진군,옹진군,북도면,,,,missing,false
20260228,bus,bus:165000965,165000965,39965,장서초등학교,남동구,남동구,장수서창동,,37.4296951,126.7464739,valid_header_swapped,true
20260228,bus,bus:165000966,165000966,39966,장서초등학교,남동구,남동구,장수서창동,,37.4299348,126.7464027,valid_header_swapped,true
20260228,bus,bus:165000580,165000580,39580,장수.서창동행정복지센터,남동구,남동구,장수서창동,,37.4357933,126.7478498,valid_header_swapped,true
20260228,bus,bus:165000581,165000581,39581,장수.서창동행정복지센터,남동구,남동구,장수서창동,,37.4356119,126.7483278,valid_header_swapped,true
20260228,bus,bus:165001064,165001064,92064,장수공영차고지,남동구,남동구,장수동,,37.4628632,126.7505889,valid_header_swapped,true
20260228,bus,bus:165000566,165000566,39566,장수공영차고지,남동구,남동구,장수서창동,,37.4632602,126.7507681,valid_header_swapped,true
20260228,bus,bus:165000336,165000336,39336,장수교,남동구,남동구,장수서창동,,37.4471332,126.7465270,valid_header_swapped,true
20260228,bus,bus:165000337,165000337,39337,장수교(서창동입구),남동구,남동구,장수서창동,,37.4469329,126.7471447,valid_header_swapped,true
20260228,bus,bus:165000391,165000391,39391,장수동,남동구,남동구,장수서창동,,37.4490196,126.7506582,valid_header_swapped,true
20260228,bus,bus:165000393,165000393,39393,장수동,남동구,남동구,장수서창동,,37.4493030,126.7506965,valid_header_swapped,true
20260228,bus,bus:165000373,165000373,39373,장수동,남동구,남동구,장수서창동,,37.4486701,126.7492995,valid_header_swapped,true
20260228,bus,bus:165000577,165000577,39577,장수빌라,남동구,남동구,장수서창동,,37.4507496,126.7535621,valid_header_swapped,true
20260228,bus,bus:165000397,165000397,39397,장수사거리,남동구,남동구,장수서창동,,37.4506912,126.7498110,valid_header_swapped,true
20260228,bus,bus:165000389,165000389,39389,장수사거리,남동구,남동구,장수서창동,,37.4497902,126.7482762,valid_header_swapped,true
20260228,bus,bus:165000501,165000501,39501,장수사거리,남동구,남동구,장수서창동,,37.4494361,126.7485650,valid_header_swapped,true
20260228,bus,bus:165000542,165000542,39542,장수사거리,남동구,남동구,장수서창동,,37.4500754,126.7496079,valid_header_swapped,true
20260228,bus,bus:165000417,165000417,39417,장수주공(청소년수련원),남동구,남동구,장수서창동,,37.4516265,126.7499067,valid_header_swapped,true
20260228,bus,bus:165000424,165000424,39424,장수주공(청소년수련원),남동구,남동구,장수서창동,,37.4517313,126.7504072,valid_header_swapped,true
20260228,bus,bus:165000352,165000352,39352,장수초등학교,남동구,남동구,만수1동,,37.4496647,126.7416680,valid_header_swapped,true
20260228,bus,bus:165000342,165000342,39342,장수초등학교,남동구,남동구,만수1동,,37.4492503,126.7414295,valid_header_swapped,true
20260228,bus,bus:165000543,165000543,39543,장수파출소,남동구,남동구,장수서창동,,37.4514669,126.7518318,valid_header_swapped,true
20260228,bus,bus:169001028,169001028,90028,장승마루,강화군,강화군,교동면,,37.7730815,126.2858384,valid_header_swapped,true
20260228,bus,bus:169001029,169001029,90029,장승마루,강화군,강화군,교동면,,37.7731581,126.2859672,valid_header_swapped,true
20260228,bus,bus:169000714,169000714,43714,장승마을,강화군,강화군,강화읍,,37.7571936,126.5023350,valid_header_swapped,true
20260228,bus,bus:169000200,169000200,43200,장승마을,강화군,강화군,강화읍,,37.7570986,126.5024664,valid_header_swapped,true
20260228,bus,bus:165000280,165000280,39280,장승백이시장,남동구,남동구,만수3동,,37.4461554,126.7349016,valid_header_swapped,true
20260228,bus,bus:165000282,165000282,39282,장승백이시장,남동구,남동구,만수3동,,37.4462601,126.7345658,valid_header_swapped,true
20260228,bus,bus:165000873,165000873,39873,장아초등학교,남동구,남동구,서창2동,,37.4236292,126.7542949,valid_header_swapped,true
20260228,bus,bus:165000874,165000874,39874,장아초등학교,남동구,남동구,장수서창동,,37.4241244,126.7556416,valid_header_swapped,true
20260228,bus,bus:169000418,169000418,43418,장안,강화군,강화군,화도면,,37.6065599,126.4137074,valid_header_swapped,true
20260228,bus,bus:169000445,169000445,43445,장안,강화군,강화군,화도면,,37.6064206,126.4137385,valid_header_swapped,true
20260228,bus,bus:169000133,169000133,43133,장안마을,강화군,강화군,불은면,,37.6799653,126.4916137,valid_header_swapped,true
20260228,bus,bus:169000855,169000855,43855,장안마을,강화군,강화군,불은면,,37.6799822,126.4913596,valid_header_swapped,true
20260228,bus,bus:169001084,169001084,90084,장안말(구초지분교)입구,강화군,강화군,길상면,,37.6228212,126.5169765,valid_header_swapped,true
20260228,bus,bus:169001083,169001083,90083,장안말(구초지분교)입구,강화군,강화군,길상면,,37.6228998,126.5158899,valid_header_swapped,true
20260228,bus,bus:169000892,169000892,43892,장안말(온천스파),강화군,강화군,길상면,,37.6195903,126.5073088,valid_header_swapped,true
20260228,bus,bus:169000144,169000144,43144,장안말(온천스파),강화군,강화군,길상면,,37.6196151,126.5075139,valid_header_swapped,true
20260228,bus,bus:169000253,169000253,43253,장안말(온천스파),강화군,강화군,길상면,,37.6197465,126.5071854,valid_header_swapped,true
20260228,bus,bus:163000295,163000295,37295,장안사거리,미추홀구,미추홀구,숭의13동,,37.4635812,126.6459398,valid_header_swapped,true
20260228,bus,bus:163000285,163000285,37285,장안사거리,미추홀구,미추홀구,숭의2동,,37.4629635,126.6448920,valid_header_swapped,true
20260228,bus,bus:169000933,169000933,43933,장안촌동쪽,강화군,강화군,불은면,,37.6781685,126.4943571,valid_header_swapped,true
20260228,bus,bus:169001324,169001324,90324,장암마을,강화군,강화군,삼산면,,37.7059631,126.3012096,valid_header_swapped,true
20260228,bus,bus:169001155,169001155,90155,장암마을,강화군,강화군,삼산면,,37.7050932,126.3009696,valid_header_swapped,true
20260228,bus,bus:169001156,169001156,90156,장암마을,강화군,강화군,삼산면,,37.7049477,126.3007828,valid_header_swapped,true
20260228,bus,bus:169001332,169001332,90332,장암마을,강화군,강화군,삼산면,,37.7058738,126.3014274,valid_header_swapped,true
20260228,bus,bus:163000249,163000249,37249,장애인복지관,미추홀구,미추홀구,관교동,,37.4463942,126.6901778,valid_header_swapped,true
20260228,bus,bus:169000627,169000627,43627,장애인종합복지관,강화군,강화군,강화읍,,37.7347916,126.4825749,valid_header_swapped,true
20260228,bus,bus:169000320,169000320,43320,장애인종합복지관,강화군,강화군,강화읍,,37.7348680,126.4824774,valid_header_swapped,true
20260228,bus,bus:165000706,165000706,39706,장인가구,남동구,남동구,논현고잔동,,37.3863021,126.6924263,valid_header_swapped,true
20260228,bus,bus:169000257,169000257,43257,장자말,강화군,강화군,길상면,,37.6260301,126.5187393,valid_header_swapped,true
20260228,bus,bus:169000142,169000142,43142,장자말,강화군,강화군,길상면,,37.6260550,126.5184564,valid_header_swapped,true
20260228,bus,bus:169000255,169000255,43255,장자촌,강화군,강화군,길상면,,37.6238623,126.5097953,valid_header_swapped,true
20260228,bus,bus:169000141,169000141,43141,장자촌,강화군,강화군,길상면,,37.6237213,126.5097917,valid_header_swapped,true
20260228,bus,bus:169000500,169000500,43500,장전,강화군,강화군,화도면,,37.5986005,126.4339054,valid_header_swapped,true
20260228,bus,bus:169000415,169000415,43415,장전,강화군,강화군,화도면,,37.5986107,126.4335449,valid_header_swapped,true
20260228,bus,bus:169000693,169000693,43693,장정2리마을회관,강화군,강화군,하점면,,37.7822980,126.4344227,valid_header_swapped,true
20260228,bus,bus:169000665,169000665,43665,장정2리마을회관,강화군,강화군,하점면,,37.7822399,126.4345344,valid_header_swapped,true
20260228,bus,bus:123000033,123000033,33033,장지역,코드정보 없음,코드정보 없음,장지동,,37.4790498,127.1261674,outside_incheon_bounds,false
20260228,bus,bus:123000040,123000040,33040,장지역,코드정보 없음,코드정보 없음,문정2동,,37.4801141,127.1253869,outside_incheon_bounds,false
20260228,bus,bus:169001238,169001238,90238,장지포,강화군,강화군,내가면,,37.6917449,126.3906791,valid_header_swapped,true
20260228,bus,bus:169001239,169001239,90239,장지포,강화군,강화군,내가면,,37.6917851,126.3910188,valid_header_swapped,true
20260228,bus,bus:163000610,163000610,37610,장천사거리,미추홀구,미추홀구,숭의4동,,37.4615120,126.6526951,valid_header_swapped,true
20260228,bus,bus:163000282,163000282,37282,장천사거리,미추홀구,미추홀구,숭의2동,,37.4608861,126.6510367,valid_header_swapped,true
20260228,bus,bus:163000651,163000651,37651,장천사거리,미추홀구,미추홀구,숭의2동,,37.4610357,126.6509864,valid_header_swapped,true
20260228,bus,bus:170000042,170000042,44042,장촌,옹진군,옹진군,백령면,,,,missing,false
20260228,bus,bus:169001379,169001379,90379,장촌길 입구,강화군,강화군,길상면,,37.6495118,126.4856447,valid_header_swapped,true
20260228,bus,bus:169001382,169001382,90382,장촌길 입구,강화군,강화군,길상면,,37.6494629,126.4855338,valid_header_swapped,true
20260228,bus,bus:161000475,161000475,35475,장촌마을,중구,영종구,영종동,,37.5131676,126.5137704,valid_header_swapped,true
20260228,bus,bus:161000476,161000476,35476,장촌마을,중구,영종구,영종동,,37.5132622,126.5138252,valid_header_swapped,true
20260228,bus,bus:161000397,161000397,35397,장촌빌라,중구,영종구,영종동,,37.5107727,126.5162479,valid_header_swapped,true
20260228,bus,bus:161000321,161000321,35321,장촌빌라,중구,영종구,영종동,,37.5106080,126.5162776,valid_header_swapped,true
20260228,bus,bus:169000204,169000204,43204,장하,강화군,강화군,양도면,,37.6508832,126.4517698,valid_header_swapped,true
20260228,bus,bus:169000184,169000184,43184,장하,강화군,강화군,양도면,,37.6510034,126.4517735,valid_header_swapped,true
20260228,bus,bus:169000539,169000539,43539,장화교회앞,강화군,강화군,화도면,,37.6174387,126.3831404,valid_header_swapped,true
20260228,bus,bus:169000121,169000121,43121,장화교회앞,강화군,강화군,화도면,,37.6173418,126.3829050,valid_header_swapped,true
20260228,bus,bus:169000474,169000474,43474,장화리학생수련원,강화군,강화군,화도면,,37.6227112,126.3808484,valid_header_swapped,true
20260228,bus,bus:169000426,169000426,43426,장화리학생수련원,강화군,강화군,화도면,,37.6227176,126.3805529,valid_header_swapped,true
20260228,bus,bus:169000211,169000211,43211,장흥낚시터,강화군,강화군,길상면,,37.6151739,126.5110554,valid_header_swapped,true
20260228,bus,bus:169000890,169000890,43890,장흥낚시터,강화군,강화군,길상면,,37.6153575,126.5111094,valid_header_swapped,true
20260228,bus,bus:169000643,169000643,43643,장흥리종점,강화군,강화군,길상면,,37.6064808,126.5163816,valid_header_swapped,true
20260228,bus,bus:169000888,169000888,43888,장흥리종점,강화군,강화군,길상면,,37.6065595,126.5161751,valid_header_swapped,true
20260228,bus,bus:169000641,169000641,43641,장흥매점,강화군,강화군,길상면,,37.6167077,126.5100535,valid_header_swapped,true
20260228,bus,bus:169000891,169000891,43891,장흥매점,강화군,강화군,길상면,,37.6168055,126.5096934,valid_header_swapped,true
20260228,bus,bus:169000881,169000881,43881,장흥삼거리,강화군,강화군,길상면,,37.6116796,126.5196364,valid_header_swapped,true
20260228,bus,bus:169000153,169000153,43153,장흥삼거리,강화군,강화군,길상면,,37.6113220,126.5197159,valid_header_swapped,true
20260228,bus,bus:169001082,169001082,90082,장흥저수지(성공회.해든뮤지움),강화군,강화군,길상면,,37.6230357,126.5099376,valid_header_swapped,true
20260228,bus,bus:169001081,169001081,90081,장흥저수지(성공회.해든뮤지움),강화군,강화군,길상면,,37.6232752,126.5083080,valid_header_swapped,true
20260228,bus,bus:164000756,164000756,38754,재능대·한국외대 송도캠퍼스,연수구,연수구,송도3동,,37.3688494,126.6634708,valid_header_swapped,true
20260228,bus,bus:164000757,164000757,38755,재능대·한국외대 송도캠퍼스,연수구,연수구,송도3동,,37.3685798,126.6634166,valid_header_swapped,true
20260228,bus,bus:162000119,162000119,36119,재능대학교서문,동구,제물포구,송림4동,,37.4776452,126.6502531,valid_header_swapped,true
20260228,bus,bus:162000058,162000058,36058,재능대학교서문,동구,제물포구,송림4동,,37.4773894,126.6504008,valid_header_swapped,true
20260228,bus,bus:169000165,169000165,43165,재활용품수집장,강화군,강화군,불은면,,37.6860680,126.4757967,valid_header_swapped,true
20260228,bus,bus:169000264,169000264,43264,저수지관리소,강화군,강화군,내가면,,37.7279540,126.3971087,valid_header_swapped,true
20260228,bus,bus:169000763,169000763,43763,저수지휴게소,강화군,강화군,강화읍,,37.7438732,126.4678973,valid_header_swapped,true
20260228,bus,bus:169000567,169000567,43567,저수지휴게소,강화군,강화군,강화읍,,37.7441093,126.4683091,valid_header_swapped,true
20260228,bus,bus:169000709,169000709,43709,적두마을(월곳교회),강화군,강화군,강화읍,,37.7769166,126.5068642,valid_header_swapped,true
20260228,bus,bus:169000190,169000190,43190,적두마을(월곳교회),강화군,강화군,강화읍,,37.7768191,126.5067432,valid_header_swapped,true
20260228,bus,bus:169000847,169000847,43847,적석사입구,강화군,강화군,내가면,,37.7304885,126.4235047,valid_header_swapped,true
20260228,bus,bus:169000348,169000348,43348,적석사입구,강화군,강화군,내가면,,37.7305705,126.4236980,valid_header_swapped,true
20260228,bus,bus:161000199,161000199,35199,전동교회,중구,제물포구,동인천동,,37.4791768,126.6272959,valid_header_swapped,true
20260228,bus,bus:161000200,161000200,35200,전동교회,중구,제물포구,동인천동,,37.4793868,126.6275128,valid_header_swapped,true
20260228,bus,bus:169001188,169001188,90188,전득이고개입구,강화군,강화군,삼산면,,37.6798323,126.3684147,valid_header_swapped,true
20260228,bus,bus:169001187,169001187,90187,전득이고개입구,강화군,강화군,삼산면,,37.6799986,126.3684599,valid_header_swapped,true
20260228,bus,bus:169000477,169000477,43477,전들,강화군,강화군,양사면,,37.7889117,126.3679557,valid_header_swapped,true
20260228,bus,bus:169000835,169000835,43835,전들,강화군,강화군,양사면,,37.7891659,126.3687043,valid_header_swapped,true
20260228,bus,bus:169000893,169000893,43893,전등사남문,강화군,강화군,길상면,,37.6325799,126.4915093,valid_header_swapped,true
20260228,bus,bus:169000515,169000515,43515,전등사남문,강화군,강화군,길상면,,37.6324643,126.4917530,valid_header_swapped,true
20260228,bus,bus:169000521,169000521,43521,전등사동문,강화군,강화군,길상면,,37.6343945,126.4921279,valid_header_swapped,true
20260228,bus,bus:169000895,169000895,43895,전등사동문,강화군,강화군,길상면,,37.6349308,126.4920217,valid_header_swapped,true
20260228,bus,bus:161000232,161000232,35232,전소,중구,영종구,영종동,,37.4921236,126.5329627,valid_header_swapped,true
20260228,bus,bus:161000231,161000231,35231,전소,중구,영종구,영종동,,37.4923529,126.5332083,valid_header_swapped,true
20260228,bus,bus:232000422,232000422,35210,전원마을.김포한강롯데캐슬,기타,기타,김포시,,37.6439120,126.6814625,valid_header_swapped,false
20260228,bus,bus:169000810,169000810,43810,전원미술관앞,강화군,강화군,송해면,,37.7638649,126.4581333,valid_header_swapped,true
20260228,bus,bus:169000387,169000387,43387,전원미술관앞,강화군,강화군,송해면,,37.7637461,126.4581076,valid_header_swapped,true
20260228,bus,bus:169001401,169001401,90401,절아래,강화군,강화군,삼산면,,37.6842816,126.3193979,valid_header_swapped,true
20260228,bus,bus:169001402,169001402,90402,절아래,강화군,강화군,삼산면,,37.6842606,126.3192364,valid_header_swapped,true
20260228,bus,bus:169000414,169000414,43414,점촌,강화군,강화군,하점면,,37.7668919,126.4276857,valid_header_swapped,true
20260228,bus,bus:169000806,169000806,43806,점촌,강화군,강화군,하점면,,37.7670930,126.4277112,valid_header_swapped,true
20260228,bus,bus:161000828,161000828,35828,젓개마을,중구,영종구,영종동,,37.5069032,126.5088455,valid_header_swapped,true
20260228,bus,bus:161000829,161000829,35829,젓개마을,중구,영종구,영종동,,37.5068232,126.5089106,valid_header_swapped,true
20260228,bus,bus:161000322,161000322,35322,젓개마을입구,중구,영종구,영종동,,37.5054655,126.5051970,valid_header_swapped,true
20260228,bus,bus:161000398,161000398,35398,젓개마을입구,중구,영종구,영종동,,37.5053732,126.5052954,valid_header_swapped,true
20260228,bus,bus:163000008,163000008,37008,정광아파트(병무청),미추홀구,미추홀구,학익1동,,37.4389371,126.6571558,valid_header_swapped,true
20260228,bus,bus:163000009,163000009,37009,정광아파트(병무청),미추홀구,미추홀구,학익1동,,37.4389769,126.6569348,valid_header_swapped,true
20260228,bus,bus:165000477,165000477,39477,정광아파트.만수주공11단지,남동구,남동구,만수2동,,37.4630938,126.7401833,valid_header_swapped,true
20260228,bus,bus:165000476,165000476,39476,정광아파트.만수주공11단지,남동구,남동구,만수4동,,37.4629106,126.7402139,valid_header_swapped,true
20260228,bus,bus:161000083,161000083,35083,정기무역,중구,제물포구,연안동,,37.4554478,126.6093775,valid_header_swapped,true
20260228,bus,bus:165001024,165001024,92024,정다운그린빌,남동구,남동구,장수서창동,,37.4384642,126.7487072,valid_header_swapped,true
20260228,bus,bus:166000055,166000055,40055,정든마을아파트,부평구,부평구,십정2동,,37.4760466,126.7006156,valid_header_swapped,true
20260228,bus,bus:166000057,166000057,40057,정든마을아파트,부평구,부평구,십정1동,,37.4759367,126.7003922,valid_header_swapped,true
20260228,bus,bus:166000413,166000413,40413,정병원,부평구,부평구,부개2동,,37.4974842,126.7379174,valid_header_swapped,true
20260228,bus,bus:163000692,163000692,37692,정부인천지방합동청사,미추홀구,미추홀구,도화23동,,37.4698238,126.6622954,valid_header_swapped,true
20260228,bus,bus:163000388,163000388,37388,정부인천지방합동청사,미추홀구,미추홀구,도화23동,,37.4685491,126.6633020,valid_header_swapped,true
20260228,bus,bus:163000386,163000386,37386,정부인천지방합동청사,미추홀구,미추홀구,도화23동,,37.4682569,126.6628936,valid_header_swapped,true
20260228,bus,bus:163000691,163000691,37691,정부인천지방합동청사,미추홀구,미추홀구,도화동,,37.4696211,126.6621515,valid_header_swapped,true
20260228,bus,bus:163000005,163000005,37005,정비단지,미추홀구,미추홀구,학익1동,,37.4393920,126.6336103,valid_header_swapped,true
20260228,bus,bus:163000006,163000006,37006,정비단지,미추홀구,미추홀구,학익1동,,37.4392212,126.6332400,valid_header_swapped,true
20260228,bus,bus:168001234,168001234,89234,정서진삼거리,서구,검단구,오류왕길동,,37.5580676,126.6141419,valid_header_swapped,true
20260228,bus,bus:163000168,163000168,37168,정석항공과학고,미추홀구,미추홀구,용현14동,,37.4502018,126.6600027,valid_header_swapped,true
20260228,bus,bus:163000170,163000170,37170,정석항공과학고,미추홀구,미추홀구,용현14동,,37.4504826,126.6597712,valid_header_swapped,true
20260228,bus,bus:169000404,169000404,43404,정수사입구,강화군,강화군,화도면,,37.6043412,126.4571655,valid_header_swapped,true
20260228,bus,bus:169000436,169000436,43436,정수사입구,강화군,강화군,화도면,,37.6043175,126.4569780,valid_header_swapped,true
20260228,bus,bus:165001007,165001007,92007,정왕IC(미정차),남동구,남동구,논현고잔동,,37.3803871,126.7315599,valid_header_swapped,true
20260228,bus,bus:165001001,165001001,92001,정왕IC(미정차),남동구,남동구,논현고잔동,,37.3799988,126.7305283,valid_header_swapped,true
20260228,bus,bus:169000208,169000208,43208,정하,강화군,강화군,양도면,,37.6497563,126.4641825,valid_header_swapped,true
20260228,bus,bus:169000183,169000183,43183,정하,강화군,강화군,양도면,,37.6495999,126.4642432,valid_header_swapped,true
20260228,bus,bus:163000311,163000311,37311,제물포시장,미추홀구,미추홀구,숭의4동,,37.4628650,126.6570120,valid_header_swapped,true
20260228,bus,bus:163000310,163000310,37310,제물포시장,미추홀구,미추홀구,숭의4동,,37.4628499,126.6568164,valid_header_swapped,true
20260228,bus,bus:163000499,163000499,37499,제물포신협(구박문여고),미추홀구,미추홀구,도화23동,,37.4692643,126.6507235,valid_header_swapped,true
20260228,bus,bus:162000003,162000003,36003,제물포신협(구박문여고),동구,제물포구,송림35동,,37.4696175,126.6500839,valid_header_swapped,true
20260228,bus,bus:163000288,163000288,37288,제물포여자중학교,미추홀구,미추홀구,주안8동,,37.4495520,126.6901499,valid_header_swapped,true
20260228,bus,bus:163000290,163000290,37290,제물포여자중학교,미추홀구,미추홀구,주안8동,,37.4496880,126.6897732,valid_header_swapped,true
20260228,bus,bus:163000298,163000298,37298,제물포여자중학교,미추홀구,미추홀구,주안4동,,37.4510433,126.6883875,valid_header_swapped,true
20260228,bus,bus:163000496,163000496,37496,제물포역,미추홀구,미추홀구,숭의4동,,37.4661565,126.6573029,valid_header_swapped,true
20260228,bus,bus:163000502,163000502,37502,제물포역,미추홀구,미추홀구,도화23동,,37.4676859,126.6568221,valid_header_swapped,true
20260228,bus,bus:163000355,163000355,37355,제물포역,미추홀구,미추홀구,도화1동,,37.4664111,126.6573328,valid_header_swapped,true
20260228,bus,bus:163000498,163000498,37498,제물포역,미추홀구,미추홀구,숭의13동,,37.4663919,126.6550946,valid_header_swapped,true
20260228,bus,bus:163000364,163000364,37364,제물포역,미추홀구,미추홀구,도화23동,,37.4681008,126.6551662,valid_header_swapped,true
20260228,bus,bus:163000339,163000339,37339,제물포역(동양빌딩),미추홀구,미추홀구,숭의4동,,37.4661216,126.6550781,valid_header_swapped,true
20260228,bus,bus:168000064,168000064,42064,제물포중학교,서구,서해구,가좌4동,,37.4883469,126.6869239,valid_header_swapped,true
20260228,bus,bus:168000065,168000065,42065,제물포중학교,서구,서해구,가좌4동,,37.4884525,126.6867236,valid_header_swapped,true
20260228,bus,bus:163000184,163000184,37184,제운사거리,미추홀구,미추홀구,용현14동,,37.4491799,126.6658354,valid_header_swapped,true
20260228,bus,bus:163000177,163000177,37177,제운사거리,미추홀구,미추홀구,용현14동,,37.4488760,126.6665816,valid_header_swapped,true
20260228,bus,bus:163000175,163000175,37175,제운사거리(청년창업특화거리),미추홀구,미추홀구,용현14동,,37.4483973,126.6675897,valid_header_swapped,true
20260228,bus,bus:163000534,163000534,37534,제운사거리(청년창업특화거리),미추홀구,미추홀구,주안3동,,37.4484395,126.6678187,valid_header_swapped,true
20260228,bus,bus:163000316,163000316,37316,제일시장,미추홀구,미추홀구,도화1동,,37.4587156,126.6743077,valid_header_swapped,true
20260228,bus,bus:163000329,163000329,37329,제일시장,미추홀구,미추홀구,도화1동,,37.4591666,126.6754375,valid_header_swapped,true
20260228,bus,bus:163000667,163000667,37667,제일시장사거리,미추홀구,미추홀구,도화1동,,37.4590152,126.6728499,valid_header_swapped,true
20260228,bus,bus:212000122,212000122,57020,제일주유소,코드정보 없음,코드정보 없음,신흥동,,37.5259053,126.7698887,valid_header_swapped,false
20260228,bus,bus:212000313,212000313,57021,제일주유소,코드정보 없음,코드정보 없음,신흥동,,37.5257313,126.7714210,valid_header_swapped,false
20260228,bus,bus:168000833,168000833,42833,제일풍경채,서구,서해구,청라2동,,37.5392028,126.6496197,valid_header_swapped,true
20260228,bus,bus:168001350,168001350,89350,제일풍경채1차정문앞,서구,서해구,청라동,,37.5389751,126.6464355,valid_header_swapped,true
20260228,bus,bus:168001349,168001349,89349,제일풍경채2차,서구,서해구,청라동,,37.5385897,126.6468327,valid_header_swapped,true
20260228,bus,bus:168000866,168000866,42866,제일풍경채2차321동앞,서구,서해구,청라2동,,37.5375073,126.6444462,valid_header_swapped,true
20260228,bus,bus:168000873,168000873,42873,제일풍경채2차321동앞,서구,서해구,청라2동,,37.5378238,126.6448818,valid_header_swapped,true
20260228,bus,bus:168000891,168000891,42891,제일풍경채2차323동앞,서구,서해구,청라2동,,37.5362335,126.6451426,valid_header_swapped,true
20260228,bus,bus:168000989,168000989,42989,제일풍경채2차331동앞,서구,서해구,청라2동,,37.5362806,126.6485285,valid_header_swapped,true
20260228,bus,bus:161000616,161000616,35616,제일풍경채디오션아파트,중구,영종구,영종동,,37.4771816,126.5319920,valid_header_swapped,true
20260228,bus,bus:161000617,161000617,35617,제일풍경채디오션아파트,중구,영종구,영종동,,37.4774263,126.5319289,valid_header_swapped,true
20260228,bus,bus:169001060,169001060,90060,제적봉앞마을,강화군,강화군,양사면,,37.8223648,126.4220351,valid_header_swapped,true
20260228,bus,bus:169001061,169001061,90061,제적봉앞마을,강화군,강화군,양사면,,37.8222680,126.4222680,valid_header_swapped,true
20260228,bus,bus:169000654,169000654,43654,제적봉입구,강화군,강화군,양사면,,37.8238271,126.4246112,valid_header_swapped,true
20260228,bus,bus:169000686,169000686,43686,제적봉입구,강화군,강화군,양사면,,37.8238053,126.4248671,valid_header_swapped,true
20260228,bus,bus:169000868,169000868,43868,조광교회입구,강화군,강화군,불은면,,37.6856334,126.4944686,valid_header_swapped,true
20260228,bus,bus:169000533,169000533,43533,조광교회입구,강화군,강화군,불은면,,37.6856704,126.4943164,valid_header_swapped,true
20260228,bus,bus:277103143,277103143,70211,조남JC(미정차),코드정보 없음,코드정보 없음,목감동,,37.3688486,126.8696759,outside_incheon_bounds,false
20260228,bus,bus:277103142,277103142,70210,조남JC(미정차),코드정보 없음,코드정보 없음,목감동,,37.3687830,126.8678977,outside_incheon_bounds,false
20260228,bus,bus:163000511,163000511,37511,조달청(한양2차아파트),미추홀구,미추홀구,용현5동,,37.4534864,126.6326751,valid_header_swapped,true
20260228,bus,bus:161000114,161000114,35114,조달청비축기지,중구,제물포구,연안동,,37.4551642,126.6280121,valid_header_swapped,true
20260228,bus,bus:161000115,161000115,35115,조달청비축기지,중구,제물포구,신흥동,,37.4556064,126.6287539,valid_header_swapped,true
20260228,bus,bus:165000465,165000465,39465,조동초등학교,남동구,남동구,만수4동,,37.4603542,126.7390559,valid_header_swapped,true
20260228,bus,bus:165000464,165000464,39464,조동초등학교,남동구,남동구,만수4동,,37.4597575,126.7387821,valid_header_swapped,true
20260228,bus,bus:232000428,232000428,80069,조리미입구,코드정보 없음,코드정보 없음,사우동,,37.6164555,126.7266288,valid_header_swapped,false
20260228,bus,bus:232000360,232000360,80068,조리미입구,코드정보 없음,코드정보 없음,사우동,,37.6159039,126.7270601,valid_header_swapped,false
20260228,bus,bus:169001350,169001350,90350,조바위,강화군,강화군,건평리,,37.6843129,126.4047180,valid_header_swapped,true
20260228,bus,bus:169001351,169001351,90351,조바위,강화군,강화군,건평리,,37.6843505,126.4049817,valid_header_swapped,true
20260228,bus,bus:169000192,169000192,43192,조산,강화군,강화군,양도면,,37.6500821,126.4386427,valid_header_swapped,true
20260228,bus,bus:169000334,169000334,43334,조산,강화군,강화군,양도면,,37.6499101,126.4386035,valid_header_swapped,true
20260228,bus,bus:169000172,169000172,43172,조산교회,강화군,강화군,양도면,,37.6538242,126.4301410,valid_header_swapped,true
20260228,bus,bus:169000338,169000338,43338,조산교회,강화군,강화군,양도면,,37.6537096,126.4300523,valid_header_swapped,true
20260228,bus,bus:169000593,169000593,43593,조산초등학교,강화군,강화군,양도면,,37.6523616,126.4363704,valid_header_swapped,true
20260228,bus,bus:169000189,169000189,43189,조산초등학교,강화군,강화군,양도면,,37.6528322,126.4362134,valid_header_swapped,true
20260228,bus,bus:169000288,169000288,43288,종갱이,강화군,강화군,양도면,,37.6783178,126.4166691,valid_header_swapped,true
20260228,bus,bus:169000180,169000180,43180,종갱이,강화군,강화군,양도면,,37.6782654,126.4165262,valid_header_swapped,true
20260228,bus,bus:166000005,166000005,40005,종근당,부평구,부평구,십정2동,,37.4694380,126.6979355,valid_header_swapped,true
20260228,bus,bus:166000002,166000002,40002,종근당,부평구,부평구,십정2동,,37.4690691,126.6978497,valid_header_swapped,true
20260228,bus,bus:101000015,101000015,11002,종근당.충정로역,코드정보 없음,코드정보 없음,중림동,,37.5596180,126.9645567,outside_incheon_bounds,false
20260228,bus,bus:212000039,212000039,57007,종로약국,코드정보 없음,코드정보 없음,신흥동,,37.5177481,126.7700159,valid_header_swapped,false
20260228,bus,bus:212000036,212000036,57005,종로약국,코드정보 없음,코드정보 없음,신흥동,,37.5170587,126.7702581,valid_header_swapped,false
20260228,bus,bus:232000284,232000284,80162,종생마을,코드정보 없음,코드정보 없음,대곶면,,37.6514657,126.5876601,valid_header_swapped,false
20260228,bus,bus:232000272,232000272,80161,종생마을,코드정보 없음,코드정보 없음,대곶면,,37.6512821,126.5875169,valid_header_swapped,false
20260228,bus,bus:163000014,163000014,37014,종점(병무청),미추홀구,미추홀구,학익1동,,37.4391867,126.6618857,valid_header_swapped,true
20260228,bus,bus:170000033,170000033,44033,종합운동장,옹진군,옹진군,북도면,,,,missing,false
20260228,bus,bus:165000177,165000177,39177,종합터미널,남동구,남동구,구월1동,,37.4418484,126.7028641,valid_header_swapped,true
20260228,bus,bus:163000242,163000242,37242,종합터미널,미추홀구,미추홀구,관교동,,37.4416312,126.7025401,valid_header_swapped,true
20260228,bus,bus:168001366,168001366,89366,종합환경연구단지,서구,서해구,검암경서동,,37.5703626,126.6466650,valid_header_swapped,true
20260228,bus,bus:217000537,217000537,62043,종현동정보화마을,코드정보 없음,코드정보 없음,대부동,,37.2593561,126.5715571,valid_header_swapped,false
20260228,bus,bus:217000386,217000386,62044,종현동정보화마을,코드정보 없음,코드정보 없음,대부동,,37.2594789,126.5715315,valid_header_swapped,false
20260228,bus,bus:168001371,168001371,89371,좌동교차로,서구,검단구,금곡동,,37.6117283,126.6382822,valid_header_swapped,true
20260228,bus,bus:168001253,168001253,89253,좌동마을,서구,검단구,검단동,,37.6143878,126.6378774,valid_header_swapped,true
20260228,bus,bus:168000452,168000452,42452,좌동마을,서구,검단구,검단1동,,37.6142912,126.6376083,valid_header_swapped,true
20260228,bus,bus:168000456,168000456,42456,좌동마을입구,서구,검단구,검단1동,,37.6127822,126.6423898,valid_header_swapped,true
20260228,bus,bus:168000928,168000928,42928,좌동마을입구,서구,검단구,검단1동,,37.6133194,126.6414720,valid_header_swapped,true
20260228,bus,bus:161000118,161000118,35118,주거단지,중구,영종구,운서동,,37.4973451,126.4905305,valid_header_swapped,true
20260228,bus,bus:161000120,161000120,35120,주거단지,중구,영종구,운서동,,37.4985272,126.4907830,valid_header_swapped,true
20260228,bus,bus:161000084,161000084,35084,주공12단지,중구,영종구,운서동,,37.4900579,126.4888300,valid_header_swapped,true
20260228,bus,bus:161000082,161000082,35082,주공12단지,중구,영종구,운서동,,37.4898370,126.4884044,valid_header_swapped,true
20260228,bus,bus:166000453,166000453,40453,주공6단지후문,부평구,부평구,부개3동,,37.4987252,126.7427130,valid_header_swapped,true
20260228,bus,bus:166000803,166000803,40803,주공뜨란채아파트,부평구,부평구,십정1동,,37.4798045,126.7034507,valid_header_swapped,true
20260228,bus,bus:166000708,166000708,40708,주공뜨란채아파트,부평구,부평구,십정1동,,37.4798181,126.7034004,valid_header_swapped,true
20260228,bus,bus:166000867,166000867,40867,주공아파트,부평구,부평구,일신동,,37.4821930,126.7394220,valid_header_swapped,true
20260228,bus,bus:166000886,166000886,40886,주공아파트105동,부평구,부평구,삼산1동,,37.5181824,126.7431524,valid_header_swapped,true
20260228,bus,bus:168000291,168000291,42291,주물단지,서구,서해구,검암경서동,,37.5533924,126.6485089,valid_header_swapped,true
20260228,bus,bus:163000385,163000385,37385,주안1동행정복지센터,미추홀구,미추홀구,주안1동,,37.4644290,126.6753644,valid_header_swapped,true
20260228,bus,bus:163000318,163000318,37318,주안4동행정복지센터,미추홀구,미추홀구,주안4동,,37.4543187,126.6898280,valid_header_swapped,true
20260228,bus,bus:163000335,163000335,37335,주안4동행정복지센터,미추홀구,미추홀구,주안4동,,37.4548675,126.6904003,valid_header_swapped,true
20260228,bus,bus:163000333,163000333,37333,주안4동행정복지센터,미추홀구,미추홀구,주안4동,,37.4547594,126.6906010,valid_header_swapped,true
20260228,bus,bus:163000338,163000338,37338,주안4동행정복지센터,미추홀구,미추홀구,주안4동,,37.4555618,126.6894505,valid_header_swapped,true
20260228,bus,bus:163000526,163000526,37526,주안5동행정복지센터,미추홀구,미추홀구,주안5동,,37.4664628,126.6868013,valid_header_swapped,true
20260228,bus,bus:163000216,163000216,37216,주안7동행정복지센터,미추홀구,미추홀구,주안7동,,37.4482950,126.6775221,valid_header_swapped,true
20260228,bus,bus:163000214,163000214,37214,주안7동행정복지센터,미추홀구,미추홀구,주안7동,,37.4481100,126.6775579,valid_header_swapped,true
20260228,bus,bus:163000583,163000583,37583,주안국가산단역,서구,서해구,가좌동,,37.4739456,126.6815775,valid_header_swapped,true
20260228,bus,bus:163000584,163000584,37584,주안국가산단역,미추홀구,미추홀구,주안5동,,37.4736252,126.6815226,valid_header_swapped,true
20260228,bus,bus:163000283,163000283,37283,주안남초등학교,미추홀구,미추홀구,주안4동,,37.4514251,126.6825141,valid_header_swapped,true
20260228,bus,bus:163000683,163000683,37683,주안남초등학교,미추홀구,미추홀구,주안동,,37.4513234,126.6835019,valid_header_swapped,true
20260228,bus,bus:163000284,163000284,37284,주안남초등학교,미추홀구,미추홀구,주안8동,,37.4510206,126.6837943,valid_header_swapped,true
20260228,bus,bus:163000341,163000341,37341,주안도서관·미추홀구평생학습관,미추홀구,미추홀구,주안4동,,37.4548430,126.6926862,valid_header_swapped,true
20260228,bus,bus:163000342,163000342,37342,주안도서관·미추홀구평생학습관,미추홀구,미추홀구,주안4동,,37.4549585,126.6927008,valid_header_swapped,true
20260228,bus,bus:163000586,163000586,37586,주안매매단지,미추홀구,미추홀구,주안5동,,37.4704458,126.6835070,valid_header_swapped,true
20260228,bus,bus:163000420,163000420,37420,주안북부역,미추홀구,미추홀구,주안5동,,37.4667958,126.6802215,valid_header_swapped,true
20260228,bus,bus:163000418,163000418,37418,주안북부역,미추홀구,미추홀구,주안5동,,37.4671349,126.6786463,valid_header_swapped,true
20260228,bus,bus:163000417,163000417,37417,주안북초등학교,미추홀구,미추홀구,주안5동,,37.4670147,126.6780166,valid_header_swapped,true
20260228,bus,bus:163000514,163000514,37514,주안사거리,미추홀구,미추홀구,주안2동,,37.4585440,126.6773392,valid_header_swapped,true
20260228,bus,bus:163000330,163000330,37330,주안사거리,미추홀구,미추홀구,주안1동,,37.4588102,126.6772843,valid_header_swapped,true
20260228,bus,bus:165000927,165000927,39927,주안시범공단,미추홀구,미추홀구,주안5동,,37.4708624,126.6844069,valid_header_swapped,true
20260228,bus,bus:163000209,163000209,37209,주안아파트,미추홀구,미추홀구,주안8동,,37.4455916,126.6846906,valid_header_swapped,true
20260228,bus,bus:163000207,163000207,37207,주안아파트,미추홀구,미추홀구,주안8동,,37.4454725,126.6845457,valid_header_swapped,true
20260228,bus,bus:163000506,163000506,37506,주안역,미추홀구,미추홀구,주안1동,,37.4638695,126.6816638,valid_header_swapped,true
20260228,bus,bus:163000389,163000389,37389,주안역,미추홀구,미추홀구,주안1동,,37.4632736,126.6804738,valid_header_swapped,true
20260228,bus,bus:163000387,163000387,37387,주안역,미추홀구,미추홀구,주안1동,,37.4633807,126.6802217,valid_header_swapped,true
20260228,bus,bus:163000402,163000402,37402,주안역,미추홀구,미추홀구,주안1동,,37.4640766,126.6821647,valid_header_swapped,true
20260228,bus,bus:163000430,163000430,37430,주안역센트레빌아파트,미추홀구,미추홀구,주안5동,,37.4665058,126.6847794,valid_header_swapped,true
20260228,bus,bus:163000490,163000490,37490,주안역센트레빌아파트정문,미추홀구,미추홀구,주안5동,,37.4690272,126.6865950,valid_header_swapped,true
20260228,bus,bus:163000503,163000503,37503,주안역환승정류장,미추홀구,미추홀구,주안1동,,37.4645453,126.6802141,valid_header_swapped,true
20260228,bus,bus:163000617,163000617,37617,주안역환승정류장,미추홀구,미추홀구,주안1동,,37.4641504,126.6801678,valid_header_swapped,true
20260228,bus,bus:163000201,163000201,37201,주안파크자이더플래티넘아파트,미추홀구,미추홀구,주안3동,,37.4483731,126.6736462,valid_header_swapped,true
20260228,bus,bus:163000204,163000204,37204,주안파크자이더플래티넘아파트,미추홀구,미추홀구,주안3동,,37.4485218,126.6740301,valid_header_swapped,true
20260228,bus,bus:163000358,163000358,37358,주안현대아파트·지웰에스테이트,미추홀구,미추홀구,주안1동,,37.4583735,126.6843976,valid_header_swapped,true
20260228,bus,bus:165000396,165000396,39396,주원고개,남동구,남동구,간석1동,,37.4644471,126.7037055,valid_header_swapped,true
20260228,bus,bus:165000377,165000377,39377,주원고개,남동구,남동구,간석4동,,37.4639000,126.7015626,valid_header_swapped,true
20260228,bus,bus:165000608,165000608,39608,주적골,남동구,남동구,남촌도림동,,37.4142521,126.7264947,valid_header_swapped,true
20260228,bus,bus:165000510,165000510,39510,주적골,남동구,남동구,남촌도림동,,37.4148421,126.7264914,valid_header_swapped,true
20260228,bus,bus:169001489,169001489,90489,주택마을,강화군,강화군,양도면,,37.6999077,126.4118019,valid_header_swapped,true
20260228,bus,bus:169001230,169001230,90230,주택마을,강화군,강화군,양도면,,37.7000883,126.4117954,valid_header_swapped,true
20260228,bus,bus:170000193,170000193,44193,중고등학교,옹진군,옹진군,영흥면,,37.2653952,126.4791180,valid_header_swapped,true
20260228,bus,bus:170000106,170000106,44106,중고등학교,옹진군,옹진군,영흥면,,37.2656192,126.4789690,valid_header_swapped,true
20260228,bus,bus:168000038,168000038,42038,중고차매매단지엠파크허브,서구,서해구,가좌1동,,37.4906091,126.6646621,valid_header_swapped,true
20260228,bus,bus:169000935,169000935,43935,중곡고개,강화군,강화군,선원면,,37.7311985,126.4530464,valid_header_swapped,true
20260228,bus,bus:161000152,161000152,35152,중구노인복지회관,중구,제물포구,신흥동,,37.4672709,126.6338351,valid_header_swapped,true
20260228,bus,bus:161000151,161000151,35151,중구노인복지회관,중구,제물포구,신흥동,,37.4674622,126.6329202,valid_header_swapped,true
20260228,bus,bus:161000467,161000467,35467,중구문화회관,중구,제물포구,신흥동,,37.4403174,126.6285118,valid_header_swapped,true
20260228,bus,bus:161000466,161000466,35466,중구문화회관,중구,제물포구,신흥동,,37.4407529,126.6282147,valid_header_swapped,true
20260228,bus,bus:161000159,161000159,35159,중구청,중구,제물포구,신포동,,37.4727677,126.6195488,valid_header_swapped,true
20260228,bus,bus:161000157,161000157,35157,중구청,중구,제물포구,신포동,,37.4723549,126.6198073,valid_header_swapped,true
20260228,bus,bus:161000824,161000824,35824,중구청소년수련관.하늘중학교,중구,영종구,중산동,,37.4827472,126.5455049,valid_header_swapped,true
20260228,bus,bus:161000894,161000894,35894,중구청입구,중구,제물포구,신포동,,37.4732289,126.6212375,valid_header_swapped,true
20260228,bus,bus:169000936,169000936,43936,중독고개,강화군,강화군,선원면,,37.7312862,126.4528617,valid_header_swapped,true
20260228,bus,bus:170000123,170000123,44123,중박골입구,옹진군,옹진군,영흥면,,37.2608272,126.4528840,valid_header_swapped,true
20260228,bus,bus:170000194,170000194,44194,중박골입구,옹진군,옹진군,영흥면,,37.2606492,126.4527800,valid_header_swapped,true
20260228,bus,bus:168001421,168001421,89421,중봉로교차로,서구,서해구,청라2동,,37.5240796,126.6490315,valid_header_swapped,true
20260228,bus,bus:168001420,168001420,89420,중봉로교차로,서구,서해구,청라2동,,37.5240265,126.6495575,valid_header_swapped,true
20260228,bus,bus:165000223,165000223,39223,중부고용노동청(인천고용센터),남동구,남동구,구월3동,,37.4514198,126.7000448,valid_header_swapped,true
20260228,bus,bus:165000222,165000222,39222,중부고용노동청(인천고용센터),남동구,남동구,구월2동,,37.4514787,126.6997341,valid_header_swapped,true
20260228,bus,bus:161000869,161000869,35869,중산고등학교,중구,영종구,중산동,,37.4975212,126.5693574,valid_header_swapped,true
20260228,bus,bus:161000868,161000868,35868,중산고등학교,중구,영종구,중산동,,37.4972246,126.5692635,valid_header_swapped,true
20260228,bus,bus:161000652,161000652,35652,중산교차로,중구,영종구,영종동,,37.4960213,126.5493064,valid_header_swapped,true
20260228,bus,bus:161000653,161000653,35653,중산교차로,중구,영종구,영종동,,37.4958860,126.5490711,valid_header_swapped,true
20260228,bus,bus:161000247,161000247,35247,중산동,중구,영종구,영종동,,37.4940305,126.5448639,valid_header_swapped,true
20260228,bus,bus:161000305,161000305,35305,중산동,중구,영종구,영종동,,37.4941226,126.5448059,valid_header_swapped,true
20260228,bus,bus:161000272,161000272,35272,중산동(중촌),중구,영종구,영종동,,37.4951834,126.5492455,valid_header_swapped,true
20260228,bus,bus:161000278,161000278,35278,중산동(중촌),중구,영종구,영종동,,37.4952819,126.5491262,valid_header_swapped,true
20260228,bus,bus:161000817,161000817,35817,중산중고등학교,중구,영종구,중산동,,37.4986317,126.5705025,valid_header_swapped,true
20260228,bus,bus:161000818,161000818,35818,중산중고등학교,중구,영종구,중산동,,37.4988360,126.5703484,valid_header_swapped,true
20260228,bus,bus:161000656,161000656,35656,중산중학교,중구,영종구,영종동,,37.4982097,126.5682897,valid_header_swapped,true
20260228,bus,bus:161000657,161000657,35657,중산중학교,중구,영종구,영종동,,37.4979160,126.5684583,valid_header_swapped,true
20260228,bus,bus:167000268,167000268,41268,중앙공영아파트,계양구,계양구,계산4동,,37.5413320,126.7405639,valid_header_swapped,true
20260228,bus,bus:165000189,165000189,39189,중앙공원사거리,남동구,남동구,구월3동,,37.4444813,126.6990840,valid_header_swapped,true
20260228,bus,bus:161000853,161000853,35853,중앙방앗간,중구,영종구,영종동,,37.5004913,126.5484991,valid_header_swapped,true
20260228,bus,bus:161000852,161000852,35852,중앙방앗간,중구,영종구,영종동,,37.5005599,126.5487041,valid_header_swapped,true
20260228,bus,bus:168000015,168000015,42015,중앙사료,서구,서해구,가좌4동,,37.4798700,126.6829253,valid_header_swapped,true
20260228,bus,bus:168000014,168000014,42014,중앙사료,서구,서해구,가좌3동,,37.4796543,126.6827440,valid_header_swapped,true
20260228,bus,bus:224000314,224000314,70176,중앙산부인과,코드정보 없음,코드정보 없음,대야동,,37.4456705,126.7905635,valid_header_swapped,false
20260228,bus,bus:224000301,224000301,70230,중앙산부인과,코드정보 없음,코드정보 없음,대야동,,37.4462731,126.7906057,valid_header_swapped,false
20260228,bus,bus:169001125,169001125,90125,중앙시장,강화군,강화군,강화읍,,37.7474620,126.4837015,valid_header_swapped,true
20260228,bus,bus:169000067,169000067,43067,중앙시장.고려궁지입구,강화군,강화군,강화읍,,37.7472473,126.4837396,valid_header_swapped,true
20260228,bus,bus:166000409,166000409,40409,중앙아파트,부평구,부평구,부개3동,,37.4978444,126.7367715,valid_header_swapped,true
20260228,bus,bus:168000315,168000315,42315,중앙아파트,서구,서해구,연희동,,37.5508588,126.6734907,valid_header_swapped,true
20260228,bus,bus:167000110,167000110,41110,중앙하이츠,계양구,계양구,작전1동,,37.5301216,126.7306834,valid_header_swapped,true
20260228,bus,bus:168001245,168001245,89245,중앙호수공원입구(호반베르디움),서구,서해구,청라2동,,37.5293839,126.6404166,valid_header_swapped,true
20260228,bus,bus:210000632,210000632,55078,중원고등학교,코드정보 없음,코드정보 없음,중1동,,37.5142203,126.7610867,valid_header_swapped,false
20260228,bus,bus:169000252,169000252,43252,중촌,강화군,강화군,내가면,,37.7190937,126.3601097,valid_header_swapped,true
20260228,bus,bus:169000369,169000369,43369,중촌,강화군,강화군,내가면,,37.7191885,126.3599535,valid_header_swapped,true
20260228,bus,bus:161000443,161000443,35443,중촌교차로,중구,영종구,영종동,,37.4977910,126.5464445,valid_header_swapped,true
20260228,bus,bus:161000436,161000436,35436,중촌교차로,중구,영종구,영종동,,37.4976415,126.5463410,valid_header_swapped,true
20260228,bus,bus:169000299,169000299,43299,중혈마을,강화군,강화군,불은면,,37.7032313,126.4540671,valid_header_swapped,true
20260228,bus,bus:169000176,169000176,43176,중혈마을,강화군,강화군,불은면,,37.7031652,126.4539021,valid_header_swapped,true
20260228,bus,bus:170000053,170000053,44053,중화동,옹진군,옹진군,백령면,,,,missing,false
20260228,bus,bus:168000847,168000847,42847,중흥S클래스,서구,서해구,청라1동,,37.5385382,126.6531738,valid_header_swapped,true
20260228,bus,bus:168000832,168000832,42832,중흥S클래스,서구,서해구,청라1동,,37.5392017,126.6501217,valid_header_swapped,true
20260228,bus,bus:168000845,168000845,42845,중흥S클래스1차,서구,서해구,청라1동,,37.5401760,126.6525720,valid_header_swapped,true
20260228,bus,bus:168000844,168000844,42844,중흥S클래스1차,서구,서해구,청라1동,,37.5405364,126.6520049,valid_header_swapped,true
20260228,bus,bus:168000771,168000771,42771,중흥S클래스2단지,서구,서해구,청라1동,,37.5345816,126.6563646,valid_header_swapped,true
20260228,bus,bus:168000856,168000856,42856,중흥S클래스2단지(북측),서구,서해구,청라1동,,37.5360109,126.6558244,valid_header_swapped,true
20260228,bus,bus:210000217,210000217,55070,중흥마을.은하마을,코드정보 없음,코드정보 없음,중1동,,37.5064661,126.7695763,valid_header_swapped,false
20260228,bus,bus:232000367,232000367,35209,지경,기타,기타,김포시,,,,missing,false
20260228,bus,bus:232000421,232000421,35208,지경,기타,기타,김포시,,,,missing,false
20260228,bus,bus:169001072,169001072,90072,지랏돌,강화군,강화군,화도면,,37.6358283,126.4184756,valid_header_swapped,true
20260228,bus,bus:169001071,169001071,90071,지랏돌,강화군,강화군,화도면,,37.6359390,126.4186116,valid_header_swapped,true
20260228,bus,bus:116000036,116000036,17122,지밸리비즈플라자.이마트구로점,기타,기타,구로구(구로동),,37.4841332,126.8966625,outside_incheon_bounds,false
20260228,bus,bus:169001446,169001446,90446,지산리,강화군,강화군,선원면,,,,missing,false
20260228,bus,bus:169001436,169001436,90436,지산리,강화군,강화군,선원면,,37.7120147,126.5026493,valid_header_swapped,true
20260228,bus,bus:169000310,169000310,43310,지산리입구,강화군,강화군,선원면,,37.7150625,126.4848582,valid_header_swapped,true
20260228,bus,bus:169000751,169000751,43751,지산리입구,강화군,강화군,선원면,,37.7150831,126.4847096,valid_header_swapped,true
20260228,bus,bus:169000538,169000538,43538,지산입구(용진),강화군,강화군,선원면,,37.7142145,126.5119768,valid_header_swapped,true
20260228,bus,bus:169000679,169000679,43679,지산입구(용진),강화군,강화군,선원면,,37.7141568,126.5118676,valid_header_swapped,true
20260228,bus,bus:169001274,169001274,90274,지석리마을회관,강화군,강화군,교동면,,37.8091864,126.2464558,valid_header_swapped,true
20260228,bus,bus:169001273,169001273,90273,지석리망향단입구,강화군,강화군,교동면,,37.8102439,126.2483900,valid_header_swapped,true
20260228,bus,bus:169001275,169001275,90275,지석리오현부락,강화군,강화군,교동면,,37.8066092,126.2407285,valid_header_swapped,true
20260228,bus,bus:169001277,169001277,90277,지석초등학교입구,강화군,강화군,교동면,,37.7995882,126.2546534,valid_header_swapped,true
20260228,bus,bus:164000373,164000373,38373,지식정보단지역,연수구,연수구,송도1동,,37.3768211,126.6461049,valid_header_swapped,true
20260228,bus,bus:164000403,164000403,38403,지식정보단지역,연수구,연수구,송도1동,,37.3787407,126.6453165,valid_header_swapped,true
20260228,bus,bus:164000404,164000404,38404,지식정보단지역,연수구,연수구,송도1동,,37.3788068,126.6445539,valid_header_swapped,true
20260228,bus,bus:164000380,164000380,38380,지식정보단지역(4번출구),연수구,연수구,송도1동,,37.3767903,126.6466627,valid_header_swapped,true
20260228,bus,bus:116000041,116000041,17127,지하이시티.보건지소.치매센터,기타,기타,구로구(구로동),,37.4817835,126.8926450,outside_incheon_bounds,false
20260228,bus,bus:169000794,169000794,43794,진고개(5연대입구),강화군,강화군,강화읍,,37.7514503,126.4714488,valid_header_swapped,true
20260228,bus,bus:169000380,169000380,43380,진고개(5연대입구),강화군,강화군,강화읍,,37.7514897,126.4711167,valid_header_swapped,true
20260228,bus,bus:169000507,169000507,43507,진광횟집앞,강화군,강화군,화도면,,37.6362480,126.3820041,valid_header_swapped,true
20260228,bus,bus:169000541,169000541,43541,진광횟집앞,강화군,강화군,화도면,,37.6362945,126.3816671,valid_header_swapped,true
20260228,bus,bus:163000600,163000600,37600,진달래아파트,미추홀구,미추홀구,용현2동,,37.4573496,126.6418972,valid_header_swapped,true
20260228,bus,bus:163000471,163000471,37471,진도로르빌아파트,미추홀구,미추홀구,주안5동,,37.4668642,126.6811493,valid_header_swapped,true
20260228,bus,bus:170000099,170000099,44099,진두물량장,옹진군,옹진군,영흥면,,,,missing,false
20260228,bus,bus:170000195,170000195,44195,진두방앗간,옹진군,옹진군,영흥면,,37.2608112,126.4979360,valid_header_swapped,true
20260228,bus,bus:170000196,170000196,44196,진두방앗간,옹진군,옹진군,영흥면,,37.2607542,126.4982860,valid_header_swapped,true
20260228,bus,bus:170000129,170000129,44129,진두방앗간,옹진군,옹진군,영흥면,,37.2610912,126.4979770,valid_header_swapped,true
20260228,bus,bus:170000077,170000077,44077,진말해변,옹진군,옹진군,덕적면,,,,missing,false
20260228,bus,bus:166000640,166000640,40640,진산과학고등학교,부평구,부평구,삼산2동,,37.5138290,126.7444716,valid_header_swapped,true
20260228,bus,bus:166000915,166000915,40915,진산과학고등학교,부평구,부평구,삼산동,,37.5135888,126.7442591,valid_header_swapped,true
20260228,bus,bus:166000575,166000575,40575,진산중학교,부평구,부평구,삼산2동,,37.5087827,126.7401199,valid_header_swapped,true
20260228,bus,bus:166000914,166000914,40914,진산초등학교,부평구,부평구,삼산동,,37.5134527,126.7416589,valid_header_swapped,true
20260228,bus,bus:166000614,166000614,40614,진산초등학교,부평구,부평구,삼산2동,,37.5119905,126.7408433,valid_header_swapped,true
20260228,bus,bus:166000633,166000633,40633,진산초등학교,부평구,부평구,삼산2동,,37.5136833,126.7415327,valid_header_swapped,true
20260228,bus,bus:168001447,168001447,89447,진솔인더스트리,서구,서해구,청라동,,37.5180860,126.6298370,valid_header_swapped,true
20260228,bus,bus:168001448,168001448,89448,진솔인더스트리,서구,서해구,청라동,,37.5179316,126.6296370,valid_header_swapped,true
20260228,bus,bus:168000089,168000089,42089,진주5단지503동앞,서구,서해구,가좌2동,,37.4921533,126.6865902,valid_header_swapped,true
20260228,bus,bus:168000544,168000544,42544,진주상가,서구,서해구,가좌2동,,37.4935440,126.6818573,valid_header_swapped,true
20260228,bus,bus:168000084,168000084,42084,진주아파트2단지6동,서구,서해구,가좌2동,,37.4926115,126.6834822,valid_header_swapped,true
20260228,bus,bus:168000092,168000092,42092,진주아파트2단지·가좌시장,서구,서해구,가좌2동,,37.4929128,126.6851409,valid_header_swapped,true
20260228,bus,bus:168000086,168000086,42086,진주아파트3단지,서구,서해구,가좌2동,,37.4927880,126.6833480,valid_header_swapped,true
20260228,bus,bus:168000077,168000077,42077,진주아파트4단지,서구,서해구,가좌2동,,37.4915613,126.6832933,valid_header_swapped,true
20260228,bus,bus:170000052,170000052,44052,진촌축협,옹진군,옹진군,백령면,,,,missing,false
20260228,bus,bus:168000548,168000548,42548,진표에너지,서구,검단구,오류왕길동,,37.5831388,126.6548436,valid_header_swapped,true
20260228,bus,bus:165000297,165000297,39297,진흥아파트,남동구,남동구,만수6동,,37.4456707,126.7395960,valid_header_swapped,true
20260228,bus,bus:163000243,163000243,37243,진흥아파트,미추홀구,미추홀구,주안8동,,37.4480266,126.6830549,valid_header_swapped,true
20260228,bus,bus:163000240,163000240,37240,진흥아파트,미추홀구,미추홀구,주안8동,,37.4478359,126.6825992,valid_header_swapped,true
20260228,bus,bus:163000193,163000193,37193,진흥아파트,미추홀구,미추홀구,주안8동,,37.4452050,126.6821173,valid_header_swapped,true
20260228,bus,bus:163000190,163000190,37190,진흥아파트,미추홀구,미추홀구,주안8동,,37.4450246,126.6818406,valid_header_swapped,true
20260228,bus,bus:165000064,165000064,39064,집단에너지,남동구,남동구,논현고잔동,,37.3982131,126.7167649,valid_header_swapped,true
20260228,bus,bus:165000065,165000065,39065,집단에너지시설,남동구,남동구,논현고잔동,,37.3976388,126.7165071,valid_header_swapped,true
20260228,bus,bus:169000713,169000713,43713,짓절미,강화군,강화군,양사면,,37.7939021,126.3874011,valid_header_swapped,true
20260228,bus,bus:169000485,169000485,43485,짓절미,강화군,강화군,양사면,,37.7938251,126.3874438,valid_header_swapped,true
20260228,bus,bus:169000048,169000048,43048,찬우물,강화군,강화군,선원면,,37.7200136,126.4762059,valid_header_swapped,true
20260228,bus,bus:165000188,165000188,39188,찬우물,남동구,남동구,남촌도림동,,37.4376674,126.7182237,valid_header_swapped,true
20260228,bus,bus:165000179,165000179,39179,찬우물,남동구,남동구,남촌도림동,,37.4376369,126.7177348,valid_header_swapped,true
20260228,bus,bus:165000914,165000914,39914,찬우물근린공원,남동구,남동구,구월1동,,37.4430201,126.7165371,valid_header_swapped,true
20260228,bus,bus:165000915,165000915,39915,찬우물근린공원,남동구,남동구,구월1동,,37.4428674,126.7166246,valid_header_swapped,true
20260228,bus,bus:169000851,169000851,43851,찬우물약수터,강화군,강화군,선원면,,37.7204239,126.4765699,valid_header_swapped,true
20260228,bus,bus:168000437,168000437,42437,참빛감리교회,서구,검단구,원당동,,37.5940741,126.6941945,valid_header_swapped,true
20260228,bus,bus:162000161,162000161,36161,참좋은집,동구,제물포구,송림동,,37.4834046,126.6514751,valid_header_swapped,true
20260228,bus,bus:162000160,162000160,36160,참좋은집,동구,제물포구,송림동,,37.4835421,126.6513061,valid_header_swapped,true
20260228,bus,bus:169001480,169001480,90480,창2리마을회관앞,강화군,강화군,선원면,,37.7274078,126.4875184,valid_header_swapped,true
20260228,bus,bus:169001479,169001479,90479,창2리마을회관앞,강화군,강화군,선원면,,37.7274826,126.4873780,valid_header_swapped,true
20260228,bus,bus:169000549,169000549,43549,창골,강화군,강화군,선원면,,37.7252118,126.4829834,valid_header_swapped,true
20260228,bus,bus:169000052,169000052,43052,창리,강화군,강화군,선원면,,37.7263319,126.4853717,valid_header_swapped,true
20260228,bus,bus:169000902,169000902,43902,창리,강화군,강화군,선원면,,37.7296067,126.4893513,valid_header_swapped,true
20260228,bus,bus:169000903,169000903,43903,창리,강화군,강화군,선원면,,37.7296160,126.4895208,valid_header_swapped,true
20260228,bus,bus:112000176,112000176,22003,창서초등학교.현대백화점,코드정보 없음,코드정보 없음,창천동,,37.5568646,126.9325621,outside_incheon_bounds,false
20260228,bus,bus:168000620,168000620,42620,창신초등학교,서구,검단구,원당동,,37.6006347,126.6987102,valid_header_swapped,true
20260228,bus,bus:168000621,168000621,42621,창신초등학교,서구,검단구,원당동,,37.6005059,126.6989672,valid_header_swapped,true
20260228,bus,bus:169000783,169000783,43783,창후1리마을회관,강화군,강화군,하점면,,37.7633971,126.3724103,valid_header_swapped,true
20260228,bus,bus:169000595,169000595,43595,창후1리마을회관,강화군,강화군,하점면,,37.7632826,126.3723767,valid_header_swapped,true
20260228,bus,bus:169000604,169000604,43604,창후리입구,강화군,강화군,하점면,,37.7649328,126.3830504,valid_header_swapped,true
20260228,bus,bus:169000830,169000830,43830,창후리입구,강화군,강화군,하점면,,37.7650118,126.3829485,valid_header_swapped,true
20260228,bus,bus:169000774,169000774,43774,창후리종점,강화군,강화군,하점면,,37.7702954,126.3555330,valid_header_swapped,true
20260228,bus,bus:169000461,169000461,43461,창후정미소,강화군,강화군,하점면,,37.7644214,126.3788336,valid_header_swapped,true
20260228,bus,bus:169000600,169000600,43600,창후정미소,강화군,강화군,하점면,,37.7645877,126.3788635,valid_header_swapped,true
20260228,bus,bus:164000179,164000179,38179,채석장,연수구,연수구,옥련2동,,37.4300644,126.6365680,valid_header_swapped,true
20260228,bus,bus:169001422,169001422,90422,채플 갤러리,강화군,강화군,길상면,,37.5915056,126.5100612,valid_header_swapped,true
20260228,bus,bus:169001423,169001423,90423,채플 갤러리,강화군,강화군,길상면,,37.5915890,126.5100167,valid_header_swapped,true
20260228,bus,bus:169000409,169000409,43409,천곡,강화군,강화군,하점면,,37.7596427,126.4127330,valid_header_swapped,true
20260228,bus,bus:169000827,169000827,43827,천곡,강화군,강화군,하점면,,37.7597098,126.4125993,valid_header_swapped,true
20260228,bus,bus:232000307,232000307,80118,천주교양곡성당.양곡중고,코드정보 없음,코드정보 없음,양촌면,,37.6554231,126.6269135,valid_header_swapped,false
20260228,bus,bus:232000678,232000678,80117,천주교양곡성당.양곡중고,코드정보 없음,코드정보 없음,양촌면,,37.6553551,126.6269437,valid_header_swapped,false
20260228,bus,bus:170000063,170000063,44063,천주교회뒤,옹진군,옹진군,대청면,,,,missing,false
20260228,bus,bus:169000795,169000795,43795,천촌,강화군,강화군,하점면,,37.7614032,126.4151732,valid_header_swapped,true
20260228,bus,bus:169000411,169000411,43411,천촌,강화군,강화군,하점면,,37.7614113,126.4149330,valid_header_swapped,true
20260228,bus,bus:169000653,169000653,43653,철곶,강화군,강화군,양사면,,37.8214201,126.4378823,valid_header_swapped,true
20260228,bus,bus:169000759,169000759,43759,철곶,강화군,강화군,양사면,,37.8213647,126.4377507,valid_header_swapped,true
20260228,bus,bus:169000957,169000957,43957,철산리검문소,강화군,강화군,양사면,,37.8152598,126.4425777,valid_header_swapped,true
20260228,bus,bus:169000958,169000958,43958,철산리검문소,강화군,강화군,양사면,,37.8151188,126.4423094,valid_header_swapped,true
20260228,bus,bus:169000741,169000741,43741,철산리입구,강화군,강화군,양사면,,37.8177956,126.4442370,valid_header_swapped,true
20260228,bus,bus:169000685,169000685,43685,철산리입구,강화군,강화군,양사면,,37.8178229,126.4437839,valid_header_swapped,true
20260228,bus,bus:165001014,165001014,92014,첨단초등학교,연수구,연수구,송도3동,,37.3741008,126.6544303,valid_header_swapped,true
20260228,bus,bus:165001070,165001070,92070,청광플러스원101동앞,남동구,남동구,서창동,,37.4302395,126.7481990,valid_header_swapped,true
20260228,bus,bus:165000946,165000946,39946,청광플러스원102동앞,남동구,남동구,장수서창동,,37.4306499,126.7473651,valid_header_swapped,true
20260228,bus,bus:165000786,165000786,39786,청광플러스원아파트,남동구,남동구,장수서창동,,37.4317640,126.7502482,valid_header_swapped,true
20260228,bus,bus:165000775,165000775,39775,청광플러스원아파트,남동구,남동구,장수서창동,,37.4310429,126.7501469,valid_header_swapped,true
20260228,bus,bus:165000623,165000623,39623,청능로사거리,남동구,남동구,논현2동,,37.4026040,126.7238228,valid_header_swapped,true
20260228,bus,bus:165000622,165000622,39622,청능로사거리,남동구,남동구,논현1동,,37.4026403,126.7241662,valid_header_swapped,true
20260228,bus,bus:168000745,168000745,42745,청라1동행정복지센터,서구,서해구,청라1동,,37.5321048,126.6534434,valid_header_swapped,true
20260228,bus,bus:168000744,168000744,42744,청라1동행정복지센터,서구,서해구,청라1동,,37.5320870,126.6532074,valid_header_swapped,true
20260228,bus,bus:168001470,168001470,89470,청라1호문화공원,서구,검단구,아라동,,37.5325958,126.6597026,valid_header_swapped,true
20260228,bus,bus:168001471,168001471,89471,청라1호문화공원,서구,검단구,아라동,,37.5326805,126.6600109,valid_header_swapped,true
20260228,bus,bus:168001039,168001039,89039,청라2동행정복지센터,서구,서해구,청라2동,,37.5323542,126.6445051,valid_header_swapped,true
20260228,bus,bus:168001042,168001042,89042,청라2동행정복지센터,서구,서해구,청라2동,,37.5323614,126.6447529,valid_header_swapped,true
20260228,bus,bus:168001375,168001375,89375,청라3동행정복지센터,서구,서해구,청라3동,,37.5336573,126.6276585,valid_header_swapped,true
20260228,bus,bus:168001374,168001374,89374,청라3동행정복지센터,서구,서해구,청라3동,,37.5336123,126.6274165,valid_header_swapped,true
20260228,bus,bus:168001336,168001336,89336,청라BRT차고지입구,서구,서해구,청라3동,,37.5132733,126.6246253,valid_header_swapped,true
20260228,bus,bus:168001337,168001337,89337,청라BRT차고지입구,서구,서해구,청라3동,,37.5128912,126.6220208,valid_header_swapped,true
20260228,bus,bus:168001522,168001522,89522,청라BRT통합차고지,서구,서해구,청라동,,37.5130580,126.6254632,valid_header_swapped,true
20260228,bus,bus:168001508,168001508,89508,청라BRT통합차고지,서구,서해구,청라동,,37.5133253,126.6249741,valid_header_swapped,true
20260228,bus,bus:168000784,168000784,42784,청라고등학교,서구,서해구,청라1동,,37.5370359,126.6600432,valid_header_swapped,true
20260228,bus,bus:168000785,168000785,42785,청라고등학교,서구,서해구,청라1동,,37.5370443,126.6597235,valid_header_swapped,true
20260228,bus,bus:168001256,168001256,89256,청라골프아카데미,서구,서해구,청라3동,,37.5513434,126.6324374,valid_header_swapped,true
20260228,bus,bus:168001255,168001255,89255,청라골프아카데미,서구,서해구,검암경서동,,37.5512099,126.6328633,valid_header_swapped,true
20260228,bus,bus:168000923,168000923,42923,청라국제도서관,서구,서해구,청라1동,,37.5312050,126.6600403,valid_header_swapped,true
20260228,bus,bus:168000922,168000922,42922,청라국제도서관,서구,서해구,청라1동,,37.5310832,126.6596433,valid_header_swapped,true
20260228,bus,bus:168001270,168001270,89270,청라국제도시역,서구,서해구,청라3동,,37.5546621,126.6260133,valid_header_swapped,true
20260228,bus,bus:168001034,168001034,89034,청라국제도시역(경명대로),서구,서해구,청라3동,,37.5564401,126.6274726,valid_header_swapped,true
20260228,bus,bus:168001043,168001043,89043,청라국제도시역(서부산단방향),서구,서해구,청라3동,,37.5549839,126.6259708,valid_header_swapped,true
20260228,bus,bus:168001215,168001215,89215,청라국제도시역(청라국제교방향),서구,서해구,청라3동,,37.5548620,126.6253224,valid_header_swapped,true
20260228,bus,bus:168001523,168001523,89523,청라국제도시역푸르지오시티,서구,서해구,청라동,,37.5519465,126.6178812,valid_header_swapped,true
20260228,bus,bus:168001524,168001524,89524,청라국제도시역푸르지오시티,서구,서해구,청라동,,37.5518195,126.6179241,valid_header_swapped,true
20260228,bus,bus:168001289,168001289,89289,청라국제어린이집,서구,서해구,청라1동,,37.5349377,126.6600670,valid_header_swapped,true
20260228,bus,bus:168000984,168000984,42984,청라국제업무단지(골드클래스),서구,서해구,청라3동,,37.5292089,126.6252297,valid_header_swapped,true
20260228,bus,bus:168000991,168000991,42991,청라꽃농원,서구,서해구,가정1동,,37.5341321,126.6627317,valid_header_swapped,true
20260228,bus,bus:168001121,168001121,89121,청라달튼국제학교,서구,서해구,청라3동,,37.5468813,126.6216977,valid_header_swapped,true
20260228,bus,bus:168000895,168000895,42895,청라달튼국제학교,서구,서해구,청라3동,,37.5466041,126.6210560,valid_header_swapped,true
20260228,bus,bus:168000931,168000931,42931,청라도,서구,서해구,청라3동,,37.5338259,126.6145763,valid_header_swapped,true
20260228,bus,bus:168001127,168001127,89127,청라도,서구,서해구,청라3동,,37.5338447,126.6142286,valid_header_swapped,true
20260228,bus,bus:168000961,168000961,42961,청라디이스트,서구,서해구,청라3동,,37.5291143,126.6233551,valid_header_swapped,true
20260228,bus,bus:168001045,168001045,89045,청라디이스트,서구,서해구,청라3동,,37.5288421,126.6235915,valid_header_swapped,true
20260228,bus,bus:168000868,168000868,42868,청라디이스트,서구,서해구,청라3동,,37.5279729,126.6220919,valid_header_swapped,true
20260228,bus,bus:168000962,168000962,42962,청라디이스트(562동),서구,서해구,청라3동,,37.5266635,126.6245529,valid_header_swapped,true
20260228,bus,bus:168001017,168001017,89017,청라디이스트(567동),서구,서해구,청라3동,,37.5285321,126.6244530,valid_header_swapped,true
20260228,bus,bus:168001246,168001246,89246,청라로봇랜드,서구,서해구,청라3동,,37.5223384,126.6121722,valid_header_swapped,true
20260228,bus,bus:168001247,168001247,89247,청라로봇랜드,서구,서해구,청라3동,,37.5219720,126.6119899,valid_header_swapped,true
20260228,bus,bus:168001344,168001344,89344,청라모아미래도아파트604동,서구,서해구,청라동,,37.5389044,126.6193242,valid_header_swapped,true
20260228,bus,bus:168001353,168001353,89353,청라모아미래도아파트정문,서구,서해구,청라동,,37.5384991,126.6215531,valid_header_swapped,true
20260228,bus,bus:168001480,168001480,89480,청라문학공원,서구,서해구,청라3동,,37.5340481,126.6230705,valid_header_swapped,true
20260228,bus,bus:168001179,168001179,89179,청라백세요양병원,서구,서해구,청라3동,,37.5286404,126.6123415,valid_header_swapped,true
20260228,bus,bus:168000944,168000944,42944,청라백세요양병원,서구,서해구,청라3동,,37.5278583,126.6119933,valid_header_swapped,true
20260228,bus,bus:168001218,168001218,89218,청라복합문화센터,서구,서해구,청라2동,,37.5240429,126.6349010,valid_header_swapped,true
20260228,bus,bus:168001219,168001219,89219,청라복합문화센터,서구,서해구,청라2동,,37.5238991,126.6350747,valid_header_swapped,true
20260228,bus,bus:168001295,168001295,89295,청라센텀로제비앙,서구,서해구,청라3동,,37.5372492,126.6224863,valid_header_swapped,true
20260228,bus,bus:168001296,168001296,89296,청라센텀로제비앙,서구,서해구,청라3동,,37.5371715,126.6220361,valid_header_swapped,true
20260228,bus,bus:168001346,168001346,89346,청라센텀로제비앙정문앞,서구,서해구,청라동,,37.5384930,126.6218180,valid_header_swapped,true
20260228,bus,bus:168000834,168000834,42834,청라센트럴에일린의뜰,서구,서해구,청라2동,,37.5351830,126.6494488,valid_header_swapped,true
20260228,bus,bus:168000990,168000990,42990,청라센트럴에일린의뜰104동,서구,서해구,청라2동,,37.5359688,126.6480779,valid_header_swapped,true
20260228,bus,bus:168000892,168000892,42892,청라센트럴에일린의뜰106동,서구,서해구,청라2동,,37.5359555,126.6454222,valid_header_swapped,true
20260228,bus,bus:168001417,168001417,89417,청라스타필드,서구,서해구,청라동,,37.5509332,126.6162045,valid_header_swapped,true
20260228,bus,bus:168001418,168001418,89418,청라스타필드,서구,서해구,청라동,,37.5508153,126.6163436,valid_header_swapped,true
20260228,bus,bus:168001335,168001335,89335,청라시티프라디움,서구,서해구,청라동,,37.5360533,126.6273146,valid_header_swapped,true
20260228,bus,bus:168001334,168001334,89334,청라시티프라디움,서구,서해구,청라동,,37.5363275,126.6273398,valid_header_swapped,true
20260228,bus,bus:168001475,168001475,89475,청라썬앤빌에코스타오피스텔,서구,서해구,청라동,,,,missing,false
20260228,bus,bus:168000862,168000862,42862,청라우미린,서구,서해구,청라3동,,37.5290857,126.6279315,valid_header_swapped,true
20260228,bus,bus:168001290,168001290,89290,청라우미린아파트,서구,서해구,청라3동,,37.5297829,126.6273392,valid_header_swapped,true
20260228,bus,bus:168001288,168001288,89288,청라웰카운티221동,서구,서해구,청라1동,,37.5349145,126.6596605,valid_header_swapped,true
20260228,bus,bus:168000997,168000997,42997,청라웰카운티223동,서구,서해구,청라1동,,37.5359763,126.6587462,valid_header_swapped,true
20260228,bus,bus:168000742,168000742,42742,청라자이,서구,서해구,청라1동,,37.5298076,126.6582169,valid_header_swapped,true
20260228,bus,bus:168001021,168001021,89021,청라중앙호수공원입구,서구,서해구,청라2동,,37.5297136,126.6413023,valid_header_swapped,true
20260228,bus,bus:168001024,168001024,89024,청라중앙호수공원입구,서구,서해구,청라2동,,37.5299316,126.6399608,valid_header_swapped,true
20260228,bus,bus:168000848,168000848,42848,청라중학교,서구,서해구,청라1동,,37.5386543,126.6535343,valid_header_swapped,true
20260228,bus,bus:168001281,168001281,89281,청라초등학교,서구,서해구,청라1동,,37.5359764,126.6560467,valid_header_swapped,true
20260228,bus,bus:168001282,168001282,89282,청라초등학교,서구,서해구,청라1동,,37.5363190,126.6570360,valid_header_swapped,true
20260228,bus,bus:168001300,168001300,89300,청라파크자이상가,서구,서해구,청라3동,,37.5219223,126.6278221,valid_header_swapped,true
20260228,bus,bus:168001299,168001299,89299,청라파크자이상가,서구,서해구,청라3동,,37.5218450,126.6274328,valid_header_swapped,true
20260228,bus,bus:168001217,168001217,89217,청라푸르지오,서구,서해구,청라2동,,37.5359006,126.6372072,valid_header_swapped,true
20260228,bus,bus:168001498,168001498,89498,청라푸르지오라피아노,서구,서해구,청라동,,37.5223669,126.6316130,valid_header_swapped,true
20260228,bus,bus:168001497,168001497,89497,청라푸르지오라피아노,서구,서해구,청라동,,37.5227960,126.6320805,valid_header_swapped,true
20260228,bus,bus:161000952,161000952,35952,청라하늘대교입구,중구,영종구,영종2동,,37.5021758,126.5642850,valid_header_swapped,true
20260228,bus,bus:168001534,168001534,89534,청라한내로72번길,서구,서해구,청라3동,,37.5318116,126.6285466,valid_header_swapped,true
20260228,bus,bus:168001533,168001533,89533,청라한내로72번길,서구,서해구,청라3동,,37.5316237,126.6287355,valid_header_swapped,true
20260228,bus,bus:168001348,168001348,89348,청라한양수자인레이크블루,서구,서해구,청라동,,37.5389125,126.6289237,valid_header_swapped,true
20260228,bus,bus:168001351,168001351,89351,청라한양수자인레이크블루,서구,서해구,청라동,,37.5391486,126.6289266,valid_header_swapped,true
20260228,bus,bus:168001123,168001123,89123,청라한화꿈에그린,서구,서해구,청라2동,,37.5380990,126.6367093,valid_header_swapped,true
20260228,bus,bus:168001124,168001124,89124,청라한화꿈에그린,서구,서해구,청라2동,,37.5380872,126.6364602,valid_header_swapped,true
20260228,bus,bus:168000919,168000919,42919,청라호반베르디움.포리공원,서구,서해구,청라2동,,37.5273095,126.6407222,valid_header_swapped,true
20260228,bus,bus:168000899,168000899,42899,청라호반베르디움.포리공원,서구,서해구,청라2동,,37.5273060,126.6409871,valid_header_swapped,true
20260228,bus,bus:168000863,168000863,42863,청라호수공원(남측),서구,서해구,청라2동,,37.5256866,126.6385476,valid_header_swapped,true
20260228,bus,bus:168000861,168000861,42861,청라호수공원(남측),서구,서해구,청라2동,,37.5256329,126.6389704,valid_header_swapped,true
20260228,bus,bus:168001532,168001532,89532,청라호수공원(동축),서구,서해구,청라2동,,37.5346075,126.6364647,valid_header_swapped,true
20260228,bus,bus:168001531,168001531,89531,청라호수공원(동축),서구,서해구,청라2동,,37.5344651,126.6367080,valid_header_swapped,true
20260228,bus,bus:168001536,168001536,89536,청라호수공원(서측),서구,서해구,청라3동,,37.5335954,126.6316739,valid_header_swapped,true
20260228,bus,bus:168001535,168001535,89535,청라호수공원(서측),서구,서해구,청라3동,,37.5336891,126.6321341,valid_header_swapped,true
20260228,bus,bus:168000870,168000870,42870,청라호수공원한신더휴,서구,서해구,청라3동,,37.5291434,126.6281460,valid_header_swapped,true
20260228,bus,bus:168001291,168001291,89291,청라호수공원한신더휴아파트,서구,서해구,청라3동,,37.5297703,126.6282242,valid_header_swapped,true
20260228,bus,bus:168000988,168000988,42988,청라힐스테이트,서구,서해구,청라3동,,37.5250295,126.6283158,valid_header_swapped,true
20260228,bus,bus:168000987,168000987,42987,청라힐스테이트,서구,서해구,청라3동,,37.5252311,126.6282600,valid_header_swapped,true
20260228,bus,bus:168001018,168001018,89018,청람중학교,서구,서해구,청라2동,,37.5391613,126.6436865,valid_header_swapped,true
20260228,bus,bus:168001019,168001019,89019,청람중학교,서구,서해구,청라2동,,37.5388704,126.6441183,valid_header_swapped,true
20260228,bus,bus:168001280,168001280,89280,청람초등학교,서구,서해구,청라1동,,37.5361970,126.6504822,valid_header_swapped,true
20260228,bus,bus:168001279,168001279,89279,청람초등학교,서구,서해구,청라2동,,37.5360342,126.6491541,valid_header_swapped,true
20260228,bus,bus:164000086,164000086,38086,청량중학교,연수구,연수구,동춘3동,,37.4101859,126.6721195,valid_header_swapped,true
20260228,bus,bus:169000841,169000841,43841,청련사입구,강화군,강화군,강화읍,,37.7413742,126.4590917,valid_header_swapped,true
20260228,bus,bus:169000766,169000766,43766,청련사입구,강화군,강화군,강화읍,,37.7414201,126.4587254,valid_header_swapped,true
20260228,bus,bus:167000633,167000633,41633,청룡정,계양구,계양구,계양1동,,37.5710465,126.7210036,valid_header_swapped,true
20260228,bus,bus:167000634,167000634,41634,청룡정,계양구,계양구,계양1동,,37.5711361,126.7211699,valid_header_swapped,true
20260228,bus,bus:169000079,169000079,43079,청소년수련관,강화군,강화군,강화읍,,37.7376802,126.5123464,valid_header_swapped,true
20260228,bus,bus:169000078,169000078,43078,청소년수련관,강화군,강화군,강화읍,,37.7378648,126.5124561,valid_header_swapped,true
20260228,bus,bus:168000612,168000612,42612,청소년수련관,서구,서해구,신현원창동,,37.5179039,126.6600822,valid_header_swapped,true
20260228,bus,bus:168000613,168000613,42613,청소년수련관,서구,서해구,신현원창동,,37.5181070,126.6600736,valid_header_swapped,true
20260228,bus,bus:167000308,167000308,41308,청소년수련관·어린이과학관·체육센터,계양구,계양구,계양2동,,37.5500898,126.7426205,valid_header_swapped,true
20260228,bus,bus:167000307,167000307,41307,청소년수련관·어린이과학관·체육센터,계양구,계양구,계양2동,,37.5501679,126.7422959,valid_header_swapped,true
20260228,bus,bus:232000316,232000316,80090,청송1단지.중흥S클래스,기타,기타,김포2동,,37.6510781,126.6707250,valid_header_swapped,false
20260228,bus,bus:232000317,232000317,80102,청송1단지.중흥S클래스,기타,기타,김포2동,,37.6506879,126.6708023,valid_header_swapped,false
20260228,bus,bus:232000315,232000315,80089,청송2.3단지,코드정보 없음,코드정보 없음,김포2동,,37.6481407,126.6666436,valid_header_swapped,false
20260228,bus,bus:232000318,232000318,80101,청송2.3단지,코드정보 없음,코드정보 없음,김포2동,,37.6482579,126.6672739,valid_header_swapped,false
20260228,bus,bus:232000708,232000708,80329,청송마을.성우오스타,코드정보 없음,코드정보 없음,김포2동,,37.6470871,126.6638657,valid_header_swapped,false
20260228,bus,bus:169001092,169001092,90092,청송부락,강화군,강화군,강화읍,,37.7607656,126.4874795,valid_header_swapped,true
20260228,bus,bus:169001093,169001093,90093,청송부락,강화군,강화군,강화읍,,37.7606530,126.4875360,valid_header_swapped,true
20260228,bus,bus:161000929,161000929,35929,청수농장,중구,영종구,영종동,,37.5039462,126.5414086,valid_header_swapped,true
20260228,bus,bus:161000928,161000928,35928,청수농장,중구,영종구,영종동,,37.5039074,126.5412681,valid_header_swapped,true
20260228,bus,bus:166000586,166000586,40586,청수사거리,부평구,부평구,청천1동,,37.5205293,126.7044880,valid_header_swapped,true
20260228,bus,bus:166000582,166000582,40582,청수사거리,부평구,부평구,청천2동,,37.5202922,126.7047452,valid_header_swapped,true
20260228,bus,bus:168000775,168000775,42775,청양골,서구,서해구,가정2동,,37.5343405,126.6765923,valid_header_swapped,true
20260228,bus,bus:163000500,163000500,37500,청운대삼거리(하늘꿈교회),미추홀구,미추홀구,도화23동,,37.4750012,126.6581408,valid_header_swapped,true
20260228,bus,bus:163000433,163000433,37433,청운대삼거리(하늘꿈교회),미추홀구,미추홀구,도화23동,,37.4752485,126.6581799,valid_header_swapped,true
20260228,bus,bus:163000632,163000632,37632,청운대후문.한전제물포지사,미추홀구,미추홀구,도화23동,,37.4690935,126.6598685,valid_header_swapped,true
20260228,bus,bus:163000633,163000633,37633,청운대후문.한전제물포지사,미추홀구,미추홀구,도화23동,,37.4690179,126.6596310,valid_header_swapped,true
20260228,bus,bus:165000852,165000852,39852,청정주말농장,남동구,남동구,장수서창동,,37.4556611,126.7719778,valid_header_swapped,true
20260228,bus,bus:166000938,166000938,40938,청천1동행정복지센터,부평구,부평구,청천동,,37.5198587,126.7022309,valid_header_swapped,true
20260228,bus,bus:166000939,166000939,40939,청천1동행정복지센터,부평구,부평구,청천동,,37.5198708,126.7024710,valid_header_swapped,true
20260228,bus,bus:166000538,166000538,40538,청천농장,부평구,부평구,청천1동,,37.5225152,126.6872749,valid_header_swapped,true
20260228,bus,bus:168000511,168000511,42511,청천농장,서구,서해구,가정3동,,37.5226316,126.6871130,valid_header_swapped,true
20260228,bus,bus:166000520,166000520,40520,청천농장(종점),부평구,부평구,청천1동,,37.5203674,126.6896454,valid_header_swapped,true
20260228,bus,bus:166000941,166000941,40941,청천농장입구,부평구,부평구,청천동,,37.5225620,126.6910173,valid_header_swapped,true
20260228,bus,bus:166000558,166000558,40558,청천농장입구,부평구,부평구,청천1동,,37.5225620,126.6914268,valid_header_swapped,true
20260228,bus,bus:166000809,166000809,40809,청천농장입구,부평구,부평구,청천1동,,37.5224225,126.6912278,valid_header_swapped,true
20260228,bus,bus:166000426,166000426,40426,청천도서관,부평구,부평구,청천2동,,37.5059198,126.7147224,valid_header_swapped,true
20260228,bus,bus:166000427,166000427,40427,청천도서관,부평구,부평구,청천2동,,37.5059889,126.7145224,valid_header_swapped,true
20260228,bus,bus:166000808,166000808,40808,청천동,부평구,부평구,청천2동,,37.5158537,126.7043523,valid_header_swapped,true
20260228,bus,bus:166000618,166000618,40618,청천동무지개아파트,부평구,부평구,청천2동,,37.5226233,126.7070370,valid_header_swapped,true
20260228,bus,bus:166000617,166000617,40617,청천동무지개아파트,부평구,부평구,청천2동,,37.5224713,126.7071838,valid_header_swapped,true
20260228,bus,bus:166000587,166000587,40587,청천동아이즈빌아울렛,부평구,부평구,청천1동,,37.5211846,126.7039481,valid_header_swapped,true
20260228,bus,bus:166000818,166000818,40818,청천동아이즈빌아울렛,부평구,부평구,청천1동,,37.5209633,126.7038837,valid_header_swapped,true
20260228,bus,bus:166000925,166000925,40925,청천동차고지,부평구,부평구,청천1동,,37.5184073,126.6904168,valid_header_swapped,true
20260228,bus,bus:166000449,166000449,40449,청천중학교,부평구,부평구,산곡1동,,37.5106346,126.7035893,valid_header_swapped,true
20260228,bus,bus:166000455,166000455,40455,청천중학교,부평구,부평구,청천2동,,37.5108975,126.7039026,valid_header_swapped,true
20260228,bus,bus:166000896,166000896,40896,청천천공영주차장,부평구,부평구,청천2동,,37.5167691,126.7148325,valid_header_swapped,true
20260228,bus,bus:167000639,167000639,41639,청천천공영주차장,부평구,부평구,청천2동,,37.5169338,126.7160193,valid_header_swapped,true
20260228,bus,bus:166000574,166000574,40574,청천초등학교후문,부평구,부평구,청천2동,,37.5211418,126.7000235,valid_header_swapped,true
20260228,bus,bus:166000579,166000579,40579,청천초등학교후문,부평구,부평구,청천1동,,37.5209245,126.7007921,valid_header_swapped,true
20260228,bus,bus:166000537,166000537,40537,청천치안센터,부평구,부평구,청천2동,,37.5172767,126.7044534,valid_header_swapped,true
20260228,bus,bus:166000533,166000533,40533,청천치안센터,부평구,부평구,청천1동,,37.5171248,126.7041506,valid_header_swapped,true
20260228,bus,bus:166000894,166000894,40894,청천푸르지오아파트,부평구,부평구,청천2동,,37.5128996,126.7081288,valid_header_swapped,true
20260228,bus,bus:166000811,166000811,40811,청천푸르지오아파트,부평구,부평구,청천2동,,37.5148713,126.7096737,valid_header_swapped,true
20260228,bus,bus:166000488,166000488,40488,청천푸르지오아파트,부평구,부평구,청천2동,,37.5126936,126.7073909,valid_header_swapped,true
20260228,bus,bus:166000515,166000515,40515,청천푸르지오아파트,부평구,부평구,청천2동,,37.5136949,126.7095475,valid_header_swapped,true
20260228,bus,bus:166000516,166000516,40516,청천푸르지오아파트,부평구,부평구,청천2동,,37.5137170,126.7097555,valid_header_swapped,true
20260228,bus,bus:166000812,166000812,40812,청천푸르지오아파트,부평구,부평구,청천2동,,37.5149113,126.7098783,valid_header_swapped,true
20260228,bus,bus:166000477,166000477,40477,청천하우스디아파트,부평구,부평구,청천2동,,37.5111465,126.7095399,valid_header_swapped,true
20260228,bus,bus:166000475,166000475,40475,청천하우스디아파트,부평구,부평구,청천2동,,37.5109958,126.7092865,valid_header_swapped,true
20260228,bus,bus:164000230,164000230,38230,청학동.한국전력남인천지사,연수구,연수구,청학동,,37.4253081,126.6685888,valid_header_swapped,true
20260228,bus,bus:164000239,164000239,38239,청학동.한국전력남인천지사,연수구,연수구,청학동,,37.4262511,126.6674429,valid_header_swapped,true
20260228,bus,bus:164000509,164000509,38509,청학사거리,연수구,연수구,연수1동,,37.4249363,126.6706205,valid_header_swapped,true
20260228,bus,bus:164000259,164000259,38259,청학사거리,연수구,연수구,청학동,,37.4258355,126.6693616,valid_header_swapped,true
20260228,bus,bus:164000256,164000256,38256,청학사거리,연수구,연수구,청학동,,37.4257705,126.6697539,valid_header_swapped,true
20260228,bus,bus:164000341,164000341,38341,청학아파트,연수구,연수구,청학동,,37.4268780,126.6652339,valid_header_swapped,true
20260228,bus,bus:164000236,164000236,38236,청학아파트,연수구,연수구,청학동,,37.4265719,126.6650424,valid_header_swapped,true
20260228,bus,bus:164000160,164000160,38160,청학중학교,연수구,연수구,청학동,,37.4182517,126.6713527,valid_header_swapped,true
20260228,bus,bus:164000496,164000496,38496,청학중학교,연수구,연수구,청학동,,37.4179642,126.6696756,valid_header_swapped,true
20260228,bus,bus:164000161,164000161,38161,청학중학교,연수구,연수구,청학동,,37.4183287,126.6711175,valid_header_swapped,true
20260228,bus,bus:164000185,164000185,38185,청학초등학교,연수구,연수구,청학동,,37.4196276,126.6718707,valid_header_swapped,true
20260228,bus,bus:164000181,164000181,38181,청학초등학교,연수구,연수구,청학동,,37.4194875,126.6715524,valid_header_swapped,true
20260228,bus,bus:164000190,164000190,38190,청학초등학교,연수구,연수구,청학동,,37.4199942,126.6723991,valid_header_swapped,true
20260228,bus,bus:169001214,169001214,90214,체육공원,강화군,강화군,강화읍,,37.7640827,126.4968756,valid_header_swapped,true
20260228,bus,bus:161000605,161000605,35605,체육공원앞,중구,영종구,운서동,,37.4868626,126.4763301,valid_header_swapped,true
20260228,bus,bus:161000606,161000606,35606,체육공원앞,중구,영종구,운서동,,37.4869434,126.4777287,valid_header_swapped,true
20260228,bus,bus:168001026,168001026,89026,초은고등학교,서구,서해구,청라1동,,37.5301248,126.6569082,valid_header_swapped,true
20260228,bus,bus:168001025,168001025,89025,초은고등학교,서구,서해구,청라1동,,37.5298137,126.6561410,valid_header_swapped,true
20260228,bus,bus:167000252,167000252,41252,초정마을,계양구,계양구,계산4동,,37.5402418,126.7419683,valid_header_swapped,true
20260228,bus,bus:167000254,167000254,41254,초정마을,계양구,계양구,계산4동,,37.5402188,126.7417685,valid_header_swapped,true
20260228,bus,bus:169000016,169000016,43016,초지,강화군,강화군,길상면,,37.6281380,126.5319530,valid_header_swapped,true
20260228,bus,bus:169000017,169000017,43017,초지대교,강화군,강화군,길상면,,37.6283797,126.5320874,valid_header_swapped,true
20260228,bus,bus:169000071,169000071,43071,초지대교,강화군,강화군,길상면,,37.6279268,126.5333673,valid_header_swapped,true
20260228,bus,bus:169000106,169000106,43106,초지대교,강화군,강화군,길상면,,37.6269714,126.5314319,valid_header_swapped,true
20260228,bus,bus:169000093,169000093,43093,초지리,강화군,강화군,길상면,,37.6350159,126.5298170,valid_header_swapped,true
20260228,bus,bus:169000026,169000026,43026,초지리,강화군,강화군,길상면,,37.6351812,126.5298359,valid_header_swapped,true
20260228,bus,bus:169000147,169000147,43147,초지삼거리,강화군,강화군,길상면,,37.6389932,126.5229639,valid_header_swapped,true
20260228,bus,bus:169000112,169000112,43112,초지삼거리,강화군,강화군,길상면,,37.6385667,126.5232082,valid_header_swapped,true
20260228,bus,bus:169000508,169000508,43508,초지삼거리,강화군,강화군,길상면,,37.6388596,126.5233495,valid_header_swapped,true
20260228,bus,bus:169000024,169000024,43024,초지진,강화군,강화군,길상면,,37.6318638,126.5317651,valid_header_swapped,true
20260228,bus,bus:169000025,169000025,43025,초지진,강화군,강화군,길상면,,37.6323452,126.5315807,valid_header_swapped,true
20260228,bus,bus:169000512,169000512,43512,초지큰말,강화군,강화군,길상면,,37.6282884,126.5218899,valid_header_swapped,true
20260228,bus,bus:169000260,169000260,43260,초지큰말,강화군,강화군,길상면,,37.6281445,126.5220668,valid_header_swapped,true
20260228,bus,bus:164000151,164000151,38151,축현초등학교.인천시립박물관,연수구,연수구,옥련1동,,37.4230071,126.6539823,valid_header_swapped,true
20260228,bus,bus:164000152,164000152,38152,축현초등학교.인천시립박물관,연수구,연수구,옥련1동,,37.4231755,126.6538246,valid_header_swapped,true
20260228,bus,bus:169000061,169000061,43061,축협,강화군,강화군,강화읍,,37.7443358,126.4890768,valid_header_swapped,true
20260228,bus,bus:169000326,169000326,43326,충렬사,강화군,강화군,선원면,,37.7261664,126.4672795,valid_header_swapped,true
20260228,bus,bus:169000629,169000629,43629,충렬사,강화군,강화군,선원면,,37.7260630,126.4673502,valid_header_swapped,true
20260228,bus,bus:166000117,166000117,40117,충성아파트,부평구,부평구,일신동,,37.4737078,126.7549356,valid_header_swapped,true
20260228,bus,bus:112000170,112000170,22064,충정로역2호선,코드정보 없음,코드정보 없음,충정로동,,37.5598064,126.9643532,outside_incheon_bounds,false
20260228,bus,bus:169000646,169000646,43646,치마바위,강화군,강화군,길상면,,37.6119162,126.4778024,valid_header_swapped,true
20260228,bus,bus:169000247,169000247,43247,치마바위,강화군,강화군,길상면,,37.6116697,126.4778379,valid_header_swapped,true
20260228,bus,bus:161000727,161000727,35727,카페거리,중구,영종구,운서동,,37.4939116,126.4996813,valid_header_swapped,true
20260228,bus,bus:161000728,161000728,35728,카페거리,중구,영종구,운서동,,37.4940222,126.4994332,valid_header_swapped,true
20260228,bus,bus:164000500,164000500,38500,칼빈매니토바국제학교,연수구,연수구,송도1동,,37.3835378,126.6437494,valid_header_swapped,true
20260228,bus,bus:164000370,164000370,38370,칼빈매니토바국제학교,연수구,연수구,송도1동,,37.3838059,126.6451797,valid_header_swapped,true
20260228,bus,bus:164000435,164000435,38435,칼빈매니토바국제학교,연수구,연수구,송도1동,,37.3833298,126.6463915,valid_header_swapped,true
20260228,bus,bus:165000848,165000848,39848,캐슬해모로,연수구,연수구,송도3동,,37.3838822,126.6737147,valid_header_swapped,true
20260228,bus,bus:165000846,165000846,39846,캐슬해모로,연수구,연수구,송도3동,,37.3854961,126.6761687,valid_header_swapped,true
20260228,bus,bus:165000845,165000845,39845,캐슬해모로,연수구,연수구,송도3동,,37.3838817,126.6735490,valid_header_swapped,true
20260228,bus,bus:165000849,165000849,39849,캐슬해모로,연수구,연수구,송도3동,,37.3854031,126.6762349,valid_header_swapped,true
20260228,bus,bus:164000420,164000420,38420,캠퍼스타운역,연수구,연수구,송도1동,,37.3865273,126.6614265,valid_header_swapped,true
20260228,bus,bus:164000419,164000419,38419,캠퍼스타운역,연수구,연수구,송도1동,,37.3874543,126.6615933,valid_header_swapped,true
20260228,bus,bus:164000388,164000388,38388,캠퍼스타운역(3번출구),연수구,연수구,송도1동,,37.3882143,126.6615943,valid_header_swapped,true
20260228,bus,bus:164000719,164000719,38717,캠퍼스타운역(3번출구),연수구,연수구,송도1동,,37.3882542,126.6614285,valid_header_swapped,true
20260228,bus,bus:164000417,164000417,38417,커넬워크,연수구,연수구,송도2동,,37.4010387,126.6385866,valid_header_swapped,true
20260228,bus,bus:164000415,164000415,38415,커넬워크,연수구,연수구,송도2동,,37.4013053,126.6382372,valid_header_swapped,true
20260228,bus,bus:164000755,164000755,38753,커넬워크,연수구,연수구,송도2동,,37.4022718,126.6393405,valid_header_swapped,true
20260228,bus,bus:164000527,164000527,38527,커넬워크(4동),연수구,연수구,송도2동,,37.4018894,126.6404146,valid_header_swapped,true
20260228,bus,bus:164000372,164000372,38372,컨벤시아,연수구,연수구,송도1동,,37.3896990,126.6473561,valid_header_swapped,true
20260228,bus,bus:168001197,168001197,89197,코세스물류창고,서구,서해구,신현원창동,,37.4999446,126.6286591,valid_header_swapped,true
20260228,bus,bus:168000098,168000098,42098,코스모스아파트,서구,서해구,가좌4동,,37.4934698,126.6880875,valid_header_swapped,true
20260228,bus,bus:164000439,164000439,38439,코오롱더프라우,연수구,연수구,송도2동,,37.3990350,126.6510774,valid_header_swapped,true
20260228,bus,bus:164000440,164000440,38440,코오롱더프라우,연수구,연수구,송도2동,,37.3988688,126.6510938,valid_header_swapped,true
20260228,bus,bus:167000117,167000117,41117,코오롱아파트작전중.고.여고,계양구,계양구,작전2동,,37.5322042,126.7278143,valid_header_swapped,true
20260228,bus,bus:161000865,161000865,35865,"쿠팡16,17센터",중구,제물포구,신흥동,,37.4395586,126.6180695,valid_header_swapped,true
20260228,bus,bus:168001157,168001157,89157,쿠팡물류센터,서구,검단구,오류왕길동,,37.5665956,126.6055827,valid_header_swapped,true
20260228,bus,bus:169001218,169001218,90218,큐티엘,강화군,강화군,강화읍,,37.7630157,126.5012350,valid_header_swapped,true
20260228,bus,bus:168001529,168001529,89529,크리스탈로102번길,서구,서해구,청라2동,,37.5343016,126.6390128,valid_header_swapped,true
20260228,bus,bus:168001530,168001530,89530,크리스탈로102번길,서구,서해구,청라2동,,37.5340949,126.6386393,valid_header_swapped,true
20260228,bus,bus:169000938,169000938,43938,큰말,강화군,강화군,선원면,,37.7021723,126.4874141,valid_header_swapped,true
20260228,bus,bus:169001309,169001309,90309,큰말,강화군,강화군,화도면,,37.6191799,126.3816028,valid_header_swapped,true
20260228,bus,bus:169000937,169000937,43937,큰말,강화군,강화군,선원면,,37.7022478,126.4874960,valid_header_swapped,true
20260228,bus,bus:169000949,169000949,43949,큰말,강화군,강화군,화도면,,37.6194340,126.3817024,valid_header_swapped,true
20260228,bus,bus:161000712,161000712,35712,큰무리선착장,중구,영종구,무의동,,37.4090763,126.4138314,valid_header_swapped,true
20260228,bus,bus:161000710,161000710,35710,큰무리선착장,중구,영종구,무의동,,37.4090469,126.4139967,valid_header_swapped,true
20260228,bus,bus:165000144,165000144,39144,큰방죽사거리,남동구,남동구,남촌도림동,,37.4215314,126.7162107,valid_header_swapped,true
20260228,bus,bus:165000145,165000145,39145,큰방죽사거리,남동구,남동구,남촌도림동,,37.4214995,126.7165636,valid_header_swapped,true
20260228,bus,bus:165000575,165000575,39575,큰방죽삼거리,남동구,남동구,남촌도림동,,37.4217258,126.7373551,valid_header_swapped,true
20260228,bus,bus:165000576,165000576,39576,큰방죽삼거리,남동구,남동구,남촌도림동,,37.4227607,126.7368764,valid_header_swapped,true
20260228,bus,bus:170000014,170000014,44014,큰산너머입구,옹진군,옹진군,영흥면,,37.2451177,126.5268578,valid_header_swapped,true
20260228,bus,bus:170000013,170000013,44013,큰산너머입구,옹진군,옹진군,영흥면,,37.2451099,126.5270765,valid_header_swapped,true
20260228,bus,bus:167000315,167000315,41315,킹스빌타운,계양구,계양구,계양1동,,37.5571231,126.7455793,valid_header_swapped,true
20260228,bus,bus:168001227,168001227,89227,타운하우스공장.명진화학,서구,검단구,오류왕길동,,37.5928801,126.6091889,valid_header_swapped,true
20260228,bus,bus:168001226,168001226,89226,타운하우스공장.명진화학,서구,검단구,오류왕길동,,37.5930649,126.6094088,valid_header_swapped,true
20260228,bus,bus:169001381,169001381,90381,탄토 마을,강화군,강화군,삼산면,,37.7273798,126.2968317,valid_header_swapped,true
20260228,bus,bus:169001378,169001378,90378,탄토마을,강화군,강화군,삼산면,,37.7273585,126.2969698,valid_header_swapped,true
20260228,bus,bus:169000109,169000109,43109,탑재,강화군,강화군,양도면,,37.6551763,126.4274821,valid_header_swapped,true
20260228,bus,bus:169000115,169000115,43115,탑재,강화군,강화군,양도면,,37.6552422,126.4273906,valid_header_swapped,true
20260228,bus,bus:169000579,169000579,43579,탑재,강화군,강화군,양도면,,37.6554486,126.4277366,valid_header_swapped,true
20260228,bus,bus:169000327,169000327,43327,탑재,강화군,강화군,양도면,,37.6555476,126.4274975,valid_header_swapped,true
20260228,bus,bus:169001315,169001315,90315,탑재입구,강화군,강화군,삼산면,,37.6640996,126.3490688,valid_header_swapped,true
20260228,bus,bus:169001316,169001316,90316,탑재입구,강화군,강화군,삼산면,,37.6640714,126.3491407,valid_header_swapped,true
20260228,bus,bus:164000275,164000275,38275,태경아파트,연수구,연수구,연수1동,,37.4232039,126.6825659,valid_header_swapped,true
20260228,bus,bus:164000294,164000294,38294,태산.대진아파트,연수구,연수구,선학동,,37.4213852,126.7004009,valid_header_swapped,true
20260228,bus,bus:167000193,167000193,41193,태산아파트,계양구,계양구,계산4동,,37.5357028,126.7412844,valid_header_swapped,true
20260228,bus,bus:168000227,168000227,42227,태산아파트,서구,서해구,가정1동,,37.5206697,126.6768612,valid_header_swapped,true
20260228,bus,bus:167000578,167000578,41578,태산아파트·하나아파트,계양구,계양구,효성2동,,37.5283552,126.7013560,valid_header_swapped,true
20260228,bus,bus:168001237,168001237,89237,태신보세창고,서구,서해구,신현원창동,,37.5104998,126.6415211,valid_header_swapped,true
20260228,bus,bus:168001236,168001236,89236,태신보세창고,서구,서해구,신현원창동,,37.5104725,126.6419480,valid_header_swapped,true
20260228,bus,bus:168000148,168000148,42148,태양공단,서구,서해구,신현원창동,,37.5146972,126.6492500,valid_header_swapped,true
20260228,bus,bus:168000147,168000147,42147,태양공단,서구,서해구,신현원창동,,37.5133494,126.6486498,valid_header_swapped,true
20260228,bus,bus:166000204,166000204,40204,태양주택,부평구,부평구,부평3동,,37.4976649,126.7040610,valid_header_swapped,true
20260228,bus,bus:166000936,166000936,40936,태양주택,부평구,부평구,산곡2동,,37.4975898,126.7039601,valid_header_swapped,true
20260228,bus,bus:168000300,168000300,42300,태영아파트,서구,서해구,연희동,,37.5469766,126.6736354,valid_header_swapped,true
20260228,bus,bus:168000298,168000298,42298,태영아파트,서구,서해구,연희동,,37.5469062,126.6733912,valid_header_swapped,true
20260228,bus,bus:165000516,165000516,39516,태평1차아파트,남동구,남동구,장수서창동,,37.4389363,126.7494771,valid_header_swapped,true
20260228,bus,bus:165000517,165000517,39517,태평1차아파트,남동구,남동구,장수서창동,,37.4391975,126.7492966,valid_header_swapped,true
20260228,bus,bus:165000242,165000242,39242,태평1차아파트,남동구,남동구,장수서창동,,37.4390400,126.7480276,valid_header_swapped,true
20260228,bus,bus:165000241,165000241,39241,태평1차아파트,남동구,남동구,장수서창동,,37.4389001,126.7480541,valid_header_swapped,true
20260228,bus,bus:165000225,165000225,39225,태평2차아파트,남동구,남동구,장수서창동,,37.4354892,126.7516640,valid_header_swapped,true
20260228,bus,bus:165000518,165000518,39518,태평2차아파트,남동구,남동구,장수서창동,,37.4349671,126.7516071,valid_header_swapped,true
20260228,bus,bus:167000183,167000183,41183,태평아파트,계양구,계양구,계산4동,,37.5355230,126.7414581,valid_header_swapped,true
20260228,bus,bus:164000083,164000083,38083,태평아파트,연수구,연수구,동춘1동,,37.4110738,126.6676354,valid_header_swapped,true
20260228,bus,bus:163000180,163000180,37180,태평아파트.주안한신휴플러스아파트,미추홀구,미추홀구,주안7동,,37.4446871,126.6803137,valid_header_swapped,true
20260228,bus,bus:163000183,163000183,37183,태평아파트.주안한신휴플러스아파트,미추홀구,미추홀구,주안7동,,37.4447862,126.6801803,valid_header_swapped,true
20260228,bus,bus:168000326,168000326,42326,태평아파트1차(A),서구,서해구,검암경서동,,37.5591832,126.6526376,valid_header_swapped,true
20260228,bus,bus:168000325,168000325,42325,태평아파트1차(B),서구,서해구,검암경서동,,37.5589821,126.6526606,valid_header_swapped,true
20260228,bus,bus:168000317,168000317,42317,태평아파트2차(A),서구,서해구,검암경서동,,37.5578677,126.6518899,valid_header_swapped,true
20260228,bus,bus:168000318,168000318,42318,태평아파트2차(B),서구,서해구,검암경서동,,37.5577724,126.6520191,valid_header_swapped,true
20260228,bus,bus:168001248,168001248,89248,태평아파트사거리,서구,서해구,검암경서동,,37.5588377,126.6537515,valid_header_swapped,true
20260228,bus,bus:165000276,165000276,39276,태평아파트입구,남동구,남동구,장수서창동,,37.4412039,126.7494509,valid_header_swapped,true
20260228,bus,bus:165000274,165000274,39274,태평아파트입구,남동구,남동구,장수서창동,,37.4411034,126.7492729,valid_header_swapped,true
20260228,bus,bus:165000066,165000066,39066,태평양산업,남동구,남동구,논현고잔동,,37.4055481,126.6906082,valid_header_swapped,true
20260228,bus,bus:168000012,168000012,42012,태평양인천물류센터,서구,서해구,가좌3동,,37.4806597,126.6784860,valid_header_swapped,true
20260228,bus,bus:165000441,165000441,39441,태화.두진아파트,남동구,남동구,간석3동,,37.4622893,126.7201972,valid_header_swapped,true
20260228,bus,bus:165000445,165000445,39445,태화두진아파트,남동구,남동구,간석2동,,37.4625395,126.7205673,valid_header_swapped,true
20260228,bus,bus:163000413,163000413,37413,태화아파트,미추홀구,미추홀구,주안5동,,37.4672989,126.6753211,valid_header_swapped,true
20260228,bus,bus:163000416,163000416,37416,태화아파트,미추홀구,미추홀구,주안5동,,37.4673787,126.6761380,valid_header_swapped,true
20260228,bus,bus:166000545,166000545,40545,태화아파트,부평구,부평구,갈산2동,,37.5108408,126.7259386,valid_header_swapped,true
20260228,bus,bus:166000810,166000810,40810,태화아파트,부평구,부평구,갈산1동,,37.5228193,126.7281426,valid_header_swapped,true
20260228,bus,bus:167000132,167000132,41132,태화한진아파트,계양구,계양구,작전서운동,,37.5303265,126.7408843,valid_header_swapped,true
20260228,bus,bus:167000135,167000135,41135,태화한진아파트612동,계양구,계양구,작전서운동,,37.5301588,126.7428198,valid_header_swapped,true
20260228,bus,bus:169000859,169000859,43859,택리,강화군,강화군,길상면,,37.5970807,126.5093762,valid_header_swapped,true
20260228,bus,bus:169000233,169000233,43233,택리,강화군,강화군,길상면,,37.5971707,126.5093248,valid_header_swapped,true
20260228,bus,bus:169000860,169000860,43860,택리교회,강화군,강화군,길상면,,37.5989133,126.5097439,valid_header_swapped,true
20260228,bus,bus:169000229,169000229,43229,택리교회,강화군,강화군,길상면,,37.5988315,126.5099115,valid_header_swapped,true
20260228,bus,bus:166000456,166000456,40456,테니스장,부평구,부평구,부개3동,,37.5008186,126.7366395,valid_header_swapped,true
20260228,bus,bus:168001430,168001430,89430,테일코리아,서구,서해구,원창동,,37.5015545,126.6252971,valid_header_swapped,true
20260228,bus,bus:168001431,168001431,89431,테일코리아,서구,서해구,원창동,,37.5013815,126.6251180,valid_header_swapped,true
20260228,bus,bus:165000726,165000726,39726,테크노파크IT센타,연수구,연수구,송도3동,,37.3832717,126.6624439,valid_header_swapped,true
20260228,bus,bus:165000727,165000727,39727,테크노파크IT센타,연수구,연수구,송도3동,,37.3833297,126.6620961,valid_header_swapped,true
20260228,bus,bus:165000938,165000938,39938,테크노파크IT센터,연수구,연수구,송도3동,,37.3825820,126.6629955,valid_header_swapped,true
20260228,bus,bus:164000421,164000421,38421,테크노파크역,연수구,연수구,송도1동,,37.3815057,126.6558201,valid_header_swapped,true
20260228,bus,bus:164000422,164000422,38422,테크노파크역,연수구,연수구,송도1동,,37.3817215,126.6565508,valid_header_swapped,true
20260228,bus,bus:163000115,163000115,37115,토지금고,미추홀구,미추홀구,용현5동,,37.4527495,126.6377338,valid_header_swapped,true
20260228,bus,bus:163000114,163000114,37114,토지금고,미추홀구,미추홀구,용현5동,,37.4525448,126.6378668,valid_header_swapped,true
20260228,bus,bus:163000102,163000102,37102,토지금고시장,미추홀구,미추홀구,용현5동,,37.4518443,126.6377699,valid_header_swapped,true
20260228,bus,bus:163000509,163000509,37509,토지금고시장앞,미추홀구,미추홀구,용현5동,,37.4518283,126.6375495,valid_header_swapped,true
20260228,bus,bus:232000407,232000407,80138,통진성당,기타,기타,통진읍,,37.6926937,126.5967686,valid_header_swapped,false
20260228,bus,bus:232000380,232000380,80137,통진성당,기타,기타,통진읍,,37.6927225,126.5960316,valid_header_swapped,false
20260228,bus,bus:232000382,232000382,35060,통진성당,기타,기타,김포시,,,,missing,false
20260228,bus,bus:232000410,232000410,35074,통진중고등학교,기타,기타,통진읍,,37.6871996,126.6036775,valid_header_swapped,false
20260228,bus,bus:232000378,232000378,35073,통진중고등학교,기타,기타,통진읍,,37.6865224,126.6038733,valid_header_swapped,false
20260228,bus,bus:168000810,168000810,42810,트러스(서구장애인직업재활시설),서구,검단구,오류왕길동,,37.5899464,126.6008140,valid_header_swapped,true
20260228,bus,bus:168000809,168000809,42809,트러스(서구장애인직업재활시설),서구,검단구,오류왕길동,,37.5897488,126.6010108,valid_header_swapped,true
20260228,bus,bus:210000065,210000065,55076,트레지움1단지.다니엘병원,코드정보 없음,코드정보 없음,약대동,,37.5110986,126.7697408,valid_header_swapped,false
20260228,bus,bus:210000058,210000058,55077,트레지움1단지.다니엘병원,코드정보 없음,코드정보 없음,약대동,,37.5111629,126.7699774,valid_header_swapped,false
20260228,bus,bus:168000047,168000047,42047,트루엘에코시티아파트,서구,서해구,가좌4동,,37.4855333,126.6866779,valid_header_swapped,true
20260228,bus,bus:168001528,168001528,89528,트루엘에코시티아파트,서구,서해구,가좌4동,,37.4854097,126.6867005,valid_header_swapped,true
20260228,bus,bus:168000049,168000049,42049,트루엘에코시티아파트(후문),서구,서해구,가좌4동,,37.4855398,126.6881585,valid_header_swapped,true
20260228,bus,bus:168000050,168000050,42050,트루엘에코시티아파트(후문),서구,서해구,가좌4동,,37.4855675,126.6882532,valid_header_swapped,true
20260228,bus,bus:168001422,168001422,89422,파라곤보타닉파크,서구,검단구,아라동,,37.5995600,126.7076447,valid_header_swapped,true
20260228,bus,bus:168001395,168001395,89395,파라곤보타닉파크(고산터널),서구,검단구,아라동,,37.6007021,126.7083279,valid_header_swapped,true
20260228,bus,bus:169000391,169000391,43391,파라다이스공원,강화군,강화군,하점면,,37.7684178,126.4475158,valid_header_swapped,true
20260228,bus,bus:169000828,169000828,43828,파라다이스공원,강화군,강화군,하점면,,37.7682184,126.4488850,valid_header_swapped,true
20260228,bus,bus:161000748,161000748,35748,파라다이스시티역,중구,영종구,운서동,,37.4389233,126.4595347,valid_header_swapped,true
20260228,bus,bus:170000037,170000037,44037,파출소앞,옹진군,옹진군,연평면,,,,missing,false
20260228,bus,bus:161000944,161000944,35944,파크골프장후문,중구,영종구,영종동,,37.5202678,126.5388884,valid_header_swapped,true
20260228,bus,bus:204000002,204000002,49002,판교JC(미정차),코드정보 없음,코드정보 없음,시흥동,,37.4060659,127.0950776,outside_incheon_bounds,false
20260228,bus,bus:166000175,166000175,40175,팔도주유소,부평구,부평구,부평3동,,37.4953637,126.7023347,valid_header_swapped,true
20260228,bus,bus:166000774,166000774,40774,팔도주유소,부평구,부평구,산곡3동,,37.4950217,126.7032966,valid_header_swapped,true
20260228,bus,bus:117000312,117000312,18780,패션단지,기타,기타,금천구(가산동),,37.4784256,126.8885557,outside_incheon_bounds,false
20260228,bus,bus:165000980,165000980,39980,팬더아파트,남동구,남동구,구월1동,,37.4466655,126.7099746,valid_header_swapped,true
20260228,bus,bus:165000968,165000968,39968,팬더아파트,남동구,남동구,구월1동,,37.4468473,126.7096529,valid_header_swapped,true
20260228,bus,bus:169001393,169001393,90393,펜션마을,강화군,강화군,내가면,,37.7191494,126.4067486,valid_header_swapped,true
20260228,bus,bus:169001392,169001392,90392,펜션마을,강화군,강화군,내가면,,37.7191817,126.4067119,valid_header_swapped,true
20260228,bus,bus:165000138,165000138,39138,평산기공,남동구,남동구,남촌도림동,,37.4186370,126.7078104,valid_header_swapped,true
20260228,bus,bus:169000258,169000258,43258,평전,강화군,강화군,내가면,,37.7308626,126.3680779,valid_header_swapped,true
20260228,bus,bus:277103147,277103147,54013,평촌IC(미정차),코드정보 없음,코드정보 없음,갈산동,,37.3820909,126.9655075,outside_incheon_bounds,false
20260228,bus,bus:277103146,277103146,54012,평촌IC(미정차),코드정보 없음,코드정보 없음,갈산동,,37.3817798,126.9650771,outside_incheon_bounds,false
20260228,bus,bus:170000021,170000021,44021,평촌슈퍼앞,옹진군,옹진군,북도면,,,,missing,false
20260228,bus,bus:169000743,169000743,43743,평화전망대,강화군,강화군,양사면,,37.8237658,126.4362826,valid_header_swapped,true
20260228,bus,bus:169000760,169000760,43760,평화전망대,강화군,강화군,양사면,,37.8237850,126.4360855,valid_header_swapped,true
20260228,bus,bus:232000639,232000639,35581,포내2리,기타,기타,김포시,,,,missing,false
20260228,bus,bus:232000640,232000640,35593,포내2리,기타,기타,김포시,,,,missing,false
20260228,bus,bus:161000874,161000874,35874,포내교회,중구,영종구,용유동,,37.3869923,126.4267549,valid_header_swapped,true
20260228,bus,bus:161000875,161000875,35875,포내교회,중구,영종구,용유동,,37.3869254,126.4266919,valid_header_swapped,true
20260228,bus,bus:210000167,210000167,55039,포도마을,코드정보 없음,코드정보 없음,중1동,,37.5009914,126.7574347,valid_header_swapped,false
20260228,bus,bus:210000488,210000488,55055,포도마을사거리.현대백화점.이마트,코드정보 없음,코드정보 없음,중1동,,37.5028745,126.7626624,valid_header_swapped,false
20260228,bus,bus:169000940,169000940,43940,포도밭,강화군,강화군,선원면,,37.7209634,126.4982636,valid_header_swapped,true
20260228,bus,bus:169000939,169000939,43939,포도밭,강화군,강화군,선원면,,37.7208238,126.4985023,valid_header_swapped,true
20260228,bus,bus:168000981,168000981,42981,포레나루원시티아파트,서구,서해구,가정2동,,37.5270766,126.6795771,valid_header_swapped,true
20260228,bus,bus:168000980,168000980,42980,포레나루원시티아파트,서구,서해구,가정2동,,37.5274008,126.6794117,valid_header_swapped,true
20260228,bus,bus:165000729,165000729,39729,포레시안101동앞,남동구,남동구,만수2동,,37.4619042,126.7346729,valid_header_swapped,true
20260228,bus,bus:165000730,165000730,39730,포레시안101동앞,남동구,남동구,만수2동,,37.4616838,126.7346028,valid_header_swapped,true
20260228,bus,bus:164000491,164000491,38491,포스코타워앤쉐라톤호텔,연수구,연수구,송도1동,,37.3900400,126.6443938,valid_header_swapped,true
20260228,bus,bus:168001442,168001442,89442,푸르지오더베뉴(3216동),서구,검단구,원당동,,37.5968165,126.7088515,valid_header_swapped,true
20260228,bus,bus:168001423,168001423,89423,푸르지오더베뉴후문,서구,검단구,아라동,,37.5993773,126.7078133,valid_header_swapped,true
20260228,bus,bus:161000845,161000845,35845,푸르지오더스카이,중구,영종구,영종동,,37.4779440,126.5053811,valid_header_swapped,true
20260228,bus,bus:161000844,161000844,35844,푸르지오더스카이,중구,영종구,영종동,,37.4782617,126.5055309,valid_header_swapped,true
20260228,bus,bus:161000509,161000509,35509,푸르지오더스카이256동,중구,영종구,영종동,,37.4794609,126.5081676,valid_header_swapped,true
20260228,bus,bus:161000508,161000508,35508,푸르지오더스카이256동,중구,영종구,영종동,,37.4797944,126.5084968,valid_header_swapped,true
20260228,bus,bus:164000471,164000471,38471,푸르지오월드마크,연수구,연수구,송도2동,,37.3971877,126.6502148,valid_header_swapped,true
20260228,bus,bus:164000456,164000456,38456,푸르지오하버뷰,연수구,연수구,송도2동,,37.3965688,126.6393474,valid_header_swapped,true
20260228,bus,bus:164000522,164000522,38522,푸르지오하버뷰,연수구,연수구,송도2동,,37.3965989,126.6402088,valid_header_swapped,true
20260228,bus,bus:161000950,161000950,35950,푸른나래사거리.영종복합문화센터,중구,영종구,영종동,,37.4825660,126.5336782,valid_header_swapped,true
20260228,bus,bus:161000951,161000951,35951,푸른나래사거리.영종복합문화센터,중구,영종구,영종동,,37.4825931,126.5321609,valid_header_swapped,true
20260228,bus,bus:169001129,169001129,90129,풍류산,강화군,강화군,송해면,,37.8022277,126.4464159,valid_header_swapped,true
20260228,bus,bus:169001130,169001130,90130,풍류산,강화군,강화군,송해면,,37.8022096,126.4469334,valid_header_swapped,true
20260228,bus,bus:224000064,224000064,70007,풍림1단지정문,코드정보 없음,코드정보 없음,군자동,,37.3903845,126.7390433,valid_header_swapped,false
20260228,bus,bus:161000256,161000256,35256,풍림1차205동,중구,영종구,운서동,,37.4950562,126.4828726,valid_header_swapped,true
20260228,bus,bus:161000255,161000255,35255,풍림1차205동,중구,영종구,운서동,,37.4948733,126.4832640,valid_header_swapped,true
20260228,bus,bus:168000970,168000970,42970,풍림1차아파트,서구,서해구,검암경서동,,37.5680767,126.6835310,valid_header_swapped,true
20260228,bus,bus:168000969,168000969,42969,풍림1차아파트,서구,서해구,검암경서동,,37.5681321,126.6837832,valid_header_swapped,true
20260228,bus,bus:164000350,164000350,38350,풍림2.3차아파트,연수구,연수구,송도1동,,37.3927543,126.6529456,valid_header_swapped,true
20260228,bus,bus:224000122,224000122,70010,풍림2단지,코드정보 없음,코드정보 없음,군자동,,37.3930571,126.7403208,valid_header_swapped,false
20260228,bus,bus:164000049,164000049,38049,풍림2차아파트,연수구,연수구,동춘2동,,37.4020613,126.6743143,valid_header_swapped,true
20260228,bus,bus:164000050,164000050,38050,풍림2차아파트,연수구,연수구,동춘2동,,37.4020032,126.6747289,valid_header_swapped,true
20260228,bus,bus:224000063,224000063,70003,풍림3단지정문,코드정보 없음,코드정보 없음,군자동,,37.3869254,126.7430676,valid_header_swapped,false
20260228,bus,bus:168000366,168000366,42366,풍림3차아파트,서구,서해구,검암경서동,,37.5669560,126.6834066,valid_header_swapped,true
20260228,bus,bus:161000124,161000124,35124,풍림6단지,중구,영종구,운서동,,37.5004522,126.4884880,valid_header_swapped,true
20260228,bus,bus:162000114,162000114,36114,풍림아이원,동구,제물포구,송림4동,,37.4799356,126.6475787,valid_header_swapped,true
20260228,bus,bus:162000115,162000115,36115,풍림아이원,동구,제물포구,송림6동,,37.4801653,126.6478801,valid_header_swapped,true
20260228,bus,bus:162000121,162000121,36121,풍림아이원,동구,제물포구,송림6동,,37.4811303,126.6482269,valid_header_swapped,true
20260228,bus,bus:167000441,167000441,41441,풍림아이원,계양구,계양구,계양1동,,37.5572574,126.7458397,valid_header_swapped,true
20260228,bus,bus:168000642,168000642,42642,풍림아이원1차·금호어울림아파트,서구,검단구,마전동,,37.6148442,126.6577677,valid_header_swapped,true
20260228,bus,bus:168000646,168000646,42646,풍림아이원1차·금호어울림아파트,서구,검단구,검단1동,,37.6149962,126.6577218,valid_header_swapped,true
20260228,bus,bus:168000485,168000485,42485,풍림아이원2차아파트,서구,검단구,검단1동,,37.6130461,126.6605537,valid_header_swapped,true
20260228,bus,bus:168000645,168000645,42645,풍림아이원4차아파트,서구,검단구,검단1동,,37.6139322,126.6596770,valid_header_swapped,true
20260228,bus,bus:161000915,161000915,35915,풍림아이원8단지,중구,영종구,운서동,,37.4933356,126.4850740,valid_header_swapped,true
20260228,bus,bus:163000034,163000034,37034,풍림아이원아파트,미추홀구,미추홀구,학익1동,,37.4415426,126.6603388,valid_header_swapped,true
20260228,bus,bus:164000255,164000255,38255,풍림아파트,연수구,연수구,연수3동,,37.4184585,126.6929185,valid_header_swapped,true
20260228,bus,bus:163000245,163000245,37245,풍림아파트,미추홀구,미추홀구,관교동,,37.4433185,126.6986411,valid_header_swapped,true
20260228,bus,bus:165000163,165000163,39163,풍림아파트,남동구,남동구,남촌도림동,,37.4288942,126.7148997,valid_header_swapped,true
20260228,bus,bus:167000374,167000374,41374,풍림아파트,계양구,계양구,계양1동,,37.5566134,126.7468443,valid_header_swapped,true
20260228,bus,bus:162000122,162000122,36122,풍림아파트,동구,제물포구,송림6동,,37.4812096,126.6480521,valid_header_swapped,true
20260228,bus,bus:163000246,163000246,37246,풍림아파트,미추홀구,미추홀구,관교동,,37.4432897,126.6989018,valid_header_swapped,true
20260228,bus,bus:165000162,165000162,39162,풍림아파트,남동구,남동구,남촌도림동,,37.4285591,126.7150261,valid_header_swapped,true
20260228,bus,bus:224000749,224000749,70008,풍림아파트,코드정보 없음,코드정보 없음,군자동,,37.3903331,126.7393881,valid_header_swapped,false
20260228,bus,bus:165000120,165000120,39120,풍림아파트(소래마을),남동구,남동구,논현고잔동,,37.4051240,126.7359981,valid_header_swapped,true
20260228,bus,bus:166000898,166000898,40898,풍림아파트104동,부평구,부평구,일신동,,37.4818001,126.7445386,valid_header_swapped,true
20260228,bus,bus:166000899,166000899,40899,풍림아파트104동,부평구,부평구,일신동,,37.4816429,126.7446251,valid_header_swapped,true
20260228,bus,bus:224000096,224000096,70043,풍림아파트상가,코드정보 없음,코드정보 없음,군자동,,37.3896926,126.7361298,valid_header_swapped,false
20260228,bus,bus:224000125,224000125,70044,풍림아파트상가,코드정보 없음,코드정보 없음,군자동,,37.3899776,126.7360505,valid_header_swapped,false
20260228,bus,bus:168000830,168000830,42830,풍림엑슬루타워,서구,서해구,청라1동,,37.5309150,126.6498664,valid_header_swapped,true
20260228,bus,bus:232000359,232000359,80168,풍무역,기타,기타,풍무동,,37.6122544,126.7325093,valid_header_swapped,false
20260228,bus,bus:232000429,232000429,80167,풍무역,기타,기타,사우동,,37.6118548,126.7342662,valid_header_swapped,false
20260228,bus,bus:161000055,161000055,35055,풍물시장,중구,제물포구,연안동,,37.4528000,126.5995695,valid_header_swapped,true
20260228,bus,bus:161000054,161000054,35054,풍물시장,중구,제물포구,연안동,,37.4524051,126.5998084,valid_header_swapped,true
20260228,bus,bus:169000941,169000941,43941,풍물시장,강화군,강화군,강화읍,,37.7414743,126.4910540,valid_header_swapped,true
20260228,bus,bus:169001384,169001384,90384,풍산빌라 입구,강화군,강화군,강화읍,,37.7522187,126.5007351,valid_header_swapped,true
20260228,bus,bus:169001219,169001219,90219,풍산특수금속,강화군,강화군,강화읍,,37.7623618,126.4991692,valid_header_swapped,true
20260228,bus,bus:165000643,165000643,39643,프라임,남동구,남동구,논현고잔동,,37.3899630,126.7093597,valid_header_swapped,true
20260228,bus,bus:166000230,166000230,40230,프리상뜨아파트,부평구,부평구,부평3동,,37.4977163,126.7065915,valid_header_swapped,true
20260228,bus,bus:168001235,168001235,89235,프린피아통합물류센터,서구,검단구,오류왕길동,,37.5583842,126.6140205,valid_header_swapped,true
20260228,bus,bus:161000734,161000734,35734,하나개삼거리,중구,영종구,용유동,,37.3882735,126.4251108,valid_header_swapped,true
20260228,bus,bus:161000733,161000733,35733,하나개삼거리,중구,영종구,용유동,,37.3883697,126.4249890,valid_header_swapped,true
20260228,bus,bus:161000737,161000737,35737,하나개해수욕장,중구,영종구,용유동,,37.3854241,126.4128380,valid_header_swapped,true
20260228,bus,bus:168001444,168001444,89444,하나글로벌캠퍼스,서구,서해구,청라동,,37.5499905,126.6216295,valid_header_swapped,true
20260228,bus,bus:168001445,168001445,89445,하나글로벌캠퍼스,서구,서해구,청라동,,37.5509001,126.6224785,valid_header_swapped,true
20260228,bus,bus:168001294,168001294,89294,하나금융그룹통합데이터센터,서구,서해구,청라3동,,37.5548694,126.6298534,valid_header_swapped,true
20260228,bus,bus:168001265,168001265,89265,하나금융그룹통합데이터센터,서구,서해구,청라3동,,37.5551605,126.6300399,valid_header_swapped,true
20260228,bus,bus:163000118,163000118,37118,하나로쇼핑,미추홀구,미추홀구,용현5동,,37.4536688,126.6358103,valid_header_swapped,true
20260228,bus,bus:166000546,166000546,40546,하나아파트,부평구,부평구,갈산2동,,37.5118026,126.7228835,valid_header_swapped,true
20260228,bus,bus:163000051,163000051,37051,하나아파트,미추홀구,미추홀구,학익1동,,37.4401133,126.6680104,valid_header_swapped,true
20260228,bus,bus:167000574,167000574,41574,하나아파트,계양구,계양구,효성2동,,37.5277875,126.7009225,valid_header_swapped,true
20260228,bus,bus:167000250,167000250,41250,하나아파트,계양구,계양구,계산3동,,37.5429920,126.7314164,valid_header_swapped,true
20260228,bus,bus:163000052,163000052,37052,하나아파트,미추홀구,미추홀구,학익1동,,37.4398288,126.6687209,valid_header_swapped,true
20260228,bus,bus:161000925,161000925,35925,하늘고등학교,중구,영종구,운서동,,37.4938924,126.5065496,valid_header_swapped,true
20260228,bus,bus:161000924,161000924,35924,하늘고등학교,중구,영종구,운서동,,37.4941305,126.5062892,valid_header_swapped,true
20260228,bus,bus:161000822,161000822,35822,하늘도시중심상가,중구,영종구,중산동,,37.4884102,126.5599144,valid_header_swapped,true
20260228,bus,bus:161000821,161000821,35821,하늘도시중심상가,중구,영종구,중산동,,37.4886642,126.5603484,valid_header_swapped,true
20260228,bus,bus:161000827,161000827,35827,하늘문화센터,중구,영종구,운서동,,37.4964547,126.4724273,valid_header_swapped,true
20260228,bus,bus:161000826,161000826,35826,하늘문화센터,중구,영종구,운서동,,37.4964862,126.4725082,valid_header_swapped,true
20260228,bus,bus:161000766,161000766,35766,하늘문화센터입구,중구,영종구,운서동,,37.4924181,126.4785084,valid_header_swapped,true
20260228,bus,bus:161000767,161000767,35767,하늘문화센터입구,중구,영종구,운서동,,37.4923991,126.4786105,valid_header_swapped,true
20260228,bus,bus:161000823,161000823,35823,하늘중학교,중구,영종구,중산동,,37.4823460,126.5431881,valid_header_swapped,true
20260228,bus,bus:161000499,161000499,35499,하늘초등학교후문·한신더휴2차후문,중구,영종구,영종동,,37.4985580,126.5583761,valid_header_swapped,true
20260228,bus,bus:161000500,161000500,35500,하늘초등학교후문·한신더휴2차후문,중구,영종구,영종동,,37.4985131,126.5577217,valid_header_swapped,true
20260228,bus,bus:224001025,224001025,70221,하늘휴게소,코드정보 없음,코드정보 없음,목감동,,37.3847446,126.8558561,outside_incheon_bounds,false
20260228,bus,bus:224001024,224001024,70220,하늘휴게소,코드정보 없음,코드정보 없음,목감동,,37.3830082,126.8550908,outside_incheon_bounds,false
20260228,bus,bus:169000281,169000281,43281,하룩,강화군,강화군,양도면,,37.6482778,126.4446958,valid_header_swapped,true
20260228,bus,bus:169000157,169000157,43157,하룩,강화군,강화군,양도면,,37.6483654,126.4444670,valid_header_swapped,true
20260228,bus,bus:169001244,169001244,90244,하리마을회관,강화군,강화군,삼산면,,37.7239721,126.2965202,valid_header_swapped,true
20260228,bus,bus:169001243,169001243,90243,하리마을회관,강화군,강화군,삼산면,,37.7242265,126.2963263,valid_header_swapped,true
20260228,bus,bus:169001240,169001240,90240,하리선착장,강화군,강화군,삼산면,,37.7282357,126.2878677,valid_header_swapped,true
20260228,bus,bus:167000439,167000439,41439,하야동,계양구,계양구,계양3동,,37.5827270,126.7812231,valid_header_swapped,true
20260228,bus,bus:167000438,167000438,41438,하야동,계양구,계양구,계양3동,,37.5823537,126.7808097,valid_header_swapped,true
20260228,bus,bus:210000034,210000034,55034,하얀마을,코드정보 없음,코드정보 없음,중1동,,37.4982863,126.7566652,valid_header_swapped,false
20260228,bus,bus:210000381,210000381,55035,하얀마을,코드정보 없음,코드정보 없음,중1동,,37.4992245,126.7563177,valid_header_swapped,false
20260228,bus,bus:169000440,169000440,43440,하얀집민박,강화군,강화군,화도면,,37.5954863,126.4447741,valid_header_swapped,true
20260228,bus,bus:169000497,169000497,43497,하얀집민박,강화군,강화군,화도면,,37.5962308,126.4440058,valid_header_swapped,true
20260228,bus,bus:161000028,161000028,35028,하얏트호텔,중구,영종구,운서동,,37.4411965,126.4570288,valid_header_swapped,true
20260228,bus,bus:161000206,161000206,35206,하얏트호텔,중구,영종구,운서동,,37.4409681,126.4569087,valid_header_swapped,true
20260228,bus,bus:169000275,169000275,43275,하우고개,강화군,강화군,양도면,,37.6674920,126.4180927,valid_header_swapped,true
20260228,bus,bus:169000577,169000577,43577,하우고개,강화군,강화군,양도면,,37.6677900,126.4180904,valid_header_swapped,true
20260228,bus,bus:169000174,169000174,43174,하우스앞,강화군,강화군,불은면,,37.6969285,126.4558088,valid_header_swapped,true
20260228,bus,bus:169000231,169000231,43231,하우스앞,강화군,강화군,불은면,,37.6969700,126.4556218,valid_header_swapped,true
20260228,bus,bus:167000569,167000569,41569,하우스토리,계양구,계양구,계양1동,,37.5577202,126.7488189,valid_header_swapped,true
20260228,bus,bus:167000570,167000570,41570,하우스토리,계양구,계양구,계양1동,,37.5577431,126.7491377,valid_header_swapped,true
20260228,bus,bus:167000606,167000606,41606,하우스토리,계양구,계양구,계양1동,,37.5547344,126.7485046,valid_header_swapped,true
20260228,bus,bus:167000626,167000626,41626,하우스토리,계양구,계양구,계양1동,,37.5551197,126.7487522,valid_header_swapped,true
20260228,bus,bus:165000301,165000301,39301,하우스토리만수아파트,남동구,남동구,만수3동,,37.4496144,126.7297039,valid_header_swapped,true
20260228,bus,bus:169000971,169000971,43971,하일부락입구,강화군,강화군,양도면,,37.6643938,126.4085847,valid_header_swapped,true
20260228,bus,bus:169000967,169000967,43967,하일부락입구,강화군,강화군,양도면,,37.6645520,126.4088721,valid_header_swapped,true
20260228,bus,bus:169000448,169000448,43448,하점공단,강화군,강화군,하점면,,37.7719295,126.4390313,valid_header_swapped,true
20260228,bus,bus:169000755,169000755,43755,하점공단,강화군,강화군,하점면,,37.7718134,126.4390758,valid_header_swapped,true
20260228,bus,bus:169000738,169000738,43738,하점면사무소,강화군,강화군,하점면,,37.7737967,126.4113208,valid_header_swapped,true
20260228,bus,bus:169000834,169000834,43834,하점면사무소,강화군,강화군,하점면,,37.7738847,126.4115205,valid_header_swapped,true
20260228,bus,bus:169001222,169001222,90222,하점순복음교회,강화군,강화군,하점면,,37.7799638,126.3968622,valid_header_swapped,true
20260228,bus,bus:169001223,169001223,90223,하점순복음교회,강화군,강화군,하점면,,37.7800461,126.3967380,valid_header_swapped,true
20260228,bus,bus:169000817,169000817,43817,하점우체국,강화군,강화군,하점면,,37.7730146,126.4253314,valid_header_swapped,true
20260228,bus,bus:169000838,169000838,43838,하점우체국,강화군,강화군,하점면,,37.7731171,126.4252753,valid_header_swapped,true
20260228,bus,bus:169000739,169000739,43739,하점초등학교,강화군,강화군,하점면,,37.7728403,126.4145505,valid_header_swapped,true
20260228,bus,bus:169000836,169000836,43836,하점초등학교,강화군,강화군,하점면,,37.7727014,126.4144853,valid_header_swapped,true
20260228,bus,bus:166000942,166000942,40942,하정놀이공원,부평구,부평구,십정동,,37.4721824,126.7009831,valid_header_swapped,true
20260228,bus,bus:166000044,166000044,40044,하정초등학교,부평구,부평구,십정2동,,37.4738759,126.6996710,valid_header_swapped,true
20260228,bus,bus:166000046,166000046,40046,하정초등학교,부평구,부평구,십정1동,,37.4739812,126.6995504,valid_header_swapped,true
20260228,bus,bus:167000293,167000293,41293,학마을한진아파트정문,계양구,계양구,계양2동,,37.5445742,126.7424374,valid_header_swapped,true
20260228,bus,bus:163000025,163000025,37025,학산사거리,미추홀구,미추홀구,학익1동,,37.4402605,126.6623368,valid_header_swapped,true
20260228,bus,bus:163000027,163000027,37027,학산사거리,미추홀구,미추홀구,학익1동,,37.4405701,126.6621527,valid_header_swapped,true
20260228,bus,bus:163000169,163000169,37169,학산소극장,미추홀구,미추홀구,용현14동,,37.4493753,126.6630719,valid_header_swapped,true
20260228,bus,bus:163000173,163000173,37173,학산소극장,미추홀구,미추홀구,용현14동,,37.4495551,126.6632096,valid_header_swapped,true
20260228,bus,bus:165000284,165000284,39284,학생안전체험관,남동구,남동구,구월1동,,37.4524823,126.7150659,valid_header_swapped,true
20260228,bus,bus:277103809,277103809,72008,학의JC(미정차),코드정보 없음,코드정보 없음,청계동,,37.3859196,127.0013478,outside_incheon_bounds,false
20260228,bus,bus:277103808,277103808,72005,학의JC(미정차),코드정보 없음,코드정보 없음,청계동,,37.3876191,127.0000278,outside_incheon_bounds,false
20260228,bus,bus:163000015,163000015,37015,학익.원흥아파트,미추홀구,미추홀구,학익1동,,37.4396974,126.6604417,valid_header_swapped,true
20260228,bus,bus:163000151,163000151,37151,학익2동행정복지센터,미추홀구,미추홀구,학익2동,,37.4464114,126.6667025,valid_header_swapped,true
20260228,bus,bus:163000150,163000150,37150,학익2동행정복지센터,미추홀구,미추홀구,학익2동,,37.4462903,126.6669784,valid_header_swapped,true
20260228,bus,bus:163000562,163000562,37562,학익SKVIEW·동아풍림아파트,미추홀구,미추홀구,학익1동,,37.4418899,126.6635436,valid_header_swapped,true
20260228,bus,bus:163000505,163000505,37505,학익고등학교·학익SKVIEW,미추홀구,미추홀구,학익1동,,37.4402903,126.6653154,valid_header_swapped,true
20260228,bus,bus:163000029,163000029,37029,학익고등학교·학익SKVIEW,미추홀구,미추홀구,학익1동,,37.4400928,126.6644656,valid_header_swapped,true
20260228,bus,bus:163000139,163000139,37139,학익동구치소,미추홀구,미추홀구,학익2동,,37.4450603,126.6695912,valid_header_swapped,true
20260228,bus,bus:163000631,163000631,37631,학익동성당앞,미추홀구,미추홀구,학익1동,,37.4413806,126.6546414,valid_header_swapped,true
20260228,bus,bus:163000630,163000630,37630,학익동성당앞,미추홀구,미추홀구,학익1동,,37.4418243,126.6541011,valid_header_swapped,true
20260228,bus,bus:163000058,163000058,37058,학익동아풍림아파트·SKVIEW,미추홀구,미추홀구,학익1동,,37.4420150,126.6632675,valid_header_swapped,true
20260228,bus,bus:163000077,163000077,37077,학익사거리,미추홀구,미추홀구,학익1동,,37.4427353,126.6638381,valid_header_swapped,true
20260228,bus,bus:163000075,163000075,37075,학익사거리,미추홀구,미추홀구,학익1동,,37.4425638,126.6640803,valid_header_swapped,true
20260228,bus,bus:163000089,163000089,37089,학익사거리(동아풍림아파트),미추홀구,미추홀구,학익1동,,37.4436838,126.6626903,valid_header_swapped,true
20260228,bus,bus:163000084,163000084,37084,학익사거리(동아풍림아파트),미추홀구,미추홀구,학익1동,,37.4433846,126.6628775,valid_header_swapped,true
20260228,bus,bus:163000112,163000112,37112,학익시장,미추홀구,미추홀구,학익1동,,37.4442182,126.6650554,valid_header_swapped,true
20260228,bus,bus:163000106,163000106,37106,학익시장,미추홀구,미추홀구,학익2동,,37.4438307,126.6650868,valid_header_swapped,true
20260228,bus,bus:163000080,163000080,37080,학익시장(법원검찰청),미추홀구,미추홀구,학익1동,,37.4424494,126.6651033,valid_header_swapped,true
20260228,bus,bus:163000082,163000082,37082,학익시장앞,미추홀구,미추홀구,학익2동,,37.4426821,126.6652720,valid_header_swapped,true
20260228,bus,bus:163000566,163000566,37566,학익여자고등학교,미추홀구,미추홀구,학익2동,,37.4431938,126.6761848,valid_header_swapped,true
20260228,bus,bus:163000140,163000140,37140,학익여자고등학교,미추홀구,미추홀구,학익2동,,37.4431018,126.6763904,valid_header_swapped,true
20260228,bus,bus:163000487,163000487,37487,학익풍림아파트,미추홀구,미추홀구,학익1동,,37.4397734,126.6604067,valid_header_swapped,true
20260228,bus,bus:169001157,169001157,90157,한가라지고개,강화군,강화군,삼산면,,37.6965173,126.2974157,valid_header_swapped,true
20260228,bus,bus:169001158,169001158,90158,한가라지고개,강화군,강화군,삼산면,,37.6974271,126.2972842,valid_header_swapped,true
20260228,bus,bus:169001159,169001159,90159,한가라지입구,강화군,강화군,삼산면,,37.6925293,126.3004461,valid_header_swapped,true
20260228,bus,bus:169001160,169001160,90160,한가라지입구,강화군,강화군,삼산면,,37.6919340,126.3007562,valid_header_swapped,true
20260228,bus,bus:232000704,232000704,80318,한가람마을우미린.호수이편한세상,기타,기타,양촌면,,37.6496241,126.6273873,valid_header_swapped,false
20260228,bus,bus:119000300,119000300,29020,한강대교남단(미정차),코드정보 없음,코드정보 없음,본동,,37.5141991,126.9559292,outside_incheon_bounds,false
20260228,bus,bus:232000730,232000730,35291,한강로사거리,기타,기타,김포시,,37.6506785,126.6737371,valid_header_swapped,false
20260228,bus,bus:232000732,232000732,35295,한강로사거리,기타,기타,김포시,,37.6509167,126.6740842,valid_header_swapped,false
20260228,bus,bus:232000718,232000718,80375,한강센트럴블루힐.모아엘가2차,코드정보 없음,코드정보 없음,양촌면,,37.6370038,126.6284281,valid_header_swapped,false
20260228,bus,bus:168001274,168001274,89274,한국가스공사,서구,서해구,청라3동,,37.5338316,126.6239814,valid_header_swapped,true
20260228,bus,bus:168001273,168001273,89273,한국가스공사,서구,서해구,청라3동,,37.5343614,126.6237501,valid_header_swapped,true
20260228,bus,bus:165000061,165000061,39061,한국가스공사,남동구,남동구,논현고잔동,,37.4054694,126.6875988,valid_header_swapped,true
20260228,bus,bus:168001114,168001114,89114,한국가스공사인천지역본부,서구,서해구,청라3동,,37.5348719,126.6238169,valid_header_swapped,true
20260228,bus,bus:168001115,168001115,89115,한국가스공사인천지역본부,서구,서해구,청라3동,,37.5349363,126.6241130,valid_header_swapped,true
20260228,bus,bus:118000073,118000073,19158,한국거래소,기타,기타,여의도동,,37.5236559,126.9270556,outside_incheon_bounds,false
20260228,bus,bus:165000315,165000315,39315,한국건설생활환경시험연구원,남동구,남동구,만수6동,,37.4473762,126.7396852,valid_header_swapped,true
20260228,bus,bus:165000312,165000312,39312,한국건설생활환경시험연구원,남동구,남동구,만수6동,,37.4471350,126.7397158,valid_header_swapped,true
20260228,bus,bus:115000298,115000298,25144,한국공항공사,코드정보 없음,코드정보 없음,방화2동,,37.5625304,126.7982373,valid_header_swapped,false
20260228,bus,bus:115000297,115000297,25002,한국공항공사,코드정보 없음,코드정보 없음,방화2동,,37.5624968,126.7988072,valid_header_swapped,false
20260228,bus,bus:168000278,168000278,42278,한국국토정보공사인천북부지사,서구,서해구,연희동,,37.5421339,126.6748628,valid_header_swapped,true
20260228,bus,bus:168000280,168000280,42280,한국국토정보공사인천북부지사,서구,서해구,연희동,,37.5422483,126.6755585,valid_header_swapped,true
20260228,bus,bus:169000381,169000381,43381,한국글로벌셰프고등학교,강화군,강화군,내가면,,37.7133345,126.3909182,valid_header_swapped,true
20260228,bus,bus:169000246,169000246,43246,한국글로벌셰프고등학교,강화군,강화군,내가면,,37.7140471,126.3912683,valid_header_swapped,true
20260228,bus,bus:164000764,164000764,38762,한국뉴욕주립대학교,연수구,연수구,송도3동,,37.3778258,126.6671022,valid_header_swapped,true
20260228,bus,bus:164000766,164000766,38764,한국단자공업연구소,연수구,연수구,송도1동,,37.3862628,126.6548016,valid_header_swapped,true
20260228,bus,bus:164000765,164000765,38763,한국단자공업연구소,연수구,연수구,송도1동,,37.3859554,126.6547901,valid_header_swapped,true
20260228,bus,bus:161000400,161000400,35400,한국도심공항터미널,중구,영종구,영종동,,37.4316333,126.4265238,valid_header_swapped,true
20260228,bus,bus:161000417,161000417,35417,한국도심공항터미널,중구,영종구,용유동,,37.4333341,126.4255090,valid_header_swapped,true
20260228,bus,bus:161000408,161000408,35408,한국도심공항터미널,중구,영종구,용유동,,37.4325934,126.4261440,valid_header_swapped,true
20260228,bus,bus:161000645,161000645,35645,한국도심공항터미널앞,중구,영종구,영종동,,37.4317669,126.4265024,valid_header_swapped,true
20260228,bus,bus:165000057,165000057,39057,한국마쓰이,남동구,남동구,논현고잔동,,37.4001076,126.6995540,valid_header_swapped,true
20260228,bus,bus:165000055,165000055,39055,한국마쓰이,남동구,남동구,논현고잔동,,37.4000762,126.6990557,valid_header_swapped,true
20260228,bus,bus:166000583,166000583,40583,한국만화박물관,부평구,부평구,삼산2동,,37.5085359,126.7415134,valid_header_swapped,true
20260228,bus,bus:122000148,122000148,23251,한국무역센터.삼성역,기타,기타,대치동,,37.5079015,127.0606523,outside_incheon_bounds,false
20260228,bus,bus:122000098,122000098,23201,한국무역센터.삼성역,기타,기타,삼성1동,,37.5084080,127.0608786,outside_incheon_bounds,false
20260228,bus,bus:165000060,165000060,39060,한국산업단지공단,남동구,남동구,논현고잔동,,37.4025211,126.6963033,valid_header_swapped,true
20260228,bus,bus:165000067,165000067,39067,한국산업단지공단,남동구,남동구,논현고잔동,,37.4045431,126.6973334,valid_header_swapped,true
20260228,bus,bus:164000448,164000448,38448,한국생산기술연구원,연수구,연수구,송도1동,,37.3837673,126.6493675,valid_header_swapped,true
20260228,bus,bus:168000271,168000271,42271,한국생산기술연구원(주조기술센터),서구,서해구,검암경서동,,37.5512748,126.6375988,valid_header_swapped,true
20260228,bus,bus:168000719,168000719,42719,한국생산기술연구원(주조기술센터),서구,서해구,검암경서동,,37.5513397,126.6373524,valid_header_swapped,true
20260228,bus,bus:166000673,166000673,40673,한국선교역사기념관,부평구,부평구,갈산1동,,37.5220971,126.7326166,valid_header_swapped,true
20260228,bus,bus:164000154,164000154,38154,한국아파트,연수구,연수구,옥련2동,,37.4244316,126.6500467,valid_header_swapped,true
20260228,bus,bus:163000682,163000682,37682,한국아파트,미추홀구,미추홀구,용현동,,37.4463052,126.6382053,valid_header_swapped,true
20260228,bus,bus:166000791,166000791,40791,한국아파트,부평구,부평구,부개1동,,37.4848302,126.7323348,valid_header_swapped,true
20260228,bus,bus:166000816,166000816,40816,한국아파트,부평구,부평구,갈산2동,,37.5106933,126.7314607,valid_header_swapped,true
20260228,bus,bus:166000792,166000792,40792,한국아파트,부평구,부평구,부평1동,,37.4996426,126.7162987,valid_header_swapped,true
20260228,bus,bus:167000206,167000206,41206,한국아파트,계양구,계양구,계산2동,,37.5416002,126.7282531,valid_header_swapped,true
20260228,bus,bus:166000790,166000790,40790,한국아파트,부평구,부평구,부개1동,,37.4849882,126.7326393,valid_header_swapped,true
20260228,bus,bus:167000208,167000208,41208,한국아파트,계양구,계양구,계산3동,,37.5418996,126.7284895,valid_header_swapped,true
20260228,bus,bus:163000017,163000017,37017,한국아파트,미추홀구,미추홀구,용현5동,,37.4467883,126.6381249,valid_header_swapped,true
20260228,bus,bus:166000715,166000715,40715,한국아파트,부평구,부평구,십정1동,,37.4807316,126.7030106,valid_header_swapped,true
20260228,bus,bus:232000030,232000030,80057,한국아파트,코드정보 없음,코드정보 없음,김포2동,,37.6268688,126.6998864,valid_header_swapped,false
20260228,bus,bus:166000714,166000714,40714,한국아파트,부평구,부평구,십정1동,,37.4807811,126.7029913,valid_header_swapped,true
20260228,bus,bus:164000770,164000770,38768,한국외대송도캠퍼스,연수구,연수구,송도3동,,37.3691069,126.6670288,valid_header_swapped,true
20260228,bus,bus:161000898,161000898,35898,한국은행,중구,제물포구,신흥동,,37.4577527,126.6324750,valid_header_swapped,true
20260228,bus,bus:168000947,168000947,42947,한국전력,서구,서해구,가정1동,,37.5292190,126.6754257,valid_header_swapped,true
20260228,bus,bus:166000560,166000560,40560,한국지엠기술교육원,부평구,부평구,청천2동,,37.5135659,126.7209068,valid_header_swapped,true
20260228,bus,bus:166000570,166000570,40570,한국지엠기술교육원,부평구,부평구,갈산1동,,37.5142795,126.7214086,valid_header_swapped,true
20260228,bus,bus:168001412,168001412,89412,한국지엠청라주행시험장,서구,서해구,청라동,,37.5193205,126.6493310,valid_header_swapped,true
20260228,bus,bus:168001413,168001413,89413,한국지엠청라주행시험장,서구,서해구,청라동,,37.5198781,126.6490354,valid_header_swapped,true
20260228,bus,bus:165001049,165001049,92049,한국콘베어공업,남동구,남동구,고잔동,,37.4038504,126.6917117,valid_header_swapped,true
20260228,bus,bus:168001221,168001221,89221,한국타이어인천물류센터,서구,서해구,석남2동,,37.5046540,126.6619986,valid_header_swapped,true
20260228,bus,bus:168001222,168001222,89222,한국타이어인천물류센터,서구,서해구,석남2동,,37.5046237,126.6615374,valid_header_swapped,true
20260228,bus,bus:168000575,168000575,42575,한국특수주물(주),서구,서해구,검암경서동,,37.5506339,126.6454617,valid_header_swapped,true
20260228,bus,bus:163000448,163000448,37448,한국폴리텍2대학남인천캠퍼스,미추홀구,미추홀구,주안5동,,37.4715049,126.6775465,valid_header_swapped,true
20260228,bus,bus:163000450,163000450,37450,한국폴리텍2대학남인천캠퍼스,미추홀구,미추홀구,주안5동,,37.4721809,126.6775453,valid_header_swapped,true
20260228,bus,bus:166000253,166000253,40253,한남시티플라자,부평구,부평구,부평5동,,37.4932006,126.7255659,valid_header_swapped,true
20260228,bus,bus:168000371,168000371,42371,한들마을입구(유아교육진흥원),서구,서해구,검암경서동,,37.5775190,126.6754638,valid_header_swapped,true
20260228,bus,bus:168000370,168000370,42370,한들마을입구(유아교육진흥원),서구,서해구,검암경서동,,37.5780098,126.6751393,valid_header_swapped,true
20260228,bus,bus:170000035,170000035,44035,한들해수욕장입구,옹진군,옹진군,북도면,,,,missing,false
20260228,bus,bus:161000459,161000459,35459,한라비발디,중구,영종구,영종동,,37.4909583,126.5621830,valid_header_swapped,true
20260228,bus,bus:168000878,168000878,42878,한라비발디,서구,서해구,청라2동,,37.5407274,126.6407409,valid_header_swapped,true
20260228,bus,bus:168001181,168001181,89181,한라비발디,서구,서해구,청라2동,,37.5406775,126.6364548,valid_header_swapped,true
20260228,bus,bus:168001180,168001180,89180,한라비발디,서구,서해구,청라2동,,37.5399314,126.6366784,valid_header_swapped,true
20260228,bus,bus:168000879,168000879,42879,한라비발디,서구,서해구,청라2동,,37.5405150,126.6404280,valid_header_swapped,true
20260228,bus,bus:161000460,161000460,35460,한라비발디,중구,영종구,영종동,,37.4901625,126.5626602,valid_header_swapped,true
20260228,bus,bus:168001373,168001373,89373,한라비발디정문,서구,서해구,청라동,,37.5392154,126.6385683,valid_header_swapped,true
20260228,bus,bus:161000658,161000658,35658,한라비발디후문.화성파크드림,중구,영종구,영종동,,37.4922583,126.5622222,valid_header_swapped,true
20260228,bus,bus:161000291,161000291,35291,한라시멘트,중구,제물포구,신흥동,,37.4360599,126.6159214,valid_header_swapped,true
20260228,bus,bus:165000117,165000117,39117,한라아파트,남동구,남동구,논현고잔동,,37.4042507,126.7368796,valid_header_swapped,true
20260228,bus,bus:165000118,165000118,39118,한라아파트,남동구,남동구,논현고잔동,,37.4044186,126.7370129,valid_header_swapped,true
20260228,bus,bus:164000803,164000803,38801,한라웨스턴파크송도,연수구,연수구,송도동,,37.4065725,126.6276425,valid_header_swapped,true
20260228,bus,bus:167000130,167000130,41130,한림병원,계양구,계양구,작전1동,,37.5324316,126.7337207,valid_header_swapped,true
20260228,bus,bus:167000131,167000131,41131,한림병원,계양구,계양구,작전서운동,,37.5324207,126.7341126,valid_header_swapped,true
20260228,bus,bus:168000755,168000755,42755,한미반도체,서구,서해구,가좌3동,,37.4763775,126.6795012,valid_header_swapped,true
20260228,bus,bus:168000754,168000754,42754,한미반도체,서구,서해구,가좌3동,,37.4760726,126.6794819,valid_header_swapped,true
20260228,bus,bus:165000774,165000774,39774,한빛초교앞,남동구,남동구,서창2동,,37.4233784,126.7457530,valid_header_swapped,true
20260228,bus,bus:165000773,165000773,39773,한빛초교앞,남동구,남동구,서창2동,,37.4233196,126.7455579,valid_header_swapped,true
20260228,bus,bus:168000461,168000461,42461,한사랑어린이집,서구,검단구,검단1동,,37.6153915,126.6390876,valid_header_swapped,true
20260228,bus,bus:168001020,168001020,89020,한성아파트,서구,서해구,가정2동,,37.5292121,126.6793872,valid_header_swapped,true
20260228,bus,bus:168000091,168000091,42091,한성자동차학원,서구,서해구,석남2동,,37.5038385,126.6486394,valid_header_swapped,true
20260228,bus,bus:169000681,169000681,43681,한수조경,강화군,강화군,길상면,,37.6188122,126.5051660,valid_header_swapped,true
20260228,bus,bus:169000882,169000882,43882,한수조경,강화군,강화군,길상면,,37.6185769,126.5048038,valid_header_swapped,true
20260228,bus,bus:168000279,168000279,42279,한스엔지니어링,서구,서해구,검암경서동,,37.5528722,126.6389677,valid_header_swapped,true
20260228,bus,bus:168000276,168000276,42276,한스엔지니어링,서구,서해구,검암경서동,,37.5528755,126.6386302,valid_header_swapped,true
20260228,bus,bus:224000766,224000766,25820,한신.호반3차아파트,기타,기타,정왕동,,,,missing,false
20260228,bus,bus:161000911,161000911,35911,한신더휴2차,중구,영종구,영종2동,,37.4958472,126.5568146,valid_header_swapped,true
20260228,bus,bus:161000655,161000655,35655,한신더휴스카이파크,중구,영종구,영종동,,37.5017696,126.5635814,valid_header_swapped,true
20260228,bus,bus:161000654,161000654,35654,한신더휴스카이파크,중구,영종구,영종동,,37.5016152,126.5636563,valid_header_swapped,true
20260228,bus,bus:168001521,168001521,89521,한신더휴어반파크,서구,검단구,당하동,,37.5871491,126.7073085,valid_header_swapped,true
20260228,bus,bus:232000828,232000828,35761,한신더휴테라스,기타,기타,운영동,,37.6495354,126.6954816,valid_header_swapped,false
20260228,bus,bus:232000829,232000829,35762,한신더휴테라스,기타,기타,운영동,,37.6497333,126.6954799,valid_header_swapped,false
20260228,bus,bus:168000249,168000249,42249,한신빌리지(A),서구,서해구,가정3동,,37.5215549,126.6859549,valid_header_swapped,true
20260228,bus,bus:168000246,168000246,42246,한신빌리지(B),서구,서해구,가정3동,,37.5212855,126.6853217,valid_header_swapped,true
20260228,bus,bus:168000229,168000229,42229,한신빌리지(C),서구,서해구,가정3동,,37.5196238,126.6829652,valid_header_swapped,true
20260228,bus,bus:168000230,168000230,42230,한신빌리지아파트,서구,서해구,가정3동,,37.5199003,126.6815682,valid_header_swapped,true
20260228,bus,bus:166000806,166000806,40806,한신삼부아파트,부평구,부평구,부개3동,,37.5005531,126.7407805,valid_header_swapped,true
20260228,bus,bus:163000267,163000267,37267,한신아파트,미추홀구,미추홀구,주안8동,,37.4482228,126.6869198,valid_header_swapped,true
20260228,bus,bus:163000264,163000264,37264,한신아파트,미추홀구,미추홀구,주안8동,,37.4480218,126.6867986,valid_header_swapped,true
20260228,bus,bus:167000066,167000066,41066,한신아파트,계양구,계양구,작전1동,,37.5280908,126.7277747,valid_header_swapped,true
20260228,bus,bus:167000067,167000067,41067,한신아파트,계양구,계양구,작전1동,,37.5279679,126.7280110,valid_header_swapped,true
20260228,bus,bus:163000262,163000262,37262,한신아파트,미추홀구,미추홀구,주안8동,,37.4469647,126.6898080,valid_header_swapped,true
20260228,bus,bus:168000095,168000095,42095,한신아파트,서구,서해구,가좌2동,,37.4926312,126.6867638,valid_header_swapped,true
20260228,bus,bus:168000105,168000105,42105,한신휴아파트,서구,서해구,가좌2동,,37.4955979,126.6832016,valid_header_swapped,true
20260228,bus,bus:166000245,166000245,40245,한신휴아파트,부평구,부평구,부평3동,,37.4995510,126.7040846,valid_header_swapped,true
20260228,bus,bus:168000106,168000106,42106,한신휴아파트,서구,서해구,가좌2동,,37.4940528,126.6882517,valid_header_swapped,true
20260228,bus,bus:164000055,164000055,38055,한양2차아파트,연수구,연수구,동춘2동,,37.4047184,126.6700673,valid_header_swapped,true
20260228,bus,bus:163000512,163000512,37512,한양2차아파트,미추홀구,미추홀구,용현5동,,37.4529850,126.6327504,valid_header_swapped,true
20260228,bus,bus:165000753,165000753,39753,한양공구,남동구,남동구,장수서창동,,37.4384295,126.7670571,valid_header_swapped,true
20260228,bus,bus:165000664,165000664,39664,한양공구,남동구,남동구,장수서창동,,37.4382286,126.7671262,valid_header_swapped,true
20260228,bus,bus:168000071,168000071,42071,한양공구,서구,서해구,석남2동,,37.4992734,126.6546159,valid_header_swapped,true
20260228,bus,bus:166000333,166000333,40333,한양쇼핑,부평구,부평구,산곡1동,,37.5045276,126.7017305,valid_header_swapped,true
20260228,bus,bus:166000331,166000331,40331,한양쇼핑,부평구,부평구,산곡2동,,37.5043550,126.7018547,valid_header_swapped,true
20260228,bus,bus:168000893,168000893,42893,한양수자인,서구,서해구,청라3동,,37.5277717,126.6218760,valid_header_swapped,true
20260228,bus,bus:161000450,161000450,35450,한양수자인,중구,영종구,영종동,,37.4919221,126.5529995,valid_header_swapped,true
20260228,bus,bus:161000537,161000537,35537,한양수자인(후문),중구,영종구,영종동,,37.4901386,126.5528202,valid_header_swapped,true
20260228,bus,bus:166000269,166000269,40269,한양아파트,부평구,부평구,산곡1동,,37.5027183,126.6998979,valid_header_swapped,true
20260228,bus,bus:163000079,163000079,37079,한양아파트,미추홀구,미추홀구,용현5동,,37.4504927,126.6385046,valid_header_swapped,true
20260228,bus,bus:163000076,163000076,37076,한양아파트,미추홀구,미추홀구,용현5동,,37.4504391,126.6383374,valid_header_swapped,true
20260228,bus,bus:166000356,166000356,40356,한양아파트,부평구,부평구,산곡2동,,37.5040619,126.7066176,valid_header_swapped,true
20260228,bus,bus:167000124,167000124,41124,한양아파트,계양구,계양구,작전2동,,37.5348113,126.7228081,valid_header_swapped,true
20260228,bus,bus:166000310,166000310,40310,한양아파트,부평구,부평구,산곡2동,,37.5033914,126.7029651,valid_header_swapped,true
20260228,bus,bus:166000905,166000905,40905,한양아파트,부평구,부평구,산곡2동,,37.5027268,126.7003164,valid_header_swapped,true
20260228,bus,bus:164000062,164000062,38062,한양아파트2차,연수구,연수구,동춘2동,,37.4051902,126.6755740,valid_header_swapped,true
20260228,bus,bus:168000523,168000523,42523,한양화학,서구,서해구,가좌1동,,37.4951840,126.6482157,valid_header_swapped,true
20260228,bus,bus:168001487,168001487,89487,한일금속,서구,검단구,오류왕길동,,37.5929099,126.6101815,valid_header_swapped,true
20260228,bus,bus:168001488,168001488,89488,한일금속,서구,검단구,오류왕길동,,37.5929197,126.6104971,valid_header_swapped,true
20260228,bus,bus:168000865,168000865,42865,한일베라체,서구,서해구,청라2동,,37.5300589,126.6414037,valid_header_swapped,true
20260228,bus,bus:168000839,168000839,42839,한일베라체,서구,서해구,청라2동,,37.5309607,126.6408321,valid_header_swapped,true
20260228,bus,bus:168000948,168000948,42948,한일베라체,서구,서해구,청라2동,,37.5297141,126.6414570,valid_header_swapped,true
20260228,bus,bus:167000296,167000296,41296,한일아파트,계양구,계양구,계양2동,,37.5476321,126.7350996,valid_header_swapped,true
20260228,bus,bus:167000295,167000295,41295,한일아파트,계양구,계양구,계양2동,,37.5475223,126.7348844,valid_header_swapped,true
20260228,bus,bus:232000330,232000330,80195,한일아파트,코드정보 없음,코드정보 없음,김포1동,,37.6298324,126.7050562,valid_header_swapped,false
20260228,bus,bus:168000576,168000576,42576,한일튜브(주),서구,서해구,검암경서동,,37.5487157,126.6438132,valid_header_swapped,true
20260228,bus,bus:168001070,168001070,89070,한전사거리,서구,검단구,오류왕길동,,37.5930052,126.6156320,valid_header_swapped,true
20260228,bus,bus:168001069,168001069,89069,한전사거리,서구,검단구,오류왕길동,,37.5928651,126.6154694,valid_header_swapped,true
20260228,bus,bus:170000197,170000197,44197,한전사택,옹진군,옹진군,영흥면,,37.2499252,126.4567580,valid_header_swapped,true
20260228,bus,bus:170000090,170000090,44090,한전사택,옹진군,옹진군,영흥면,,37.2498962,126.4570270,valid_header_swapped,true
20260228,bus,bus:169000012,169000012,43012,한전온수출장소,강화군,강화군,길상면,,37.6395098,126.4842499,valid_header_swapped,true
20260228,bus,bus:168001306,168001306,89306,한주글로벌,서구,서해구,검암경서동,,37.5522670,126.6471279,valid_header_swapped,true
20260228,bus,bus:164000541,164000541,38541,한진,연수구,연수구,송도3동,,37.3472630,126.6272199,valid_header_swapped,true
20260228,bus,bus:164000540,164000540,38540,한진,연수구,연수구,송도3동,,37.3475671,126.6276630,valid_header_swapped,true
20260228,bus,bus:164000016,164000016,38016,한진아파트,연수구,연수구,송도1동,,37.3898515,126.6609581,valid_header_swapped,true
20260228,bus,bus:167000355,167000355,41355,한진아파트,계양구,계양구,작전서운동,,37.5304436,126.7433582,valid_header_swapped,true
20260228,bus,bus:167000300,167000300,41300,한진아파트후문,계양구,계양구,계양2동,,37.5460966,126.7438035,valid_header_swapped,true
20260228,bus,bus:165000014,165000014,39014,한풍산업,남동구,남동구,논현고잔동,,37.3930779,126.6813607,valid_header_swapped,true
20260228,bus,bus:166000363,166000363,40363,한화2차,부평구,부평구,산곡2동,,37.5042914,126.7068949,valid_header_swapped,true
20260228,bus,bus:168000860,168000860,42860,한화꿈에그린,서구,서해구,청라2동,,37.5387566,126.6407713,valid_header_swapped,true
20260228,bus,bus:168000872,168000872,42872,한화꿈에그린,서구,서해구,청라2동,,37.5387619,126.6404190,valid_header_swapped,true
20260228,bus,bus:168001372,168001372,89372,한화꿈에그린정문,서구,서해구,청라동,,37.5389194,126.6382576,valid_header_swapped,true
20260228,bus,bus:167000375,167000375,41375,한화아파트,계양구,계양구,계양1동,,37.5564212,126.7468579,valid_header_swapped,true
20260228,bus,bus:166000380,166000380,40380,한화아파트,부평구,부평구,산곡2동,,37.5046441,126.7086457,valid_header_swapped,true
20260228,bus,bus:166000379,166000379,40379,한화아파트,부평구,부평구,산곡4동,,37.5044881,126.7088731,valid_header_swapped,true
20260228,bus,bus:166000351,166000351,40351,한화아파트,부평구,부평구,산곡2동,,37.5043914,126.7056781,valid_header_swapped,true
20260228,bus,bus:165000654,165000654,39654,한화지구공원앞,남동구,남동구,논현고잔동,,37.3970313,126.7278442,valid_header_swapped,true
20260228,bus,bus:165000311,165000311,39311,한희빌딩,남동구,남동구,구월2동,,37.4519195,126.7244784,valid_header_swapped,true
20260228,bus,bus:164000286,164000286,38286,함박도서관,연수구,연수구,연수1동,,37.4257362,126.6811488,valid_header_swapped,true
20260228,bus,bus:164000744,164000744,38742,함박도서관,연수구,연수구,연수1동,,37.4258442,126.6811422,valid_header_swapped,true
20260228,bus,bus:164000277,164000277,38277,함박마을,연수구,연수구,연수1동,,37.4244433,126.6810214,valid_header_swapped,true
20260228,bus,bus:164000291,164000291,38291,함박마을문화복지센터,연수구,연수구,연수1동,,37.4253931,126.6851929,valid_header_swapped,true
20260228,bus,bus:164000743,164000743,38741,함박마을문화복지센터,연수구,연수구,연수1동,,37.4255563,126.6851359,valid_header_swapped,true
20260228,bus,bus:164000285,164000285,38285,함박마을입구,연수구,연수구,연수1동,,37.4240601,126.6866495,valid_header_swapped,true
20260228,bus,bus:169000352,169000352,43352,함허동천,강화군,강화군,화도면,,37.6095135,126.4565034,valid_header_swapped,true
20260228,bus,bus:169000403,169000403,43403,함허동천,강화군,강화군,화도면,,37.6093507,126.4567674,valid_header_swapped,true
20260228,bus,bus:161000207,161000207,35207,합동청사역,중구,영종구,운서동,,37.4403987,126.4586009,valid_header_swapped,true
20260228,bus,bus:113000424,113000424,23029,합정역,코드정보 없음,코드정보 없음,합정동,,37.5488705,126.9125537,outside_incheon_bounds,false
20260228,bus,bus:113000129,113000129,14220,합정역,코드정보 없음,코드정보 없음,마포구,,37.5500243,126.9149458,outside_incheon_bounds,false
20260228,bus,bus:113000509,113000509,14099,합정역(가상),기타,기타,서교동,,37.5513393,126.9162277,outside_incheon_bounds,false
20260228,bus,bus:113000508,113000508,14098,합정역(가상),기타,기타,서교동,,37.5479780,126.9098580,outside_incheon_bounds,false
20260228,bus,bus:113000412,113000412,14012,합정역(중),기타,기타,서울시,,37.5497223,126.9139384,outside_incheon_bounds,false
20260228,bus,bus:161000610,161000610,35610,항동7가버스차고지,중구,제물포구,연안동,,37.4464238,126.6003839,valid_header_swapped,true
20260228,bus,bus:161000609,161000609,35609,항동7가버스차고지,중구,제물포구,연안동,,37.4462458,126.6007339,valid_header_swapped,true
20260228,bus,bus:161000704,161000704,35704,항동7가버스차고지(삼거리),중구,제물포구,연안동,,37.4450124,126.5999054,valid_header_swapped,true
20260228,bus,bus:161000705,161000705,35705,항동7가버스차고지(삼거리),중구,제물포구,연안동,,37.4450529,126.5988658,valid_header_swapped,true
20260228,bus,bus:161000065,161000065,35065,항운아파트,중구,제물포구,신흥동,,37.4481897,126.6240397,valid_header_swapped,true
20260228,bus,bus:161000602,161000602,35602,항운아파트,중구,제물포구,신흥동,,37.4463371,126.6237710,valid_header_swapped,true
20260228,bus,bus:161000481,161000481,35481,항운아파트,중구,제물포구,신흥동,,37.4477060,126.6238306,valid_header_swapped,true
20260228,bus,bus:165000058,165000058,39058,항진축산,남동구,남동구,논현고잔동,,37.3990654,126.7033187,valid_header_swapped,true
20260228,bus,bus:165000056,165000056,39056,항진축산,남동구,남동구,논현고잔동,,37.3987837,126.7032494,valid_header_swapped,true
20260228,bus,bus:169000558,169000558,43558,항청리종점,강화군,강화군,내가면,,37.7121031,126.3550656,valid_header_swapped,true
20260228,bus,bus:169001247,169001247,90247,항포,강화군,강화군,삼산면,,37.7058042,126.2955288,valid_header_swapped,true
20260228,bus,bus:169001248,169001248,90248,항포,강화군,강화군,삼산면,,37.7056986,126.2955316,valid_header_swapped,true
20260228,bus,bus:170000073,170000073,44073,해경파출소앞,옹진군,옹진군,덕적면,,,,missing,false
20260228,bus,bus:166000292,166000292,40292,해광병원,부평구,부평구,부평4동,,37.4963061,126.7235173,valid_header_swapped,true
20260228,bus,bus:169001136,169001136,90136,해넘이마을,강화군,강화군,화도면,,37.6154092,126.3830909,valid_header_swapped,true
20260228,bus,bus:169001135,169001135,90135,해넘이마을,강화군,강화군,화도면,,37.6157466,126.3833443,valid_header_swapped,true
20260228,bus,bus:164000008,164000008,38008,해돋이공원,연수구,연수구,송도1동,,37.3896412,126.6531907,valid_header_swapped,true
20260228,bus,bus:164000010,164000010,38010,해돋이공원,연수구,연수구,송도1동,,37.3905987,126.6507866,valid_header_swapped,true
20260228,bus,bus:164000720,164000720,38718,해돋이공원,연수구,연수구,송도1동,,37.3900034,126.6532915,valid_header_swapped,true
20260228,bus,bus:164000731,164000731,38729,해돋이도서관,연수구,연수구,송도1동,,37.3870289,126.6580503,valid_header_swapped,true
20260228,bus,bus:164000732,164000732,38730,해돋이도서관,연수구,연수구,송도1동,,37.3867312,126.6579576,valid_header_swapped,true
20260228,bus,bus:161000726,161000726,35726,해뜨는집앞,중구,영종구,용유동,,37.4524028,126.3960793,valid_header_swapped,true
20260228,bus,bus:161000531,161000531,35531,해뜨는집앞,중구,영종구,용유동,,37.4523842,126.3961433,valid_header_swapped,true
20260228,bus,bus:169001352,169001352,90352,해망,강화군,강화군,건평리,,37.6745135,126.4039833,valid_header_swapped,true
20260228,bus,bus:169001353,169001353,90353,해망,강화군,강화군,건평리,,37.6748141,126.4041217,valid_header_swapped,true
20260228,bus,bus:169001180,169001180,90180,해명초등학교앞,강화군,강화군,삼산면,,37.6670010,126.3586410,valid_header_swapped,true
20260228,bus,bus:169001179,169001179,90179,해명초등학교앞,강화군,강화군,삼산면,,37.6670582,126.3585903,valid_header_swapped,true
20260228,bus,bus:165000805,165000805,39805,해모로월드뷰,연수구,연수구,송도3동,,37.3842558,126.6633211,valid_header_swapped,true
20260228,bus,bus:165000794,165000794,39794,해모로월드뷰,연수구,연수구,송도3동,,37.3849624,126.6636631,valid_header_swapped,true
20260228,bus,bus:166000782,166000782,40782,해물탕거리,부평구,부평구,부평5동,,37.4942252,126.7276877,valid_header_swapped,true
20260228,bus,bus:232000618,232000618,80054,해병2사단.향동,코드정보 없음,코드정보 없음,양촌면,,37.6193701,126.6339637,valid_header_swapped,false
20260228,bus,bus:161000503,161000503,35503,해사고등학교,중구,제물포구,북성동,,37.4691321,126.6009327,valid_header_swapped,true
20260228,bus,bus:161000126,161000126,35126,해사고등학교.한국이민사박물관,중구,제물포구,북성동,,37.4692938,126.6008525,valid_header_swapped,true
20260228,bus,bus:167000166,167000166,41166,해서초등학교,계양구,계양구,계산1동,,37.5400935,126.7184757,valid_header_swapped,true
20260228,bus,bus:167000168,167000168,41168,해서초등학교,계양구,계양구,계산1동,,37.5402370,126.7186417,valid_header_swapped,true
20260228,bus,bus:168000813,168000813,42813,해성단조,서구,검단구,오류왕길동,,37.5942145,126.6058224,valid_header_swapped,true
20260228,bus,bus:161000553,161000553,35553,해송노인요양병원,중구,영종구,영종동,,37.5154022,126.5104279,valid_header_swapped,true
20260228,bus,bus:161000552,161000552,35552,해송노인요양병원,중구,영종구,영종동,,37.5155262,126.5104316,valid_header_swapped,true
20260228,bus,bus:168000083,168000083,42083,해수워터피아,서구,서해구,석남2동,,37.4993054,126.6597896,valid_header_swapped,true
20260228,bus,bus:168000082,168000082,42082,해수워터피아,서구,서해구,가좌1동,,37.4991213,126.6603777,valid_header_swapped,true
20260228,bus,bus:165000001,165000001,39001,해안도로신항만교,남동구,남동구,논현고잔동,,37.3846146,126.6988438,valid_header_swapped,true
20260228,bus,bus:165000002,165000002,39002,해안도로신항만교,남동구,남동구,논현고잔동,,37.3852143,126.6987959,valid_header_swapped,true
20260228,bus,bus:169001161,169001161,90161,해암약수,강화군,강화군,삼산면,,37.6891564,126.3067247,valid_header_swapped,true
20260228,bus,bus:169001162,169001162,90162,해암약수,강화군,강화군,삼산면,,37.6889629,126.3069251,valid_header_swapped,true
20260228,bus,bus:164000015,164000015,38015,해양경찰청,연수구,연수구,송도1동,,37.3930771,126.6502016,valid_header_swapped,true
20260228,bus,bus:164000014,164000014,38014,해양경찰청,연수구,연수구,송도1동,,37.3930192,126.6499034,valid_header_swapped,true
20260228,bus,bus:164000411,164000411,38411,해양경찰청,연수구,연수구,송도1동,,37.3949357,126.6495557,valid_header_swapped,true
20260228,bus,bus:165000696,165000696,39696,해양기계,남동구,남동구,논현고잔동,,37.3990451,126.7088202,valid_header_swapped,true
20260228,bus,bus:165000532,165000532,39532,해양기계,남동구,남동구,논현고잔동,,37.3987625,126.7083670,valid_header_swapped,true
20260228,bus,bus:169000413,169000413,43413,해오름민박,강화군,강화군,화도면,,37.5965260,126.4357234,valid_header_swapped,true
20260228,bus,bus:169000442,169000442,43442,해오름민박,강화군,강화군,화도면,,37.5964443,126.4361395,valid_header_swapped,true
20260228,bus,bus:168000964,168000964,42964,해원고등학교,서구,서해구,청라3동,,37.5275583,126.6276464,valid_header_swapped,true
20260228,bus,bus:168000972,168000972,42972,해원중학교,서구,서해구,청라3동,,37.5272305,126.6289477,valid_header_swapped,true
20260228,bus,bus:168000973,168000973,42973,해원중학교,서구,서해구,청라3동,,37.5272125,126.6287049,valid_header_swapped,true
20260228,bus,bus:168000965,168000965,42965,해원중학교후문,서구,서해구,청라3동,,37.5273858,126.6277140,valid_header_swapped,true
20260228,bus,bus:161000948,161000948,35948,해찬나래사거리(환승정류소),중구,영종구,영종동,,37.4953966,126.5519954,valid_header_swapped,true
20260228,bus,bus:161000947,161000947,35947,해찬나래사거리(환승정류소),중구,영종구,영종동,,37.4951210,126.5523585,valid_header_swapped,true
20260228,bus,bus:170000139,170000139,44139,해피타운앞,옹진군,옹진군,영흥면,,37.2775772,126.4740540,valid_header_swapped,true
20260228,bus,bus:170000198,170000198,44198,해피타운앞,옹진군,옹진군,영흥면,,37.2776372,126.4742860,valid_header_swapped,true
20260228,bus,bus:168001263,168001263,89263,핸즈코퍼레이션,서구,서해구,가좌1동,,37.4849170,126.6623110,valid_header_swapped,true
20260228,bus,bus:168001262,168001262,89262,핸즈코퍼레이션,서구,서해구,가좌1동,,37.4851795,126.6622766,valid_header_swapped,true
20260228,bus,bus:161000907,161000907,35907,햇내로,중구,영종구,운서동,,37.4989962,126.5027052,valid_header_swapped,true
20260228,bus,bus:161000908,161000908,35908,햇내로,중구,영종구,운서동,,37.4990291,126.5024653,valid_header_swapped,true
20260228,bus,bus:161000777,161000777,35777,햇내로공원입구,중구,영종구,운서동,,37.4967037,126.5013456,valid_header_swapped,true
20260228,bus,bus:161000784,161000784,35784,햇내로공원입구,중구,영종구,운서동,,37.4957660,126.5010685,valid_header_swapped,true
20260228,bus,bus:161000690,161000690,35690,행복마을입구,중구,영종구,운북동,,37.5166924,126.5418705,valid_header_swapped,true
20260228,bus,bus:161000687,161000687,35687,행복마을입구,중구,영종구,운북동,,37.5167038,126.5420065,valid_header_swapped,true
20260228,bus,bus:166000132,166000132,40132,행복육교,부평구,부평구,부평3동,,37.4872634,126.7141841,valid_header_swapped,true
20260228,bus,bus:169000583,169000583,43583,행자골,강화군,강화군,화도면,,37.6181639,126.4618151,valid_header_swapped,true
20260228,bus,bus:169000350,169000350,43350,행자골,강화군,강화군,화도면,,37.6182199,126.4616724,valid_header_swapped,true
20260228,bus,bus:166000332,166000332,40332,행정복지센터사거리,부평구,부평구,부개2동,,37.4940211,126.7368403,valid_header_swapped,true
20260228,bus,bus:169000648,169000648,43648,향나무골,강화군,강화군,불은면,,37.6682024,126.5074209,valid_header_swapped,true
20260228,bus,bus:169000131,169000131,43131,향나무골,강화군,강화군,불은면,,37.6680253,126.5074624,valid_header_swapped,true
20260228,bus,bus:232000571,232000571,80055,향동해병2사단,코드정보 없음,코드정보 없음,양촌면,,37.6201219,126.6331826,valid_header_swapped,false
20260228,bus,bus:165000741,165000741,39741,향촌휴먼시아2단지,남동구,남동구,만수2동,,37.4612057,126.7298247,valid_header_swapped,true
20260228,bus,bus:161000446,161000446,35446,허브주유소,중구,영종구,영종동,,37.5049874,126.5299473,valid_header_swapped,true
20260228,bus,bus:161000447,161000447,35447,허브주유소,중구,영종구,영종동,,37.5059478,126.5292549,valid_header_swapped,true
20260228,bus,bus:169001120,169001120,90120,허튼개,강화군,강화군,내가면,,37.7046011,126.3628749,valid_header_swapped,true
20260228,bus,bus:169001119,169001119,90119,허튼개,강화군,강화군,내가면,,37.7047182,126.3628011,valid_header_swapped,true
20260228,bus,bus:169000317,169000317,43317,헤나무,강화군,강화군,양도면,,37.6650115,126.4693887,valid_header_swapped,true
20260228,bus,bus:169000199,169000199,43199,헤나무,강화군,강화군,양도면,,37.6650648,126.4693241,valid_header_swapped,true
20260228,bus,bus:163000488,163000488,37488,현광아파트,미추홀구,미추홀구,학익1동,,37.4385602,126.6550363,valid_header_swapped,true
20260228,bus,bus:163000007,163000007,37007,현광아파트,미추홀구,미추홀구,학익1동,,37.4384064,126.6551009,valid_header_swapped,true
20260228,bus,bus:167000071,167000071,41071,현광아파트,계양구,계양구,작전서운동,,37.5256636,126.7363341,valid_header_swapped,true
20260228,bus,bus:165000380,165000380,39380,현광아파트,남동구,남동구,만수3동,,37.4550198,126.7299581,valid_header_swapped,true
20260228,bus,bus:167000432,167000432,41432,현광아파트,계양구,계양구,작전서운동,,37.5254893,126.7357323,valid_header_swapped,true
20260228,bus,bus:168000258,168000258,42258,현광아파트,서구,서해구,가정1동,,37.5295517,126.6760279,valid_header_swapped,true
20260228,bus,bus:165000376,165000376,39376,현광아파트(호산부인과),남동구,남동구,만수5동,,37.4553735,126.7287093,valid_header_swapped,true
20260228,bus,bus:168000260,168000260,42260,현광아파트·포레나루원시티아파트,서구,서해구,가정2동,,37.5284742,126.6765490,valid_header_swapped,true
20260228,bus,bus:163000560,163000560,37560,현광아파트후문,미추홀구,미추홀구,학익1동,,37.4378479,126.6532891,valid_header_swapped,true
20260228,bus,bus:163000559,163000559,37559,현광아파트후문앞,미추홀구,미추홀구,학익1동,,37.4379947,126.6532193,valid_header_swapped,true
20260228,bus,bus:167000402,167000402,41402,현대.태화아파트,계양구,계양구,작전서운동,,37.5276342,126.7390915,valid_header_swapped,true
20260228,bus,bus:166000146,166000146,40146,현대102동,부평구,부평구,부평3동,,37.4902780,126.7092958,valid_header_swapped,true
20260228,bus,bus:166000137,166000137,40137,현대121동,부평구,부평구,산곡3동,,37.4903978,126.7077594,valid_header_swapped,true
20260228,bus,bus:166000740,166000740,40740,현대1단지관리사무소,부평구,부평구,산곡3동,,37.4903869,126.7086592,valid_header_swapped,true
20260228,bus,bus:167000365,167000365,41365,현대1차아파트,계양구,계양구,효성1동,,37.5337166,126.7146945,valid_header_swapped,true
20260228,bus,bus:164000061,164000061,38061,현대1차아파트,연수구,연수구,동춘2동,,37.4048722,126.6756303,valid_header_swapped,true
20260228,bus,bus:167000367,167000367,41367,현대1차아파트정문,계양구,계양구,효성1동,,37.5337388,126.7129485,valid_header_swapped,true
20260228,bus,bus:166000168,166000168,40168,현대207동,부평구,부평구,산곡3동,,37.4928740,126.7079365,valid_header_swapped,true
20260228,bus,bus:166000167,166000167,40167,현대209동,부평구,부평구,산곡3동,,37.4928678,126.7078454,valid_header_swapped,true
20260228,bus,bus:167000366,167000366,41366,현대2차아파트,계양구,계양구,효성1동,,37.5338927,126.7129453,valid_header_swapped,true
20260228,bus,bus:164000173,164000173,38173,현대2차아파트,연수구,연수구,옥련2동,,37.4266044,126.6467288,valid_header_swapped,true
20260228,bus,bus:167000112,167000112,41112,현대2차아파트,계양구,계양구,작전서운동,,37.5277897,126.7391084,valid_header_swapped,true
20260228,bus,bus:167000106,167000106,41106,현대2차아파트,계양구,계양구,작전서운동,,37.5273217,126.7387632,valid_header_swapped,true
20260228,bus,bus:167000364,167000364,41364,현대2차아파트정문,계양구,계양구,효성1동,,37.5339160,126.7146938,valid_header_swapped,true
20260228,bus,bus:166000097,166000097,40097,현대310동(서중학교),부평구,부평구,부평3동,,37.4873580,126.7058168,valid_header_swapped,true
20260228,bus,bus:166000127,166000127,40127,현대3단지,부평구,부평구,산곡3동,,37.4896606,126.7058097,valid_header_swapped,true
20260228,bus,bus:166000129,166000129,40129,현대3단지,부평구,부평구,산곡3동,,37.4897369,126.7061133,valid_header_swapped,true
20260228,bus,bus:164000342,164000342,38342,현대3차아파트,연수구,연수구,옥련2동,,37.4263091,126.6446159,valid_header_swapped,true
20260228,bus,bus:164000168,164000168,38168,현대3차아파트,연수구,연수구,옥련2동,,37.4263288,126.6449696,valid_header_swapped,true
20260228,bus,bus:164000158,164000158,38158,현대4차아파트,연수구,연수구,옥련2동,,37.4245991,126.6507072,valid_header_swapped,true
20260228,bus,bus:164000183,164000183,38183,현대4차아파트,연수구,연수구,옥련2동,,37.4260614,126.6505246,valid_header_swapped,true
20260228,bus,bus:164000186,164000186,38186,현대4차아파트,연수구,연수구,옥련2동,,37.4262561,126.6505704,valid_header_swapped,true
20260228,bus,bus:166000405,166000405,40405,현대5차,부평구,부평구,산곡2동,,37.5060963,126.7088106,valid_header_swapped,true
20260228,bus,bus:166000408,166000408,40408,현대5차,부평구,부평구,산곡4동,,37.5055487,126.7089787,valid_header_swapped,true
20260228,bus,bus:164000176,164000176,38176,현대5차아파트,연수구,연수구,옥련2동,,37.4268965,126.6462660,valid_header_swapped,true
20260228,bus,bus:162000041,162000041,36041,현대동부시장,동구,제물포구,송림2동,,37.4772034,126.6447775,valid_header_swapped,true
20260228,bus,bus:165000579,165000579,39579,현대모닝.임광그대가아파트,남동구,남동구,장수서창동,,37.4374310,126.7471971,valid_header_swapped,true
20260228,bus,bus:169000617,169000617,43617,현대슈퍼,강화군,강화군,강화읍,,37.7428751,126.5000528,valid_header_swapped,true
20260228,bus,bus:169000376,169000376,43376,현대슈퍼,강화군,강화군,강화읍,,37.7429813,126.5000660,valid_header_swapped,true
20260228,bus,bus:162000043,162000043,36043,현대시장,동구,제물포구,송림4동,,37.4774195,126.6450698,valid_header_swapped,true
20260228,bus,bus:162000042,162000042,36042,현대시장,동구,제물포구,송림4동,,37.4766167,126.6473638,valid_header_swapped,true
20260228,bus,bus:162000118,162000118,36118,현대시장,동구,제물포구,송림6동,,37.4763858,126.6459754,valid_header_swapped,true
20260228,bus,bus:168000021,168000021,42021,현대써비스,서구,서해구,가좌3동,,37.4817907,126.6798013,valid_header_swapped,true
20260228,bus,bus:169000083,169000083,43083,현대아파트,강화군,강화군,강화읍,,37.7387782,126.5089398,valid_header_swapped,true
20260228,bus,bus:169000082,169000082,43082,현대아파트,강화군,강화군,강화읍,,37.7389730,126.5090880,valid_header_swapped,true
20260228,bus,bus:166000737,166000737,40737,현대아파트,부평구,부평구,산곡3동,,37.4873584,126.7057283,valid_header_swapped,true
20260228,bus,bus:232000498,232000498,35396,현대아파트,기타,기타,풍무동,,37.5990942,126.7204270,valid_header_swapped,false
20260228,bus,bus:166000788,166000788,40788,현대아파트,부평구,부평구,부평3동,,37.4882676,126.7091342,valid_header_swapped,true
20260228,bus,bus:166000681,166000681,40681,현대아파트,부평구,부평구,삼산1동,,37.5224097,126.7390342,valid_header_swapped,true
20260228,bus,bus:163000161,163000161,37161,현대아파트,미추홀구,미추홀구,용현5동,,37.4567301,126.6355996,valid_header_swapped,true
20260228,bus,bus:165000267,165000267,39267,현대아파트,남동구,남동구,간석2동,,37.4571427,126.6970673,valid_header_swapped,true
20260228,bus,bus:166000682,166000682,40682,현대아파트,부평구,부평구,삼산1동,,37.5225518,126.7391692,valid_header_swapped,true
20260228,bus,bus:165000271,165000271,39271,현대아파트,남동구,남동구,간석1동,,37.4573414,126.6978172,valid_header_swapped,true
20260228,bus,bus:166000112,166000112,40112,현대아파트,부평구,부평구,산곡3동,,37.4880077,126.7086048,valid_header_swapped,true
20260228,bus,bus:163000154,163000154,37154,현대아파트,미추홀구,미추홀구,용현5동,,37.4563729,126.6348739,valid_header_swapped,true
20260228,bus,bus:232000815,232000815,35727,현대아파트.소망마을,기타,기타,김포시,,37.6909989,126.5937395,valid_header_swapped,false
20260228,bus,bus:232000406,232000406,80135,현대아파트.통진도서관,코드정보 없음,코드정보 없음,통진읍,,37.6935010,126.5928352,valid_header_swapped,false
20260228,bus,bus:232000381,232000381,80136,현대아파트.통진도서관,코드정보 없음,코드정보 없음,통진읍,,37.6933280,126.5930716,valid_header_swapped,false
20260228,bus,bus:166000735,166000735,40735,현대아파트105동,부평구,부평구,산곡3동,,37.4898545,126.7071655,valid_header_swapped,true
20260228,bus,bus:166000734,166000734,40734,현대아파트105동,부평구,부평구,산곡3동,,37.4896627,126.7071012,valid_header_swapped,true
20260228,bus,bus:166000105,166000105,40105,현대아파트113동,부평구,부평구,산곡3동,,37.4877519,126.7072870,valid_header_swapped,true
20260228,bus,bus:166000732,166000732,40732,현대아파트116동,부평구,부평구,산곡3동,,37.4917493,126.7077257,valid_header_swapped,true
20260228,bus,bus:166000733,166000733,40733,현대아파트119동,부평구,부평구,산곡3동,,37.4917217,126.7078452,valid_header_swapped,true
20260228,bus,bus:166000140,166000140,40140,현대아파트120동앞,부평구,부평구,부평3동,,37.4903593,126.7079344,valid_header_swapped,true
20260228,bus,bus:166000103,166000103,40103,현대아파트313동,부평구,부평구,산곡3동,,37.4876678,126.7069903,valid_header_swapped,true
20260228,bus,bus:167000459,167000459,41459,현대오일뱅크,계양구,계양구,작전서운동,,37.5257385,126.7548566,valid_header_swapped,true
20260228,bus,bus:162000123,162000123,36123,현대제철,동구,제물포구,송현3동,,37.4851267,126.6434346,valid_header_swapped,true
20260228,bus,bus:162000086,162000086,36086,현대제철,동구,제물포구,화수2동,,37.4830935,126.6418713,valid_header_swapped,true
20260228,bus,bus:162000133,162000133,36133,현대제철정문,동구,제물포구,송현3동,,37.4850708,126.6439926,valid_header_swapped,true
20260228,bus,bus:169001221,169001221,90221,현대철강레이져,강화군,강화군,강화읍,,37.7614633,126.4954917,valid_header_swapped,true
20260228,bus,bus:169001220,169001220,90220,현대철강레이져,강화군,강화군,강화읍,,37.7614748,126.4956250,valid_header_swapped,true
20260228,bus,bus:164000746,164000746,38744,현송중학교.힐스테이트레이크송도3차,연수구,연수구,송도4동,,37.3930737,126.6186631,valid_header_swapped,true
20260228,bus,bus:164000747,164000747,38745,현송중학교.힐스테이트레이크송도3차,연수구,연수구,송도4동,,37.3929755,126.6189060,valid_header_swapped,true
20260228,bus,bus:166000004,166000004,40004,형제마트,부평구,부평구,십정1동,,37.4705543,126.6940207,valid_header_swapped,true
20260228,bus,bus:166000006,166000006,40006,형제마트,부평구,부평구,십정2동,,37.4705766,126.6941999,valid_header_swapped,true
20260228,bus,bus:169001217,169001217,90217,혜덕,강화군,강화군,강화읍,,37.7636415,126.5025201,valid_header_swapped,true
20260228,bus,bus:166000395,166000395,40395,혜성프라자,부평구,부평구,산곡2동,,37.5037319,126.7147594,valid_header_swapped,true
20260228,bus,bus:166000393,166000393,40393,혜성프라자,부평구,부평구,산곡4동,,37.5035057,126.7148092,valid_header_swapped,true
20260228,bus,bus:165000785,165000785,39785,호구포역,남동구,남동구,논현2동,,37.4018395,126.7092809,valid_header_swapped,true
20260228,bus,bus:165000784,165000784,39784,호구포역,남동구,남동구,논현2동,,37.4016717,126.7095706,valid_header_swapped,true
20260228,bus,bus:165001040,165001040,92040,호구포역2번출구,남동구,남동구,논현동,,37.4022004,126.7079692,valid_header_swapped,true
20260228,bus,bus:166000093,166000093,40093,호명사입구,부평구,부평구,부평2동,,37.4839410,126.7151011,valid_header_swapped,true
20260228,bus,bus:169000784,169000784,43784,호박골,강화군,강화군,송해면,,37.7809990,126.4656006,valid_header_swapped,true
20260228,bus,bus:169000437,169000437,43437,호박골,강화군,강화군,송해면,,37.7809085,126.4656357,valid_header_swapped,true
20260228,bus,bus:169000123,169000123,43123,호박골사거리,강화군,강화군,송해면,,37.7800159,126.4616741,valid_header_swapped,true
20260228,bus,bus:169000706,169000706,43706,호박골사거리,강화군,강화군,송해면,,37.7797889,126.4615854,valid_header_swapped,true
20260228,bus,bus:169000804,169000804,43804,호박골사거리,강화군,강화군,송해면,,37.7797384,126.4614814,valid_header_swapped,true
20260228,bus,bus:169000124,169000124,43124,호박골사거리,강화군,강화군,송해면,,37.7800612,126.4611200,valid_header_swapped,true
20260228,bus,bus:224000840,224000840,25966,호반3차.한신아파트,기타,기타,정왕동,,,,missing,false
20260228,bus,bus:168000855,168000855,42855,호반베르디움,서구,서해구,청라1동,,37.5362410,126.6568978,valid_header_swapped,true
20260228,bus,bus:168000880,168000880,42880,호반베르디움14단지,서구,서해구,청라1동,,37.5362916,126.6513917,valid_header_swapped,true
20260228,bus,bus:168000998,168000998,42998,호반베르디움214동앞,서구,서해구,청라1동,,37.5363458,126.6590524,valid_header_swapped,true
20260228,bus,bus:168001112,168001112,89112,호반베르디움2차,서구,서해구,청라1동,,37.5366704,126.6563583,valid_header_swapped,true
20260228,bus,bus:168001113,168001113,89113,호반베르디움2차,서구,서해구,청라1동,,37.5366761,126.6565847,valid_header_swapped,true
20260228,bus,bus:168000908,168000908,42908,호반베르디움3차아파트,서구,서해구,청라1동,,37.5313208,126.6565011,valid_header_swapped,true
20260228,bus,bus:168000743,168000743,42743,호반베르디움3차아파트,서구,서해구,청라1동,,37.5300904,126.6585937,valid_header_swapped,true
20260228,bus,bus:165000922,165000922,39922,호반베르디움아파트,연수구,연수구,송도3동,,37.3692576,126.6567280,valid_header_swapped,true
20260228,bus,bus:165001011,165001011,92011,호반베르디움아파트107동,연수구,연수구,송도3동,,37.3692267,126.6531165,valid_header_swapped,true
20260228,bus,bus:168001393,168001393,89393,호반써밋1차 3101동,서구,검단구,아라동,,37.5935939,126.7079351,valid_header_swapped,true
20260228,bus,bus:168001394,168001394,89394,호반써밋1차 3101동,서구,검단구,아라동,,37.5943376,126.7077195,valid_header_swapped,true
20260228,bus,bus:168001472,168001472,89472,호반써밋1차아파트,서구,검단구,원당동,,37.5954661,126.7076665,valid_header_swapped,true
20260228,bus,bus:168001473,168001473,89473,호반써밋1차아파트,서구,검단구,원당동,,37.5955719,126.7079735,valid_header_swapped,true
20260228,bus,bus:164000639,164000639,38637,호반써밋송도,연수구,연수구,송도5동,,37.4156172,126.6236062,valid_header_swapped,true
20260228,bus,bus:164000636,164000636,38634,호반써밋송도(109동),연수구,연수구,송도5동,,37.4149003,126.6255051,valid_header_swapped,true
20260228,bus,bus:161000893,161000893,35893,호반써밋스카이센트럴1차아파트,중구,영종구,중산동,,37.4962725,126.5663845,valid_header_swapped,true
20260228,bus,bus:161000892,161000892,35892,호반써밋스카이센트럴1차아파트,중구,영종구,중산동,,37.4964118,126.5662039,valid_header_swapped,true
20260228,bus,bus:224001003,224001003,25974,호반써밋플레이스,기타,기타,정왕동,,,,missing,false
20260228,bus,bus:164000182,164000182,38182,호불사입구,연수구,연수구,옥련1동,,37.4244292,126.6556739,valid_header_swapped,true
20260228,bus,bus:164000180,164000180,38180,호불사입구,연수구,연수구,옥련1동,,37.4243673,126.6553249,valid_header_swapped,true
20260228,bus,bus:169000311,169000311,43311,호세요양원,강화군,강화군,불은면,,37.6736994,126.4769801,valid_header_swapped,true
20260228,bus,bus:169000221,169000221,43221,호세요양원,강화군,강화군,불은면,,37.6737920,126.4768688,valid_header_swapped,true
20260228,bus,bus:168001104,168001104,89104,호수공원,서구,서해구,청라2동,,37.5420233,126.6352355,valid_header_swapped,true
20260228,bus,bus:168001103,168001103,89103,호수공원,서구,서해구,청라2동,,37.5417002,126.6353211,valid_header_swapped,true
20260228,bus,bus:168001027,168001027,89027,호수공원음악분수,서구,서해구,청라3동,,37.5295546,126.6271528,valid_header_swapped,true
20260228,bus,bus:168001028,168001028,89028,호수공원음악분수,서구,서해구,청라3동,,37.5298323,126.6271229,valid_header_swapped,true
20260228,bus,bus:232000823,232000823,35735,호수마을5단지후문,기타,기타,구래동,,37.6474500,126.6327730,valid_header_swapped,false
20260228,bus,bus:232000074,232000074,35270,호수마을5단지후문,기타,기타,구래동,,37.6476790,126.6326190,valid_header_swapped,false
20260228,bus,bus:232000705,232000705,80319,호수마을이편한세상.한가람우미린,기타,기타,양촌면,,37.6494638,126.6276854,valid_header_swapped,false
20260228,bus,bus:168000957,168000957,42957,홈씨씨인천점,서구,서해구,신현원창동,,37.5146260,126.6464451,valid_header_swapped,true
20260228,bus,bus:168001188,168001188,89188,홈씨씨인천점,서구,서해구,신현원창동,,37.5153585,126.6486787,valid_header_swapped,true
20260228,bus,bus:168000955,168000955,42955,홈씨씨인천점,서구,서해구,신현원창동,,37.5143169,126.6463002,valid_header_swapped,true
20260228,bus,bus:168001225,168001225,89225,홈플러스,서구,서해구,청라2동,,37.5325045,126.6492704,valid_header_swapped,true
20260228,bus,bus:232000038,232000038,80070,홈플러스,코드정보 없음,코드정보 없음,김포2동,,37.6227542,126.6987023,valid_header_swapped,false
20260228,bus,bus:232000018,232000018,35218,홈플러스,기타,기타,감정동,,37.6234868,126.6975437,valid_header_swapped,false
20260228,bus,bus:232000037,232000037,80018,홈플러스.산림조합,기타,기타,김포1동,,37.6229259,126.6994140,valid_header_swapped,false
20260228,bus,bus:113000422,113000422,23032,홍대입구역,코드정보 없음,코드정보 없음,동교동,,37.5567251,126.9237433,outside_incheon_bounds,false
20260228,bus,bus:113000414,113000414,23031,홍대입구역,코드정보 없음,코드정보 없음,동교동,,37.5575115,126.9245736,outside_incheon_bounds,false
20260228,bus,bus:113000134,113000134,23011,홍대입구역,코드정보 없음,코드정보 없음,동교동,,37.5567366,126.9240364,outside_incheon_bounds,false
20260228,bus,bus:113000506,113000506,14097,홍대입구역(가상),기타,기타,동교동,,37.5586370,126.9259802,outside_incheon_bounds,false
20260228,bus,bus:113000505,113000505,14096,홍대입구역(가상),기타,기타,동교동,,37.5552735,126.9217895,outside_incheon_bounds,false
20260228,bus,bus:161000794,161000794,35794,홍예문·공영주차장,중구,제물포구,동인천동,,37.4754222,126.6266914,valid_header_swapped,true
20260228,bus,bus:161000806,161000806,35806,홍예문·공영주차장,중구,제물포구,동인천동,,37.4754455,126.6264751,valid_header_swapped,true
20260228,bus,bus:169000798,169000798,43798,홍의사거리,강화군,강화군,송해면,,37.7773673,126.4516894,valid_header_swapped,true
20260228,bus,bus:169000813,169000813,43813,홍의사거리,강화군,강화군,송해면,,37.7772668,126.4518403,valid_header_swapped,true
20260228,bus,bus:169000613,169000613,43613,홍의삼거리,강화군,강화군,송해면,,37.7792922,126.4539862,valid_header_swapped,true
20260228,bus,bus:169000441,169000441,43441,홍의삼거리,강화군,강화군,송해면,,37.7791985,126.4540957,valid_header_swapped,true
20260228,bus,bus:161000515,161000515,35515,홍익자원,중구,제물포구,신흥동,,37.4429717,126.6246929,valid_header_swapped,true
20260228,bus,bus:161000514,161000514,35514,홍익자원,중구,제물포구,신흥동,,37.4436897,126.6237112,valid_header_swapped,true
20260228,bus,bus:169001002,169001002,90002,홍현마을,강화군,강화군,교동면,,37.7938767,126.3136306,valid_header_swapped,true
20260228,bus,bus:169001003,169001003,90003,홍현마을,강화군,강화군,교동면,,37.7940036,126.3133036,valid_header_swapped,true
20260228,bus,bus:169001034,169001034,90034,화개사입구,강화군,강화군,교동면,,37.7705683,126.2961764,valid_header_swapped,true
20260228,bus,bus:169001035,169001035,90035,화개사입구,강화군,강화군,교동면,,37.7706903,126.2961065,valid_header_swapped,true
20260228,bus,bus:169001405,169001405,90405,화개정원,강화군,강화군,교동면,,37.7839628,126.2888313,valid_header_swapped,true
20260228,bus,bus:115000051,115000051,16147,화곡역,코드정보 없음,코드정보 없음,화곡7동,,37.5410884,126.8388466,valid_header_swapped,false
20260228,bus,bus:115000604,115000604,25190,화곡역,코드정보 없음,코드정보 없음,화곡3동,,37.5413369,126.8387082,valid_header_swapped,false
20260228,bus,bus:115000108,115000108,16205,화곡역.현대주유소,기타,기타,화곡7동,,37.5406734,126.8410156,valid_header_swapped,false
20260228,bus,bus:169000077,169000077,43077,화도,강화군,강화군,화도면,,37.6376731,126.4191472,valid_header_swapped,true
20260228,bus,bus:162000028,162000028,36028,화도고개,동구,제물포구,화수1화평동,,37.4794385,126.6303099,valid_header_swapped,true
20260228,bus,bus:162000027,162000027,36027,화도고개,동구,제물포구,화수1화평동,,37.4793224,126.6301864,valid_header_swapped,true
20260228,bus,bus:169000676,169000676,43676,화도돈대,강화군,강화군,불은면,,37.6919083,126.5192792,valid_header_swapped,true
20260228,bus,bus:169000863,169000863,43863,화도돈대,강화군,강화군,불은면,,37.6918955,126.5191241,valid_header_swapped,true
20260228,bus,bus:162000035,162000035,36035,화도진공원.화도진도서관,동구,제물포구,화수2동,,37.4808600,126.6286479,valid_header_swapped,true
20260228,bus,bus:162000033,162000033,36033,화도진공원.화도진도서관,동구,제물포구,화수2동,,37.4807696,126.6285354,valid_header_swapped,true
20260228,bus,bus:162000064,162000064,36064,화도진중학교,동구,제물포구,화수2동,,37.4839026,126.6318516,valid_header_swapped,true
20260228,bus,bus:162000066,162000066,36066,화도진중학교,동구,제물포구,화수2동,,37.4843982,126.6316255,valid_header_swapped,true
20260228,bus,bus:169000105,169000105,43105,화도터미널,강화군,강화군,화도면,,37.6334526,126.4184911,valid_header_swapped,true
20260228,bus,bus:169000104,169000104,43104,화도터미널,강화군,강화군,화도면,,37.6335021,126.4186566,valid_header_swapped,true
20260228,bus,bus:170000056,170000056,44056,화동버스승강장,옹진군,옹진군,백령면,,,,missing,false
20260228,bus,bus:166000128,166000128,40128,화랑교회,부평구,부평구,부평3동,,37.4904888,126.7033531,valid_header_swapped,true
20260228,bus,bus:168000628,168000628,42628,화력발전소,서구,서해구,청라3동,,37.5386243,126.6050927,valid_header_swapped,true
20260228,bus,bus:169000452,169000452,43452,화문석문화관,강화군,강화군,송해면,,37.7949532,126.4542189,valid_header_swapped,true
20260228,bus,bus:169000697,169000697,43697,화문석문화관,강화군,강화군,송해면,,37.7950157,126.4543042,valid_header_swapped,true
20260228,bus,bus:161000040,161000040,35040,화물터미널,중구,영종구,영종동,,37.4754714,126.4725009,valid_header_swapped,true
20260228,bus,bus:161000039,161000039,35039,화물터미널,중구,영종구,영종동,,37.4757165,126.4722816,valid_header_swapped,true
20260228,bus,bus:165000107,165000107,39107,화성보일러,남동구,남동구,논현고잔동,,37.4130616,126.7028450,valid_header_swapped,true
20260228,bus,bus:161000651,161000651,35651,화성파크드림.스카이시티자이,중구,영종구,영종동,,37.4920411,126.5603476,valid_header_swapped,true
20260228,bus,bus:161000872,161000872,35872,화성파크드림오션브릿지,중구,영종구,중산동,,37.5015758,126.5671059,valid_header_swapped,true
20260228,bus,bus:161000659,161000659,35659,화성파크드림후문.한라비발디,중구,영종구,영종동,,37.4924377,126.5619733,valid_header_swapped,true
20260228,bus,bus:162000147,162000147,36147,화수부두,동구,제물포구,화수2동,,37.4875346,126.6312671,valid_header_swapped,true
20260228,bus,bus:162000072,162000072,36072,화수사거리,동구,제물포구,화수2동,,37.4850821,126.6304736,valid_header_swapped,true
20260228,bus,bus:162000104,162000104,36104,화수사거리,동구,제물포구,화수2동,,37.4853098,126.6304214,valid_header_swapped,true
20260228,bus,bus:167000087,167000087,41087,화전초교사거리,계양구,계양구,작전1동,,37.5286726,126.7293092,valid_header_swapped,true
20260228,bus,bus:167000086,167000086,41086,화전초등학교,계양구,계양구,작전1동,,37.5279928,126.7314843,valid_header_swapped,true
20260228,bus,bus:167000085,167000085,41085,화전초등학교,계양구,계양구,작전1동,,37.5281069,126.7311717,valid_header_swapped,true
20260228,bus,bus:162000014,162000014,36014,화평철교.화평동냉면거리,동구,제물포구,화수1화평동,,37.4774214,126.6310970,valid_header_swapped,true
20260228,bus,bus:162000016,162000016,36016,화평철교.화평동냉면거리,동구,제물포구,화수1화평동,,37.4777252,126.6310786,valid_header_swapped,true
20260228,bus,bus:168001489,168001489,89489,화훼단지,서구,서해구,가정동,,37.5310402,126.6763939,valid_header_swapped,true
20260228,bus,bus:167000462,167000462,41462,화훼단지·당미교,계양구,계양구,계양3동,,37.5572077,126.7664659,valid_header_swapped,true
20260228,bus,bus:167000463,167000463,41463,화훼단지·당미교,계양구,계양구,계양3동,,37.5573956,126.7665297,valid_header_swapped,true
20260228,bus,bus:169001110,169001110,90110,환경공단강화사업소,강화군,강화군,선원면,,37.7284840,126.5068215,valid_header_swapped,true
20260228,bus,bus:169001109,169001109,90109,환경공단강화사업소,강화군,강화군,선원면,,37.7287862,126.5066399,valid_header_swapped,true
20260228,bus,bus:168001320,168001320,89320,황곡노인정,서구,검단구,대곡동,,37.6295932,126.6554774,valid_header_swapped,true
20260228,bus,bus:168001310,168001310,89310,황곡노인정,서구,검단구,대곡동,,37.6296769,126.6552841,valid_header_swapped,true
20260228,bus,bus:168001311,168001311,89311,황곡상회,서구,검단구,대곡동,,37.6288787,126.6568872,valid_header_swapped,true
20260228,bus,bus:168001330,168001330,89330,황곡상회,서구,검단구,대곡동,,37.6289963,126.6570039,valid_header_swapped,true
20260228,bus,bus:169000992,169000992,43992,황골,강화군,강화군,양도면,,37.7002704,126.4092625,valid_header_swapped,true
20260228,bus,bus:169000993,169000993,43993,황골,강화군,강화군,양도면,,37.7001932,126.4096651,valid_header_swapped,true
20260228,bus,bus:169000277,169000277,43277,황골마을,강화군,강화군,불은면,,37.6577589,126.5020281,valid_header_swapped,true
20260228,bus,bus:169000135,169000135,43135,황골마을,강화군,강화군,불은면,,37.6579344,126.5020388,valid_header_swapped,true
20260228,bus,bus:169000630,169000630,43630,황련사입구,강화군,강화군,선원면,,37.7273952,126.4556130,valid_header_swapped,true
20260228,bus,bus:169000328,169000328,43328,황련사입구,강화군,강화군,선원면,,37.7272727,126.4555209,valid_header_swapped,true
20260228,bus,bus:169000635,169000635,43635,황산도,강화군,강화군,길상면,,37.6222427,126.5372179,valid_header_swapped,true
20260228,bus,bus:169000263,169000263,43263,황산도,강화군,강화군,길상면,,37.6223336,126.5371748,valid_header_swapped,true
20260228,bus,bus:169000876,169000876,43876,황산도관광밸트,강화군,강화군,길상면,,37.6181528,126.5384936,valid_header_swapped,true
20260228,bus,bus:169000873,169000873,43873,황산도관광밸트,강화군,강화군,길상면,,37.6182314,126.5384884,valid_header_swapped,true
20260228,bus,bus:169000634,169000634,43634,황산도어판장,강화군,강화군,길상면,,37.6247170,126.5381714,valid_header_swapped,true
20260228,bus,bus:169000636,169000636,43636,황산도입구,강화군,강화군,길상면,,37.6220421,126.5331957,valid_header_swapped,true
20260228,bus,bus:169000861,169000861,43861,황산도입구,강화군,강화군,길상면,,37.6221673,126.5329292,valid_header_swapped,true
20260228,bus,bus:169001207,169001207,90207,황청리종점,강화군,강화군,내가면,,37.7120840,126.3551465,valid_header_swapped,true
20260228,bus,bus:167000024,167000024,41024,효성2동치안센터,계양구,계양구,효성1동,,37.5279036,126.7059246,valid_header_swapped,true
20260228,bus,bus:167000074,167000074,41074,효성고등학교,계양구,계양구,효성1동,,37.5323184,126.7154738,valid_header_swapped,true
20260228,bus,bus:167000075,167000075,41075,효성고등학교,계양구,계양구,효성1동,,37.5324255,126.7152136,valid_header_swapped,true
20260228,bus,bus:167000040,167000040,41040,효성남초등학교,계양구,계양구,효성2동,,37.5278697,126.7159040,valid_header_swapped,true
20260228,bus,bus:167000409,167000409,41409,효성노인문화센터,계양구,계양구,효성1동,,37.5303950,126.7061438,valid_header_swapped,true
20260228,bus,bus:167000410,167000410,41410,효성노인문화센터,계양구,계양구,효성1동,,37.5300236,126.7067331,valid_header_swapped,true
20260228,bus,bus:167000039,167000039,41039,효성농협,계양구,계양구,효성1동,,37.5290683,126.7112872,valid_header_swapped,true
20260228,bus,bus:167000061,167000061,41061,효성뉴서울아파트,계양구,계양구,효성1동,,37.5328621,126.7105365,valid_header_swapped,true
20260228,bus,bus:167000060,167000060,41060,효성뉴서울아파트,계양구,계양구,효성1동,,37.5325755,126.7104122,valid_header_swapped,true
20260228,bus,bus:167000078,167000078,41078,효성뉴서울아파트202동,계양구,계양구,효성1동,,37.5339799,126.7106506,valid_header_swapped,true
20260228,bus,bus:167000368,167000368,41368,효성뉴서울아파트204동,계양구,계양구,효성1동,,37.5337952,126.7105303,valid_header_swapped,true
20260228,bus,bus:167000042,167000042,41042,효성대신아파트,계양구,계양구,효성1동,,37.5297973,126.7113769,valid_header_swapped,true
20260228,bus,bus:167000041,167000041,41041,효성대신아파트,계양구,계양구,효성1동,,37.5297897,126.7111534,valid_header_swapped,true
20260228,bus,bus:167000420,167000420,41420,효성도서관,계양구,계양구,효성1동,,37.5301782,126.7138731,valid_header_swapped,true
20260228,bus,bus:167000573,167000573,41573,효성동동화운수차고지,계양구,계양구,효성1동,,37.5285111,126.7026584,valid_header_swapped,true
20260228,bus,bus:167000065,167000065,41065,효성명현초등학교,계양구,계양구,효성1동,,37.5323383,126.7135451,valid_header_swapped,true
20260228,bus,bus:167000631,167000631,41631,효성사거리,계양구,계양구,효성2동,,37.5252639,126.7097315,valid_header_swapped,true
20260228,bus,bus:167000017,167000017,41017,효성사거리,계양구,계양구,효성2동,,37.5246623,126.7108552,valid_header_swapped,true
20260228,bus,bus:167000018,167000018,41018,효성사거리,계양구,계양구,효성2동,,37.5248317,126.7106436,valid_header_swapped,true
20260228,bus,bus:167000019,167000019,41019,효성사거리,계양구,계양구,효성2동,,37.5254283,126.7099137,valid_header_swapped,true
20260228,bus,bus:165000358,165000358,39358,효성상아아파트,남동구,남동구,만수3동,,37.4557191,126.7244246,valid_header_swapped,true
20260228,bus,bus:165000357,165000357,39357,효성상아아파트,남동구,남동구,만수5동,,37.4554559,126.7247794,valid_header_swapped,true
20260228,bus,bus:167000580,167000580,41580,효성서초등학교,계양구,계양구,효성2동,,37.5276744,126.6996795,valid_header_swapped,true
20260228,bus,bus:167000579,167000579,41579,효성서초등학교,계양구,계양구,효성2동,,37.5269856,126.6991093,valid_header_swapped,true
20260228,bus,bus:167000558,167000558,41558,효성서초등학교,계양구,계양구,효성2동,,37.5272270,126.6986511,valid_header_swapped,true
20260228,bus,bus:167000557,167000557,41557,효성서초등학교,계양구,계양구,효성2동,,37.5265316,126.6974967,valid_header_swapped,true
20260228,bus,bus:167000022,167000022,41022,효성성모병원,계양구,계양구,효성1동,,37.5274614,126.7051022,valid_header_swapped,true
20260228,bus,bus:167000023,167000023,41023,효성소방파출소,계양구,계양구,효성2동,,37.5277928,126.7058244,valid_header_swapped,true
20260228,bus,bus:167000030,167000030,41030,효성신사거리,계양구,계양구,효성2동,,37.5273979,126.7110951,valid_header_swapped,true
20260228,bus,bus:167000031,167000031,41031,효성신사거리,계양구,계양구,효성2동,,37.5274607,126.7108907,valid_header_swapped,true
20260228,bus,bus:168000168,168000168,42168,효성아파트,서구,서해구,석남1동,,37.5138777,126.6646513,valid_header_swapped,true
20260228,bus,bus:168000166,168000166,42166,효성아파트,서구,서해구,석남1동,,37.5137067,126.6648398,valid_header_swapped,true
20260228,bus,bus:167000021,167000021,41021,효성중앙교회,계양구,계양구,효성2동,,37.5270443,126.7054050,valid_header_swapped,true
20260228,bus,bus:167000052,167000052,41052,효성프라자,계양구,계양구,효성1동,,37.5320104,126.7106016,valid_header_swapped,true
20260228,bus,bus:167000055,167000055,41055,효성프라자,계양구,계양구,효성1동,,37.5310984,126.7111831,valid_header_swapped,true
20260228,bus,bus:167000049,167000049,41049,효성현대3차,계양구,계양구,효성1동,,37.5290729,126.7171335,valid_header_swapped,true
20260228,bus,bus:167000051,167000051,41051,효성현대3차아파트,계양구,계양구,효성1동,,37.5292741,126.7169740,valid_header_swapped,true
20260228,bus,bus:167000035,167000035,41035,효성현대4차,계양구,계양구,효성2동,,37.5265102,126.7167169,valid_header_swapped,true
20260228,bus,bus:167000036,167000036,41036,효성현대4차아파트,계양구,계양구,효성2동,,37.5266188,126.7165077,valid_header_swapped,true
20260228,bus,bus:169001199,169001199,90199,효자교앞,강화군,강화군,길상면,,37.6655887,126.4739387,valid_header_swapped,true
20260228,bus,bus:169001200,169001200,90200,효자교앞,강화군,강화군,길상면,,37.6653971,126.4738552,valid_header_swapped,true
20260228,bus,bus:164000260,164000260,38260,효정아파트,연수구,연수구,연수1동,,37.4248035,126.6728140,valid_header_swapped,true
20260228,bus,bus:166000685,166000685,40685,후정초등학교.삼산도서관,부평구,부평구,삼산1동,,37.5218561,126.7430954,valid_header_swapped,true
20260228,bus,bus:165000052,165000052,39052,후지테크,남동구,남동구,논현고잔동,,37.3970643,126.7058653,valid_header_swapped,true
20260228,bus,bus:165000051,165000051,39051,후지테크,남동구,남동구,논현고잔동,,37.3967182,126.7058784,valid_header_swapped,true
20260228,bus,bus:169000431,169000431,43431,후포항입구,강화군,강화군,화도면,,37.6387183,126.3919905,valid_header_swapped,true
20260228,bus,bus:169000481,169000481,43481,후포항입구,강화군,강화군,화도면,,37.6385467,126.3919168,valid_header_swapped,true
20260228,bus,bus:166000852,166000852,40852,휴먼시아1단지,부평구,부평구,삼산1동,,37.5182622,126.7481382,valid_header_swapped,true
20260228,bus,bus:166000840,166000840,40840,휴먼시아1단지,부평구,부평구,삼산1동,,37.5184651,126.7479435,valid_header_swapped,true
20260228,bus,bus:166000838,166000838,40838,휴먼시아1단지,부평구,부평구,삼산1동,,37.5196227,126.7469190,valid_header_swapped,true
20260228,bus,bus:166000837,166000837,40837,휴먼시아1단지,부평구,부평구,삼산1동,,37.5195603,126.7467451,valid_header_swapped,true
20260228,bus,bus:165000618,165000618,39618,휴먼시아푸르내마을13단지,남동구,남동구,논현1동,,37.4060028,126.7357640,valid_header_swapped,true
20260228,bus,bus:165000617,165000617,39617,휴먼시아푸르내마을13단지,남동구,남동구,논현1동,,37.4057479,126.7359214,valid_header_swapped,true
20260228,bus,bus:165000611,165000611,39611,휴먼시아푸르내마을13단지후문,남동구,남동구,논현고잔동,,37.4074085,126.7361079,valid_header_swapped,true
20260228,bus,bus:168000885,168000885,42885,휴먼시아후문,서구,서해구,청라2동,,37.5297070,126.6472431,valid_header_swapped,true
20260228,bus,bus:217000540,217000540,18804,흥성리,기타,기타,대부남동,,37.2258725,126.5545375,valid_header_swapped,false
20260228,bus,bus:217000345,217000345,62029,흥성리,코드정보 없음,코드정보 없음,대부동,,37.2255700,126.5562283,valid_header_swapped,false
20260228,bus,bus:169000122,169000122,43122,흥왕2리마을회관 앞,강화군,강화군,화도면,,37.6084700,126.4169832,valid_header_swapped,true
20260228,bus,bus:169000520,169000520,43520,흥왕2리마을회관 앞,강화군,강화군,화도면,,37.6083596,126.4170565,valid_header_swapped,true
20260228,bus,bus:169001074,169001074,90074,흥왕리,강화군,강화군,화도면,,37.6041011,126.4122748,valid_header_swapped,true
20260228,bus,bus:169001073,169001073,90073,흥왕리,강화군,강화군,화도면,,37.6037308,126.4123687,valid_header_swapped,true
20260228,bus,bus:169000516,169000516,43516,흥왕상회,강화군,강화군,화도면,,37.6020618,126.4281015,valid_header_swapped,true
20260228,bus,bus:169000502,169000502,43502,흥왕상회,강화군,강화군,화도면,,37.6020908,126.4283266,valid_header_swapped,true
20260228,bus,bus:165000031,165000031,39031,희경산업·남동스카이장례식장,남동구,남동구,논현고잔동,,37.3899319,126.7123228,valid_header_swapped,true
20260228,bus,bus:165000961,165000961,39961,희경산업·남동스카이장례식장,남동구,남동구,논현고잔동,,37.3899478,126.7120029,valid_header_swapped,true
20260228,bus,bus:164000126,164000126,38126,희망찬요양병원,연수구,연수구,연수2동,,37.4144191,126.6781644,valid_header_swapped,true
20260228,bus,bus:166000799,166000799,40799,희망천입구,부평구,부평구,부평2동,,37.4823123,126.7137956,valid_header_swapped,true
20260228,bus,bus:166000091,166000091,40091,희망천입구,부평구,부평구,부평2동,,37.4829926,126.7143567,valid_header_swapped,true
20260228,bus,bus:166000912,166000912,40912,희망체육공원입구,부평구,부평구,부평2동,,37.4831062,126.7148282,valid_header_swapped,true
20260228,bus,bus:168000018,168000018,42018,희성금속,서구,서해구,가좌3동,,37.4824796,126.6760314,valid_header_swapped,true
20260228,bus,bus:168000876,168000876,42876,힐데스하임,서구,서해구,청라1동,,37.5297955,126.6527918,valid_header_swapped,true
20260228,bus,bus:161000457,161000457,35457,힐스테이트,중구,영종구,영종동,,37.4898480,126.5637986,valid_header_swapped,true
20260228,bus,bus:161000458,161000458,35458,힐스테이트,중구,영종구,영종동,,37.4890083,126.5643614,valid_header_swapped,true
20260228,bus,bus:232000741,232000741,35659,힐스테이트.경남아너스빌,기타,기타,마산동,,,,missing,false
20260228,bus,bus:232000742,232000742,35660,힐스테이트.경남아너스빌,계양구,계양구,장기동,,,,missing,false
20260228,bus,bus:168001572,168001572,89572,힐스테이트검단웰카운티,서구,검단구,불로동,,37.6068216,126.6984048,valid_header_swapped,true
20260228,bus,bus:164000632,164000632,38630,힐스테이트레이크송도(후문),연수구,연수구,송도4동,,37.3992214,126.6200555,valid_header_swapped,true
20260228,bus,bus:164000658,164000658,38656,힐스테이트레이크송도(후문),연수구,연수구,송도4동,,37.3996625,126.6198587,valid_header_swapped,true
20260228,bus,bus:164000753,164000753,38751,힐스테이트레이크송도1차입구,연수구,연수구,송도4동,,37.4014963,126.6197348,valid_header_swapped,true
20260228,bus,bus:164000657,164000657,38655,힐스테이트레이크송도1차입구,연수구,연수구,송도4동,,37.4013212,126.6200753,valid_header_swapped,true
20260228,bus,bus:164000643,164000643,38641,힐스테이트레이크송도2차(201동),연수구,연수구,송도4동,,37.3960322,126.6188119,valid_header_swapped,true
20260228,bus,bus:164000659,164000659,38657,힐스테이트레이크송도2차(201동),연수구,연수구,송도4동,,37.3959628,126.6184513,valid_header_swapped,true
20260228,bus,bus:164000786,164000786,38784,힐스테이트레이크송도4차,연수구,연수구,송도4동,,37.3885219,126.6145750,valid_header_swapped,true
20260228,bus,bus:164000791,164000791,38789,힐스테이트레이크송도4차,연수구,연수구,송도4동,,37.3890337,126.6142498,valid_header_swapped,true
20260228,bus,bus:164000806,164000806,38804,힐스테이트레이크송도4차 403동,연수구,연수구,송도4동,,37.3903795,126.6145985,valid_header_swapped,true
20260228,bus,bus:164000805,164000805,38803,힐스테이트레이크송도4차 정문,연수구,연수구,송도4동,,37.3901998,126.6167629,valid_header_swapped,true
20260228,bus,bus:164000804,164000804,38802,힐스테이트레이크송도4차 정문,연수구,연수구,송도4동,,37.3901858,126.6165224,valid_header_swapped,true
20260228,bus,bus:164000807,164000807,38805,힐스테이트레이크송도4차 후문,연수구,연수구,송도동,,37.3918842,126.6168479,valid_header_swapped,true
20260228,bus,bus:164000808,164000808,38806,힐스테이트레이크송도4차 후문,연수구,연수구,송도동,,37.3920361,126.6159697,valid_header_swapped,true
20260228,bus,bus:164000798,164000798,38796,힐스테이트송도더스카이,연수구,연수구,송도동,,37.4007545,126.6294861,valid_header_swapped,true
20260228,bus,bus:164000718,164000718,38716,힐스테이트송도더테라스(정문),연수구,연수구,송도5동,,37.4108397,126.6284349,valid_header_swapped,true
20260228,bus,bus:164000717,164000717,38715,힐스테이트송도더테라스(정문),연수구,연수구,송도5동,,37.4104100,126.6279721,valid_header_swapped,true
20260228,bus,bus:164000715,164000715,38713,힐스테이트송도더테라스(후문),연수구,연수구,송도5동,,37.4104169,126.6247393,valid_header_swapped,true
20260228,bus,bus:164000716,164000716,38714,힐스테이트송도더테라스(후문),연수구,연수구,송도5동,,37.4104400,126.6252090,valid_header_swapped,true
20260228,bus,bus:165000261,165000261,39261,힐스테이트인천시청역,남동구,남동구,간석1동,,37.4575786,126.6949250,valid_header_swapped,true
20260228,bus,bus:165000260,165000260,39260,힐스테이트인천시청역,남동구,남동구,간석1동,,37.4573236,126.6950758,valid_header_swapped,true
20260228,bus,bus:167000072,167000072,41072,힐스테이트자이계양아파트,계양구,계양구,효성1동,,37.5316152,126.7176270,valid_header_swapped,true
20260228,bus,bus:163000293,163000293,37293,힐스테이트푸르지오주안,미추홀구,미추홀구,주안4동,,37.4531153,126.6800159,valid_header_swapped,true
20260228,bus,bus:163000680,163000680,37680,힐스테이트푸르지오주안아파트,미추홀구,미추홀구,주안2동,,37.4528819,126.6797376,valid_header_swapped,true
20260228,bus,bus:163000023,163000023,37023,힐스테이트학익,미추홀구,미추홀구,학익1동,,37.4437606,126.6503381,valid_header_swapped,true
20260228,bus,bus:163000022,163000022,37022,힐스테이트학익,미추홀구,미추홀구,학익1동,,37.4437616,126.6500973,valid_header_swapped,true
20260228,bus,bus:163000670,163000670,37670,힐스테이트학익104동앞,미추홀구,미추홀구,학익1동,,37.4445053,126.6468125,valid_header_swapped,true
20260228,bus,bus:163000669,163000669,37669,힐스테이트학익104동앞,미추홀구,미추홀구,용현5동,,37.4448874,126.6475496,valid_header_swapped,true
20260228,bus,bus:165000329,165000329,39329,힐캐슬프라자,남동구,남동구,구월2동,,37.4562867,126.7141054,valid_header_swapped,true
20260228,bus,bus:165000331,165000331,39331,힐캐슬프라자,남동구,남동구,구월2동,,37.4565361,126.7141488,valid_header_swapped,true
20260228,bus,bus:166000891,166000891,40891,힘찬병원,부평구,부평구,부평5동,,37.4924246,126.7300012,valid_header_swapped,true
20260228,bus,bus:166000892,166000892,40892,힘찬병원,부평구,부평구,부평5동,,37.4926547,126.7297372,valid_header_swapped,true
