reference_year,reference_period,source_admin_code,source_admin_name,source_sido_name,source_sigungu_name,source_eupmyeondong_name,harmonization_status,households_total,one_person_households,two_person_households,three_person_households,four_person_households,five_person_households,six_person_households,seven_person_households,eight_person_households,nine_person_households,ten_plus_person_households,one_person_household_share_pct,source_file
2021,2021-12,2811052000,인천광역시 중구 연안동,인천광역시,중구,연안동,requires_2026_07_01_reform_crosswalk,3392,1848,800,405,243,75,14,5,2,0,0,54.4811,jumin_households_size_202112.csv
2021,2021-12,2811053000,인천광역시 중구 신포동,인천광역시,중구,신포동,requires_2026_07_01_reform_crosswalk,2730,1484,574,364,216,66,19,5,0,1,1,54.3590,jumin_households_size_202112.csv
2021,2021-12,2811054000,인천광역시 중구 신흥동,인천광역시,중구,신흥동,requires_2026_07_01_reform_crosswalk,6297,2720,1547,1009,773,195,44,5,2,2,0,43.1952,jumin_households_size_202112.csv
2021,2021-12,2811056000,인천광역시 중구 도원동,인천광역시,중구,도원동,requires_2026_07_01_reform_crosswalk,2073,1013,563,279,161,39,16,2,0,0,0,48.8664,jumin_households_size_202112.csv
2021,2021-12,2811057000,인천광역시 중구 율목동,인천광역시,중구,율목동,requires_2026_07_01_reform_crosswalk,1819,1023,423,229,103,30,6,4,0,0,1,56.2397,jumin_households_size_202112.csv
2021,2021-12,2811058500,인천광역시 중구 동인천동,인천광역시,중구,동인천동,requires_2026_07_01_reform_crosswalk,3415,2058,718,356,194,66,13,9,0,1,0,60.2635,jumin_households_size_202112.csv
2021,2021-12,2811061500,인천광역시 중구 개항동,인천광역시,중구,개항동,requires_2026_07_01_reform_crosswalk,3645,1747,973,524,283,91,24,0,2,0,1,47.9287,jumin_households_size_202112.csv
2021,2021-12,2811062000,인천광역시 중구 영종동,인천광역시,중구,영종동,requires_2026_07_01_reform_crosswalk,10097,5347,2247,1222,936,268,58,11,6,0,2,52.9563,jumin_households_size_202112.csv
2021,2021-12,2811062200,인천광역시 중구 영종1동,인천광역시,중구,영종1동,requires_2026_07_01_reform_crosswalk,16826,4364,3806,3887,3714,854,148,35,13,4,1,25.9361,jumin_households_size_202112.csv
2021,2021-12,2811062800,인천광역시 중구 운서동,인천광역시,중구,운서동,requires_2026_07_01_reform_crosswalk,18171,11544,2542,1710,1752,489,96,21,11,3,3,63.5298,jumin_households_size_202112.csv
2021,2021-12,2811063000,인천광역시 중구 용유동,인천광역시,중구,용유동,requires_2026_07_01_reform_crosswalk,2596,1682,621,172,102,17,0,2,0,0,0,64.7920,jumin_households_size_202112.csv
2021,2021-12,2814051000,인천광역시 동구 만석동,인천광역시,동구,만석동,requires_2026_07_01_reform_crosswalk,3229,1333,803,533,441,83,30,5,1,0,0,41.2821,jumin_households_size_202112.csv
2021,2021-12,2814052500,인천광역시 동구 화수1.화평동,인천광역시,동구,화수1.화평동,requires_2026_07_01_reform_crosswalk,2849,1225,767,420,329,92,12,3,0,0,1,42.9975,jumin_households_size_202112.csv
2021,2021-12,2814053000,인천광역시 동구 화수2동,인천광역시,동구,화수2동,requires_2026_07_01_reform_crosswalk,3728,1598,1028,613,366,102,17,4,0,0,0,42.8648,jumin_households_size_202112.csv
2021,2021-12,2814055500,인천광역시 동구 송현1.2동,인천광역시,동구,송현1.2동,requires_2026_07_01_reform_crosswalk,4440,1426,1197,922,716,138,33,8,0,0,0,32.1171,jumin_households_size_202112.csv
2021,2021-12,2814057000,인천광역시 동구 송현3동,인천광역시,동구,송현3동,requires_2026_07_01_reform_crosswalk,1936,979,531,237,144,38,6,1,0,0,0,50.5682,jumin_households_size_202112.csv
2021,2021-12,2814058000,인천광역시 동구 송림1동,인천광역시,동구,송림1동,requires_2026_07_01_reform_crosswalk,698,250,189,144,77,31,2,4,1,0,0,35.8166,jumin_households_size_202112.csv
2021,2021-12,2814059000,인천광역시 동구 송림2동,인천광역시,동구,송림2동,requires_2026_07_01_reform_crosswalk,1545,865,372,165,107,28,6,2,0,0,0,55.9871,jumin_households_size_202112.csv
2021,2021-12,2814060500,인천광역시 동구 송림3.5동,인천광역시,동구,송림3.5동,requires_2026_07_01_reform_crosswalk,3501,1476,817,605,452,115,31,5,0,0,0,42.1594,jumin_households_size_202112.csv
2021,2021-12,2814061000,인천광역시 동구 송림4동,인천광역시,동구,송림4동,requires_2026_07_01_reform_crosswalk,2581,793,688,562,429,94,14,1,0,0,0,30.7245,jumin_households_size_202112.csv
2021,2021-12,2814063000,인천광역시 동구 송림6동,인천광역시,동구,송림6동,requires_2026_07_01_reform_crosswalk,2637,878,686,524,409,108,23,6,2,1,0,33.2954,jumin_households_size_202112.csv
2021,2021-12,2814064000,인천광역시 동구 금창동,인천광역시,동구,금창동,requires_2026_07_01_reform_crosswalk,1537,767,401,208,110,37,11,1,1,1,0,49.9024,jumin_households_size_202112.csv
2021,2021-12,2817751000,인천광역시 미추홀구 숭의2동,인천광역시,미추홀구,숭의2동,pre_reform_code_preserved_district_not_reorganized,7004,2942,1789,1248,754,194,66,10,0,0,1,42.0046,jumin_households_size_202112.csv
2021,2021-12,2817752000,인천광역시 미추홀구 숭의1.3동,인천광역시,미추홀구,숭의1.3동,pre_reform_code_preserved_district_not_reorganized,6771,2909,1805,1143,710,164,34,5,1,0,0,42.9626,jumin_households_size_202112.csv
2021,2021-12,2817753000,인천광역시 미추홀구 숭의4동,인천광역시,미추홀구,숭의4동,pre_reform_code_preserved_district_not_reorganized,7882,3349,2039,1345,859,235,49,6,0,0,0,42.4892,jumin_households_size_202112.csv
2021,2021-12,2817754000,인천광역시 미추홀구 용현1.4동,인천광역시,미추홀구,용현1.4동,pre_reform_code_preserved_district_not_reorganized,10523,6594,2089,1052,580,158,38,10,1,0,1,62.6627,jumin_households_size_202112.csv
2021,2021-12,2817755000,인천광역시 미추홀구 용현2동,인천광역시,미추홀구,용현2동,pre_reform_code_preserved_district_not_reorganized,8519,3681,2021,1452,1039,261,51,11,2,1,0,43.2093,jumin_households_size_202112.csv
2021,2021-12,2817756000,인천광역시 미추홀구 용현3동,인천광역시,미추홀구,용현3동,pre_reform_code_preserved_district_not_reorganized,4414,2509,1063,485,264,70,18,4,0,0,1,56.8419,jumin_households_size_202112.csv
2021,2021-12,2817757000,인천광역시 미추홀구 용현5동,인천광역시,미추홀구,용현5동,pre_reform_code_preserved_district_not_reorganized,20171,7127,4566,3855,3525,868,194,29,5,1,1,35.3329,jumin_households_size_202112.csv
2021,2021-12,2817758000,인천광역시 미추홀구 학익1동,인천광역시,미추홀구,학익1동,pre_reform_code_preserved_district_not_reorganized,12927,3933,3142,2577,2513,565,160,28,4,3,2,30.4247,jumin_households_size_202112.csv
2021,2021-12,2817759000,인천광역시 미추홀구 학익2동,인천광역시,미추홀구,학익2동,pre_reform_code_preserved_district_not_reorganized,8072,2885,2148,1538,1130,293,65,11,0,2,0,35.7408,jumin_households_size_202112.csv
2021,2021-12,2817760000,인천광역시 미추홀구 도화1동,인천광역시,미추홀구,도화1동,pre_reform_code_preserved_district_not_reorganized,11206,4732,2996,1858,1210,327,63,17,2,0,1,42.2274,jumin_households_size_202112.csv
2021,2021-12,2817761000,인천광역시 미추홀구 도화2.3동,인천광역시,미추홀구,도화2.3동,pre_reform_code_preserved_district_not_reorganized,14587,5409,3517,2860,2214,492,79,9,2,0,5,37.0810,jumin_households_size_202112.csv
2021,2021-12,2817762000,인천광역시 미추홀구 주안1동,인천광역시,미추홀구,주안1동,pre_reform_code_preserved_district_not_reorganized,11922,7051,2495,1364,778,181,40,10,2,0,1,59.1428,jumin_households_size_202112.csv
2021,2021-12,2817763000,인천광역시 미추홀구 주안2동,인천광역시,미추홀구,주안2동,pre_reform_code_preserved_district_not_reorganized,8442,3824,2287,1279,787,206,46,11,0,1,1,45.2973,jumin_households_size_202112.csv
2021,2021-12,2817764000,인천광역시 미추홀구 주안3동,인천광역시,미추홀구,주안3동,pre_reform_code_preserved_district_not_reorganized,4470,2156,1085,677,395,130,21,2,2,1,1,48.2327,jumin_households_size_202112.csv
2021,2021-12,2817765000,인천광역시 미추홀구 주안4동,인천광역시,미추홀구,주안4동,pre_reform_code_preserved_district_not_reorganized,7052,3446,1827,988,606,149,27,8,0,1,0,48.8656,jumin_households_size_202112.csv
2021,2021-12,2817766000,인천광역시 미추홀구 주안5동,인천광역시,미추홀구,주안5동,pre_reform_code_preserved_district_not_reorganized,10199,4543,2629,1632,1106,244,33,6,4,0,2,44.5436,jumin_households_size_202112.csv
2021,2021-12,2817767000,인천광역시 미추홀구 주안6동,인천광역시,미추홀구,주안6동,pre_reform_code_preserved_district_not_reorganized,10116,4138,2395,1774,1412,318,62,12,4,0,1,40.9055,jumin_households_size_202112.csv
2021,2021-12,2817768000,인천광역시 미추홀구 주안7동,인천광역시,미추홀구,주안7동,pre_reform_code_preserved_district_not_reorganized,6071,2549,1675,1018,641,143,32,7,4,1,1,41.9865,jumin_households_size_202112.csv
2021,2021-12,2817769000,인천광역시 미추홀구 주안8동,인천광역시,미추홀구,주안8동,pre_reform_code_preserved_district_not_reorganized,9351,3346,2528,1785,1325,296,52,11,5,1,2,35.7823,jumin_households_size_202112.csv
2021,2021-12,2817770000,인천광역시 미추홀구 관교동,인천광역시,미추홀구,관교동,pre_reform_code_preserved_district_not_reorganized,6326,2025,1666,1250,1013,291,63,14,3,1,0,32.0107,jumin_households_size_202112.csv
2021,2021-12,2817771000,인천광역시 미추홀구 문학동,인천광역시,미추홀구,문학동,pre_reform_code_preserved_district_not_reorganized,7536,4031,1602,921,732,198,40,7,3,1,1,53.4899,jumin_households_size_202112.csv
2021,2021-12,2818563000,인천광역시 연수구 옥련1동,인천광역시,연수구,옥련1동,pre_reform_code_preserved_district_not_reorganized,8292,2826,2057,1694,1342,313,47,11,0,2,0,34.0810,jumin_households_size_202112.csv
2021,2021-12,2818564000,인천광역시 연수구 옥련2동,인천광역시,연수구,옥련2동,pre_reform_code_preserved_district_not_reorganized,7971,2146,1911,1835,1621,367,74,12,2,1,2,26.9226,jumin_households_size_202112.csv
2021,2021-12,2818575000,인천광역시 연수구 선학동,인천광역시,연수구,선학동,pre_reform_code_preserved_district_not_reorganized,8205,3574,1994,1352,973,230,62,18,1,0,1,43.5588,jumin_households_size_202112.csv
2021,2021-12,2818576100,인천광역시 연수구 연수1동,인천광역시,연수구,연수1동,pre_reform_code_preserved_district_not_reorganized,9810,4963,1999,1413,1068,296,52,15,3,0,1,50.5912,jumin_households_size_202112.csv
2021,2021-12,2818576200,인천광역시 연수구 연수2동,인천광역시,연수구,연수2동,pre_reform_code_preserved_district_not_reorganized,9887,4191,2311,1661,1359,296,42,18,6,1,2,42.3890,jumin_households_size_202112.csv
2021,2021-12,2818576300,인천광역시 연수구 연수3동,인천광역시,연수구,연수3동,pre_reform_code_preserved_district_not_reorganized,7462,2947,1923,1354,996,199,32,6,3,1,1,39.4934,jumin_households_size_202112.csv
2021,2021-12,2818576600,인천광역시 연수구 청학동,인천광역시,연수구,청학동,pre_reform_code_preserved_district_not_reorganized,12682,6222,2938,1924,1174,325,77,17,2,3,0,49.0617,jumin_households_size_202112.csv
2021,2021-12,2818578000,인천광역시 연수구 동춘1동,인천광역시,연수구,동춘1동,pre_reform_code_preserved_district_not_reorganized,9299,1863,2239,2453,2184,465,68,12,6,3,6,20.0344,jumin_households_size_202112.csv
2021,2021-12,2818579000,인천광역시 연수구 동춘2동,인천광역시,연수구,동춘2동,pre_reform_code_preserved_district_not_reorganized,7003,1581,1831,1694,1558,279,49,6,5,0,0,22.5760,jumin_households_size_202112.csv
2021,2021-12,2818579500,인천광역시 연수구 동춘3동,인천광역시,연수구,동춘3동,pre_reform_code_preserved_district_not_reorganized,5833,605,1090,1568,1951,492,93,27,5,2,0,10.3720,jumin_households_size_202112.csv
2021,2021-12,2818582000,인천광역시 연수구 송도1동,인천광역시,연수구,송도1동,pre_reform_code_preserved_district_not_reorganized,14547,4777,2350,2911,3441,814,188,46,17,2,1,32.8384,jumin_households_size_202112.csv
2021,2021-12,2818583000,인천광역시 연수구 송도2동,인천광역시,연수구,송도2동,pre_reform_code_preserved_district_not_reorganized,11831,1682,1862,3174,4018,908,137,37,10,2,1,14.2169,jumin_households_size_202112.csv
2021,2021-12,2818584000,인천광역시 연수구 송도3동,인천광역시,연수구,송도3동,pre_reform_code_preserved_district_not_reorganized,18832,5458,3329,4487,4559,836,114,30,10,5,4,28.9826,jumin_households_size_202112.csv
2021,2021-12,2818585000,인천광역시 연수구 송도4동,인천광역시,연수구,송도4동,pre_reform_code_preserved_district_not_reorganized,9380,2311,1664,2405,2502,422,53,13,5,3,2,24.6375,jumin_households_size_202112.csv
2021,2021-12,2818586000,인천광역시 연수구 송도5동,인천광역시,연수구,송도5동,pre_reform_code_preserved_district_not_reorganized,14950,3268,3435,3984,3528,629,84,15,5,0,2,21.8595,jumin_households_size_202112.csv
2021,2021-12,2820051000,인천광역시 남동구 구월1동,인천광역시,남동구,구월1동,pre_reform_code_preserved_district_not_reorganized,13181,4479,3043,2606,2368,565,93,21,4,1,1,33.9807,jumin_households_size_202112.csv
2021,2021-12,2820052000,인천광역시 남동구 구월2동,인천광역시,남동구,구월2동,pre_reform_code_preserved_district_not_reorganized,12772,2641,2835,3170,3186,755,139,38,4,4,0,20.6780,jumin_households_size_202112.csv
2021,2021-12,2820052100,인천광역시 남동구 구월3동,인천광역시,남동구,구월3동,pre_reform_code_preserved_district_not_reorganized,17430,10508,3297,1929,1314,304,62,10,3,3,0,60.2869,jumin_households_size_202112.csv
2021,2021-12,2820052200,인천광역시 남동구 구월4동,인천광역시,남동구,구월4동,pre_reform_code_preserved_district_not_reorganized,7806,4005,1917,1010,666,166,31,7,4,0,0,51.3067,jumin_households_size_202112.csv
2021,2021-12,2820053000,인천광역시 남동구 간석1동,인천광역시,남동구,간석1동,pre_reform_code_preserved_district_not_reorganized,10384,4671,2559,1655,1132,300,53,13,1,0,0,44.9827,jumin_households_size_202112.csv
2021,2021-12,2820054000,인천광역시 남동구 간석2동,인천광역시,남동구,간석2동,pre_reform_code_preserved_district_not_reorganized,9441,3443,2146,1814,1556,362,94,20,4,2,0,36.4686,jumin_households_size_202112.csv
2021,2021-12,2820055000,인천광역시 남동구 간석3동,인천광역시,남동구,간석3동,pre_reform_code_preserved_district_not_reorganized,13121,5432,3485,2225,1508,380,74,15,1,0,1,41.3993,jumin_households_size_202112.csv
2021,2021-12,2820055100,인천광역시 남동구 간석4동,인천광역시,남동구,간석4동,pre_reform_code_preserved_district_not_reorganized,13452,5459,3303,2392,1782,407,84,19,3,2,1,40.5813,jumin_households_size_202112.csv
2021,2021-12,2820056000,인천광역시 남동구 만수1동,인천광역시,남동구,만수1동,pre_reform_code_preserved_district_not_reorganized,9023,4378,2379,1320,740,167,37,1,1,0,0,48.5204,jumin_households_size_202112.csv
2021,2021-12,2820057000,인천광역시 남동구 만수2동,인천광역시,남동구,만수2동,pre_reform_code_preserved_district_not_reorganized,9870,2834,2650,2059,1796,427,76,22,5,1,0,28.7133,jumin_households_size_202112.csv
2021,2021-12,2820058000,인천광역시 남동구 만수3동,인천광역시,남동구,만수3동,pre_reform_code_preserved_district_not_reorganized,7438,2374,1945,1506,1238,300,61,11,1,0,2,31.9172,jumin_households_size_202112.csv
2021,2021-12,2820058100,인천광역시 남동구 만수4동,인천광역시,남동구,만수4동,pre_reform_code_preserved_district_not_reorganized,9166,3062,2498,1844,1420,285,41,14,1,1,0,33.4061,jumin_households_size_202112.csv
2021,2021-12,2820058200,인천광역시 남동구 만수5동,인천광역시,남동구,만수5동,pre_reform_code_preserved_district_not_reorganized,7646,3426,2029,1247,711,178,42,10,2,0,1,44.8077,jumin_households_size_202112.csv
2021,2021-12,2820058300,인천광역시 남동구 만수6동,인천광역시,남동구,만수6동,pre_reform_code_preserved_district_not_reorganized,10319,3435,2653,2026,1688,392,94,20,9,0,2,33.2881,jumin_households_size_202112.csv
2021,2021-12,2820065000,인천광역시 남동구 장수서창동,인천광역시,남동구,장수서창동,pre_reform_code_preserved_district_not_reorganized,7987,2298,2103,1612,1446,415,81,24,7,0,1,28.7718,jumin_households_size_202112.csv
2021,2021-12,2820065500,인천광역시 남동구 서창2동,인천광역시,남동구,서창2동,pre_reform_code_preserved_district_not_reorganized,15837,4840,3480,3334,3354,708,92,19,7,2,1,30.5613,jumin_households_size_202112.csv
2021,2021-12,2820066000,인천광역시 남동구 남촌도림동,인천광역시,남동구,남촌도림동,pre_reform_code_preserved_district_not_reorganized,9306,3287,2535,1690,1386,342,49,15,1,1,0,35.3213,jumin_households_size_202112.csv
2021,2021-12,2820069000,인천광역시 남동구 논현1동,인천광역시,남동구,논현1동,pre_reform_code_preserved_district_not_reorganized,13475,4605,3199,2542,2455,532,104,29,5,2,2,34.1744,jumin_households_size_202112.csv
2021,2021-12,2820070000,인천광역시 남동구 논현2동,인천광역시,남동구,논현2동,pre_reform_code_preserved_district_not_reorganized,15094,6065,3799,2473,2064,558,105,26,2,2,0,40.1815,jumin_households_size_202112.csv
2021,2021-12,2820071000,인천광역시 남동구 논현고잔동,인천광역시,남동구,논현고잔동,pre_reform_code_preserved_district_not_reorganized,15694,4345,3182,3297,3860,827,144,27,5,5,2,27.6857,jumin_households_size_202112.csv
2021,2021-12,2823751000,인천광역시 부평구 부평1동,인천광역시,부평구,부평1동,pre_reform_code_preserved_district_not_reorganized,16748,6671,4035,3076,2326,490,109,30,6,4,1,39.8316,jumin_households_size_202112.csv
2021,2021-12,2823752000,인천광역시 부평구 부평2동,인천광역시,부평구,부평2동,pre_reform_code_preserved_district_not_reorganized,7205,3159,1846,1122,829,186,50,7,3,1,2,43.8446,jumin_households_size_202112.csv
2021,2021-12,2823753000,인천광역시 부평구 부평3동,인천광역시,부평구,부평3동,pre_reform_code_preserved_district_not_reorganized,6300,2872,1540,1106,594,142,34,5,2,2,3,45.5873,jumin_households_size_202112.csv
2021,2021-12,2823754000,인천광역시 부평구 부평4동,인천광역시,부평구,부평4동,pre_reform_code_preserved_district_not_reorganized,18607,8825,4366,2920,1947,451,79,10,4,3,2,47.4284,jumin_households_size_202112.csv
2021,2021-12,2823755000,인천광역시 부평구 부평5동,인천광역시,부평구,부평5동,pre_reform_code_preserved_district_not_reorganized,15476,6858,3804,2591,1736,395,63,25,3,0,1,44.3138,jumin_households_size_202112.csv
2021,2021-12,2823756000,인천광역시 부평구 부평6동,인천광역시,부평구,부평6동,pre_reform_code_preserved_district_not_reorganized,7285,3202,1823,1240,802,174,36,5,1,0,2,43.9533,jumin_households_size_202112.csv
2021,2021-12,2823757000,인천광역시 부평구 산곡1동,인천광역시,부평구,산곡1동,pre_reform_code_preserved_district_not_reorganized,5466,2167,1479,970,655,149,34,5,6,0,1,39.6451,jumin_households_size_202112.csv
2021,2021-12,2823758000,인천광역시 부평구 산곡2동,인천광역시,부평구,산곡2동,pre_reform_code_preserved_district_not_reorganized,11022,2047,2515,2730,2927,643,125,24,8,2,1,18.5719,jumin_households_size_202112.csv
2021,2021-12,2823758100,인천광역시 부평구 산곡3동,인천광역시,부평구,산곡3동,pre_reform_code_preserved_district_not_reorganized,8867,2533,2341,1844,1630,389,98,21,5,3,3,28.5666,jumin_households_size_202112.csv
2021,2021-12,2823758200,인천광역시 부평구 산곡4동,인천광역시,부평구,산곡4동,pre_reform_code_preserved_district_not_reorganized,6679,1530,1651,1626,1429,359,60,15,7,1,1,22.9076,jumin_households_size_202112.csv
2021,2021-12,2823759100,인천광역시 부평구 청천1동,인천광역시,부평구,청천1동,pre_reform_code_preserved_district_not_reorganized,3466,1602,868,541,352,78,23,0,2,0,0,46.2204,jumin_households_size_202112.csv
2021,2021-12,2823759200,인천광역시 부평구 청천2동,인천광역시,부평구,청천2동,pre_reform_code_preserved_district_not_reorganized,14595,4433,3755,3127,2609,536,98,27,8,0,2,30.3734,jumin_households_size_202112.csv
2021,2021-12,2823764100,인천광역시 부평구 갈산1동,인천광역시,부평구,갈산1동,pre_reform_code_preserved_district_not_reorganized,7373,2664,1896,1494,1029,232,50,8,0,0,0,36.1318,jumin_households_size_202112.csv
2021,2021-12,2823764200,인천광역시 부평구 갈산2동,인천광역시,부평구,갈산2동,pre_reform_code_preserved_district_not_reorganized,8240,3058,2061,1481,1222,323,73,17,4,1,0,37.1117,jumin_households_size_202112.csv
2021,2021-12,2823764600,인천광역시 부평구 삼산1동,인천광역시,부평구,삼산1동,pre_reform_code_preserved_district_not_reorganized,13975,4517,3446,2883,2537,495,77,17,2,0,1,32.3220,jumin_households_size_202112.csv
2021,2021-12,2823764800,인천광역시 부평구 삼산2동,인천광역시,부평구,삼산2동,pre_reform_code_preserved_district_not_reorganized,10288,2067,2286,2411,2803,619,81,17,3,0,1,20.0914,jumin_households_size_202112.csv
2021,2021-12,2823765000,인천광역시 부평구 부개1동,인천광역시,부평구,부개1동,pre_reform_code_preserved_district_not_reorganized,7750,3235,2123,1268,853,213,45,8,3,1,1,41.7419,jumin_households_size_202112.csv
2021,2021-12,2823766000,인천광역시 부평구 부개2동,인천광역시,부평구,부개2동,pre_reform_code_preserved_district_not_reorganized,8385,2622,2187,1749,1423,323,61,17,3,0,0,31.2701,jumin_households_size_202112.csv
2021,2021-12,2823766100,인천광역시 부평구 부개3동,인천광역시,부평구,부개3동,pre_reform_code_preserved_district_not_reorganized,12442,3622,3074,2713,2462,462,83,21,3,2,0,29.1111,jumin_households_size_202112.csv
2021,2021-12,2823767000,인천광역시 부평구 일신동,인천광역시,부평구,일신동,pre_reform_code_preserved_district_not_reorganized,5228,1585,1451,1098,825,226,33,7,1,0,2,30.3175,jumin_households_size_202112.csv
2021,2021-12,2823768000,인천광역시 부평구 십정1동,인천광역시,부평구,십정1동,pre_reform_code_preserved_district_not_reorganized,6374,2508,1596,1148,878,197,37,10,0,0,0,39.3473,jumin_households_size_202112.csv
2021,2021-12,2823769000,인천광역시 부평구 십정2동,인천광역시,부평구,십정2동,pre_reform_code_preserved_district_not_reorganized,11601,5560,2809,1707,1147,297,61,16,4,0,0,47.9269,jumin_households_size_202112.csv
2021,2021-12,2824560100,인천광역시 계양구 효성1동,인천광역시,계양구,효성1동,pre_reform_code_preserved_district_not_reorganized,11625,3762,3073,2358,1894,443,79,14,2,0,0,32.3613,jumin_households_size_202112.csv
2021,2021-12,2824560200,인천광역시 계양구 효성2동,인천광역시,계양구,효성2동,pre_reform_code_preserved_district_not_reorganized,11724,3271,3131,2578,2134,496,90,20,4,0,0,27.9000,jumin_households_size_202112.csv
2021,2021-12,2824561100,인천광역시 계양구 계산1동,인천광역시,계양구,계산1동,pre_reform_code_preserved_district_not_reorganized,10034,5031,2356,1431,950,210,48,8,0,0,0,50.1395,jumin_households_size_202112.csv
2021,2021-12,2824561200,인천광역시 계양구 계산2동,인천광역시,계양구,계산2동,pre_reform_code_preserved_district_not_reorganized,7869,3694,1909,1232,809,177,36,6,4,1,1,46.9437,jumin_households_size_202112.csv
2021,2021-12,2824561300,인천광역시 계양구 계산3동,인천광역시,계양구,계산3동,pre_reform_code_preserved_district_not_reorganized,8630,3154,2320,1681,1176,256,33,8,2,0,0,36.5469,jumin_households_size_202112.csv
2021,2021-12,2824561400,인천광역시 계양구 계산4동,인천광역시,계양구,계산4동,pre_reform_code_preserved_district_not_reorganized,9185,3053,1596,1837,2187,432,64,13,0,3,0,33.2390,jumin_households_size_202112.csv
2021,2021-12,2824562100,인천광역시 계양구 작전1동,인천광역시,계양구,작전1동,pre_reform_code_preserved_district_not_reorganized,11279,3250,2860,2468,2174,438,74,10,4,1,0,28.8146,jumin_households_size_202112.csv
2021,2021-12,2824562200,인천광역시 계양구 작전2동,인천광역시,계양구,작전2동,pre_reform_code_preserved_district_not_reorganized,9143,3510,2425,1733,1189,234,38,9,5,0,0,38.3900,jumin_households_size_202112.csv
2021,2021-12,2824564000,인천광역시 계양구 작전서운동,인천광역시,계양구,작전서운동,pre_reform_code_preserved_district_not_reorganized,14204,4360,3289,3082,2756,575,108,27,4,2,1,30.6956,jumin_households_size_202112.csv
2021,2021-12,2824571000,인천광역시 계양구 계양1동,인천광역시,계양구,계양1동,pre_reform_code_preserved_district_not_reorganized,8571,2636,2197,1787,1481,361,75,20,8,2,4,30.7549,jumin_households_size_202112.csv
2021,2021-12,2824572000,인천광역시 계양구 계양2동,인천광역시,계양구,계양2동,pre_reform_code_preserved_district_not_reorganized,15682,6568,3972,2713,1897,442,69,15,3,1,2,41.8824,jumin_households_size_202112.csv
2021,2021-12,2824573000,인천광역시 계양구 계양3동,인천광역시,계양구,계양3동,pre_reform_code_preserved_district_not_reorganized,10038,2705,2587,2200,1926,489,96,28,4,3,0,26.9476,jumin_households_size_202112.csv
2021,2021-12,2826051500,인천광역시 서구 검암경서동,인천광역시,서구,검암경서동,requires_2026_07_01_reform_crosswalk,19773,7299,4558,3797,3189,737,145,32,11,4,1,36.9140,jumin_households_size_202112.csv
2021,2021-12,2826053000,인천광역시 서구 연희동,인천광역시,서구,연희동,requires_2026_07_01_reform_crosswalk,19054,8061,4471,3276,2533,601,88,15,7,1,1,42.3061,jumin_households_size_202112.csv
2021,2021-12,2826053600,인천광역시 서구 청라1동,인천광역시,서구,청라1동,requires_2026_07_01_reform_crosswalk,11943,3440,2128,2719,2835,666,113,28,11,2,1,28.8035,jumin_households_size_202112.csv
2021,2021-12,2826053700,인천광역시 서구 청라2동,인천광역시,서구,청라2동,requires_2026_07_01_reform_crosswalk,18069,4788,3305,3993,4685,1082,153,45,8,8,2,26.4984,jumin_households_size_202112.csv
2021,2021-12,2826053900,인천광역시 서구 청라3동,인천광역시,서구,청라3동,requires_2026_07_01_reform_crosswalk,11193,2528,1989,2724,3048,742,125,25,8,3,1,22.5855,jumin_households_size_202112.csv
2021,2021-12,2826054200,인천광역시 서구 가정1동,인천광역시,서구,가정1동,requires_2026_07_01_reform_crosswalk,12006,4206,2770,2450,2097,401,59,20,3,0,0,35.0325,jumin_households_size_202112.csv
2021,2021-12,2826054300,인천광역시 서구 가정2동,인천광역시,서구,가정2동,requires_2026_07_01_reform_crosswalk,3036,1177,824,571,375,70,16,3,0,0,0,38.7681,jumin_households_size_202112.csv
2021,2021-12,2826054400,인천광역시 서구 가정3동,인천광역시,서구,가정3동,requires_2026_07_01_reform_crosswalk,4406,1739,1108,798,590,129,35,4,3,0,0,39.4689,jumin_households_size_202112.csv
2021,2021-12,2826055000,인천광역시 서구 석남1동,인천광역시,서구,석남1동,requires_2026_07_01_reform_crosswalk,10922,4825,2763,1797,1175,306,44,11,0,1,0,44.1769,jumin_households_size_202112.csv
2021,2021-12,2826056000,인천광역시 서구 석남2동,인천광역시,서구,석남2동,requires_2026_07_01_reform_crosswalk,6239,2562,1694,1082,708,151,34,7,1,0,0,41.0643,jumin_households_size_202112.csv
2021,2021-12,2826056100,인천광역시 서구 석남3동,인천광역시,서구,석남3동,requires_2026_07_01_reform_crosswalk,6608,2767,1736,1133,765,167,29,5,4,0,2,41.8735,jumin_households_size_202112.csv
2021,2021-12,2826057500,인천광역시 서구 신현원창동,인천광역시,서구,신현원창동,requires_2026_07_01_reform_crosswalk,13008,4011,3235,2730,2352,560,86,27,5,1,1,30.8349,jumin_households_size_202112.csv
2021,2021-12,2826058000,인천광역시 서구 가좌1동,인천광역시,서구,가좌1동,requires_2026_07_01_reform_crosswalk,6190,2763,1628,1012,592,166,22,4,1,1,1,44.6365,jumin_households_size_202112.csv
2021,2021-12,2826059000,인천광역시 서구 가좌2동,인천광역시,서구,가좌2동,requires_2026_07_01_reform_crosswalk,7765,1915,2040,1800,1550,377,70,12,0,0,1,24.6619,jumin_households_size_202112.csv
2021,2021-12,2826060000,인천광역시 서구 가좌3동,인천광역시,서구,가좌3동,requires_2026_07_01_reform_crosswalk,8046,3363,2193,1375,899,171,39,4,1,1,0,41.7972,jumin_households_size_202112.csv
2021,2021-12,2826061000,인천광역시 서구 가좌4동,인천광역시,서구,가좌4동,requires_2026_07_01_reform_crosswalk,4940,2047,1186,939,613,126,20,8,1,0,0,41.4372,jumin_households_size_202112.csv
2021,2021-12,2826068000,인천광역시 서구 검단동,인천광역시,서구,검단동,requires_2026_07_01_reform_crosswalk,14702,5891,3281,2559,2284,558,108,19,2,0,0,40.0694,jumin_households_size_202112.csv
2021,2021-12,2826069000,인천광역시 서구 불로대곡동,인천광역시,서구,불로대곡동,requires_2026_07_01_reform_crosswalk,9193,2904,2159,1791,1818,427,77,9,5,2,1,31.5893,jumin_households_size_202112.csv
2021,2021-12,2826070000,인천광역시 서구 원당동,인천광역시,서구,원당동,requires_2026_07_01_reform_crosswalk,9668,3267,1854,1909,2044,488,86,14,3,1,2,33.7919,jumin_households_size_202112.csv
2021,2021-12,2826071000,인천광역시 서구 당하동,인천광역시,서구,당하동,requires_2026_07_01_reform_crosswalk,10859,3088,2324,2469,2378,491,83,19,6,0,1,28.4372,jumin_households_size_202112.csv
2021,2021-12,2826072000,인천광역시 서구 오류왕길동,인천광역시,서구,오류왕길동,requires_2026_07_01_reform_crosswalk,10316,3211,2383,2095,2021,472,108,18,3,3,2,31.1264,jumin_households_size_202112.csv
2021,2021-12,2826073000,인천광역시 서구 마전동,인천광역시,서구,마전동,requires_2026_07_01_reform_crosswalk,8301,1979,1746,1891,1961,575,114,28,5,2,0,23.8405,jumin_households_size_202112.csv
2021,2021-12,2826074000,인천광역시 서구 아라동,인천광역시,서구,아라동,requires_2026_07_01_reform_crosswalk,6597,1729,1420,1615,1529,265,38,0,1,0,0,26.2089,jumin_households_size_202112.csv
2021,2021-12,2871025000,인천광역시 강화군 강화읍,인천광역시,강화군,강화읍,pre_reform_code_preserved_district_not_reorganized,10638,4357,2931,1627,1163,414,99,29,9,5,4,40.9569,jumin_households_size_202112.csv
2021,2021-12,2871031000,인천광역시 강화군 선원면,인천광역시,강화군,선원면,pre_reform_code_preserved_district_not_reorganized,3615,1382,1064,509,450,152,48,6,4,0,0,38.2296,jumin_households_size_202112.csv
2021,2021-12,2871032000,인천광역시 강화군 불은면,인천광역시,강화군,불은면,pre_reform_code_preserved_district_not_reorganized,2621,1206,895,284,144,61,25,3,2,0,1,46.0130,jumin_households_size_202112.csv
2021,2021-12,2871033000,인천광역시 강화군 길상면,인천광역시,강화군,길상면,pre_reform_code_preserved_district_not_reorganized,3608,1615,1112,468,247,108,39,11,4,1,3,44.7616,jumin_households_size_202112.csv
2021,2021-12,2871034000,인천광역시 강화군 화도면,인천광역시,강화군,화도면,pre_reform_code_preserved_district_not_reorganized,2443,1196,754,263,135,62,25,4,3,0,1,48.9562,jumin_households_size_202112.csv
2021,2021-12,2871035000,인천광역시 강화군 양도면,인천광역시,강화군,양도면,pre_reform_code_preserved_district_not_reorganized,2188,956,748,279,117,63,16,5,1,0,3,43.6929,jumin_households_size_202112.csv
2021,2021-12,2871036000,인천광역시 강화군 내가면,인천광역시,강화군,내가면,pre_reform_code_preserved_district_not_reorganized,1654,760,587,175,87,24,16,4,0,1,0,45.9492,jumin_households_size_202112.csv
2021,2021-12,2871037000,인천광역시 강화군 하점면,인천광역시,강화군,하점면,pre_reform_code_preserved_district_not_reorganized,2077,923,727,243,106,40,19,13,3,0,3,44.4391,jumin_households_size_202112.csv
2021,2021-12,2871038000,인천광역시 강화군 양사면,인천광역시,강화군,양사면,pre_reform_code_preserved_district_not_reorganized,1001,470,339,103,51,21,11,5,0,0,1,46.9530,jumin_households_size_202112.csv
2021,2021-12,2871039000,인천광역시 강화군 송해면,인천광역시,강화군,송해면,pre_reform_code_preserved_district_not_reorganized,1664,689,600,208,101,36,23,4,1,2,0,41.4062,jumin_households_size_202112.csv
2021,2021-12,2871040000,인천광역시 강화군 교동면,인천광역시,강화군,교동면,pre_reform_code_preserved_district_not_reorganized,1559,721,555,173,66,31,9,2,2,0,0,46.2476,jumin_households_size_202112.csv
2021,2021-12,2871041000,인천광역시 강화군 삼산면,인천광역시,강화군,삼산면,pre_reform_code_preserved_district_not_reorganized,1208,590,389,135,62,26,4,1,0,0,1,48.8411,jumin_households_size_202112.csv
2021,2021-12,2871042000,인천광역시 강화군 서도면,인천광역시,강화군,서도면,pre_reform_code_preserved_district_not_reorganized,220,114,75,14,8,7,1,0,1,0,0,51.8182,jumin_households_size_202112.csv
2021,2021-12,2871042500,인천광역시 강화군 서도면볼음출장소,인천광역시,강화군,서도면볼음출장소,pre_reform_code_preserved_district_not_reorganized,171,102,54,7,7,1,0,0,0,0,0,59.6491,jumin_households_size_202112.csv
2021,2021-12,2872031000,인천광역시 옹진군 북도면,인천광역시,옹진군,북도면,pre_reform_code_preserved_district_not_reorganized,664,362,194,55,28,15,7,2,1,0,0,54.5181,jumin_households_size_202112.csv
2021,2021-12,2872031500,인천광역시 옹진군 북도면장봉출장소,인천광역시,옹진군,북도면장봉출장소,pre_reform_code_preserved_district_not_reorganized,528,276,160,62,22,3,2,0,1,0,2,52.2727,jumin_households_size_202112.csv
2021,2021-12,2872033000,인천광역시 옹진군 백령면,인천광역시,옹진군,백령면,pre_reform_code_preserved_district_not_reorganized,2926,1831,560,240,209,65,14,5,1,0,1,62.5769,jumin_households_size_202112.csv
2021,2021-12,2872034000,인천광역시 옹진군 대청면,인천광역시,옹진군,대청면,pre_reform_code_preserved_district_not_reorganized,721,442,172,59,32,11,3,1,1,0,0,61.3037,jumin_households_size_202112.csv
2021,2021-12,2872034500,인천광역시 옹진군 대청면소청출장소,인천광역시,옹진군,대청면소청출장소,pre_reform_code_preserved_district_not_reorganized,171,130,35,5,0,1,0,0,0,0,0,76.0234,jumin_households_size_202112.csv
2021,2021-12,2872035000,인천광역시 옹진군 덕적면,인천광역시,옹진군,덕적면,pre_reform_code_preserved_district_not_reorganized,1159,678,330,85,42,15,5,4,0,0,0,58.4987,jumin_households_size_202112.csv
2021,2021-12,2872036000,인천광역시 옹진군 영흥면,인천광역시,옹진군,영흥면,pre_reform_code_preserved_district_not_reorganized,3673,2033,886,415,234,74,17,10,3,1,0,55.3499,jumin_households_size_202112.csv
2021,2021-12,2872037000,인천광역시 옹진군 자월면,인천광역시,옹진군,자월면,pre_reform_code_preserved_district_not_reorganized,563,322,158,47,25,5,4,1,0,0,1,57.1936,jumin_households_size_202112.csv
2021,2021-12,2872037500,인천광역시 옹진군 자월면이작출장소,인천광역시,옹진군,자월면이작출장소,pre_reform_code_preserved_district_not_reorganized,228,137,57,20,10,2,2,0,0,0,0,60.0877,jumin_households_size_202112.csv
2021,2021-12,2872038000,인천광역시 옹진군 연평면,인천광역시,옹진군,연평면,pre_reform_code_preserved_district_not_reorganized,1428,1066,202,89,49,18,3,1,0,0,0,74.6499,jumin_households_size_202112.csv
2022,2022-12,2811052000,인천광역시 중구 연안동,인천광역시,중구,연안동,requires_2026_07_01_reform_crosswalk,3220,1776,750,387,220,71,10,5,1,0,0,55.1553,jumin_households_size_202212.csv
2022,2022-12,2811053000,인천광역시 중구 신포동,인천광역시,중구,신포동,requires_2026_07_01_reform_crosswalk,2560,1391,541,329,210,68,13,6,0,1,1,54.3359,jumin_households_size_202212.csv
2022,2022-12,2811054000,인천광역시 중구 신흥동,인천광역시,중구,신흥동,requires_2026_07_01_reform_crosswalk,6392,2733,1615,1045,732,213,45,5,2,2,0,42.7566,jumin_households_size_202212.csv
2022,2022-12,2811056000,인천광역시 중구 도원동,인천광역시,중구,도원동,requires_2026_07_01_reform_crosswalk,2174,1126,582,267,147,35,14,3,0,0,0,51.7939,jumin_households_size_202212.csv
2022,2022-12,2811057000,인천광역시 중구 율목동,인천광역시,중구,율목동,requires_2026_07_01_reform_crosswalk,1805,1042,425,207,94,30,6,1,0,0,0,57.7285,jumin_households_size_202212.csv
2022,2022-12,2811058500,인천광역시 중구 동인천동,인천광역시,중구,동인천동,requires_2026_07_01_reform_crosswalk,3337,2019,711,351,181,55,11,7,0,2,0,60.5034,jumin_households_size_202212.csv
2022,2022-12,2811061500,인천광역시 중구 개항동,인천광역시,중구,개항동,requires_2026_07_01_reform_crosswalk,3906,2039,968,527,271,79,20,1,0,0,1,52.2017,jumin_households_size_202212.csv
2022,2022-12,2811062000,인천광역시 중구 영종동,인천광역시,중구,영종동,requires_2026_07_01_reform_crosswalk,11554,5865,2619,1553,1124,313,58,15,4,1,2,50.7616,jumin_households_size_202212.csv
2022,2022-12,2811062200,인천광역시 중구 영종1동,인천광역시,중구,영종1동,requires_2026_07_01_reform_crosswalk,18148,4918,4095,4148,3877,900,160,36,9,2,3,27.0994,jumin_households_size_202212.csv
2022,2022-12,2811062800,인천광역시 중구 운서동,인천광역시,중구,운서동,requires_2026_07_01_reform_crosswalk,20401,12655,3129,2110,1889,472,102,30,10,3,1,62.0313,jumin_households_size_202212.csv
2022,2022-12,2811063000,인천광역시 중구 용유동,인천광역시,중구,용유동,requires_2026_07_01_reform_crosswalk,2463,1586,613,160,80,20,1,3,0,0,0,64.3930,jumin_households_size_202212.csv
2022,2022-12,2814051000,인천광역시 동구 만석동,인천광역시,동구,만석동,requires_2026_07_01_reform_crosswalk,3175,1334,833,485,410,81,24,7,1,0,0,42.0157,jumin_households_size_202212.csv
2022,2022-12,2814052500,인천광역시 동구 화수1.화평동,인천광역시,동구,화수1.화평동,requires_2026_07_01_reform_crosswalk,2817,1226,763,418,313,83,10,3,0,0,1,43.5215,jumin_households_size_202212.csv
2022,2022-12,2814053000,인천광역시 동구 화수2동,인천광역시,동구,화수2동,requires_2026_07_01_reform_crosswalk,3729,1671,1014,590,342,90,20,2,0,0,0,44.8109,jumin_households_size_202212.csv
2022,2022-12,2814055500,인천광역시 동구 송현1.2동,인천광역시,동구,송현1.2동,requires_2026_07_01_reform_crosswalk,4393,1460,1219,877,664,135,32,4,2,0,0,33.2347,jumin_households_size_202212.csv
2022,2022-12,2814057000,인천광역시 동구 송현3동,인천광역시,동구,송현3동,requires_2026_07_01_reform_crosswalk,1808,926,482,246,117,32,4,1,0,0,0,51.2168,jumin_households_size_202212.csv
2022,2022-12,2814058000,인천광역시 동구 송림1동,인천광역시,동구,송림1동,requires_2026_07_01_reform_crosswalk,1485,504,435,294,184,55,9,3,1,0,0,33.9394,jumin_households_size_202212.csv
2022,2022-12,2814059000,인천광역시 동구 송림2동,인천광역시,동구,송림2동,requires_2026_07_01_reform_crosswalk,1307,779,302,135,72,16,2,1,0,0,0,59.6021,jumin_households_size_202212.csv
2022,2022-12,2814060500,인천광역시 동구 송림3.5동,인천광역시,동구,송림3.5동,requires_2026_07_01_reform_crosswalk,2573,958,635,493,370,93,19,5,0,0,0,37.2328,jumin_households_size_202212.csv
2022,2022-12,2814061000,인천광역시 동구 송림4동,인천광역시,동구,송림4동,requires_2026_07_01_reform_crosswalk,2537,714,733,569,416,91,13,1,0,0,0,28.1435,jumin_households_size_202212.csv
2022,2022-12,2814063000,인천광역시 동구 송림6동,인천광역시,동구,송림6동,requires_2026_07_01_reform_crosswalk,2497,818,663,489,390,101,30,3,2,1,0,32.7593,jumin_households_size_202212.csv
2022,2022-12,2814064000,인천광역시 동구 금창동,인천광역시,동구,금창동,requires_2026_07_01_reform_crosswalk,1297,672,341,157,92,24,10,0,1,0,0,51.8119,jumin_households_size_202212.csv
2022,2022-12,2817751000,인천광역시 미추홀구 숭의2동,인천광역시,미추홀구,숭의2동,pre_reform_code_preserved_district_not_reorganized,6951,2922,1815,1222,731,192,56,10,2,1,0,42.0371,jumin_households_size_202212.csv
2022,2022-12,2817752000,인천광역시 미추홀구 숭의1.3동,인천광역시,미추홀구,숭의1.3동,pre_reform_code_preserved_district_not_reorganized,7574,3046,2051,1367,884,187,34,5,0,0,0,40.2165,jumin_households_size_202212.csv
2022,2022-12,2817753000,인천광역시 미추홀구 숭의4동,인천광역시,미추홀구,숭의4동,pre_reform_code_preserved_district_not_reorganized,7598,3261,1987,1287,805,214,38,6,0,0,0,42.9192,jumin_households_size_202212.csv
2022,2022-12,2817754000,인천광역시 미추홀구 용현1.4동,인천광역시,미추홀구,용현1.4동,pre_reform_code_preserved_district_not_reorganized,10889,7004,2112,1036,545,140,40,10,1,0,1,64.3218,jumin_households_size_202212.csv
2022,2022-12,2817755000,인천광역시 미추홀구 용현2동,인천광역시,미추홀구,용현2동,pre_reform_code_preserved_district_not_reorganized,8359,3612,2025,1407,1001,254,51,8,0,1,0,43.2109,jumin_households_size_202212.csv
2022,2022-12,2817756000,인천광역시 미추홀구 용현3동,인천광역시,미추홀구,용현3동,pre_reform_code_preserved_district_not_reorganized,4402,2559,1060,464,241,56,17,3,1,0,1,58.1327,jumin_households_size_202212.csv
2022,2022-12,2817757000,인천광역시 미추홀구 용현5동,인천광역시,미추홀구,용현5동,pre_reform_code_preserved_district_not_reorganized,20014,7225,4564,3841,3325,844,173,30,7,4,1,36.0997,jumin_households_size_202212.csv
2022,2022-12,2817758000,인천광역시 미추홀구 학익1동,인천광역시,미추홀구,학익1동,pre_reform_code_preserved_district_not_reorganized,12200,3641,2972,2527,2362,524,129,32,7,5,1,29.8443,jumin_households_size_202212.csv
2022,2022-12,2817759000,인천광역시 미추홀구 학익2동,인천광역시,미추홀구,학익2동,pre_reform_code_preserved_district_not_reorganized,8300,3028,2279,1528,1121,273,56,13,0,2,0,36.4819,jumin_households_size_202212.csv
2022,2022-12,2817760000,인천광역시 미추홀구 도화1동,인천광역시,미추홀구,도화1동,pre_reform_code_preserved_district_not_reorganized,10765,4587,2871,1804,1134,293,57,15,4,0,0,42.6103,jumin_households_size_202212.csv
2022,2022-12,2817761000,인천광역시 미추홀구 도화2.3동,인천광역시,미추홀구,도화2.3동,pre_reform_code_preserved_district_not_reorganized,14355,5301,3540,2772,2168,477,79,10,3,0,5,36.9279,jumin_households_size_202212.csv
2022,2022-12,2817762000,인천광역시 미추홀구 주안1동,인천광역시,미추홀구,주안1동,pre_reform_code_preserved_district_not_reorganized,12337,7464,2557,1344,745,176,38,8,3,1,1,60.5009,jumin_households_size_202212.csv
2022,2022-12,2817763000,인천광역시 미추홀구 주안2동,인천광역시,미추홀구,주안2동,pre_reform_code_preserved_district_not_reorganized,8438,3885,2337,1274,709,182,39,9,1,1,1,46.0417,jumin_households_size_202212.csv
2022,2022-12,2817764000,인천광역시 미추홀구 주안3동,인천광역시,미추홀구,주안3동,pre_reform_code_preserved_district_not_reorganized,4462,2207,1106,622,389,110,23,1,3,1,0,49.4621,jumin_households_size_202212.csv
2022,2022-12,2817765000,인천광역시 미추홀구 주안4동,인천광역시,미추홀구,주안4동,pre_reform_code_preserved_district_not_reorganized,8532,3770,2208,1416,922,173,36,5,2,0,0,44.1866,jumin_households_size_202212.csv
2022,2022-12,2817766000,인천광역시 미추홀구 주안5동,인천광역시,미추홀구,주안5동,pre_reform_code_preserved_district_not_reorganized,10208,4607,2617,1640,1062,241,29,6,4,0,2,45.1313,jumin_households_size_202212.csv
2022,2022-12,2817767000,인천광역시 미추홀구 주안6동,인천광역시,미추홀구,주안6동,pre_reform_code_preserved_district_not_reorganized,10152,4290,2397,1760,1326,294,66,12,4,2,1,42.2577,jumin_households_size_202212.csv
2022,2022-12,2817768000,인천광역시 미추홀구 주안7동,인천광역시,미추홀구,주안7동,pre_reform_code_preserved_district_not_reorganized,6042,2617,1667,981,594,144,27,9,3,0,0,43.3135,jumin_households_size_202212.csv
2022,2022-12,2817769000,인천광역시 미추홀구 주안8동,인천광역시,미추홀구,주안8동,pre_reform_code_preserved_district_not_reorganized,9215,3382,2549,1715,1222,277,55,10,4,0,1,36.7010,jumin_households_size_202212.csv
2022,2022-12,2817770000,인천광역시 미추홀구 관교동,인천광역시,미추홀구,관교동,pre_reform_code_preserved_district_not_reorganized,6293,2103,1700,1217,936,262,60,9,5,1,0,33.4181,jumin_households_size_202212.csv
2022,2022-12,2817771000,인천광역시 미추홀구 문학동,인천광역시,미추홀구,문학동,pre_reform_code_preserved_district_not_reorganized,7755,4238,1625,950,695,194,39,9,4,0,1,54.6486,jumin_households_size_202212.csv
2022,2022-12,2818563000,인천광역시 연수구 옥련1동,인천광역시,연수구,옥련1동,pre_reform_code_preserved_district_not_reorganized,8204,2840,2092,1665,1254,295,44,11,1,2,0,34.6173,jumin_households_size_202212.csv
2022,2022-12,2818564000,인천광역시 연수구 옥련2동,인천광역시,연수구,옥련2동,pre_reform_code_preserved_district_not_reorganized,7871,2144,1980,1798,1528,346,60,11,1,2,1,27.2392,jumin_households_size_202212.csv
2022,2022-12,2818575000,인천광역시 연수구 선학동,인천광역시,연수구,선학동,pre_reform_code_preserved_district_not_reorganized,8079,3578,1972,1335,916,208,52,16,1,0,1,44.2877,jumin_households_size_202212.csv
2022,2022-12,2818576100,인천광역시 연수구 연수1동,인천광역시,연수구,연수1동,pre_reform_code_preserved_district_not_reorganized,9392,4772,1956,1346,996,259,45,16,1,0,1,50.8092,jumin_households_size_202212.csv
2022,2022-12,2818576200,인천광역시 연수구 연수2동,인천광역시,연수구,연수2동,pre_reform_code_preserved_district_not_reorganized,9782,4203,2344,1658,1238,272,47,14,4,0,2,42.9667,jumin_households_size_202212.csv
2022,2022-12,2818576300,인천광역시 연수구 연수3동,인천광역시,연수구,연수3동,pre_reform_code_preserved_district_not_reorganized,7343,2955,1867,1347,937,193,33,6,2,2,1,40.2424,jumin_households_size_202212.csv
2022,2022-12,2818576600,인천광역시 연수구 청학동,인천광역시,연수구,청학동,pre_reform_code_preserved_district_not_reorganized,12592,6272,2971,1878,1083,294,70,18,4,2,0,49.8094,jumin_households_size_202212.csv
2022,2022-12,2818578000,인천광역시 연수구 동춘1동,인천광역시,연수구,동춘1동,pre_reform_code_preserved_district_not_reorganized,9181,1809,2309,2460,2040,457,77,15,2,4,8,19.7037,jumin_households_size_202212.csv
2022,2022-12,2818579000,인천광역시 연수구 동춘2동,인천광역시,연수구,동춘2동,pre_reform_code_preserved_district_not_reorganized,6947,1611,1834,1722,1450,269,50,9,2,0,0,23.1899,jumin_households_size_202212.csv
2022,2022-12,2818579500,인천광역시 연수구 동춘3동,인천광역시,연수구,동춘3동,pre_reform_code_preserved_district_not_reorganized,5780,622,1138,1587,1853,482,70,22,5,1,0,10.7612,jumin_households_size_202212.csv
2022,2022-12,2818582000,인천광역시 연수구 송도1동,인천광역시,연수구,송도1동,pre_reform_code_preserved_district_not_reorganized,15241,5513,2442,3002,3258,777,180,51,13,3,2,36.1722,jumin_households_size_202212.csv
2022,2022-12,2818583000,인천광역시 연수구 송도2동,인천광역시,연수구,송도2동,pre_reform_code_preserved_district_not_reorganized,11868,1725,1917,3296,3888,856,135,31,13,4,3,14.5349,jumin_households_size_202212.csv
2022,2022-12,2818584000,인천광역시 연수구 송도3동,인천광역시,연수구,송도3동,pre_reform_code_preserved_district_not_reorganized,18917,5651,3327,4507,4466,822,100,27,8,5,4,29.8726,jumin_households_size_202212.csv
2022,2022-12,2818585000,인천광역시 연수구 송도4동,인천광역시,연수구,송도4동,pre_reform_code_preserved_district_not_reorganized,9954,2388,1772,2572,2656,482,61,13,7,1,2,23.9904,jumin_households_size_202212.csv
2022,2022-12,2818586000,인천광역시 연수구 송도5동,인천광역시,연수구,송도5동,pre_reform_code_preserved_district_not_reorganized,14896,3253,3345,4010,3550,634,79,17,5,2,1,21.8381,jumin_households_size_202212.csv
2022,2022-12,2820051000,인천광역시 남동구 구월1동,인천광역시,남동구,구월1동,pre_reform_code_preserved_district_not_reorganized,13159,4636,3045,2594,2227,548,87,15,5,1,1,35.2306,jumin_households_size_202212.csv
2022,2022-12,2820052000,인천광역시 남동구 구월2동,인천광역시,남동구,구월2동,pre_reform_code_preserved_district_not_reorganized,12886,2800,2933,3149,3120,714,131,31,6,1,1,21.7290,jumin_households_size_202212.csv
2022,2022-12,2820052100,인천광역시 남동구 구월3동,인천광역시,남동구,구월3동,pre_reform_code_preserved_district_not_reorganized,17846,11006,3379,1904,1214,278,50,7,5,3,0,61.6721,jumin_households_size_202212.csv
2022,2022-12,2820052200,인천광역시 남동구 구월4동,인천광역시,남동구,구월4동,pre_reform_code_preserved_district_not_reorganized,7823,4123,1934,973,605,146,27,12,2,1,0,52.7036,jumin_households_size_202212.csv
2022,2022-12,2820053000,인천광역시 남동구 간석1동,인천광역시,남동구,간석1동,pre_reform_code_preserved_district_not_reorganized,8751,3954,2184,1398,927,227,45,14,2,0,0,45.1834,jumin_households_size_202212.csv
2022,2022-12,2820054000,인천광역시 남동구 간석2동,인천광역시,남동구,간석2동,pre_reform_code_preserved_district_not_reorganized,9386,3451,2192,1828,1435,369,88,16,4,3,0,36.7675,jumin_households_size_202212.csv
2022,2022-12,2820055000,인천광역시 남동구 간석3동,인천광역시,남동구,간석3동,pre_reform_code_preserved_district_not_reorganized,12970,5512,3464,2162,1399,351,66,12,3,0,1,42.4981,jumin_households_size_202212.csv
2022,2022-12,2820055100,인천광역시 남동구 간석4동,인천광역시,남동구,간석4동,pre_reform_code_preserved_district_not_reorganized,13579,5614,3361,2416,1705,383,79,15,3,2,1,41.3433,jumin_households_size_202212.csv
2022,2022-12,2820056000,인천광역시 남동구 만수1동,인천광역시,남동구,만수1동,pre_reform_code_preserved_district_not_reorganized,8944,4476,2346,1261,674,152,33,0,2,0,0,50.0447,jumin_households_size_202212.csv
2022,2022-12,2820057000,인천광역시 남동구 만수2동,인천광역시,남동구,만수2동,pre_reform_code_preserved_district_not_reorganized,9770,2911,2649,2029,1671,413,74,18,3,1,1,29.7953,jumin_households_size_202212.csv
2022,2022-12,2820058000,인천광역시 남동구 만수3동,인천광역시,남동구,만수3동,pre_reform_code_preserved_district_not_reorganized,7382,2420,2003,1467,1134,286,55,13,1,2,1,32.7824,jumin_households_size_202212.csv
2022,2022-12,2820058100,인천광역시 남동구 만수4동,인천광역시,남동구,만수4동,pre_reform_code_preserved_district_not_reorganized,8985,3086,2553,1729,1324,240,40,11,2,0,0,34.3461,jumin_households_size_202212.csv
2022,2022-12,2820058200,인천광역시 남동구 만수5동,인천광역시,남동구,만수5동,pre_reform_code_preserved_district_not_reorganized,7732,3523,2111,1204,676,169,41,5,2,0,1,45.5639,jumin_households_size_202212.csv
2022,2022-12,2820058300,인천광역시 남동구 만수6동,인천광역시,남동구,만수6동,pre_reform_code_preserved_district_not_reorganized,10240,3557,2680,1987,1550,362,78,19,5,0,2,34.7363,jumin_households_size_202212.csv
2022,2022-12,2820065000,인천광역시 남동구 장수서창동,인천광역시,남동구,장수서창동,pre_reform_code_preserved_district_not_reorganized,7955,2350,2171,1563,1365,406,70,21,9,0,0,29.5412,jumin_households_size_202212.csv
2022,2022-12,2820065500,인천광역시 남동구 서창2동,인천광역시,남동구,서창2동,pre_reform_code_preserved_district_not_reorganized,15785,4946,3525,3246,3257,682,101,19,8,0,1,31.3335,jumin_households_size_202212.csv
2022,2022-12,2820066000,인천광역시 남동구 남촌도림동,인천광역시,남동구,남촌도림동,pre_reform_code_preserved_district_not_reorganized,9421,3550,2538,1682,1259,328,52,10,1,1,0,37.6818,jumin_households_size_202212.csv
2022,2022-12,2820069000,인천광역시 남동구 논현1동,인천광역시,남동구,논현1동,pre_reform_code_preserved_district_not_reorganized,13380,4631,3280,2446,2381,497,107,28,5,3,2,34.6114,jumin_households_size_202212.csv
2022,2022-12,2820070000,인천광역시 남동구 논현2동,인천광역시,남동구,논현2동,pre_reform_code_preserved_district_not_reorganized,15131,6192,3875,2469,1966,506,98,20,5,0,0,40.9226,jumin_households_size_202212.csv
2022,2022-12,2820071000,인천광역시 남동구 논현고잔동,인천광역시,남동구,논현고잔동,pre_reform_code_preserved_district_not_reorganized,15638,4376,3248,3341,3684,817,135,23,6,6,2,27.9831,jumin_households_size_202212.csv
2022,2022-12,2823751000,인천광역시 부평구 부평1동,인천광역시,부평구,부평1동,pre_reform_code_preserved_district_not_reorganized,16719,6820,4115,3031,2184,447,88,29,3,2,0,40.7919,jumin_households_size_202212.csv
2022,2022-12,2823752000,인천광역시 부평구 부평2동,인천광역시,부평구,부평2동,pre_reform_code_preserved_district_not_reorganized,7189,3223,1894,1081,769,161,45,11,2,1,2,44.8324,jumin_households_size_202212.csv
2022,2022-12,2823753000,인천광역시 부평구 부평3동,인천광역시,부평구,부평3동,pre_reform_code_preserved_district_not_reorganized,6247,2909,1548,1076,552,121,31,3,3,1,3,46.5664,jumin_households_size_202212.csv
2022,2022-12,2823754000,인천광역시 부평구 부평4동,인천광역시,부평구,부평4동,pre_reform_code_preserved_district_not_reorganized,18610,9077,4323,2870,1829,416,79,10,2,1,3,48.7749,jumin_households_size_202212.csv
2022,2022-12,2823755000,인천광역시 부평구 부평5동,인천광역시,부평구,부평5동,pre_reform_code_preserved_district_not_reorganized,15187,6812,3775,2530,1614,380,59,14,2,1,0,44.8542,jumin_households_size_202212.csv
2022,2022-12,2823756000,인천광역시 부평구 부평6동,인천광역시,부평구,부평6동,pre_reform_code_preserved_district_not_reorganized,7146,3199,1830,1175,738,164,31,4,1,1,3,44.7663,jumin_households_size_202212.csv
2022,2022-12,2823757000,인천광역시 부평구 산곡1동,인천광역시,부평구,산곡1동,pre_reform_code_preserved_district_not_reorganized,6343,2274,1700,1293,858,176,31,6,4,0,1,35.8505,jumin_households_size_202212.csv
2022,2022-12,2823758000,인천광역시 부평구 산곡2동,인천광역시,부평구,산곡2동,pre_reform_code_preserved_district_not_reorganized,10858,2088,2567,2668,2753,619,130,29,4,0,0,19.2301,jumin_households_size_202212.csv
2022,2022-12,2823758100,인천광역시 부평구 산곡3동,인천광역시,부평구,산곡3동,pre_reform_code_preserved_district_not_reorganized,8809,2612,2382,1858,1491,347,96,14,6,2,1,29.6515,jumin_households_size_202212.csv
2022,2022-12,2823758200,인천광역시 부평구 산곡4동,인천광역시,부평구,산곡4동,pre_reform_code_preserved_district_not_reorganized,6600,1559,1731,1561,1360,313,56,12,7,0,1,23.6212,jumin_households_size_202212.csv
2022,2022-12,2823759100,인천광역시 부평구 청천1동,인천광역시,부평구,청천1동,pre_reform_code_preserved_district_not_reorganized,3361,1528,886,521,320,86,17,0,3,0,0,45.4627,jumin_households_size_202212.csv
2022,2022-12,2823759200,인천광역시 부평구 청천2동,인천광역시,부평구,청천2동,pre_reform_code_preserved_district_not_reorganized,14676,4543,3882,3165,2446,509,97,27,7,0,0,30.9553,jumin_households_size_202212.csv
2022,2022-12,2823764100,인천광역시 부평구 갈산1동,인천광역시,부평구,갈산1동,pre_reform_code_preserved_district_not_reorganized,7373,2739,1952,1471,952,216,37,4,2,0,0,37.1491,jumin_households_size_202212.csv
2022,2022-12,2823764200,인천광역시 부평구 갈산2동,인천광역시,부평구,갈산2동,pre_reform_code_preserved_district_not_reorganized,8137,3089,2076,1465,1121,293,68,17,6,1,1,37.9624,jumin_households_size_202212.csv
2022,2022-12,2823764600,인천광역시 부평구 삼산1동,인천광역시,부평구,삼산1동,pre_reform_code_preserved_district_not_reorganized,13850,4579,3522,2825,2387,457,68,11,1,0,0,33.0614,jumin_households_size_202212.csv
2022,2022-12,2823764800,인천광역시 부평구 삼산2동,인천광역시,부평구,삼산2동,pre_reform_code_preserved_district_not_reorganized,10239,2122,2340,2422,2682,590,69,10,4,0,0,20.7247,jumin_households_size_202212.csv
2022,2022-12,2823765000,인천광역시 부평구 부개1동,인천광역시,부평구,부개1동,pre_reform_code_preserved_district_not_reorganized,8069,3419,2266,1297,827,200,46,10,3,0,1,42.3720,jumin_households_size_202212.csv
2022,2022-12,2823766000,인천광역시 부평구 부개2동,인천광역시,부평구,부개2동,pre_reform_code_preserved_district_not_reorganized,8391,2723,2208,1706,1383,301,57,11,2,0,0,32.4514,jumin_households_size_202212.csv
2022,2022-12,2823766100,인천광역시 부평구 부개3동,인천광역시,부평구,부개3동,pre_reform_code_preserved_district_not_reorganized,12286,3685,3107,2672,2302,426,74,15,3,2,0,29.9935,jumin_households_size_202212.csv
2022,2022-12,2823767000,인천광역시 부평구 일신동,인천광역시,부평구,일신동,pre_reform_code_preserved_district_not_reorganized,5150,1593,1433,1110,766,210,25,11,0,0,2,30.9320,jumin_households_size_202212.csv
2022,2022-12,2823768000,인천광역시 부평구 십정1동,인천광역시,부평구,십정1동,pre_reform_code_preserved_district_not_reorganized,11208,4135,3229,2113,1381,282,55,8,3,2,0,36.8933,jumin_households_size_202212.csv
2022,2022-12,2823769000,인천광역시 부평구 십정2동,인천광역시,부평구,십정2동,pre_reform_code_preserved_district_not_reorganized,11476,5648,2782,1626,1085,264,51,14,6,0,0,49.2158,jumin_households_size_202212.csv
2022,2022-12,2824560100,인천광역시 계양구 효성1동,인천광역시,계양구,효성1동,pre_reform_code_preserved_district_not_reorganized,11746,3843,3188,2412,1794,425,70,12,2,0,0,32.7175,jumin_households_size_202212.csv
2022,2022-12,2824560200,인천광역시 계양구 효성2동,인천광역시,계양구,효성2동,pre_reform_code_preserved_district_not_reorganized,11710,3394,3164,2593,2003,452,78,23,3,0,0,28.9838,jumin_households_size_202212.csv
2022,2022-12,2824561100,인천광역시 계양구 계산1동,인천광역시,계양구,계산1동,pre_reform_code_preserved_district_not_reorganized,9972,5094,2363,1394,892,182,39,7,1,0,0,51.0830,jumin_households_size_202212.csv
2022,2022-12,2824561200,인천광역시 계양구 계산2동,인천광역시,계양구,계산2동,pre_reform_code_preserved_district_not_reorganized,7841,3777,1945,1181,740,154,32,6,4,0,2,48.1699,jumin_households_size_202212.csv
2022,2022-12,2824561300,인천광역시 계양구 계산3동,인천광역시,계양구,계산3동,pre_reform_code_preserved_district_not_reorganized,8567,3222,2340,1640,1081,244,31,7,2,0,0,37.6094,jumin_households_size_202212.csv
2022,2022-12,2824561400,인천광역시 계양구 계산4동,인천광역시,계양구,계산4동,pre_reform_code_preserved_district_not_reorganized,9198,3154,1626,1871,2044,429,57,15,1,1,0,34.2901,jumin_households_size_202212.csv
2022,2022-12,2824562100,인천광역시 계양구 작전1동,인천광역시,계양구,작전1동,pre_reform_code_preserved_district_not_reorganized,11144,3274,2945,2429,2022,394,64,9,5,2,0,29.3790,jumin_households_size_202212.csv
2022,2022-12,2824562200,인천광역시 계양구 작전2동,인천광역시,계양구,작전2동,pre_reform_code_preserved_district_not_reorganized,8921,3457,2461,1647,1087,215,38,9,7,0,0,38.7513,jumin_households_size_202212.csv
2022,2022-12,2824564000,인천광역시 계양구 작전서운동,인천광역시,계양구,작전서운동,pre_reform_code_preserved_district_not_reorganized,14090,4375,3402,3042,2584,556,97,29,3,1,1,31.0504,jumin_households_size_202212.csv
2022,2022-12,2824571000,인천광역시 계양구 계양1동,인천광역시,계양구,계양1동,pre_reform_code_preserved_district_not_reorganized,8447,2669,2247,1741,1359,337,70,10,7,2,5,31.5970,jumin_households_size_202212.csv
2022,2022-12,2824572000,인천광역시 계양구 계양2동,인천광역시,계양구,계양2동,pre_reform_code_preserved_district_not_reorganized,15577,6683,4045,2666,1701,400,61,14,3,1,3,42.9030,jumin_households_size_202212.csv
2022,2022-12,2824573000,인천광역시 계양구 계양3동,인천광역시,계양구,계양3동,pre_reform_code_preserved_district_not_reorganized,9988,2784,2655,2147,1811,480,89,17,2,2,1,27.8734,jumin_households_size_202212.csv
2022,2022-12,2826051500,인천광역시 서구 검암경서동,인천광역시,서구,검암경서동,requires_2026_07_01_reform_crosswalk,20054,7605,4718,3777,3059,714,136,27,12,4,2,37.9226,jumin_households_size_202212.csv
2022,2022-12,2826053000,인천광역시 서구 연희동,인천광역시,서구,연희동,requires_2026_07_01_reform_crosswalk,18878,8154,4552,3214,2312,542,81,16,5,1,1,43.1931,jumin_households_size_202212.csv
2022,2022-12,2826053600,인천광역시 서구 청라1동,인천광역시,서구,청라1동,requires_2026_07_01_reform_crosswalk,11836,3457,2168,2702,2744,629,102,24,8,1,1,29.2075,jumin_households_size_202212.csv
2022,2022-12,2826053700,인천광역시 서구 청라2동,인천광역시,서구,청라2동,requires_2026_07_01_reform_crosswalk,17977,4821,3412,3983,4554,980,163,48,8,5,3,26.8176,jumin_households_size_202212.csv
2022,2022-12,2826053900,인천광역시 서구 청라3동,인천광역시,서구,청라3동,requires_2026_07_01_reform_crosswalk,12691,3316,2293,2976,3175,763,130,30,5,2,1,26.1288,jumin_households_size_202212.csv
2022,2022-12,2826054200,인천광역시 서구 가정1동,인천광역시,서구,가정1동,requires_2026_07_01_reform_crosswalk,15139,5069,3370,3225,2796,573,83,20,3,0,0,33.4831,jumin_households_size_202212.csv
2022,2022-12,2826054300,인천광역시 서구 가정2동,인천광역시,서구,가정2동,requires_2026_07_01_reform_crosswalk,2955,1172,816,528,358,61,17,3,0,0,0,39.6616,jumin_households_size_202212.csv
2022,2022-12,2826054400,인천광역시 서구 가정3동,인천광역시,서구,가정3동,requires_2026_07_01_reform_crosswalk,4341,1744,1127,786,529,121,29,2,3,0,0,40.1751,jumin_households_size_202212.csv
2022,2022-12,2826055000,인천광역시 서구 석남1동,인천광역시,서구,석남1동,requires_2026_07_01_reform_crosswalk,10786,4825,2788,1749,1067,298,45,13,0,1,0,44.7339,jumin_households_size_202212.csv
2022,2022-12,2826056000,인천광역시 서구 석남2동,인천광역시,서구,석남2동,requires_2026_07_01_reform_crosswalk,6058,2504,1690,1025,646,153,29,10,1,0,0,41.3338,jumin_households_size_202212.csv
2022,2022-12,2826056100,인천광역시 서구 석남3동,인천광역시,서구,석남3동,requires_2026_07_01_reform_crosswalk,6609,2877,1751,1098,677,174,21,7,2,1,1,43.5315,jumin_households_size_202212.csv
2022,2022-12,2826057500,인천광역시 서구 신현원창동,인천광역시,서구,신현원창동,requires_2026_07_01_reform_crosswalk,12807,4051,3260,2667,2179,529,93,19,7,0,2,31.6311,jumin_households_size_202212.csv
2022,2022-12,2826058000,인천광역시 서구 가좌1동,인천광역시,서구,가좌1동,requires_2026_07_01_reform_crosswalk,6485,2956,1737,1032,587,148,19,3,1,1,1,45.5821,jumin_households_size_202212.csv
2022,2022-12,2826059000,인천광역시 서구 가좌2동,인천광역시,서구,가좌2동,requires_2026_07_01_reform_crosswalk,7675,1929,2111,1779,1451,327,59,14,4,0,1,25.1336,jumin_households_size_202212.csv
2022,2022-12,2826060000,인천광역시 서구 가좌3동,인천광역시,서구,가좌3동,requires_2026_07_01_reform_crosswalk,8091,3452,2258,1343,844,156,32,4,1,1,0,42.6647,jumin_households_size_202212.csv
2022,2022-12,2826061000,인천광역시 서구 가좌4동,인천광역시,서구,가좌4동,requires_2026_07_01_reform_crosswalk,4778,1935,1238,881,576,122,19,5,2,0,0,40.4981,jumin_households_size_202212.csv
2022,2022-12,2826068000,인천광역시 서구 검단동,인천광역시,서구,검단동,requires_2026_07_01_reform_crosswalk,15144,6115,3492,2649,2214,552,105,14,3,0,0,40.3790,jumin_households_size_202212.csv
2022,2022-12,2826069000,인천광역시 서구 불로대곡동,인천광역시,서구,불로대곡동,requires_2026_07_01_reform_crosswalk,9783,3193,2371,1947,1759,417,77,13,5,1,0,32.6383,jumin_households_size_202212.csv
2022,2022-12,2826070000,인천광역시 서구 원당동,인천광역시,서구,원당동,requires_2026_07_01_reform_crosswalk,9690,3406,1945,1923,1844,475,79,13,2,1,2,35.1496,jumin_households_size_202212.csv
2022,2022-12,2826071000,인천광역시 서구 당하동,인천광역시,서구,당하동,requires_2026_07_01_reform_crosswalk,10714,3113,2360,2459,2214,461,77,22,7,0,1,29.0554,jumin_households_size_202212.csv
2022,2022-12,2826072000,인천광역시 서구 오류왕길동,인천광역시,서구,오류왕길동,requires_2026_07_01_reform_crosswalk,10257,3240,2442,2056,1935,453,108,14,3,3,3,31.5882,jumin_households_size_202212.csv
2022,2022-12,2826073000,인천광역시 서구 마전동,인천광역시,서구,마전동,requires_2026_07_01_reform_crosswalk,8201,2024,1775,1851,1855,552,106,32,4,1,1,24.6799,jumin_households_size_202212.csv
2022,2022-12,2826074000,인천광역시 서구 아라동,인천광역시,서구,아라동,requires_2026_07_01_reform_crosswalk,17792,4323,3838,4579,4164,758,100,25,4,0,1,24.2974,jumin_households_size_202212.csv
2022,2022-12,2871025000,인천광역시 강화군 강화읍,인천광역시,강화군,강화읍,pre_reform_code_preserved_district_not_reorganized,10697,4407,2984,1668,1110,383,106,24,7,5,3,41.1985,jumin_households_size_202212.csv
2022,2022-12,2871031000,인천광역시 강화군 선원면,인천광역시,강화군,선원면,pre_reform_code_preserved_district_not_reorganized,3634,1386,1090,542,414,148,47,2,4,0,1,38.1398,jumin_households_size_202212.csv
2022,2022-12,2871032000,인천광역시 강화군 불은면,인천광역시,강화군,불은면,pre_reform_code_preserved_district_not_reorganized,2757,1317,925,289,137,67,16,3,2,0,1,47.7693,jumin_households_size_202212.csv
2022,2022-12,2871033000,인천광역시 강화군 길상면,인천광역시,강화군,길상면,pre_reform_code_preserved_district_not_reorganized,3698,1659,1155,468,253,103,39,12,6,0,3,44.8621,jumin_households_size_202212.csv
2022,2022-12,2871034000,인천광역시 강화군 화도면,인천광역시,강화군,화도면,pre_reform_code_preserved_district_not_reorganized,2456,1195,792,242,135,56,27,6,2,0,1,48.6564,jumin_households_size_202212.csv
2022,2022-12,2871035000,인천광역시 강화군 양도면,인천광역시,강화군,양도면,pre_reform_code_preserved_district_not_reorganized,2221,981,781,269,100,64,15,7,1,0,3,44.1693,jumin_households_size_202212.csv
2022,2022-12,2871036000,인천광역시 강화군 내가면,인천광역시,강화군,내가면,pre_reform_code_preserved_district_not_reorganized,1676,785,594,177,77,19,19,4,0,1,0,46.8377,jumin_households_size_202212.csv
2022,2022-12,2871037000,인천광역시 강화군 하점면,인천광역시,강화군,하점면,pre_reform_code_preserved_district_not_reorganized,2099,940,720,264,96,42,22,9,4,0,2,44.7832,jumin_households_size_202212.csv
2022,2022-12,2871038000,인천광역시 강화군 양사면,인천광역시,강화군,양사면,pre_reform_code_preserved_district_not_reorganized,1025,497,331,116,48,19,12,1,0,0,1,48.4878,jumin_households_size_202212.csv
2022,2022-12,2871039000,인천광역시 강화군 송해면,인천광역시,강화군,송해면,pre_reform_code_preserved_district_not_reorganized,1680,711,598,199,106,45,17,1,2,1,0,42.3214,jumin_households_size_202212.csv
2022,2022-12,2871040000,인천광역시 강화군 교동면,인천광역시,강화군,교동면,pre_reform_code_preserved_district_not_reorganized,1565,743,547,172,65,26,9,3,0,0,0,47.4760,jumin_households_size_202212.csv
2022,2022-12,2871041000,인천광역시 강화군 삼산면,인천광역시,강화군,삼산면,pre_reform_code_preserved_district_not_reorganized,1212,599,389,144,47,25,4,3,0,0,1,49.4224,jumin_households_size_202212.csv
2022,2022-12,2871042000,인천광역시 강화군 서도면,인천광역시,강화군,서도면,pre_reform_code_preserved_district_not_reorganized,218,116,72,16,8,4,1,0,1,0,0,53.2110,jumin_households_size_202212.csv
2022,2022-12,2871042500,인천광역시 강화군 서도면볼음출장소,인천광역시,강화군,서도면볼음출장소,pre_reform_code_preserved_district_not_reorganized,176,108,51,8,8,1,0,0,0,0,0,61.3636,jumin_households_size_202212.csv
2022,2022-12,2872031000,인천광역시 옹진군 북도면,인천광역시,옹진군,북도면,pre_reform_code_preserved_district_not_reorganized,651,355,186,60,25,16,6,2,1,0,0,54.5315,jumin_households_size_202212.csv
2022,2022-12,2872031500,인천광역시 옹진군 북도면장봉출장소,인천광역시,옹진군,북도면장봉출장소,pre_reform_code_preserved_district_not_reorganized,539,288,165,56,21,5,1,0,1,0,2,53.4323,jumin_households_size_202212.csv
2022,2022-12,2872033000,인천광역시 옹진군 백령면,인천광역시,옹진군,백령면,pre_reform_code_preserved_district_not_reorganized,2987,1897,582,224,199,63,15,4,3,0,0,63.5085,jumin_households_size_202212.csv
2022,2022-12,2872034000,인천광역시 옹진군 대청면,인천광역시,옹진군,대청면,pre_reform_code_preserved_district_not_reorganized,777,500,177,53,32,10,3,1,1,0,0,64.3501,jumin_households_size_202212.csv
2022,2022-12,2872034500,인천광역시 옹진군 대청면소청출장소,인천광역시,옹진군,대청면소청출장소,pre_reform_code_preserved_district_not_reorganized,166,123,38,4,0,1,0,0,0,0,0,74.0964,jumin_households_size_202212.csv
2022,2022-12,2872035000,인천광역시 옹진군 덕적면,인천광역시,옹진군,덕적면,pre_reform_code_preserved_district_not_reorganized,1214,747,320,87,36,18,2,3,0,1,0,61.5321,jumin_households_size_202212.csv
2022,2022-12,2872036000,인천광역시 옹진군 영흥면,인천광역시,옹진군,영흥면,pre_reform_code_preserved_district_not_reorganized,3761,2092,927,408,229,74,22,7,2,0,0,55.6235,jumin_households_size_202212.csv
2022,2022-12,2872037000,인천광역시 옹진군 자월면,인천광역시,옹진군,자월면,pre_reform_code_preserved_district_not_reorganized,587,340,169,47,21,7,1,1,0,0,1,57.9216,jumin_households_size_202212.csv
2022,2022-12,2872037500,인천광역시 옹진군 자월면이작출장소,인천광역시,옹진군,자월면이작출장소,pre_reform_code_preserved_district_not_reorganized,229,133,61,21,10,4,0,0,0,0,0,58.0786,jumin_households_size_202212.csv
2022,2022-12,2872038000,인천광역시 옹진군 연평면,인천광역시,옹진군,연평면,pre_reform_code_preserved_district_not_reorganized,1512,1147,204,90,48,18,4,1,0,0,0,75.8598,jumin_households_size_202212.csv
2023,2023-12,2811052000,인천광역시 중구 연안동,인천광역시,중구,연안동,requires_2026_07_01_reform_crosswalk,3069,1707,735,346,202,66,11,2,0,0,0,55.6207,jumin_households_size_202312.csv
2023,2023-12,2811053000,인천광역시 중구 신포동,인천광역시,중구,신포동,requires_2026_07_01_reform_crosswalk,2503,1341,563,312,206,60,15,5,0,1,0,53.5757,jumin_households_size_202312.csv
2023,2023-12,2811054000,인천광역시 중구 신흥동,인천광역시,중구,신흥동,requires_2026_07_01_reform_crosswalk,6791,2919,1776,1090,735,215,45,5,5,1,0,42.9834,jumin_households_size_202312.csv
2023,2023-12,2811056000,인천광역시 중구 도원동,인천광역시,중구,도원동,requires_2026_07_01_reform_crosswalk,2020,1044,556,240,128,35,13,4,0,0,0,51.6832,jumin_households_size_202312.csv
2023,2023-12,2811057000,인천광역시 중구 율목동,인천광역시,중구,율목동,requires_2026_07_01_reform_crosswalk,1789,1070,423,185,83,21,6,1,0,0,0,59.8099,jumin_households_size_202312.csv
2023,2023-12,2811058500,인천광역시 중구 동인천동,인천광역시,중구,동인천동,requires_2026_07_01_reform_crosswalk,3235,1972,694,343,160,49,13,3,0,1,0,60.9583,jumin_households_size_202312.csv
2023,2023-12,2811061500,인천광역시 중구 개항동,인천광역시,중구,개항동,requires_2026_07_01_reform_crosswalk,3884,2083,989,479,252,64,14,3,0,0,0,53.6303,jumin_households_size_202312.csv
2023,2023-12,2811062000,인천광역시 중구 영종동,인천광역시,중구,영종동,requires_2026_07_01_reform_crosswalk,11844,5965,2732,1613,1150,314,52,11,4,0,3,50.3631,jumin_households_size_202312.csv
2023,2023-12,2811062200,인천광역시 중구 영종1동,인천광역시,중구,영종1동,requires_2026_07_01_reform_crosswalk,20885,6199,4611,4589,4263,998,171,38,10,3,3,29.6816,jumin_households_size_202312.csv
2023,2023-12,2811062800,인천광역시 중구 운서동,인천광역시,중구,운서동,requires_2026_07_01_reform_crosswalk,21113,13407,3153,2122,1825,468,90,34,7,5,2,63.5012,jumin_households_size_202312.csv
2023,2023-12,2811063000,인천광역시 중구 용유동,인천광역시,중구,용유동,requires_2026_07_01_reform_crosswalk,2387,1551,573,158,85,16,2,2,0,0,0,64.9770,jumin_households_size_202312.csv
2023,2023-12,2814051000,인천광역시 동구 만석동,인천광역시,동구,만석동,requires_2026_07_01_reform_crosswalk,3113,1345,827,473,366,77,18,5,1,0,1,43.2059,jumin_households_size_202312.csv
2023,2023-12,2814052500,인천광역시 동구 화수1.화평동,인천광역시,동구,화수1.화평동,requires_2026_07_01_reform_crosswalk,2790,1254,775,399,279,72,9,1,0,0,1,44.9462,jumin_households_size_202312.csv
2023,2023-12,2814053000,인천광역시 동구 화수2동,인천광역시,동구,화수2동,requires_2026_07_01_reform_crosswalk,3653,1693,1017,554,290,78,18,3,0,0,0,46.3455,jumin_households_size_202312.csv
2023,2023-12,2814055500,인천광역시 동구 송현1.2동,인천광역시,동구,송현1.2동,requires_2026_07_01_reform_crosswalk,4367,1477,1243,879,613,118,31,4,2,0,0,33.8218,jumin_households_size_202312.csv
2023,2023-12,2814057000,인천광역시 동구 송현3동,인천광역시,동구,송현3동,requires_2026_07_01_reform_crosswalk,1625,853,443,199,99,27,2,2,0,0,0,52.4923,jumin_households_size_202312.csv
2023,2023-12,2814058000,인천광역시 동구 송림1동,인천광역시,동구,송림1동,requires_2026_07_01_reform_crosswalk,2877,941,892,582,322,113,21,5,1,0,0,32.7077,jumin_households_size_202312.csv
2023,2023-12,2814059000,인천광역시 동구 송림2동,인천광역시,동구,송림2동,requires_2026_07_01_reform_crosswalk,884,551,196,82,43,9,1,1,1,0,0,62.3303,jumin_households_size_202312.csv
2023,2023-12,2814060500,인천광역시 동구 송림3.5동,인천광역시,동구,송림3.5동,requires_2026_07_01_reform_crosswalk,2519,930,652,486,352,80,15,2,2,0,0,36.9194,jumin_households_size_202312.csv
2023,2023-12,2814061000,인천광역시 동구 송림4동,인천광역시,동구,송림4동,requires_2026_07_01_reform_crosswalk,2515,704,717,590,395,90,17,2,0,0,0,27.9920,jumin_households_size_202312.csv
2023,2023-12,2814063000,인천광역시 동구 송림6동,인천광역시,동구,송림6동,requires_2026_07_01_reform_crosswalk,2488,837,668,494,362,97,26,1,2,1,0,33.6415,jumin_households_size_202312.csv
2023,2023-12,2814064000,인천광역시 동구 금창동,인천광역시,동구,금창동,requires_2026_07_01_reform_crosswalk,1260,662,339,146,82,20,10,0,1,0,0,52.5397,jumin_households_size_202312.csv
2023,2023-12,2817751000,인천광역시 미추홀구 숭의2동,인천광역시,미추홀구,숭의2동,pre_reform_code_preserved_district_not_reorganized,6682,2860,1784,1114,676,179,57,9,1,2,0,42.8016,jumin_households_size_202312.csv
2023,2023-12,2817752000,인천광역시 미추홀구 숭의1.3동,인천광역시,미추홀구,숭의1.3동,pre_reform_code_preserved_district_not_reorganized,7540,3115,2009,1338,850,190,32,4,2,0,0,41.3130,jumin_households_size_202312.csv
2023,2023-12,2817753000,인천광역시 미추홀구 숭의4동,인천광역시,미추홀구,숭의4동,pre_reform_code_preserved_district_not_reorganized,7357,3182,1967,1203,764,198,37,6,0,0,0,43.2513,jumin_households_size_202312.csv
2023,2023-12,2817754000,인천광역시 미추홀구 용현1.4동,인천광역시,미추홀구,용현1.4동,pre_reform_code_preserved_district_not_reorganized,10835,7087,2059,994,517,135,28,12,2,0,1,65.4084,jumin_households_size_202312.csv
2023,2023-12,2817755000,인천광역시 미추홀구 용현2동,인천광역시,미추홀구,용현2동,pre_reform_code_preserved_district_not_reorganized,9155,3746,2309,1670,1091,280,49,8,2,0,0,40.9175,jumin_households_size_202312.csv
2023,2023-12,2817756000,인천광역시 미추홀구 용현3동,인천광역시,미추홀구,용현3동,pre_reform_code_preserved_district_not_reorganized,4287,2524,1047,426,221,51,13,2,2,0,1,58.8757,jumin_households_size_202312.csv
2023,2023-12,2817757000,인천광역시 미추홀구 용현5동,인천광역시,미추홀구,용현5동,pre_reform_code_preserved_district_not_reorganized,19912,7291,4697,3758,3157,800,170,28,7,3,1,36.6161,jumin_households_size_202312.csv
2023,2023-12,2817758000,인천광역시 미추홀구 학익1동,인천광역시,미추홀구,학익1동,pre_reform_code_preserved_district_not_reorganized,11927,3616,2963,2476,2186,522,127,28,4,4,1,30.3178,jumin_households_size_202312.csv
2023,2023-12,2817759000,인천광역시 미추홀구 학익2동,인천광역시,미추홀구,학익2동,pre_reform_code_preserved_district_not_reorganized,8132,3031,2269,1482,1024,267,43,14,0,2,0,37.2725,jumin_households_size_202312.csv
2023,2023-12,2817760000,인천광역시 미추홀구 도화1동,인천광역시,미추홀구,도화1동,pre_reform_code_preserved_district_not_reorganized,10355,4496,2767,1717,1028,282,48,16,1,0,0,43.4186,jumin_households_size_202312.csv
2023,2023-12,2817761000,인천광역시 미추홀구 도화2.3동,인천광역시,미추홀구,도화2.3동,pre_reform_code_preserved_district_not_reorganized,14035,5303,3480,2706,1987,468,74,10,3,0,4,37.7841,jumin_households_size_202312.csv
2023,2023-12,2817762000,인천광역시 미추홀구 주안1동,인천광역시,미추홀구,주안1동,pre_reform_code_preserved_district_not_reorganized,11859,7226,2457,1308,663,162,31,7,3,1,1,60.9326,jumin_households_size_202312.csv
2023,2023-12,2817763000,인천광역시 미추홀구 주안2동,인천광역시,미추홀구,주안2동,pre_reform_code_preserved_district_not_reorganized,10876,4684,3085,1786,1034,224,50,7,3,2,1,43.0673,jumin_households_size_202312.csv
2023,2023-12,2817764000,인천광역시 미추홀구 주안3동,인천광역시,미추홀구,주안3동,pre_reform_code_preserved_district_not_reorganized,6174,2833,1606,958,612,132,29,3,0,1,0,45.8860,jumin_households_size_202312.csv
2023,2023-12,2817765000,인천광역시 미추홀구 주안4동,인천광역시,미추홀구,주안4동,pre_reform_code_preserved_district_not_reorganized,8659,3722,2282,1489,934,188,35,9,0,0,0,42.9842,jumin_households_size_202312.csv
2023,2023-12,2817766000,인천광역시 미추홀구 주안5동,인천광역시,미추홀구,주안5동,pre_reform_code_preserved_district_not_reorganized,10080,4665,2640,1558,965,219,27,2,2,0,2,46.2798,jumin_households_size_202312.csv
2023,2023-12,2817767000,인천광역시 미추홀구 주안6동,인천광역시,미추홀구,주안6동,pre_reform_code_preserved_district_not_reorganized,9984,4266,2452,1667,1240,281,59,14,3,2,0,42.7284,jumin_households_size_202312.csv
2023,2023-12,2817768000,인천광역시 미추홀구 주안7동,인천광역시,미추홀구,주안7동,pre_reform_code_preserved_district_not_reorganized,5867,2647,1624,881,561,113,28,11,2,0,0,45.1168,jumin_households_size_202312.csv
2023,2023-12,2817769000,인천광역시 미추홀구 주안8동,인천광역시,미추홀구,주안8동,pre_reform_code_preserved_district_not_reorganized,8959,3389,2496,1621,1121,270,47,10,4,0,1,37.8279,jumin_households_size_202312.csv
2023,2023-12,2817770000,인천광역시 미추홀구 관교동,인천광역시,미추홀구,관교동,pre_reform_code_preserved_district_not_reorganized,6250,2129,1744,1187,892,230,53,13,1,1,0,34.0640,jumin_households_size_202312.csv
2023,2023-12,2817771000,인천광역시 미추홀구 문학동,인천광역시,미추홀구,문학동,pre_reform_code_preserved_district_not_reorganized,7682,4265,1637,903,637,188,41,5,5,0,1,55.5194,jumin_households_size_202312.csv
2023,2023-12,2818563000,인천광역시 연수구 옥련1동,인천광역시,연수구,옥련1동,pre_reform_code_preserved_district_not_reorganized,7881,2803,2062,1545,1137,286,38,5,3,1,1,35.5666,jumin_households_size_202312.csv
2023,2023-12,2818564000,인천광역시 연수구 옥련2동,인천광역시,연수구,옥련2동,pre_reform_code_preserved_district_not_reorganized,7748,2175,1964,1790,1425,324,54,12,2,0,2,28.0718,jumin_households_size_202312.csv
2023,2023-12,2818575000,인천광역시 연수구 선학동,인천광역시,연수구,선학동,pre_reform_code_preserved_district_not_reorganized,8670,3809,2132,1490,956,216,54,10,3,0,0,43.9331,jumin_households_size_202312.csv
2023,2023-12,2818576100,인천광역시 연수구 연수1동,인천광역시,연수구,연수1동,pre_reform_code_preserved_district_not_reorganized,9026,4687,1875,1274,907,226,39,15,2,0,1,51.9278,jumin_households_size_202312.csv
2023,2023-12,2818576200,인천광역시 연수구 연수2동,인천광역시,연수구,연수2동,pre_reform_code_preserved_district_not_reorganized,9672,4371,2272,1557,1158,255,44,11,2,1,1,45.1923,jumin_households_size_202312.csv
2023,2023-12,2818576300,인천광역시 연수구 연수3동,인천광역시,연수구,연수3동,pre_reform_code_preserved_district_not_reorganized,7195,2977,1845,1299,843,186,31,8,2,4,0,41.3760,jumin_households_size_202312.csv
2023,2023-12,2818576600,인천광역시 연수구 청학동,인천광역시,연수구,청학동,pre_reform_code_preserved_district_not_reorganized,12201,6170,2942,1754,974,270,62,21,5,2,1,50.5696,jumin_households_size_202312.csv
2023,2023-12,2818578000,인천광역시 연수구 동춘1동,인천광역시,연수구,동춘1동,pre_reform_code_preserved_district_not_reorganized,9028,1807,2382,2357,1964,417,77,12,1,4,7,20.0155,jumin_households_size_202312.csv
2023,2023-12,2818579000,인천광역시 연수구 동춘2동,인천광역시,연수구,동춘2동,pre_reform_code_preserved_district_not_reorganized,6859,1666,1849,1708,1340,243,45,6,2,0,0,24.2893,jumin_households_size_202312.csv
2023,2023-12,2818579500,인천광역시 연수구 동춘3동,인천광역시,연수구,동춘3동,pre_reform_code_preserved_district_not_reorganized,5771,630,1205,1585,1769,478,74,26,3,1,0,10.9167,jumin_households_size_202312.csv
2023,2023-12,2818582000,인천광역시 연수구 송도1동,인천광역시,연수구,송도1동,pre_reform_code_preserved_district_not_reorganized,15447,5707,2550,3059,3136,755,171,49,13,5,2,36.9457,jumin_households_size_202312.csv
2023,2023-12,2818583000,인천광역시 연수구 송도2동,인천광역시,연수구,송도2동,pre_reform_code_preserved_district_not_reorganized,12036,1770,2026,3396,3821,848,117,39,9,5,5,14.7059,jumin_households_size_202312.csv
2023,2023-12,2818584000,인천광역시 연수구 송도3동,인천광역시,연수구,송도3동,pre_reform_code_preserved_district_not_reorganized,18962,5654,3479,4572,4297,803,106,32,9,6,4,29.8175,jumin_households_size_202312.csv
2023,2023-12,2818585000,인천광역시 연수구 송도4동,인천광역시,연수구,송도4동,pre_reform_code_preserved_district_not_reorganized,12033,2740,2266,3174,3176,575,82,14,5,0,1,22.7707,jumin_households_size_202312.csv
2023,2023-12,2818586000,인천광역시 연수구 송도5동,인천광역시,연수구,송도5동,pre_reform_code_preserved_district_not_reorganized,17376,3850,4043,4690,3959,710,89,25,8,1,1,22.1570,jumin_households_size_202312.csv
2023,2023-12,2820051000,인천광역시 남동구 구월1동,인천광역시,남동구,구월1동,pre_reform_code_preserved_district_not_reorganized,13941,5394,3272,2552,2118,518,69,12,4,1,1,38.6916,jumin_households_size_202312.csv
2023,2023-12,2820052000,인천광역시 남동구 구월2동,인천광역시,남동구,구월2동,pre_reform_code_preserved_district_not_reorganized,13221,2939,3109,3288,3018,701,128,29,6,1,2,22.2298,jumin_households_size_202312.csv
2023,2023-12,2820052100,인천광역시 남동구 구월3동,인천광역시,남동구,구월3동,pre_reform_code_preserved_district_not_reorganized,17365,10858,3301,1797,1096,243,55,12,2,1,0,62.5281,jumin_households_size_202312.csv
2023,2023-12,2820052200,인천광역시 남동구 구월4동,인천광역시,남동구,구월4동,pre_reform_code_preserved_district_not_reorganized,7560,4110,1850,916,519,130,25,8,2,0,0,54.3651,jumin_households_size_202312.csv
2023,2023-12,2820053000,인천광역시 남동구 간석1동,인천광역시,남동구,간석1동,pre_reform_code_preserved_district_not_reorganized,8505,3945,2148,1319,833,209,39,11,0,0,1,46.3845,jumin_households_size_202312.csv
2023,2023-12,2820054000,인천광역시 남동구 간석2동,인천광역시,남동구,간석2동,pre_reform_code_preserved_district_not_reorganized,9123,3422,2128,1762,1361,345,80,19,2,4,0,37.5096,jumin_households_size_202312.csv
2023,2023-12,2820055000,인천광역시 남동구 간석3동,인천광역시,남동구,간석3동,pre_reform_code_preserved_district_not_reorganized,12717,5575,3333,2103,1310,308,64,18,4,1,1,43.8390,jumin_households_size_202312.csv
2023,2023-12,2820055100,인천광역시 남동구 간석4동,인천광역시,남동구,간석4동,pre_reform_code_preserved_district_not_reorganized,13449,5678,3377,2369,1575,353,74,16,4,3,0,42.2188,jumin_households_size_202312.csv
2023,2023-12,2820056000,인천광역시 남동구 만수1동,인천광역시,남동구,만수1동,pre_reform_code_preserved_district_not_reorganized,8760,4551,2241,1170,633,131,26,5,2,1,0,51.9521,jumin_households_size_202312.csv
2023,2023-12,2820057000,인천광역시 남동구 만수2동,인천광역시,남동구,만수2동,pre_reform_code_preserved_district_not_reorganized,9624,2963,2646,1955,1571,393,72,17,5,2,0,30.7876,jumin_households_size_202312.csv
2023,2023-12,2820058000,인천광역시 남동구 만수3동,인천광역시,남동구,만수3동,pre_reform_code_preserved_district_not_reorganized,7162,2373,1968,1436,1052,265,56,9,1,1,1,33.1332,jumin_households_size_202312.csv
2023,2023-12,2820058100,인천광역시 남동구 만수4동,인천광역시,남동구,만수4동,pre_reform_code_preserved_district_not_reorganized,8817,3193,2509,1688,1185,197,34,9,2,0,0,36.2141,jumin_households_size_202312.csv
2023,2023-12,2820058200,인천광역시 남동구 만수5동,인천광역시,남동구,만수5동,pre_reform_code_preserved_district_not_reorganized,7531,3522,2049,1146,610,156,38,7,2,0,1,46.7667,jumin_households_size_202312.csv
2023,2023-12,2820058300,인천광역시 남동구 만수6동,인천광역시,남동구,만수6동,pre_reform_code_preserved_district_not_reorganized,10066,3591,2721,1914,1422,322,74,16,4,0,2,35.6745,jumin_households_size_202312.csv
2023,2023-12,2820065000,인천광역시 남동구 장수서창동,인천광역시,남동구,장수서창동,pre_reform_code_preserved_district_not_reorganized,7840,2365,2162,1567,1274,380,60,24,8,0,0,30.1658,jumin_households_size_202312.csv
2023,2023-12,2820065500,인천광역시 남동구 서창2동,인천광역시,남동구,서창2동,pre_reform_code_preserved_district_not_reorganized,15555,4949,3542,3181,3130,625,101,20,6,1,0,31.8161,jumin_households_size_202312.csv
2023,2023-12,2820066000,인천광역시 남동구 남촌도림동,인천광역시,남동구,남촌도림동,pre_reform_code_preserved_district_not_reorganized,9267,3575,2535,1653,1135,305,51,11,0,2,0,38.5777,jumin_households_size_202312.csv
2023,2023-12,2820069000,인천광역시 남동구 논현1동,인천광역시,남동구,논현1동,pre_reform_code_preserved_district_not_reorganized,13280,4688,3326,2432,2191,492,113,27,6,3,2,35.3012,jumin_households_size_202312.csv
2023,2023-12,2820070000,인천광역시 남동구 논현2동,인천광역시,남동구,논현2동,pre_reform_code_preserved_district_not_reorganized,14980,6361,3887,2365,1807,441,94,18,6,0,1,42.4633,jumin_households_size_202312.csv
2023,2023-12,2820071000,인천광역시 남동구 논현고잔동,인천광역시,남동구,논현고잔동,pre_reform_code_preserved_district_not_reorganized,15505,4365,3336,3373,3521,763,115,21,4,6,1,28.1522,jumin_households_size_202312.csv
2023,2023-12,2823751000,인천광역시 부평구 부평1동,인천광역시,부평구,부평1동,pre_reform_code_preserved_district_not_reorganized,16924,7389,4127,2913,1980,399,80,26,8,2,0,43.6599,jumin_households_size_202312.csv
2023,2023-12,2823752000,인천광역시 부평구 부평2동,인천광역시,부평구,부평2동,pre_reform_code_preserved_district_not_reorganized,7300,3300,1939,1117,727,165,41,6,3,0,2,45.2055,jumin_households_size_202312.csv
2023,2023-12,2823753000,인천광역시 부평구 부평3동,인천광역시,부평구,부평3동,pre_reform_code_preserved_district_not_reorganized,7390,3266,1901,1315,720,140,37,4,4,0,3,44.1949,jumin_households_size_202312.csv
2023,2023-12,2823754000,인천광역시 부평구 부평4동,인천광역시,부평구,부평4동,pre_reform_code_preserved_district_not_reorganized,18054,9054,4250,2626,1654,379,74,11,3,2,1,50.1496,jumin_households_size_202312.csv
2023,2023-12,2823755000,인천광역시 부평구 부평5동,인천광역시,부평구,부평5동,pre_reform_code_preserved_district_not_reorganized,16410,7250,4108,2739,1819,412,69,12,0,1,0,44.1804,jumin_households_size_202312.csv
2023,2023-12,2823756000,인천광역시 부평구 부평6동,인천광역시,부평구,부평6동,pre_reform_code_preserved_district_not_reorganized,7304,3269,1908,1194,734,157,30,6,2,1,3,44.7563,jumin_households_size_202312.csv
2023,2023-12,2823757000,인천광역시 부평구 산곡1동,인천광역시,부평구,산곡1동,pre_reform_code_preserved_district_not_reorganized,6509,2162,1818,1407,899,177,37,6,2,0,1,33.2155,jumin_households_size_202312.csv
2023,2023-12,2823758000,인천광역시 부평구 산곡2동,인천광역시,부평구,산곡2동,pre_reform_code_preserved_district_not_reorganized,10737,2072,2685,2690,2554,586,114,29,5,1,1,19.2978,jumin_households_size_202312.csv
2023,2023-12,2823758100,인천광역시 부평구 산곡3동,인천광역시,부평구,산곡3동,pre_reform_code_preserved_district_not_reorganized,8619,2639,2374,1820,1344,339,79,15,7,1,1,30.6184,jumin_households_size_202312.csv
2023,2023-12,2823758200,인천광역시 부평구 산곡4동,인천광역시,부평구,산곡4동,pre_reform_code_preserved_district_not_reorganized,6522,1627,1745,1535,1256,285,50,18,6,0,0,24.9463,jumin_households_size_202312.csv
2023,2023-12,2823759100,인천광역시 부평구 청천1동,인천광역시,부평구,청천1동,pre_reform_code_preserved_district_not_reorganized,7634,2549,2131,1701,1059,165,26,0,3,0,0,33.3901,jumin_households_size_202312.csv
2023,2023-12,2823759200,인천광역시 부평구 청천2동,인천광역시,부평구,청천2동,pre_reform_code_preserved_district_not_reorganized,14381,4683,3879,2990,2249,467,85,24,3,1,0,32.5638,jumin_households_size_202312.csv
2023,2023-12,2823764100,인천광역시 부평구 갈산1동,인천광역시,부평구,갈산1동,pre_reform_code_preserved_district_not_reorganized,7126,2739,1884,1402,875,187,33,4,2,0,0,38.4367,jumin_households_size_202312.csv
2023,2023-12,2823764200,인천광역시 부평구 갈산2동,인천광역시,부평구,갈산2동,pre_reform_code_preserved_district_not_reorganized,8104,3252,2055,1387,1057,270,60,14,6,1,2,40.1283,jumin_households_size_202312.csv
2023,2023-12,2823764600,인천광역시 부평구 삼산1동,인천광역시,부평구,삼산1동,pre_reform_code_preserved_district_not_reorganized,14278,4925,3698,2847,2317,410,71,10,0,0,0,34.4936,jumin_households_size_202312.csv
2023,2023-12,2823764800,인천광역시 부평구 삼산2동,인천광역시,부평구,삼산2동,pre_reform_code_preserved_district_not_reorganized,10191,2159,2451,2409,2547,549,62,8,6,0,0,21.1854,jumin_households_size_202312.csv
2023,2023-12,2823765000,인천광역시 부평구 부개1동,인천광역시,부평구,부개1동,pre_reform_code_preserved_district_not_reorganized,7856,3420,2218,1221,766,179,37,9,4,1,1,43.5336,jumin_households_size_202312.csv
2023,2023-12,2823766000,인천광역시 부평구 부개2동,인천광역시,부평구,부개2동,pre_reform_code_preserved_district_not_reorganized,8300,2794,2211,1693,1270,270,50,10,2,0,0,33.6627,jumin_households_size_202312.csv
2023,2023-12,2823766100,인천광역시 부평구 부개3동,인천광역시,부평구,부개3동,pre_reform_code_preserved_district_not_reorganized,12122,3843,3168,2586,2058,381,67,15,3,1,0,31.7027,jumin_households_size_202312.csv
2023,2023-12,2823767000,인천광역시 부평구 일신동,인천광역시,부평구,일신동,pre_reform_code_preserved_district_not_reorganized,5043,1613,1472,996,735,193,24,8,0,0,2,31.9849,jumin_households_size_202312.csv
2023,2023-12,2823768000,인천광역시 부평구 십정1동,인천광역시,부평구,십정1동,pre_reform_code_preserved_district_not_reorganized,11296,4045,3366,2196,1345,279,54,8,1,2,0,35.8091,jumin_households_size_202312.csv
2023,2023-12,2823769000,인천광역시 부평구 십정2동,인천광역시,부평구,십정2동,pre_reform_code_preserved_district_not_reorganized,11171,5609,2750,1528,975,242,51,12,2,1,1,50.2104,jumin_households_size_202312.csv
2023,2023-12,2824560100,인천광역시 계양구 효성1동,인천광역시,계양구,효성1동,pre_reform_code_preserved_district_not_reorganized,11617,3853,3245,2376,1666,390,73,12,2,0,0,33.1669,jumin_households_size_202312.csv
2023,2023-12,2824560200,인천광역시 계양구 효성2동,인천광역시,계양구,효성2동,pre_reform_code_preserved_district_not_reorganized,11469,3410,3250,2455,1844,411,75,21,3,0,0,29.7323,jumin_households_size_202312.csv
2023,2023-12,2824561100,인천광역시 계양구 계산1동,인천광역시,계양구,계산1동,pre_reform_code_preserved_district_not_reorganized,9680,5039,2308,1320,805,166,36,5,1,0,0,52.0558,jumin_households_size_202312.csv
2023,2023-12,2824561200,인천광역시 계양구 계산2동,인천광역시,계양구,계산2동,pre_reform_code_preserved_district_not_reorganized,7627,3730,1949,1112,654,137,34,6,4,0,1,48.9052,jumin_households_size_202312.csv
2023,2023-12,2824561300,인천광역시 계양구 계산3동,인천광역시,계양구,계산3동,pre_reform_code_preserved_district_not_reorganized,8447,3298,2313,1591,985,218,30,10,2,0,0,39.0434,jumin_households_size_202312.csv
2023,2023-12,2824561400,인천광역시 계양구 계산4동,인천광역시,계양구,계산4동,pre_reform_code_preserved_district_not_reorganized,9222,3196,1744,1867,1949,398,48,16,4,0,0,34.6563,jumin_households_size_202312.csv
2023,2023-12,2824562100,인천광역시 계양구 작전1동,인천광역시,계양구,작전1동,pre_reform_code_preserved_district_not_reorganized,10980,3383,2918,2358,1886,362,59,9,1,4,0,30.8106,jumin_households_size_202312.csv
2023,2023-12,2824562200,인천광역시 계양구 작전2동,인천광역시,계양구,작전2동,pre_reform_code_preserved_district_not_reorganized,8735,3506,2434,1558,996,188,40,7,4,2,0,40.1374,jumin_households_size_202312.csv
2023,2023-12,2824564000,인천광역시 계양구 작전서운동,인천광역시,계양구,작전서운동,pre_reform_code_preserved_district_not_reorganized,13938,4517,3385,2997,2427,489,93,25,3,1,1,32.4078,jumin_households_size_202312.csv
2023,2023-12,2824571000,인천광역시 계양구 계양1동,인천광역시,계양구,계양1동,pre_reform_code_preserved_district_not_reorganized,8261,2683,2236,1718,1233,309,60,11,5,1,5,32.4779,jumin_households_size_202312.csv
2023,2023-12,2824572000,인천광역시 계양구 계양2동,인천광역시,계양구,계양2동,pre_reform_code_preserved_district_not_reorganized,15853,6992,4118,2640,1658,369,56,16,1,0,3,44.1052,jumin_households_size_202312.csv
2023,2023-12,2824573000,인천광역시 계양구 계양3동,인천광역시,계양구,계양3동,pre_reform_code_preserved_district_not_reorganized,9811,2866,2607,2112,1669,455,81,16,3,1,1,29.2121,jumin_households_size_202312.csv
2023,2023-12,2826051500,인천광역시 서구 검암경서동,인천광역시,서구,검암경서동,requires_2026_07_01_reform_crosswalk,23807,8647,5848,4739,3575,802,152,30,8,4,2,36.3213,jumin_households_size_202312.csv
2023,2023-12,2826053000,인천광역시 서구 연희동,인천광역시,서구,연희동,requires_2026_07_01_reform_crosswalk,18540,8324,4533,3025,2068,498,70,17,3,2,0,44.8975,jumin_households_size_202312.csv
2023,2023-12,2826053600,인천광역시 서구 청라1동,인천광역시,서구,청라1동,requires_2026_07_01_reform_crosswalk,11818,3563,2236,2686,2620,585,99,20,6,2,1,30.1489,jumin_households_size_202312.csv
2023,2023-12,2826053700,인천광역시 서구 청라2동,인천광역시,서구,청라2동,requires_2026_07_01_reform_crosswalk,17926,4901,3476,4000,4379,940,169,44,10,4,3,27.3402,jumin_households_size_202312.csv
2023,2023-12,2826053900,인천광역시 서구 청라3동,인천광역시,서구,청라3동,requires_2026_07_01_reform_crosswalk,13571,4051,2438,3006,3149,771,121,25,6,0,4,29.8504,jumin_households_size_202312.csv
2023,2023-12,2826054200,인천광역시 서구 가정1동,인천광역시,서구,가정1동,requires_2026_07_01_reform_crosswalk,17392,5851,3982,3681,3153,622,81,17,4,1,0,33.6419,jumin_households_size_202312.csv
2023,2023-12,2826054300,인천광역시 서구 가정2동,인천광역시,서구,가정2동,requires_2026_07_01_reform_crosswalk,7103,2217,1761,1633,1236,216,33,6,1,0,0,31.2122,jumin_households_size_202312.csv
2023,2023-12,2826054400,인천광역시 서구 가정3동,인천광역시,서구,가정3동,requires_2026_07_01_reform_crosswalk,4190,1722,1119,724,470,124,28,2,1,0,0,41.0979,jumin_households_size_202312.csv
2023,2023-12,2826055000,인천광역시 서구 석남1동,인천광역시,서구,석남1동,requires_2026_07_01_reform_crosswalk,10442,4760,2770,1635,965,256,46,9,0,1,0,45.5851,jumin_households_size_202312.csv
2023,2023-12,2826056000,인천광역시 서구 석남2동,인천광역시,서구,석남2동,requires_2026_07_01_reform_crosswalk,5875,2450,1661,989,593,148,24,8,1,0,1,41.7021,jumin_households_size_202312.csv
2023,2023-12,2826056100,인천광역시 서구 석남3동,인천광역시,서구,석남3동,requires_2026_07_01_reform_crosswalk,6314,2784,1728,1049,570,151,25,4,2,0,1,44.0925,jumin_households_size_202312.csv
2023,2023-12,2826057500,인천광역시 서구 신현원창동,인천광역시,서구,신현원창동,requires_2026_07_01_reform_crosswalk,12580,4007,3339,2613,2039,472,85,17,5,2,1,31.8521,jumin_households_size_202312.csv
2023,2023-12,2826058000,인천광역시 서구 가좌1동,인천광역시,서구,가좌1동,requires_2026_07_01_reform_crosswalk,6574,3118,1789,991,518,135,17,4,0,1,1,47.4293,jumin_households_size_202312.csv
2023,2023-12,2826059000,인천광역시 서구 가좌2동,인천광역시,서구,가좌2동,requires_2026_07_01_reform_crosswalk,7501,2031,2087,1696,1291,315,62,14,3,1,1,27.0764,jumin_households_size_202312.csv
2023,2023-12,2826060000,인천광역시 서구 가좌3동,인천광역시,서구,가좌3동,requires_2026_07_01_reform_crosswalk,7891,3486,2254,1230,754,136,24,4,2,1,0,44.1769,jumin_households_size_202312.csv
2023,2023-12,2826061000,인천광역시 서구 가좌4동,인천광역시,서구,가좌4동,requires_2026_07_01_reform_crosswalk,5634,2245,1542,1053,637,132,20,3,2,0,0,39.8474,jumin_households_size_202312.csv
2023,2023-12,2826068000,인천광역시 서구 검단동,인천광역시,서구,검단동,requires_2026_07_01_reform_crosswalk,14995,6267,3465,2578,2061,515,85,19,5,0,0,41.7939,jumin_households_size_202312.csv
2023,2023-12,2826069000,인천광역시 서구 불로대곡동,인천광역시,서구,불로대곡동,requires_2026_07_01_reform_crosswalk,9756,3213,2418,1946,1691,391,78,13,6,0,0,32.9336,jumin_households_size_202312.csv
2023,2023-12,2826070000,인천광역시 서구 원당동,인천광역시,서구,원당동,requires_2026_07_01_reform_crosswalk,9562,3431,1980,1888,1733,437,74,14,3,2,0,35.8816,jumin_households_size_202312.csv
2023,2023-12,2826071000,인천광역시 서구 당하동,인천광역시,서구,당하동,requires_2026_07_01_reform_crosswalk,12030,3937,2883,2542,2129,431,85,15,7,0,1,32.7265,jumin_households_size_202312.csv
2023,2023-12,2826072000,인천광역시 서구 오류왕길동,인천광역시,서구,오류왕길동,requires_2026_07_01_reform_crosswalk,10023,3228,2393,2039,1808,457,80,13,2,0,3,32.2059,jumin_households_size_202312.csv
2023,2023-12,2826073000,인천광역시 서구 마전동,인천광역시,서구,마전동,requires_2026_07_01_reform_crosswalk,8101,2037,1835,1802,1768,524,103,24,4,3,1,25.1450,jumin_households_size_202312.csv
2023,2023-12,2826074000,인천광역시 서구 아라동,인천광역시,서구,아라동,requires_2026_07_01_reform_crosswalk,24543,5518,5550,6452,5768,1066,155,27,6,1,0,22.4830,jumin_households_size_202312.csv
2023,2023-12,2871025000,인천광역시 강화군 강화읍,인천광역시,강화군,강화읍,pre_reform_code_preserved_district_not_reorganized,10669,4498,2988,1614,1062,368,101,23,10,2,3,42.1595,jumin_households_size_202312.csv
2023,2023-12,2871031000,인천광역시 강화군 선원면,인천광역시,강화군,선원면,pre_reform_code_preserved_district_not_reorganized,3646,1395,1090,548,411,152,43,6,1,0,0,38.2611,jumin_households_size_202312.csv
2023,2023-12,2871032000,인천광역시 강화군 불은면,인천광역시,강화군,불은면,pre_reform_code_preserved_district_not_reorganized,2772,1336,927,291,131,60,19,4,3,0,1,48.1962,jumin_households_size_202312.csv
2023,2023-12,2871033000,인천광역시 강화군 길상면,인천광역시,강화군,길상면,pre_reform_code_preserved_district_not_reorganized,3662,1634,1144,498,231,103,33,10,6,1,2,44.6204,jumin_households_size_202312.csv
2023,2023-12,2871034000,인천광역시 강화군 화도면,인천광역시,강화군,화도면,pre_reform_code_preserved_district_not_reorganized,2475,1223,777,262,123,56,28,4,1,0,1,49.4141,jumin_households_size_202312.csv
2023,2023-12,2871035000,인천광역시 강화군 양도면,인천광역시,강화군,양도면,pre_reform_code_preserved_district_not_reorganized,2205,981,779,267,108,44,16,6,1,1,2,44.4898,jumin_households_size_202312.csv
2023,2023-12,2871036000,인천광역시 강화군 내가면,인천광역시,강화군,내가면,pre_reform_code_preserved_district_not_reorganized,1653,776,580,176,76,22,15,5,1,2,0,46.9449,jumin_households_size_202312.csv
2023,2023-12,2871037000,인천광역시 강화군 하점면,인천광역시,강화군,하점면,pre_reform_code_preserved_district_not_reorganized,2085,937,736,236,101,39,26,5,2,1,2,44.9400,jumin_households_size_202312.csv
2023,2023-12,2871038000,인천광역시 강화군 양사면,인천광역시,강화군,양사면,pre_reform_code_preserved_district_not_reorganized,1028,491,347,103,52,20,12,2,0,0,1,47.7626,jumin_households_size_202312.csv
2023,2023-12,2871039000,인천광역시 강화군 송해면,인천광역시,강화군,송해면,pre_reform_code_preserved_district_not_reorganized,1664,702,590,210,102,36,20,1,2,1,0,42.1875,jumin_households_size_202312.csv
2023,2023-12,2871040000,인천광역시 강화군 교동면,인천광역시,강화군,교동면,pre_reform_code_preserved_district_not_reorganized,1537,720,556,169,56,27,7,1,1,0,0,46.8445,jumin_households_size_202312.csv
2023,2023-12,2871041000,인천광역시 강화군 삼산면,인천광역시,강화군,삼산면,pre_reform_code_preserved_district_not_reorganized,1206,627,371,138,45,19,3,2,0,0,1,51.9900,jumin_households_size_202312.csv
2023,2023-12,2871042000,인천광역시 강화군 서도면,인천광역시,강화군,서도면,pre_reform_code_preserved_district_not_reorganized,222,121,72,17,5,4,1,1,0,1,0,54.5045,jumin_households_size_202312.csv
2023,2023-12,2871042500,인천광역시 강화군 서도면볼음출장소,인천광역시,강화군,서도면볼음출장소,pre_reform_code_preserved_district_not_reorganized,181,111,54,11,4,1,0,0,0,0,0,61.3260,jumin_households_size_202312.csv
2023,2023-12,2872031000,인천광역시 옹진군 북도면,인천광역시,옹진군,북도면,pre_reform_code_preserved_district_not_reorganized,667,363,190,71,23,11,5,3,1,0,0,54.4228,jumin_households_size_202312.csv
2023,2023-12,2872031500,인천광역시 옹진군 북도면장봉출장소,인천광역시,옹진군,북도면장봉출장소,pre_reform_code_preserved_district_not_reorganized,541,296,165,57,14,4,2,0,1,0,2,54.7135,jumin_households_size_202312.csv
2023,2023-12,2872033000,인천광역시 옹진군 백령면,인천광역시,옹진군,백령면,pre_reform_code_preserved_district_not_reorganized,2929,1842,593,246,167,54,21,3,3,0,0,62.8884,jumin_households_size_202312.csv
2023,2023-12,2872034000,인천광역시 옹진군 대청면,인천광역시,옹진군,대청면,pre_reform_code_preserved_district_not_reorganized,781,519,170,46,33,9,2,1,1,0,0,66.4533,jumin_households_size_202312.csv
2023,2023-12,2872034500,인천광역시 옹진군 대청면소청출장소,인천광역시,옹진군,대청면소청출장소,pre_reform_code_preserved_district_not_reorganized,172,130,37,4,0,1,0,0,0,0,0,75.5814,jumin_households_size_202312.csv
2023,2023-12,2872035000,인천광역시 옹진군 덕적면,인천광역시,옹진군,덕적면,pre_reform_code_preserved_district_not_reorganized,1222,749,323,94,39,13,1,2,0,0,1,61.2930,jumin_households_size_202312.csv
2023,2023-12,2872036000,인천광역시 옹진군 영흥면,인천광역시,옹진군,영흥면,pre_reform_code_preserved_district_not_reorganized,3789,2128,967,393,206,69,17,8,1,0,0,56.1626,jumin_households_size_202312.csv
2023,2023-12,2872037000,인천광역시 옹진군 자월면,인천광역시,옹진군,자월면,pre_reform_code_preserved_district_not_reorganized,604,360,165,51,18,6,2,0,0,1,1,59.6026,jumin_households_size_202312.csv
2023,2023-12,2872037500,인천광역시 옹진군 자월면이작출장소,인천광역시,옹진군,자월면이작출장소,pre_reform_code_preserved_district_not_reorganized,232,137,64,21,8,2,0,0,0,0,0,59.0517,jumin_households_size_202312.csv
2023,2023-12,2872038000,인천광역시 옹진군 연평면,인천광역시,옹진군,연평면,pre_reform_code_preserved_district_not_reorganized,1500,1143,211,87,38,19,2,0,0,0,0,76.2000,jumin_households_size_202312.csv
2024,2024-12,2811052000,인천광역시 중구 연안동,인천광역시,중구,연안동,requires_2026_07_01_reform_crosswalk,2891,1583,742,303,190,60,9,4,0,0,0,54.7561,jumin_households_size_202412.csv
2024,2024-12,2811053000,인천광역시 중구 신포동,인천광역시,중구,신포동,requires_2026_07_01_reform_crosswalk,2445,1319,555,294,196,63,13,3,1,1,0,53.9468,jumin_households_size_202412.csv
2024,2024-12,2811054000,인천광역시 중구 신흥동,인천광역시,중구,신흥동,requires_2026_07_01_reform_crosswalk,6815,2884,1832,1142,721,179,45,5,4,2,1,42.3184,jumin_households_size_202412.csv
2024,2024-12,2811056000,인천광역시 중구 도원동,인천광역시,중구,도원동,requires_2026_07_01_reform_crosswalk,2013,1071,548,237,110,30,14,3,0,0,0,53.2042,jumin_households_size_202412.csv
2024,2024-12,2811057000,인천광역시 중구 율목동,인천광역시,중구,율목동,requires_2026_07_01_reform_crosswalk,1780,1082,425,169,74,21,7,2,0,0,0,60.7865,jumin_households_size_202412.csv
2024,2024-12,2811058500,인천광역시 중구 동인천동,인천광역시,중구,동인천동,requires_2026_07_01_reform_crosswalk,3234,2029,676,322,146,43,13,4,1,0,0,62.7396,jumin_households_size_202412.csv
2024,2024-12,2811061500,인천광역시 중구 개항동,인천광역시,중구,개항동,requires_2026_07_01_reform_crosswalk,3840,2080,1012,454,220,61,11,2,0,0,0,54.1667,jumin_households_size_202412.csv
2024,2024-12,2811062000,인천광역시 중구 영종동,인천광역시,중구,영종동,requires_2026_07_01_reform_crosswalk,11979,6141,2770,1605,1098,291,52,13,6,1,2,51.2647,jumin_households_size_202412.csv
2024,2024-12,2811062200,인천광역시 중구 영종1동,인천광역시,중구,영종1동,requires_2026_07_01_reform_crosswalk,13688,4261,3102,3008,2616,585,83,22,5,4,2,31.1295,jumin_households_size_202412.csv
2024,2024-12,2811062300,인천광역시 중구 영종2동,인천광역시,중구,영종2동,requires_2026_07_01_reform_crosswalk,10132,2899,2204,2343,2075,498,93,14,3,3,0,28.6123,jumin_households_size_202412.csv
2024,2024-12,2811062800,인천광역시 중구 운서동,인천광역시,중구,운서동,requires_2026_07_01_reform_crosswalk,22659,14382,3488,2290,1876,486,97,28,8,2,2,63.4715,jumin_households_size_202412.csv
2024,2024-12,2811063000,인천광역시 중구 용유동,인천광역시,중구,용유동,requires_2026_07_01_reform_crosswalk,2324,1488,578,168,71,16,3,0,0,0,0,64.0275,jumin_households_size_202412.csv
2024,2024-12,2814051000,인천광역시 동구 만석동,인천광역시,동구,만석동,requires_2026_07_01_reform_crosswalk,3091,1348,853,456,349,63,15,5,1,0,1,43.6105,jumin_households_size_202412.csv
2024,2024-12,2814052500,인천광역시 동구 화수1.화평동,인천광역시,동구,화수1.화평동,requires_2026_07_01_reform_crosswalk,2752,1255,779,398,243,62,11,3,0,0,1,45.6032,jumin_households_size_202412.csv
2024,2024-12,2814053000,인천광역시 동구 화수2동,인천광역시,동구,화수2동,requires_2026_07_01_reform_crosswalk,3614,1712,1021,516,274,77,12,2,0,0,0,47.3713,jumin_households_size_202412.csv
2024,2024-12,2814055500,인천광역시 동구 송현1.2동,인천광역시,동구,송현1.2동,requires_2026_07_01_reform_crosswalk,4358,1523,1251,855,579,113,29,6,2,0,0,34.9472,jumin_households_size_202412.csv
2024,2024-12,2814057000,인천광역시 동구 송현3동,인천광역시,동구,송현3동,requires_2026_07_01_reform_crosswalk,1564,823,440,184,87,29,1,0,0,0,0,52.6215,jumin_households_size_202412.csv
2024,2024-12,2814058000,인천광역시 동구 송림1동,인천광역시,동구,송림1동,requires_2026_07_01_reform_crosswalk,2885,875,919,621,331,113,20,6,0,0,0,30.3293,jumin_households_size_202412.csv
2024,2024-12,2814059000,인천광역시 동구 송림2동,인천광역시,동구,송림2동,requires_2026_07_01_reform_crosswalk,784,506,171,64,33,8,1,1,0,0,0,64.5408,jumin_households_size_202412.csv
2024,2024-12,2814060500,인천광역시 동구 송림3.5동,인천광역시,동구,송림3.5동,requires_2026_07_01_reform_crosswalk,2503,933,662,490,326,72,14,4,1,0,1,37.2753,jumin_households_size_202412.csv
2024,2024-12,2814061000,인천광역시 동구 송림4동,인천광역시,동구,송림4동,requires_2026_07_01_reform_crosswalk,2517,710,712,599,405,75,14,1,1,0,0,28.2082,jumin_households_size_202412.csv
2024,2024-12,2814063000,인천광역시 동구 송림6동,인천광역시,동구,송림6동,requires_2026_07_01_reform_crosswalk,2485,853,693,473,347,92,23,3,1,0,0,34.3260,jumin_households_size_202412.csv
2024,2024-12,2814064000,인천광역시 동구 금창동,인천광역시,동구,금창동,requires_2026_07_01_reform_crosswalk,1239,662,331,141,76,20,8,0,1,0,0,53.4302,jumin_households_size_202412.csv
2024,2024-12,2817751000,인천광역시 미추홀구 숭의2동,인천광역시,미추홀구,숭의2동,pre_reform_code_preserved_district_not_reorganized,6641,2885,1818,1081,621,167,60,7,0,1,1,43.4423,jumin_households_size_202412.csv
2024,2024-12,2817752000,인천광역시 미추홀구 숭의1.3동,인천광역시,미추홀구,숭의1.3동,pre_reform_code_preserved_district_not_reorganized,7530,3167,2055,1270,822,179,32,2,2,1,0,42.0584,jumin_households_size_202412.csv
2024,2024-12,2817753000,인천광역시 미추홀구 숭의4동,인천광역시,미추홀구,숭의4동,pre_reform_code_preserved_district_not_reorganized,7140,3133,1923,1160,699,173,43,8,1,0,0,43.8796,jumin_households_size_202412.csv
2024,2024-12,2817754000,인천광역시 미추홀구 용현1.4동,인천광역시,미추홀구,용현1.4동,pre_reform_code_preserved_district_not_reorganized,11020,7403,2040,952,467,115,25,14,3,0,1,67.1779,jumin_households_size_202412.csv
2024,2024-12,2817755000,인천광역시 미추홀구 용현2동,인천광역시,미추홀구,용현2동,pre_reform_code_preserved_district_not_reorganized,10369,3975,2619,2052,1344,321,47,6,4,0,1,38.3354,jumin_households_size_202412.csv
2024,2024-12,2817756000,인천광역시 미추홀구 용현3동,인천광역시,미추홀구,용현3동,pre_reform_code_preserved_district_not_reorganized,4179,2500,1009,400,207,45,16,0,2,0,0,59.8229,jumin_households_size_202412.csv
2024,2024-12,2817757000,인천광역시 미추홀구 용현5동,인천광역시,미추홀구,용현5동,pre_reform_code_preserved_district_not_reorganized,19783,7364,4712,3770,3028,716,156,24,7,4,2,37.2239,jumin_households_size_202412.csv
2024,2024-12,2817758000,인천광역시 미추홀구 학익1동,인천광역시,미추홀구,학익1동,pre_reform_code_preserved_district_not_reorganized,14891,4718,3736,3158,2510,599,130,31,3,5,1,31.6836,jumin_households_size_202412.csv
2024,2024-12,2817759000,인천광역시 미추홀구 학익2동,인천광역시,미추홀구,학익2동,pre_reform_code_preserved_district_not_reorganized,7990,3119,2213,1397,962,239,44,13,1,2,0,39.0363,jumin_households_size_202412.csv
2024,2024-12,2817760000,인천광역시 미추홀구 도화1동,인천광역시,미추홀구,도화1동,pre_reform_code_preserved_district_not_reorganized,10336,4579,2752,1719,963,269,47,6,1,0,0,44.3015,jumin_households_size_202412.csv
2024,2024-12,2817761000,인천광역시 미추홀구 도화2.3동,인천광역시,미추홀구,도화2.3동,pre_reform_code_preserved_district_not_reorganized,13938,5275,3535,2682,1925,434,70,11,3,0,3,37.8462,jumin_households_size_202412.csv
2024,2024-12,2817762000,인천광역시 미추홀구 주안1동,인천광역시,미추홀구,주안1동,pre_reform_code_preserved_district_not_reorganized,11940,7410,2422,1275,640,151,27,12,1,1,1,62.0603,jumin_households_size_202412.csv
2024,2024-12,2817763000,인천광역시 미추홀구 주안2동,인천광역시,미추홀구,주안2동,pre_reform_code_preserved_district_not_reorganized,10846,4609,3104,1811,1043,223,40,11,2,3,0,42.4949,jumin_households_size_202412.csv
2024,2024-12,2817764000,인천광역시 미추홀구 주안3동,인천광역시,미추홀구,주안3동,pre_reform_code_preserved_district_not_reorganized,6180,2787,1655,986,587,127,33,5,0,0,0,45.0971,jumin_households_size_202412.csv
2024,2024-12,2817765000,인천광역시 미추홀구 주안4동,인천광역시,미추홀구,주안4동,pre_reform_code_preserved_district_not_reorganized,9619,4022,2591,1729,1021,204,44,7,1,0,0,41.8131,jumin_households_size_202412.csv
2024,2024-12,2817766000,인천광역시 미추홀구 주안5동,인천광역시,미추홀구,주안5동,pre_reform_code_preserved_district_not_reorganized,10086,4752,2641,1556,897,213,23,2,0,0,2,47.1148,jumin_households_size_202412.csv
2024,2024-12,2817767000,인천광역시 미추홀구 주안6동,인천광역시,미추홀구,주안6동,pre_reform_code_preserved_district_not_reorganized,9892,4265,2505,1615,1165,265,60,12,2,3,0,43.1156,jumin_households_size_202412.csv
2024,2024-12,2817768000,인천광역시 미추홀구 주안7동,인천광역시,미추홀구,주안7동,pre_reform_code_preserved_district_not_reorganized,6068,2696,1713,943,567,110,29,9,1,0,0,44.4298,jumin_households_size_202412.csv
2024,2024-12,2817769000,인천광역시 미추홀구 주안8동,인천광역시,미추홀구,주안8동,pre_reform_code_preserved_district_not_reorganized,8851,3449,2472,1565,1063,246,44,10,1,1,0,38.9673,jumin_households_size_202412.csv
2024,2024-12,2817770000,인천광역시 미추홀구 관교동,인천광역시,미추홀구,관교동,pre_reform_code_preserved_district_not_reorganized,6168,2157,1734,1159,834,221,47,13,2,1,0,34.9708,jumin_households_size_202412.csv
2024,2024-12,2817771000,인천광역시 미추홀구 문학동,인천광역시,미추홀구,문학동,pre_reform_code_preserved_district_not_reorganized,7608,4252,1669,877,587,169,45,6,2,0,1,55.8885,jumin_households_size_202412.csv
2024,2024-12,2818563000,인천광역시 연수구 옥련1동,인천광역시,연수구,옥련1동,pre_reform_code_preserved_district_not_reorganized,7758,2840,2101,1495,1037,229,44,7,3,1,1,36.6074,jumin_households_size_202412.csv
2024,2024-12,2818564000,인천광역시 연수구 옥련2동,인천광역시,연수구,옥련2동,pre_reform_code_preserved_district_not_reorganized,7888,2279,2061,1760,1413,319,45,9,1,0,1,28.8920,jumin_households_size_202412.csv
2024,2024-12,2818575000,인천광역시 연수구 선학동,인천광역시,연수구,선학동,pre_reform_code_preserved_district_not_reorganized,8641,3791,2144,1497,956,193,45,11,3,1,0,43.8722,jumin_households_size_202412.csv
2024,2024-12,2818576100,인천광역시 연수구 연수1동,인천광역시,연수구,연수1동,pre_reform_code_preserved_district_not_reorganized,8708,4490,1902,1225,826,203,44,16,1,0,1,51.5618,jumin_households_size_202412.csv
2024,2024-12,2818576200,인천광역시 연수구 연수2동,인천광역시,연수구,연수2동,pre_reform_code_preserved_district_not_reorganized,9621,4442,2312,1505,1057,250,45,6,3,0,1,46.1698,jumin_households_size_202412.csv
2024,2024-12,2818576300,인천광역시 연수구 연수3동,인천광역시,연수구,연수3동,pre_reform_code_preserved_district_not_reorganized,7125,3063,1825,1241,786,173,29,5,1,2,0,42.9895,jumin_households_size_202412.csv
2024,2024-12,2818576600,인천광역시 연수구 청학동,인천광역시,연수구,청학동,pre_reform_code_preserved_district_not_reorganized,11989,6151,2920,1685,890,269,49,21,3,1,0,51.3054,jumin_households_size_202412.csv
2024,2024-12,2818578000,인천광역시 연수구 동춘1동,인천광역시,연수구,동춘1동,pre_reform_code_preserved_district_not_reorganized,9621,1881,2653,2544,2006,438,72,13,4,2,8,19.5510,jumin_households_size_202412.csv
2024,2024-12,2818579000,인천광역시 연수구 동춘2동,인천광역시,연수구,동춘2동,pre_reform_code_preserved_district_not_reorganized,6845,1747,1930,1678,1231,210,42,5,2,0,0,25.5223,jumin_households_size_202412.csv
2024,2024-12,2818579500,인천광역시 연수구 동춘3동,인천광역시,연수구,동춘3동,pre_reform_code_preserved_district_not_reorganized,5769,625,1255,1608,1720,466,65,26,4,0,0,10.8338,jumin_households_size_202412.csv
2024,2024-12,2818582000,인천광역시 연수구 송도1동,인천광역시,연수구,송도1동,pre_reform_code_preserved_district_not_reorganized,15552,5828,2712,3060,3012,739,143,39,11,4,4,37.4743,jumin_households_size_202412.csv
2024,2024-12,2818583000,인천광역시 연수구 송도2동,인천광역시,연수구,송도2동,pre_reform_code_preserved_district_not_reorganized,12290,1821,2123,3554,3807,823,111,36,5,6,4,14.8169,jumin_households_size_202412.csv
2024,2024-12,2818584000,인천광역시 연수구 송도3동,인천광역시,연수구,송도3동,pre_reform_code_preserved_district_not_reorganized,19166,5826,3575,4661,4177,758,111,39,11,5,3,30.3976,jumin_households_size_202412.csv
2024,2024-12,2818585000,인천광역시 연수구 송도4동,인천광역시,연수구,송도4동,pre_reform_code_preserved_district_not_reorganized,15554,3366,3126,4193,3978,747,124,16,3,1,0,21.6407,jumin_households_size_202412.csv
2024,2024-12,2818586000,인천광역시 연수구 송도5동,인천광역시,연수구,송도5동,pre_reform_code_preserved_district_not_reorganized,17413,3657,4170,4858,3913,694,83,27,8,1,2,21.0016,jumin_households_size_202412.csv
2024,2024-12,2820051000,인천광역시 남동구 구월1동,인천광역시,남동구,구월1동,pre_reform_code_preserved_district_not_reorganized,13932,5444,3345,2547,2038,466,72,14,3,1,2,39.0755,jumin_households_size_202412.csv
2024,2024-12,2820052000,인천광역시 남동구 구월2동,인천광역시,남동구,구월2동,pre_reform_code_preserved_district_not_reorganized,13908,3129,3449,3462,3041,669,116,28,8,4,2,22.4978,jumin_households_size_202412.csv
2024,2024-12,2820052100,인천광역시 남동구 구월3동,인천광역시,남동구,구월3동,pre_reform_code_preserved_district_not_reorganized,17229,10992,3247,1682,1016,229,45,14,3,1,0,63.7994,jumin_households_size_202412.csv
2024,2024-12,2820052200,인천광역시 남동구 구월4동,인천광역시,남동구,구월4동,pre_reform_code_preserved_district_not_reorganized,7473,4148,1845,857,471,121,21,6,4,0,0,55.5065,jumin_households_size_202412.csv
2024,2024-12,2820053000,인천광역시 남동구 간석1동,인천광역시,남동구,간석1동,pre_reform_code_preserved_district_not_reorganized,9030,4166,2409,1381,837,186,38,12,0,0,1,46.1351,jumin_households_size_202412.csv
2024,2024-12,2820054000,인천광역시 남동구 간석2동,인천광역시,남동구,간석2동,pre_reform_code_preserved_district_not_reorganized,8993,3362,2208,1689,1305,332,74,16,4,3,0,37.3846,jumin_households_size_202412.csv
2024,2024-12,2820055000,인천광역시 남동구 간석3동,인천광역시,남동구,간석3동,pre_reform_code_preserved_district_not_reorganized,12546,5532,3392,2045,1204,295,62,11,3,1,1,44.0937,jumin_households_size_202412.csv
2024,2024-12,2820055100,인천광역시 남동구 간석4동,인천광역시,남동구,간석4동,pre_reform_code_preserved_district_not_reorganized,13472,5843,3416,2325,1456,345,64,16,5,2,0,43.3714,jumin_households_size_202412.csv
2024,2024-12,2820056000,인천광역시 남동구 만수1동,인천광역시,남동구,만수1동,pre_reform_code_preserved_district_not_reorganized,8719,4648,2263,1119,536,127,21,3,2,0,0,53.3089,jumin_households_size_202412.csv
2024,2024-12,2820057000,인천광역시 남동구 만수2동,인천광역시,남동구,만수2동,pre_reform_code_preserved_district_not_reorganized,9522,2988,2643,1978,1459,362,68,18,4,2,0,31.3800,jumin_households_size_202412.csv
2024,2024-12,2820058000,인천광역시 남동구 만수3동,인천광역시,남동구,만수3동,pre_reform_code_preserved_district_not_reorganized,7046,2403,1957,1380,996,247,48,12,1,1,1,34.1045,jumin_households_size_202412.csv
2024,2024-12,2820058100,인천광역시 남동구 만수4동,인천광역시,남동구,만수4동,pre_reform_code_preserved_district_not_reorganized,8767,3323,2551,1624,1040,179,41,6,2,1,0,37.9035,jumin_households_size_202412.csv
2024,2024-12,2820058200,인천광역시 남동구 만수5동,인천광역시,남동구,만수5동,pre_reform_code_preserved_district_not_reorganized,7486,3598,2048,1085,573,140,31,9,1,0,1,48.0631,jumin_households_size_202412.csv
2024,2024-12,2820058300,인천광역시 남동구 만수6동,인천광역시,남동구,만수6동,pre_reform_code_preserved_district_not_reorganized,10055,3725,2751,1865,1330,289,71,20,3,0,1,37.0462,jumin_households_size_202412.csv
2024,2024-12,2820065000,인천광역시 남동구 장수서창동,인천광역시,남동구,장수서창동,pre_reform_code_preserved_district_not_reorganized,7777,2382,2227,1529,1185,365,66,16,6,1,0,30.6288,jumin_households_size_202412.csv
2024,2024-12,2820065500,인천광역시 남동구 서창2동,인천광역시,남동구,서창2동,pre_reform_code_preserved_district_not_reorganized,15528,5055,3516,3189,2998,653,96,18,1,2,0,32.5541,jumin_households_size_202412.csv
2024,2024-12,2820066000,인천광역시 남동구 남촌도림동,인천광역시,남동구,남촌도림동,pre_reform_code_preserved_district_not_reorganized,8973,3443,2563,1598,1019,284,54,11,0,1,0,38.3707,jumin_households_size_202412.csv
2024,2024-12,2820069000,인천광역시 남동구 논현1동,인천광역시,남동구,논현1동,pre_reform_code_preserved_district_not_reorganized,13911,5257,3474,2475,2095,466,103,28,10,1,2,37.7902,jumin_households_size_202412.csv
2024,2024-12,2820070000,인천광역시 남동구 논현2동,인천광역시,남동구,논현2동,pre_reform_code_preserved_district_not_reorganized,14990,6492,3944,2316,1703,431,83,13,6,1,1,43.3089,jumin_households_size_202412.csv
2024,2024-12,2820071000,인천광역시 남동구 논현고잔동,인천광역시,남동구,논현고잔동,pre_reform_code_preserved_district_not_reorganized,15459,4385,3449,3366,3440,686,99,27,4,2,1,28.3654,jumin_households_size_202412.csv
2024,2024-12,2823751000,인천광역시 부평구 부평1동,인천광역시,부평구,부평1동,pre_reform_code_preserved_district_not_reorganized,17204,7725,4224,2916,1854,375,74,28,6,2,0,44.9023,jumin_households_size_202412.csv
2024,2024-12,2823752000,인천광역시 부평구 부평2동,인천광역시,부평구,부평2동,pre_reform_code_preserved_district_not_reorganized,7443,3440,1990,1130,682,156,35,4,4,0,2,46.2179,jumin_households_size_202412.csv
2024,2024-12,2823753000,인천광역시 부평구 부평3동,인천광역시,부평구,부평3동,pre_reform_code_preserved_district_not_reorganized,7411,3271,1949,1289,723,136,34,3,3,0,3,44.1371,jumin_households_size_202412.csv
2024,2024-12,2823754000,인천광역시 부평구 부평4동,인천광역시,부평구,부평4동,pre_reform_code_preserved_district_not_reorganized,17794,9026,4233,2565,1553,335,70,9,2,0,1,50.7250,jumin_households_size_202412.csv
2024,2024-12,2823755000,인천광역시 부평구 부평5동,인천광역시,부평구,부평5동,pre_reform_code_preserved_district_not_reorganized,16385,7325,4066,2757,1769,398,53,14,2,1,0,44.7055,jumin_households_size_202412.csv
2024,2024-12,2823756000,인천광역시 부평구 부평6동,인천광역시,부평구,부평6동,pre_reform_code_preserved_district_not_reorganized,7916,3428,2150,1310,826,171,22,4,2,0,3,43.3047,jumin_households_size_202412.csv
2024,2024-12,2823757000,인천광역시 부평구 산곡1동,인천광역시,부평구,산곡1동,pre_reform_code_preserved_district_not_reorganized,6496,2128,1830,1424,908,158,42,3,1,1,1,32.7586,jumin_households_size_202412.csv
2024,2024-12,2823758000,인천광역시 부평구 산곡2동,인천광역시,부평구,산곡2동,pre_reform_code_preserved_district_not_reorganized,10698,2041,2831,2668,2490,533,108,20,3,3,1,19.0783,jumin_households_size_202412.csv
2024,2024-12,2823758100,인천광역시 부평구 산곡3동,인천광역시,부평구,산곡3동,pre_reform_code_preserved_district_not_reorganized,8532,2653,2431,1798,1231,325,73,12,8,0,1,31.0947,jumin_households_size_202412.csv
2024,2024-12,2823758200,인천광역시 부평구 산곡4동,인천광역시,부평구,산곡4동,pre_reform_code_preserved_district_not_reorganized,6558,1688,1807,1522,1191,276,53,15,6,0,0,25.7396,jumin_households_size_202412.csv
2024,2024-12,2823759100,인천광역시 부평구 청천1동,인천광역시,부평구,청천1동,pre_reform_code_preserved_district_not_reorganized,9656,2929,2724,2268,1455,229,44,3,2,2,0,30.3335,jumin_households_size_202412.csv
2024,2024-12,2823759200,인천광역시 부평구 청천2동,인천광역시,부평구,청천2동,pre_reform_code_preserved_district_not_reorganized,14423,4854,3989,2943,2107,425,76,24,4,1,0,33.6546,jumin_households_size_202412.csv
2024,2024-12,2823764100,인천광역시 부평구 갈산1동,인천광역시,부평구,갈산1동,pre_reform_code_preserved_district_not_reorganized,6688,2558,1818,1332,768,173,32,5,2,0,0,38.2476,jumin_households_size_202412.csv
2024,2024-12,2823764200,인천광역시 부평구 갈산2동,인천광역시,부평구,갈산2동,pre_reform_code_preserved_district_not_reorganized,8070,3280,2080,1375,989,266,57,18,2,2,1,40.6444,jumin_households_size_202412.csv
2024,2024-12,2823764600,인천광역시 부평구 삼산1동,인천광역시,부평구,삼산1동,pre_reform_code_preserved_district_not_reorganized,14177,4962,3697,2892,2153,404,60,8,1,0,0,35.0004,jumin_households_size_202412.csv
2024,2024-12,2823764800,인천광역시 부평구 삼산2동,인천광역시,부평구,삼산2동,pre_reform_code_preserved_district_not_reorganized,10240,2232,2541,2482,2406,506,58,11,4,0,0,21.7969,jumin_households_size_202412.csv
2024,2024-12,2823765000,인천광역시 부평구 부개1동,인천광역시,부평구,부개1동,pre_reform_code_preserved_district_not_reorganized,7690,3422,2187,1168,717,151,30,10,2,2,1,44.4993,jumin_households_size_202412.csv
2024,2024-12,2823766000,인천광역시 부평구 부개2동,인천광역시,부평구,부개2동,pre_reform_code_preserved_district_not_reorganized,8266,2807,2257,1664,1200,268,54,15,1,0,0,33.9584,jumin_households_size_202412.csv
2024,2024-12,2823766100,인천광역시 부평구 부개3동,인천광역시,부평구,부개3동,pre_reform_code_preserved_district_not_reorganized,12068,3932,3220,2520,1947,373,58,13,4,1,0,32.5820,jumin_households_size_202412.csv
2024,2024-12,2823767000,인천광역시 부평구 일신동,인천광역시,부평구,일신동,pre_reform_code_preserved_district_not_reorganized,5031,1654,1489,987,693,181,17,7,0,0,3,32.8762,jumin_households_size_202412.csv
2024,2024-12,2823768000,인천광역시 부평구 십정1동,인천광역시,부평구,십정1동,pre_reform_code_preserved_district_not_reorganized,11124,3923,3305,2271,1294,272,46,8,4,1,0,35.2661,jumin_households_size_202412.csv
2024,2024-12,2823769000,인천광역시 부평구 십정2동,인천광역시,부평구,십정2동,pre_reform_code_preserved_district_not_reorganized,11118,5685,2782,1461,912,216,44,14,2,2,0,51.1333,jumin_households_size_202412.csv
2024,2024-12,2824560100,인천광역시 계양구 효성1동,인천광역시,계양구,효성1동,pre_reform_code_preserved_district_not_reorganized,11670,3951,3322,2394,1576,339,74,12,1,1,0,33.8560,jumin_households_size_202412.csv
2024,2024-12,2824560200,인천광역시 계양구 효성2동,인천광역시,계양구,효성2동,pre_reform_code_preserved_district_not_reorganized,11369,3490,3303,2401,1708,373,72,21,1,0,0,30.6975,jumin_households_size_202412.csv
2024,2024-12,2824561100,인천광역시 계양구 계산1동,인천광역시,계양구,계산1동,pre_reform_code_preserved_district_not_reorganized,9687,5226,2278,1263,713,166,34,6,1,0,0,53.9486,jumin_households_size_202412.csv
2024,2024-12,2824561200,인천광역시 계양구 계산2동,인천광역시,계양구,계산2동,pre_reform_code_preserved_district_not_reorganized,7486,3715,1950,1063,590,124,33,6,2,2,1,49.6260,jumin_households_size_202412.csv
2024,2024-12,2824561300,인천광역시 계양구 계산3동,인천광역시,계양구,계산3동,pre_reform_code_preserved_district_not_reorganized,8404,3419,2342,1510,891,206,27,6,3,0,0,40.6830,jumin_households_size_202412.csv
2024,2024-12,2824561400,인천광역시 계양구 계산4동,인천광역시,계양구,계산4동,pre_reform_code_preserved_district_not_reorganized,9306,3292,1825,1865,1880,367,60,12,5,0,0,35.3750,jumin_households_size_202412.csv
2024,2024-12,2824562100,인천광역시 계양구 작전1동,인천광역시,계양구,작전1동,pre_reform_code_preserved_district_not_reorganized,11117,3590,2978,2371,1763,349,55,7,2,2,0,32.2929,jumin_households_size_202412.csv
2024,2024-12,2824562200,인천광역시 계양구 작전2동,인천광역시,계양구,작전2동,pre_reform_code_preserved_district_not_reorganized,11020,4174,3116,2027,1384,258,49,8,3,0,1,37.8766,jumin_households_size_202412.csv
2024,2024-12,2824564000,인천광역시 계양구 작전서운동,인천광역시,계양구,작전서운동,pre_reform_code_preserved_district_not_reorganized,13873,4586,3484,2946,2301,443,91,17,3,1,1,33.0570,jumin_households_size_202412.csv
2024,2024-12,2824571000,인천광역시 계양구 계양1동,인천광역시,계양구,계양1동,pre_reform_code_preserved_district_not_reorganized,8208,2761,2278,1695,1111,280,61,11,6,1,4,33.6379,jumin_households_size_202412.csv
2024,2024-12,2824572000,인천광역시 계양구 계양2동,인천광역시,계양구,계양2동,pre_reform_code_preserved_district_not_reorganized,15751,7153,4116,2575,1511,324,50,19,1,0,2,45.4130,jumin_households_size_202412.csv
2024,2024-12,2824573000,인천광역시 계양구 계양3동,인천광역시,계양구,계양3동,pre_reform_code_preserved_district_not_reorganized,9779,2935,2708,2034,1568,429,87,11,5,1,1,30.0133,jumin_households_size_202412.csv
2024,2024-12,2826051500,인천광역시 서구 검암경서동,인천광역시,서구,검암경서동,requires_2026_07_01_reform_crosswalk,23875,8556,5963,4842,3498,829,144,29,8,3,3,35.8366,jumin_households_size_202412.csv
2024,2024-12,2826053000,인천광역시 서구 연희동,인천광역시,서구,연희동,requires_2026_07_01_reform_crosswalk,18419,8374,4588,3009,1872,473,80,16,4,3,0,45.4639,jumin_households_size_202412.csv
2024,2024-12,2826053600,인천광역시 서구 청라1동,인천광역시,서구,청라1동,requires_2026_07_01_reform_crosswalk,12023,3646,2323,2813,2521,588,98,25,6,1,2,30.3252,jumin_households_size_202412.csv
2024,2024-12,2826053700,인천광역시 서구 청라2동,인천광역시,서구,청라2동,requires_2026_07_01_reform_crosswalk,18233,5035,3590,4097,4313,981,162,40,9,4,2,27.6148,jumin_households_size_202412.csv
2024,2024-12,2826053900,인천광역시 서구 청라3동,인천광역시,서구,청라3동,requires_2026_07_01_reform_crosswalk,14121,4395,2519,3110,3164,776,124,24,6,0,3,31.1239,jumin_households_size_202412.csv
2024,2024-12,2826054200,인천광역시 서구 가정1동,인천광역시,서구,가정1동,requires_2026_07_01_reform_crosswalk,17617,5914,4046,3722,3216,613,79,22,5,0,0,33.5698,jumin_households_size_202412.csv
2024,2024-12,2826054300,인천광역시 서구 가정2동,인천광역시,서구,가정2동,requires_2026_07_01_reform_crosswalk,7201,2185,1800,1737,1221,220,28,9,1,0,0,30.3430,jumin_households_size_202412.csv
2024,2024-12,2826054400,인천광역시 서구 가정3동,인천광역시,서구,가정3동,requires_2026_07_01_reform_crosswalk,4149,1761,1111,711,426,108,28,3,1,0,0,42.4440,jumin_households_size_202412.csv
2024,2024-12,2826055000,인천광역시 서구 석남1동,인천광역시,서구,석남1동,requires_2026_07_01_reform_crosswalk,10269,4811,2706,1575,896,238,38,4,0,1,0,46.8497,jumin_households_size_202412.csv
2024,2024-12,2826056000,인천광역시 서구 석남2동,인천광역시,서구,석남2동,requires_2026_07_01_reform_crosswalk,5805,2424,1679,975,560,134,23,9,0,1,0,41.7571,jumin_households_size_202412.csv
2024,2024-12,2826056100,인천광역시 서구 석남3동,인천광역시,서구,석남3동,requires_2026_07_01_reform_crosswalk,6452,2884,1799,1045,552,139,26,3,3,0,1,44.6993,jumin_households_size_202412.csv
2024,2024-12,2826057500,인천광역시 서구 신현원창동,인천광역시,서구,신현원창동,requires_2026_07_01_reform_crosswalk,12493,4012,3407,2587,1936,442,82,18,5,3,1,32.1140,jumin_households_size_202412.csv
2024,2024-12,2826058000,인천광역시 서구 가좌1동,인천광역시,서구,가좌1동,requires_2026_07_01_reform_crosswalk,6684,3265,1806,977,492,121,15,6,0,1,1,48.8480,jumin_households_size_202412.csv
2024,2024-12,2826059000,인천광역시 서구 가좌2동,인천광역시,서구,가좌2동,requires_2026_07_01_reform_crosswalk,7545,2100,2139,1682,1236,306,58,19,3,1,1,27.8330,jumin_households_size_202412.csv
2024,2024-12,2826060000,인천광역시 서구 가좌3동,인천광역시,서구,가좌3동,requires_2026_07_01_reform_crosswalk,7824,3537,2257,1204,679,115,24,5,2,1,0,45.2071,jumin_households_size_202412.csv
2024,2024-12,2826061000,인천광역시 서구 가좌4동,인천광역시,서구,가좌4동,requires_2026_07_01_reform_crosswalk,5735,2241,1610,1086,647,118,23,8,2,0,0,39.0759,jumin_households_size_202412.csv
2024,2024-12,2826068000,인천광역시 서구 검단동,인천광역시,서구,검단동,requires_2026_07_01_reform_crosswalk,15232,6472,3570,2601,1998,499,67,23,2,0,0,42.4895,jumin_households_size_202412.csv
2024,2024-12,2826069000,인천광역시 서구 불로대곡동,인천광역시,서구,불로대곡동,requires_2026_07_01_reform_crosswalk,10259,3324,2585,2081,1740,435,75,15,3,0,1,32.4008,jumin_households_size_202412.csv
2024,2024-12,2826070000,인천광역시 서구 원당동,인천광역시,서구,원당동,requires_2026_07_01_reform_crosswalk,10404,3561,2342,2187,1834,394,69,13,3,1,0,34.2272,jumin_households_size_202412.csv
2024,2024-12,2826071000,인천광역시 서구 당하동,인천광역시,서구,당하동,requires_2026_07_01_reform_crosswalk,12243,4122,3009,2525,2049,432,84,14,8,0,0,33.6682,jumin_households_size_202412.csv
2024,2024-12,2826072000,인천광역시 서구 오류왕길동,인천광역시,서구,오류왕길동,requires_2026_07_01_reform_crosswalk,10247,3330,2517,2091,1766,447,76,15,3,0,2,32.4973,jumin_households_size_202412.csv
2024,2024-12,2826073000,인천광역시 서구 마전동,인천광역시,서구,마전동,requires_2026_07_01_reform_crosswalk,8104,2109,1846,1863,1666,502,82,25,7,3,1,26.0242,jumin_households_size_202412.csv
2024,2024-12,2826074000,인천광역시 서구 아라동,인천광역시,서구,아라동,requires_2026_07_01_reform_crosswalk,26864,6009,6002,7141,6306,1188,177,30,11,0,0,22.3682,jumin_households_size_202412.csv
2024,2024-12,2871025000,인천광역시 강화군 강화읍,인천광역시,강화군,강화읍,pre_reform_code_preserved_district_not_reorganized,10599,4544,2981,1598,985,352,105,19,8,3,4,42.8720,jumin_households_size_202412.csv
2024,2024-12,2871031000,인천광역시 강화군 선원면,인천광역시,강화군,선원면,pre_reform_code_preserved_district_not_reorganized,4204,1602,1313,645,442,147,47,6,2,0,0,38.1066,jumin_households_size_202412.csv
2024,2024-12,2871032000,인천광역시 강화군 불은면,인천광역시,강화군,불은면,pre_reform_code_preserved_district_not_reorganized,2779,1362,916,284,134,56,20,4,2,0,1,49.0104,jumin_households_size_202412.csv
2024,2024-12,2871033000,인천광역시 강화군 길상면,인천광역시,강화군,길상면,pre_reform_code_preserved_district_not_reorganized,3725,1712,1135,502,235,99,26,12,3,0,1,45.9597,jumin_households_size_202412.csv
2024,2024-12,2871034000,인천광역시 강화군 화도면,인천광역시,강화군,화도면,pre_reform_code_preserved_district_not_reorganized,2499,1246,777,263,128,55,22,7,0,0,1,49.8599,jumin_households_size_202412.csv
2024,2024-12,2871035000,인천광역시 강화군 양도면,인천광역시,강화군,양도면,pre_reform_code_preserved_district_not_reorganized,2208,979,783,255,124,43,15,6,0,1,2,44.3388,jumin_households_size_202412.csv
2024,2024-12,2871036000,인천광역시 강화군 내가면,인천광역시,강화군,내가면,pre_reform_code_preserved_district_not_reorganized,1651,799,563,177,73,20,14,2,2,1,0,48.3949,jumin_households_size_202412.csv
2024,2024-12,2871037000,인천광역시 강화군 하점면,인천광역시,강화군,하점면,pre_reform_code_preserved_district_not_reorganized,2097,952,735,248,89,45,17,4,3,2,2,45.3982,jumin_households_size_202412.csv
2024,2024-12,2871038000,인천광역시 강화군 양사면,인천광역시,강화군,양사면,pre_reform_code_preserved_district_not_reorganized,1042,508,350,96,61,17,7,2,0,0,1,48.7524,jumin_households_size_202412.csv
2024,2024-12,2871039000,인천광역시 강화군 송해면,인천광역시,강화군,송해면,pre_reform_code_preserved_district_not_reorganized,1656,701,610,189,101,39,12,2,2,0,0,42.3309,jumin_households_size_202412.csv
2024,2024-12,2871040000,인천광역시 강화군 교동면,인천광역시,강화군,교동면,pre_reform_code_preserved_district_not_reorganized,1530,748,523,173,51,29,4,1,1,0,0,48.8889,jumin_households_size_202412.csv
2024,2024-12,2871041000,인천광역시 강화군 삼산면,인천광역시,강화군,삼산면,pre_reform_code_preserved_district_not_reorganized,1189,622,365,133,41,21,4,3,0,0,0,52.3129,jumin_households_size_202412.csv
2024,2024-12,2871042000,인천광역시 강화군 서도면,인천광역시,강화군,서도면,pre_reform_code_preserved_district_not_reorganized,218,120,70,17,6,4,0,0,0,1,0,55.0459,jumin_households_size_202412.csv
2024,2024-12,2871042500,인천광역시 강화군 서도면볼음출장소,인천광역시,강화군,서도면볼음출장소,pre_reform_code_preserved_district_not_reorganized,191,120,57,11,2,1,0,0,0,0,0,62.8272,jumin_households_size_202412.csv
2024,2024-12,2872031000,인천광역시 옹진군 북도면,인천광역시,옹진군,북도면,pre_reform_code_preserved_district_not_reorganized,680,378,202,57,26,8,4,3,1,1,0,55.5882,jumin_households_size_202412.csv
2024,2024-12,2872031500,인천광역시 옹진군 북도면장봉출장소,인천광역시,옹진군,북도면장봉출장소,pre_reform_code_preserved_district_not_reorganized,544,297,173,52,13,4,2,0,1,0,2,54.5956,jumin_households_size_202412.csv
2024,2024-12,2872033000,인천광역시 옹진군 백령면,인천광역시,옹진군,백령면,pre_reform_code_preserved_district_not_reorganized,2868,1811,593,230,163,49,18,2,2,0,0,63.1450,jumin_households_size_202412.csv
2024,2024-12,2872034000,인천광역시 옹진군 대청면,인천광역시,옹진군,대청면,pre_reform_code_preserved_district_not_reorganized,794,534,171,48,28,9,1,2,1,0,0,67.2544,jumin_households_size_202412.csv
2024,2024-12,2872034500,인천광역시 옹진군 대청면소청출장소,인천광역시,옹진군,대청면소청출장소,pre_reform_code_preserved_district_not_reorganized,183,141,38,3,0,1,0,0,0,0,0,77.0492,jumin_households_size_202412.csv
2024,2024-12,2872035000,인천광역시 옹진군 덕적면,인천광역시,옹진군,덕적면,pre_reform_code_preserved_district_not_reorganized,1231,765,322,92,31,14,5,2,0,0,0,62.1446,jumin_households_size_202412.csv
2024,2024-12,2872036000,인천광역시 옹진군 영흥면,인천광역시,옹진군,영흥면,pre_reform_code_preserved_district_not_reorganized,3762,2126,954,391,195,71,19,6,0,0,0,56.5125,jumin_households_size_202412.csv
2024,2024-12,2872037000,인천광역시 옹진군 자월면,인천광역시,옹진군,자월면,pre_reform_code_preserved_district_not_reorganized,604,368,172,41,15,6,1,0,0,0,1,60.9272,jumin_households_size_202412.csv
2024,2024-12,2872037500,인천광역시 옹진군 자월면이작출장소,인천광역시,옹진군,자월면이작출장소,pre_reform_code_preserved_district_not_reorganized,224,129,68,16,7,4,0,0,0,0,0,57.5893,jumin_households_size_202412.csv
2024,2024-12,2872038000,인천광역시 옹진군 연평면,인천광역시,옹진군,연평면,pre_reform_code_preserved_district_not_reorganized,1470,1139,209,74,28,18,2,0,0,0,0,77.4830,jumin_households_size_202412.csv
2025,2025-12,2811052000,인천광역시 중구 연안동,인천광역시,중구,연안동,requires_2026_07_01_reform_crosswalk,2841,1553,742,304,178,53,8,2,1,0,0,54.6639,jumin_households_size_202512.csv
2025,2025-12,2811053000,인천광역시 중구 신포동,인천광역시,중구,신포동,requires_2026_07_01_reform_crosswalk,2445,1339,562,307,164,57,12,2,2,0,0,54.7648,jumin_households_size_202512.csv
2025,2025-12,2811054000,인천광역시 중구 신흥동,인천광역시,중구,신흥동,requires_2026_07_01_reform_crosswalk,7008,3081,1873,1143,694,175,32,6,2,2,0,43.9640,jumin_households_size_202512.csv
2025,2025-12,2811056000,인천광역시 중구 도원동,인천광역시,중구,도원동,requires_2026_07_01_reform_crosswalk,1967,1065,552,212,97,29,9,3,0,0,0,54.1434,jumin_households_size_202512.csv
2025,2025-12,2811057000,인천광역시 중구 율목동,인천광역시,중구,율목동,requires_2026_07_01_reform_crosswalk,1807,1123,427,159,73,19,4,2,0,0,0,62.1472,jumin_households_size_202512.csv
2025,2025-12,2811058500,인천광역시 중구 동인천동,인천광역시,중구,동인천동,requires_2026_07_01_reform_crosswalk,3269,2086,684,300,152,36,9,2,0,0,0,63.8116,jumin_households_size_202512.csv
2025,2025-12,2811061500,인천광역시 중구 개항동,인천광역시,중구,개항동,requires_2026_07_01_reform_crosswalk,3800,2135,981,423,206,45,8,2,0,0,0,56.1842,jumin_households_size_202512.csv
2025,2025-12,2811062000,인천광역시 중구 영종동,인천광역시,중구,영종동,requires_2026_07_01_reform_crosswalk,14767,7140,3568,2146,1490,330,70,15,6,0,2,48.3511,jumin_households_size_202512.csv
2025,2025-12,2811062200,인천광역시 중구 영종1동,인천광역시,중구,영종1동,requires_2026_07_01_reform_crosswalk,14551,4478,3428,3225,2740,551,101,19,4,4,1,30.7745,jumin_households_size_202512.csv
2025,2025-12,2811062300,인천광역시 중구 영종2동,인천광역시,중구,영종2동,requires_2026_07_01_reform_crosswalk,10798,3107,2405,2496,2175,495,97,15,6,2,0,28.7738,jumin_households_size_202512.csv
2025,2025-12,2811062800,인천광역시 중구 운서동,인천광역시,중구,운서동,requires_2026_07_01_reform_crosswalk,23393,15027,3624,2343,1801,464,98,26,7,1,2,64.2372,jumin_households_size_202512.csv
2025,2025-12,2811063000,인천광역시 중구 용유동,인천광역시,중구,용유동,requires_2026_07_01_reform_crosswalk,2242,1451,548,160,65,16,2,0,0,0,0,64.7190,jumin_households_size_202512.csv
2025,2025-12,2814051000,인천광역시 동구 만석동,인천광역시,동구,만석동,requires_2026_07_01_reform_crosswalk,3061,1345,882,442,311,60,14,6,1,0,0,43.9399,jumin_households_size_202512.csv
2025,2025-12,2814052500,인천광역시 동구 화수1.화평동,인천광역시,동구,화수1.화평동,requires_2026_07_01_reform_crosswalk,2697,1246,765,407,208,58,11,1,0,0,1,46.1995,jumin_households_size_202512.csv
2025,2025-12,2814053000,인천광역시 동구 화수2동,인천광역시,동구,화수2동,requires_2026_07_01_reform_crosswalk,3583,1759,1004,482,259,67,11,1,0,0,0,49.0929,jumin_households_size_202512.csv
2025,2025-12,2814055500,인천광역시 동구 송현1.2동,인천광역시,동구,송현1.2동,requires_2026_07_01_reform_crosswalk,4306,1529,1264,828,541,110,26,7,1,0,0,35.5086,jumin_households_size_202512.csv
2025,2025-12,2814057000,인천광역시 동구 송현3동,인천광역시,동구,송현3동,requires_2026_07_01_reform_crosswalk,1534,854,403,174,79,22,2,0,0,0,0,55.6714,jumin_households_size_202512.csv
2025,2025-12,2814058000,인천광역시 동구 송림1동,인천광역시,동구,송림1동,requires_2026_07_01_reform_crosswalk,2793,831,862,631,335,111,17,5,0,0,1,29.7530,jumin_households_size_202512.csv
2025,2025-12,2814059000,인천광역시 동구 송림2동,인천광역시,동구,송림2동,requires_2026_07_01_reform_crosswalk,727,470,165,55,28,8,0,1,0,0,0,64.6492,jumin_households_size_202512.csv
2025,2025-12,2814060500,인천광역시 동구 송림3.5동,인천광역시,동구,송림3.5동,requires_2026_07_01_reform_crosswalk,2336,855,645,446,290,86,10,3,0,0,1,36.6010,jumin_households_size_202512.csv
2025,2025-12,2814061000,인천광역시 동구 송림4동,인천광역시,동구,송림4동,requires_2026_07_01_reform_crosswalk,2492,694,745,589,374,76,12,2,0,0,0,27.8491,jumin_households_size_202512.csv
2025,2025-12,2814063000,인천광역시 동구 송림6동,인천광역시,동구,송림6동,requires_2026_07_01_reform_crosswalk,2466,863,694,468,331,82,25,2,1,0,0,34.9959,jumin_households_size_202512.csv
2025,2025-12,2814064000,인천광역시 동구 금창동,인천광역시,동구,금창동,requires_2026_07_01_reform_crosswalk,1221,662,335,124,77,17,4,1,1,0,0,54.2179,jumin_households_size_202512.csv
2025,2025-12,2817751000,인천광역시 미추홀구 숭의2동,인천광역시,미추홀구,숭의2동,pre_reform_code_preserved_district_not_reorganized,6665,2932,1847,1069,609,147,54,6,0,1,0,43.9910,jumin_households_size_202512.csv
2025,2025-12,2817752000,인천광역시 미추홀구 숭의1.3동,인천광역시,미추홀구,숭의1.3동,pre_reform_code_preserved_district_not_reorganized,8458,3500,2376,1454,898,187,32,8,1,2,0,41.3809,jumin_households_size_202512.csv
2025,2025-12,2817753000,인천광역시 미추홀구 숭의4동,인천광역시,미추홀구,숭의4동,pre_reform_code_preserved_district_not_reorganized,8067,3476,2169,1356,813,199,48,6,0,0,0,43.0891,jumin_households_size_202512.csv
2025,2025-12,2817754000,인천광역시 미추홀구 용현1.4동,인천광역시,미추홀구,용현1.4동,pre_reform_code_preserved_district_not_reorganized,11184,7702,2010,906,437,93,23,11,1,0,1,68.8662,jumin_households_size_202512.csv
2025,2025-12,2817755000,인천광역시 미추홀구 용현2동,인천광역시,미추홀구,용현2동,pre_reform_code_preserved_district_not_reorganized,10348,4038,2536,2054,1362,297,49,7,2,2,1,39.0220,jumin_households_size_202512.csv
2025,2025-12,2817756000,인천광역시 미추홀구 용현3동,인천광역시,미추홀구,용현3동,pre_reform_code_preserved_district_not_reorganized,4114,2496,991,378,196,39,10,3,1,0,0,60.6709,jumin_households_size_202512.csv
2025,2025-12,2817757000,인천광역시 미추홀구 용현5동,인천광역시,미추홀구,용현5동,pre_reform_code_preserved_district_not_reorganized,19797,7491,4859,3746,2864,673,126,27,6,3,2,37.8391,jumin_households_size_202512.csv
2025,2025-12,2817758000,인천광역시 미추홀구 학익1동,인천광역시,미추홀구,학익1동,pre_reform_code_preserved_district_not_reorganized,17151,5317,4358,3684,2906,709,136,26,7,6,2,31.0011,jumin_households_size_202512.csv
2025,2025-12,2817759000,인천광역시 미추홀구 학익2동,인천광역시,미추홀구,학익2동,pre_reform_code_preserved_district_not_reorganized,7996,3191,2271,1365,904,212,45,7,0,0,1,39.9075,jumin_households_size_202512.csv
2025,2025-12,2817760000,인천광역시 미추홀구 도화1동,인천광역시,미추홀구,도화1동,pre_reform_code_preserved_district_not_reorganized,10250,4605,2763,1651,935,239,47,8,2,0,0,44.9268,jumin_households_size_202512.csv
2025,2025-12,2817761000,인천광역시 미추홀구 도화2.3동,인천광역시,미추홀구,도화2.3동,pre_reform_code_preserved_district_not_reorganized,13564,5103,3497,2678,1829,372,68,10,4,0,3,37.6216,jumin_households_size_202512.csv
2025,2025-12,2817762000,인천광역시 미추홀구 주안1동,인천광역시,미추홀구,주안1동,pre_reform_code_preserved_district_not_reorganized,12019,7508,2515,1220,609,132,25,8,1,0,1,62.4678,jumin_households_size_202512.csv
2025,2025-12,2817763000,인천광역시 미추홀구 주안2동,인천광역시,미추홀구,주안2동,pre_reform_code_preserved_district_not_reorganized,10746,4592,3074,1796,1029,192,46,15,1,1,0,42.7322,jumin_households_size_202512.csv
2025,2025-12,2817764000,인천광역시 미추홀구 주안3동,인천광역시,미추홀구,주안3동,pre_reform_code_preserved_district_not_reorganized,6166,2803,1681,960,577,115,26,4,0,0,0,45.4590,jumin_households_size_202512.csv
2025,2025-12,2817765000,인천광역시 미추홀구 주안4동,인천광역시,미추홀구,주안4동,pre_reform_code_preserved_district_not_reorganized,9613,3975,2620,1722,1040,205,44,6,1,0,0,41.3503,jumin_households_size_202512.csv
2025,2025-12,2817766000,인천광역시 미추홀구 주안5동,인천광역시,미추홀구,주안5동,pre_reform_code_preserved_district_not_reorganized,9980,4785,2620,1512,838,202,17,3,0,1,2,47.9459,jumin_households_size_202512.csv
2025,2025-12,2817767000,인천광역시 미추홀구 주안6동,인천광역시,미추홀구,주안6동,pre_reform_code_preserved_district_not_reorganized,10182,4482,2594,1653,1128,259,48,14,1,2,1,44.0189,jumin_households_size_202512.csv
2025,2025-12,2817768000,인천광역시 미추홀구 주안7동,인천광역시,미추홀구,주안7동,pre_reform_code_preserved_district_not_reorganized,6181,2770,1798,923,545,116,22,7,0,0,0,44.8148,jumin_households_size_202512.csv
2025,2025-12,2817769000,인천광역시 미추홀구 주안8동,인천광역시,미추홀구,주안8동,pre_reform_code_preserved_district_not_reorganized,8820,3493,2520,1545,980,227,47,5,2,1,0,39.6032,jumin_households_size_202512.csv
2025,2025-12,2817770000,인천광역시 미추홀구 관교동,인천광역시,미추홀구,관교동,pre_reform_code_preserved_district_not_reorganized,6166,2205,1776,1127,778,218,46,11,2,2,1,35.7606,jumin_households_size_202512.csv
2025,2025-12,2817771000,인천광역시 미추홀구 문학동,인천광역시,미추홀구,문학동,pre_reform_code_preserved_district_not_reorganized,7775,4449,1677,882,565,156,40,6,0,0,0,57.2219,jumin_households_size_202512.csv
2025,2025-12,2818563000,인천광역시 연수구 옥련1동,인천광역시,연수구,옥련1동,pre_reform_code_preserved_district_not_reorganized,7935,2997,2181,1510,979,218,40,5,3,1,1,37.7694,jumin_households_size_202512.csv
2025,2025-12,2818564000,인천광역시 연수구 옥련2동,인천광역시,연수구,옥련2동,pre_reform_code_preserved_district_not_reorganized,8140,2344,2229,1875,1329,307,40,14,1,0,1,28.7961,jumin_households_size_202512.csv
2025,2025-12,2818575000,인천광역시 연수구 선학동,인천광역시,연수구,선학동,pre_reform_code_preserved_district_not_reorganized,8613,3855,2163,1439,907,192,43,11,2,1,0,44.7579,jumin_households_size_202512.csv
2025,2025-12,2818576100,인천광역시 연수구 연수1동,인천광역시,연수구,연수1동,pre_reform_code_preserved_district_not_reorganized,8579,4498,1883,1225,734,192,34,11,1,0,1,52.4304,jumin_households_size_202512.csv
2025,2025-12,2818576200,인천광역시 연수구 연수2동,인천광역시,연수구,연수2동,pre_reform_code_preserved_district_not_reorganized,9580,4511,2306,1483,995,231,45,4,4,0,1,47.0877,jumin_households_size_202512.csv
2025,2025-12,2818576300,인천광역시 연수구 연수3동,인천광역시,연수구,연수3동,pre_reform_code_preserved_district_not_reorganized,7064,3100,1838,1189,748,152,29,5,0,3,0,43.8845,jumin_households_size_202512.csv
2025,2025-12,2818576600,인천광역시 연수구 청학동,인천광역시,연수구,청학동,pre_reform_code_preserved_district_not_reorganized,11888,6242,2886,1622,814,253,48,15,6,2,0,52.5067,jumin_households_size_202512.csv
2025,2025-12,2818578000,인천광역시 연수구 동춘1동,인천광역시,연수구,동춘1동,pre_reform_code_preserved_district_not_reorganized,9574,1911,2699,2517,1932,414,74,14,4,3,6,19.9603,jumin_households_size_202512.csv
2025,2025-12,2818579000,인천광역시 연수구 동춘2동,인천광역시,연수구,동춘2동,pre_reform_code_preserved_district_not_reorganized,6817,1780,2042,1623,1140,189,35,6,2,0,0,26.1112,jumin_households_size_202512.csv
2025,2025-12,2818579500,인천광역시 연수구 동춘3동,인천광역시,연수구,동춘3동,pre_reform_code_preserved_district_not_reorganized,5750,634,1317,1631,1651,421,70,22,4,0,0,11.0261,jumin_households_size_202512.csv
2025,2025-12,2818582000,인천광역시 연수구 송도1동,인천광역시,연수구,송도1동,pre_reform_code_preserved_district_not_reorganized,15288,5606,2793,3071,2907,705,147,38,10,6,5,36.6693,jumin_households_size_202512.csv
2025,2025-12,2818583000,인천광역시 연수구 송도2동,인천광역시,연수구,송도2동,pre_reform_code_preserved_district_not_reorganized,12413,1884,2209,3564,3793,795,116,40,7,3,2,15.1776,jumin_households_size_202512.csv
2025,2025-12,2818584000,인천광역시 연수구 송도3동,인천광역시,연수구,송도3동,pre_reform_code_preserved_district_not_reorganized,19720,6085,3870,4772,4087,739,110,37,12,5,3,30.8570,jumin_households_size_202512.csv
2025,2025-12,2818585000,인천광역시 연수구 송도4동,인천광역시,연수구,송도4동,pre_reform_code_preserved_district_not_reorganized,19954,4165,4192,5545,4975,910,133,25,8,1,0,20.8730,jumin_households_size_202512.csv
2025,2025-12,2818586000,인천광역시 연수구 송도5동,인천광역시,연수구,송도5동,pre_reform_code_preserved_district_not_reorganized,17373,3525,4324,4897,3854,637,113,14,6,2,1,20.2901,jumin_households_size_202512.csv
2025,2025-12,2820051000,인천광역시 남동구 구월1동,인천광역시,남동구,구월1동,pre_reform_code_preserved_district_not_reorganized,13834,5463,3416,2507,1945,413,73,14,2,0,1,39.4897,jumin_households_size_202512.csv
2025,2025-12,2820052000,인천광역시 남동구 구월2동,인천광역시,남동구,구월2동,pre_reform_code_preserved_district_not_reorganized,13938,3116,3590,3514,2918,647,114,30,5,2,2,22.3561,jumin_households_size_202512.csv
2025,2025-12,2820052100,인천광역시 남동구 구월3동,인천광역시,남동구,구월3동,pre_reform_code_preserved_district_not_reorganized,17190,11066,3253,1649,944,212,50,13,1,2,0,64.3746,jumin_households_size_202512.csv
2025,2025-12,2820052200,인천광역시 남동구 구월4동,인천광역시,남동구,구월4동,pre_reform_code_preserved_district_not_reorganized,7406,4200,1844,788,440,103,24,5,2,0,0,56.7108,jumin_households_size_202512.csv
2025,2025-12,2820053000,인천광역시 남동구 간석1동,인천광역시,남동구,간석1동,pre_reform_code_preserved_district_not_reorganized,9127,4237,2437,1457,773,177,33,11,2,0,0,46.4227,jumin_households_size_202512.csv
2025,2025-12,2820054000,인천광역시 남동구 간석2동,인천광역시,남동구,간석2동,pre_reform_code_preserved_district_not_reorganized,9227,3604,2267,1696,1248,318,74,16,3,1,0,39.0593,jumin_households_size_202512.csv
2025,2025-12,2820055000,인천광역시 남동구 간석3동,인천광역시,남동구,간석3동,pre_reform_code_preserved_district_not_reorganized,12526,5637,3389,2036,1128,258,58,14,3,1,2,45.0024,jumin_households_size_202512.csv
2025,2025-12,2820055100,인천광역시 남동구 간석4동,인천광역시,남동구,간석4동,pre_reform_code_preserved_district_not_reorganized,13629,5991,3557,2302,1370,333,57,14,3,2,0,43.9577,jumin_households_size_202512.csv
2025,2025-12,2820056000,인천광역시 남동구 만수1동,인천광역시,남동구,만수1동,pre_reform_code_preserved_district_not_reorganized,8675,4737,2221,1092,493,107,20,5,0,0,0,54.6052,jumin_households_size_202512.csv
2025,2025-12,2820057000,인천광역시 남동구 만수2동,인천광역시,남동구,만수2동,pre_reform_code_preserved_district_not_reorganized,9505,3066,2665,1951,1390,360,56,12,3,2,0,32.2567,jumin_households_size_202512.csv
2025,2025-12,2820058000,인천광역시 남동구 만수3동,인천광역시,남동구,만수3동,pre_reform_code_preserved_district_not_reorganized,6959,2416,1960,1355,955,208,51,11,1,0,2,34.7176,jumin_households_size_202512.csv
2025,2025-12,2820058100,인천광역시 남동구 만수4동,인천광역시,남동구,만수4동,pre_reform_code_preserved_district_not_reorganized,8734,3380,2588,1583,973,165,39,3,1,2,0,38.6993,jumin_households_size_202512.csv
2025,2025-12,2820058200,인천광역시 남동구 만수5동,인천광역시,남동구,만수5동,pre_reform_code_preserved_district_not_reorganized,7421,3602,2092,1050,508,132,31,5,1,0,0,48.5379,jumin_households_size_202512.csv
2025,2025-12,2820058300,인천광역시 남동구 만수6동,인천광역시,남동구,만수6동,pre_reform_code_preserved_district_not_reorganized,10072,3897,2769,1812,1240,267,67,17,2,0,1,38.6914,jumin_households_size_202512.csv
2025,2025-12,2820065000,인천광역시 남동구 장수서창동,인천광역시,남동구,장수서창동,pre_reform_code_preserved_district_not_reorganized,7787,2487,2236,1492,1155,324,67,17,7,2,0,31.9378,jumin_households_size_202512.csv
2025,2025-12,2820065500,인천광역시 남동구 서창2동,인천광역시,남동구,서창2동,pre_reform_code_preserved_district_not_reorganized,15657,5236,3602,3144,2937,617,99,20,0,2,0,33.4419,jumin_households_size_202512.csv
2025,2025-12,2820066000,인천광역시 남동구 남촌도림동,인천광역시,남동구,남촌도림동,pre_reform_code_preserved_district_not_reorganized,8896,3488,2586,1555,962,242,52,11,0,0,0,39.2086,jumin_households_size_202512.csv
2025,2025-12,2820069000,인천광역시 남동구 논현1동,인천광역시,남동구,논현1동,pre_reform_code_preserved_district_not_reorganized,14048,5486,3514,2462,2001,456,98,21,7,2,1,39.0518,jumin_households_size_202512.csv
2025,2025-12,2820070000,인천광역시 남동구 논현2동,인천광역시,남동구,논현2동,pre_reform_code_preserved_district_not_reorganized,15049,6715,3945,2275,1592,411,84,19,6,1,1,44.6209,jumin_households_size_202512.csv
2025,2025-12,2820071000,인천광역시 남동구 논현고잔동,인천광역시,남동구,논현고잔동,pre_reform_code_preserved_district_not_reorganized,15640,4567,3545,3426,3322,646,106,20,7,0,1,29.2008,jumin_households_size_202512.csv
2025,2025-12,2823751000,인천광역시 부평구 부평1동,인천광역시,부평구,부평1동,pre_reform_code_preserved_district_not_reorganized,17282,7881,4382,2827,1756,342,64,20,8,2,0,45.6024,jumin_households_size_202512.csv
2025,2025-12,2823752000,인천광역시 부평구 부평2동,인천광역시,부평구,부평2동,pre_reform_code_preserved_district_not_reorganized,8407,3763,2336,1349,767,151,29,2,8,0,2,44.7603,jumin_households_size_202512.csv
2025,2025-12,2823753000,인천광역시 부평구 부평3동,인천광역시,부평구,부평3동,pre_reform_code_preserved_district_not_reorganized,7426,3272,1997,1306,674,137,30,4,3,0,3,44.0614,jumin_households_size_202512.csv
2025,2025-12,2823754000,인천광역시 부평구 부평4동,인천광역시,부평구,부평4동,pre_reform_code_preserved_district_not_reorganized,17629,9007,4296,2518,1421,307,70,7,2,0,1,51.0920,jumin_households_size_202512.csv
2025,2025-12,2823755000,인천광역시 부평구 부평5동,인천광역시,부평구,부평5동,pre_reform_code_preserved_district_not_reorganized,16399,7371,4165,2739,1683,376,51,13,0,1,0,44.9479,jumin_households_size_202512.csv
2025,2025-12,2823756000,인천광역시 부평구 부평6동,인천광역시,부평구,부평6동,pre_reform_code_preserved_district_not_reorganized,9269,3865,2588,1605,985,193,29,1,1,0,2,41.6981,jumin_households_size_202512.csv
2025,2025-12,2823757000,인천광역시 부평구 산곡1동,인천광역시,부평구,산곡1동,pre_reform_code_preserved_district_not_reorganized,6268,1995,1848,1398,830,154,34,6,2,1,0,31.8283,jumin_households_size_202512.csv
2025,2025-12,2823758000,인천광역시 부평구 산곡2동,인천광역시,부평구,산곡2동,pre_reform_code_preserved_district_not_reorganized,10619,2057,2896,2651,2385,495,105,22,4,3,1,19.3709,jumin_households_size_202512.csv
2025,2025-12,2823758100,인천광역시 부평구 산곡3동,인천광역시,부평구,산곡3동,pre_reform_code_preserved_district_not_reorganized,8499,2691,2492,1756,1158,305,75,15,6,0,1,31.6625,jumin_households_size_202512.csv
2025,2025-12,2823758200,인천광역시 부평구 산곡4동,인천광역시,부평구,산곡4동,pre_reform_code_preserved_district_not_reorganized,6538,1724,1830,1519,1121,273,53,13,4,1,0,26.3689,jumin_households_size_202512.csv
2025,2025-12,2823759100,인천광역시 부평구 청천1동,인천광역시,부평구,청천1동,pre_reform_code_preserved_district_not_reorganized,9653,2865,2741,2273,1482,257,31,1,3,0,0,29.6799,jumin_households_size_202512.csv
2025,2025-12,2823759200,인천광역시 부평구 청천2동,인천광역시,부평구,청천2동,pre_reform_code_preserved_district_not_reorganized,14521,5021,4115,2870,2023,394,73,19,5,1,0,34.5775,jumin_households_size_202512.csv
2025,2025-12,2823764100,인천광역시 부평구 갈산1동,인천광역시,부평구,갈산1동,pre_reform_code_preserved_district_not_reorganized,6646,2571,1897,1272,727,139,36,2,2,0,0,38.6849,jumin_households_size_202512.csv
2025,2025-12,2823764200,인천광역시 부평구 갈산2동,인천광역시,부평구,갈산2동,pre_reform_code_preserved_district_not_reorganized,8042,3326,2094,1366,918,262,57,12,4,2,1,41.3579,jumin_households_size_202512.csv
2025,2025-12,2823764600,인천광역시 부평구 삼산1동,인천광역시,부평구,삼산1동,pre_reform_code_preserved_district_not_reorganized,14052,5005,3755,2855,1984,384,55,13,1,0,0,35.6177,jumin_households_size_202512.csv
2025,2025-12,2823764800,인천광역시 부평구 삼산2동,인천광역시,부평구,삼산2동,pre_reform_code_preserved_district_not_reorganized,10174,2263,2617,2444,2272,506,59,12,1,0,0,22.2430,jumin_households_size_202512.csv
2025,2025-12,2823765000,인천광역시 부평구 부개1동,인천광역시,부평구,부개1동,pre_reform_code_preserved_district_not_reorganized,7638,3543,2139,1137,646,126,36,6,4,0,1,46.3865,jumin_households_size_202512.csv
2025,2025-12,2823766000,인천광역시 부평구 부개2동,인천광역시,부평구,부개2동,pre_reform_code_preserved_district_not_reorganized,8285,2786,2367,1655,1148,267,51,10,1,0,0,33.6270,jumin_households_size_202512.csv
2025,2025-12,2823766100,인천광역시 부평구 부개3동,인천광역시,부평구,부개3동,pre_reform_code_preserved_district_not_reorganized,12014,4023,3346,2464,1760,352,54,10,4,0,1,33.4859,jumin_households_size_202512.csv
2025,2025-12,2823767000,인천광역시 부평구 일신동,인천광역시,부평구,일신동,pre_reform_code_preserved_district_not_reorganized,4972,1687,1471,970,653,159,22,8,0,0,2,33.9300,jumin_households_size_202512.csv
2025,2025-12,2823768000,인천광역시 부평구 십정1동,인천광역시,부평구,십정1동,pre_reform_code_preserved_district_not_reorganized,10789,3753,3158,2305,1255,265,42,7,2,1,1,34.7854,jumin_households_size_202512.csv
2025,2025-12,2823769000,인천광역시 부평구 십정2동,인천광역시,부평구,십정2동,pre_reform_code_preserved_district_not_reorganized,11170,5848,2773,1458,844,193,35,14,4,1,0,52.3545,jumin_households_size_202512.csv
2025,2025-12,2824560100,인천광역시 계양구 효성1동,인천광역시,계양구,효성1동,pre_reform_code_preserved_district_not_reorganized,11583,4042,3337,2388,1424,327,50,14,1,0,0,34.8960,jumin_households_size_202512.csv
2025,2025-12,2824560200,인천광역시 계양구 효성2동,인천광역시,계양구,효성2동,pre_reform_code_preserved_district_not_reorganized,12563,3857,3806,2668,1760,377,77,17,1,0,0,30.7013,jumin_households_size_202512.csv
2025,2025-12,2824561100,인천광역시 계양구 계산1동,인천광역시,계양구,계산1동,pre_reform_code_preserved_district_not_reorganized,9726,5372,2280,1216,666,158,27,5,2,0,0,55.2334,jumin_households_size_202512.csv
2025,2025-12,2824561200,인천광역시 계양구 계산2동,인천광역시,계양구,계산2동,pre_reform_code_preserved_district_not_reorganized,7414,3763,1922,1041,531,113,35,3,2,3,1,50.7553,jumin_households_size_202512.csv
2025,2025-12,2824561300,인천광역시 계양구 계산3동,인천광역시,계양구,계산3동,pre_reform_code_preserved_district_not_reorganized,8382,3521,2381,1451,820,176,28,3,2,0,0,42.0067,jumin_households_size_202512.csv
2025,2025-12,2824561400,인천광역시 계양구 계산4동,인천광역시,계양구,계산4동,pre_reform_code_preserved_district_not_reorganized,9326,3363,1892,1856,1809,340,50,14,2,0,0,36.0605,jumin_households_size_202512.csv
2025,2025-12,2824562100,인천광역시 계양구 작전1동,인천광역시,계양구,작전1동,pre_reform_code_preserved_district_not_reorganized,11073,3622,3045,2382,1635,319,56,10,3,1,0,32.7102,jumin_households_size_202512.csv
2025,2025-12,2824562200,인천광역시 계양구 작전2동,인천광역시,계양구,작전2동,pre_reform_code_preserved_district_not_reorganized,11030,4205,3169,2040,1306,257,41,8,3,0,1,38.1233,jumin_households_size_202512.csv
2025,2025-12,2824564000,인천광역시 계양구 작전서운동,인천광역시,계양구,작전서운동,pre_reform_code_preserved_district_not_reorganized,13910,4753,3609,2897,2121,420,90,15,2,1,2,34.1697,jumin_households_size_202512.csv
2025,2025-12,2824571000,인천광역시 계양구 계양1동,인천광역시,계양구,계양1동,pre_reform_code_preserved_district_not_reorganized,8190,2772,2332,1704,1032,272,57,11,3,1,6,33.8462,jumin_households_size_202512.csv
2025,2025-12,2824572000,인천광역시 계양구 계양2동,인천광역시,계양구,계양2동,pre_reform_code_preserved_district_not_reorganized,15686,7361,4125,2457,1378,304,43,14,2,0,2,46.9272,jumin_households_size_202512.csv
2025,2025-12,2824573000,인천광역시 계양구 계양3동,인천광역시,계양구,계양3동,pre_reform_code_preserved_district_not_reorganized,9692,2983,2731,1976,1509,399,80,8,6,0,0,30.7780,jumin_households_size_202512.csv
2025,2025-12,2826051500,인천광역시 서구 검암경서동,인천광역시,서구,검암경서동,requires_2026_07_01_reform_crosswalk,19747,7848,5014,3568,2542,634,118,15,3,5,0,39.7427,jumin_households_size_202512.csv
2025,2025-12,2826053000,인천광역시 서구 연희동,인천광역시,서구,연희동,requires_2026_07_01_reform_crosswalk,18319,8476,4691,2872,1742,447,67,18,3,3,0,46.2689,jumin_households_size_202512.csv
2025,2025-12,2826053600,인천광역시 서구 청라1동,인천광역시,서구,청라1동,requires_2026_07_01_reform_crosswalk,12036,3626,2436,2786,2511,542,102,27,5,0,1,30.1263,jumin_households_size_202512.csv
2025,2025-12,2826053700,인천광역시 서구 청라2동,인천광역시,서구,청라2동,requires_2026_07_01_reform_crosswalk,18211,4990,3698,4145,4248,927,154,35,7,5,2,27.4010,jumin_households_size_202512.csv
2025,2025-12,2826053900,인천광역시 서구 청라3동,인천광역시,서구,청라3동,requires_2026_07_01_reform_crosswalk,14388,4611,2609,3154,3121,751,116,22,1,0,3,32.0475,jumin_households_size_202512.csv
2025,2025-12,2826054200,인천광역시 서구 가정1동,인천광역시,서구,가정1동,requires_2026_07_01_reform_crosswalk,17512,5922,4024,3755,3124,598,68,14,7,0,0,33.8168,jumin_households_size_202512.csv
2025,2025-12,2826054300,인천광역시 서구 가정2동,인천광역시,서구,가정2동,requires_2026_07_01_reform_crosswalk,7121,2152,1779,1720,1223,203,36,7,1,0,0,30.2205,jumin_households_size_202512.csv
2025,2025-12,2826054400,인천광역시 서구 가정3동,인천광역시,서구,가정3동,requires_2026_07_01_reform_crosswalk,4109,1749,1139,701,388,107,20,5,0,0,0,42.5651,jumin_households_size_202512.csv
2025,2025-12,2826055000,인천광역시 서구 석남1동,인천광역시,서구,석남1동,requires_2026_07_01_reform_crosswalk,10301,4932,2746,1529,841,218,31,2,0,1,1,47.8788,jumin_households_size_202512.csv
2025,2025-12,2826056000,인천광역시 서구 석남2동,인천광역시,서구,석남2동,requires_2026_07_01_reform_crosswalk,5784,2432,1687,969,538,130,20,8,0,0,0,42.0470,jumin_households_size_202512.csv
2025,2025-12,2826056100,인천광역시 서구 석남3동,인천광역시,서구,석남3동,requires_2026_07_01_reform_crosswalk,6692,3009,1923,1046,553,127,25,4,4,0,1,44.9641,jumin_households_size_202512.csv
2025,2025-12,2826057500,인천광역시 서구 신현원창동,인천광역시,서구,신현원창동,requires_2026_07_01_reform_crosswalk,12418,4085,3375,2601,1836,420,75,17,4,4,1,32.8958,jumin_households_size_202512.csv
2025,2025-12,2826058000,인천광역시 서구 가좌1동,인천광역시,서구,가좌1동,requires_2026_07_01_reform_crosswalk,6606,3181,1862,967,465,111,14,3,2,0,1,48.1532,jumin_households_size_202512.csv
2025,2025-12,2826059000,인천광역시 서구 가좌2동,인천광역시,서구,가좌2동,requires_2026_07_01_reform_crosswalk,7497,2114,2225,1618,1187,281,49,20,3,0,0,28.1979,jumin_households_size_202512.csv
2025,2025-12,2826060000,인천광역시 서구 가좌3동,인천광역시,서구,가좌3동,requires_2026_07_01_reform_crosswalk,7900,3700,2260,1185,611,112,25,5,1,0,1,46.8354,jumin_households_size_202512.csv
2025,2025-12,2826061000,인천광역시 서구 가좌4동,인천광역시,서구,가좌4동,requires_2026_07_01_reform_crosswalk,5764,2228,1685,1073,633,124,16,4,1,0,0,38.6537,jumin_households_size_202512.csv
2025,2025-12,2826068000,인천광역시 서구 검단동,인천광역시,서구,검단동,requires_2026_07_01_reform_crosswalk,15361,6701,3688,2530,1875,479,64,22,2,0,0,43.6235,jumin_households_size_202512.csv
2025,2025-12,2826069000,인천광역시 서구 불로대곡동,인천광역시,서구,불로대곡동,requires_2026_07_01_reform_crosswalk,16596,4168,3957,4069,3406,835,135,20,4,2,0,25.1145,jumin_households_size_202512.csv
2025,2025-12,2826070000,인천광역시 서구 원당동,인천광역시,서구,원당동,requires_2026_07_01_reform_crosswalk,9797,3674,2215,1882,1589,354,67,13,1,2,0,37.5013,jumin_households_size_202512.csv
2025,2025-12,2826071000,인천광역시 서구 당하동,인천광역시,서구,당하동,requires_2026_07_01_reform_crosswalk,18629,6298,4839,3873,2900,583,104,20,10,1,1,33.8075,jumin_households_size_202512.csv
2025,2025-12,2826072000,인천광역시 서구 오류왕길동,인천광역시,서구,오류왕길동,requires_2026_07_01_reform_crosswalk,10639,3465,2682,2196,1785,416,73,13,7,0,2,32.5689,jumin_households_size_202512.csv
2025,2025-12,2826073000,인천광역시 서구 마전동,인천광역시,서구,마전동,requires_2026_07_01_reform_crosswalk,8154,2180,1928,1824,1638,468,87,21,5,3,0,26.7353,jumin_households_size_202512.csv
2025,2025-12,2826075000,인천광역시 서구 아라1동,인천광역시,서구,아라1동,requires_2026_07_01_reform_crosswalk,17610,4284,4152,4614,3782,671,86,15,4,2,0,24.3271,jumin_households_size_202512.csv
2025,2025-12,2826076000,인천광역시 서구 아라2동,인천광역시,서구,아라2동,requires_2026_07_01_reform_crosswalk,10911,2007,2242,3077,2949,546,76,12,2,0,0,18.3943,jumin_households_size_202512.csv
2025,2025-12,2871025000,인천광역시 강화군 강화읍,인천광역시,강화군,강화읍,pre_reform_code_preserved_district_not_reorganized,10587,4639,3006,1527,950,353,89,12,6,3,2,43.8179,jumin_households_size_202512.csv
2025,2025-12,2871031000,인천광역시 강화군 선원면,인천광역시,강화군,선원면,pre_reform_code_preserved_district_not_reorganized,4732,1806,1507,726,494,150,42,4,3,0,0,38.1657,jumin_households_size_202512.csv
2025,2025-12,2871032000,인천광역시 강화군 불은면,인천광역시,강화군,불은면,pre_reform_code_preserved_district_not_reorganized,2788,1378,938,271,126,52,18,2,2,1,0,49.4261,jumin_households_size_202512.csv
2025,2025-12,2871033000,인천광역시 강화군 길상면,인천광역시,강화군,길상면,pre_reform_code_preserved_district_not_reorganized,3773,1721,1198,495,230,83,33,9,3,0,1,45.6136,jumin_households_size_202512.csv
2025,2025-12,2871034000,인천광역시 강화군 화도면,인천광역시,강화군,화도면,pre_reform_code_preserved_district_not_reorganized,2489,1228,810,262,114,53,16,5,0,1,0,49.3371,jumin_households_size_202512.csv
2025,2025-12,2871035000,인천광역시 강화군 양도면,인천광역시,강화군,양도면,pre_reform_code_preserved_district_not_reorganized,2209,988,797,250,103,44,20,4,1,0,2,44.7261,jumin_households_size_202512.csv
2025,2025-12,2871036000,인천광역시 강화군 내가면,인천광역시,강화군,내가면,pre_reform_code_preserved_district_not_reorganized,1622,788,553,176,68,22,11,3,0,1,0,48.5820,jumin_households_size_202512.csv
2025,2025-12,2871037000,인천광역시 강화군 하점면,인천광역시,강화군,하점면,pre_reform_code_preserved_district_not_reorganized,2115,1005,698,247,95,40,18,8,1,1,2,47.5177,jumin_households_size_202512.csv
2025,2025-12,2871038000,인천광역시 강화군 양사면,인천광역시,강화군,양사면,pre_reform_code_preserved_district_not_reorganized,1059,519,354,99,59,17,6,4,0,0,1,49.0085,jumin_households_size_202512.csv
2025,2025-12,2871039000,인천광역시 강화군 송해면,인천광역시,강화군,송해면,pre_reform_code_preserved_district_not_reorganized,1664,716,593,196,114,29,11,3,2,0,0,43.0288,jumin_households_size_202512.csv
2025,2025-12,2871040000,인천광역시 강화군 교동면,인천광역시,강화군,교동면,pre_reform_code_preserved_district_not_reorganized,1503,744,521,159,51,21,6,0,1,0,0,49.5010,jumin_households_size_202512.csv
2025,2025-12,2871041000,인천광역시 강화군 삼산면,인천광역시,강화군,삼산면,pre_reform_code_preserved_district_not_reorganized,1182,628,374,113,44,20,2,1,0,0,0,53.1303,jumin_households_size_202512.csv
2025,2025-12,2871042000,인천광역시 강화군 서도면,인천광역시,강화군,서도면,pre_reform_code_preserved_district_not_reorganized,222,126,69,16,6,4,0,0,0,1,0,56.7568,jumin_households_size_202512.csv
2025,2025-12,2871042500,인천광역시 강화군 서도면볼음출장소,인천광역시,강화군,서도면볼음출장소,pre_reform_code_preserved_district_not_reorganized,185,115,55,11,2,2,0,0,0,0,0,62.1622,jumin_households_size_202512.csv
2025,2025-12,2872031000,인천광역시 옹진군 북도면,인천광역시,옹진군,북도면,pre_reform_code_preserved_district_not_reorganized,686,389,196,61,23,9,4,3,0,1,0,56.7055,jumin_households_size_202512.csv
2025,2025-12,2872031500,인천광역시 옹진군 북도면장봉출장소,인천광역시,옹진군,북도면장봉출장소,pre_reform_code_preserved_district_not_reorganized,553,313,174,47,11,3,2,0,1,0,2,56.6004,jumin_households_size_202512.csv
2025,2025-12,2872033000,인천광역시 옹진군 백령면,인천광역시,옹진군,백령면,pre_reform_code_preserved_district_not_reorganized,2840,1821,594,219,152,41,10,1,2,0,0,64.1197,jumin_households_size_202512.csv
2025,2025-12,2872034000,인천광역시 옹진군 대청면,인천광역시,옹진군,대청면,pre_reform_code_preserved_district_not_reorganized,763,504,169,53,25,8,2,1,1,0,0,66.0550,jumin_households_size_202512.csv
2025,2025-12,2872034500,인천광역시 옹진군 대청면소청출장소,인천광역시,옹진군,대청면소청출장소,pre_reform_code_preserved_district_not_reorganized,185,141,40,3,0,1,0,0,0,0,0,76.2162,jumin_households_size_202512.csv
2025,2025-12,2872035000,인천광역시 옹진군 덕적면,인천광역시,옹진군,덕적면,pre_reform_code_preserved_district_not_reorganized,1249,796,337,72,31,8,3,2,0,0,0,63.7310,jumin_households_size_202512.csv
2025,2025-12,2872036000,인천광역시 옹진군 영흥면,인천광역시,옹진군,영흥면,pre_reform_code_preserved_district_not_reorganized,3825,2201,967,392,182,59,19,5,0,0,0,57.5425,jumin_households_size_202512.csv
2025,2025-12,2872037000,인천광역시 옹진군 자월면,인천광역시,옹진군,자월면,pre_reform_code_preserved_district_not_reorganized,607,378,168,35,17,7,1,0,0,0,1,62.2735,jumin_households_size_202512.csv
2025,2025-12,2872037500,인천광역시 옹진군 자월면이작출장소,인천광역시,옹진군,자월면이작출장소,pre_reform_code_preserved_district_not_reorganized,224,128,71,13,7,5,0,0,0,0,0,57.1429,jumin_households_size_202512.csv
2025,2025-12,2872038000,인천광역시 옹진군 연평면,인천광역시,옹진군,연평면,pre_reform_code_preserved_district_not_reorganized,1403,1080,208,70,32,11,2,0,0,0,0,76.9779,jumin_households_size_202512.csv
