reference_year,reference_period,source_admin_code,source_admin_name,source_sido_name,source_sigungu_name,source_eupmyeondong_name,harmonization_status,population_total,population_age_60_plus_exact,population_age_70_plus_exact,population_age_65_plus_status,households_total,one_person_households,one_person_household_share_pct,one_person_age_source_available,one_person_age_60_plus_exact,one_person_age_70_plus_exact,one_person_age_65_plus_status,source_population_file,source_households_file,source_one_person_age_file
2021,2021-12,2811052000,인천광역시 중구 연안동,인천광역시,중구,연안동,requires_2026_07_01_reform_crosswalk,6145,2357,992,not_calculated_source_aggregates_ages_60_to_69,3392,1848,54.4811,no,,,source_not_available_before_2023,jumin_population_age_202112.csv,jumin_households_size_202112.csv,
2021,2021-12,2811053000,인천광역시 중구 신포동,인천광역시,중구,신포동,requires_2026_07_01_reform_crosswalk,5086,1827,973,not_calculated_source_aggregates_ages_60_to_69,2730,1484,54.3590,no,,,source_not_available_before_2023,jumin_population_age_202112.csv,jumin_households_size_202112.csv,
2021,2021-12,2811054000,인천광역시 중구 신흥동,인천광역시,중구,신흥동,requires_2026_07_01_reform_crosswalk,13241,3916,1795,not_calculated_source_aggregates_ages_60_to_69,6297,2720,43.1952,no,,,source_not_available_before_2023,jumin_population_age_202112.csv,jumin_households_size_202112.csv,
2021,2021-12,2811056000,인천광역시 중구 도원동,인천광역시,중구,도원동,requires_2026_07_01_reform_crosswalk,3925,1566,793,not_calculated_source_aggregates_ages_60_to_69,2073,1013,48.8664,no,,,source_not_available_before_2023,jumin_population_age_202112.csv,jumin_households_size_202112.csv,
2021,2021-12,2811057000,인천광역시 중구 율목동,인천광역시,중구,율목동,requires_2026_07_01_reform_crosswalk,3192,1268,641,not_calculated_source_aggregates_ages_60_to_69,1819,1023,56.2397,no,,,source_not_available_before_2023,jumin_population_age_202112.csv,jumin_households_size_202112.csv,
2021,2021-12,2811058500,인천광역시 중구 동인천동,인천광역시,중구,동인천동,requires_2026_07_01_reform_crosswalk,5818,2303,1171,not_calculated_source_aggregates_ages_60_to_69,3415,2058,60.2635,no,,,source_not_available_before_2023,jumin_population_age_202112.csv,jumin_households_size_202112.csv,
2021,2021-12,2811061500,인천광역시 중구 개항동,인천광역시,중구,개항동,requires_2026_07_01_reform_crosswalk,7022,2741,1357,not_calculated_source_aggregates_ages_60_to_69,3645,1747,47.9287,no,,,source_not_available_before_2023,jumin_population_age_202112.csv,jumin_households_size_202112.csv,
2021,2021-12,2811062000,인천광역시 중구 영종동,인천광역시,중구,영종동,requires_2026_07_01_reform_crosswalk,19131,4481,1703,not_calculated_source_aggregates_ages_60_to_69,10097,5347,52.9563,no,,,source_not_available_before_2023,jumin_population_age_202112.csv,jumin_households_size_202112.csv,
2021,2021-12,2811062200,인천광역시 중구 영종1동,인천광역시,중구,영종1동,requires_2026_07_01_reform_crosswalk,44046,5040,1956,not_calculated_source_aggregates_ages_60_to_69,16826,4364,25.9361,no,,,source_not_available_before_2023,jumin_population_age_202112.csv,jumin_households_size_202112.csv,
2021,2021-12,2811062800,인천광역시 중구 운서동,인천광역시,중구,운서동,requires_2026_07_01_reform_crosswalk,32080,3988,1866,not_calculated_source_aggregates_ages_60_to_69,18171,11544,63.5298,no,,,source_not_available_before_2023,jumin_population_age_202112.csv,jumin_households_size_202112.csv,
2021,2021-12,2811063000,인천광역시 중구 용유동,인천광역시,중구,용유동,requires_2026_07_01_reform_crosswalk,3947,1943,867,not_calculated_source_aggregates_ages_60_to_69,2596,1682,64.7920,no,,,source_not_available_before_2023,jumin_population_age_202112.csv,jumin_households_size_202112.csv,
2021,2021-12,2814051000,인천광역시 동구 만석동,인천광역시,동구,만석동,requires_2026_07_01_reform_crosswalk,6940,2118,985,not_calculated_source_aggregates_ages_60_to_69,3229,1333,41.2821,no,,,source_not_available_before_2023,jumin_population_age_202112.csv,jumin_households_size_202112.csv,
2021,2021-12,2814052500,인천광역시 동구 화수1.화평동,인천광역시,동구,화수1.화평동,requires_2026_07_01_reform_crosswalk,5929,2223,1134,not_calculated_source_aggregates_ages_60_to_69,2849,1225,42.9975,no,,,source_not_available_before_2023,jumin_population_age_202112.csv,jumin_households_size_202112.csv,
2021,2021-12,2814053000,인천광역시 동구 화수2동,인천광역시,동구,화수2동,requires_2026_07_01_reform_crosswalk,7597,2868,1484,not_calculated_source_aggregates_ages_60_to_69,3728,1598,42.8648,no,,,source_not_available_before_2023,jumin_population_age_202112.csv,jumin_households_size_202112.csv,
2021,2021-12,2814055500,인천광역시 동구 송현1.2동,인천광역시,동구,송현1.2동,requires_2026_07_01_reform_crosswalk,10394,2968,1381,not_calculated_source_aggregates_ages_60_to_69,4440,1426,32.1171,no,,,source_not_available_before_2023,jumin_population_age_202112.csv,jumin_households_size_202112.csv,
2021,2021-12,2814057000,인천광역시 동구 송현3동,인천광역시,동구,송현3동,requires_2026_07_01_reform_crosswalk,3561,1470,724,not_calculated_source_aggregates_ages_60_to_69,1936,979,50.5682,no,,,source_not_available_before_2023,jumin_population_age_202112.csv,jumin_households_size_202112.csv,
2021,2021-12,2814058000,인천광역시 동구 송림1동,인천광역시,동구,송림1동,requires_2026_07_01_reform_crosswalk,1571,614,313,not_calculated_source_aggregates_ages_60_to_69,698,250,35.8166,no,,,source_not_available_before_2023,jumin_population_age_202112.csv,jumin_households_size_202112.csv,
2021,2021-12,2814059000,인천광역시 동구 송림2동,인천광역시,동구,송림2동,requires_2026_07_01_reform_crosswalk,2722,1262,661,not_calculated_source_aggregates_ages_60_to_69,1545,865,55.9871,no,,,source_not_available_before_2023,jumin_population_age_202112.csv,jumin_households_size_202112.csv,
2021,2021-12,2814060500,인천광역시 동구 송림3.5동,인천광역시,동구,송림3.5동,requires_2026_07_01_reform_crosswalk,7529,2493,1218,not_calculated_source_aggregates_ages_60_to_69,3501,1476,42.1594,no,,,source_not_available_before_2023,jumin_population_age_202112.csv,jumin_households_size_202112.csv,
2021,2021-12,2814061000,인천광역시 동구 송림4동,인천광역시,동구,송림4동,requires_2026_07_01_reform_crosswalk,6132,1199,467,not_calculated_source_aggregates_ages_60_to_69,2581,793,30.7245,no,,,source_not_available_before_2023,jumin_population_age_202112.csv,jumin_households_size_202112.csv,
2021,2021-12,2814063000,인천광역시 동구 송림6동,인천광역시,동구,송림6동,requires_2026_07_01_reform_crosswalk,6203,1820,845,not_calculated_source_aggregates_ages_60_to_69,2637,878,33.2954,no,,,source_not_available_before_2023,jumin_population_age_202112.csv,jumin_households_size_202112.csv,
2021,2021-12,2814064000,인천광역시 동구 금창동,인천광역시,동구,금창동,requires_2026_07_01_reform_crosswalk,2908,1291,717,not_calculated_source_aggregates_ages_60_to_69,1537,767,49.9024,no,,,source_not_available_before_2023,jumin_population_age_202112.csv,jumin_households_size_202112.csv,
2021,2021-12,2817751000,인천광역시 미추홀구 숭의2동,인천광역시,미추홀구,숭의2동,pre_reform_code_preserved_district_not_reorganized,14726,4057,1927,not_calculated_source_aggregates_ages_60_to_69,7004,2942,42.0046,no,,,source_not_available_before_2023,jumin_population_age_202112.csv,jumin_households_size_202112.csv,
2021,2021-12,2817752000,인천광역시 미추홀구 숭의1.3동,인천광역시,미추홀구,숭의1.3동,pre_reform_code_preserved_district_not_reorganized,13855,3284,1521,not_calculated_source_aggregates_ages_60_to_69,6771,2909,42.9626,no,,,source_not_available_before_2023,jumin_population_age_202112.csv,jumin_households_size_202112.csv,
2021,2021-12,2817753000,인천광역시 미추홀구 숭의4동,인천광역시,미추홀구,숭의4동,pre_reform_code_preserved_district_not_reorganized,16409,4718,2195,not_calculated_source_aggregates_ages_60_to_69,7882,3349,42.4892,no,,,source_not_available_before_2023,jumin_population_age_202112.csv,jumin_households_size_202112.csv,
2021,2021-12,2817754000,인천광역시 미추홀구 용현1.4동,인천광역시,미추홀구,용현1.4동,pre_reform_code_preserved_district_not_reorganized,17411,5345,2649,not_calculated_source_aggregates_ages_60_to_69,10523,6594,62.6627,no,,,source_not_available_before_2023,jumin_population_age_202112.csv,jumin_households_size_202112.csv,
2021,2021-12,2817755000,인천광역시 미추홀구 용현2동,인천광역시,미추홀구,용현2동,pre_reform_code_preserved_district_not_reorganized,17948,4668,2191,not_calculated_source_aggregates_ages_60_to_69,8519,3681,43.2093,no,,,source_not_available_before_2023,jumin_population_age_202112.csv,jumin_households_size_202112.csv,
2021,2021-12,2817756000,인천광역시 미추홀구 용현3동,인천광역시,미추홀구,용현3동,pre_reform_code_preserved_district_not_reorganized,7642,2848,1421,not_calculated_source_aggregates_ages_60_to_69,4414,2509,56.8419,no,,,source_not_available_before_2023,jumin_population_age_202112.csv,jumin_households_size_202112.csv,
2021,2021-12,2817757000,인천광역시 미추홀구 용현5동,인천광역시,미추홀구,용현5동,pre_reform_code_preserved_district_not_reorganized,47690,9862,4130,not_calculated_source_aggregates_ages_60_to_69,20171,7127,35.3329,no,,,source_not_available_before_2023,jumin_population_age_202112.csv,jumin_households_size_202112.csv,
2021,2021-12,2817758000,인천광역시 미추홀구 학익1동,인천광역시,미추홀구,학익1동,pre_reform_code_preserved_district_not_reorganized,32105,7544,3157,not_calculated_source_aggregates_ages_60_to_69,12927,3933,30.4247,no,,,source_not_available_before_2023,jumin_population_age_202112.csv,jumin_households_size_202112.csv,
2021,2021-12,2817759000,인천광역시 미추홀구 학익2동,인천광역시,미추홀구,학익2동,pre_reform_code_preserved_district_not_reorganized,18265,5257,2449,not_calculated_source_aggregates_ages_60_to_69,8072,2885,35.7408,no,,,source_not_available_before_2023,jumin_population_age_202112.csv,jumin_households_size_202112.csv,
2021,2021-12,2817760000,인천광역시 미추홀구 도화1동,인천광역시,미추홀구,도화1동,pre_reform_code_preserved_district_not_reorganized,23296,6053,2731,not_calculated_source_aggregates_ages_60_to_69,11206,4732,42.2274,no,,,source_not_available_before_2023,jumin_population_age_202112.csv,jumin_households_size_202112.csv,
2021,2021-12,2817761000,인천광역시 미추홀구 도화2.3동,인천광역시,미추홀구,도화2.3동,pre_reform_code_preserved_district_not_reorganized,33023,7440,3030,not_calculated_source_aggregates_ages_60_to_69,14587,5409,37.0810,no,,,source_not_available_before_2023,jumin_population_age_202112.csv,jumin_households_size_202112.csv,
2021,2021-12,2817762000,인천광역시 미추홀구 주안1동,인천광역시,미추홀구,주안1동,pre_reform_code_preserved_district_not_reorganized,20533,3757,1406,not_calculated_source_aggregates_ages_60_to_69,11922,7051,59.1428,no,,,source_not_available_before_2023,jumin_population_age_202112.csv,jumin_households_size_202112.csv,
2021,2021-12,2817763000,인천광역시 미추홀구 주안2동,인천광역시,미추홀구,주안2동,pre_reform_code_preserved_district_not_reorganized,16785,5363,2493,not_calculated_source_aggregates_ages_60_to_69,8442,3824,45.2973,no,,,source_not_available_before_2023,jumin_population_age_202112.csv,jumin_households_size_202112.csv,
2021,2021-12,2817764000,인천광역시 미추홀구 주안3동,인천광역시,미추홀구,주안3동,pre_reform_code_preserved_district_not_reorganized,8762,2813,1339,not_calculated_source_aggregates_ages_60_to_69,4470,2156,48.2327,no,,,source_not_available_before_2023,jumin_population_age_202112.csv,jumin_households_size_202112.csv,
2021,2021-12,2817765000,인천광역시 미추홀구 주안4동,인천광역시,미추홀구,주안4동,pre_reform_code_preserved_district_not_reorganized,13460,4968,2417,not_calculated_source_aggregates_ages_60_to_69,7052,3446,48.8656,no,,,source_not_available_before_2023,jumin_population_age_202112.csv,jumin_households_size_202112.csv,
2021,2021-12,2817766000,인천광역시 미추홀구 주안5동,인천광역시,미추홀구,주안5동,pre_reform_code_preserved_district_not_reorganized,20674,5581,2446,not_calculated_source_aggregates_ages_60_to_69,10199,4543,44.5436,no,,,source_not_available_before_2023,jumin_population_age_202112.csv,jumin_households_size_202112.csv,
2021,2021-12,2817767000,인천광역시 미추홀구 주안6동,인천광역시,미추홀구,주안6동,pre_reform_code_preserved_district_not_reorganized,21988,5181,2220,not_calculated_source_aggregates_ages_60_to_69,10116,4138,40.9055,no,,,source_not_available_before_2023,jumin_population_age_202112.csv,jumin_households_size_202112.csv,
2021,2021-12,2817768000,인천광역시 미추홀구 주안7동,인천광역시,미추홀구,주안7동,pre_reform_code_preserved_district_not_reorganized,12524,4334,1984,not_calculated_source_aggregates_ages_60_to_69,6071,2549,41.9865,no,,,source_not_available_before_2023,jumin_population_age_202112.csv,jumin_households_size_202112.csv,
2021,2021-12,2817769000,인천광역시 미추홀구 주안8동,인천광역시,미추홀구,주안8동,pre_reform_code_preserved_district_not_reorganized,20995,5819,2476,not_calculated_source_aggregates_ages_60_to_69,9351,3346,35.7823,no,,,source_not_available_before_2023,jumin_population_age_202112.csv,jumin_households_size_202112.csv,
2021,2021-12,2817770000,인천광역시 미추홀구 관교동,인천광역시,미추홀구,관교동,pre_reform_code_preserved_district_not_reorganized,15123,4330,1786,not_calculated_source_aggregates_ages_60_to_69,6326,2025,32.0107,no,,,source_not_available_before_2023,jumin_population_age_202112.csv,jumin_households_size_202112.csv,
2021,2021-12,2817771000,인천광역시 미추홀구 문학동,인천광역시,미추홀구,문학동,pre_reform_code_preserved_district_not_reorganized,14250,2977,1217,not_calculated_source_aggregates_ages_60_to_69,7536,4031,53.4899,no,,,source_not_available_before_2023,jumin_population_age_202112.csv,jumin_households_size_202112.csv,
2021,2021-12,2818563000,인천광역시 연수구 옥련1동,인천광역시,연수구,옥련1동,pre_reform_code_preserved_district_not_reorganized,19332,4741,2083,not_calculated_source_aggregates_ages_60_to_69,8292,2826,34.0810,no,,,source_not_available_before_2023,jumin_population_age_202112.csv,jumin_households_size_202112.csv,
2021,2021-12,2818564000,인천광역시 연수구 옥련2동,인천광역시,연수구,옥련2동,pre_reform_code_preserved_district_not_reorganized,20365,4544,1852,not_calculated_source_aggregates_ages_60_to_69,7971,2146,26.9226,no,,,source_not_available_before_2023,jumin_population_age_202112.csv,jumin_households_size_202112.csv,
2021,2021-12,2818575000,인천광역시 연수구 선학동,인천광역시,연수구,선학동,pre_reform_code_preserved_district_not_reorganized,17176,5129,1962,not_calculated_source_aggregates_ages_60_to_69,8205,3574,43.5588,no,,,source_not_available_before_2023,jumin_population_age_202112.csv,jumin_households_size_202112.csv,
2021,2021-12,2818576100,인천광역시 연수구 연수1동,인천광역시,연수구,연수1동,pre_reform_code_preserved_district_not_reorganized,19404,4570,1765,not_calculated_source_aggregates_ages_60_to_69,9810,4963,50.5912,no,,,source_not_available_before_2023,jumin_population_age_202112.csv,jumin_households_size_202112.csv,
2021,2021-12,2818576200,인천광역시 연수구 연수2동,인천광역시,연수구,연수2동,pre_reform_code_preserved_district_not_reorganized,21168,5036,1992,not_calculated_source_aggregates_ages_60_to_69,9887,4191,42.3890,no,,,source_not_available_before_2023,jumin_population_age_202112.csv,jumin_households_size_202112.csv,
2021,2021-12,2818576300,인천광역시 연수구 연수3동,인천광역시,연수구,연수3동,pre_reform_code_preserved_district_not_reorganized,16112,4717,2041,not_calculated_source_aggregates_ages_60_to_69,7462,2947,39.4934,no,,,source_not_available_before_2023,jumin_population_age_202112.csv,jumin_households_size_202112.csv,
2021,2021-12,2818576600,인천광역시 연수구 청학동,인천광역시,연수구,청학동,pre_reform_code_preserved_district_not_reorganized,24815,6971,2822,not_calculated_source_aggregates_ages_60_to_69,12682,6222,49.0617,no,,,source_not_available_before_2023,jumin_population_age_202112.csv,jumin_households_size_202112.csv,
2021,2021-12,2818578000,인천광역시 연수구 동춘1동,인천광역시,연수구,동춘1동,pre_reform_code_preserved_district_not_reorganized,25462,4765,1501,not_calculated_source_aggregates_ages_60_to_69,9299,1863,20.0344,no,,,source_not_available_before_2023,jumin_population_age_202112.csv,jumin_households_size_202112.csv,
2021,2021-12,2818579000,인천광역시 연수구 동춘2동,인천광역시,연수구,동춘2동,pre_reform_code_preserved_district_not_reorganized,18328,3733,1345,not_calculated_source_aggregates_ages_60_to_69,7003,1581,22.5760,no,,,source_not_available_before_2023,jumin_population_age_202112.csv,jumin_households_size_202112.csv,
2021,2021-12,2818579500,인천광역시 연수구 동춘3동,인천광역시,연수구,동춘3동,pre_reform_code_preserved_district_not_reorganized,18558,3494,1362,not_calculated_source_aggregates_ages_60_to_69,5833,605,10.3720,no,,,source_not_available_before_2023,jumin_population_age_202112.csv,jumin_households_size_202112.csv,
2021,2021-12,2818582000,인천광역시 연수구 송도1동,인천광역시,연수구,송도1동,pre_reform_code_preserved_district_not_reorganized,37659,5606,1870,not_calculated_source_aggregates_ages_60_to_69,14547,4777,32.8384,no,,,source_not_available_before_2023,jumin_population_age_202112.csv,jumin_households_size_202112.csv,
2021,2021-12,2818583000,인천광역시 연수구 송도2동,인천광역시,연수구,송도2동,pre_reform_code_preserved_district_not_reorganized,36729,3607,1171,not_calculated_source_aggregates_ages_60_to_69,11831,1682,14.2169,no,,,source_not_available_before_2023,jumin_population_age_202112.csv,jumin_households_size_202112.csv,
2021,2021-12,2818584000,인천광역시 연수구 송도3동,인천광역시,연수구,송도3동,pre_reform_code_preserved_district_not_reorganized,49052,4787,1540,not_calculated_source_aggregates_ages_60_to_69,18832,5458,28.9826,no,,,source_not_available_before_2023,jumin_population_age_202112.csv,jumin_households_size_202112.csv,
2021,2021-12,2818585000,인천광역시 연수구 송도4동,인천광역시,연수구,송도4동,pre_reform_code_preserved_district_not_reorganized,25468,2501,721,not_calculated_source_aggregates_ages_60_to_69,9380,2311,24.6375,no,,,source_not_available_before_2023,jumin_population_age_202112.csv,jumin_households_size_202112.csv,
2021,2021-12,2818586000,인천광역시 연수구 송도5동,인천광역시,연수구,송도5동,pre_reform_code_preserved_district_not_reorganized,40016,3867,965,not_calculated_source_aggregates_ages_60_to_69,14950,3268,21.8595,no,,,source_not_available_before_2023,jumin_population_age_202112.csv,jumin_households_size_202112.csv,
2021,2021-12,2820051000,인천광역시 남동구 구월1동,인천광역시,남동구,구월1동,pre_reform_code_preserved_district_not_reorganized,31445,6428,2406,not_calculated_source_aggregates_ages_60_to_69,13181,4479,33.9807,no,,,source_not_available_before_2023,jumin_population_age_202112.csv,jumin_households_size_202112.csv,
2021,2021-12,2820052000,인천광역시 남동구 구월2동,인천광역시,남동구,구월2동,pre_reform_code_preserved_district_not_reorganized,35508,6926,2555,not_calculated_source_aggregates_ages_60_to_69,12772,2641,20.6780,no,,,source_not_available_before_2023,jumin_population_age_202112.csv,jumin_households_size_202112.csv,
2021,2021-12,2820052100,인천광역시 남동구 구월3동,인천광역시,남동구,구월3동,pre_reform_code_preserved_district_not_reorganized,30158,5167,2000,not_calculated_source_aggregates_ages_60_to_69,17430,10508,60.2869,no,,,source_not_available_before_2023,jumin_population_age_202112.csv,jumin_households_size_202112.csv,
2021,2021-12,2820052200,인천광역시 남동구 구월4동,인천광역시,남동구,구월4동,pre_reform_code_preserved_district_not_reorganized,14630,4376,1893,not_calculated_source_aggregates_ages_60_to_69,7806,4005,51.3067,no,,,source_not_available_before_2023,jumin_population_age_202112.csv,jumin_households_size_202112.csv,
2021,2021-12,2820053000,인천광역시 남동구 간석1동,인천광역시,남동구,간석1동,pre_reform_code_preserved_district_not_reorganized,21199,5882,2631,not_calculated_source_aggregates_ages_60_to_69,10384,4671,44.9827,no,,,source_not_available_before_2023,jumin_population_age_202112.csv,jumin_households_size_202112.csv,
2021,2021-12,2820054000,인천광역시 남동구 간석2동,인천광역시,남동구,간석2동,pre_reform_code_preserved_district_not_reorganized,21965,5353,2264,not_calculated_source_aggregates_ages_60_to_69,9441,3443,36.4686,no,,,source_not_available_before_2023,jumin_population_age_202112.csv,jumin_households_size_202112.csv,
2021,2021-12,2820055000,인천광역시 남동구 간석3동,인천광역시,남동구,간석3동,pre_reform_code_preserved_district_not_reorganized,27576,7382,3041,not_calculated_source_aggregates_ages_60_to_69,13121,5432,41.3993,no,,,source_not_available_before_2023,jumin_population_age_202112.csv,jumin_households_size_202112.csv,
2021,2021-12,2820055100,인천광역시 남동구 간석4동,인천광역시,남동구,간석4동,pre_reform_code_preserved_district_not_reorganized,29093,7171,2857,not_calculated_source_aggregates_ages_60_to_69,13452,5459,40.5813,no,,,source_not_available_before_2023,jumin_population_age_202112.csv,jumin_households_size_202112.csv,
2021,2021-12,2820056000,인천광역시 남동구 만수1동,인천광역시,남동구,만수1동,pre_reform_code_preserved_district_not_reorganized,17128,5395,2438,not_calculated_source_aggregates_ages_60_to_69,9023,4378,48.5204,no,,,source_not_available_before_2023,jumin_population_age_202112.csv,jumin_households_size_202112.csv,
2021,2021-12,2820057000,인천광역시 남동구 만수2동,인천광역시,남동구,만수2동,pre_reform_code_preserved_district_not_reorganized,24289,5911,2291,not_calculated_source_aggregates_ages_60_to_69,9870,2834,28.7133,no,,,source_not_available_before_2023,jumin_population_age_202112.csv,jumin_households_size_202112.csv,
2021,2021-12,2820058000,인천광역시 남동구 만수3동,인천광역시,남동구,만수3동,pre_reform_code_preserved_district_not_reorganized,17709,4262,1642,not_calculated_source_aggregates_ages_60_to_69,7438,2374,31.9172,no,,,source_not_available_before_2023,jumin_population_age_202112.csv,jumin_households_size_202112.csv,
2021,2021-12,2820058100,인천광역시 남동구 만수4동,인천광역시,남동구,만수4동,pre_reform_code_preserved_district_not_reorganized,21056,5470,2172,not_calculated_source_aggregates_ages_60_to_69,9166,3062,33.4061,no,,,source_not_available_before_2023,jumin_population_age_202112.csv,jumin_households_size_202112.csv,
2021,2021-12,2820058200,인천광역시 남동구 만수5동,인천광역시,남동구,만수5동,pre_reform_code_preserved_district_not_reorganized,15307,4994,2158,not_calculated_source_aggregates_ages_60_to_69,7646,3426,44.8077,no,,,source_not_available_before_2023,jumin_population_age_202112.csv,jumin_households_size_202112.csv,
2021,2021-12,2820058300,인천광역시 남동구 만수6동,인천광역시,남동구,만수6동,pre_reform_code_preserved_district_not_reorganized,24342,6488,2672,not_calculated_source_aggregates_ages_60_to_69,10319,3435,33.2881,no,,,source_not_available_before_2023,jumin_population_age_202112.csv,jumin_households_size_202112.csv,
2021,2021-12,2820065000,인천광역시 남동구 장수서창동,인천광역시,남동구,장수서창동,pre_reform_code_preserved_district_not_reorganized,19919,5012,1903,not_calculated_source_aggregates_ages_60_to_69,7987,2298,28.7718,no,,,source_not_available_before_2023,jumin_population_age_202112.csv,jumin_households_size_202112.csv,
2021,2021-12,2820065500,인천광역시 남동구 서창2동,인천광역시,남동구,서창2동,pre_reform_code_preserved_district_not_reorganized,39527,6711,2346,not_calculated_source_aggregates_ages_60_to_69,15837,4840,30.5613,no,,,source_not_available_before_2023,jumin_population_age_202112.csv,jumin_households_size_202112.csv,
2021,2021-12,2820066000,인천광역시 남동구 남촌도림동,인천광역시,남동구,남촌도림동,pre_reform_code_preserved_district_not_reorganized,21097,5581,2222,not_calculated_source_aggregates_ages_60_to_69,9306,3287,35.3213,no,,,source_not_available_before_2023,jumin_population_age_202112.csv,jumin_households_size_202112.csv,
2021,2021-12,2820069000,인천광역시 남동구 논현1동,인천광역시,남동구,논현1동,pre_reform_code_preserved_district_not_reorganized,32014,6208,2354,not_calculated_source_aggregates_ages_60_to_69,13475,4605,34.1744,no,,,source_not_available_before_2023,jumin_population_age_202112.csv,jumin_households_size_202112.csv,
2021,2021-12,2820070000,인천광역시 남동구 논현2동,인천광역시,남동구,논현2동,pre_reform_code_preserved_district_not_reorganized,32974,7043,2993,not_calculated_source_aggregates_ages_60_to_69,15094,6065,40.1815,no,,,source_not_available_before_2023,jumin_population_age_202112.csv,jumin_households_size_202112.csv,
2021,2021-12,2820071000,인천광역시 남동구 논현고잔동,인천광역시,남동구,논현고잔동,pre_reform_code_preserved_district_not_reorganized,41336,6085,2201,not_calculated_source_aggregates_ages_60_to_69,15694,4345,27.6857,no,,,source_not_available_before_2023,jumin_population_age_202112.csv,jumin_households_size_202112.csv,
2021,2021-12,2823751000,인천광역시 부평구 부평1동,인천광역시,부평구,부평1동,pre_reform_code_preserved_district_not_reorganized,36682,8372,3482,not_calculated_source_aggregates_ages_60_to_69,16748,6671,39.8316,no,,,source_not_available_before_2023,jumin_population_age_202112.csv,jumin_households_size_202112.csv,
2021,2021-12,2823752000,인천광역시 부평구 부평2동,인천광역시,부평구,부평2동,pre_reform_code_preserved_district_not_reorganized,14921,4027,1798,not_calculated_source_aggregates_ages_60_to_69,7205,3159,43.8446,no,,,source_not_available_before_2023,jumin_population_age_202112.csv,jumin_households_size_202112.csv,
2021,2021-12,2823753000,인천광역시 부평구 부평3동,인천광역시,부평구,부평3동,pre_reform_code_preserved_district_not_reorganized,12746,3974,1792,not_calculated_source_aggregates_ages_60_to_69,6300,2872,45.5873,no,,,source_not_available_before_2023,jumin_population_age_202112.csv,jumin_households_size_202112.csv,
2021,2021-12,2823754000,인천광역시 부평구 부평4동,인천광역시,부평구,부평4동,pre_reform_code_preserved_district_not_reorganized,36983,8010,3317,not_calculated_source_aggregates_ages_60_to_69,18607,8825,47.4284,no,,,source_not_available_before_2023,jumin_population_age_202112.csv,jumin_households_size_202112.csv,
2021,2021-12,2823755000,인천광역시 부평구 부평5동,인천광역시,부평구,부평5동,pre_reform_code_preserved_district_not_reorganized,31745,6316,2562,not_calculated_source_aggregates_ages_60_to_69,15476,6858,44.3138,no,,,source_not_available_before_2023,jumin_population_age_202112.csv,jumin_households_size_202112.csv,
2021,2021-12,2823756000,인천광역시 부평구 부평6동,인천광역시,부평구,부평6동,pre_reform_code_preserved_district_not_reorganized,14975,3848,1606,not_calculated_source_aggregates_ages_60_to_69,7285,3202,43.9533,no,,,source_not_available_before_2023,jumin_population_age_202112.csv,jumin_households_size_202112.csv,
2021,2021-12,2823757000,인천광역시 부평구 산곡1동,인천광역시,부평구,산곡1동,pre_reform_code_preserved_district_not_reorganized,11697,3627,1525,not_calculated_source_aggregates_ages_60_to_69,5466,2167,39.6451,no,,,source_not_available_before_2023,jumin_population_age_202112.csv,jumin_households_size_202112.csv,
2021,2021-12,2823758000,인천광역시 부평구 산곡2동,인천광역시,부평구,산곡2동,pre_reform_code_preserved_district_not_reorganized,31200,6629,2522,not_calculated_source_aggregates_ages_60_to_69,11022,2047,18.5719,no,,,source_not_available_before_2023,jumin_population_age_202112.csv,jumin_households_size_202112.csv,
2021,2021-12,2823758100,인천광역시 부평구 산곡3동,인천광역시,부평구,산곡3동,pre_reform_code_preserved_district_not_reorganized,22079,6902,3132,not_calculated_source_aggregates_ages_60_to_69,8867,2533,28.5666,no,,,source_not_available_before_2023,jumin_population_age_202112.csv,jumin_households_size_202112.csv,
2021,2021-12,2823758200,인천광역시 부평구 산곡4동,인천광역시,부평구,산곡4동,pre_reform_code_preserved_district_not_reorganized,17762,4302,1755,not_calculated_source_aggregates_ages_60_to_69,6679,1530,22.9076,no,,,source_not_available_before_2023,jumin_population_age_202112.csv,jumin_households_size_202112.csv,
2021,2021-12,2823759100,인천광역시 부평구 청천1동,인천광역시,부평구,청천1동,pre_reform_code_preserved_district_not_reorganized,6913,1959,744,not_calculated_source_aggregates_ages_60_to_69,3466,1602,46.2204,no,,,source_not_available_before_2023,jumin_population_age_202112.csv,jumin_households_size_202112.csv,
2021,2021-12,2823759200,인천광역시 부평구 청천2동,인천광역시,부평구,청천2동,pre_reform_code_preserved_district_not_reorganized,35302,7934,3015,not_calculated_source_aggregates_ages_60_to_69,14595,4433,30.3734,no,,,source_not_available_before_2023,jumin_population_age_202112.csv,jumin_households_size_202112.csv,
2021,2021-12,2823764100,인천광역시 부평구 갈산1동,인천광역시,부평구,갈산1동,pre_reform_code_preserved_district_not_reorganized,16570,4136,1589,not_calculated_source_aggregates_ages_60_to_69,7373,2664,36.1318,no,,,source_not_available_before_2023,jumin_population_age_202112.csv,jumin_households_size_202112.csv,
2021,2021-12,2823764200,인천광역시 부평구 갈산2동,인천광역시,부평구,갈산2동,pre_reform_code_preserved_district_not_reorganized,18724,5417,2141,not_calculated_source_aggregates_ages_60_to_69,8240,3058,37.1117,no,,,source_not_available_before_2023,jumin_population_age_202112.csv,jumin_households_size_202112.csv,
2021,2021-12,2823764600,인천광역시 부평구 삼산1동,인천광역시,부평구,삼산1동,pre_reform_code_preserved_district_not_reorganized,33290,7745,3124,not_calculated_source_aggregates_ages_60_to_69,13975,4517,32.3220,no,,,source_not_available_before_2023,jumin_population_age_202112.csv,jumin_households_size_202112.csv,
2021,2021-12,2823764800,인천광역시 부평구 삼산2동,인천광역시,부평구,삼산2동,pre_reform_code_preserved_district_not_reorganized,28818,5073,1978,not_calculated_source_aggregates_ages_60_to_69,10288,2067,20.0914,no,,,source_not_available_before_2023,jumin_population_age_202112.csv,jumin_households_size_202112.csv,
2021,2021-12,2823765000,인천광역시 부평구 부개1동,인천광역시,부평구,부개1동,pre_reform_code_preserved_district_not_reorganized,16165,5238,2245,not_calculated_source_aggregates_ages_60_to_69,7750,3235,41.7419,no,,,source_not_available_before_2023,jumin_population_age_202112.csv,jumin_households_size_202112.csv,
2021,2021-12,2823766000,인천광역시 부평구 부개2동,인천광역시,부평구,부개2동,pre_reform_code_preserved_district_not_reorganized,20059,4623,1861,not_calculated_source_aggregates_ages_60_to_69,8385,2622,31.2701,no,,,source_not_available_before_2023,jumin_population_age_202112.csv,jumin_households_size_202112.csv,
2021,2021-12,2823766100,인천광역시 부평구 부개3동,인천광역시,부평구,부개3동,pre_reform_code_preserved_district_not_reorganized,30754,6553,2558,not_calculated_source_aggregates_ages_60_to_69,12442,3622,29.1111,no,,,source_not_available_before_2023,jumin_population_age_202112.csv,jumin_households_size_202112.csv,
2021,2021-12,2823767000,인천광역시 부평구 일신동,인천광역시,부평구,일신동,pre_reform_code_preserved_district_not_reorganized,12565,3388,1268,not_calculated_source_aggregates_ages_60_to_69,5228,1585,30.3175,no,,,source_not_available_before_2023,jumin_population_age_202112.csv,jumin_households_size_202112.csv,
2021,2021-12,2823768000,인천광역시 부평구 십정1동,인천광역시,부평구,십정1동,pre_reform_code_preserved_district_not_reorganized,13933,3972,1696,not_calculated_source_aggregates_ages_60_to_69,6374,2508,39.3473,no,,,source_not_available_before_2023,jumin_population_age_202112.csv,jumin_households_size_202112.csv,
2021,2021-12,2823769000,인천광역시 부평구 십정2동,인천광역시,부평구,십정2동,pre_reform_code_preserved_district_not_reorganized,22882,6797,2733,not_calculated_source_aggregates_ages_60_to_69,11601,5560,47.9269,no,,,source_not_available_before_2023,jumin_population_age_202112.csv,jumin_households_size_202112.csv,
2021,2021-12,2824560100,인천광역시 계양구 효성1동,인천광역시,계양구,효성1동,pre_reform_code_preserved_district_not_reorganized,27361,7015,2579,not_calculated_source_aggregates_ages_60_to_69,11625,3762,32.3613,no,,,source_not_available_before_2023,jumin_population_age_202112.csv,jumin_households_size_202112.csv,
2021,2021-12,2824560200,인천광역시 계양구 효성2동,인천광역시,계양구,효성2동,pre_reform_code_preserved_district_not_reorganized,28995,7133,2589,not_calculated_source_aggregates_ages_60_to_69,11724,3271,27.9000,no,,,source_not_available_before_2023,jumin_population_age_202112.csv,jumin_households_size_202112.csv,
2021,2021-12,2824561100,인천광역시 계양구 계산1동,인천광역시,계양구,계산1동,pre_reform_code_preserved_district_not_reorganized,19230,5355,1983,not_calculated_source_aggregates_ages_60_to_69,10034,5031,50.1395,no,,,source_not_available_before_2023,jumin_population_age_202112.csv,jumin_households_size_202112.csv,
2021,2021-12,2824561200,인천광역시 계양구 계산2동,인천광역시,계양구,계산2동,pre_reform_code_preserved_district_not_reorganized,15790,4525,1583,not_calculated_source_aggregates_ages_60_to_69,7869,3694,46.9437,no,,,source_not_available_before_2023,jumin_population_age_202112.csv,jumin_households_size_202112.csv,
2021,2021-12,2824561300,인천광역시 계양구 계산3동,인천광역시,계양구,계산3동,pre_reform_code_preserved_district_not_reorganized,19091,4353,1308,not_calculated_source_aggregates_ages_60_to_69,8630,3154,36.5469,no,,,source_not_available_before_2023,jumin_population_age_202112.csv,jumin_households_size_202112.csv,
2021,2021-12,2824561400,인천광역시 계양구 계산4동,인천광역시,계양구,계산4동,pre_reform_code_preserved_district_not_reorganized,23166,4056,1275,not_calculated_source_aggregates_ages_60_to_69,9185,3053,33.2390,no,,,source_not_available_before_2023,jumin_population_age_202112.csv,jumin_households_size_202112.csv,
2021,2021-12,2824562100,인천광역시 계양구 작전1동,인천광역시,계양구,작전1동,pre_reform_code_preserved_district_not_reorganized,27815,6197,2141,not_calculated_source_aggregates_ages_60_to_69,11279,3250,28.8146,no,,,source_not_available_before_2023,jumin_population_age_202112.csv,jumin_households_size_202112.csv,
2021,2021-12,2824562200,인천광역시 계양구 작전2동,인천광역시,계양구,작전2동,pre_reform_code_preserved_district_not_reorganized,19816,5370,1993,not_calculated_source_aggregates_ages_60_to_69,9143,3510,38.3900,no,,,source_not_available_before_2023,jumin_population_age_202112.csv,jumin_households_size_202112.csv,
2021,2021-12,2824564000,인천광역시 계양구 작전서운동,인천광역시,계양구,작전서운동,pre_reform_code_preserved_district_not_reorganized,34996,6147,2202,not_calculated_source_aggregates_ages_60_to_69,14204,4360,30.6956,no,,,source_not_available_before_2023,jumin_population_age_202112.csv,jumin_households_size_202112.csv,
2021,2021-12,2824571000,인천광역시 계양구 계양1동,인천광역시,계양구,계양1동,pre_reform_code_preserved_district_not_reorganized,20887,5238,2065,not_calculated_source_aggregates_ages_60_to_69,8571,2636,30.7549,no,,,source_not_available_before_2023,jumin_population_age_202112.csv,jumin_households_size_202112.csv,
2021,2021-12,2824572000,인천광역시 계양구 계양2동,인천광역시,계양구,계양2동,pre_reform_code_preserved_district_not_reorganized,33090,8248,3381,not_calculated_source_aggregates_ages_60_to_69,15682,6568,41.8824,no,,,source_not_available_before_2023,jumin_population_age_202112.csv,jumin_households_size_202112.csv,
2021,2021-12,2824573000,인천광역시 계양구 계양3동,인천광역시,계양구,계양3동,pre_reform_code_preserved_district_not_reorganized,25459,4830,1795,not_calculated_source_aggregates_ages_60_to_69,10038,2705,26.9476,no,,,source_not_available_before_2023,jumin_population_age_202112.csv,jumin_households_size_202112.csv,
2021,2021-12,2826051500,인천광역시 서구 검암경서동,인천광역시,서구,검암경서동,requires_2026_07_01_reform_crosswalk,45483,6989,2553,not_calculated_source_aggregates_ages_60_to_69,19773,7299,36.9140,no,,,source_not_available_before_2023,jumin_population_age_202112.csv,jumin_households_size_202112.csv,
2021,2021-12,2826053000,인천광역시 서구 연희동,인천광역시,서구,연희동,requires_2026_07_01_reform_crosswalk,40677,9504,3696,not_calculated_source_aggregates_ages_60_to_69,19054,8061,42.3061,no,,,source_not_available_before_2023,jumin_population_age_202112.csv,jumin_households_size_202112.csv,
2021,2021-12,2826053600,인천광역시 서구 청라1동,인천광역시,서구,청라1동,requires_2026_07_01_reform_crosswalk,31513,3134,1042,not_calculated_source_aggregates_ages_60_to_69,11943,3440,28.8035,no,,,source_not_available_before_2023,jumin_population_age_202112.csv,jumin_households_size_202112.csv,
2021,2021-12,2826053700,인천광역시 서구 청라2동,인천광역시,서구,청라2동,requires_2026_07_01_reform_crosswalk,48916,5572,1750,not_calculated_source_aggregates_ages_60_to_69,18069,4788,26.4984,no,,,source_not_available_before_2023,jumin_population_age_202112.csv,jumin_households_size_202112.csv,
2021,2021-12,2826053900,인천광역시 서구 청라3동,인천광역시,서구,청라3동,requires_2026_07_01_reform_crosswalk,31609,3184,904,not_calculated_source_aggregates_ages_60_to_69,11193,2528,22.5855,no,,,source_not_available_before_2023,jumin_population_age_202112.csv,jumin_households_size_202112.csv,
2021,2021-12,2826054200,인천광역시 서구 가정1동,인천광역시,서구,가정1동,requires_2026_07_01_reform_crosswalk,28007,5596,2028,not_calculated_source_aggregates_ages_60_to_69,12006,4206,35.0325,no,,,source_not_available_before_2023,jumin_population_age_202112.csv,jumin_households_size_202112.csv,
2021,2021-12,2826054300,인천광역시 서구 가정2동,인천광역시,서구,가정2동,requires_2026_07_01_reform_crosswalk,6505,1582,457,not_calculated_source_aggregates_ages_60_to_69,3036,1177,38.7681,no,,,source_not_available_before_2023,jumin_population_age_202112.csv,jumin_households_size_202112.csv,
2021,2021-12,2826054400,인천광역시 서구 가정3동,인천광역시,서구,가정3동,requires_2026_07_01_reform_crosswalk,9616,2408,792,not_calculated_source_aggregates_ages_60_to_69,4406,1739,39.4689,no,,,source_not_available_before_2023,jumin_population_age_202112.csv,jumin_households_size_202112.csv,
2021,2021-12,2826055000,인천광역시 서구 석남1동,인천광역시,서구,석남1동,requires_2026_07_01_reform_crosswalk,22322,6128,2272,not_calculated_source_aggregates_ages_60_to_69,10922,4825,44.1769,no,,,source_not_available_before_2023,jumin_population_age_202112.csv,jumin_households_size_202112.csv,
2021,2021-12,2826056000,인천광역시 서구 석남2동,인천광역시,서구,석남2동,requires_2026_07_01_reform_crosswalk,13044,3954,1563,not_calculated_source_aggregates_ages_60_to_69,6239,2562,41.0643,no,,,source_not_available_before_2023,jumin_population_age_202112.csv,jumin_households_size_202112.csv,
2021,2021-12,2826056100,인천광역시 서구 석남3동,인천광역시,서구,석남3동,requires_2026_07_01_reform_crosswalk,13825,3709,1427,not_calculated_source_aggregates_ages_60_to_69,6608,2767,41.8735,no,,,source_not_available_before_2023,jumin_population_age_202112.csv,jumin_households_size_202112.csv,
2021,2021-12,2826057500,인천광역시 서구 신현원창동,인천광역시,서구,신현원창동,requires_2026_07_01_reform_crosswalk,31643,7035,2330,not_calculated_source_aggregates_ages_60_to_69,13008,4011,30.8349,no,,,source_not_available_before_2023,jumin_population_age_202112.csv,jumin_households_size_202112.csv,
2021,2021-12,2826058000,인천광역시 서구 가좌1동,인천광역시,서구,가좌1동,requires_2026_07_01_reform_crosswalk,12442,3280,1280,not_calculated_source_aggregates_ages_60_to_69,6190,2763,44.6365,no,,,source_not_available_before_2023,jumin_population_age_202112.csv,jumin_households_size_202112.csv,
2021,2021-12,2826059000,인천광역시 서구 가좌2동,인천광역시,서구,가좌2동,requires_2026_07_01_reform_crosswalk,19994,4858,1727,not_calculated_source_aggregates_ages_60_to_69,7765,1915,24.6619,no,,,source_not_available_before_2023,jumin_population_age_202112.csv,jumin_households_size_202112.csv,
2021,2021-12,2826060000,인천광역시 서구 가좌3동,인천광역시,서구,가좌3동,requires_2026_07_01_reform_crosswalk,16604,5031,1997,not_calculated_source_aggregates_ages_60_to_69,8046,3363,41.7972,no,,,source_not_available_before_2023,jumin_population_age_202112.csv,jumin_households_size_202112.csv,
2021,2021-12,2826061000,인천광역시 서구 가좌4동,인천광역시,서구,가좌4동,requires_2026_07_01_reform_crosswalk,10502,2822,1045,not_calculated_source_aggregates_ages_60_to_69,4940,2047,41.4372,no,,,source_not_available_before_2023,jumin_population_age_202112.csv,jumin_households_size_202112.csv,
2021,2021-12,2826068000,인천광역시 서구 검단동,인천광역시,서구,검단동,requires_2026_07_01_reform_crosswalk,32853,6244,2407,not_calculated_source_aggregates_ages_60_to_69,14702,5891,40.0694,no,,,source_not_available_before_2023,jumin_population_age_202112.csv,jumin_households_size_202112.csv,
2021,2021-12,2826069000,인천광역시 서구 불로대곡동,인천광역시,서구,불로대곡동,requires_2026_07_01_reform_crosswalk,22596,4477,2073,not_calculated_source_aggregates_ages_60_to_69,9193,2904,31.5893,no,,,source_not_available_before_2023,jumin_population_age_202112.csv,jumin_households_size_202112.csv,
2021,2021-12,2826070000,인천광역시 서구 원당동,인천광역시,서구,원당동,requires_2026_07_01_reform_crosswalk,23987,3418,1526,not_calculated_source_aggregates_ages_60_to_69,9668,3267,33.7919,no,,,source_not_available_before_2023,jumin_population_age_202112.csv,jumin_households_size_202112.csv,
2021,2021-12,2826071000,인천광역시 서구 당하동,인천광역시,서구,당하동,requires_2026_07_01_reform_crosswalk,27799,3921,1485,not_calculated_source_aggregates_ages_60_to_69,10859,3088,28.4372,no,,,source_not_available_before_2023,jumin_population_age_202112.csv,jumin_households_size_202112.csv,
2021,2021-12,2826072000,인천광역시 서구 오류왕길동,인천광역시,서구,오류왕길동,requires_2026_07_01_reform_crosswalk,25551,5070,1957,not_calculated_source_aggregates_ages_60_to_69,10316,3211,31.1264,no,,,source_not_available_before_2023,jumin_population_age_202112.csv,jumin_households_size_202112.csv,
2021,2021-12,2826073000,인천광역시 서구 마전동,인천광역시,서구,마전동,requires_2026_07_01_reform_crosswalk,22801,3713,1538,not_calculated_source_aggregates_ages_60_to_69,8301,1979,23.8405,no,,,source_not_available_before_2023,jumin_population_age_202112.csv,jumin_households_size_202112.csv,
2021,2021-12,2826074000,인천광역시 서구 아라동,인천광역시,서구,아라동,requires_2026_07_01_reform_crosswalk,17091,1481,501,not_calculated_source_aggregates_ages_60_to_69,6597,1729,26.2089,no,,,source_not_available_before_2023,jumin_population_age_202112.csv,jumin_households_size_202112.csv,
2021,2021-12,2871025000,인천광역시 강화군 강화읍,인천광역시,강화군,강화읍,pre_reform_code_preserved_district_not_reorganized,22780,7897,4012,not_calculated_source_aggregates_ages_60_to_69,10638,4357,40.9569,no,,,source_not_available_before_2023,jumin_population_age_202112.csv,jumin_households_size_202112.csv,
2021,2021-12,2871031000,인천광역시 강화군 선원면,인천광역시,강화군,선원면,pre_reform_code_preserved_district_not_reorganized,7959,3058,1495,not_calculated_source_aggregates_ages_60_to_69,3615,1382,38.2296,no,,,source_not_available_before_2023,jumin_population_age_202112.csv,jumin_households_size_202112.csv,
2021,2021-12,2871032000,인천광역시 강화군 불은면,인천광역시,강화군,불은면,pre_reform_code_preserved_district_not_reorganized,4929,2709,1362,not_calculated_source_aggregates_ages_60_to_69,2621,1206,46.0130,no,,,source_not_available_before_2023,jumin_population_age_202112.csv,jumin_households_size_202112.csv,
2021,2021-12,2871033000,인천광역시 강화군 길상면,인천광역시,강화군,길상면,pre_reform_code_preserved_district_not_reorganized,7197,3309,1518,not_calculated_source_aggregates_ages_60_to_69,3608,1615,44.7616,no,,,source_not_available_before_2023,jumin_population_age_202112.csv,jumin_households_size_202112.csv,
2021,2021-12,2871034000,인천광역시 강화군 화도면,인천광역시,강화군,화도면,pre_reform_code_preserved_district_not_reorganized,4563,2489,1266,not_calculated_source_aggregates_ages_60_to_69,2443,1196,48.9562,no,,,source_not_available_before_2023,jumin_population_age_202112.csv,jumin_households_size_202112.csv,
2021,2021-12,2871035000,인천광역시 강화군 양도면,인천광역시,강화군,양도면,pre_reform_code_preserved_district_not_reorganized,4301,2311,1243,not_calculated_source_aggregates_ages_60_to_69,2188,956,43.6929,no,,,source_not_available_before_2023,jumin_population_age_202112.csv,jumin_households_size_202112.csv,
2021,2021-12,2871036000,인천광역시 강화군 내가면,인천광역시,강화군,내가면,pre_reform_code_preserved_district_not_reorganized,3060,1782,959,not_calculated_source_aggregates_ages_60_to_69,1654,760,45.9492,no,,,source_not_available_before_2023,jumin_population_age_202112.csv,jumin_households_size_202112.csv,
2021,2021-12,2871037000,인천광역시 강화군 하점면,인천광역시,강화군,하점면,pre_reform_code_preserved_district_not_reorganized,4034,2349,1368,not_calculated_source_aggregates_ages_60_to_69,2077,923,44.4391,no,,,source_not_available_before_2023,jumin_population_age_202112.csv,jumin_households_size_202112.csv,
2021,2021-12,2871038000,인천광역시 강화군 양사면,인천광역시,강화군,양사면,pre_reform_code_preserved_district_not_reorganized,1885,1096,642,not_calculated_source_aggregates_ages_60_to_69,1001,470,46.9530,no,,,source_not_available_before_2023,jumin_population_age_202112.csv,jumin_households_size_202112.csv,
2021,2021-12,2871039000,인천광역시 강화군 송해면,인천광역시,강화군,송해면,pre_reform_code_preserved_district_not_reorganized,3289,1781,1026,not_calculated_source_aggregates_ages_60_to_69,1664,689,41.4062,no,,,source_not_available_before_2023,jumin_population_age_202112.csv,jumin_households_size_202112.csv,
2021,2021-12,2871040000,인천광역시 강화군 교동면,인천광역시,강화군,교동면,pre_reform_code_preserved_district_not_reorganized,2853,1707,1012,not_calculated_source_aggregates_ages_60_to_69,1559,721,46.2476,no,,,source_not_available_before_2023,jumin_population_age_202112.csv,jumin_households_size_202112.csv,
2021,2021-12,2871041000,인천광역시 강화군 삼산면,인천광역시,강화군,삼산면,pre_reform_code_preserved_district_not_reorganized,2192,1284,672,not_calculated_source_aggregates_ages_60_to_69,1208,590,48.8411,no,,,source_not_available_before_2023,jumin_population_age_202112.csv,jumin_households_size_202112.csv,
2021,2021-12,2871042000,인천광역시 강화군 서도면,인천광역시,강화군,서도면,pre_reform_code_preserved_district_not_reorganized,387,233,131,not_calculated_source_aggregates_ages_60_to_69,220,114,51.8182,no,,,source_not_available_before_2023,jumin_population_age_202112.csv,jumin_households_size_202112.csv,
2021,2021-12,2871042500,인천광역시 강화군 서도면볼음출장소,인천광역시,강화군,서도면볼음출장소,pre_reform_code_preserved_district_not_reorganized,264,182,98,not_calculated_source_aggregates_ages_60_to_69,171,102,59.6491,no,,,source_not_available_before_2023,jumin_population_age_202112.csv,jumin_households_size_202112.csv,
2021,2021-12,2872031000,인천광역시 옹진군 북도면,인천광역시,옹진군,북도면,pre_reform_code_preserved_district_not_reorganized,1166,624,264,not_calculated_source_aggregates_ages_60_to_69,664,362,54.5181,no,,,source_not_available_before_2023,jumin_population_age_202112.csv,jumin_households_size_202112.csv,
2021,2021-12,2872031500,인천광역시 옹진군 북도면장봉출장소,인천광역시,옹진군,북도면장봉출장소,pre_reform_code_preserved_district_not_reorganized,985,515,241,not_calculated_source_aggregates_ages_60_to_69,528,276,52.2727,no,,,source_not_available_before_2023,jumin_population_age_202112.csv,jumin_households_size_202112.csv,
2021,2021-12,2872033000,인천광역시 옹진군 백령면,인천광역시,옹진군,백령면,pre_reform_code_preserved_district_not_reorganized,4969,1553,736,not_calculated_source_aggregates_ages_60_to_69,2926,1831,62.5769,no,,,source_not_available_before_2023,jumin_population_age_202112.csv,jumin_households_size_202112.csv,
2021,2021-12,2872034000,인천광역시 옹진군 대청면,인천광역시,옹진군,대청면,pre_reform_code_preserved_district_not_reorganized,1179,485,237,not_calculated_source_aggregates_ages_60_to_69,721,442,61.3037,no,,,source_not_available_before_2023,jumin_population_age_202112.csv,jumin_households_size_202112.csv,
2021,2021-12,2872034500,인천광역시 옹진군 대청면소청출장소,인천광역시,옹진군,대청면소청출장소,pre_reform_code_preserved_district_not_reorganized,220,117,70,not_calculated_source_aggregates_ages_60_to_69,171,130,76.0234,no,,,source_not_available_before_2023,jumin_population_age_202112.csv,jumin_households_size_202112.csv,
2021,2021-12,2872035000,인천광역시 옹진군 덕적면,인천광역시,옹진군,덕적면,pre_reform_code_preserved_district_not_reorganized,1894,1043,548,not_calculated_source_aggregates_ages_60_to_69,1159,678,58.4987,no,,,source_not_available_before_2023,jumin_population_age_202112.csv,jumin_households_size_202112.csv,
2021,2021-12,2872036000,인천광역시 옹진군 영흥면,인천광역시,옹진군,영흥면,pre_reform_code_preserved_district_not_reorganized,6561,2593,1100,not_calculated_source_aggregates_ages_60_to_69,3673,2033,55.3499,no,,,source_not_available_before_2023,jumin_population_age_202112.csv,jumin_households_size_202112.csv,
2021,2021-12,2872037000,인천광역시 옹진군 자월면,인천광역시,옹진군,자월면,pre_reform_code_preserved_district_not_reorganized,947,497,263,not_calculated_source_aggregates_ages_60_to_69,563,322,57.1936,no,,,source_not_available_before_2023,jumin_population_age_202112.csv,jumin_households_size_202112.csv,
2021,2021-12,2872037500,인천광역시 옹진군 자월면이작출장소,인천광역시,옹진군,자월면이작출장소,pre_reform_code_preserved_district_not_reorganized,373,203,105,not_calculated_source_aggregates_ages_60_to_69,228,137,60.0877,no,,,source_not_available_before_2023,jumin_population_age_202112.csv,jumin_households_size_202112.csv,
2021,2021-12,2872038000,인천광역시 옹진군 연평면,인천광역시,옹진군,연평면,pre_reform_code_preserved_district_not_reorganized,2048,579,241,not_calculated_source_aggregates_ages_60_to_69,1428,1066,74.6499,no,,,source_not_available_before_2023,jumin_population_age_202112.csv,jumin_households_size_202112.csv,
2022,2022-12,2811052000,인천광역시 중구 연안동,인천광역시,중구,연안동,requires_2026_07_01_reform_crosswalk,5775,2333,1009,not_calculated_source_aggregates_ages_60_to_69,3220,1776,55.1553,no,,,source_not_available_before_2023,jumin_population_age_202212.csv,jumin_households_size_202212.csv,
2022,2022-12,2811053000,인천광역시 중구 신포동,인천광역시,중구,신포동,requires_2026_07_01_reform_crosswalk,4779,1729,951,not_calculated_source_aggregates_ages_60_to_69,2560,1391,54.3359,no,,,source_not_available_before_2023,jumin_population_age_202212.csv,jumin_households_size_202212.csv,
2022,2022-12,2811054000,인천광역시 중구 신흥동,인천광역시,중구,신흥동,requires_2026_07_01_reform_crosswalk,13430,4044,1895,not_calculated_source_aggregates_ages_60_to_69,6392,2733,42.7566,no,,,source_not_available_before_2023,jumin_population_age_202212.csv,jumin_households_size_202212.csv,
2022,2022-12,2811056000,인천광역시 중구 도원동,인천광역시,중구,도원동,requires_2026_07_01_reform_crosswalk,3959,1640,853,not_calculated_source_aggregates_ages_60_to_69,2174,1126,51.7939,no,,,source_not_available_before_2023,jumin_population_age_202212.csv,jumin_households_size_202212.csv,
2022,2022-12,2811057000,인천광역시 중구 율목동,인천광역시,중구,율목동,requires_2026_07_01_reform_crosswalk,3082,1281,653,not_calculated_source_aggregates_ages_60_to_69,1805,1042,57.7285,no,,,source_not_available_before_2023,jumin_population_age_202212.csv,jumin_households_size_202212.csv,
2022,2022-12,2811058500,인천광역시 중구 동인천동,인천광역시,중구,동인천동,requires_2026_07_01_reform_crosswalk,5626,2321,1196,not_calculated_source_aggregates_ages_60_to_69,3337,2019,60.5034,no,,,source_not_available_before_2023,jumin_population_age_202212.csv,jumin_households_size_202212.csv,
2022,2022-12,2811061500,인천광역시 중구 개항동,인천광역시,중구,개항동,requires_2026_07_01_reform_crosswalk,7172,2790,1383,not_calculated_source_aggregates_ages_60_to_69,3906,2039,52.2017,no,,,source_not_available_before_2023,jumin_population_age_202212.csv,jumin_households_size_202212.csv,
2022,2022-12,2811062000,인천광역시 중구 영종동,인천광역시,중구,영종동,requires_2026_07_01_reform_crosswalk,22378,4981,1884,not_calculated_source_aggregates_ages_60_to_69,11554,5865,50.7616,no,,,source_not_available_before_2023,jumin_population_age_202212.csv,jumin_households_size_202212.csv,
2022,2022-12,2811062200,인천광역시 중구 영종1동,인천광역시,중구,영종1동,requires_2026_07_01_reform_crosswalk,46893,5825,2306,not_calculated_source_aggregates_ages_60_to_69,18148,4918,27.0994,no,,,source_not_available_before_2023,jumin_population_age_202212.csv,jumin_households_size_202212.csv,
2022,2022-12,2811062800,인천광역시 중구 운서동,인천광역시,중구,운서동,requires_2026_07_01_reform_crosswalk,36098,4716,2111,not_calculated_source_aggregates_ages_60_to_69,20401,12655,62.0313,no,,,source_not_available_before_2023,jumin_population_age_202212.csv,jumin_households_size_202212.csv,
2022,2022-12,2811063000,인천광역시 중구 용유동,인천광역시,중구,용유동,requires_2026_07_01_reform_crosswalk,3739,1927,878,not_calculated_source_aggregates_ages_60_to_69,2463,1586,64.3930,no,,,source_not_available_before_2023,jumin_population_age_202212.csv,jumin_households_size_202212.csv,
2022,2022-12,2814051000,인천광역시 동구 만석동,인천광역시,동구,만석동,requires_2026_07_01_reform_crosswalk,6701,2219,1035,not_calculated_source_aggregates_ages_60_to_69,3175,1334,42.0157,no,,,source_not_available_before_2023,jumin_population_age_202212.csv,jumin_households_size_202212.csv,
2022,2022-12,2814052500,인천광역시 동구 화수1.화평동,인천광역시,동구,화수1.화평동,requires_2026_07_01_reform_crosswalk,5794,2295,1214,not_calculated_source_aggregates_ages_60_to_69,2817,1226,43.5215,no,,,source_not_available_before_2023,jumin_population_age_202212.csv,jumin_households_size_202212.csv,
2022,2022-12,2814053000,인천광역시 동구 화수2동,인천광역시,동구,화수2동,requires_2026_07_01_reform_crosswalk,7421,2994,1555,not_calculated_source_aggregates_ages_60_to_69,3729,1671,44.8109,no,,,source_not_available_before_2023,jumin_population_age_202212.csv,jumin_households_size_202212.csv,
2022,2022-12,2814055500,인천광역시 동구 송현1.2동,인천광역시,동구,송현1.2동,requires_2026_07_01_reform_crosswalk,10096,3030,1458,not_calculated_source_aggregates_ages_60_to_69,4393,1460,33.2347,no,,,source_not_available_before_2023,jumin_population_age_202212.csv,jumin_households_size_202212.csv,
2022,2022-12,2814057000,인천광역시 동구 송현3동,인천광역시,동구,송현3동,requires_2026_07_01_reform_crosswalk,3287,1432,729,not_calculated_source_aggregates_ages_60_to_69,1808,926,51.2168,no,,,source_not_available_before_2023,jumin_population_age_202212.csv,jumin_households_size_202212.csv,
2022,2022-12,2814058000,인천광역시 동구 송림1동,인천광역시,동구,송림1동,requires_2026_07_01_reform_crosswalk,3350,1002,494,not_calculated_source_aggregates_ages_60_to_69,1485,504,33.9394,no,,,source_not_available_before_2023,jumin_population_age_202212.csv,jumin_households_size_202212.csv,
2022,2022-12,2814059000,인천광역시 동구 송림2동,인천광역시,동구,송림2동,requires_2026_07_01_reform_crosswalk,2175,1095,589,not_calculated_source_aggregates_ages_60_to_69,1307,779,59.6021,no,,,source_not_available_before_2023,jumin_population_age_202212.csv,jumin_households_size_202212.csv,
2022,2022-12,2814060500,인천광역시 동구 송림3.5동,인천광역시,동구,송림3.5동,requires_2026_07_01_reform_crosswalk,5801,1801,893,not_calculated_source_aggregates_ages_60_to_69,2573,958,37.2328,no,,,source_not_available_before_2023,jumin_population_age_202212.csv,jumin_households_size_202212.csv,
2022,2022-12,2814061000,인천광역시 동구 송림4동,인천광역시,동구,송림4동,requires_2026_07_01_reform_crosswalk,6091,1251,501,not_calculated_source_aggregates_ages_60_to_69,2537,714,28.1435,no,,,source_not_available_before_2023,jumin_population_age_202212.csv,jumin_households_size_202212.csv,
2022,2022-12,2814063000,인천광역시 동구 송림6동,인천광역시,동구,송림6동,requires_2026_07_01_reform_crosswalk,5902,1830,869,not_calculated_source_aggregates_ages_60_to_69,2497,818,32.7593,no,,,source_not_available_before_2023,jumin_population_age_202212.csv,jumin_households_size_202212.csv,
2022,2022-12,2814064000,인천광역시 동구 금창동,인천광역시,동구,금창동,requires_2026_07_01_reform_crosswalk,2381,1122,643,not_calculated_source_aggregates_ages_60_to_69,1297,672,51.8119,no,,,source_not_available_before_2023,jumin_population_age_202212.csv,jumin_households_size_202212.csv,
2022,2022-12,2817751000,인천광역시 미추홀구 숭의2동,인천광역시,미추홀구,숭의2동,pre_reform_code_preserved_district_not_reorganized,14533,4178,1967,not_calculated_source_aggregates_ages_60_to_69,6951,2922,42.0371,no,,,source_not_available_before_2023,jumin_population_age_202212.csv,jumin_households_size_202212.csv,
2022,2022-12,2817752000,인천광역시 미추홀구 숭의1.3동,인천광역시,미추홀구,숭의1.3동,pre_reform_code_preserved_district_not_reorganized,15959,3753,1670,not_calculated_source_aggregates_ages_60_to_69,7574,3046,40.2165,no,,,source_not_available_before_2023,jumin_population_age_202212.csv,jumin_households_size_202212.csv,
2022,2022-12,2817753000,인천광역시 미추홀구 숭의4동,인천광역시,미추홀구,숭의4동,pre_reform_code_preserved_district_not_reorganized,15656,4669,2195,not_calculated_source_aggregates_ages_60_to_69,7598,3261,42.9192,no,,,source_not_available_before_2023,jumin_population_age_202212.csv,jumin_households_size_202212.csv,
2022,2022-12,2817754000,인천광역시 미추홀구 용현1.4동,인천광역시,미추홀구,용현1.4동,pre_reform_code_preserved_district_not_reorganized,17602,5501,2749,not_calculated_source_aggregates_ages_60_to_69,10889,7004,64.3218,no,,,source_not_available_before_2023,jumin_population_age_202212.csv,jumin_households_size_202212.csv,
2022,2022-12,2817755000,인천광역시 미추홀구 용현2동,인천광역시,미추홀구,용현2동,pre_reform_code_preserved_district_not_reorganized,17528,4740,2254,not_calculated_source_aggregates_ages_60_to_69,8359,3612,43.2109,no,,,source_not_available_before_2023,jumin_population_age_202212.csv,jumin_households_size_202212.csv,
2022,2022-12,2817756000,인천광역시 미추홀구 용현3동,인천광역시,미추홀구,용현3동,pre_reform_code_preserved_district_not_reorganized,7456,2875,1441,not_calculated_source_aggregates_ages_60_to_69,4402,2559,58.1327,no,,,source_not_available_before_2023,jumin_population_age_202212.csv,jumin_households_size_202212.csv,
2022,2022-12,2817757000,인천광역시 미추홀구 용현5동,인천광역시,미추홀구,용현5동,pre_reform_code_preserved_district_not_reorganized,46748,10318,4365,not_calculated_source_aggregates_ages_60_to_69,20014,7225,36.0997,no,,,source_not_available_before_2023,jumin_population_age_202212.csv,jumin_households_size_202212.csv,
2022,2022-12,2817758000,인천광역시 미추홀구 학익1동,인천광역시,미추홀구,학익1동,pre_reform_code_preserved_district_not_reorganized,30382,7522,3178,not_calculated_source_aggregates_ages_60_to_69,12200,3641,29.8443,no,,,source_not_available_before_2023,jumin_population_age_202212.csv,jumin_households_size_202212.csv,
2022,2022-12,2817759000,인천광역시 미추홀구 학익2동,인천광역시,미추홀구,학익2동,pre_reform_code_preserved_district_not_reorganized,18464,5611,2643,not_calculated_source_aggregates_ages_60_to_69,8300,3028,36.4819,no,,,source_not_available_before_2023,jumin_population_age_202212.csv,jumin_households_size_202212.csv,
2022,2022-12,2817760000,인천광역시 미추홀구 도화1동,인천광역시,미추홀구,도화1동,pre_reform_code_preserved_district_not_reorganized,22221,6072,2797,not_calculated_source_aggregates_ages_60_to_69,10765,4587,42.6103,no,,,source_not_available_before_2023,jumin_population_age_202212.csv,jumin_households_size_202212.csv,
2022,2022-12,2817761000,인천광역시 미추홀구 도화2.3동,인천광역시,미추홀구,도화2.3동,pre_reform_code_preserved_district_not_reorganized,32445,7682,3179,not_calculated_source_aggregates_ages_60_to_69,14355,5301,36.9279,no,,,source_not_available_before_2023,jumin_population_age_202212.csv,jumin_households_size_202212.csv,
2022,2022-12,2817762000,인천광역시 미추홀구 주안1동,인천광역시,미추홀구,주안1동,pre_reform_code_preserved_district_not_reorganized,20848,3995,1508,not_calculated_source_aggregates_ages_60_to_69,12337,7464,60.5009,no,,,source_not_available_before_2023,jumin_population_age_202212.csv,jumin_households_size_202212.csv,
2022,2022-12,2817763000,인천광역시 미추홀구 주안2동,인천광역시,미추홀구,주안2동,pre_reform_code_preserved_district_not_reorganized,16451,5504,2608,not_calculated_source_aggregates_ages_60_to_69,8438,3885,46.0417,no,,,source_not_available_before_2023,jumin_population_age_202212.csv,jumin_households_size_202212.csv,
2022,2022-12,2817764000,인천광역시 미추홀구 주안3동,인천광역시,미추홀구,주안3동,pre_reform_code_preserved_district_not_reorganized,8569,2841,1364,not_calculated_source_aggregates_ages_60_to_69,4462,2207,49.4621,no,,,source_not_available_before_2023,jumin_population_age_202212.csv,jumin_households_size_202212.csv,
2022,2022-12,2817765000,인천광역시 미추홀구 주안4동,인천광역시,미추홀구,주안4동,pre_reform_code_preserved_district_not_reorganized,17254,5378,2590,not_calculated_source_aggregates_ages_60_to_69,8532,3770,44.1866,no,,,source_not_available_before_2023,jumin_population_age_202212.csv,jumin_households_size_202212.csv,
2022,2022-12,2817766000,인천광역시 미추홀구 주안5동,인천광역시,미추홀구,주안5동,pre_reform_code_preserved_district_not_reorganized,20522,5750,2549,not_calculated_source_aggregates_ages_60_to_69,10208,4607,45.1313,no,,,source_not_available_before_2023,jumin_population_age_202212.csv,jumin_households_size_202212.csv,
2022,2022-12,2817767000,인천광역시 미추홀구 주안6동,인천광역시,미추홀구,주안6동,pre_reform_code_preserved_district_not_reorganized,21679,5491,2394,not_calculated_source_aggregates_ages_60_to_69,10152,4290,42.2577,no,,,source_not_available_before_2023,jumin_population_age_202212.csv,jumin_households_size_202212.csv,
2022,2022-12,2817768000,인천광역시 미추홀구 주안7동,인천광역시,미추홀구,주안7동,pre_reform_code_preserved_district_not_reorganized,12239,4437,2086,not_calculated_source_aggregates_ages_60_to_69,6042,2617,43.3135,no,,,source_not_available_before_2023,jumin_population_age_202212.csv,jumin_households_size_202212.csv,
2022,2022-12,2817769000,인천광역시 미추홀구 주안8동,인천광역시,미추홀구,주안8동,pre_reform_code_preserved_district_not_reorganized,20340,6042,2619,not_calculated_source_aggregates_ages_60_to_69,9215,3382,36.7010,no,,,source_not_available_before_2023,jumin_population_age_202212.csv,jumin_households_size_202212.csv,
2022,2022-12,2817770000,인천광역시 미추홀구 관교동,인천광역시,미추홀구,관교동,pre_reform_code_preserved_district_not_reorganized,14680,4555,1937,not_calculated_source_aggregates_ages_60_to_69,6293,2103,33.4181,no,,,source_not_available_before_2023,jumin_population_age_202212.csv,jumin_households_size_202212.csv,
2022,2022-12,2817771000,인천광역시 미추홀구 문학동,인천광역시,미추홀구,문학동,pre_reform_code_preserved_district_not_reorganized,14428,3189,1313,not_calculated_source_aggregates_ages_60_to_69,7755,4238,54.6486,no,,,source_not_available_before_2023,jumin_population_age_202212.csv,jumin_households_size_202212.csv,
2022,2022-12,2818563000,인천광역시 연수구 옥련1동,인천광역시,연수구,옥련1동,pre_reform_code_preserved_district_not_reorganized,18877,5006,2158,not_calculated_source_aggregates_ages_60_to_69,8204,2840,34.6173,no,,,source_not_available_before_2023,jumin_population_age_202212.csv,jumin_households_size_202212.csv,
2022,2022-12,2818564000,인천광역시 연수구 옥련2동,인천광역시,연수구,옥련2동,pre_reform_code_preserved_district_not_reorganized,19813,4806,1916,not_calculated_source_aggregates_ages_60_to_69,7871,2144,27.2392,no,,,source_not_available_before_2023,jumin_population_age_202212.csv,jumin_households_size_202212.csv,
2022,2022-12,2818575000,인천광역시 연수구 선학동,인천광역시,연수구,선학동,pre_reform_code_preserved_district_not_reorganized,16674,5374,2065,not_calculated_source_aggregates_ages_60_to_69,8079,3578,44.2877,no,,,source_not_available_before_2023,jumin_population_age_202212.csv,jumin_households_size_202212.csv,
2022,2022-12,2818576100,인천광역시 연수구 연수1동,인천광역시,연수구,연수1동,pre_reform_code_preserved_district_not_reorganized,18401,4744,1838,not_calculated_source_aggregates_ages_60_to_69,9392,4772,50.8092,no,,,source_not_available_before_2023,jumin_population_age_202212.csv,jumin_households_size_202212.csv,
2022,2022-12,2818576200,인천광역시 연수구 연수2동,인천광역시,연수구,연수2동,pre_reform_code_preserved_district_not_reorganized,20610,5271,2059,not_calculated_source_aggregates_ages_60_to_69,9782,4203,42.9667,no,,,source_not_available_before_2023,jumin_population_age_202212.csv,jumin_households_size_202212.csv,
2022,2022-12,2818576300,인천광역시 연수구 연수3동,인천광역시,연수구,연수3동,pre_reform_code_preserved_district_not_reorganized,15728,4886,2090,not_calculated_source_aggregates_ages_60_to_69,7343,2955,40.2424,no,,,source_not_available_before_2023,jumin_population_age_202212.csv,jumin_households_size_202212.csv,
2022,2022-12,2818576600,인천광역시 연수구 청학동,인천광역시,연수구,청학동,pre_reform_code_preserved_district_not_reorganized,24246,7331,3006,not_calculated_source_aggregates_ages_60_to_69,12592,6272,49.8094,no,,,source_not_available_before_2023,jumin_population_age_202212.csv,jumin_households_size_202212.csv,
2022,2022-12,2818578000,인천광역시 연수구 동춘1동,인천광역시,연수구,동춘1동,pre_reform_code_preserved_district_not_reorganized,25022,5079,1608,not_calculated_source_aggregates_ages_60_to_69,9181,1809,19.7037,no,,,source_not_available_before_2023,jumin_population_age_202212.csv,jumin_households_size_202212.csv,
2022,2022-12,2818579000,인천광역시 연수구 동춘2동,인천광역시,연수구,동춘2동,pre_reform_code_preserved_district_not_reorganized,17969,4009,1418,not_calculated_source_aggregates_ages_60_to_69,6947,1611,23.1899,no,,,source_not_available_before_2023,jumin_population_age_202212.csv,jumin_households_size_202212.csv,
2022,2022-12,2818579500,인천광역시 연수구 동춘3동,인천광역시,연수구,동춘3동,pre_reform_code_preserved_district_not_reorganized,18104,3676,1439,not_calculated_source_aggregates_ages_60_to_69,5780,622,10.7612,no,,,source_not_available_before_2023,jumin_population_age_202212.csv,jumin_households_size_202212.csv,
2022,2022-12,2818582000,인천광역시 연수구 송도1동,인천광역시,연수구,송도1동,pre_reform_code_preserved_district_not_reorganized,37909,5992,2028,not_calculated_source_aggregates_ages_60_to_69,15241,5513,36.1722,no,,,source_not_available_before_2023,jumin_population_age_202212.csv,jumin_households_size_202212.csv,
2022,2022-12,2818583000,인천광역시 연수구 송도2동,인천광역시,연수구,송도2동,pre_reform_code_preserved_district_not_reorganized,36476,3958,1261,not_calculated_source_aggregates_ages_60_to_69,11868,1725,14.5349,no,,,source_not_available_before_2023,jumin_population_age_202212.csv,jumin_households_size_202212.csv,
2022,2022-12,2818584000,인천광역시 연수구 송도3동,인천광역시,연수구,송도3동,pre_reform_code_preserved_district_not_reorganized,48738,5200,1641,not_calculated_source_aggregates_ages_60_to_69,18917,5651,29.8726,no,,,source_not_available_before_2023,jumin_population_age_202212.csv,jumin_households_size_202212.csv,
2022,2022-12,2818585000,인천광역시 연수구 송도4동,인천광역시,연수구,송도4동,pre_reform_code_preserved_district_not_reorganized,27225,2891,849,not_calculated_source_aggregates_ages_60_to_69,9954,2388,23.9904,no,,,source_not_available_before_2023,jumin_population_age_202212.csv,jumin_households_size_202212.csv,
2022,2022-12,2818586000,인천광역시 연수구 송도5동,인천광역시,연수구,송도5동,pre_reform_code_preserved_district_not_reorganized,40004,4203,1073,not_calculated_source_aggregates_ages_60_to_69,14896,3253,21.8381,no,,,source_not_available_before_2023,jumin_population_age_202212.csv,jumin_households_size_202212.csv,
2022,2022-12,2820051000,인천광역시 남동구 구월1동,인천광역시,남동구,구월1동,pre_reform_code_preserved_district_not_reorganized,30849,6774,2559,not_calculated_source_aggregates_ages_60_to_69,13159,4636,35.2306,no,,,source_not_available_before_2023,jumin_population_age_202212.csv,jumin_households_size_202212.csv,
2022,2022-12,2820052000,인천광역시 남동구 구월2동,인천광역시,남동구,구월2동,pre_reform_code_preserved_district_not_reorganized,35233,7368,2793,not_calculated_source_aggregates_ages_60_to_69,12886,2800,21.7290,no,,,source_not_available_before_2023,jumin_population_age_202212.csv,jumin_households_size_202212.csv,
2022,2022-12,2820052100,인천광역시 남동구 구월3동,인천광역시,남동구,구월3동,pre_reform_code_preserved_district_not_reorganized,30138,5511,2171,not_calculated_source_aggregates_ages_60_to_69,17846,11006,61.6721,no,,,source_not_available_before_2023,jumin_population_age_202212.csv,jumin_households_size_202212.csv,
2022,2022-12,2820052200,인천광역시 남동구 구월4동,인천광역시,남동구,구월4동,pre_reform_code_preserved_district_not_reorganized,14331,4614,2008,not_calculated_source_aggregates_ages_60_to_69,7823,4123,52.7036,no,,,source_not_available_before_2023,jumin_population_age_202212.csv,jumin_households_size_202212.csv,
2022,2022-12,2820053000,인천광역시 남동구 간석1동,인천광역시,남동구,간석1동,pre_reform_code_preserved_district_not_reorganized,17743,5132,2344,not_calculated_source_aggregates_ages_60_to_69,8751,3954,45.1834,no,,,source_not_available_before_2023,jumin_population_age_202212.csv,jumin_households_size_202212.csv,
2022,2022-12,2820054000,인천광역시 남동구 간석2동,인천광역시,남동구,간석2동,pre_reform_code_preserved_district_not_reorganized,21603,5642,2421,not_calculated_source_aggregates_ages_60_to_69,9386,3451,36.7675,no,,,source_not_available_before_2023,jumin_population_age_202212.csv,jumin_households_size_202212.csv,
2022,2022-12,2820055000,인천광역시 남동구 간석3동,인천광역시,남동구,간석3동,pre_reform_code_preserved_district_not_reorganized,26791,7591,3206,not_calculated_source_aggregates_ages_60_to_69,12970,5512,42.4981,no,,,source_not_available_before_2023,jumin_population_age_202212.csv,jumin_households_size_202212.csv,
2022,2022-12,2820055100,인천광역시 남동구 간석4동,인천광역시,남동구,간석4동,pre_reform_code_preserved_district_not_reorganized,28950,7544,3082,not_calculated_source_aggregates_ages_60_to_69,13579,5614,41.3433,no,,,source_not_available_before_2023,jumin_population_age_202212.csv,jumin_households_size_202212.csv,
2022,2022-12,2820056000,인천광역시 남동구 만수1동,인천광역시,남동구,만수1동,pre_reform_code_preserved_district_not_reorganized,16621,5569,2517,not_calculated_source_aggregates_ages_60_to_69,8944,4476,50.0447,no,,,source_not_available_before_2023,jumin_population_age_202212.csv,jumin_households_size_202212.csv,
2022,2022-12,2820057000,인천광역시 남동구 만수2동,인천광역시,남동구,만수2동,pre_reform_code_preserved_district_not_reorganized,23658,6167,2439,not_calculated_source_aggregates_ages_60_to_69,9770,2911,29.7953,no,,,source_not_available_before_2023,jumin_population_age_202212.csv,jumin_households_size_202212.csv,
2022,2022-12,2820058000,인천광역시 남동구 만수3동,인천광역시,남동구,만수3동,pre_reform_code_preserved_district_not_reorganized,17250,4479,1748,not_calculated_source_aggregates_ages_60_to_69,7382,2420,32.7824,no,,,source_not_available_before_2023,jumin_population_age_202212.csv,jumin_households_size_202212.csv,
2022,2022-12,2820058100,인천광역시 남동구 만수4동,인천광역시,남동구,만수4동,pre_reform_code_preserved_district_not_reorganized,20208,5692,2269,not_calculated_source_aggregates_ages_60_to_69,8985,3086,34.3461,no,,,source_not_available_before_2023,jumin_population_age_202212.csv,jumin_households_size_202212.csv,
2022,2022-12,2820058200,인천광역시 남동구 만수5동,인천광역시,남동구,만수5동,pre_reform_code_preserved_district_not_reorganized,15213,5203,2273,not_calculated_source_aggregates_ages_60_to_69,7732,3523,45.5639,no,,,source_not_available_before_2023,jumin_population_age_202212.csv,jumin_households_size_202212.csv,
2022,2022-12,2820058300,인천광역시 남동구 만수6동,인천광역시,남동구,만수6동,pre_reform_code_preserved_district_not_reorganized,23565,6870,2834,not_calculated_source_aggregates_ages_60_to_69,10240,3557,34.7363,no,,,source_not_available_before_2023,jumin_population_age_202212.csv,jumin_households_size_202212.csv,
2022,2022-12,2820065000,인천광역시 남동구 장수서창동,인천광역시,남동구,장수서창동,pre_reform_code_preserved_district_not_reorganized,19510,5233,2077,not_calculated_source_aggregates_ages_60_to_69,7955,2350,29.5412,no,,,source_not_available_before_2023,jumin_population_age_202212.csv,jumin_households_size_202212.csv,
2022,2022-12,2820065500,인천광역시 남동구 서창2동,인천광역시,남동구,서창2동,pre_reform_code_preserved_district_not_reorganized,38985,7133,2566,not_calculated_source_aggregates_ages_60_to_69,15785,4946,31.3335,no,,,source_not_available_before_2023,jumin_population_age_202212.csv,jumin_households_size_202212.csv,
2022,2022-12,2820066000,인천광역시 남동구 남촌도림동,인천광역시,남동구,남촌도림동,pre_reform_code_preserved_district_not_reorganized,20747,5891,2368,not_calculated_source_aggregates_ages_60_to_69,9421,3550,37.6818,no,,,source_not_available_before_2023,jumin_population_age_202212.csv,jumin_households_size_202212.csv,
2022,2022-12,2820069000,인천광역시 남동구 논현1동,인천광역시,남동구,논현1동,pre_reform_code_preserved_district_not_reorganized,31463,6568,2557,not_calculated_source_aggregates_ages_60_to_69,13380,4631,34.6114,no,,,source_not_available_before_2023,jumin_population_age_202212.csv,jumin_households_size_202212.csv,
2022,2022-12,2820070000,인천광역시 남동구 논현2동,인천광역시,남동구,논현2동,pre_reform_code_preserved_district_not_reorganized,32511,7494,3188,not_calculated_source_aggregates_ages_60_to_69,15131,6192,40.9226,no,,,source_not_available_before_2023,jumin_population_age_202212.csv,jumin_households_size_202212.csv,
2022,2022-12,2820071000,인천광역시 남동구 논현고잔동,인천광역시,남동구,논현고잔동,pre_reform_code_preserved_district_not_reorganized,40812,6581,2350,not_calculated_source_aggregates_ages_60_to_69,15638,4376,27.9831,no,,,source_not_available_before_2023,jumin_population_age_202212.csv,jumin_households_size_202212.csv,
2022,2022-12,2823751000,인천광역시 부평구 부평1동,인천광역시,부평구,부평1동,pre_reform_code_preserved_district_not_reorganized,35887,8713,3686,not_calculated_source_aggregates_ages_60_to_69,16719,6820,40.7919,no,,,source_not_available_before_2023,jumin_population_age_202212.csv,jumin_households_size_202212.csv,
2022,2022-12,2823752000,인천광역시 부평구 부평2동,인천광역시,부평구,부평2동,pre_reform_code_preserved_district_not_reorganized,14578,4133,1845,not_calculated_source_aggregates_ages_60_to_69,7189,3223,44.8324,no,,,source_not_available_before_2023,jumin_population_age_202212.csv,jumin_households_size_202212.csv,
2022,2022-12,2823753000,인천광역시 부평구 부평3동,인천광역시,부평구,부평3동,pre_reform_code_preserved_district_not_reorganized,12390,4081,1868,not_calculated_source_aggregates_ages_60_to_69,6247,2909,46.5664,no,,,source_not_available_before_2023,jumin_population_age_202212.csv,jumin_households_size_202212.csv,
2022,2022-12,2823754000,인천광역시 부평구 부평4동,인천광역시,부평구,부평4동,pre_reform_code_preserved_district_not_reorganized,36328,8336,3494,not_calculated_source_aggregates_ages_60_to_69,18610,9077,48.7749,no,,,source_not_available_before_2023,jumin_population_age_202212.csv,jumin_households_size_202212.csv,
2022,2022-12,2823755000,인천광역시 부평구 부평5동,인천광역시,부평구,부평5동,pre_reform_code_preserved_district_not_reorganized,30785,6478,2583,not_calculated_source_aggregates_ages_60_to_69,15187,6812,44.8542,no,,,source_not_available_before_2023,jumin_population_age_202212.csv,jumin_households_size_202212.csv,
2022,2022-12,2823756000,인천광역시 부평구 부평6동,인천광역시,부평구,부평6동,pre_reform_code_preserved_district_not_reorganized,14465,3956,1670,not_calculated_source_aggregates_ages_60_to_69,7146,3199,44.7663,no,,,source_not_available_before_2023,jumin_population_age_202212.csv,jumin_households_size_202212.csv,
2022,2022-12,2823757000,인천광역시 부평구 산곡1동,인천광역시,부평구,산곡1동,pre_reform_code_preserved_district_not_reorganized,14135,3679,1492,not_calculated_source_aggregates_ages_60_to_69,6343,2274,35.8505,no,,,source_not_available_before_2023,jumin_population_age_202212.csv,jumin_households_size_202212.csv,
2022,2022-12,2823758000,인천광역시 부평구 산곡2동,인천광역시,부평구,산곡2동,pre_reform_code_preserved_district_not_reorganized,30348,6982,2688,not_calculated_source_aggregates_ages_60_to_69,10858,2088,19.2301,no,,,source_not_available_before_2023,jumin_population_age_202212.csv,jumin_households_size_202212.csv,
2022,2022-12,2823758100,인천광역시 부평구 산곡3동,인천광역시,부평구,산곡3동,pre_reform_code_preserved_district_not_reorganized,21419,7114,3258,not_calculated_source_aggregates_ages_60_to_69,8809,2612,29.6515,no,,,source_not_available_before_2023,jumin_population_age_202212.csv,jumin_households_size_202212.csv,
2022,2022-12,2823758200,인천광역시 부평구 산곡4동,인천광역시,부평구,산곡4동,pre_reform_code_preserved_district_not_reorganized,17196,4512,1847,not_calculated_source_aggregates_ages_60_to_69,6600,1559,23.6212,no,,,source_not_available_before_2023,jumin_population_age_202212.csv,jumin_households_size_202212.csv,
2022,2022-12,2823759100,인천광역시 부평구 청천1동,인천광역시,부평구,청천1동,pre_reform_code_preserved_district_not_reorganized,6699,2024,752,not_calculated_source_aggregates_ages_60_to_69,3361,1528,45.4627,no,,,source_not_available_before_2023,jumin_population_age_202212.csv,jumin_households_size_202212.csv,
2022,2022-12,2823759200,인천광역시 부평구 청천2동,인천광역시,부평구,청천2동,pre_reform_code_preserved_district_not_reorganized,34958,8441,3209,not_calculated_source_aggregates_ages_60_to_69,14676,4543,30.9553,no,,,source_not_available_before_2023,jumin_population_age_202212.csv,jumin_households_size_202212.csv,
2022,2022-12,2823764100,인천광역시 부평구 갈산1동,인천광역시,부평구,갈산1동,pre_reform_code_preserved_district_not_reorganized,16210,4299,1686,not_calculated_source_aggregates_ages_60_to_69,7373,2739,37.1491,no,,,source_not_available_before_2023,jumin_population_age_202212.csv,jumin_households_size_202212.csv,
2022,2022-12,2823764200,인천광역시 부평구 갈산2동,인천광역시,부평구,갈산2동,pre_reform_code_preserved_district_not_reorganized,18179,5620,2232,not_calculated_source_aggregates_ages_60_to_69,8137,3089,37.9624,no,,,source_not_available_before_2023,jumin_population_age_202212.csv,jumin_households_size_202212.csv,
2022,2022-12,2823764600,인천광역시 부평구 삼산1동,인천광역시,부평구,삼산1동,pre_reform_code_preserved_district_not_reorganized,32424,8119,3318,not_calculated_source_aggregates_ages_60_to_69,13850,4579,33.0614,no,,,source_not_available_before_2023,jumin_population_age_202212.csv,jumin_households_size_202212.csv,
2022,2022-12,2823764800,인천광역시 부평구 삼산2동,인천광역시,부평구,삼산2동,pre_reform_code_preserved_district_not_reorganized,28262,5413,2103,not_calculated_source_aggregates_ages_60_to_69,10239,2122,20.7247,no,,,source_not_available_before_2023,jumin_population_age_202212.csv,jumin_households_size_202212.csv,
2022,2022-12,2823765000,인천광역시 부평구 부개1동,인천광역시,부평구,부개1동,pre_reform_code_preserved_district_not_reorganized,16562,5510,2364,not_calculated_source_aggregates_ages_60_to_69,8069,3419,42.3720,no,,,source_not_available_before_2023,jumin_population_age_202212.csv,jumin_households_size_202212.csv,
2022,2022-12,2823766000,인천광역시 부평구 부개2동,인천광역시,부평구,부개2동,pre_reform_code_preserved_district_not_reorganized,19729,4836,1967,not_calculated_source_aggregates_ages_60_to_69,8391,2723,32.4514,no,,,source_not_available_before_2023,jumin_population_age_202212.csv,jumin_households_size_202212.csv,
2022,2022-12,2823766100,인천광역시 부평구 부개3동,인천광역시,부평구,부개3동,pre_reform_code_preserved_district_not_reorganized,29844,6928,2699,not_calculated_source_aggregates_ages_60_to_69,12286,3685,29.9935,no,,,source_not_available_before_2023,jumin_population_age_202212.csv,jumin_households_size_202212.csv,
2022,2022-12,2823767000,인천광역시 부평구 일신동,인천광역시,부평구,일신동,pre_reform_code_preserved_district_not_reorganized,12224,3538,1353,not_calculated_source_aggregates_ages_60_to_69,5150,1593,30.9320,no,,,source_not_available_before_2023,jumin_population_age_202212.csv,jumin_households_size_202212.csv,
2022,2022-12,2823768000,인천광역시 부평구 십정1동,인천광역시,부평구,십정1동,pre_reform_code_preserved_district_not_reorganized,24294,5586,2298,not_calculated_source_aggregates_ages_60_to_69,11208,4135,36.8933,no,,,source_not_available_before_2023,jumin_population_age_202212.csv,jumin_households_size_202212.csv,
2022,2022-12,2823769000,인천광역시 부평구 십정2동,인천광역시,부평구,십정2동,pre_reform_code_preserved_district_not_reorganized,22202,6989,2881,not_calculated_source_aggregates_ages_60_to_69,11476,5648,49.2158,no,,,source_not_available_before_2023,jumin_population_age_202212.csv,jumin_households_size_202212.csv,
2022,2022-12,2824560100,인천광역시 계양구 효성1동,인천광역시,계양구,효성1동,pre_reform_code_preserved_district_not_reorganized,27276,7390,2733,not_calculated_source_aggregates_ages_60_to_69,11746,3843,32.7175,no,,,source_not_available_before_2023,jumin_population_age_202212.csv,jumin_households_size_202212.csv,
2022,2022-12,2824560200,인천광역시 계양구 효성2동,인천광역시,계양구,효성2동,pre_reform_code_preserved_district_not_reorganized,28426,7627,2755,not_calculated_source_aggregates_ages_60_to_69,11710,3394,28.9838,no,,,source_not_available_before_2023,jumin_population_age_202212.csv,jumin_households_size_202212.csv,
2022,2022-12,2824561100,인천광역시 계양구 계산1동,인천광역시,계양구,계산1동,pre_reform_code_preserved_district_not_reorganized,18771,5660,2152,not_calculated_source_aggregates_ages_60_to_69,9972,5094,51.0830,no,,,source_not_available_before_2023,jumin_population_age_202212.csv,jumin_households_size_202212.csv,
2022,2022-12,2824561200,인천광역시 계양구 계산2동,인천광역시,계양구,계산2동,pre_reform_code_preserved_district_not_reorganized,15382,4797,1734,not_calculated_source_aggregates_ages_60_to_69,7841,3777,48.1699,no,,,source_not_available_before_2023,jumin_population_age_202212.csv,jumin_households_size_202212.csv,
2022,2022-12,2824561300,인천광역시 계양구 계산3동,인천광역시,계양구,계산3동,pre_reform_code_preserved_district_not_reorganized,18617,4685,1394,not_calculated_source_aggregates_ages_60_to_69,8567,3222,37.6094,no,,,source_not_available_before_2023,jumin_population_age_202212.csv,jumin_households_size_202212.csv,
2022,2022-12,2824561400,인천광역시 계양구 계산4동,인천광역시,계양구,계산4동,pre_reform_code_preserved_district_not_reorganized,22804,4514,1358,not_calculated_source_aggregates_ages_60_to_69,9198,3154,34.2901,no,,,source_not_available_before_2023,jumin_population_age_202212.csv,jumin_households_size_202212.csv,
2022,2022-12,2824562100,인천광역시 계양구 작전1동,인천광역시,계양구,작전1동,pre_reform_code_preserved_district_not_reorganized,27014,6570,2298,not_calculated_source_aggregates_ages_60_to_69,11144,3274,29.3790,no,,,source_not_available_before_2023,jumin_population_age_202212.csv,jumin_households_size_202212.csv,
2022,2022-12,2824562200,인천광역시 계양구 작전2동,인천광역시,계양구,작전2동,pre_reform_code_preserved_district_not_reorganized,19090,5607,2091,not_calculated_source_aggregates_ages_60_to_69,8921,3457,38.7513,no,,,source_not_available_before_2023,jumin_population_age_202212.csv,jumin_households_size_202212.csv,
2022,2022-12,2824564000,인천광역시 계양구 작전서운동,인천광역시,계양구,작전서운동,pre_reform_code_preserved_district_not_reorganized,34263,6655,2308,not_calculated_source_aggregates_ages_60_to_69,14090,4375,31.0504,no,,,source_not_available_before_2023,jumin_population_age_202212.csv,jumin_households_size_202212.csv,
2022,2022-12,2824571000,인천광역시 계양구 계양1동,인천광역시,계양구,계양1동,pre_reform_code_preserved_district_not_reorganized,20173,5489,2152,not_calculated_source_aggregates_ages_60_to_69,8447,2669,31.5970,no,,,source_not_available_before_2023,jumin_population_age_202212.csv,jumin_households_size_202212.csv,
2022,2022-12,2824572000,인천광역시 계양구 계양2동,인천광역시,계양구,계양2동,pre_reform_code_preserved_district_not_reorganized,32164,8692,3533,not_calculated_source_aggregates_ages_60_to_69,15577,6683,42.9030,no,,,source_not_available_before_2023,jumin_population_age_202212.csv,jumin_households_size_202212.csv,
2022,2022-12,2824573000,인천광역시 계양구 계양3동,인천광역시,계양구,계양3동,pre_reform_code_preserved_district_not_reorganized,24876,5020,1896,not_calculated_source_aggregates_ages_60_to_69,9988,2784,27.8734,no,,,source_not_available_before_2023,jumin_population_age_202212.csv,jumin_households_size_202212.csv,
2022,2022-12,2826051500,인천광역시 서구 검암경서동,인천광역시,서구,검암경서동,requires_2026_07_01_reform_crosswalk,45339,7526,2791,not_calculated_source_aggregates_ages_60_to_69,20054,7605,37.9226,no,,,source_not_available_before_2023,jumin_population_age_202212.csv,jumin_households_size_202212.csv,
2022,2022-12,2826053000,인천광역시 서구 연희동,인천광역시,서구,연희동,requires_2026_07_01_reform_crosswalk,39515,10039,3953,not_calculated_source_aggregates_ages_60_to_69,18878,8154,43.1931,no,,,source_not_available_before_2023,jumin_population_age_202212.csv,jumin_households_size_202212.csv,
2022,2022-12,2826053600,인천광역시 서구 청라1동,인천광역시,서구,청라1동,requires_2026_07_01_reform_crosswalk,30883,3341,1105,not_calculated_source_aggregates_ages_60_to_69,11836,3457,29.2075,no,,,source_not_available_before_2023,jumin_population_age_202212.csv,jumin_households_size_202212.csv,
2022,2022-12,2826053700,인천광역시 서구 청라2동,인천광역시,서구,청라2동,requires_2026_07_01_reform_crosswalk,48163,6021,1895,not_calculated_source_aggregates_ages_60_to_69,17977,4821,26.8176,no,,,source_not_available_before_2023,jumin_population_age_202212.csv,jumin_households_size_202212.csv,
2022,2022-12,2826053900,인천광역시 서구 청라3동,인천광역시,서구,청라3동,requires_2026_07_01_reform_crosswalk,34406,3638,1016,not_calculated_source_aggregates_ages_60_to_69,12691,3316,26.1288,no,,,source_not_available_before_2023,jumin_population_age_202212.csv,jumin_households_size_202212.csv,
2022,2022-12,2826054200,인천광역시 서구 가정1동,인천광역시,서구,가정1동,requires_2026_07_01_reform_crosswalk,36195,6621,2337,not_calculated_source_aggregates_ages_60_to_69,15139,5069,33.4831,no,,,source_not_available_before_2023,jumin_population_age_202212.csv,jumin_households_size_202212.csv,
2022,2022-12,2826054300,인천광역시 서구 가정2동,인천광역시,서구,가정2동,requires_2026_07_01_reform_crosswalk,6248,1681,465,not_calculated_source_aggregates_ages_60_to_69,2955,1172,39.6616,no,,,source_not_available_before_2023,jumin_population_age_202212.csv,jumin_households_size_202212.csv,
2022,2022-12,2826054400,인천광역시 서구 가정3동,인천광역시,서구,가정3동,requires_2026_07_01_reform_crosswalk,9289,2495,830,not_calculated_source_aggregates_ages_60_to_69,4341,1744,40.1751,no,,,source_not_available_before_2023,jumin_population_age_202212.csv,jumin_households_size_202212.csv,
2022,2022-12,2826055000,인천광역시 서구 석남1동,인천광역시,서구,석남1동,requires_2026_07_01_reform_crosswalk,21776,6390,2411,not_calculated_source_aggregates_ages_60_to_69,10786,4825,44.7339,no,,,source_not_available_before_2023,jumin_population_age_202212.csv,jumin_households_size_202212.csv,
2022,2022-12,2826056000,인천광역시 서구 석남2동,인천광역시,서구,석남2동,requires_2026_07_01_reform_crosswalk,12560,4100,1647,not_calculated_source_aggregates_ages_60_to_69,6058,2504,41.3338,no,,,source_not_available_before_2023,jumin_population_age_202212.csv,jumin_households_size_202212.csv,
2022,2022-12,2826056100,인천광역시 서구 석남3동,인천광역시,서구,석남3동,requires_2026_07_01_reform_crosswalk,13477,3904,1532,not_calculated_source_aggregates_ages_60_to_69,6609,2877,43.5315,no,,,source_not_available_before_2023,jumin_population_age_202212.csv,jumin_households_size_202212.csv,
2022,2022-12,2826057500,인천광역시 서구 신현원창동,인천광역시,서구,신현원창동,requires_2026_07_01_reform_crosswalk,30703,7455,2500,not_calculated_source_aggregates_ages_60_to_69,12807,4051,31.6311,no,,,source_not_available_before_2023,jumin_population_age_202212.csv,jumin_households_size_202212.csv,
2022,2022-12,2826058000,인천광역시 서구 가좌1동,인천광역시,서구,가좌1동,requires_2026_07_01_reform_crosswalk,12778,3488,1389,not_calculated_source_aggregates_ages_60_to_69,6485,2956,45.5821,no,,,source_not_available_before_2023,jumin_population_age_202212.csv,jumin_households_size_202212.csv,
2022,2022-12,2826059000,인천광역시 서구 가좌2동,인천광역시,서구,가좌2동,requires_2026_07_01_reform_crosswalk,19421,5150,1891,not_calculated_source_aggregates_ages_60_to_69,7675,1929,25.1336,no,,,source_not_available_before_2023,jumin_population_age_202212.csv,jumin_households_size_202212.csv,
2022,2022-12,2826060000,인천광역시 서구 가좌3동,인천광역시,서구,가좌3동,requires_2026_07_01_reform_crosswalk,16390,5269,2114,not_calculated_source_aggregates_ages_60_to_69,8091,3452,42.6647,no,,,source_not_available_before_2023,jumin_population_age_202212.csv,jumin_households_size_202212.csv,
2022,2022-12,2826061000,인천광역시 서구 가좌4동,인천광역시,서구,가좌4동,requires_2026_07_01_reform_crosswalk,10133,2936,1113,not_calculated_source_aggregates_ages_60_to_69,4778,1935,40.4981,no,,,source_not_available_before_2023,jumin_population_age_202212.csv,jumin_households_size_202212.csv,
2022,2022-12,2826068000,인천광역시 서구 검단동,인천광역시,서구,검단동,requires_2026_07_01_reform_crosswalk,33414,6765,2574,not_calculated_source_aggregates_ages_60_to_69,15144,6115,40.3790,no,,,source_not_available_before_2023,jumin_population_age_202212.csv,jumin_households_size_202212.csv,
2022,2022-12,2826069000,인천광역시 서구 불로대곡동,인천광역시,서구,불로대곡동,requires_2026_07_01_reform_crosswalk,23499,4826,2258,not_calculated_source_aggregates_ages_60_to_69,9783,3193,32.6383,no,,,source_not_available_before_2023,jumin_population_age_202212.csv,jumin_households_size_202212.csv,
2022,2022-12,2826070000,인천광역시 서구 원당동,인천광역시,서구,원당동,requires_2026_07_01_reform_crosswalk,23428,3679,1685,not_calculated_source_aggregates_ages_60_to_69,9690,3406,35.1496,no,,,source_not_available_before_2023,jumin_population_age_202212.csv,jumin_households_size_202212.csv,
2022,2022-12,2826071000,인천광역시 서구 당하동,인천광역시,서구,당하동,requires_2026_07_01_reform_crosswalk,27053,4228,1602,not_calculated_source_aggregates_ages_60_to_69,10714,3113,29.0554,no,,,source_not_available_before_2023,jumin_population_age_202212.csv,jumin_households_size_202212.csv,
2022,2022-12,2826072000,인천광역시 서구 오류왕길동,인천광역시,서구,오류왕길동,requires_2026_07_01_reform_crosswalk,25124,5436,2095,not_calculated_source_aggregates_ages_60_to_69,10257,3240,31.5882,no,,,source_not_available_before_2023,jumin_population_age_202212.csv,jumin_households_size_202212.csv,
2022,2022-12,2826073000,인천광역시 서구 마전동,인천광역시,서구,마전동,requires_2026_07_01_reform_crosswalk,22218,3904,1631,not_calculated_source_aggregates_ages_60_to_69,8201,2024,24.6799,no,,,source_not_available_before_2023,jumin_population_age_202212.csv,jumin_households_size_202212.csv,
2022,2022-12,2826074000,인천광역시 서구 아라동,인천광역시,서구,아라동,requires_2026_07_01_reform_crosswalk,47001,4174,1219,not_calculated_source_aggregates_ages_60_to_69,17792,4323,24.2974,no,,,source_not_available_before_2023,jumin_population_age_202212.csv,jumin_households_size_202212.csv,
2022,2022-12,2871025000,인천광역시 강화군 강화읍,인천광역시,강화군,강화읍,pre_reform_code_preserved_district_not_reorganized,22669,8177,4168,not_calculated_source_aggregates_ages_60_to_69,10697,4407,41.1985,no,,,source_not_available_before_2023,jumin_population_age_202212.csv,jumin_households_size_202212.csv,
2022,2022-12,2871031000,인천광역시 강화군 선원면,인천광역시,강화군,선원면,pre_reform_code_preserved_district_not_reorganized,7926,3189,1523,not_calculated_source_aggregates_ages_60_to_69,3634,1386,38.1398,no,,,source_not_available_before_2023,jumin_population_age_202212.csv,jumin_households_size_202212.csv,
2022,2022-12,2871032000,인천광역시 강화군 불은면,인천광역시,강화군,불은면,pre_reform_code_preserved_district_not_reorganized,5064,2893,1460,not_calculated_source_aggregates_ages_60_to_69,2757,1317,47.7693,no,,,source_not_available_before_2023,jumin_population_age_202212.csv,jumin_households_size_202212.csv,
2022,2022-12,2871033000,인천광역시 강화군 길상면,인천광역시,강화군,길상면,pre_reform_code_preserved_district_not_reorganized,7332,3510,1601,not_calculated_source_aggregates_ages_60_to_69,3698,1659,44.8621,no,,,source_not_available_before_2023,jumin_population_age_202212.csv,jumin_households_size_202212.csv,
2022,2022-12,2871034000,인천광역시 강화군 화도면,인천광역시,강화군,화도면,pre_reform_code_preserved_district_not_reorganized,4560,2563,1336,not_calculated_source_aggregates_ages_60_to_69,2456,1195,48.6564,no,,,source_not_available_before_2023,jumin_population_age_202212.csv,jumin_households_size_202212.csv,
2022,2022-12,2871035000,인천광역시 강화군 양도면,인천광역시,강화군,양도면,pre_reform_code_preserved_district_not_reorganized,4294,2400,1296,not_calculated_source_aggregates_ages_60_to_69,2221,981,44.1693,no,,,source_not_available_before_2023,jumin_population_age_202212.csv,jumin_households_size_202212.csv,
2022,2022-12,2871036000,인천광역시 강화군 내가면,인천광역시,강화군,내가면,pre_reform_code_preserved_district_not_reorganized,3058,1829,996,not_calculated_source_aggregates_ages_60_to_69,1676,785,46.8377,no,,,source_not_available_before_2023,jumin_population_age_202212.csv,jumin_households_size_202212.csv,
2022,2022-12,2871037000,인천광역시 강화군 하점면,인천광역시,강화군,하점면,pre_reform_code_preserved_district_not_reorganized,4074,2416,1385,not_calculated_source_aggregates_ages_60_to_69,2099,940,44.7832,no,,,source_not_available_before_2023,jumin_population_age_202212.csv,jumin_households_size_202212.csv,
2022,2022-12,2871038000,인천광역시 강화군 양사면,인천광역시,강화군,양사면,pre_reform_code_preserved_district_not_reorganized,1899,1131,657,not_calculated_source_aggregates_ages_60_to_69,1025,497,48.4878,no,,,source_not_available_before_2023,jumin_population_age_202212.csv,jumin_households_size_202212.csv,
2022,2022-12,2871039000,인천광역시 강화군 송해면,인천광역시,강화군,송해면,pre_reform_code_preserved_district_not_reorganized,3287,1826,1036,not_calculated_source_aggregates_ages_60_to_69,1680,711,42.3214,no,,,source_not_available_before_2023,jumin_population_age_202212.csv,jumin_households_size_202212.csv,
2022,2022-12,2871040000,인천광역시 강화군 교동면,인천광역시,강화군,교동면,pre_reform_code_preserved_district_not_reorganized,2818,1737,1028,not_calculated_source_aggregates_ages_60_to_69,1565,743,47.4760,no,,,source_not_available_before_2023,jumin_population_age_202212.csv,jumin_households_size_202212.csv,
2022,2022-12,2871041000,인천광역시 강화군 삼산면,인천광역시,강화군,삼산면,pre_reform_code_preserved_district_not_reorganized,2177,1315,684,not_calculated_source_aggregates_ages_60_to_69,1212,599,49.4224,no,,,source_not_available_before_2023,jumin_population_age_202212.csv,jumin_households_size_202212.csv,
2022,2022-12,2871042000,인천광역시 강화군 서도면,인천광역시,강화군,서도면,pre_reform_code_preserved_district_not_reorganized,374,237,133,not_calculated_source_aggregates_ages_60_to_69,218,116,53.2110,no,,,source_not_available_before_2023,jumin_population_age_202212.csv,jumin_households_size_202212.csv,
2022,2022-12,2871042500,인천광역시 강화군 서도면볼음출장소,인천광역시,강화군,서도면볼음출장소,pre_reform_code_preserved_district_not_reorganized,271,193,99,not_calculated_source_aggregates_ages_60_to_69,176,108,61.3636,no,,,source_not_available_before_2023,jumin_population_age_202212.csv,jumin_households_size_202212.csv,
2022,2022-12,2872031000,인천광역시 옹진군 북도면,인천광역시,옹진군,북도면,pre_reform_code_preserved_district_not_reorganized,1145,648,291,not_calculated_source_aggregates_ages_60_to_69,651,355,54.5315,no,,,source_not_available_before_2023,jumin_population_age_202212.csv,jumin_households_size_202212.csv,
2022,2022-12,2872031500,인천광역시 옹진군 북도면장봉출장소,인천광역시,옹진군,북도면장봉출장소,pre_reform_code_preserved_district_not_reorganized,986,532,260,not_calculated_source_aggregates_ages_60_to_69,539,288,53.4323,no,,,source_not_available_before_2023,jumin_population_age_202212.csv,jumin_households_size_202212.csv,
2022,2022-12,2872033000,인천광역시 옹진군 백령면,인천광역시,옹진군,백령면,pre_reform_code_preserved_district_not_reorganized,4986,1621,755,not_calculated_source_aggregates_ages_60_to_69,2987,1897,63.5085,no,,,source_not_available_before_2023,jumin_population_age_202212.csv,jumin_households_size_202212.csv,
2022,2022-12,2872034000,인천광역시 옹진군 대청면,인천광역시,옹진군,대청면,pre_reform_code_preserved_district_not_reorganized,1224,508,259,not_calculated_source_aggregates_ages_60_to_69,777,500,64.3501,no,,,source_not_available_before_2023,jumin_population_age_202212.csv,jumin_households_size_202212.csv,
2022,2022-12,2872034500,인천광역시 옹진군 대청면소청출장소,인천광역시,옹진군,대청면소청출장소,pre_reform_code_preserved_district_not_reorganized,216,120,71,not_calculated_source_aggregates_ages_60_to_69,166,123,74.0964,no,,,source_not_available_before_2023,jumin_population_age_202212.csv,jumin_households_size_202212.csv,
2022,2022-12,2872035000,인천광역시 옹진군 덕적면,인천광역시,옹진군,덕적면,pre_reform_code_preserved_district_not_reorganized,1924,1093,585,not_calculated_source_aggregates_ages_60_to_69,1214,747,61.5321,no,,,source_not_available_before_2023,jumin_population_age_202212.csv,jumin_households_size_202212.csv,
2022,2022-12,2872036000,인천광역시 옹진군 영흥면,인천광역시,옹진군,영흥면,pre_reform_code_preserved_district_not_reorganized,6653,2735,1171,not_calculated_source_aggregates_ages_60_to_69,3761,2092,55.6235,no,,,source_not_available_before_2023,jumin_population_age_202212.csv,jumin_households_size_202212.csv,
2022,2022-12,2872037000,인천광역시 옹진군 자월면,인천광역시,옹진군,자월면,pre_reform_code_preserved_district_not_reorganized,963,534,274,not_calculated_source_aggregates_ages_60_to_69,587,340,57.9216,no,,,source_not_available_before_2023,jumin_population_age_202212.csv,jumin_households_size_202212.csv,
2022,2022-12,2872037500,인천광역시 옹진군 자월면이작출장소,인천광역시,옹진군,자월면이작출장소,pre_reform_code_preserved_district_not_reorganized,378,213,103,not_calculated_source_aggregates_ages_60_to_69,229,133,58.0786,no,,,source_not_available_before_2023,jumin_population_age_202212.csv,jumin_households_size_202212.csv,
2022,2022-12,2872038000,인천광역시 옹진군 연평면,인천광역시,옹진군,연평면,pre_reform_code_preserved_district_not_reorganized,2138,623,237,not_calculated_source_aggregates_ages_60_to_69,1512,1147,75.8598,no,,,source_not_available_before_2023,jumin_population_age_202212.csv,jumin_households_size_202212.csv,
2023,2023-12,2811052000,인천광역시 중구 연안동,인천광역시,중구,연안동,requires_2026_07_01_reform_crosswalk,5433,2337,1040,not_calculated_source_aggregates_ages_60_to_69,3069,1707,55.6207,yes,855,367,not_calculated_source_aggregates_ages_60_to_69,jumin_population_age_202312.csv,jumin_households_size_202312.csv,jumin_one_person_age_202312.csv
2023,2023-12,2811053000,인천광역시 중구 신포동,인천광역시,중구,신포동,requires_2026_07_01_reform_crosswalk,4661,1750,976,not_calculated_source_aggregates_ages_60_to_69,2503,1341,53.5757,yes,696,398,not_calculated_source_aggregates_ages_60_to_69,jumin_population_age_202312.csv,jumin_households_size_202312.csv,jumin_one_person_age_202312.csv
2023,2023-12,2811054000,인천광역시 중구 신흥동,인천광역시,중구,신흥동,requires_2026_07_01_reform_crosswalk,14110,4242,1977,not_calculated_source_aggregates_ages_60_to_69,6791,2919,42.9834,yes,1262,626,not_calculated_source_aggregates_ages_60_to_69,jumin_population_age_202312.csv,jumin_households_size_202312.csv,jumin_one_person_age_202312.csv
2023,2023-12,2811056000,인천광역시 중구 도원동,인천광역시,중구,도원동,requires_2026_07_01_reform_crosswalk,3669,1650,861,not_calculated_source_aggregates_ages_60_to_69,2020,1044,51.6832,yes,632,351,not_calculated_source_aggregates_ages_60_to_69,jumin_population_age_202312.csv,jumin_households_size_202312.csv,jumin_one_person_age_202312.csv
2023,2023-12,2811057000,인천광역시 중구 율목동,인천광역시,중구,율목동,requires_2026_07_01_reform_crosswalk,2951,1305,679,not_calculated_source_aggregates_ages_60_to_69,1789,1070,59.8099,yes,601,332,not_calculated_source_aggregates_ages_60_to_69,jumin_population_age_202312.csv,jumin_households_size_202312.csv,jumin_one_person_age_202312.csv
2023,2023-12,2811058500,인천광역시 중구 동인천동,인천광역시,중구,동인천동,requires_2026_07_01_reform_crosswalk,5382,2373,1224,not_calculated_source_aggregates_ages_60_to_69,3235,1972,60.9583,yes,1075,568,not_calculated_source_aggregates_ages_60_to_69,jumin_population_age_202312.csv,jumin_households_size_202312.csv,jumin_one_person_age_202312.csv
2023,2023-12,2811061500,인천광역시 중구 개항동,인천광역시,중구,개항동,requires_2026_07_01_reform_crosswalk,6931,2821,1424,not_calculated_source_aggregates_ages_60_to_69,3884,2083,53.6303,yes,996,539,not_calculated_source_aggregates_ages_60_to_69,jumin_population_age_202312.csv,jumin_households_size_202312.csv,jumin_one_person_age_202312.csv
2023,2023-12,2811062000,인천광역시 중구 영종동,인천광역시,중구,영종동,requires_2026_07_01_reform_crosswalk,22924,5295,2005,not_calculated_source_aggregates_ages_60_to_69,11844,5965,50.3631,yes,1538,574,not_calculated_source_aggregates_ages_60_to_69,jumin_population_age_202312.csv,jumin_households_size_202312.csv,jumin_one_person_age_202312.csv
2023,2023-12,2811062200,인천광역시 중구 영종1동,인천광역시,중구,영종1동,requires_2026_07_01_reform_crosswalk,52660,6528,2623,not_calculated_source_aggregates_ages_60_to_69,20885,6199,29.6816,yes,1193,513,not_calculated_source_aggregates_ages_60_to_69,jumin_population_age_202312.csv,jumin_households_size_202312.csv,jumin_one_person_age_202312.csv
2023,2023-12,2811062800,인천광역시 중구 운서동,인천광역시,중구,운서동,requires_2026_07_01_reform_crosswalk,36620,5031,2250,not_calculated_source_aggregates_ages_60_to_69,21113,13407,63.5012,yes,1342,579,not_calculated_source_aggregates_ages_60_to_69,jumin_population_age_202312.csv,jumin_households_size_202312.csv,jumin_one_person_age_202312.csv
2023,2023-12,2811063000,인천광역시 중구 용유동,인천광역시,중구,용유동,requires_2026_07_01_reform_crosswalk,3617,1958,895,not_calculated_source_aggregates_ages_60_to_69,2387,1551,64.9770,yes,849,345,not_calculated_source_aggregates_ages_60_to_69,jumin_population_age_202312.csv,jumin_households_size_202312.csv,jumin_one_person_age_202312.csv
2023,2023-12,2814051000,인천광역시 동구 만석동,인천광역시,동구,만석동,requires_2026_07_01_reform_crosswalk,6428,2277,1062,not_calculated_source_aggregates_ages_60_to_69,3113,1345,43.2059,yes,773,381,not_calculated_source_aggregates_ages_60_to_69,jumin_population_age_202312.csv,jumin_households_size_202312.csv,jumin_one_person_age_202312.csv
2023,2023-12,2814052500,인천광역시 동구 화수1.화평동,인천광역시,동구,화수1.화평동,requires_2026_07_01_reform_crosswalk,5577,2347,1232,not_calculated_source_aggregates_ages_60_to_69,2790,1254,44.9462,yes,788,460,not_calculated_source_aggregates_ages_60_to_69,jumin_population_age_202312.csv,jumin_households_size_202312.csv,jumin_one_person_age_202312.csv
2023,2023-12,2814053000,인천광역시 동구 화수2동,인천광역시,동구,화수2동,requires_2026_07_01_reform_crosswalk,7068,3039,1636,not_calculated_source_aggregates_ages_60_to_69,3653,1693,46.3455,yes,1004,598,not_calculated_source_aggregates_ages_60_to_69,jumin_population_age_202312.csv,jumin_households_size_202312.csv,jumin_one_person_age_202312.csv
2023,2023-12,2814055500,인천광역시 동구 송현1.2동,인천광역시,동구,송현1.2동,requires_2026_07_01_reform_crosswalk,9872,3134,1530,not_calculated_source_aggregates_ages_60_to_69,4367,1477,33.8218,yes,670,385,not_calculated_source_aggregates_ages_60_to_69,jumin_population_age_202312.csv,jumin_households_size_202312.csv,jumin_one_person_age_202312.csv
2023,2023-12,2814057000,인천광역시 동구 송현3동,인천광역시,동구,송현3동,requires_2026_07_01_reform_crosswalk,2893,1302,671,not_calculated_source_aggregates_ages_60_to_69,1625,853,52.4923,yes,508,270,not_calculated_source_aggregates_ages_60_to_69,jumin_population_age_202312.csv,jumin_households_size_202312.csv,jumin_one_person_age_202312.csv
2023,2023-12,2814058000,인천광역시 동구 송림1동,인천광역시,동구,송림1동,requires_2026_07_01_reform_crosswalk,6493,1494,692,not_calculated_source_aggregates_ages_60_to_69,2877,941,32.7077,yes,273,141,not_calculated_source_aggregates_ages_60_to_69,jumin_population_age_202312.csv,jumin_households_size_202312.csv,jumin_one_person_age_202312.csv
2023,2023-12,2814059000,인천광역시 동구 송림2동,인천광역시,동구,송림2동,requires_2026_07_01_reform_crosswalk,1427,759,425,not_calculated_source_aggregates_ages_60_to_69,884,551,62.3303,yes,369,205,not_calculated_source_aggregates_ages_60_to_69,jumin_population_age_202312.csv,jumin_households_size_202312.csv,jumin_one_person_age_202312.csv
2023,2023-12,2814060500,인천광역시 동구 송림3.5동,인천광역시,동구,송림3.5동,requires_2026_07_01_reform_crosswalk,5620,1830,915,not_calculated_source_aggregates_ages_60_to_69,2519,930,36.9194,yes,497,258,not_calculated_source_aggregates_ages_60_to_69,jumin_population_age_202312.csv,jumin_households_size_202312.csv,jumin_one_person_age_202312.csv
2023,2023-12,2814061000,인천광역시 동구 송림4동,인천광역시,동구,송림4동,requires_2026_07_01_reform_crosswalk,6054,1333,541,not_calculated_source_aggregates_ages_60_to_69,2515,704,27.9920,yes,209,82,not_calculated_source_aggregates_ages_60_to_69,jumin_population_age_202312.csv,jumin_households_size_202312.csv,jumin_one_person_age_202312.csv
2023,2023-12,2814063000,인천광역시 동구 송림6동,인천광역시,동구,송림6동,requires_2026_07_01_reform_crosswalk,5776,1917,973,not_calculated_source_aggregates_ages_60_to_69,2488,837,33.6415,yes,483,283,not_calculated_source_aggregates_ages_60_to_69,jumin_population_age_202312.csv,jumin_households_size_202312.csv,jumin_one_person_age_202312.csv
2023,2023-12,2814064000,인천광역시 동구 금창동,인천광역시,동구,금창동,requires_2026_07_01_reform_crosswalk,2274,1096,630,not_calculated_source_aggregates_ages_60_to_69,1260,662,52.5397,yes,413,250,not_calculated_source_aggregates_ages_60_to_69,jumin_population_age_202312.csv,jumin_households_size_202312.csv,jumin_one_person_age_202312.csv
2023,2023-12,2817751000,인천광역시 미추홀구 숭의2동,인천광역시,미추홀구,숭의2동,pre_reform_code_preserved_district_not_reorganized,13800,4250,1991,not_calculated_source_aggregates_ages_60_to_69,6682,2860,42.8016,yes,1337,693,not_calculated_source_aggregates_ages_60_to_69,jumin_population_age_202312.csv,jumin_households_size_202312.csv,jumin_one_person_age_202312.csv
2023,2023-12,2817752000,인천광역시 미추홀구 숭의1.3동,인천광역시,미추홀구,숭의1.3동,pre_reform_code_preserved_district_not_reorganized,15733,3914,1765,not_calculated_source_aggregates_ages_60_to_69,7540,3115,41.3130,yes,1137,605,not_calculated_source_aggregates_ages_60_to_69,jumin_population_age_202312.csv,jumin_households_size_202312.csv,jumin_one_person_age_202312.csv
2023,2023-12,2817753000,인천광역시 미추홀구 숭의4동,인천광역시,미추홀구,숭의4동,pre_reform_code_preserved_district_not_reorganized,15035,4695,2250,not_calculated_source_aggregates_ages_60_to_69,7357,3182,43.2513,yes,1522,759,not_calculated_source_aggregates_ages_60_to_69,jumin_population_age_202312.csv,jumin_households_size_202312.csv,jumin_one_person_age_202312.csv
2023,2023-12,2817754000,인천광역시 미추홀구 용현1.4동,인천광역시,미추홀구,용현1.4동,pre_reform_code_preserved_district_not_reorganized,17253,5566,2834,not_calculated_source_aggregates_ages_60_to_69,10835,7087,65.4084,yes,1802,937,not_calculated_source_aggregates_ages_60_to_69,jumin_population_age_202312.csv,jumin_households_size_202312.csv,jumin_one_person_age_202312.csv
2023,2023-12,2817755000,인천광역시 미추홀구 용현2동,인천광역시,미추홀구,용현2동,pre_reform_code_preserved_district_not_reorganized,19504,5061,2440,not_calculated_source_aggregates_ages_60_to_69,9155,3746,40.9175,yes,1357,737,not_calculated_source_aggregates_ages_60_to_69,jumin_population_age_202312.csv,jumin_households_size_202312.csv,jumin_one_person_age_202312.csv
2023,2023-12,2817756000,인천광역시 미추홀구 용현3동,인천광역시,미추홀구,용현3동,pre_reform_code_preserved_district_not_reorganized,7153,2886,1483,not_calculated_source_aggregates_ages_60_to_69,4287,2524,58.8757,yes,1166,577,not_calculated_source_aggregates_ages_60_to_69,jumin_population_age_202312.csv,jumin_households_size_202312.csv,jumin_one_person_age_202312.csv
2023,2023-12,2817757000,인천광역시 미추홀구 용현5동,인천광역시,미추홀구,용현5동,pre_reform_code_preserved_district_not_reorganized,45898,10706,4493,not_calculated_source_aggregates_ages_60_to_69,19912,7291,36.6161,yes,2333,1120,not_calculated_source_aggregates_ages_60_to_69,jumin_population_age_202312.csv,jumin_households_size_202312.csv,jumin_one_person_age_202312.csv
2023,2023-12,2817758000,인천광역시 미추홀구 학익1동,인천광역시,미추홀구,학익1동,pre_reform_code_preserved_district_not_reorganized,29395,7694,3289,not_calculated_source_aggregates_ages_60_to_69,11927,3616,30.3178,yes,1604,807,not_calculated_source_aggregates_ages_60_to_69,jumin_population_age_202312.csv,jumin_households_size_202312.csv,jumin_one_person_age_202312.csv
2023,2023-12,2817759000,인천광역시 미추홀구 학익2동,인천광역시,미추홀구,학익2동,pre_reform_code_preserved_district_not_reorganized,17820,5714,2709,not_calculated_source_aggregates_ages_60_to_69,8132,3031,37.2725,yes,1433,822,not_calculated_source_aggregates_ages_60_to_69,jumin_population_age_202312.csv,jumin_households_size_202312.csv,jumin_one_person_age_202312.csv
2023,2023-12,2817760000,인천광역시 미추홀구 도화1동,인천광역시,미추홀구,도화1동,pre_reform_code_preserved_district_not_reorganized,21111,6051,2839,not_calculated_source_aggregates_ages_60_to_69,10355,4496,43.4186,yes,1830,919,not_calculated_source_aggregates_ages_60_to_69,jumin_population_age_202312.csv,jumin_households_size_202312.csv,jumin_one_person_age_202312.csv
2023,2023-12,2817761000,인천광역시 미추홀구 도화2.3동,인천광역시,미추홀구,도화2.3동,pre_reform_code_preserved_district_not_reorganized,31316,7835,3234,not_calculated_source_aggregates_ages_60_to_69,14035,5303,37.7841,yes,1995,910,not_calculated_source_aggregates_ages_60_to_69,jumin_population_age_202312.csv,jumin_households_size_202312.csv,jumin_one_person_age_202312.csv
2023,2023-12,2817762000,인천광역시 미추홀구 주안1동,인천광역시,미추홀구,주안1동,pre_reform_code_preserved_district_not_reorganized,19856,4057,1537,not_calculated_source_aggregates_ages_60_to_69,11859,7226,60.9326,yes,1347,508,not_calculated_source_aggregates_ages_60_to_69,jumin_population_age_202312.csv,jumin_households_size_202312.csv,jumin_one_person_age_202312.csv
2023,2023-12,2817763000,인천광역시 미추홀구 주안2동,인천광역시,미추홀구,주안2동,pre_reform_code_preserved_district_not_reorganized,21869,6527,2987,not_calculated_source_aggregates_ages_60_to_69,10876,4684,43.0673,yes,1952,956,not_calculated_source_aggregates_ages_60_to_69,jumin_population_age_202312.csv,jumin_households_size_202312.csv,jumin_one_person_age_202312.csv
2023,2023-12,2817764000,인천광역시 미추홀구 주안3동,인천광역시,미추홀구,주안3동,pre_reform_code_preserved_district_not_reorganized,12231,3457,1641,not_calculated_source_aggregates_ages_60_to_69,6174,2833,45.8860,yes,1117,549,not_calculated_source_aggregates_ages_60_to_69,jumin_population_age_202312.csv,jumin_households_size_202312.csv,jumin_one_person_age_202312.csv
2023,2023-12,2817765000,인천광역시 미추홀구 주안4동,인천광역시,미추홀구,주안4동,pre_reform_code_preserved_district_not_reorganized,17702,5532,2677,not_calculated_source_aggregates_ages_60_to_69,8659,3722,42.9842,yes,1711,854,not_calculated_source_aggregates_ages_60_to_69,jumin_population_age_202312.csv,jumin_households_size_202312.csv,jumin_one_person_age_202312.csv
2023,2023-12,2817766000,인천광역시 미추홀구 주안5동,인천광역시,미추홀구,주안5동,pre_reform_code_preserved_district_not_reorganized,19819,5957,2645,not_calculated_source_aggregates_ages_60_to_69,10080,4665,46.2798,yes,1793,891,not_calculated_source_aggregates_ages_60_to_69,jumin_population_age_202312.csv,jumin_households_size_202312.csv,jumin_one_person_age_202312.csv
2023,2023-12,2817767000,인천광역시 미추홀구 주안6동,인천광역시,미추홀구,주안6동,pre_reform_code_preserved_district_not_reorganized,21030,5619,2478,not_calculated_source_aggregates_ages_60_to_69,9984,4266,42.7284,yes,1548,757,not_calculated_source_aggregates_ages_60_to_69,jumin_population_age_202312.csv,jumin_households_size_202312.csv,jumin_one_person_age_202312.csv
2023,2023-12,2817768000,인천광역시 미추홀구 주안7동,인천광역시,미추홀구,주안7동,pre_reform_code_preserved_district_not_reorganized,11608,4449,2136,not_calculated_source_aggregates_ages_60_to_69,5867,2647,45.1168,yes,1380,698,not_calculated_source_aggregates_ages_60_to_69,jumin_population_age_202312.csv,jumin_households_size_202312.csv,jumin_one_person_age_202312.csv
2023,2023-12,2817769000,인천광역시 미추홀구 주안8동,인천광역시,미추홀구,주안8동,pre_reform_code_preserved_district_not_reorganized,19472,6123,2651,not_calculated_source_aggregates_ages_60_to_69,8959,3389,37.8279,yes,1618,791,not_calculated_source_aggregates_ages_60_to_69,jumin_population_age_202312.csv,jumin_households_size_202312.csv,jumin_one_person_age_202312.csv
2023,2023-12,2817770000,인천광역시 미추홀구 관교동,인천광역시,미추홀구,관교동,pre_reform_code_preserved_district_not_reorganized,14322,4670,2022,not_calculated_source_aggregates_ages_60_to_69,6250,2129,34.0640,yes,920,460,not_calculated_source_aggregates_ages_60_to_69,jumin_population_age_202312.csv,jumin_households_size_202312.csv,jumin_one_person_age_202312.csv
2023,2023-12,2817771000,인천광역시 미추홀구 문학동,인천광역시,미추홀구,문학동,pre_reform_code_preserved_district_not_reorganized,14068,3274,1342,not_calculated_source_aggregates_ages_60_to_69,7682,4265,55.5194,yes,1157,446,not_calculated_source_aggregates_ages_60_to_69,jumin_population_age_202312.csv,jumin_households_size_202312.csv,jumin_one_person_age_202312.csv
2023,2023-12,2818563000,인천광역시 연수구 옥련1동,인천광역시,연수구,옥련1동,pre_reform_code_preserved_district_not_reorganized,17846,5146,2233,not_calculated_source_aggregates_ages_60_to_69,7881,2803,35.5666,yes,1292,664,not_calculated_source_aggregates_ages_60_to_69,jumin_population_age_202312.csv,jumin_households_size_202312.csv,jumin_one_person_age_202312.csv
2023,2023-12,2818564000,인천광역시 연수구 옥련2동,인천광역시,연수구,옥련2동,pre_reform_code_preserved_district_not_reorganized,19237,5042,2016,not_calculated_source_aggregates_ages_60_to_69,7748,2175,28.0718,yes,924,449,not_calculated_source_aggregates_ages_60_to_69,jumin_population_age_202312.csv,jumin_households_size_202312.csv,jumin_one_person_age_202312.csv
2023,2023-12,2818575000,인천광역시 연수구 선학동,인천광역시,연수구,선학동,pre_reform_code_preserved_district_not_reorganized,17865,5675,2234,not_calculated_source_aggregates_ages_60_to_69,8670,3809,43.9331,yes,1567,759,not_calculated_source_aggregates_ages_60_to_69,jumin_population_age_202312.csv,jumin_households_size_202312.csv,jumin_one_person_age_202312.csv
2023,2023-12,2818576100,인천광역시 연수구 연수1동,인천광역시,연수구,연수1동,pre_reform_code_preserved_district_not_reorganized,17382,4929,1896,not_calculated_source_aggregates_ages_60_to_69,9026,4687,51.9278,yes,1316,532,not_calculated_source_aggregates_ages_60_to_69,jumin_population_age_202312.csv,jumin_households_size_202312.csv,jumin_one_person_age_202312.csv
2023,2023-12,2818576200,인천광역시 연수구 연수2동,인천광역시,연수구,연수2동,pre_reform_code_preserved_district_not_reorganized,19869,5428,2122,not_calculated_source_aggregates_ages_60_to_69,9672,4371,45.1923,yes,1644,845,not_calculated_source_aggregates_ages_60_to_69,jumin_population_age_202312.csv,jumin_households_size_202312.csv,jumin_one_person_age_202312.csv
2023,2023-12,2818576300,인천광역시 연수구 연수3동,인천광역시,연수구,연수3동,pre_reform_code_preserved_district_not_reorganized,15160,5049,2137,not_calculated_source_aggregates_ages_60_to_69,7195,2977,41.3760,yes,1634,899,not_calculated_source_aggregates_ages_60_to_69,jumin_population_age_202312.csv,jumin_households_size_202312.csv,jumin_one_person_age_202312.csv
2023,2023-12,2818576600,인천광역시 연수구 청학동,인천광역시,연수구,청학동,pre_reform_code_preserved_district_not_reorganized,23149,7561,3087,not_calculated_source_aggregates_ages_60_to_69,12201,6170,50.5696,yes,2461,1121,not_calculated_source_aggregates_ages_60_to_69,jumin_population_age_202312.csv,jumin_households_size_202312.csv,jumin_one_person_age_202312.csv
2023,2023-12,2818578000,인천광역시 연수구 동춘1동,인천광역시,연수구,동춘1동,pre_reform_code_preserved_district_not_reorganized,24323,5339,1693,not_calculated_source_aggregates_ages_60_to_69,9028,1807,20.0155,yes,700,305,not_calculated_source_aggregates_ages_60_to_69,jumin_population_age_202312.csv,jumin_households_size_202312.csv,jumin_one_person_age_202312.csv
2023,2023-12,2818579000,인천광역시 연수구 동춘2동,인천광역시,연수구,동춘2동,pre_reform_code_preserved_district_not_reorganized,17391,4201,1493,not_calculated_source_aggregates_ages_60_to_69,6859,1666,24.2893,yes,613,312,not_calculated_source_aggregates_ages_60_to_69,jumin_population_age_202312.csv,jumin_households_size_202312.csv,jumin_one_person_age_202312.csv
2023,2023-12,2818579500,인천광역시 연수구 동춘3동,인천광역시,연수구,동춘3동,pre_reform_code_preserved_district_not_reorganized,17920,3924,1508,not_calculated_source_aggregates_ages_60_to_69,5771,630,10.9167,yes,345,185,not_calculated_source_aggregates_ages_60_to_69,jumin_population_age_202312.csv,jumin_households_size_202312.csv,jumin_one_person_age_202312.csv
2023,2023-12,2818582000,인천광역시 연수구 송도1동,인천광역시,연수구,송도1동,pre_reform_code_preserved_district_not_reorganized,37843,6420,2185,not_calculated_source_aggregates_ages_60_to_69,15447,5707,36.9457,yes,556,236,not_calculated_source_aggregates_ages_60_to_69,jumin_population_age_202312.csv,jumin_households_size_202312.csv,jumin_one_person_age_202312.csv
2023,2023-12,2818583000,인천광역시 연수구 송도2동,인천광역시,연수구,송도2동,pre_reform_code_preserved_district_not_reorganized,36676,4244,1331,not_calculated_source_aggregates_ages_60_to_69,12036,1770,14.7059,yes,404,164,not_calculated_source_aggregates_ages_60_to_69,jumin_population_age_202312.csv,jumin_households_size_202312.csv,jumin_one_person_age_202312.csv
2023,2023-12,2818584000,인천광역시 연수구 송도3동,인천광역시,연수구,송도3동,pre_reform_code_preserved_district_not_reorganized,48558,5599,1759,not_calculated_source_aggregates_ages_60_to_69,18962,5654,29.8175,yes,599,214,not_calculated_source_aggregates_ages_60_to_69,jumin_population_age_202312.csv,jumin_households_size_202312.csv,jumin_one_person_age_202312.csv
2023,2023-12,2818585000,인천광역시 연수구 송도4동,인천광역시,연수구,송도4동,pre_reform_code_preserved_district_not_reorganized,33013,3509,1028,not_calculated_source_aggregates_ages_60_to_69,12033,2740,22.7707,yes,375,129,not_calculated_source_aggregates_ages_60_to_69,jumin_population_age_202312.csv,jumin_households_size_202312.csv,jumin_one_person_age_202312.csv
2023,2023-12,2818586000,인천광역시 연수구 송도5동,인천광역시,연수구,송도5동,pre_reform_code_preserved_district_not_reorganized,46184,5034,1309,not_calculated_source_aggregates_ages_60_to_69,17376,3850,22.1570,yes,534,131,not_calculated_source_aggregates_ages_60_to_69,jumin_population_age_202312.csv,jumin_households_size_202312.csv,jumin_one_person_age_202312.csv
2023,2023-12,2820051000,인천광역시 남동구 구월1동,인천광역시,남동구,구월1동,pre_reform_code_preserved_district_not_reorganized,31211,7313,2877,not_calculated_source_aggregates_ages_60_to_69,13941,5394,38.6916,yes,1835,864,not_calculated_source_aggregates_ages_60_to_69,jumin_population_age_202312.csv,jumin_households_size_202312.csv,jumin_one_person_age_202312.csv
2023,2023-12,2820052000,인천광역시 남동구 구월2동,인천광역시,남동구,구월2동,pre_reform_code_preserved_district_not_reorganized,35651,7829,3075,not_calculated_source_aggregates_ages_60_to_69,13221,2939,22.2298,yes,1331,630,not_calculated_source_aggregates_ages_60_to_69,jumin_population_age_202312.csv,jumin_households_size_202312.csv,jumin_one_person_age_202312.csv
2023,2023-12,2820052100,인천광역시 남동구 구월3동,인천광역시,남동구,구월3동,pre_reform_code_preserved_district_not_reorganized,28889,5605,2261,not_calculated_source_aggregates_ages_60_to_69,17365,10858,62.5281,yes,1672,683,not_calculated_source_aggregates_ages_60_to_69,jumin_population_age_202312.csv,jumin_households_size_202312.csv,jumin_one_person_age_202312.csv
2023,2023-12,2820052200,인천광역시 남동구 구월4동,인천광역시,남동구,구월4동,pre_reform_code_preserved_district_not_reorganized,13506,4659,2052,not_calculated_source_aggregates_ages_60_to_69,7560,4110,54.3651,yes,1806,804,not_calculated_source_aggregates_ages_60_to_69,jumin_population_age_202312.csv,jumin_households_size_202312.csv,jumin_one_person_age_202312.csv
2023,2023-12,2820053000,인천광역시 남동구 간석1동,인천광역시,남동구,간석1동,pre_reform_code_preserved_district_not_reorganized,16896,5167,2393,not_calculated_source_aggregates_ages_60_to_69,8505,3945,46.3845,yes,1455,751,not_calculated_source_aggregates_ages_60_to_69,jumin_population_age_202312.csv,jumin_households_size_202312.csv,jumin_one_person_age_202312.csv
2023,2023-12,2820054000,인천광역시 남동구 간석2동,인천광역시,남동구,간석2동,pre_reform_code_preserved_district_not_reorganized,20798,5835,2535,not_calculated_source_aggregates_ages_60_to_69,9123,3422,37.5096,yes,1371,636,not_calculated_source_aggregates_ages_60_to_69,jumin_population_age_202312.csv,jumin_households_size_202312.csv,jumin_one_person_age_202312.csv
2023,2023-12,2820055000,인천광역시 남동구 간석3동,인천광역시,남동구,간석3동,pre_reform_code_preserved_district_not_reorganized,25891,7793,3334,not_calculated_source_aggregates_ages_60_to_69,12717,5575,43.8390,yes,2440,1140,not_calculated_source_aggregates_ages_60_to_69,jumin_population_age_202312.csv,jumin_households_size_202312.csv,jumin_one_person_age_202312.csv
2023,2023-12,2820055100,인천광역시 남동구 간석4동,인천광역시,남동구,간석4동,pre_reform_code_preserved_district_not_reorganized,28219,7845,3255,not_calculated_source_aggregates_ages_60_to_69,13449,5678,42.2188,yes,2088,931,not_calculated_source_aggregates_ages_60_to_69,jumin_population_age_202312.csv,jumin_households_size_202312.csv,jumin_one_person_age_202312.csv
2023,2023-12,2820056000,인천광역시 남동구 만수1동,인천광역시,남동구,만수1동,pre_reform_code_preserved_district_not_reorganized,15946,5678,2580,not_calculated_source_aggregates_ages_60_to_69,8760,4551,51.9521,yes,2362,1261,not_calculated_source_aggregates_ages_60_to_69,jumin_population_age_202312.csv,jumin_households_size_202312.csv,jumin_one_person_age_202312.csv
2023,2023-12,2820057000,인천광역시 남동구 만수2동,인천광역시,남동구,만수2동,pre_reform_code_preserved_district_not_reorganized,22978,6383,2547,not_calculated_source_aggregates_ages_60_to_69,9624,2963,30.7876,yes,1371,664,not_calculated_source_aggregates_ages_60_to_69,jumin_population_age_202312.csv,jumin_households_size_202312.csv,jumin_one_person_age_202312.csv
2023,2023-12,2820058000,인천광역시 남동구 만수3동,인천광역시,남동구,만수3동,pre_reform_code_preserved_district_not_reorganized,16576,4665,1856,not_calculated_source_aggregates_ages_60_to_69,7162,2373,33.1332,yes,1074,556,not_calculated_source_aggregates_ages_60_to_69,jumin_population_age_202312.csv,jumin_households_size_202312.csv,jumin_one_person_age_202312.csv
2023,2023-12,2820058100,인천광역시 남동구 만수4동,인천광역시,남동구,만수4동,pre_reform_code_preserved_district_not_reorganized,19283,5897,2415,not_calculated_source_aggregates_ages_60_to_69,8817,3193,36.2141,yes,1490,737,not_calculated_source_aggregates_ages_60_to_69,jumin_population_age_202312.csv,jumin_households_size_202312.csv,jumin_one_person_age_202312.csv
2023,2023-12,2820058200,인천광역시 남동구 만수5동,인천광역시,남동구,만수5동,pre_reform_code_preserved_district_not_reorganized,14581,5261,2366,not_calculated_source_aggregates_ages_60_to_69,7531,3522,46.7667,yes,1700,824,not_calculated_source_aggregates_ages_60_to_69,jumin_population_age_202312.csv,jumin_households_size_202312.csv,jumin_one_person_age_202312.csv
2023,2023-12,2820058300,인천광역시 남동구 만수6동,인천광역시,남동구,만수6동,pre_reform_code_preserved_district_not_reorganized,22695,7214,2969,not_calculated_source_aggregates_ages_60_to_69,10066,3591,35.6745,yes,1809,953,not_calculated_source_aggregates_ages_60_to_69,jumin_population_age_202312.csv,jumin_households_size_202312.csv,jumin_one_person_age_202312.csv
2023,2023-12,2820065000,인천광역시 남동구 장수서창동,인천광역시,남동구,장수서창동,pre_reform_code_preserved_district_not_reorganized,18978,5439,2208,not_calculated_source_aggregates_ages_60_to_69,7840,2365,30.1658,yes,1119,539,not_calculated_source_aggregates_ages_60_to_69,jumin_population_age_202312.csv,jumin_households_size_202312.csv,jumin_one_person_age_202312.csv
2023,2023-12,2820065500,인천광역시 남동구 서창2동,인천광역시,남동구,서창2동,pre_reform_code_preserved_district_not_reorganized,38024,7445,2765,not_calculated_source_aggregates_ages_60_to_69,15555,4949,31.8161,yes,2028,949,not_calculated_source_aggregates_ages_60_to_69,jumin_population_age_202312.csv,jumin_households_size_202312.csv,jumin_one_person_age_202312.csv
2023,2023-12,2820066000,인천광역시 남동구 남촌도림동,인천광역시,남동구,남촌도림동,pre_reform_code_preserved_district_not_reorganized,20070,6191,2529,not_calculated_source_aggregates_ages_60_to_69,9267,3575,38.5777,yes,1612,805,not_calculated_source_aggregates_ages_60_to_69,jumin_population_age_202312.csv,jumin_households_size_202312.csv,jumin_one_person_age_202312.csv
2023,2023-12,2820069000,인천광역시 남동구 논현1동,인천광역시,남동구,논현1동,pre_reform_code_preserved_district_not_reorganized,30822,6988,2732,not_calculated_source_aggregates_ages_60_to_69,13280,4688,35.3012,yes,1625,706,not_calculated_source_aggregates_ages_60_to_69,jumin_population_age_202312.csv,jumin_households_size_202312.csv,jumin_one_person_age_202312.csv
2023,2023-12,2820070000,인천광역시 남동구 논현2동,인천광역시,남동구,논현2동,pre_reform_code_preserved_district_not_reorganized,31413,7844,3352,not_calculated_source_aggregates_ages_60_to_69,14980,6361,42.4633,yes,1991,1010,not_calculated_source_aggregates_ages_60_to_69,jumin_population_age_202312.csv,jumin_households_size_202312.csv,jumin_one_person_age_202312.csv
2023,2023-12,2820071000,인천광역시 남동구 논현고잔동,인천광역시,남동구,논현고잔동,pre_reform_code_preserved_district_not_reorganized,39988,7008,2514,not_calculated_source_aggregates_ages_60_to_69,15505,4365,28.1522,yes,1548,681,not_calculated_source_aggregates_ages_60_to_69,jumin_population_age_202312.csv,jumin_households_size_202312.csv,jumin_one_person_age_202312.csv
2023,2023-12,2823751000,인천광역시 부평구 부평1동,인천광역시,부평구,부평1동,pre_reform_code_preserved_district_not_reorganized,35041,9025,3854,not_calculated_source_aggregates_ages_60_to_69,16924,7389,43.6599,yes,1911,915,not_calculated_source_aggregates_ages_60_to_69,jumin_population_age_202312.csv,jumin_households_size_202312.csv,jumin_one_person_age_202312.csv
2023,2023-12,2823752000,인천광역시 부평구 부평2동,인천광역시,부평구,부평2동,pre_reform_code_preserved_district_not_reorganized,14645,4318,1927,not_calculated_source_aggregates_ages_60_to_69,7300,3300,45.2055,yes,1320,624,not_calculated_source_aggregates_ages_60_to_69,jumin_population_age_202312.csv,jumin_households_size_202312.csv,jumin_one_person_age_202312.csv
2023,2023-12,2823753000,인천광역시 부평구 부평3동,인천광역시,부평구,부평3동,pre_reform_code_preserved_district_not_reorganized,14979,4521,2045,not_calculated_source_aggregates_ages_60_to_69,7390,3266,44.1949,yes,1519,751,not_calculated_source_aggregates_ages_60_to_69,jumin_population_age_202312.csv,jumin_households_size_202312.csv,jumin_one_person_age_202312.csv
2023,2023-12,2823754000,인천광역시 부평구 부평4동,인천광역시,부평구,부평4동,pre_reform_code_preserved_district_not_reorganized,34516,8555,3585,not_calculated_source_aggregates_ages_60_to_69,18054,9054,50.1496,yes,2686,1212,not_calculated_source_aggregates_ages_60_to_69,jumin_population_age_202312.csv,jumin_households_size_202312.csv,jumin_one_person_age_202312.csv
2023,2023-12,2823755000,인천광역시 부평구 부평5동,인천광역시,부평구,부평5동,pre_reform_code_preserved_district_not_reorganized,33526,7091,2776,not_calculated_source_aggregates_ages_60_to_69,16410,7250,44.1804,yes,1986,867,not_calculated_source_aggregates_ages_60_to_69,jumin_population_age_202312.csv,jumin_households_size_202312.csv,jumin_one_person_age_202312.csv
2023,2023-12,2823756000,인천광역시 부평구 부평6동,인천광역시,부평구,부평6동,pre_reform_code_preserved_district_not_reorganized,14712,4192,1812,not_calculated_source_aggregates_ages_60_to_69,7304,3269,44.7563,yes,1156,531,not_calculated_source_aggregates_ages_60_to_69,jumin_population_age_202312.csv,jumin_households_size_202312.csv,jumin_one_person_age_202312.csv
2023,2023-12,2823757000,인천광역시 부평구 산곡1동,인천광역시,부평구,산곡1동,pre_reform_code_preserved_district_not_reorganized,14791,3577,1463,not_calculated_source_aggregates_ages_60_to_69,6509,2162,33.2155,yes,809,417,not_calculated_source_aggregates_ages_60_to_69,jumin_population_age_202312.csv,jumin_households_size_202312.csv,jumin_one_person_age_202312.csv
2023,2023-12,2823758000,인천광역시 부평구 산곡2동,인천광역시,부평구,산곡2동,pre_reform_code_preserved_district_not_reorganized,29604,7286,2888,not_calculated_source_aggregates_ages_60_to_69,10737,2072,19.2978,yes,983,501,not_calculated_source_aggregates_ages_60_to_69,jumin_population_age_202312.csv,jumin_households_size_202312.csv,jumin_one_person_age_202312.csv
2023,2023-12,2823758100,인천광역시 부평구 산곡3동,인천광역시,부평구,산곡3동,pre_reform_code_preserved_district_not_reorganized,20586,7217,3296,not_calculated_source_aggregates_ages_60_to_69,8619,2639,30.6184,yes,1512,823,not_calculated_source_aggregates_ages_60_to_69,jumin_population_age_202312.csv,jumin_households_size_202312.csv,jumin_one_person_age_202312.csv
2023,2023-12,2823758200,인천광역시 부평구 산곡4동,인천광역시,부평구,산곡4동,pre_reform_code_preserved_district_not_reorganized,16645,4650,1933,not_calculated_source_aggregates_ages_60_to_69,6522,1627,24.9463,yes,808,476,not_calculated_source_aggregates_ages_60_to_69,jumin_population_age_202312.csv,jumin_households_size_202312.csv,jumin_one_person_age_202312.csv
2023,2023-12,2823759100,인천광역시 부평구 청천1동,인천광역시,부평구,청천1동,pre_reform_code_preserved_district_not_reorganized,17155,3333,1153,not_calculated_source_aggregates_ages_60_to_69,7634,2549,33.3901,yes,824,296,not_calculated_source_aggregates_ages_60_to_69,jumin_population_age_202312.csv,jumin_households_size_202312.csv,jumin_one_person_age_202312.csv
2023,2023-12,2823759200,인천광역시 부평구 청천2동,인천광역시,부평구,청천2동,pre_reform_code_preserved_district_not_reorganized,33453,8695,3281,not_calculated_source_aggregates_ages_60_to_69,14381,4683,32.5638,yes,1949,888,not_calculated_source_aggregates_ages_60_to_69,jumin_population_age_202312.csv,jumin_households_size_202312.csv,jumin_one_person_age_202312.csv
2023,2023-12,2823764100,인천광역시 부평구 갈산1동,인천광역시,부평구,갈산1동,pre_reform_code_preserved_district_not_reorganized,15390,4397,1706,not_calculated_source_aggregates_ages_60_to_69,7126,2739,38.4367,yes,1020,467,not_calculated_source_aggregates_ages_60_to_69,jumin_population_age_202312.csv,jumin_households_size_202312.csv,jumin_one_person_age_202312.csv
2023,2023-12,2823764200,인천광역시 부평구 갈산2동,인천광역시,부평구,갈산2동,pre_reform_code_preserved_district_not_reorganized,17636,5843,2392,not_calculated_source_aggregates_ages_60_to_69,8104,3252,40.1283,yes,1621,811,not_calculated_source_aggregates_ages_60_to_69,jumin_population_age_202312.csv,jumin_households_size_202312.csv,jumin_one_person_age_202312.csv
2023,2023-12,2823764600,인천광역시 부평구 삼산1동,인천광역시,부평구,삼산1동,pre_reform_code_preserved_district_not_reorganized,32676,8522,3448,not_calculated_source_aggregates_ages_60_to_69,14278,4925,34.4936,yes,2614,1411,not_calculated_source_aggregates_ages_60_to_69,jumin_population_age_202312.csv,jumin_households_size_202312.csv,jumin_one_person_age_202312.csv
2023,2023-12,2823764800,인천광역시 부평구 삼산2동,인천광역시,부평구,삼산2동,pre_reform_code_preserved_district_not_reorganized,27697,5691,2202,not_calculated_source_aggregates_ages_60_to_69,10191,2159,21.1854,yes,1022,558,not_calculated_source_aggregates_ages_60_to_69,jumin_population_age_202312.csv,jumin_households_size_202312.csv,jumin_one_person_age_202312.csv
2023,2023-12,2823765000,인천광역시 부평구 부개1동,인천광역시,부평구,부개1동,pre_reform_code_preserved_district_not_reorganized,15848,5573,2495,not_calculated_source_aggregates_ages_60_to_69,7856,3420,43.5336,yes,1635,761,not_calculated_source_aggregates_ages_60_to_69,jumin_population_age_202312.csv,jumin_households_size_202312.csv,jumin_one_person_age_202312.csv
2023,2023-12,2823766000,인천광역시 부평구 부개2동,인천광역시,부평구,부개2동,pre_reform_code_preserved_district_not_reorganized,19111,5010,2048,not_calculated_source_aggregates_ages_60_to_69,8300,2794,33.6627,yes,1084,520,not_calculated_source_aggregates_ages_60_to_69,jumin_population_age_202312.csv,jumin_households_size_202312.csv,jumin_one_person_age_202312.csv
2023,2023-12,2823766100,인천광역시 부평구 부개3동,인천광역시,부평구,부개3동,pre_reform_code_preserved_district_not_reorganized,28614,7265,2817,not_calculated_source_aggregates_ages_60_to_69,12122,3843,31.7027,yes,1524,817,not_calculated_source_aggregates_ages_60_to_69,jumin_population_age_202312.csv,jumin_households_size_202312.csv,jumin_one_person_age_202312.csv
2023,2023-12,2823767000,인천광역시 부평구 일신동,인천광역시,부평구,일신동,pre_reform_code_preserved_district_not_reorganized,11739,3634,1410,not_calculated_source_aggregates_ages_60_to_69,5043,1613,31.9849,yes,673,355,not_calculated_source_aggregates_ages_60_to_69,jumin_population_age_202312.csv,jumin_households_size_202312.csv,jumin_one_person_age_202312.csv
2023,2023-12,2823768000,인천광역시 부평구 십정1동,인천광역시,부평구,십정1동,pre_reform_code_preserved_district_not_reorganized,24546,5840,2422,not_calculated_source_aggregates_ages_60_to_69,11296,4045,35.8091,yes,1561,748,not_calculated_source_aggregates_ages_60_to_69,jumin_population_age_202312.csv,jumin_households_size_202312.csv,jumin_one_person_age_202312.csv
2023,2023-12,2823769000,인천광역시 부평구 십정2동,인천광역시,부평구,십정2동,pre_reform_code_preserved_district_not_reorganized,21228,7201,2980,not_calculated_source_aggregates_ages_60_to_69,11171,5609,50.2104,yes,2470,1035,not_calculated_source_aggregates_ages_60_to_69,jumin_population_age_202312.csv,jumin_households_size_202312.csv,jumin_one_person_age_202312.csv
2023,2023-12,2824560100,인천광역시 계양구 효성1동,인천광역시,계양구,효성1동,pre_reform_code_preserved_district_not_reorganized,26623,7595,2799,not_calculated_source_aggregates_ages_60_to_69,11617,3853,33.1669,yes,1735,798,not_calculated_source_aggregates_ages_60_to_69,jumin_population_age_202312.csv,jumin_households_size_202312.csv,jumin_one_person_age_202312.csv
2023,2023-12,2824560200,인천광역시 계양구 효성2동,인천광역시,계양구,효성2동,pre_reform_code_preserved_district_not_reorganized,27327,8014,2895,not_calculated_source_aggregates_ages_60_to_69,11469,3410,29.7323,yes,1615,702,not_calculated_source_aggregates_ages_60_to_69,jumin_population_age_202312.csv,jumin_households_size_202312.csv,jumin_one_person_age_202312.csv
2023,2023-12,2824561100,인천광역시 계양구 계산1동,인천광역시,계양구,계산1동,pre_reform_code_preserved_district_not_reorganized,17924,5829,2235,not_calculated_source_aggregates_ages_60_to_69,9680,5039,52.0558,yes,1953,758,not_calculated_source_aggregates_ages_60_to_69,jumin_population_age_202312.csv,jumin_households_size_202312.csv,jumin_one_person_age_202312.csv
2023,2023-12,2824561200,인천광역시 계양구 계산2동,인천광역시,계양구,계산2동,pre_reform_code_preserved_district_not_reorganized,14708,4947,1821,not_calculated_source_aggregates_ages_60_to_69,7627,3730,48.9052,yes,1516,654,not_calculated_source_aggregates_ages_60_to_69,jumin_population_age_202312.csv,jumin_households_size_202312.csv,jumin_one_person_age_202312.csv
2023,2023-12,2824561300,인천광역시 계양구 계산3동,인천광역시,계양구,계산3동,pre_reform_code_preserved_district_not_reorganized,17993,4984,1465,not_calculated_source_aggregates_ages_60_to_69,8447,3298,39.0434,yes,1152,457,not_calculated_source_aggregates_ages_60_to_69,jumin_population_age_202312.csv,jumin_households_size_202312.csv,jumin_one_person_age_202312.csv
2023,2023-12,2824561400,인천광역시 계양구 계산4동,인천광역시,계양구,계산4동,pre_reform_code_preserved_district_not_reorganized,22503,4972,1480,not_calculated_source_aggregates_ages_60_to_69,9222,3196,34.6563,yes,1001,497,not_calculated_source_aggregates_ages_60_to_69,jumin_population_age_202312.csv,jumin_households_size_202312.csv,jumin_one_person_age_202312.csv
2023,2023-12,2824562100,인천광역시 계양구 작전1동,인천광역시,계양구,작전1동,pre_reform_code_preserved_district_not_reorganized,26108,6873,2411,not_calculated_source_aggregates_ages_60_to_69,10980,3383,30.8106,yes,1451,648,not_calculated_source_aggregates_ages_60_to_69,jumin_population_age_202312.csv,jumin_households_size_202312.csv,jumin_one_person_age_202312.csv
2023,2023-12,2824562200,인천광역시 계양구 작전2동,인천광역시,계양구,작전2동,pre_reform_code_preserved_district_not_reorganized,18311,5836,2191,not_calculated_source_aggregates_ages_60_to_69,8735,3506,40.1374,yes,1616,746,not_calculated_source_aggregates_ages_60_to_69,jumin_population_age_202312.csv,jumin_households_size_202312.csv,jumin_one_person_age_202312.csv
2023,2023-12,2824564000,인천광역시 계양구 작전서운동,인천광역시,계양구,작전서운동,pre_reform_code_preserved_district_not_reorganized,33219,7098,2434,not_calculated_source_aggregates_ages_60_to_69,13938,4517,32.4078,yes,1622,770,not_calculated_source_aggregates_ages_60_to_69,jumin_population_age_202312.csv,jumin_households_size_202312.csv,jumin_one_person_age_202312.csv
2023,2023-12,2824571000,인천광역시 계양구 계양1동,인천광역시,계양구,계양1동,pre_reform_code_preserved_district_not_reorganized,19370,5726,2211,not_calculated_source_aggregates_ages_60_to_69,8261,2683,32.4779,yes,1243,582,not_calculated_source_aggregates_ages_60_to_69,jumin_population_age_202312.csv,jumin_households_size_202312.csv,jumin_one_person_age_202312.csv
2023,2023-12,2824572000,인천광역시 계양구 계양2동,인천광역시,계양구,계양2동,pre_reform_code_preserved_district_not_reorganized,32172,9306,3717,not_calculated_source_aggregates_ages_60_to_69,15853,6992,44.1052,yes,2953,1448,not_calculated_source_aggregates_ages_60_to_69,jumin_population_age_202312.csv,jumin_households_size_202312.csv,jumin_one_person_age_202312.csv
2023,2023-12,2824573000,인천광역시 계양구 계양3동,인천광역시,계양구,계양3동,pre_reform_code_preserved_district_not_reorganized,24008,5280,2031,not_calculated_source_aggregates_ages_60_to_69,9811,2866,29.2121,yes,1120,489,not_calculated_source_aggregates_ages_60_to_69,jumin_population_age_202312.csv,jumin_households_size_202312.csv,jumin_one_person_age_202312.csv
2023,2023-12,2826051500,인천광역시 서구 검암경서동,인천광역시,서구,검암경서동,requires_2026_07_01_reform_crosswalk,54114,8859,3222,not_calculated_source_aggregates_ages_60_to_69,23807,8647,36.3213,yes,1841,791,not_calculated_source_aggregates_ages_60_to_69,jumin_population_age_202312.csv,jumin_households_size_202312.csv,jumin_one_person_age_202312.csv
2023,2023-12,2826053000,인천광역시 서구 연희동,인천광역시,서구,연희동,requires_2026_07_01_reform_crosswalk,37808,10387,4060,not_calculated_source_aggregates_ages_60_to_69,18540,8324,44.8975,yes,3268,1485,not_calculated_source_aggregates_ages_60_to_69,jumin_population_age_202312.csv,jumin_households_size_202312.csv,jumin_one_person_age_202312.csv
2023,2023-12,2826053600,인천광역시 서구 청라1동,인천광역시,서구,청라1동,requires_2026_07_01_reform_crosswalk,30308,3505,1153,not_calculated_source_aggregates_ages_60_to_69,11818,3563,30.1489,yes,462,187,not_calculated_source_aggregates_ages_60_to_69,jumin_population_age_202312.csv,jumin_households_size_202312.csv,jumin_one_person_age_202312.csv
2023,2023-12,2826053700,인천광역시 서구 청라2동,인천광역시,서구,청라2동,requires_2026_07_01_reform_crosswalk,47538,6390,2044,not_calculated_source_aggregates_ages_60_to_69,17926,4901,27.3402,yes,841,336,not_calculated_source_aggregates_ages_60_to_69,jumin_population_age_202312.csv,jumin_households_size_202312.csv,jumin_one_person_age_202312.csv
2023,2023-12,2826053900,인천광역시 서구 청라3동,인천광역시,서구,청라3동,requires_2026_07_01_reform_crosswalk,35388,3916,1077,not_calculated_source_aggregates_ages_60_to_69,13571,4051,29.8504,yes,416,127,not_calculated_source_aggregates_ages_60_to_69,jumin_population_age_202312.csv,jumin_households_size_202312.csv,jumin_one_person_age_202312.csv
2023,2023-12,2826054200,인천광역시 서구 가정1동,인천광역시,서구,가정1동,requires_2026_07_01_reform_crosswalk,41226,7456,2640,not_calculated_source_aggregates_ages_60_to_69,17392,5851,33.6419,yes,2005,852,not_calculated_source_aggregates_ages_60_to_69,jumin_population_age_202312.csv,jumin_households_size_202312.csv,jumin_one_person_age_202312.csv
2023,2023-12,2826054300,인천광역시 서구 가정2동,인천광역시,서구,가정2동,requires_2026_07_01_reform_crosswalk,16910,2671,710,not_calculated_source_aggregates_ages_60_to_69,7103,2217,31.2122,yes,526,166,not_calculated_source_aggregates_ages_60_to_69,jumin_population_age_202312.csv,jumin_households_size_202312.csv,jumin_one_person_age_202312.csv
2023,2023-12,2826054400,인천광역시 서구 가정3동,인천광역시,서구,가정3동,requires_2026_07_01_reform_crosswalk,8822,2565,841,not_calculated_source_aggregates_ages_60_to_69,4190,1722,41.0979,yes,668,282,not_calculated_source_aggregates_ages_60_to_69,jumin_population_age_202312.csv,jumin_households_size_202312.csv,jumin_one_person_age_202312.csv
2023,2023-12,2826055000,인천광역시 서구 석남1동,인천광역시,서구,석남1동,requires_2026_07_01_reform_crosswalk,20693,6544,2491,not_calculated_source_aggregates_ages_60_to_69,10442,4760,45.5851,yes,1994,828,not_calculated_source_aggregates_ages_60_to_69,jumin_population_age_202312.csv,jumin_households_size_202312.csv,jumin_one_person_age_202312.csv
2023,2023-12,2826056000,인천광역시 서구 석남2동,인천광역시,서구,석남2동,requires_2026_07_01_reform_crosswalk,12069,4154,1698,not_calculated_source_aggregates_ages_60_to_69,5875,2450,41.7021,yes,1132,528,not_calculated_source_aggregates_ages_60_to_69,jumin_population_age_202312.csv,jumin_households_size_202312.csv,jumin_one_person_age_202312.csv
2023,2023-12,2826056100,인천광역시 서구 석남3동,인천광역시,서구,석남3동,requires_2026_07_01_reform_crosswalk,12642,3985,1549,not_calculated_source_aggregates_ages_60_to_69,6314,2784,44.0925,yes,1234,552,not_calculated_source_aggregates_ages_60_to_69,jumin_population_age_202312.csv,jumin_households_size_202312.csv,jumin_one_person_age_202312.csv
2023,2023-12,2826057500,인천광역시 서구 신현원창동,인천광역시,서구,신현원창동,requires_2026_07_01_reform_crosswalk,29738,7700,2572,not_calculated_source_aggregates_ages_60_to_69,12580,4007,31.8521,yes,1642,644,not_calculated_source_aggregates_ages_60_to_69,jumin_population_age_202312.csv,jumin_households_size_202312.csv,jumin_one_person_age_202312.csv
2023,2023-12,2826058000,인천광역시 서구 가좌1동,인천광역시,서구,가좌1동,requires_2026_07_01_reform_crosswalk,12567,3649,1450,not_calculated_source_aggregates_ages_60_to_69,6574,3118,47.4293,yes,1243,513,not_calculated_source_aggregates_ages_60_to_69,jumin_population_age_202312.csv,jumin_households_size_202312.csv,jumin_one_person_age_202312.csv
2023,2023-12,2826059000,인천광역시 서구 가좌2동,인천광역시,서구,가좌2동,requires_2026_07_01_reform_crosswalk,18545,5325,1991,not_calculated_source_aggregates_ages_60_to_69,7501,2031,27.0764,yes,1014,520,not_calculated_source_aggregates_ages_60_to_69,jumin_population_age_202312.csv,jumin_households_size_202312.csv,jumin_one_person_age_202312.csv
2023,2023-12,2826060000,인천광역시 서구 가좌3동,인천광역시,서구,가좌3동,requires_2026_07_01_reform_crosswalk,15577,5353,2219,not_calculated_source_aggregates_ages_60_to_69,7891,3486,44.1769,yes,1587,739,not_calculated_source_aggregates_ages_60_to_69,jumin_population_age_202312.csv,jumin_households_size_202312.csv,jumin_one_person_age_202312.csv
2023,2023-12,2826061000,인천광역시 서구 가좌4동,인천광역시,서구,가좌4동,requires_2026_07_01_reform_crosswalk,11853,3473,1290,not_calculated_source_aggregates_ages_60_to_69,5634,2245,39.8474,yes,943,447,not_calculated_source_aggregates_ages_60_to_69,jumin_population_age_202312.csv,jumin_households_size_202312.csv,jumin_one_person_age_202312.csv
2023,2023-12,2826068000,인천광역시 서구 검단동,인천광역시,서구,검단동,requires_2026_07_01_reform_crosswalk,32433,6976,2665,not_calculated_source_aggregates_ages_60_to_69,14995,6267,41.7939,yes,1923,821,not_calculated_source_aggregates_ages_60_to_69,jumin_population_age_202312.csv,jumin_households_size_202312.csv,jumin_one_person_age_202312.csv
2023,2023-12,2826069000,인천광역시 서구 불로대곡동,인천광역시,서구,불로대곡동,requires_2026_07_01_reform_crosswalk,23213,5149,2378,not_calculated_source_aggregates_ages_60_to_69,9756,3213,32.9336,yes,1096,525,not_calculated_source_aggregates_ages_60_to_69,jumin_population_age_202312.csv,jumin_households_size_202312.csv,jumin_one_person_age_202312.csv
2023,2023-12,2826070000,인천광역시 서구 원당동,인천광역시,서구,원당동,requires_2026_07_01_reform_crosswalk,22756,3859,1741,not_calculated_source_aggregates_ages_60_to_69,9562,3431,35.8816,yes,961,492,not_calculated_source_aggregates_ages_60_to_69,jumin_population_age_202312.csv,jumin_households_size_202312.csv,jumin_one_person_age_202312.csv
2023,2023-12,2826071000,인천광역시 서구 당하동,인천광역시,서구,당하동,requires_2026_07_01_reform_crosswalk,28681,5361,2053,not_calculated_source_aggregates_ages_60_to_69,12030,3937,32.7265,yes,1037,435,not_calculated_source_aggregates_ages_60_to_69,jumin_population_age_202312.csv,jumin_households_size_202312.csv,jumin_one_person_age_202312.csv
2023,2023-12,2826072000,인천광역시 서구 오류왕길동,인천광역시,서구,오류왕길동,requires_2026_07_01_reform_crosswalk,24265,5632,2178,not_calculated_source_aggregates_ages_60_to_69,10023,3228,32.2059,yes,1297,588,not_calculated_source_aggregates_ages_60_to_69,jumin_population_age_202312.csv,jumin_households_size_202312.csv,jumin_one_person_age_202312.csv
2023,2023-12,2826073000,인천광역시 서구 마전동,인천광역시,서구,마전동,requires_2026_07_01_reform_crosswalk,21660,4140,1701,not_calculated_source_aggregates_ages_60_to_69,8101,2037,25.1450,yes,650,339,not_calculated_source_aggregates_ages_60_to_69,jumin_population_age_202312.csv,jumin_households_size_202312.csv,jumin_one_person_age_202312.csv
2023,2023-12,2826074000,인천광역시 서구 아라동,인천광역시,서구,아라동,requires_2026_07_01_reform_crosswalk,65552,6015,1848,not_calculated_source_aggregates_ages_60_to_69,24543,5518,22.4830,yes,987,384,not_calculated_source_aggregates_ages_60_to_69,jumin_population_age_202312.csv,jumin_households_size_202312.csv,jumin_one_person_age_202312.csv
2023,2023-12,2871025000,인천광역시 강화군 강화읍,인천광역시,강화군,강화읍,pre_reform_code_preserved_district_not_reorganized,22299,8313,4286,not_calculated_source_aggregates_ages_60_to_69,10669,4498,42.1595,yes,2488,1379,not_calculated_source_aggregates_ages_60_to_69,jumin_population_age_202312.csv,jumin_households_size_202312.csv,jumin_one_person_age_202312.csv
2023,2023-12,2871031000,인천광역시 강화군 선원면,인천광역시,강화군,선원면,pre_reform_code_preserved_district_not_reorganized,7931,3275,1569,not_calculated_source_aggregates_ages_60_to_69,3646,1395,38.2611,yes,808,414,not_calculated_source_aggregates_ages_60_to_69,jumin_population_age_202312.csv,jumin_households_size_202312.csv,jumin_one_person_age_202312.csv
2023,2023-12,2871032000,인천광역시 강화군 불은면,인천광역시,강화군,불은면,pre_reform_code_preserved_district_not_reorganized,5067,2928,1516,not_calculated_source_aggregates_ages_60_to_69,2772,1336,48.1962,yes,897,504,not_calculated_source_aggregates_ages_60_to_69,jumin_population_age_202312.csv,jumin_households_size_202312.csv,jumin_one_person_age_202312.csv
2023,2023-12,2871033000,인천광역시 강화군 길상면,인천광역시,강화군,길상면,pre_reform_code_preserved_district_not_reorganized,7232,3639,1698,not_calculated_source_aggregates_ages_60_to_69,3662,1634,44.6204,yes,991,462,not_calculated_source_aggregates_ages_60_to_69,jumin_population_age_202312.csv,jumin_households_size_202312.csv,jumin_one_person_age_202312.csv
2023,2023-12,2871034000,인천광역시 강화군 화도면,인천광역시,강화군,화도면,pre_reform_code_preserved_district_not_reorganized,4552,2618,1372,not_calculated_source_aggregates_ages_60_to_69,2475,1223,49.4141,yes,804,417,not_calculated_source_aggregates_ages_60_to_69,jumin_population_age_202312.csv,jumin_households_size_202312.csv,jumin_one_person_age_202312.csv
2023,2023-12,2871035000,인천광역시 강화군 양도면,인천광역시,강화군,양도면,pre_reform_code_preserved_district_not_reorganized,4215,2442,1317,not_calculated_source_aggregates_ages_60_to_69,2205,981,44.4898,yes,643,388,not_calculated_source_aggregates_ages_60_to_69,jumin_population_age_202312.csv,jumin_households_size_202312.csv,jumin_one_person_age_202312.csv
2023,2023-12,2871036000,인천광역시 강화군 내가면,인천광역시,강화군,내가면,pre_reform_code_preserved_district_not_reorganized,3029,1850,1011,not_calculated_source_aggregates_ages_60_to_69,1653,776,46.9449,yes,545,329,not_calculated_source_aggregates_ages_60_to_69,jumin_population_age_202312.csv,jumin_households_size_202312.csv,jumin_one_person_age_202312.csv
2023,2023-12,2871037000,인천광역시 강화군 하점면,인천광역시,강화군,하점면,pre_reform_code_preserved_district_not_reorganized,4009,2462,1410,not_calculated_source_aggregates_ages_60_to_69,2085,937,44.9400,yes,649,394,not_calculated_source_aggregates_ages_60_to_69,jumin_population_age_202312.csv,jumin_households_size_202312.csv,jumin_one_person_age_202312.csv
2023,2023-12,2871038000,인천광역시 강화군 양사면,인천광역시,강화군,양사면,pre_reform_code_preserved_district_not_reorganized,1913,1189,684,not_calculated_source_aggregates_ages_60_to_69,1028,491,47.7626,yes,356,208,not_calculated_source_aggregates_ages_60_to_69,jumin_population_age_202312.csv,jumin_households_size_202312.csv,jumin_one_person_age_202312.csv
2023,2023-12,2871039000,인천광역시 강화군 송해면,인천광역시,강화군,송해면,pre_reform_code_preserved_district_not_reorganized,3252,1844,1062,not_calculated_source_aggregates_ages_60_to_69,1664,702,42.1875,yes,479,279,not_calculated_source_aggregates_ages_60_to_69,jumin_population_age_202312.csv,jumin_households_size_202312.csv,jumin_one_person_age_202312.csv
2023,2023-12,2871040000,인천광역시 강화군 교동면,인천광역시,강화군,교동면,pre_reform_code_preserved_district_not_reorganized,2755,1745,1020,not_calculated_source_aggregates_ages_60_to_69,1537,720,46.8445,yes,496,312,not_calculated_source_aggregates_ages_60_to_69,jumin_population_age_202312.csv,jumin_households_size_202312.csv,jumin_one_person_age_202312.csv
2023,2023-12,2871041000,인천광역시 강화군 삼산면,인천광역시,강화군,삼산면,pre_reform_code_preserved_district_not_reorganized,2100,1312,701,not_calculated_source_aggregates_ages_60_to_69,1206,627,51.9900,yes,419,234,not_calculated_source_aggregates_ages_60_to_69,jumin_population_age_202312.csv,jumin_households_size_202312.csv,jumin_one_person_age_202312.csv
2023,2023-12,2871042000,인천광역시 강화군 서도면,인천광역시,강화군,서도면,pre_reform_code_preserved_district_not_reorganized,378,242,134,not_calculated_source_aggregates_ages_60_to_69,222,121,54.5045,yes,83,48,not_calculated_source_aggregates_ages_60_to_69,jumin_population_age_202312.csv,jumin_households_size_202312.csv,jumin_one_person_age_202312.csv
2023,2023-12,2871042500,인천광역시 강화군 서도면볼음출장소,인천광역시,강화군,서도면볼음출장소,pre_reform_code_preserved_district_not_reorganized,273,196,101,not_calculated_source_aggregates_ages_60_to_69,181,111,61.3260,yes,81,44,not_calculated_source_aggregates_ages_60_to_69,jumin_population_age_202312.csv,jumin_households_size_202312.csv,jumin_one_person_age_202312.csv
2023,2023-12,2872031000,인천광역시 옹진군 북도면,인천광역시,옹진군,북도면,pre_reform_code_preserved_district_not_reorganized,1162,679,310,not_calculated_source_aggregates_ages_60_to_69,667,363,54.4228,yes,241,115,not_calculated_source_aggregates_ages_60_to_69,jumin_population_age_202312.csv,jumin_households_size_202312.csv,jumin_one_person_age_202312.csv
2023,2023-12,2872031500,인천광역시 옹진군 북도면장봉출장소,인천광역시,옹진군,북도면장봉출장소,pre_reform_code_preserved_district_not_reorganized,969,543,259,not_calculated_source_aggregates_ages_60_to_69,541,296,54.7135,yes,172,88,not_calculated_source_aggregates_ages_60_to_69,jumin_population_age_202312.csv,jumin_households_size_202312.csv,jumin_one_person_age_202312.csv
2023,2023-12,2872033000,인천광역시 옹진군 백령면,인천광역시,옹진군,백령면,pre_reform_code_preserved_district_not_reorganized,4875,1653,790,not_calculated_source_aggregates_ages_60_to_69,2929,1842,62.8884,yes,560,284,not_calculated_source_aggregates_ages_60_to_69,jumin_population_age_202312.csv,jumin_households_size_202312.csv,jumin_one_person_age_202312.csv
2023,2023-12,2872034000,인천광역시 옹진군 대청면,인천광역시,옹진군,대청면,pre_reform_code_preserved_district_not_reorganized,1201,527,262,not_calculated_source_aggregates_ages_60_to_69,781,519,66.4533,yes,195,103,not_calculated_source_aggregates_ages_60_to_69,jumin_population_age_202312.csv,jumin_households_size_202312.csv,jumin_one_person_age_202312.csv
2023,2023-12,2872034500,인천광역시 옹진군 대청면소청출장소,인천광역시,옹진군,대청면소청출장소,pre_reform_code_preserved_district_not_reorganized,221,127,71,not_calculated_source_aggregates_ages_60_to_69,172,130,75.5814,yes,63,35,not_calculated_source_aggregates_ages_60_to_69,jumin_population_age_202312.csv,jumin_households_size_202312.csv,jumin_one_person_age_202312.csv
2023,2023-12,2872035000,인천광역시 옹진군 덕적면,인천광역시,옹진군,덕적면,pre_reform_code_preserved_district_not_reorganized,1940,1147,590,not_calculated_source_aggregates_ages_60_to_69,1222,749,61.2930,yes,486,245,not_calculated_source_aggregates_ages_60_to_69,jumin_population_age_202312.csv,jumin_households_size_202312.csv,jumin_one_person_age_202312.csv
2023,2023-12,2872036000,인천광역시 옹진군 영흥면,인천광역시,옹진군,영흥면,pre_reform_code_preserved_district_not_reorganized,6576,2858,1245,not_calculated_source_aggregates_ages_60_to_69,3789,2128,56.1626,yes,1033,400,not_calculated_source_aggregates_ages_60_to_69,jumin_population_age_202312.csv,jumin_households_size_202312.csv,jumin_one_person_age_202312.csv
2023,2023-12,2872037000,인천광역시 옹진군 자월면,인천광역시,옹진군,자월면,pre_reform_code_preserved_district_not_reorganized,978,590,291,not_calculated_source_aggregates_ages_60_to_69,604,360,59.6026,yes,218,114,not_calculated_source_aggregates_ages_60_to_69,jumin_population_age_202312.csv,jumin_households_size_202312.csv,jumin_one_person_age_202312.csv
2023,2023-12,2872037500,인천광역시 옹진군 자월면이작출장소,인천광역시,옹진군,자월면이작출장소,pre_reform_code_preserved_district_not_reorganized,370,219,105,not_calculated_source_aggregates_ages_60_to_69,232,137,59.0517,yes,91,48,not_calculated_source_aggregates_ages_60_to_69,jumin_population_age_202312.csv,jumin_households_size_202312.csv,jumin_one_person_age_202312.csv
2023,2023-12,2872038000,인천광역시 옹진군 연평면,인천광역시,옹진군,연평면,pre_reform_code_preserved_district_not_reorganized,2085,629,242,not_calculated_source_aggregates_ages_60_to_69,1500,1143,76.2000,yes,322,117,not_calculated_source_aggregates_ages_60_to_69,jumin_population_age_202312.csv,jumin_households_size_202312.csv,jumin_one_person_age_202312.csv
2024,2024-12,2811052000,인천광역시 중구 연안동,인천광역시,중구,연안동,requires_2026_07_01_reform_crosswalk,5118,2323,1064,not_calculated_source_aggregates_ages_60_to_69,2891,1583,54.7561,yes,834,369,not_calculated_source_aggregates_ages_60_to_69,jumin_population_age_202412.csv,jumin_households_size_202412.csv,jumin_one_person_age_202412.csv
2024,2024-12,2811053000,인천광역시 중구 신포동,인천광역시,중구,신포동,requires_2026_07_01_reform_crosswalk,4526,1774,999,not_calculated_source_aggregates_ages_60_to_69,2445,1319,53.9468,yes,692,397,not_calculated_source_aggregates_ages_60_to_69,jumin_population_age_202412.csv,jumin_households_size_202412.csv,jumin_one_person_age_202412.csv
2024,2024-12,2811054000,인천광역시 중구 신흥동,인천광역시,중구,신흥동,requires_2026_07_01_reform_crosswalk,14118,4357,2097,not_calculated_source_aggregates_ages_60_to_69,6815,2884,42.3184,yes,1260,663,not_calculated_source_aggregates_ages_60_to_69,jumin_population_age_202412.csv,jumin_households_size_202412.csv,jumin_one_person_age_202412.csv
2024,2024-12,2811056000,인천광역시 중구 도원동,인천광역시,중구,도원동,requires_2026_07_01_reform_crosswalk,3573,1704,908,not_calculated_source_aggregates_ages_60_to_69,2013,1071,53.2042,yes,668,377,not_calculated_source_aggregates_ages_60_to_69,jumin_population_age_202412.csv,jumin_households_size_202412.csv,jumin_one_person_age_202412.csv
2024,2024-12,2811057000,인천광역시 중구 율목동,인천광역시,중구,율목동,requires_2026_07_01_reform_crosswalk,2896,1349,733,not_calculated_source_aggregates_ages_60_to_69,1780,1082,60.7865,yes,631,367,not_calculated_source_aggregates_ages_60_to_69,jumin_population_age_202412.csv,jumin_households_size_202412.csv,jumin_one_person_age_202412.csv
2024,2024-12,2811058500,인천광역시 중구 동인천동,인천광역시,중구,동인천동,requires_2026_07_01_reform_crosswalk,5260,2435,1278,not_calculated_source_aggregates_ages_60_to_69,3234,2029,62.7396,yes,1137,621,not_calculated_source_aggregates_ages_60_to_69,jumin_population_age_202412.csv,jumin_households_size_202412.csv,jumin_one_person_age_202412.csv
2024,2024-12,2811061500,인천광역시 중구 개항동,인천광역시,중구,개항동,requires_2026_07_01_reform_crosswalk,6731,2871,1461,not_calculated_source_aggregates_ages_60_to_69,3840,2080,54.1667,yes,1025,551,not_calculated_source_aggregates_ages_60_to_69,jumin_population_age_202412.csv,jumin_households_size_202412.csv,jumin_one_person_age_202412.csv
2024,2024-12,2811062000,인천광역시 중구 영종동,인천광역시,중구,영종동,requires_2026_07_01_reform_crosswalk,22857,5623,2191,not_calculated_source_aggregates_ages_60_to_69,11979,6141,51.2647,yes,1680,638,not_calculated_source_aggregates_ages_60_to_69,jumin_population_age_202412.csv,jumin_households_size_202412.csv,jumin_one_person_age_202412.csv
2024,2024-12,2811062200,인천광역시 중구 영종1동,인천광역시,중구,영종1동,requires_2026_07_01_reform_crosswalk,33627,4417,1825,not_calculated_source_aggregates_ages_60_to_69,13688,4261,31.1295,yes,892,394,not_calculated_source_aggregates_ages_60_to_69,jumin_population_age_202412.csv,jumin_households_size_202412.csv,jumin_one_person_age_202412.csv
2024,2024-12,2811062300,인천광역시 중구 영종2동,인천광역시,중구,영종2동,requires_2026_07_01_reform_crosswalk,25833,2973,1217,not_calculated_source_aggregates_ages_60_to_69,10132,2899,28.6123,yes,461,193,not_calculated_source_aggregates_ages_60_to_69,jumin_population_age_202412.csv,jumin_households_size_202412.csv,jumin_one_person_age_202412.csv
2024,2024-12,2811062800,인천광역시 중구 운서동,인천광역시,중구,운서동,requires_2026_07_01_reform_crosswalk,39044,5506,2454,not_calculated_source_aggregates_ages_60_to_69,22659,14382,63.4715,yes,1492,665,not_calculated_source_aggregates_ages_60_to_69,jumin_population_age_202412.csv,jumin_households_size_202412.csv,jumin_one_person_age_202412.csv
2024,2024-12,2811063000,인천광역시 중구 용유동,인천광역시,중구,용유동,requires_2026_07_01_reform_crosswalk,3530,1989,943,not_calculated_source_aggregates_ages_60_to_69,2324,1488,64.0275,yes,855,354,not_calculated_source_aggregates_ages_60_to_69,jumin_population_age_202412.csv,jumin_households_size_202412.csv,jumin_one_person_age_202412.csv
2024,2024-12,2814051000,인천광역시 동구 만석동,인천광역시,동구,만석동,requires_2026_07_01_reform_crosswalk,6276,2315,1100,not_calculated_source_aggregates_ages_60_to_69,3091,1348,43.6105,yes,799,412,not_calculated_source_aggregates_ages_60_to_69,jumin_population_age_202412.csv,jumin_households_size_202412.csv,jumin_one_person_age_202412.csv
2024,2024-12,2814052500,인천광역시 동구 화수1.화평동,인천광역시,동구,화수1.화평동,requires_2026_07_01_reform_crosswalk,5416,2375,1257,not_calculated_source_aggregates_ages_60_to_69,2752,1255,45.6032,yes,818,478,not_calculated_source_aggregates_ages_60_to_69,jumin_population_age_202412.csv,jumin_households_size_202412.csv,jumin_one_person_age_202412.csv
2024,2024-12,2814053000,인천광역시 동구 화수2동,인천광역시,동구,화수2동,requires_2026_07_01_reform_crosswalk,6869,3046,1698,not_calculated_source_aggregates_ages_60_to_69,3614,1712,47.3713,yes,1028,640,not_calculated_source_aggregates_ages_60_to_69,jumin_population_age_202412.csv,jumin_households_size_202412.csv,jumin_one_person_age_202412.csv
2024,2024-12,2814055500,인천광역시 동구 송현1.2동,인천광역시,동구,송현1.2동,requires_2026_07_01_reform_crosswalk,9703,3246,1603,not_calculated_source_aggregates_ages_60_to_69,4358,1523,34.9472,yes,717,415,not_calculated_source_aggregates_ages_60_to_69,jumin_population_age_202412.csv,jumin_households_size_202412.csv,jumin_one_person_age_202412.csv
2024,2024-12,2814057000,인천광역시 동구 송현3동,인천광역시,동구,송현3동,requires_2026_07_01_reform_crosswalk,2754,1300,696,not_calculated_source_aggregates_ages_60_to_69,1564,823,52.6215,yes,520,295,not_calculated_source_aggregates_ages_60_to_69,jumin_population_age_202412.csv,jumin_households_size_202412.csv,jumin_one_person_age_202412.csv
2024,2024-12,2814058000,인천광역시 동구 송림1동,인천광역시,동구,송림1동,requires_2026_07_01_reform_crosswalk,6627,1571,729,not_calculated_source_aggregates_ages_60_to_69,2885,875,30.3293,yes,267,147,not_calculated_source_aggregates_ages_60_to_69,jumin_population_age_202412.csv,jumin_households_size_202412.csv,jumin_one_person_age_202412.csv
2024,2024-12,2814059000,인천광역시 동구 송림2동,인천광역시,동구,송림2동,requires_2026_07_01_reform_crosswalk,1225,690,395,not_calculated_source_aggregates_ages_60_to_69,784,506,64.5408,yes,355,194,not_calculated_source_aggregates_ages_60_to_69,jumin_population_age_202412.csv,jumin_households_size_202412.csv,jumin_one_person_age_202412.csv
2024,2024-12,2814060500,인천광역시 동구 송림3.5동,인천광역시,동구,송림3.5동,requires_2026_07_01_reform_crosswalk,5521,1874,959,not_calculated_source_aggregates_ages_60_to_69,2503,933,37.2753,yes,503,277,not_calculated_source_aggregates_ages_60_to_69,jumin_population_age_202412.csv,jumin_households_size_202412.csv,jumin_one_person_age_202412.csv
2024,2024-12,2814061000,인천광역시 동구 송림4동,인천광역시,동구,송림4동,requires_2026_07_01_reform_crosswalk,6025,1422,605,not_calculated_source_aggregates_ages_60_to_69,2517,710,28.2082,yes,232,99,not_calculated_source_aggregates_ages_60_to_69,jumin_population_age_202412.csv,jumin_households_size_202412.csv,jumin_one_person_age_202412.csv
2024,2024-12,2814063000,인천광역시 동구 송림6동,인천광역시,동구,송림6동,requires_2026_07_01_reform_crosswalk,5673,1940,1001,not_calculated_source_aggregates_ages_60_to_69,2485,853,34.3260,yes,508,303,not_calculated_source_aggregates_ages_60_to_69,jumin_population_age_202412.csv,jumin_households_size_202412.csv,jumin_one_person_age_202412.csv
2024,2024-12,2814064000,인천광역시 동구 금창동,인천광역시,동구,금창동,requires_2026_07_01_reform_crosswalk,2207,1102,634,not_calculated_source_aggregates_ages_60_to_69,1239,662,53.4302,yes,420,259,not_calculated_source_aggregates_ages_60_to_69,jumin_population_age_202412.csv,jumin_households_size_202412.csv,jumin_one_person_age_202412.csv
2024,2024-12,2817751000,인천광역시 미추홀구 숭의2동,인천광역시,미추홀구,숭의2동,pre_reform_code_preserved_district_not_reorganized,13511,4364,2083,not_calculated_source_aggregates_ages_60_to_69,6641,2885,43.4423,yes,1410,752,not_calculated_source_aggregates_ages_60_to_69,jumin_population_age_202412.csv,jumin_households_size_202412.csv,jumin_one_person_age_202412.csv
2024,2024-12,2817752000,인천광역시 미추홀구 숭의1.3동,인천광역시,미추홀구,숭의1.3동,pre_reform_code_preserved_district_not_reorganized,15501,4078,1828,not_calculated_source_aggregates_ages_60_to_69,7530,3167,42.0584,yes,1230,615,not_calculated_source_aggregates_ages_60_to_69,jumin_population_age_202412.csv,jumin_households_size_202412.csv,jumin_one_person_age_202412.csv
2024,2024-12,2817753000,인천광역시 미추홀구 숭의4동,인천광역시,미추홀구,숭의4동,pre_reform_code_preserved_district_not_reorganized,14442,4744,2335,not_calculated_source_aggregates_ages_60_to_69,7140,3133,43.8796,yes,1559,821,not_calculated_source_aggregates_ages_60_to_69,jumin_population_age_202412.csv,jumin_households_size_202412.csv,jumin_one_person_age_202412.csv
2024,2024-12,2817754000,인천광역시 미추홀구 용현1.4동,인천광역시,미추홀구,용현1.4동,pre_reform_code_preserved_district_not_reorganized,17109,5625,2936,not_calculated_source_aggregates_ages_60_to_69,11020,7403,67.1779,yes,1922,1011,not_calculated_source_aggregates_ages_60_to_69,jumin_population_age_202412.csv,jumin_households_size_202412.csv,jumin_one_person_age_202412.csv
2024,2024-12,2817755000,인천광역시 미추홀구 용현2동,인천광역시,미추홀구,용현2동,pre_reform_code_preserved_district_not_reorganized,22716,5578,2704,not_calculated_source_aggregates_ages_60_to_69,10369,3975,38.3354,yes,1449,805,not_calculated_source_aggregates_ages_60_to_69,jumin_population_age_202412.csv,jumin_households_size_202412.csv,jumin_one_person_age_202412.csv
2024,2024-12,2817756000,인천광역시 미추홀구 용현3동,인천광역시,미추홀구,용현3동,pre_reform_code_preserved_district_not_reorganized,6883,2857,1480,not_calculated_source_aggregates_ages_60_to_69,4179,2500,59.8229,yes,1183,593,not_calculated_source_aggregates_ages_60_to_69,jumin_population_age_202412.csv,jumin_households_size_202412.csv,jumin_one_person_age_202412.csv
2024,2024-12,2817757000,인천광역시 미추홀구 용현5동,인천광역시,미추홀구,용현5동,pre_reform_code_preserved_district_not_reorganized,45008,11097,4709,not_calculated_source_aggregates_ages_60_to_69,19783,7364,37.2239,yes,2508,1224,not_calculated_source_aggregates_ages_60_to_69,jumin_population_age_202412.csv,jumin_households_size_202412.csv,jumin_one_person_age_202412.csv
2024,2024-12,2817758000,인천광역시 미추홀구 학익1동,인천광역시,미추홀구,학익1동,pre_reform_code_preserved_district_not_reorganized,35809,8475,3625,not_calculated_source_aggregates_ages_60_to_69,14891,4718,31.6836,yes,1719,874,not_calculated_source_aggregates_ages_60_to_69,jumin_population_age_202412.csv,jumin_households_size_202412.csv,jumin_one_person_age_202412.csv
2024,2024-12,2817759000,인천광역시 미추홀구 학익2동,인천광역시,미추홀구,학익2동,pre_reform_code_preserved_district_not_reorganized,17160,5804,2820,not_calculated_source_aggregates_ages_60_to_69,7990,3119,39.0363,yes,1535,881,not_calculated_source_aggregates_ages_60_to_69,jumin_population_age_202412.csv,jumin_households_size_202412.csv,jumin_one_person_age_202412.csv
2024,2024-12,2817760000,인천광역시 미추홀구 도화1동,인천광역시,미추홀구,도화1동,pre_reform_code_preserved_district_not_reorganized,20769,6167,2942,not_calculated_source_aggregates_ages_60_to_69,10336,4579,44.3015,yes,1931,1006,not_calculated_source_aggregates_ages_60_to_69,jumin_population_age_202412.csv,jumin_households_size_202412.csv,jumin_one_person_age_202412.csv
2024,2024-12,2817761000,인천광역시 미추홀구 도화2.3동,인천광역시,미추홀구,도화2.3동,pre_reform_code_preserved_district_not_reorganized,30876,8044,3379,not_calculated_source_aggregates_ages_60_to_69,13938,5275,37.8462,yes,2037,957,not_calculated_source_aggregates_ages_60_to_69,jumin_population_age_202412.csv,jumin_households_size_202412.csv,jumin_one_person_age_202412.csv
2024,2024-12,2817762000,인천광역시 미추홀구 주안1동,인천광역시,미추홀구,주안1동,pre_reform_code_preserved_district_not_reorganized,19724,4217,1594,not_calculated_source_aggregates_ages_60_to_69,11940,7410,62.0603,yes,1429,523,not_calculated_source_aggregates_ages_60_to_69,jumin_population_age_202412.csv,jumin_households_size_202412.csv,jumin_one_person_age_202412.csv
2024,2024-12,2817763000,인천광역시 미추홀구 주안2동,인천광역시,미추홀구,주안2동,pre_reform_code_preserved_district_not_reorganized,21897,6671,3145,not_calculated_source_aggregates_ages_60_to_69,10846,4609,42.4949,yes,2047,1038,not_calculated_source_aggregates_ages_60_to_69,jumin_population_age_202412.csv,jumin_households_size_202412.csv,jumin_one_person_age_202412.csv
2024,2024-12,2817764000,인천광역시 미추홀구 주안3동,인천광역시,미추홀구,주안3동,pre_reform_code_preserved_district_not_reorganized,12271,3617,1764,not_calculated_source_aggregates_ages_60_to_69,6180,2787,45.0971,yes,1171,584,not_calculated_source_aggregates_ages_60_to_69,jumin_population_age_202412.csv,jumin_households_size_202412.csv,jumin_one_person_age_202412.csv
2024,2024-12,2817765000,인천광역시 미추홀구 주안4동,인천광역시,미추홀구,주안4동,pre_reform_code_preserved_district_not_reorganized,19816,6115,2939,not_calculated_source_aggregates_ages_60_to_69,9619,4022,41.8131,yes,1872,938,not_calculated_source_aggregates_ages_60_to_69,jumin_population_age_202412.csv,jumin_households_size_202412.csv,jumin_one_person_age_202412.csv
2024,2024-12,2817766000,인천광역시 미추홀구 주안5동,인천광역시,미추홀구,주안5동,pre_reform_code_preserved_district_not_reorganized,19561,6107,2781,not_calculated_source_aggregates_ages_60_to_69,10086,4752,47.1148,yes,1892,964,not_calculated_source_aggregates_ages_60_to_69,jumin_population_age_202412.csv,jumin_households_size_202412.csv,jumin_one_person_age_202412.csv
2024,2024-12,2817767000,인천광역시 미추홀구 주안6동,인천광역시,미추홀구,주안6동,pre_reform_code_preserved_district_not_reorganized,20592,5777,2615,not_calculated_source_aggregates_ages_60_to_69,9892,4265,43.1156,yes,1625,829,not_calculated_source_aggregates_ages_60_to_69,jumin_population_age_202412.csv,jumin_households_size_202412.csv,jumin_one_person_age_202412.csv
2024,2024-12,2817768000,인천광역시 미추홀구 주안7동,인천광역시,미추홀구,주안7동,pre_reform_code_preserved_district_not_reorganized,12014,4668,2247,not_calculated_source_aggregates_ages_60_to_69,6068,2696,44.4298,yes,1461,732,not_calculated_source_aggregates_ages_60_to_69,jumin_population_age_202412.csv,jumin_households_size_202412.csv,jumin_one_person_age_202412.csv
2024,2024-12,2817769000,인천광역시 미추홀구 주안8동,인천광역시,미추홀구,주안8동,pre_reform_code_preserved_district_not_reorganized,18921,6294,2764,not_calculated_source_aggregates_ages_60_to_69,8851,3449,38.9673,yes,1715,834,not_calculated_source_aggregates_ages_60_to_69,jumin_population_age_202412.csv,jumin_households_size_202412.csv,jumin_one_person_age_202412.csv
2024,2024-12,2817770000,인천광역시 미추홀구 관교동,인천광역시,미추홀구,관교동,pre_reform_code_preserved_district_not_reorganized,13941,4765,2128,not_calculated_source_aggregates_ages_60_to_69,6168,2157,34.9708,yes,990,500,not_calculated_source_aggregates_ages_60_to_69,jumin_population_age_202412.csv,jumin_households_size_202412.csv,jumin_one_person_age_202412.csv
2024,2024-12,2817771000,인천광역시 미추홀구 문학동,인천광역시,미추홀구,문학동,pre_reform_code_preserved_district_not_reorganized,13753,3354,1411,not_calculated_source_aggregates_ages_60_to_69,7608,4252,55.8885,yes,1215,471,not_calculated_source_aggregates_ages_60_to_69,jumin_population_age_202412.csv,jumin_households_size_202412.csv,jumin_one_person_age_202412.csv
2024,2024-12,2818563000,인천광역시 연수구 옥련1동,인천광역시,연수구,옥련1동,pre_reform_code_preserved_district_not_reorganized,17176,5388,2387,not_calculated_source_aggregates_ages_60_to_69,7758,2840,36.6074,yes,1373,718,not_calculated_source_aggregates_ages_60_to_69,jumin_population_age_202412.csv,jumin_households_size_202412.csv,jumin_one_person_age_202412.csv
2024,2024-12,2818564000,인천광역시 연수구 옥련2동,인천광역시,연수구,옥련2동,pre_reform_code_preserved_district_not_reorganized,19279,5373,2165,not_calculated_source_aggregates_ages_60_to_69,7888,2279,28.8920,yes,1002,483,not_calculated_source_aggregates_ages_60_to_69,jumin_population_age_202412.csv,jumin_households_size_202412.csv,jumin_one_person_age_202412.csv
2024,2024-12,2818575000,인천광역시 연수구 선학동,인천광역시,연수구,선학동,pre_reform_code_preserved_district_not_reorganized,17739,5900,2390,not_calculated_source_aggregates_ages_60_to_69,8641,3791,43.8722,yes,1626,819,not_calculated_source_aggregates_ages_60_to_69,jumin_population_age_202412.csv,jumin_households_size_202412.csv,jumin_one_person_age_202412.csv
2024,2024-12,2818576100,인천광역시 연수구 연수1동,인천광역시,연수구,연수1동,pre_reform_code_preserved_district_not_reorganized,16682,5106,1995,not_calculated_source_aggregates_ages_60_to_69,8708,4490,51.5618,yes,1358,569,not_calculated_source_aggregates_ages_60_to_69,jumin_population_age_202412.csv,jumin_households_size_202412.csv,jumin_one_person_age_202412.csv
2024,2024-12,2818576200,인천광역시 연수구 연수2동,인천광역시,연수구,연수2동,pre_reform_code_preserved_district_not_reorganized,19405,5580,2217,not_calculated_source_aggregates_ages_60_to_69,9621,4442,46.1698,yes,1685,868,not_calculated_source_aggregates_ages_60_to_69,jumin_population_age_202412.csv,jumin_households_size_202412.csv,jumin_one_person_age_202412.csv
2024,2024-12,2818576300,인천광역시 연수구 연수3동,인천광역시,연수구,연수3동,pre_reform_code_preserved_district_not_reorganized,14680,5228,2243,not_calculated_source_aggregates_ages_60_to_69,7125,3063,42.9895,yes,1692,950,not_calculated_source_aggregates_ages_60_to_69,jumin_population_age_202412.csv,jumin_households_size_202412.csv,jumin_one_person_age_202412.csv
2024,2024-12,2818576600,인천광역시 연수구 청학동,인천광역시,연수구,청학동,pre_reform_code_preserved_district_not_reorganized,22425,7814,3237,not_calculated_source_aggregates_ages_60_to_69,11989,6151,51.3054,yes,2564,1177,not_calculated_source_aggregates_ages_60_to_69,jumin_population_age_202412.csv,jumin_households_size_202412.csv,jumin_one_person_age_202412.csv
2024,2024-12,2818578000,인천광역시 연수구 동춘1동,인천광역시,연수구,동춘1동,pre_reform_code_preserved_district_not_reorganized,25772,5817,1880,not_calculated_source_aggregates_ages_60_to_69,9621,1881,19.5510,yes,731,316,not_calculated_source_aggregates_ages_60_to_69,jumin_population_age_202412.csv,jumin_households_size_202412.csv,jumin_one_person_age_202412.csv
2024,2024-12,2818579000,인천광역시 연수구 동춘2동,인천광역시,연수구,동춘2동,pre_reform_code_preserved_district_not_reorganized,16918,4425,1608,not_calculated_source_aggregates_ages_60_to_69,6845,1747,25.5223,yes,653,348,not_calculated_source_aggregates_ages_60_to_69,jumin_population_age_202412.csv,jumin_households_size_202412.csv,jumin_one_person_age_202412.csv
2024,2024-12,2818579500,인천광역시 연수구 동춘3동,인천광역시,연수구,동춘3동,pre_reform_code_preserved_district_not_reorganized,17773,4143,1623,not_calculated_source_aggregates_ages_60_to_69,5769,625,10.8338,yes,366,202,not_calculated_source_aggregates_ages_60_to_69,jumin_population_age_202412.csv,jumin_households_size_202412.csv,jumin_one_person_age_202412.csv
2024,2024-12,2818582000,인천광역시 연수구 송도1동,인천광역시,연수구,송도1동,pre_reform_code_preserved_district_not_reorganized,37472,6804,2341,not_calculated_source_aggregates_ages_60_to_69,15552,5828,37.4743,yes,606,263,not_calculated_source_aggregates_ages_60_to_69,jumin_population_age_202412.csv,jumin_households_size_202412.csv,jumin_one_person_age_202412.csv
2024,2024-12,2818583000,인천광역시 연수구 송도2동,인천광역시,연수구,송도2동,pre_reform_code_preserved_district_not_reorganized,37126,4547,1395,not_calculated_source_aggregates_ages_60_to_69,12290,1821,14.8169,yes,422,171,not_calculated_source_aggregates_ages_60_to_69,jumin_population_age_202412.csv,jumin_households_size_202412.csv,jumin_one_person_age_202412.csv
2024,2024-12,2818584000,인천광역시 연수구 송도3동,인천광역시,연수구,송도3동,pre_reform_code_preserved_district_not_reorganized,48560,5935,1906,not_calculated_source_aggregates_ages_60_to_69,19166,5826,30.3976,yes,612,240,not_calculated_source_aggregates_ages_60_to_69,jumin_population_age_202412.csv,jumin_households_size_202412.csv,jumin_one_person_age_202412.csv
2024,2024-12,2818585000,인천광역시 연수구 송도4동,인천광역시,연수구,송도4동,pre_reform_code_preserved_district_not_reorganized,42733,4627,1335,not_calculated_source_aggregates_ages_60_to_69,15554,3366,21.6407,yes,458,159,not_calculated_source_aggregates_ages_60_to_69,jumin_population_age_202412.csv,jumin_households_size_202412.csv,jumin_one_person_age_202412.csv
2024,2024-12,2818586000,인천광역시 연수구 송도5동,인천광역시,연수구,송도5동,pre_reform_code_preserved_district_not_reorganized,46473,5504,1484,not_calculated_source_aggregates_ages_60_to_69,17413,3657,21.0016,yes,587,143,not_calculated_source_aggregates_ages_60_to_69,jumin_population_age_202412.csv,jumin_households_size_202412.csv,jumin_one_person_age_202412.csv
2024,2024-12,2820051000,인천광역시 남동구 구월1동,인천광역시,남동구,구월1동,pre_reform_code_preserved_district_not_reorganized,30846,7678,3070,not_calculated_source_aggregates_ages_60_to_69,13932,5444,39.0755,yes,2009,957,not_calculated_source_aggregates_ages_60_to_69,jumin_population_age_202412.csv,jumin_households_size_202412.csv,jumin_one_person_age_202412.csv
2024,2024-12,2820052000,인천광역시 남동구 구월2동,인천광역시,남동구,구월2동,pre_reform_code_preserved_district_not_reorganized,36939,8443,3413,not_calculated_source_aggregates_ages_60_to_69,13908,3129,22.4978,yes,1454,705,not_calculated_source_aggregates_ages_60_to_69,jumin_population_age_202412.csv,jumin_households_size_202412.csv,jumin_one_person_age_202412.csv
2024,2024-12,2820052100,인천광역시 남동구 구월3동,인천광역시,남동구,구월3동,pre_reform_code_preserved_district_not_reorganized,28142,5829,2400,not_calculated_source_aggregates_ages_60_to_69,17229,10992,63.7994,yes,1769,722,not_calculated_source_aggregates_ages_60_to_69,jumin_population_age_202412.csv,jumin_households_size_202412.csv,jumin_one_person_age_202412.csv
2024,2024-12,2820052200,인천광역시 남동구 구월4동,인천광역시,남동구,구월4동,pre_reform_code_preserved_district_not_reorganized,13098,4817,2189,not_calculated_source_aggregates_ages_60_to_69,7473,4148,55.5065,yes,1948,886,not_calculated_source_aggregates_ages_60_to_69,jumin_population_age_202412.csv,jumin_households_size_202412.csv,jumin_one_person_age_202412.csv
2024,2024-12,2820053000,인천광역시 남동구 간석1동,인천광역시,남동구,간석1동,pre_reform_code_preserved_district_not_reorganized,17727,5549,2568,not_calculated_source_aggregates_ages_60_to_69,9030,4166,46.1351,yes,1572,819,not_calculated_source_aggregates_ages_60_to_69,jumin_population_age_202412.csv,jumin_households_size_202412.csv,jumin_one_person_age_202412.csv
2024,2024-12,2820054000,인천광역시 남동구 간석2동,인천광역시,남동구,간석2동,pre_reform_code_preserved_district_not_reorganized,20340,6020,2681,not_calculated_source_aggregates_ages_60_to_69,8993,3362,37.3846,yes,1423,684,not_calculated_source_aggregates_ages_60_to_69,jumin_population_age_202412.csv,jumin_households_size_202412.csv,jumin_one_person_age_202412.csv
2024,2024-12,2820055000,인천광역시 남동구 간석3동,인천광역시,남동구,간석3동,pre_reform_code_preserved_district_not_reorganized,25234,8091,3529,not_calculated_source_aggregates_ages_60_to_69,12546,5532,44.0937,yes,2543,1228,not_calculated_source_aggregates_ages_60_to_69,jumin_population_age_202412.csv,jumin_households_size_202412.csv,jumin_one_person_age_202412.csv
2024,2024-12,2820055100,인천광역시 남동구 간석4동,인천광역시,남동구,간석4동,pre_reform_code_preserved_district_not_reorganized,27753,8140,3430,not_calculated_source_aggregates_ages_60_to_69,13472,5843,43.3714,yes,2193,1000,not_calculated_source_aggregates_ages_60_to_69,jumin_population_age_202412.csv,jumin_households_size_202412.csv,jumin_one_person_age_202412.csv
2024,2024-12,2820056000,인천광역시 남동구 만수1동,인천광역시,남동구,만수1동,pre_reform_code_preserved_district_not_reorganized,15473,5834,2710,not_calculated_source_aggregates_ages_60_to_69,8719,4648,53.3089,yes,2462,1328,not_calculated_source_aggregates_ages_60_to_69,jumin_population_age_202412.csv,jumin_households_size_202412.csv,jumin_one_person_age_202412.csv
2024,2024-12,2820057000,인천광역시 남동구 만수2동,인천광역시,남동구,만수2동,pre_reform_code_preserved_district_not_reorganized,22438,6591,2690,not_calculated_source_aggregates_ages_60_to_69,9522,2988,31.3800,yes,1442,700,not_calculated_source_aggregates_ages_60_to_69,jumin_population_age_202412.csv,jumin_households_size_202412.csv,jumin_one_person_age_202412.csv
2024,2024-12,2820058000,인천광역시 남동구 만수3동,인천광역시,남동구,만수3동,pre_reform_code_preserved_district_not_reorganized,16075,4817,1958,not_calculated_source_aggregates_ages_60_to_69,7046,2403,34.1045,yes,1155,588,not_calculated_source_aggregates_ages_60_to_69,jumin_population_age_202412.csv,jumin_households_size_202412.csv,jumin_one_person_age_202412.csv
2024,2024-12,2820058100,인천광역시 남동구 만수4동,인천광역시,남동구,만수4동,pre_reform_code_preserved_district_not_reorganized,18665,6004,2549,not_calculated_source_aggregates_ages_60_to_69,8767,3323,37.9035,yes,1580,804,not_calculated_source_aggregates_ages_60_to_69,jumin_population_age_202412.csv,jumin_households_size_202412.csv,jumin_one_person_age_202412.csv
2024,2024-12,2820058200,인천광역시 남동구 만수5동,인천광역시,남동구,만수5동,pre_reform_code_preserved_district_not_reorganized,14208,5420,2472,not_calculated_source_aggregates_ages_60_to_69,7486,3598,48.0631,yes,1797,874,not_calculated_source_aggregates_ages_60_to_69,jumin_population_age_202412.csv,jumin_households_size_202412.csv,jumin_one_person_age_202412.csv
2024,2024-12,2820058300,인천광역시 남동구 만수6동,인천광역시,남동구,만수6동,pre_reform_code_preserved_district_not_reorganized,22195,7521,3132,not_calculated_source_aggregates_ages_60_to_69,10055,3725,37.0462,yes,1935,1019,not_calculated_source_aggregates_ages_60_to_69,jumin_population_age_202412.csv,jumin_households_size_202412.csv,jumin_one_person_age_202412.csv
2024,2024-12,2820065000,인천광역시 남동구 장수서창동,인천광역시,남동구,장수서창동,pre_reform_code_preserved_district_not_reorganized,18553,5687,2356,not_calculated_source_aggregates_ages_60_to_69,7777,2382,30.6288,yes,1191,583,not_calculated_source_aggregates_ages_60_to_69,jumin_population_age_202412.csv,jumin_households_size_202412.csv,jumin_one_person_age_202412.csv
2024,2024-12,2820065500,인천광역시 남동구 서창2동,인천광역시,남동구,서창2동,pre_reform_code_preserved_district_not_reorganized,37639,7879,3052,not_calculated_source_aggregates_ages_60_to_69,15528,5055,32.5541,yes,2217,1099,not_calculated_source_aggregates_ages_60_to_69,jumin_population_age_202412.csv,jumin_households_size_202412.csv,jumin_one_person_age_202412.csv
2024,2024-12,2820066000,인천광역시 남동구 남촌도림동,인천광역시,남동구,남촌도림동,pre_reform_code_preserved_district_not_reorganized,19269,6450,2682,not_calculated_source_aggregates_ages_60_to_69,8973,3443,38.3707,yes,1696,860,not_calculated_source_aggregates_ages_60_to_69,jumin_population_age_202412.csv,jumin_households_size_202412.csv,jumin_one_person_age_202412.csv
2024,2024-12,2820069000,인천광역시 남동구 논현1동,인천광역시,남동구,논현1동,pre_reform_code_preserved_district_not_reorganized,31264,7475,2959,not_calculated_source_aggregates_ages_60_to_69,13911,5257,37.7902,yes,1891,835,not_calculated_source_aggregates_ages_60_to_69,jumin_population_age_202412.csv,jumin_households_size_202412.csv,jumin_one_person_age_202412.csv
2024,2024-12,2820070000,인천광역시 남동구 논현2동,인천광역시,남동구,논현2동,pre_reform_code_preserved_district_not_reorganized,30953,8293,3584,not_calculated_source_aggregates_ages_60_to_69,14990,6492,43.3089,yes,2161,1089,not_calculated_source_aggregates_ages_60_to_69,jumin_population_age_202412.csv,jumin_households_size_202412.csv,jumin_one_person_age_202412.csv
2024,2024-12,2820071000,인천광역시 남동구 논현고잔동,인천광역시,남동구,논현고잔동,pre_reform_code_preserved_district_not_reorganized,39414,7395,2713,not_calculated_source_aggregates_ages_60_to_69,15459,4385,28.3654,yes,1642,750,not_calculated_source_aggregates_ages_60_to_69,jumin_population_age_202412.csv,jumin_households_size_202412.csv,jumin_one_person_age_202412.csv
2024,2024-12,2823751000,인천광역시 부평구 부평1동,인천광역시,부평구,부평1동,pre_reform_code_preserved_district_not_reorganized,34918,9402,4091,not_calculated_source_aggregates_ages_60_to_69,17204,7725,44.9023,yes,2037,1000,not_calculated_source_aggregates_ages_60_to_69,jumin_population_age_202412.csv,jumin_households_size_202412.csv,jumin_one_person_age_202412.csv
2024,2024-12,2823752000,인천광역시 부평구 부평2동,인천광역시,부평구,부평2동,pre_reform_code_preserved_district_not_reorganized,14653,4433,1965,not_calculated_source_aggregates_ages_60_to_69,7443,3440,46.2179,yes,1408,693,not_calculated_source_aggregates_ages_60_to_69,jumin_population_age_202412.csv,jumin_households_size_202412.csv,jumin_one_person_age_202412.csv
2024,2024-12,2823753000,인천광역시 부평구 부평3동,인천광역시,부평구,부평3동,pre_reform_code_preserved_district_not_reorganized,14958,4696,2149,not_calculated_source_aggregates_ages_60_to_69,7411,3271,44.1371,yes,1600,808,not_calculated_source_aggregates_ages_60_to_69,jumin_population_age_202412.csv,jumin_households_size_202412.csv,jumin_one_person_age_202412.csv
2024,2024-12,2823754000,인천광역시 부평구 부평4동,인천광역시,부평구,부평4동,pre_reform_code_preserved_district_not_reorganized,33583,8858,3754,not_calculated_source_aggregates_ages_60_to_69,17794,9026,50.7250,yes,2785,1253,not_calculated_source_aggregates_ages_60_to_69,jumin_population_age_202412.csv,jumin_households_size_202412.csv,jumin_one_person_age_202412.csv
2024,2024-12,2823755000,인천광역시 부평구 부평5동,인천광역시,부평구,부평5동,pre_reform_code_preserved_district_not_reorganized,33235,7366,2963,not_calculated_source_aggregates_ages_60_to_69,16385,7325,44.7055,yes,2105,913,not_calculated_source_aggregates_ages_60_to_69,jumin_population_age_202412.csv,jumin_households_size_202412.csv,jumin_one_person_age_202412.csv
2024,2024-12,2823756000,인천광역시 부평구 부평6동,인천광역시,부평구,부평6동,pre_reform_code_preserved_district_not_reorganized,16076,4636,2047,not_calculated_source_aggregates_ages_60_to_69,7916,3428,43.3047,yes,1268,594,not_calculated_source_aggregates_ages_60_to_69,jumin_population_age_202412.csv,jumin_households_size_202412.csv,jumin_one_person_age_202412.csv
2024,2024-12,2823757000,인천광역시 부평구 산곡1동,인천광역시,부평구,산곡1동,pre_reform_code_preserved_district_not_reorganized,14782,3685,1527,not_calculated_source_aggregates_ages_60_to_69,6496,2128,32.7586,yes,837,436,not_calculated_source_aggregates_ages_60_to_69,jumin_population_age_202412.csv,jumin_households_size_202412.csv,jumin_one_person_age_202412.csv
2024,2024-12,2823758000,인천광역시 부평구 산곡2동,인천광역시,부평구,산곡2동,pre_reform_code_preserved_district_not_reorganized,29181,7573,3008,not_calculated_source_aggregates_ages_60_to_69,10698,2041,19.0783,yes,1022,536,not_calculated_source_aggregates_ages_60_to_69,jumin_population_age_202412.csv,jumin_households_size_202412.csv,jumin_one_person_age_202412.csv
2024,2024-12,2823758100,인천광역시 부평구 산곡3동,인천광역시,부평구,산곡3동,pre_reform_code_preserved_district_not_reorganized,20065,7399,3420,not_calculated_source_aggregates_ages_60_to_69,8532,2653,31.0947,yes,1588,894,not_calculated_source_aggregates_ages_60_to_69,jumin_population_age_202412.csv,jumin_households_size_202412.csv,jumin_one_person_age_202412.csv
2024,2024-12,2823758200,인천광역시 부평구 산곡4동,인천광역시,부평구,산곡4동,pre_reform_code_preserved_district_not_reorganized,16483,4874,2041,not_calculated_source_aggregates_ages_60_to_69,6558,1688,25.7396,yes,853,498,not_calculated_source_aggregates_ages_60_to_69,jumin_population_age_202412.csv,jumin_households_size_202412.csv,jumin_one_person_age_202412.csv
2024,2024-12,2823759100,인천광역시 부평구 청천1동,인천광역시,부평구,청천1동,pre_reform_code_preserved_district_not_reorganized,22465,4213,1497,not_calculated_source_aggregates_ages_60_to_69,9656,2929,30.3335,yes,939,370,not_calculated_source_aggregates_ages_60_to_69,jumin_population_age_202412.csv,jumin_households_size_202412.csv,jumin_one_person_age_202412.csv
2024,2024-12,2823759200,인천광역시 부평구 청천2동,인천광역시,부평구,청천2동,pre_reform_code_preserved_district_not_reorganized,32879,9024,3490,not_calculated_source_aggregates_ages_60_to_69,14423,4854,33.6546,yes,2085,959,not_calculated_source_aggregates_ages_60_to_69,jumin_population_age_202412.csv,jumin_households_size_202412.csv,jumin_one_person_age_202412.csv
2024,2024-12,2823764100,인천광역시 부평구 갈산1동,인천광역시,부평구,갈산1동,pre_reform_code_preserved_district_not_reorganized,14370,4425,1746,not_calculated_source_aggregates_ages_60_to_69,6688,2558,38.2476,yes,1014,477,not_calculated_source_aggregates_ages_60_to_69,jumin_population_age_202412.csv,jumin_households_size_202412.csv,jumin_one_person_age_202412.csv
2024,2024-12,2823764200,인천광역시 부평구 갈산2동,인천광역시,부평구,갈산2동,pre_reform_code_preserved_district_not_reorganized,17364,6099,2543,not_calculated_source_aggregates_ages_60_to_69,8070,3280,40.6444,yes,1712,873,not_calculated_source_aggregates_ages_60_to_69,jumin_population_age_202412.csv,jumin_households_size_202412.csv,jumin_one_person_age_202412.csv
2024,2024-12,2823764600,인천광역시 부평구 삼산1동,인천광역시,부평구,삼산1동,pre_reform_code_preserved_district_not_reorganized,32088,8897,3614,not_calculated_source_aggregates_ages_60_to_69,14177,4962,35.0004,yes,2693,1477,not_calculated_source_aggregates_ages_60_to_69,jumin_population_age_202412.csv,jumin_households_size_202412.csv,jumin_one_person_age_202412.csv
2024,2024-12,2823764800,인천광역시 부평구 삼산2동,인천광역시,부평구,삼산2동,pre_reform_code_preserved_district_not_reorganized,27371,6054,2382,not_calculated_source_aggregates_ages_60_to_69,10240,2232,21.7969,yes,1092,601,not_calculated_source_aggregates_ages_60_to_69,jumin_population_age_202412.csv,jumin_households_size_202412.csv,jumin_one_person_age_202412.csv
2024,2024-12,2823765000,인천광역시 부평구 부개1동,인천광역시,부평구,부개1동,pre_reform_code_preserved_district_not_reorganized,15250,5708,2639,not_calculated_source_aggregates_ages_60_to_69,7690,3422,44.4993,yes,1716,822,not_calculated_source_aggregates_ages_60_to_69,jumin_population_age_202412.csv,jumin_households_size_202412.csv,jumin_one_person_age_202412.csv
2024,2024-12,2823766000,인천광역시 부평구 부개2동,인천광역시,부평구,부개2동,pre_reform_code_preserved_district_not_reorganized,18890,5218,2181,not_calculated_source_aggregates_ages_60_to_69,8266,2807,33.9584,yes,1169,566,not_calculated_source_aggregates_ages_60_to_69,jumin_population_age_202412.csv,jumin_households_size_202412.csv,jumin_one_person_age_202412.csv
2024,2024-12,2823766100,인천광역시 부평구 부개3동,인천광역시,부평구,부개3동,pre_reform_code_preserved_district_not_reorganized,28065,7679,2983,not_calculated_source_aggregates_ages_60_to_69,12068,3932,32.5820,yes,1610,864,not_calculated_source_aggregates_ages_60_to_69,jumin_population_age_202412.csv,jumin_households_size_202412.csv,jumin_one_person_age_202412.csv
2024,2024-12,2823767000,인천광역시 부평구 일신동,인천광역시,부평구,일신동,pre_reform_code_preserved_district_not_reorganized,11513,3801,1546,not_calculated_source_aggregates_ages_60_to_69,5031,1654,32.8762,yes,722,370,not_calculated_source_aggregates_ages_60_to_69,jumin_population_age_202412.csv,jumin_households_size_202412.csv,jumin_one_person_age_202412.csv
2024,2024-12,2823768000,인천광역시 부평구 십정1동,인천광역시,부평구,십정1동,pre_reform_code_preserved_district_not_reorganized,24255,5916,2491,not_calculated_source_aggregates_ages_60_to_69,11124,3923,35.2661,yes,1593,781,not_calculated_source_aggregates_ages_60_to_69,jumin_population_age_202412.csv,jumin_households_size_202412.csv,jumin_one_person_age_202412.csv
2024,2024-12,2823769000,인천광역시 부평구 십정2동,인천광역시,부평구,십정2동,pre_reform_code_preserved_district_not_reorganized,20756,7452,3133,not_calculated_source_aggregates_ages_60_to_69,11118,5685,51.1333,yes,2621,1108,not_calculated_source_aggregates_ages_60_to_69,jumin_population_age_202412.csv,jumin_households_size_202412.csv,jumin_one_person_age_202412.csv
2024,2024-12,2824560100,인천광역시 계양구 효성1동,인천광역시,계양구,효성1동,pre_reform_code_preserved_district_not_reorganized,26321,7941,2974,not_calculated_source_aggregates_ages_60_to_69,11670,3951,33.8560,yes,1870,867,not_calculated_source_aggregates_ages_60_to_69,jumin_population_age_202412.csv,jumin_households_size_202412.csv,jumin_one_person_age_202412.csv
2024,2024-12,2824560200,인천광역시 계양구 효성2동,인천광역시,계양구,효성2동,pre_reform_code_preserved_district_not_reorganized,26583,8386,3091,not_calculated_source_aggregates_ages_60_to_69,11369,3490,30.6975,yes,1704,772,not_calculated_source_aggregates_ages_60_to_69,jumin_population_age_202412.csv,jumin_households_size_202412.csv,jumin_one_person_age_202412.csv
2024,2024-12,2824561100,인천광역시 계양구 계산1동,인천광역시,계양구,계산1동,pre_reform_code_preserved_district_not_reorganized,17507,6050,2352,not_calculated_source_aggregates_ages_60_to_69,9687,5226,53.9486,yes,2136,833,not_calculated_source_aggregates_ages_60_to_69,jumin_population_age_202412.csv,jumin_households_size_202412.csv,jumin_one_person_age_202412.csv
2024,2024-12,2824561200,인천광역시 계양구 계산2동,인천광역시,계양구,계산2동,pre_reform_code_preserved_district_not_reorganized,14224,5108,1929,not_calculated_source_aggregates_ages_60_to_69,7486,3715,49.6260,yes,1608,709,not_calculated_source_aggregates_ages_60_to_69,jumin_population_age_202412.csv,jumin_households_size_202412.csv,jumin_one_person_age_202412.csv
2024,2024-12,2824561300,인천광역시 계양구 계산3동,인천광역시,계양구,계산3동,pre_reform_code_preserved_district_not_reorganized,17455,5241,1611,not_calculated_source_aggregates_ages_60_to_69,8404,3419,40.6830,yes,1283,499,not_calculated_source_aggregates_ages_60_to_69,jumin_population_age_202412.csv,jumin_households_size_202412.csv,jumin_one_person_age_202412.csv
2024,2024-12,2824561400,인천광역시 계양구 계산4동,인천광역시,계양구,계산4동,pre_reform_code_preserved_district_not_reorganized,22376,5339,1566,not_calculated_source_aggregates_ages_60_to_69,9306,3292,35.3750,yes,1041,510,not_calculated_source_aggregates_ages_60_to_69,jumin_population_age_202412.csv,jumin_households_size_202412.csv,jumin_one_person_age_202412.csv
2024,2024-12,2824562100,인천광역시 계양구 작전1동,인천광역시,계양구,작전1동,pre_reform_code_preserved_district_not_reorganized,25869,7293,2613,not_calculated_source_aggregates_ages_60_to_69,11117,3590,32.2929,yes,1582,719,not_calculated_source_aggregates_ages_60_to_69,jumin_population_age_202412.csv,jumin_households_size_202412.csv,jumin_one_person_age_202412.csv
2024,2024-12,2824562200,인천광역시 계양구 작전2동,인천광역시,계양구,작전2동,pre_reform_code_preserved_district_not_reorganized,23698,6974,2511,not_calculated_source_aggregates_ages_60_to_69,11020,4174,37.8766,yes,1828,806,not_calculated_source_aggregates_ages_60_to_69,jumin_population_age_202412.csv,jumin_households_size_202412.csv,jumin_one_person_age_202412.csv
2024,2024-12,2824564000,인천광역시 계양구 작전서운동,인천광역시,계양구,작전서운동,pre_reform_code_preserved_district_not_reorganized,32530,7636,2604,not_calculated_source_aggregates_ages_60_to_69,13873,4586,33.0570,yes,1765,834,not_calculated_source_aggregates_ages_60_to_69,jumin_population_age_202412.csv,jumin_households_size_202412.csv,jumin_one_person_age_202412.csv
2024,2024-12,2824571000,인천광역시 계양구 계양1동,인천광역시,계양구,계양1동,pre_reform_code_preserved_district_not_reorganized,18833,5945,2329,not_calculated_source_aggregates_ages_60_to_69,8208,2761,33.6379,yes,1333,626,not_calculated_source_aggregates_ages_60_to_69,jumin_population_age_202412.csv,jumin_households_size_202412.csv,jumin_one_person_age_202412.csv
2024,2024-12,2824572000,인천광역시 계양구 계양2동,인천광역시,계양구,계양2동,pre_reform_code_preserved_district_not_reorganized,31303,9751,3893,not_calculated_source_aggregates_ages_60_to_69,15751,7153,45.4130,yes,3191,1546,not_calculated_source_aggregates_ages_60_to_69,jumin_population_age_202412.csv,jumin_households_size_202412.csv,jumin_one_person_age_202412.csv
2024,2024-12,2824573000,인천광역시 계양구 계양3동,인천광역시,계양구,계양3동,pre_reform_code_preserved_district_not_reorganized,23528,5605,2199,not_calculated_source_aggregates_ages_60_to_69,9779,2935,30.0133,yes,1214,538,not_calculated_source_aggregates_ages_60_to_69,jumin_population_age_202412.csv,jumin_households_size_202412.csv,jumin_one_person_age_202412.csv
2024,2024-12,2826051500,인천광역시 서구 검암경서동,인천광역시,서구,검암경서동,requires_2026_07_01_reform_crosswalk,54333,9513,3491,not_calculated_source_aggregates_ages_60_to_69,23875,8556,35.8366,yes,1985,871,not_calculated_source_aggregates_ages_60_to_69,jumin_population_age_202412.csv,jumin_households_size_202412.csv,jumin_one_person_age_202412.csv
2024,2024-12,2826053000,인천광역시 서구 연희동,인천광역시,서구,연희동,requires_2026_07_01_reform_crosswalk,37081,11110,4349,not_calculated_source_aggregates_ages_60_to_69,18419,8374,45.4639,yes,3504,1598,not_calculated_source_aggregates_ages_60_to_69,jumin_population_age_202412.csv,jumin_households_size_202412.csv,jumin_one_person_age_202412.csv
2024,2024-12,2826053600,인천광역시 서구 청라1동,인천광역시,서구,청라1동,requires_2026_07_01_reform_crosswalk,30595,3774,1268,not_calculated_source_aggregates_ages_60_to_69,12023,3646,30.3252,yes,535,226,not_calculated_source_aggregates_ages_60_to_69,jumin_population_age_202412.csv,jumin_households_size_202412.csv,jumin_one_person_age_202412.csv
2024,2024-12,2826053700,인천광역시 서구 청라2동,인천광역시,서구,청라2동,requires_2026_07_01_reform_crosswalk,48045,6998,2276,not_calculated_source_aggregates_ages_60_to_69,18233,5035,27.6148,yes,923,377,not_calculated_source_aggregates_ages_60_to_69,jumin_population_age_202412.csv,jumin_households_size_202412.csv,jumin_one_person_age_202412.csv
2024,2024-12,2826053900,인천광역시 서구 청라3동,인천광역시,서구,청라3동,requires_2026_07_01_reform_crosswalk,36292,4268,1165,not_calculated_source_aggregates_ages_60_to_69,14121,4395,31.1239,yes,451,135,not_calculated_source_aggregates_ages_60_to_69,jumin_population_age_202412.csv,jumin_households_size_202412.csv,jumin_one_person_age_202412.csv
2024,2024-12,2826054200,인천광역시 서구 가정1동,인천광역시,서구,가정1동,requires_2026_07_01_reform_crosswalk,41769,7905,2862,not_calculated_source_aggregates_ages_60_to_69,17617,5914,33.5698,yes,2207,945,not_calculated_source_aggregates_ages_60_to_69,jumin_population_age_202412.csv,jumin_households_size_202412.csv,jumin_one_person_age_202412.csv
2024,2024-12,2826054300,인천광역시 서구 가정2동,인천광역시,서구,가정2동,requires_2026_07_01_reform_crosswalk,17219,2891,759,not_calculated_source_aggregates_ages_60_to_69,7201,2185,30.3430,yes,552,183,not_calculated_source_aggregates_ages_60_to_69,jumin_population_age_202412.csv,jumin_households_size_202412.csv,jumin_one_person_age_202412.csv
2024,2024-12,2826054400,인천광역시 서구 가정3동,인천광역시,서구,가정3동,requires_2026_07_01_reform_crosswalk,8557,2720,893,not_calculated_source_aggregates_ages_60_to_69,4149,1761,42.4440,yes,715,299,not_calculated_source_aggregates_ages_60_to_69,jumin_population_age_202412.csv,jumin_households_size_202412.csv,jumin_one_person_age_202412.csv
2024,2024-12,2826055000,인천광역시 서구 석남1동,인천광역시,서구,석남1동,requires_2026_07_01_reform_crosswalk,19987,6712,2602,not_calculated_source_aggregates_ages_60_to_69,10269,4811,46.8497,yes,2098,890,not_calculated_source_aggregates_ages_60_to_69,jumin_population_age_202412.csv,jumin_households_size_202412.csv,jumin_one_person_age_202412.csv
2024,2024-12,2826056000,인천광역시 서구 석남2동,인천광역시,서구,석남2동,requires_2026_07_01_reform_crosswalk,11827,4293,1795,not_calculated_source_aggregates_ages_60_to_69,5805,2424,41.7571,yes,1156,533,not_calculated_source_aggregates_ages_60_to_69,jumin_population_age_202412.csv,jumin_households_size_202412.csv,jumin_one_person_age_202412.csv
2024,2024-12,2826056100,인천광역시 서구 석남3동,인천광역시,서구,석남3동,requires_2026_07_01_reform_crosswalk,12742,4171,1630,not_calculated_source_aggregates_ages_60_to_69,6452,2884,44.6993,yes,1321,594,not_calculated_source_aggregates_ages_60_to_69,jumin_population_age_202412.csv,jumin_households_size_202412.csv,jumin_one_person_age_202412.csv
2024,2024-12,2826057500,인천광역시 서구 신현원창동,인천광역시,서구,신현원창동,requires_2026_07_01_reform_crosswalk,29237,7994,2809,not_calculated_source_aggregates_ages_60_to_69,12493,4012,32.1140,yes,1760,686,not_calculated_source_aggregates_ages_60_to_69,jumin_population_age_202412.csv,jumin_households_size_202412.csv,jumin_one_person_age_202412.csv
2024,2024-12,2826058000,인천광역시 서구 가좌1동,인천광역시,서구,가좌1동,requires_2026_07_01_reform_crosswalk,12534,3781,1562,not_calculated_source_aggregates_ages_60_to_69,6684,3265,48.8480,yes,1313,574,not_calculated_source_aggregates_ages_60_to_69,jumin_population_age_202412.csv,jumin_households_size_202412.csv,jumin_one_person_age_202412.csv
2024,2024-12,2826059000,인천광역시 서구 가좌2동,인천광역시,서구,가좌2동,requires_2026_07_01_reform_crosswalk,18422,5614,2136,not_calculated_source_aggregates_ages_60_to_69,7545,2100,27.8330,yes,1088,561,not_calculated_source_aggregates_ages_60_to_69,jumin_population_age_202412.csv,jumin_households_size_202412.csv,jumin_one_person_age_202412.csv
2024,2024-12,2826060000,인천광역시 서구 가좌3동,인천광역시,서구,가좌3동,requires_2026_07_01_reform_crosswalk,15158,5512,2336,not_calculated_source_aggregates_ages_60_to_69,7824,3537,45.2071,yes,1649,794,not_calculated_source_aggregates_ages_60_to_69,jumin_population_age_202412.csv,jumin_households_size_202412.csv,jumin_one_person_age_202412.csv
2024,2024-12,2826061000,인천광역시 서구 가좌4동,인천광역시,서구,가좌4동,requires_2026_07_01_reform_crosswalk,12107,3686,1387,not_calculated_source_aggregates_ages_60_to_69,5735,2241,39.0759,yes,1003,454,not_calculated_source_aggregates_ages_60_to_69,jumin_population_age_202412.csv,jumin_households_size_202412.csv,jumin_one_person_age_202412.csv
2024,2024-12,2826068000,인천광역시 서구 검단동,인천광역시,서구,검단동,requires_2026_07_01_reform_crosswalk,32481,7447,2819,not_calculated_source_aggregates_ages_60_to_69,15232,6472,42.4895,yes,2048,872,not_calculated_source_aggregates_ages_60_to_69,jumin_population_age_202412.csv,jumin_households_size_202412.csv,jumin_one_person_age_202412.csv
2024,2024-12,2826069000,인천광역시 서구 불로대곡동,인천광역시,서구,불로대곡동,requires_2026_07_01_reform_crosswalk,24461,5597,2564,not_calculated_source_aggregates_ages_60_to_69,10259,3324,32.4008,yes,1235,640,not_calculated_source_aggregates_ages_60_to_69,jumin_population_age_202412.csv,jumin_households_size_202412.csv,jumin_one_person_age_202412.csv
2024,2024-12,2826070000,인천광역시 서구 원당동,인천광역시,서구,원당동,requires_2026_07_01_reform_crosswalk,24650,4150,1887,not_calculated_source_aggregates_ages_60_to_69,10404,3561,34.2272,yes,985,529,not_calculated_source_aggregates_ages_60_to_69,jumin_population_age_202412.csv,jumin_households_size_202412.csv,jumin_one_person_age_202412.csv
2024,2024-12,2826071000,인천광역시 서구 당하동,인천광역시,서구,당하동,requires_2026_07_01_reform_crosswalk,28737,5768,2220,not_calculated_source_aggregates_ages_60_to_69,12243,4122,33.6682,yes,1184,491,not_calculated_source_aggregates_ages_60_to_69,jumin_population_age_202412.csv,jumin_households_size_202412.csv,jumin_one_person_age_202412.csv
2024,2024-12,2826072000,인천광역시 서구 오류왕길동,인천광역시,서구,오류왕길동,requires_2026_07_01_reform_crosswalk,24541,6090,2356,not_calculated_source_aggregates_ages_60_to_69,10247,3330,32.4973,yes,1396,637,not_calculated_source_aggregates_ages_60_to_69,jumin_population_age_202412.csv,jumin_households_size_202412.csv,jumin_one_person_age_202412.csv
2024,2024-12,2826073000,인천광역시 서구 마전동,인천광역시,서구,마전동,requires_2026_07_01_reform_crosswalk,21329,4336,1790,not_calculated_source_aggregates_ages_60_to_69,8104,2109,26.0242,yes,703,362,not_calculated_source_aggregates_ages_60_to_69,jumin_population_age_202412.csv,jumin_households_size_202412.csv,jumin_one_person_age_202412.csv
2024,2024-12,2826074000,인천광역시 서구 아라동,인천광역시,서구,아라동,requires_2026_07_01_reform_crosswalk,71960,7383,2453,not_calculated_source_aggregates_ages_60_to_69,26864,6009,22.3682,yes,1428,629,not_calculated_source_aggregates_ages_60_to_69,jumin_population_age_202412.csv,jumin_households_size_202412.csv,jumin_one_person_age_202412.csv
2024,2024-12,2871025000,인천광역시 강화군 강화읍,인천광역시,강화군,강화읍,pre_reform_code_preserved_district_not_reorganized,21894,8531,4472,not_calculated_source_aggregates_ages_60_to_69,10599,4544,42.8720,yes,2612,1472,not_calculated_source_aggregates_ages_60_to_69,jumin_population_age_202412.csv,jumin_households_size_202412.csv,jumin_one_person_age_202412.csv
2024,2024-12,2871031000,인천광역시 강화군 선원면,인천광역시,강화군,선원면,pre_reform_code_preserved_district_not_reorganized,9006,3748,1772,not_calculated_source_aggregates_ages_60_to_69,4204,1602,38.1066,yes,908,458,not_calculated_source_aggregates_ages_60_to_69,jumin_population_age_202412.csv,jumin_households_size_202412.csv,jumin_one_person_age_202412.csv
2024,2024-12,2871032000,인천광역시 강화군 불은면,인천광역시,강화군,불은면,pre_reform_code_preserved_district_not_reorganized,5036,2987,1566,not_calculated_source_aggregates_ages_60_to_69,2779,1362,49.0104,yes,943,530,not_calculated_source_aggregates_ages_60_to_69,jumin_population_age_202412.csv,jumin_households_size_202412.csv,jumin_one_person_age_202412.csv
2024,2024-12,2871033000,인천광역시 강화군 길상면,인천광역시,강화군,길상면,pre_reform_code_preserved_district_not_reorganized,7205,3784,1792,not_calculated_source_aggregates_ages_60_to_69,3725,1712,45.9597,yes,1084,510,not_calculated_source_aggregates_ages_60_to_69,jumin_population_age_202412.csv,jumin_households_size_202412.csv,jumin_one_person_age_202412.csv
2024,2024-12,2871034000,인천광역시 강화군 화도면,인천광역시,강화군,화도면,pre_reform_code_preserved_district_not_reorganized,4569,2687,1432,not_calculated_source_aggregates_ages_60_to_69,2499,1246,49.8599,yes,825,435,not_calculated_source_aggregates_ages_60_to_69,jumin_population_age_202412.csv,jumin_households_size_202412.csv,jumin_one_person_age_202412.csv
2024,2024-12,2871035000,인천광역시 강화군 양도면,인천광역시,강화군,양도면,pre_reform_code_preserved_district_not_reorganized,4226,2502,1361,not_calculated_source_aggregates_ages_60_to_69,2208,979,44.3388,yes,663,392,not_calculated_source_aggregates_ages_60_to_69,jumin_population_age_202412.csv,jumin_households_size_202412.csv,jumin_one_person_age_202412.csv
2024,2024-12,2871036000,인천광역시 강화군 내가면,인천광역시,강화군,내가면,pre_reform_code_preserved_district_not_reorganized,2971,1866,1018,not_calculated_source_aggregates_ages_60_to_69,1651,799,48.3949,yes,563,333,not_calculated_source_aggregates_ages_60_to_69,jumin_population_age_202412.csv,jumin_households_size_202412.csv,jumin_one_person_age_202412.csv
2024,2024-12,2871037000,인천광역시 강화군 하점면,인천광역시,강화군,하점면,pre_reform_code_preserved_district_not_reorganized,3990,2512,1436,not_calculated_source_aggregates_ages_60_to_69,2097,952,45.3982,yes,674,414,not_calculated_source_aggregates_ages_60_to_69,jumin_population_age_202412.csv,jumin_households_size_202412.csv,jumin_one_person_age_202412.csv
2024,2024-12,2871038000,인천광역시 강화군 양사면,인천광역시,강화군,양사면,pre_reform_code_preserved_district_not_reorganized,1906,1189,696,not_calculated_source_aggregates_ages_60_to_69,1042,508,48.7524,yes,361,222,not_calculated_source_aggregates_ages_60_to_69,jumin_population_age_202412.csv,jumin_households_size_202412.csv,jumin_one_person_age_202412.csv
2024,2024-12,2871039000,인천광역시 강화군 송해면,인천광역시,강화군,송해면,pre_reform_code_preserved_district_not_reorganized,3189,1871,1069,not_calculated_source_aggregates_ages_60_to_69,1656,701,42.3309,yes,494,288,not_calculated_source_aggregates_ages_60_to_69,jumin_population_age_202412.csv,jumin_households_size_202412.csv,jumin_one_person_age_202412.csv
2024,2024-12,2871040000,인천광역시 강화군 교동면,인천광역시,강화군,교동면,pre_reform_code_preserved_district_not_reorganized,2701,1793,1033,not_calculated_source_aggregates_ages_60_to_69,1530,748,48.8889,yes,540,339,not_calculated_source_aggregates_ages_60_to_69,jumin_population_age_202412.csv,jumin_households_size_202412.csv,jumin_one_person_age_202412.csv
2024,2024-12,2871041000,인천광역시 강화군 삼산면,인천광역시,강화군,삼산면,pre_reform_code_preserved_district_not_reorganized,2065,1309,712,not_calculated_source_aggregates_ages_60_to_69,1189,622,52.3129,yes,419,231,not_calculated_source_aggregates_ages_60_to_69,jumin_population_age_202412.csv,jumin_households_size_202412.csv,jumin_one_person_age_202412.csv
2024,2024-12,2871042000,인천광역시 강화군 서도면,인천광역시,강화군,서도면,pre_reform_code_preserved_district_not_reorganized,364,244,140,not_calculated_source_aggregates_ages_60_to_69,218,120,55.0459,yes,89,51,not_calculated_source_aggregates_ages_60_to_69,jumin_population_age_202412.csv,jumin_households_size_202412.csv,jumin_one_person_age_202412.csv
2024,2024-12,2871042500,인천광역시 강화군 서도면볼음출장소,인천광역시,강화군,서도면볼음출장소,pre_reform_code_preserved_district_not_reorganized,280,201,103,not_calculated_source_aggregates_ages_60_to_69,191,120,62.8272,yes,85,47,not_calculated_source_aggregates_ages_60_to_69,jumin_population_age_202412.csv,jumin_households_size_202412.csv,jumin_one_person_age_202412.csv
2024,2024-12,2872031000,인천광역시 옹진군 북도면,인천광역시,옹진군,북도면,pre_reform_code_preserved_district_not_reorganized,1159,695,332,not_calculated_source_aggregates_ages_60_to_69,680,378,55.5882,yes,251,126,not_calculated_source_aggregates_ages_60_to_69,jumin_population_age_202412.csv,jumin_households_size_202412.csv,jumin_one_person_age_202412.csv
2024,2024-12,2872031500,인천광역시 옹진군 북도면장봉출장소,인천광역시,옹진군,북도면장봉출장소,pre_reform_code_preserved_district_not_reorganized,961,563,267,not_calculated_source_aggregates_ages_60_to_69,544,297,54.5956,yes,184,87,not_calculated_source_aggregates_ages_60_to_69,jumin_population_age_202412.csv,jumin_households_size_202412.csv,jumin_one_person_age_202412.csv
2024,2024-12,2872033000,인천광역시 옹진군 백령면,인천광역시,옹진군,백령면,pre_reform_code_preserved_district_not_reorganized,4722,1682,817,not_calculated_source_aggregates_ages_60_to_69,2868,1811,63.1450,yes,593,317,not_calculated_source_aggregates_ages_60_to_69,jumin_population_age_202412.csv,jumin_households_size_202412.csv,jumin_one_person_age_202412.csv
2024,2024-12,2872034000,인천광역시 옹진군 대청면,인천광역시,옹진군,대청면,pre_reform_code_preserved_district_not_reorganized,1205,548,272,not_calculated_source_aggregates_ages_60_to_69,794,534,67.2544,yes,208,107,not_calculated_source_aggregates_ages_60_to_69,jumin_population_age_202412.csv,jumin_households_size_202412.csv,jumin_one_person_age_202412.csv
2024,2024-12,2872034500,인천광역시 옹진군 대청면소청출장소,인천광역시,옹진군,대청면소청출장소,pre_reform_code_preserved_district_not_reorganized,231,133,74,not_calculated_source_aggregates_ages_60_to_69,183,141,77.0492,yes,66,35,not_calculated_source_aggregates_ages_60_to_69,jumin_population_age_202412.csv,jumin_households_size_202412.csv,jumin_one_person_age_202412.csv
2024,2024-12,2872035000,인천광역시 옹진군 덕적면,인천광역시,옹진군,덕적면,pre_reform_code_preserved_district_not_reorganized,1923,1205,633,not_calculated_source_aggregates_ages_60_to_69,1231,765,62.1446,yes,511,259,not_calculated_source_aggregates_ages_60_to_69,jumin_population_age_202412.csv,jumin_households_size_202412.csv,jumin_one_person_age_202412.csv
2024,2024-12,2872036000,인천광역시 옹진군 영흥면,인천광역시,옹진군,영흥면,pre_reform_code_preserved_district_not_reorganized,6498,2925,1303,not_calculated_source_aggregates_ages_60_to_69,3762,2126,56.5125,yes,1077,442,not_calculated_source_aggregates_ages_60_to_69,jumin_population_age_202412.csv,jumin_households_size_202412.csv,jumin_one_person_age_202412.csv
2024,2024-12,2872037000,인천광역시 옹진군 자월면,인천광역시,옹진군,자월면,pre_reform_code_preserved_district_not_reorganized,943,576,297,not_calculated_source_aggregates_ages_60_to_69,604,368,60.9272,yes,222,123,not_calculated_source_aggregates_ages_60_to_69,jumin_population_age_202412.csv,jumin_households_size_202412.csv,jumin_one_person_age_202412.csv
2024,2024-12,2872037500,인천광역시 옹진군 자월면이작출장소,인천광역시,옹진군,자월면이작출장소,pre_reform_code_preserved_district_not_reorganized,361,222,108,not_calculated_source_aggregates_ages_60_to_69,224,129,57.5893,yes,92,48,not_calculated_source_aggregates_ages_60_to_69,jumin_population_age_202412.csv,jumin_households_size_202412.csv,jumin_one_person_age_202412.csv
2024,2024-12,2872038000,인천광역시 옹진군 연평면,인천광역시,옹진군,연평면,pre_reform_code_preserved_district_not_reorganized,1993,659,257,not_calculated_source_aggregates_ages_60_to_69,1470,1139,77.4830,yes,340,127,not_calculated_source_aggregates_ages_60_to_69,jumin_population_age_202412.csv,jumin_households_size_202412.csv,jumin_one_person_age_202412.csv
2025,2025-12,2811052000,인천광역시 중구 연안동,인천광역시,중구,연안동,requires_2026_07_01_reform_crosswalk,4996,2329,1148,not_calculated_source_aggregates_ages_60_to_69,2841,1553,54.6639,yes,822,391,not_calculated_source_aggregates_ages_60_to_69,jumin_population_age_202512.csv,jumin_households_size_202512.csv,jumin_one_person_age_202512.csv
2025,2025-12,2811053000,인천광역시 중구 신포동,인천광역시,중구,신포동,requires_2026_07_01_reform_crosswalk,4427,1823,1061,not_calculated_source_aggregates_ages_60_to_69,2445,1339,54.7648,yes,754,456,not_calculated_source_aggregates_ages_60_to_69,jumin_population_age_202512.csv,jumin_households_size_202512.csv,jumin_one_person_age_202512.csv
2025,2025-12,2811054000,인천광역시 중구 신흥동,인천광역시,중구,신흥동,requires_2026_07_01_reform_crosswalk,14175,4538,2227,not_calculated_source_aggregates_ages_60_to_69,7008,3081,43.9640,yes,1348,744,not_calculated_source_aggregates_ages_60_to_69,jumin_population_age_202512.csv,jumin_households_size_202512.csv,jumin_one_person_age_202512.csv
2025,2025-12,2811056000,인천광역시 중구 도원동,인천광역시,중구,도원동,requires_2026_07_01_reform_crosswalk,3413,1719,941,not_calculated_source_aggregates_ages_60_to_69,1967,1065,54.1434,yes,693,398,not_calculated_source_aggregates_ages_60_to_69,jumin_population_age_202512.csv,jumin_households_size_202512.csv,jumin_one_person_age_202512.csv
2025,2025-12,2811057000,인천광역시 중구 율목동,인천광역시,중구,율목동,requires_2026_07_01_reform_crosswalk,2879,1355,737,not_calculated_source_aggregates_ages_60_to_69,1807,1123,62.1472,yes,672,372,not_calculated_source_aggregates_ages_60_to_69,jumin_population_age_202512.csv,jumin_households_size_202512.csv,jumin_one_person_age_202512.csv
2025,2025-12,2811058500,인천광역시 중구 동인천동,인천광역시,중구,동인천동,requires_2026_07_01_reform_crosswalk,5210,2477,1343,not_calculated_source_aggregates_ages_60_to_69,3269,2086,63.8116,yes,1189,662,not_calculated_source_aggregates_ages_60_to_69,jumin_population_age_202512.csv,jumin_households_size_202512.csv,jumin_one_person_age_202512.csv
2025,2025-12,2811061500,인천광역시 중구 개항동,인천광역시,중구,개항동,requires_2026_07_01_reform_crosswalk,6477,2892,1508,not_calculated_source_aggregates_ages_60_to_69,3800,2135,56.1842,yes,1090,620,not_calculated_source_aggregates_ages_60_to_69,jumin_population_age_202512.csv,jumin_households_size_202512.csv,jumin_one_person_age_202512.csv
2025,2025-12,2811062000,인천광역시 중구 영종동,인천광역시,중구,영종동,requires_2026_07_01_reform_crosswalk,28951,6826,2671,not_calculated_source_aggregates_ages_60_to_69,14767,7140,48.3511,yes,2019,805,not_calculated_source_aggregates_ages_60_to_69,jumin_population_age_202512.csv,jumin_households_size_202512.csv,jumin_one_person_age_202512.csv
2025,2025-12,2811062200,인천광역시 중구 영종1동,인천광역시,중구,영종1동,requires_2026_07_01_reform_crosswalk,35542,4876,2084,not_calculated_source_aggregates_ages_60_to_69,14551,4478,30.7745,yes,982,446,not_calculated_source_aggregates_ages_60_to_69,jumin_population_age_202512.csv,jumin_households_size_202512.csv,jumin_one_person_age_202512.csv
2025,2025-12,2811062300,인천광역시 중구 영종2동,인천광역시,중구,영종2동,requires_2026_07_01_reform_crosswalk,27333,3360,1369,not_calculated_source_aggregates_ages_60_to_69,10798,3107,28.7738,yes,519,231,not_calculated_source_aggregates_ages_60_to_69,jumin_population_age_202512.csv,jumin_households_size_202512.csv,jumin_one_person_age_202512.csv
2025,2025-12,2811062800,인천광역시 중구 운서동,인천광역시,중구,운서동,requires_2026_07_01_reform_crosswalk,39685,5899,2617,not_calculated_source_aggregates_ages_60_to_69,23393,15027,64.2372,yes,1630,740,not_calculated_source_aggregates_ages_60_to_69,jumin_population_age_202512.csv,jumin_households_size_202512.csv,jumin_one_person_age_202512.csv
2025,2025-12,2811063000,인천광역시 중구 용유동,인천광역시,중구,용유동,requires_2026_07_01_reform_crosswalk,3379,2008,998,not_calculated_source_aggregates_ages_60_to_69,2242,1451,64.7190,yes,888,394,not_calculated_source_aggregates_ages_60_to_69,jumin_population_age_202512.csv,jumin_households_size_202512.csv,jumin_one_person_age_202512.csv
2025,2025-12,2814051000,인천광역시 동구 만석동,인천광역시,동구,만석동,requires_2026_07_01_reform_crosswalk,6113,2351,1154,not_calculated_source_aggregates_ages_60_to_69,3061,1345,43.9399,yes,806,430,not_calculated_source_aggregates_ages_60_to_69,jumin_population_age_202512.csv,jumin_households_size_202512.csv,jumin_one_person_age_202512.csv
2025,2025-12,2814052500,인천광역시 동구 화수1.화평동,인천광역시,동구,화수1.화평동,requires_2026_07_01_reform_crosswalk,5231,2398,1300,not_calculated_source_aggregates_ages_60_to_69,2697,1246,46.1995,yes,837,494,not_calculated_source_aggregates_ages_60_to_69,jumin_population_age_202512.csv,jumin_households_size_202512.csv,jumin_one_person_age_202512.csv
2025,2025-12,2814053000,인천광역시 동구 화수2동,인천광역시,동구,화수2동,requires_2026_07_01_reform_crosswalk,6657,3072,1770,not_calculated_source_aggregates_ages_60_to_69,3583,1759,49.0929,yes,1084,679,not_calculated_source_aggregates_ages_60_to_69,jumin_population_age_202512.csv,jumin_households_size_202512.csv,jumin_one_person_age_202512.csv
2025,2025-12,2814055500,인천광역시 동구 송현1.2동,인천광역시,동구,송현1.2동,requires_2026_07_01_reform_crosswalk,9468,3332,1731,not_calculated_source_aggregates_ages_60_to_69,4306,1529,35.5086,yes,741,448,not_calculated_source_aggregates_ages_60_to_69,jumin_population_age_202512.csv,jumin_households_size_202512.csv,jumin_one_person_age_202512.csv
2025,2025-12,2814057000,인천광역시 동구 송현3동,인천광역시,동구,송현3동,requires_2026_07_01_reform_crosswalk,2620,1287,707,not_calculated_source_aggregates_ages_60_to_69,1534,854,55.6714,yes,541,324,not_calculated_source_aggregates_ages_60_to_69,jumin_population_age_202512.csv,jumin_households_size_202512.csv,jumin_one_person_age_202512.csv
2025,2025-12,2814058000,인천광역시 동구 송림1동,인천광역시,동구,송림1동,requires_2026_07_01_reform_crosswalk,6490,1583,770,not_calculated_source_aggregates_ages_60_to_69,2793,831,29.7530,yes,295,166,not_calculated_source_aggregates_ages_60_to_69,jumin_population_age_202512.csv,jumin_households_size_202512.csv,jumin_one_person_age_202512.csv
2025,2025-12,2814059000,인천광역시 동구 송림2동,인천광역시,동구,송림2동,requires_2026_07_01_reform_crosswalk,1124,646,389,not_calculated_source_aggregates_ages_60_to_69,727,470,64.6492,yes,337,192,not_calculated_source_aggregates_ages_60_to_69,jumin_population_age_202512.csv,jumin_households_size_202512.csv,jumin_one_person_age_202512.csv
2025,2025-12,2814060500,인천광역시 동구 송림3.5동,인천광역시,동구,송림3.5동,requires_2026_07_01_reform_crosswalk,5164,1825,949,not_calculated_source_aggregates_ages_60_to_69,2336,855,36.6010,yes,480,266,not_calculated_source_aggregates_ages_60_to_69,jumin_population_age_202512.csv,jumin_households_size_202512.csv,jumin_one_person_age_202512.csv
2025,2025-12,2814061000,인천광역시 동구 송림4동,인천광역시,동구,송림4동,requires_2026_07_01_reform_crosswalk,5913,1490,639,not_calculated_source_aggregates_ages_60_to_69,2492,694,27.8491,yes,260,124,not_calculated_source_aggregates_ages_60_to_69,jumin_population_age_202512.csv,jumin_households_size_202512.csv,jumin_one_person_age_202512.csv
2025,2025-12,2814063000,인천광역시 동구 송림6동,인천광역시,동구,송림6동,requires_2026_07_01_reform_crosswalk,5561,1968,1068,not_calculated_source_aggregates_ages_60_to_69,2466,863,34.9959,yes,531,317,not_calculated_source_aggregates_ages_60_to_69,jumin_population_age_202512.csv,jumin_households_size_202512.csv,jumin_one_person_age_202512.csv
2025,2025-12,2814064000,인천광역시 동구 금창동,인천광역시,동구,금창동,requires_2026_07_01_reform_crosswalk,2136,1122,636,not_calculated_source_aggregates_ages_60_to_69,1221,662,54.2179,yes,446,270,not_calculated_source_aggregates_ages_60_to_69,jumin_population_age_202512.csv,jumin_households_size_202512.csv,jumin_one_person_age_202512.csv
2025,2025-12,2817751000,인천광역시 미추홀구 숭의2동,인천광역시,미추홀구,숭의2동,pre_reform_code_preserved_district_not_reorganized,13379,4470,2175,not_calculated_source_aggregates_ages_60_to_69,6665,2932,43.9910,yes,1464,795,not_calculated_source_aggregates_ages_60_to_69,jumin_population_age_202512.csv,jumin_households_size_202512.csv,jumin_one_person_age_202512.csv
2025,2025-12,2817752000,인천광역시 미추홀구 숭의1.3동,인천광역시,미추홀구,숭의1.3동,pre_reform_code_preserved_district_not_reorganized,17415,4625,2058,not_calculated_source_aggregates_ages_60_to_69,8458,3500,41.3809,yes,1321,667,not_calculated_source_aggregates_ages_60_to_69,jumin_population_age_202512.csv,jumin_households_size_202512.csv,jumin_one_person_age_202512.csv
2025,2025-12,2817753000,인천광역시 미추홀구 숭의4동,인천광역시,미추홀구,숭의4동,pre_reform_code_preserved_district_not_reorganized,16459,5200,2555,not_calculated_source_aggregates_ages_60_to_69,8067,3476,43.0891,yes,1727,909,not_calculated_source_aggregates_ages_60_to_69,jumin_population_age_202512.csv,jumin_households_size_202512.csv,jumin_one_person_age_202512.csv
2025,2025-12,2817754000,인천광역시 미추홀구 용현1.4동,인천광역시,미추홀구,용현1.4동,pre_reform_code_preserved_district_not_reorganized,16932,5652,3014,not_calculated_source_aggregates_ages_60_to_69,11184,7702,68.8662,yes,1984,1056,not_calculated_source_aggregates_ages_60_to_69,jumin_population_age_202512.csv,jumin_households_size_202512.csv,jumin_one_person_age_202512.csv
2025,2025-12,2817755000,인천광역시 미추홀구 용현2동,인천광역시,미추홀구,용현2동,pre_reform_code_preserved_district_not_reorganized,22592,5671,2856,not_calculated_source_aggregates_ages_60_to_69,10348,4038,39.0220,yes,1535,879,not_calculated_source_aggregates_ages_60_to_69,jumin_population_age_202512.csv,jumin_households_size_202512.csv,jumin_one_person_age_202512.csv
2025,2025-12,2817756000,인천광역시 미추홀구 용현3동,인천광역시,미추홀구,용현3동,pre_reform_code_preserved_district_not_reorganized,6680,2846,1503,not_calculated_source_aggregates_ages_60_to_69,4114,2496,60.6709,yes,1178,613,not_calculated_source_aggregates_ages_60_to_69,jumin_population_age_202512.csv,jumin_households_size_202512.csv,jumin_one_person_age_202512.csv
2025,2025-12,2817757000,인천광역시 미추홀구 용현5동,인천광역시,미추홀구,용현5동,pre_reform_code_preserved_district_not_reorganized,44308,11598,5072,not_calculated_source_aggregates_ages_60_to_69,19797,7491,37.8391,yes,2660,1346,not_calculated_source_aggregates_ages_60_to_69,jumin_population_age_202512.csv,jumin_households_size_202512.csv,jumin_one_person_age_202512.csv
2025,2025-12,2817758000,인천광역시 미추홀구 학익1동,인천광역시,미추홀구,학익1동,pre_reform_code_preserved_district_not_reorganized,41413,9338,4043,not_calculated_source_aggregates_ages_60_to_69,17151,5317,31.0011,yes,1848,947,not_calculated_source_aggregates_ages_60_to_69,jumin_population_age_202512.csv,jumin_households_size_202512.csv,jumin_one_person_age_202512.csv
2025,2025-12,2817759000,인천광역시 미추홀구 학익2동,인천광역시,미추홀구,학익2동,pre_reform_code_preserved_district_not_reorganized,16833,5989,2948,not_calculated_source_aggregates_ages_60_to_69,7996,3191,39.9075,yes,1643,936,not_calculated_source_aggregates_ages_60_to_69,jumin_population_age_202512.csv,jumin_households_size_202512.csv,jumin_one_person_age_202512.csv
2025,2025-12,2817760000,인천광역시 미추홀구 도화1동,인천광역시,미추홀구,도화1동,pre_reform_code_preserved_district_not_reorganized,20373,6414,3144,not_calculated_source_aggregates_ages_60_to_69,10250,4605,44.9268,yes,2063,1130,not_calculated_source_aggregates_ages_60_to_69,jumin_population_age_202512.csv,jumin_households_size_202512.csv,jumin_one_person_age_202512.csv
2025,2025-12,2817761000,인천광역시 미추홀구 도화2.3동,인천광역시,미추홀구,도화2.3동,pre_reform_code_preserved_district_not_reorganized,29905,7860,3437,not_calculated_source_aggregates_ages_60_to_69,13564,5103,37.6216,yes,2049,998,not_calculated_source_aggregates_ages_60_to_69,jumin_population_age_202512.csv,jumin_households_size_202512.csv,jumin_one_person_age_202512.csv
2025,2025-12,2817762000,인천광역시 미추홀구 주안1동,인천광역시,미추홀구,주안1동,pre_reform_code_preserved_district_not_reorganized,19576,4462,1761,not_calculated_source_aggregates_ages_60_to_69,12019,7508,62.4678,yes,1583,617,not_calculated_source_aggregates_ages_60_to_69,jumin_population_age_202512.csv,jumin_households_size_202512.csv,jumin_one_person_age_202512.csv
2025,2025-12,2817763000,인천광역시 미추홀구 주안2동,인천광역시,미추홀구,주안2동,pre_reform_code_preserved_district_not_reorganized,21602,6828,3336,not_calculated_source_aggregates_ages_60_to_69,10746,4592,42.7322,yes,2154,1109,not_calculated_source_aggregates_ages_60_to_69,jumin_population_age_202512.csv,jumin_households_size_202512.csv,jumin_one_person_age_202512.csv
2025,2025-12,2817764000,인천광역시 미추홀구 주안3동,인천광역시,미추홀구,주안3동,pre_reform_code_preserved_district_not_reorganized,12112,3670,1870,not_calculated_source_aggregates_ages_60_to_69,6166,2803,45.4590,yes,1212,637,not_calculated_source_aggregates_ages_60_to_69,jumin_population_age_202512.csv,jumin_households_size_202512.csv,jumin_one_person_age_202512.csv
2025,2025-12,2817765000,인천광역시 미추홀구 주안4동,인천광역시,미추홀구,주안4동,pre_reform_code_preserved_district_not_reorganized,19880,6308,3169,not_calculated_source_aggregates_ages_60_to_69,9613,3975,41.3503,yes,1938,1037,not_calculated_source_aggregates_ages_60_to_69,jumin_population_age_202512.csv,jumin_households_size_202512.csv,jumin_one_person_age_202512.csv
2025,2025-12,2817766000,인천광역시 미추홀구 주안5동,인천광역시,미추홀구,주안5동,pre_reform_code_preserved_district_not_reorganized,19112,6245,2960,not_calculated_source_aggregates_ages_60_to_69,9980,4785,47.9459,yes,1977,1058,not_calculated_source_aggregates_ages_60_to_69,jumin_population_age_202512.csv,jumin_households_size_202512.csv,jumin_one_person_age_202512.csv
2025,2025-12,2817767000,인천광역시 미추홀구 주안6동,인천광역시,미추홀구,주안6동,pre_reform_code_preserved_district_not_reorganized,20858,6011,2860,not_calculated_source_aggregates_ages_60_to_69,10182,4482,44.0189,yes,1741,932,not_calculated_source_aggregates_ages_60_to_69,jumin_population_age_202512.csv,jumin_households_size_202512.csv,jumin_one_person_age_202512.csv
2025,2025-12,2817768000,인천광역시 미추홀구 주안7동,인천광역시,미추홀구,주안7동,pre_reform_code_preserved_district_not_reorganized,12076,4790,2401,not_calculated_source_aggregates_ages_60_to_69,6181,2770,44.8148,yes,1564,798,not_calculated_source_aggregates_ages_60_to_69,jumin_population_age_202512.csv,jumin_households_size_202512.csv,jumin_one_person_age_202512.csv
2025,2025-12,2817769000,인천광역시 미추홀구 주안8동,인천광역시,미추홀구,주안8동,pre_reform_code_preserved_district_not_reorganized,18565,6561,2979,not_calculated_source_aggregates_ages_60_to_69,8820,3493,39.6032,yes,1801,893,not_calculated_source_aggregates_ages_60_to_69,jumin_population_age_202512.csv,jumin_households_size_202512.csv,jumin_one_person_age_202512.csv
2025,2025-12,2817770000,인천광역시 미추홀구 관교동,인천광역시,미추홀구,관교동,pre_reform_code_preserved_district_not_reorganized,13737,4930,2325,not_calculated_source_aggregates_ages_60_to_69,6166,2205,35.7606,yes,1043,547,not_calculated_source_aggregates_ages_60_to_69,jumin_population_age_202512.csv,jumin_households_size_202512.csv,jumin_one_person_age_202512.csv
2025,2025-12,2817771000,인천광역시 미추홀구 문학동,인천광역시,미추홀구,문학동,pre_reform_code_preserved_district_not_reorganized,13771,3552,1517,not_calculated_source_aggregates_ages_60_to_69,7775,4449,57.2219,yes,1338,524,not_calculated_source_aggregates_ages_60_to_69,jumin_population_age_202512.csv,jumin_households_size_202512.csv,jumin_one_person_age_202512.csv
2025,2025-12,2818563000,인천광역시 연수구 옥련1동,인천광역시,연수구,옥련1동,pre_reform_code_preserved_district_not_reorganized,17213,5645,2544,not_calculated_source_aggregates_ages_60_to_69,7935,2997,37.7694,yes,1510,799,not_calculated_source_aggregates_ages_60_to_69,jumin_population_age_202512.csv,jumin_households_size_202512.csv,jumin_one_person_age_202512.csv
2025,2025-12,2818564000,인천광역시 연수구 옥련2동,인천광역시,연수구,옥련2동,pre_reform_code_preserved_district_not_reorganized,19634,5683,2342,not_calculated_source_aggregates_ages_60_to_69,8140,2344,28.7961,yes,1075,520,not_calculated_source_aggregates_ages_60_to_69,jumin_population_age_202512.csv,jumin_households_size_202512.csv,jumin_one_person_age_202512.csv
2025,2025-12,2818575000,인천광역시 연수구 선학동,인천광역시,연수구,선학동,pre_reform_code_preserved_district_not_reorganized,17446,6134,2581,not_calculated_source_aggregates_ages_60_to_69,8613,3855,44.7579,yes,1703,882,not_calculated_source_aggregates_ages_60_to_69,jumin_population_age_202512.csv,jumin_households_size_202512.csv,jumin_one_person_age_202512.csv
2025,2025-12,2818576100,인천광역시 연수구 연수1동,인천광역시,연수구,연수1동,pre_reform_code_preserved_district_not_reorganized,16134,5241,2140,not_calculated_source_aggregates_ages_60_to_69,8579,4498,52.4304,yes,1427,617,not_calculated_source_aggregates_ages_60_to_69,jumin_population_age_202512.csv,jumin_households_size_202512.csv,jumin_one_person_age_202512.csv
2025,2025-12,2818576200,인천광역시 연수구 연수2동,인천광역시,연수구,연수2동,pre_reform_code_preserved_district_not_reorganized,19047,5838,2404,not_calculated_source_aggregates_ages_60_to_69,9580,4511,47.0877,yes,1815,954,not_calculated_source_aggregates_ages_60_to_69,jumin_population_age_202512.csv,jumin_households_size_202512.csv,jumin_one_person_age_202512.csv
2025,2025-12,2818576300,인천광역시 연수구 연수3동,인천광역시,연수구,연수3동,pre_reform_code_preserved_district_not_reorganized,14331,5366,2404,not_calculated_source_aggregates_ages_60_to_69,7064,3100,43.8845,yes,1753,1039,not_calculated_source_aggregates_ages_60_to_69,jumin_population_age_202512.csv,jumin_households_size_202512.csv,jumin_one_person_age_202512.csv
2025,2025-12,2818576600,인천광역시 연수구 청학동,인천광역시,연수구,청학동,pre_reform_code_preserved_district_not_reorganized,21860,8096,3412,not_calculated_source_aggregates_ages_60_to_69,11888,6242,52.5067,yes,2748,1276,not_calculated_source_aggregates_ages_60_to_69,jumin_population_age_202512.csv,jumin_households_size_202512.csv,jumin_one_person_age_202512.csv
2025,2025-12,2818578000,인천광역시 연수구 동춘1동,인천광역시,연수구,동춘1동,pre_reform_code_preserved_district_not_reorganized,25402,6080,2063,not_calculated_source_aggregates_ages_60_to_69,9574,1911,19.9603,yes,797,348,not_calculated_source_aggregates_ages_60_to_69,jumin_population_age_202512.csv,jumin_households_size_202512.csv,jumin_one_person_age_202512.csv
2025,2025-12,2818579000,인천광역시 연수구 동춘2동,인천광역시,연수구,동춘2동,pre_reform_code_preserved_district_not_reorganized,16506,4674,1744,not_calculated_source_aggregates_ages_60_to_69,6817,1780,26.1112,yes,730,396,not_calculated_source_aggregates_ages_60_to_69,jumin_population_age_202512.csv,jumin_households_size_202512.csv,jumin_one_person_age_202512.csv
2025,2025-12,2818579500,인천광역시 연수구 동춘3동,인천광역시,연수구,동춘3동,pre_reform_code_preserved_district_not_reorganized,17476,4320,1731,not_calculated_source_aggregates_ages_60_to_69,5750,634,11.0261,yes,377,206,not_calculated_source_aggregates_ages_60_to_69,jumin_population_age_202512.csv,jumin_households_size_202512.csv,jumin_one_person_age_202512.csv
2025,2025-12,2818582000,인천광역시 연수구 송도1동,인천광역시,연수구,송도1동,pre_reform_code_preserved_district_not_reorganized,36894,7185,2561,not_calculated_source_aggregates_ages_60_to_69,15288,5606,36.6693,yes,648,289,not_calculated_source_aggregates_ages_60_to_69,jumin_population_age_202512.csv,jumin_households_size_202512.csv,jumin_one_person_age_202512.csv
2025,2025-12,2818583000,인천광역시 연수구 송도2동,인천광역시,연수구,송도2동,pre_reform_code_preserved_district_not_reorganized,37221,4836,1572,not_calculated_source_aggregates_ages_60_to_69,12413,1884,15.1776,yes,466,204,not_calculated_source_aggregates_ages_60_to_69,jumin_population_age_202512.csv,jumin_households_size_202512.csv,jumin_one_person_age_202512.csv
2025,2025-12,2818584000,인천광역시 연수구 송도3동,인천광역시,연수구,송도3동,pre_reform_code_preserved_district_not_reorganized,49276,6426,2127,not_calculated_source_aggregates_ages_60_to_69,19720,6085,30.8570,yes,682,289,not_calculated_source_aggregates_ages_60_to_69,jumin_population_age_202512.csv,jumin_households_size_202512.csv,jumin_one_person_age_202512.csv
2025,2025-12,2818585000,인천광역시 연수구 송도4동,인천광역시,연수구,송도4동,pre_reform_code_preserved_district_not_reorganized,54680,6144,1789,not_calculated_source_aggregates_ages_60_to_69,19954,4165,20.8730,yes,584,192,not_calculated_source_aggregates_ages_60_to_69,jumin_population_age_202512.csv,jumin_households_size_202512.csv,jumin_one_person_age_202512.csv
2025,2025-12,2818586000,인천광역시 연수구 송도5동,인천광역시,연수구,송도5동,pre_reform_code_preserved_district_not_reorganized,46317,5897,1701,not_calculated_source_aggregates_ages_60_to_69,17373,3525,20.2901,yes,648,186,not_calculated_source_aggregates_ages_60_to_69,jumin_population_age_202512.csv,jumin_households_size_202512.csv,jumin_one_person_age_202512.csv
2025,2025-12,2820051000,인천광역시 남동구 구월1동,인천광역시,남동구,구월1동,pre_reform_code_preserved_district_not_reorganized,30227,7984,3290,not_calculated_source_aggregates_ages_60_to_69,13834,5463,39.4897,yes,2124,1050,not_calculated_source_aggregates_ages_60_to_69,jumin_population_age_202512.csv,jumin_households_size_202512.csv,jumin_one_person_age_202512.csv
2025,2025-12,2820052000,인천광역시 남동구 구월2동,인천광역시,남동구,구월2동,pre_reform_code_preserved_district_not_reorganized,36722,8851,3691,not_calculated_source_aggregates_ages_60_to_69,13938,3116,22.3561,yes,1530,790,not_calculated_source_aggregates_ages_60_to_69,jumin_population_age_202512.csv,jumin_households_size_202512.csv,jumin_one_person_age_202512.csv
2025,2025-12,2820052100,인천광역시 남동구 구월3동,인천광역시,남동구,구월3동,pre_reform_code_preserved_district_not_reorganized,27772,6062,2536,not_calculated_source_aggregates_ages_60_to_69,17190,11066,64.3746,yes,1920,813,not_calculated_source_aggregates_ages_60_to_69,jumin_population_age_202512.csv,jumin_households_size_202512.csv,jumin_one_person_age_202512.csv
2025,2025-12,2820052200,인천광역시 남동구 구월4동,인천광역시,남동구,구월4동,pre_reform_code_preserved_district_not_reorganized,12722,4979,2308,not_calculated_source_aggregates_ages_60_to_69,7406,4200,56.7108,yes,2107,986,not_calculated_source_aggregates_ages_60_to_69,jumin_population_age_202512.csv,jumin_households_size_202512.csv,jumin_one_person_age_202512.csv
2025,2025-12,2820053000,인천광역시 남동구 간석1동,인천광역시,남동구,간석1동,pre_reform_code_preserved_district_not_reorganized,17750,5736,2702,not_calculated_source_aggregates_ages_60_to_69,9127,4237,46.4227,yes,1669,888,not_calculated_source_aggregates_ages_60_to_69,jumin_population_age_202512.csv,jumin_households_size_202512.csv,jumin_one_person_age_202512.csv
2025,2025-12,2820054000,인천광역시 남동구 간석2동,인천광역시,남동구,간석2동,pre_reform_code_preserved_district_not_reorganized,20397,6258,2873,not_calculated_source_aggregates_ages_60_to_69,9227,3604,39.0593,yes,1522,760,not_calculated_source_aggregates_ages_60_to_69,jumin_population_age_202512.csv,jumin_households_size_202512.csv,jumin_one_person_age_202512.csv
2025,2025-12,2820055000,인천광역시 남동구 간석3동,인천광역시,남동구,간석3동,pre_reform_code_preserved_district_not_reorganized,24824,8433,3729,not_calculated_source_aggregates_ages_60_to_69,12526,5637,45.0024,yes,2721,1314,not_calculated_source_aggregates_ages_60_to_69,jumin_population_age_202512.csv,jumin_households_size_202512.csv,jumin_one_person_age_202512.csv
2025,2025-12,2820055100,인천광역시 남동구 간석4동,인천광역시,남동구,간석4동,pre_reform_code_preserved_district_not_reorganized,27638,8472,3692,not_calculated_source_aggregates_ages_60_to_69,13629,5991,43.9577,yes,2374,1119,not_calculated_source_aggregates_ages_60_to_69,jumin_population_age_202512.csv,jumin_households_size_202512.csv,jumin_one_person_age_202512.csv
2025,2025-12,2820056000,인천광역시 남동구 만수1동,인천광역시,남동구,만수1동,pre_reform_code_preserved_district_not_reorganized,15117,6013,2865,not_calculated_source_aggregates_ages_60_to_69,8675,4737,54.6052,yes,2582,1416,not_calculated_source_aggregates_ages_60_to_69,jumin_population_age_202512.csv,jumin_households_size_202512.csv,jumin_one_person_age_202512.csv
2025,2025-12,2820057000,인천광역시 남동구 만수2동,인천광역시,남동구,만수2동,pre_reform_code_preserved_district_not_reorganized,22071,6882,2930,not_calculated_source_aggregates_ages_60_to_69,9505,3066,32.2567,yes,1551,777,not_calculated_source_aggregates_ages_60_to_69,jumin_population_age_202512.csv,jumin_households_size_202512.csv,jumin_one_person_age_202512.csv
2025,2025-12,2820058000,인천광역시 남동구 만수3동,인천광역시,남동구,만수3동,pre_reform_code_preserved_district_not_reorganized,15672,4966,2084,not_calculated_source_aggregates_ages_60_to_69,6959,2416,34.7176,yes,1206,633,not_calculated_source_aggregates_ages_60_to_69,jumin_population_age_202512.csv,jumin_households_size_202512.csv,jumin_one_person_age_202512.csv
2025,2025-12,2820058100,인천광역시 남동구 만수4동,인천광역시,남동구,만수4동,pre_reform_code_preserved_district_not_reorganized,18303,6256,2767,not_calculated_source_aggregates_ages_60_to_69,8734,3380,38.6993,yes,1669,872,not_calculated_source_aggregates_ages_60_to_69,jumin_population_age_202512.csv,jumin_households_size_202512.csv,jumin_one_person_age_202512.csv
2025,2025-12,2820058200,인천광역시 남동구 만수5동,인천광역시,남동구,만수5동,pre_reform_code_preserved_district_not_reorganized,13857,5533,2608,not_calculated_source_aggregates_ages_60_to_69,7421,3602,48.5379,yes,1895,949,not_calculated_source_aggregates_ages_60_to_69,jumin_population_age_202512.csv,jumin_households_size_202512.csv,jumin_one_person_age_202512.csv
2025,2025-12,2820058300,인천광역시 남동구 만수6동,인천광역시,남동구,만수6동,pre_reform_code_preserved_district_not_reorganized,21719,7859,3403,not_calculated_source_aggregates_ages_60_to_69,10072,3897,38.6914,yes,2127,1146,not_calculated_source_aggregates_ages_60_to_69,jumin_population_age_202512.csv,jumin_households_size_202512.csv,jumin_one_person_age_202512.csv
2025,2025-12,2820065000,인천광역시 남동구 장수서창동,인천광역시,남동구,장수서창동,pre_reform_code_preserved_district_not_reorganized,18270,5975,2610,not_calculated_source_aggregates_ages_60_to_69,7787,2487,31.9378,yes,1328,667,not_calculated_source_aggregates_ages_60_to_69,jumin_population_age_202512.csv,jumin_households_size_202512.csv,jumin_one_person_age_202512.csv
2025,2025-12,2820065500,인천광역시 남동구 서창2동,인천광역시,남동구,서창2동,pre_reform_code_preserved_district_not_reorganized,37457,8262,3396,not_calculated_source_aggregates_ages_60_to_69,15657,5236,33.4419,yes,2367,1213,not_calculated_source_aggregates_ages_60_to_69,jumin_population_age_202512.csv,jumin_households_size_202512.csv,jumin_one_person_age_202512.csv
2025,2025-12,2820066000,인천광역시 남동구 남촌도림동,인천광역시,남동구,남촌도림동,pre_reform_code_preserved_district_not_reorganized,18772,6742,2856,not_calculated_source_aggregates_ages_60_to_69,8896,3488,39.2086,yes,1795,923,not_calculated_source_aggregates_ages_60_to_69,jumin_population_age_202512.csv,jumin_households_size_202512.csv,jumin_one_person_age_202512.csv
2025,2025-12,2820069000,인천광역시 남동구 논현1동,인천광역시,남동구,논현1동,pre_reform_code_preserved_district_not_reorganized,31003,7961,3315,not_calculated_source_aggregates_ages_60_to_69,14048,5486,39.0518,yes,2100,985,not_calculated_source_aggregates_ages_60_to_69,jumin_population_age_202512.csv,jumin_households_size_202512.csv,jumin_one_person_age_202512.csv
2025,2025-12,2820070000,인천광역시 남동구 논현2동,인천광역시,남동구,논현2동,pre_reform_code_preserved_district_not_reorganized,30559,8757,3944,not_calculated_source_aggregates_ages_60_to_69,15049,6715,44.6209,yes,2383,1222,not_calculated_source_aggregates_ages_60_to_69,jumin_population_age_202512.csv,jumin_households_size_202512.csv,jumin_one_person_age_202512.csv
2025,2025-12,2820071000,인천광역시 남동구 논현고잔동,인천광역시,남동구,논현고잔동,pre_reform_code_preserved_district_not_reorganized,39295,7840,2974,not_calculated_source_aggregates_ages_60_to_69,15640,4567,29.2008,yes,1742,815,not_calculated_source_aggregates_ages_60_to_69,jumin_population_age_202512.csv,jumin_households_size_202512.csv,jumin_one_person_age_202512.csv
2025,2025-12,2823751000,인천광역시 부평구 부평1동,인천광역시,부평구,부평1동,pre_reform_code_preserved_district_not_reorganized,34466,9724,4350,not_calculated_source_aggregates_ages_60_to_69,17282,7881,45.6024,yes,2170,1107,not_calculated_source_aggregates_ages_60_to_69,jumin_population_age_202512.csv,jumin_households_size_202512.csv,jumin_one_person_age_202512.csv
2025,2025-12,2823752000,인천광역시 부평구 부평2동,인천광역시,부평구,부평2동,pre_reform_code_preserved_district_not_reorganized,16624,4861,2157,not_calculated_source_aggregates_ages_60_to_69,8407,3763,44.7603,yes,1522,752,not_calculated_source_aggregates_ages_60_to_69,jumin_population_age_202512.csv,jumin_households_size_202512.csv,jumin_one_person_age_202512.csv
2025,2025-12,2823753000,인천광역시 부평구 부평3동,인천광역시,부평구,부평3동,pre_reform_code_preserved_district_not_reorganized,14890,4803,2256,not_calculated_source_aggregates_ages_60_to_69,7426,3272,44.0614,yes,1608,835,not_calculated_source_aggregates_ages_60_to_69,jumin_population_age_202512.csv,jumin_households_size_202512.csv,jumin_one_person_age_202512.csv
2025,2025-12,2823754000,인천광역시 부평구 부평4동,인천광역시,부평구,부평4동,pre_reform_code_preserved_district_not_reorganized,32867,9175,4013,not_calculated_source_aggregates_ages_60_to_69,17629,9007,51.0920,yes,2904,1369,not_calculated_source_aggregates_ages_60_to_69,jumin_population_age_202512.csv,jumin_households_size_202512.csv,jumin_one_person_age_202512.csv
2025,2025-12,2823755000,인천광역시 부평구 부평5동,인천광역시,부평구,부평5동,pre_reform_code_preserved_district_not_reorganized,32936,7724,3204,not_calculated_source_aggregates_ages_60_to_69,16399,7371,44.9479,yes,2277,1033,not_calculated_source_aggregates_ages_60_to_69,jumin_population_age_202512.csv,jumin_households_size_202512.csv,jumin_one_person_age_202512.csv
2025,2025-12,2823756000,인천광역시 부평구 부평6동,인천광역시,부평구,부평6동,pre_reform_code_preserved_district_not_reorganized,19021,5166,2298,not_calculated_source_aggregates_ages_60_to_69,9269,3865,41.6981,yes,1352,632,not_calculated_source_aggregates_ages_60_to_69,jumin_population_age_202512.csv,jumin_households_size_202512.csv,jumin_one_person_age_202512.csv
2025,2025-12,2823757000,인천광역시 부평구 산곡1동,인천광역시,부평구,산곡1동,pre_reform_code_preserved_district_not_reorganized,14246,3651,1570,not_calculated_source_aggregates_ages_60_to_69,6268,1995,31.8283,yes,830,432,not_calculated_source_aggregates_ages_60_to_69,jumin_population_age_202512.csv,jumin_households_size_202512.csv,jumin_one_person_age_202512.csv
2025,2025-12,2823758000,인천광역시 부평구 산곡2동,인천광역시,부평구,산곡2동,pre_reform_code_preserved_district_not_reorganized,28670,7882,3239,not_calculated_source_aggregates_ages_60_to_69,10619,2057,19.3709,yes,1098,588,not_calculated_source_aggregates_ages_60_to_69,jumin_population_age_202512.csv,jumin_households_size_202512.csv,jumin_one_person_age_202512.csv
2025,2025-12,2823758100,인천광역시 부평구 산곡3동,인천광역시,부평구,산곡3동,pre_reform_code_preserved_district_not_reorganized,19717,7525,3567,not_calculated_source_aggregates_ages_60_to_69,8499,2691,31.6625,yes,1654,957,not_calculated_source_aggregates_ages_60_to_69,jumin_population_age_202512.csv,jumin_households_size_202512.csv,jumin_one_person_age_202512.csv
2025,2025-12,2823758200,인천광역시 부평구 산곡4동,인천광역시,부평구,산곡4동,pre_reform_code_preserved_district_not_reorganized,16240,5100,2220,not_calculated_source_aggregates_ages_60_to_69,6538,1724,26.3689,yes,906,539,not_calculated_source_aggregates_ages_60_to_69,jumin_population_age_202512.csv,jumin_households_size_202512.csv,jumin_one_person_age_202512.csv
2025,2025-12,2823759100,인천광역시 부평구 청천1동,인천광역시,부평구,청천1동,pre_reform_code_preserved_district_not_reorganized,22596,4437,1669,not_calculated_source_aggregates_ages_60_to_69,9653,2865,29.6799,yes,993,400,not_calculated_source_aggregates_ages_60_to_69,jumin_population_age_202512.csv,jumin_households_size_202512.csv,jumin_one_person_age_202512.csv
2025,2025-12,2823759200,인천광역시 부평구 청천2동,인천광역시,부평구,청천2동,pre_reform_code_preserved_district_not_reorganized,32543,9395,3776,not_calculated_source_aggregates_ages_60_to_69,14521,5021,34.5775,yes,2249,1068,not_calculated_source_aggregates_ages_60_to_69,jumin_population_age_202512.csv,jumin_households_size_202512.csv,jumin_one_person_age_202512.csv
2025,2025-12,2823764100,인천광역시 부평구 갈산1동,인천광역시,부평구,갈산1동,pre_reform_code_preserved_district_not_reorganized,14030,4598,1873,not_calculated_source_aggregates_ages_60_to_69,6646,2571,38.6849,yes,1081,529,not_calculated_source_aggregates_ages_60_to_69,jumin_population_age_202512.csv,jumin_households_size_202512.csv,jumin_one_person_age_202512.csv
2025,2025-12,2823764200,인천광역시 부평구 갈산2동,인천광역시,부평구,갈산2동,pre_reform_code_preserved_district_not_reorganized,17081,6298,2742,not_calculated_source_aggregates_ages_60_to_69,8042,3326,41.3579,yes,1792,938,not_calculated_source_aggregates_ages_60_to_69,jumin_population_age_202512.csv,jumin_households_size_202512.csv,jumin_one_person_age_202512.csv
2025,2025-12,2823764600,인천광역시 부평구 삼산1동,인천광역시,부평구,삼산1동,pre_reform_code_preserved_district_not_reorganized,31365,9270,3870,not_calculated_source_aggregates_ages_60_to_69,14052,5005,35.6177,yes,2843,1565,not_calculated_source_aggregates_ages_60_to_69,jumin_population_age_202512.csv,jumin_households_size_202512.csv,jumin_one_person_age_202512.csv
2025,2025-12,2823764800,인천광역시 부평구 삼산2동,인천광역시,부평구,삼산2동,pre_reform_code_preserved_district_not_reorganized,26893,6410,2575,not_calculated_source_aggregates_ages_60_to_69,10174,2263,22.2430,yes,1174,667,not_calculated_source_aggregates_ages_60_to_69,jumin_population_age_202512.csv,jumin_households_size_202512.csv,jumin_one_person_age_202512.csv
2025,2025-12,2823765000,인천광역시 부평구 부개1동,인천광역시,부평구,부개1동,pre_reform_code_preserved_district_not_reorganized,14780,5827,2811,not_calculated_source_aggregates_ages_60_to_69,7638,3543,46.3865,yes,1818,933,not_calculated_source_aggregates_ages_60_to_69,jumin_population_age_202512.csv,jumin_households_size_202512.csv,jumin_one_person_age_202512.csv
2025,2025-12,2823766000,인천광역시 부평구 부개2동,인천광역시,부평구,부개2동,pre_reform_code_preserved_district_not_reorganized,18796,5487,2390,not_calculated_source_aggregates_ages_60_to_69,8285,2786,33.6270,yes,1216,620,not_calculated_source_aggregates_ages_60_to_69,jumin_population_age_202512.csv,jumin_households_size_202512.csv,jumin_one_person_age_202512.csv
2025,2025-12,2823766100,인천광역시 부평구 부개3동,인천광역시,부평구,부개3동,pre_reform_code_preserved_district_not_reorganized,27343,8122,3185,not_calculated_source_aggregates_ages_60_to_69,12014,4023,33.4859,yes,1749,917,not_calculated_source_aggregates_ages_60_to_69,jumin_population_age_202512.csv,jumin_households_size_202512.csv,jumin_one_person_age_202512.csv
2025,2025-12,2823767000,인천광역시 부평구 일신동,인천광역시,부평구,일신동,pre_reform_code_preserved_district_not_reorganized,11213,3885,1685,not_calculated_source_aggregates_ages_60_to_69,4972,1687,33.9300,yes,783,416,not_calculated_source_aggregates_ages_60_to_69,jumin_population_age_202512.csv,jumin_households_size_202512.csv,jumin_one_person_age_202512.csv
2025,2025-12,2823768000,인천광역시 부평구 십정1동,인천광역시,부평구,십정1동,pre_reform_code_preserved_district_not_reorganized,23667,5956,2615,not_calculated_source_aggregates_ages_60_to_69,10789,3753,34.7854,yes,1605,827,not_calculated_source_aggregates_ages_60_to_69,jumin_population_age_202512.csv,jumin_households_size_202512.csv,jumin_one_person_age_202512.csv
2025,2025-12,2823769000,인천광역시 부평구 십정2동,인천광역시,부평구,십정2동,pre_reform_code_preserved_district_not_reorganized,20458,7703,3380,not_calculated_source_aggregates_ages_60_to_69,11170,5848,52.3545,yes,2803,1233,not_calculated_source_aggregates_ages_60_to_69,jumin_population_age_202512.csv,jumin_households_size_202512.csv,jumin_one_person_age_202512.csv
2025,2025-12,2824560100,인천광역시 계양구 효성1동,인천광역시,계양구,효성1동,pre_reform_code_preserved_district_not_reorganized,25617,8253,3219,not_calculated_source_aggregates_ages_60_to_69,11583,4042,34.8960,yes,1997,962,not_calculated_source_aggregates_ages_60_to_69,jumin_population_age_202512.csv,jumin_households_size_202512.csv,jumin_one_person_age_202512.csv
2025,2025-12,2824560200,인천광역시 계양구 효성2동,인천광역시,계양구,효성2동,pre_reform_code_preserved_district_not_reorganized,28987,9256,3461,not_calculated_source_aggregates_ages_60_to_69,12563,3857,30.7013,yes,1906,873,not_calculated_source_aggregates_ages_60_to_69,jumin_population_age_202512.csv,jumin_households_size_202512.csv,jumin_one_person_age_202512.csv
2025,2025-12,2824561100,인천광역시 계양구 계산1동,인천광역시,계양구,계산1동,pre_reform_code_preserved_district_not_reorganized,17247,6294,2510,not_calculated_source_aggregates_ages_60_to_69,9726,5372,55.2334,yes,2272,913,not_calculated_source_aggregates_ages_60_to_69,jumin_population_age_202512.csv,jumin_households_size_202512.csv,jumin_one_person_age_202512.csv
2025,2025-12,2824561200,인천광역시 계양구 계산2동,인천광역시,계양구,계산2동,pre_reform_code_preserved_district_not_reorganized,13855,5319,2096,not_calculated_source_aggregates_ages_60_to_69,7414,3763,50.7553,yes,1735,782,not_calculated_source_aggregates_ages_60_to_69,jumin_population_age_202512.csv,jumin_households_size_202512.csv,jumin_one_person_age_202512.csv
2025,2025-12,2824561300,인천광역시 계양구 계산3동,인천광역시,계양구,계산3동,pre_reform_code_preserved_district_not_reorganized,17001,5526,1813,not_calculated_source_aggregates_ages_60_to_69,8382,3521,42.0067,yes,1419,585,not_calculated_source_aggregates_ages_60_to_69,jumin_population_age_202512.csv,jumin_households_size_202512.csv,jumin_one_person_age_202512.csv
2025,2025-12,2824561400,인천광역시 계양구 계산4동,인천광역시,계양구,계산4동,pre_reform_code_preserved_district_not_reorganized,22065,5730,1725,not_calculated_source_aggregates_ages_60_to_69,9326,3363,36.0605,yes,1139,565,not_calculated_source_aggregates_ages_60_to_69,jumin_population_age_202512.csv,jumin_households_size_202512.csv,jumin_one_person_age_202512.csv
2025,2025-12,2824562100,인천광역시 계양구 작전1동,인천광역시,계양구,작전1동,pre_reform_code_preserved_district_not_reorganized,25432,7570,2791,not_calculated_source_aggregates_ages_60_to_69,11073,3622,32.7102,yes,1648,765,not_calculated_source_aggregates_ages_60_to_69,jumin_population_age_202512.csv,jumin_households_size_202512.csv,jumin_one_person_age_202512.csv
2025,2025-12,2824562200,인천광역시 계양구 작전2동,인천광역시,계양구,작전2동,pre_reform_code_preserved_district_not_reorganized,23508,7273,2776,not_calculated_source_aggregates_ages_60_to_69,11030,4205,38.1233,yes,1947,889,not_calculated_source_aggregates_ages_60_to_69,jumin_population_age_202512.csv,jumin_households_size_202512.csv,jumin_one_person_age_202512.csv
2025,2025-12,2824564000,인천광역시 계양구 작전서운동,인천광역시,계양구,작전서운동,pre_reform_code_preserved_district_not_reorganized,31942,8164,2841,not_calculated_source_aggregates_ages_60_to_69,13910,4753,34.1697,yes,1939,913,not_calculated_source_aggregates_ages_60_to_69,jumin_population_age_202512.csv,jumin_households_size_202512.csv,jumin_one_person_age_202512.csv
2025,2025-12,2824571000,인천광역시 계양구 계양1동,인천광역시,계양구,계양1동,pre_reform_code_preserved_district_not_reorganized,18595,6201,2502,not_calculated_source_aggregates_ages_60_to_69,8190,2772,33.8462,yes,1385,674,not_calculated_source_aggregates_ages_60_to_69,jumin_population_age_202512.csv,jumin_households_size_202512.csv,jumin_one_person_age_202512.csv
2025,2025-12,2824572000,인천광역시 계양구 계양2동,인천광역시,계양구,계양2동,pre_reform_code_preserved_district_not_reorganized,30484,10202,4129,not_calculated_source_aggregates_ages_60_to_69,15686,7361,46.9272,yes,3480,1705,not_calculated_source_aggregates_ages_60_to_69,jumin_population_age_202512.csv,jumin_households_size_202512.csv,jumin_one_person_age_202512.csv
2025,2025-12,2824573000,인천광역시 계양구 계양3동,인천광역시,계양구,계양3동,pre_reform_code_preserved_district_not_reorganized,22988,5867,2378,not_calculated_source_aggregates_ages_60_to_69,9692,2983,30.7780,yes,1302,592,not_calculated_source_aggregates_ages_60_to_69,jumin_population_age_202512.csv,jumin_households_size_202512.csv,jumin_one_person_age_202512.csv
2025,2025-12,2826051500,인천광역시 서구 검암경서동,인천광역시,서구,검암경서동,requires_2026_07_01_reform_crosswalk,42800,8658,3276,not_calculated_source_aggregates_ages_60_to_69,19747,7848,39.7427,yes,1897,809,not_calculated_source_aggregates_ages_60_to_69,jumin_population_age_202512.csv,jumin_households_size_202512.csv,jumin_one_person_age_202512.csv
2025,2025-12,2826053000,인천광역시 서구 연희동,인천광역시,서구,연희동,requires_2026_07_01_reform_crosswalk,36256,11679,4699,not_calculated_source_aggregates_ages_60_to_69,18319,8476,46.2689,yes,3725,1763,not_calculated_source_aggregates_ages_60_to_69,jumin_population_age_202512.csv,jumin_households_size_202512.csv,jumin_one_person_age_202512.csv
2025,2025-12,2826053600,인천광역시 서구 청라1동,인천광역시,서구,청라1동,requires_2026_07_01_reform_crosswalk,30461,4031,1410,not_calculated_source_aggregates_ages_60_to_69,12036,3626,30.1263,yes,577,271,not_calculated_source_aggregates_ages_60_to_69,jumin_population_age_202512.csv,jumin_households_size_202512.csv,jumin_one_person_age_202512.csv
2025,2025-12,2826053700,인천광역시 서구 청라2동,인천광역시,서구,청라2동,requires_2026_07_01_reform_crosswalk,47739,7396,2467,not_calculated_source_aggregates_ages_60_to_69,18211,4990,27.4010,yes,990,436,not_calculated_source_aggregates_ages_60_to_69,jumin_population_age_202512.csv,jumin_households_size_202512.csv,jumin_one_person_age_202512.csv
2025,2025-12,2826053900,인천광역시 서구 청라3동,인천광역시,서구,청라3동,requires_2026_07_01_reform_crosswalk,36422,4554,1320,not_calculated_source_aggregates_ages_60_to_69,14388,4611,32.0475,yes,487,165,not_calculated_source_aggregates_ages_60_to_69,jumin_population_age_202512.csv,jumin_households_size_202512.csv,jumin_one_person_age_202512.csv
2025,2025-12,2826054200,인천광역시 서구 가정1동,인천광역시,서구,가정1동,requires_2026_07_01_reform_crosswalk,41283,8302,3147,not_calculated_source_aggregates_ages_60_to_69,17512,5922,33.8168,yes,2370,1071,not_calculated_source_aggregates_ages_60_to_69,jumin_population_age_202512.csv,jumin_households_size_202512.csv,jumin_one_person_age_202512.csv
2025,2025-12,2826054300,인천광역시 서구 가정2동,인천광역시,서구,가정2동,requires_2026_07_01_reform_crosswalk,17050,3043,880,not_calculated_source_aggregates_ages_60_to_69,7121,2152,30.2205,yes,601,202,not_calculated_source_aggregates_ages_60_to_69,jumin_population_age_202512.csv,jumin_households_size_202512.csv,jumin_one_person_age_202512.csv
2025,2025-12,2826054400,인천광역시 서구 가정3동,인천광역시,서구,가정3동,requires_2026_07_01_reform_crosswalk,8372,2827,961,not_calculated_source_aggregates_ages_60_to_69,4109,1749,42.5651,yes,745,316,not_calculated_source_aggregates_ages_60_to_69,jumin_population_age_202512.csv,jumin_households_size_202512.csv,jumin_one_person_age_202512.csv
2025,2025-12,2826055000,인천광역시 서구 석남1동,인천광역시,서구,석남1동,requires_2026_07_01_reform_crosswalk,19684,6994,2822,not_calculated_source_aggregates_ages_60_to_69,10301,4932,47.8788,yes,2223,972,not_calculated_source_aggregates_ages_60_to_69,jumin_population_age_202512.csv,jumin_households_size_202512.csv,jumin_one_person_age_202512.csv
2025,2025-12,2826056000,인천광역시 서구 석남2동,인천광역시,서구,석남2동,requires_2026_07_01_reform_crosswalk,11691,4424,1930,not_calculated_source_aggregates_ages_60_to_69,5784,2432,42.0470,yes,1205,551,not_calculated_source_aggregates_ages_60_to_69,jumin_population_age_202512.csv,jumin_households_size_202512.csv,jumin_one_person_age_202512.csv
2025,2025-12,2826056100,인천광역시 서구 석남3동,인천광역시,서구,석남3동,requires_2026_07_01_reform_crosswalk,13066,4384,1775,not_calculated_source_aggregates_ages_60_to_69,6692,3009,44.9641,yes,1403,659,not_calculated_source_aggregates_ages_60_to_69,jumin_population_age_202512.csv,jumin_households_size_202512.csv,jumin_one_person_age_202512.csv
2025,2025-12,2826057500,인천광역시 서구 신현원창동,인천광역시,서구,신현원창동,requires_2026_07_01_reform_crosswalk,28730,8373,3094,not_calculated_source_aggregates_ages_60_to_69,12418,4085,32.8958,yes,1852,779,not_calculated_source_aggregates_ages_60_to_69,jumin_population_age_202512.csv,jumin_households_size_202512.csv,jumin_one_person_age_202512.csv
2025,2025-12,2826058000,인천광역시 서구 가좌1동,인천광역시,서구,가좌1동,requires_2026_07_01_reform_crosswalk,12354,3928,1637,not_calculated_source_aggregates_ages_60_to_69,6606,3181,48.1532,yes,1371,614,not_calculated_source_aggregates_ages_60_to_69,jumin_population_age_202512.csv,jumin_households_size_202512.csv,jumin_one_person_age_202512.csv
2025,2025-12,2826059000,인천광역시 서구 가좌2동,인천광역시,서구,가좌2동,requires_2026_07_01_reform_crosswalk,18029,5885,2322,not_calculated_source_aggregates_ages_60_to_69,7497,2114,28.1979,yes,1161,607,not_calculated_source_aggregates_ages_60_to_69,jumin_population_age_202512.csv,jumin_households_size_202512.csv,jumin_one_person_age_202512.csv
2025,2025-12,2826060000,인천광역시 서구 가좌3동,인천광역시,서구,가좌3동,requires_2026_07_01_reform_crosswalk,14982,5701,2504,not_calculated_source_aggregates_ages_60_to_69,7900,3700,46.8354,yes,1732,851,not_calculated_source_aggregates_ages_60_to_69,jumin_population_age_202512.csv,jumin_households_size_202512.csv,jumin_one_person_age_202512.csv
2025,2025-12,2826061000,인천광역시 서구 가좌4동,인천광역시,서구,가좌4동,requires_2026_07_01_reform_crosswalk,12101,3844,1535,not_calculated_source_aggregates_ages_60_to_69,5764,2228,38.6537,yes,1059,487,not_calculated_source_aggregates_ages_60_to_69,jumin_population_age_202512.csv,jumin_households_size_202512.csv,jumin_one_person_age_202512.csv
2025,2025-12,2826068000,인천광역시 서구 검단동,인천광역시,서구,검단동,requires_2026_07_01_reform_crosswalk,32116,7906,3069,not_calculated_source_aggregates_ages_60_to_69,15361,6701,43.6235,yes,2262,997,not_calculated_source_aggregates_ages_60_to_69,jumin_population_age_202512.csv,jumin_households_size_202512.csv,jumin_one_person_age_202512.csv
2025,2025-12,2826069000,인천광역시 서구 불로대곡동,인천광역시,서구,불로대곡동,requires_2026_07_01_reform_crosswalk,43088,7369,3159,not_calculated_source_aggregates_ages_60_to_69,16596,4168,25.1145,yes,1466,759,not_calculated_source_aggregates_ages_60_to_69,jumin_population_age_202512.csv,jumin_households_size_202512.csv,jumin_one_person_age_202512.csv
2025,2025-12,2826070000,인천광역시 서구 원당동,인천광역시,서구,원당동,requires_2026_07_01_reform_crosswalk,22395,4322,1996,not_calculated_source_aggregates_ages_60_to_69,9797,3674,37.5013,yes,1101,601,not_calculated_source_aggregates_ages_60_to_69,jumin_population_age_202512.csv,jumin_households_size_202512.csv,jumin_one_person_age_202512.csv
2025,2025-12,2826071000,인천광역시 서구 당하동,인천광역시,서구,당하동,requires_2026_07_01_reform_crosswalk,42973,8649,3386,not_calculated_source_aggregates_ages_60_to_69,18629,6298,33.8075,yes,2020,934,not_calculated_source_aggregates_ages_60_to_69,jumin_population_age_202512.csv,jumin_households_size_202512.csv,jumin_one_person_age_202512.csv
2025,2025-12,2826072000,인천광역시 서구 오류왕길동,인천광역시,서구,오류왕길동,requires_2026_07_01_reform_crosswalk,25242,6563,2580,not_calculated_source_aggregates_ages_60_to_69,10639,3465,32.5689,yes,1512,714,not_calculated_source_aggregates_ages_60_to_69,jumin_population_age_202512.csv,jumin_households_size_202512.csv,jumin_one_person_age_202512.csv
2025,2025-12,2826073000,인천광역시 서구 마전동,인천광역시,서구,마전동,requires_2026_07_01_reform_crosswalk,21136,4638,1903,not_calculated_source_aggregates_ages_60_to_69,8154,2180,26.7353,yes,761,407,not_calculated_source_aggregates_ages_60_to_69,jumin_population_age_202512.csv,jumin_households_size_202512.csv,jumin_one_person_age_202512.csv
2025,2025-12,2826075000,인천광역시 서구 아라1동,인천광역시,서구,아라1동,requires_2026_07_01_reform_crosswalk,45584,4643,1671,not_calculated_source_aggregates_ages_60_to_69,17610,4284,24.3271,yes,973,465,not_calculated_source_aggregates_ages_60_to_69,jumin_population_age_202512.csv,jumin_households_size_202512.csv,jumin_one_person_age_202512.csv
2025,2025-12,2826076000,인천광역시 서구 아라2동,인천광역시,서구,아라2동,requires_2026_07_01_reform_crosswalk,30804,3430,1215,not_calculated_source_aggregates_ages_60_to_69,10911,2007,18.3943,yes,622,281,not_calculated_source_aggregates_ages_60_to_69,jumin_population_age_202512.csv,jumin_households_size_202512.csv,jumin_one_person_age_202512.csv
2025,2025-12,2871025000,인천광역시 강화군 강화읍,인천광역시,강화군,강화읍,pre_reform_code_preserved_district_not_reorganized,21510,8755,4689,not_calculated_source_aggregates_ages_60_to_69,10587,4639,43.8179,yes,2737,1555,not_calculated_source_aggregates_ages_60_to_69,jumin_population_age_202512.csv,jumin_households_size_202512.csv,jumin_one_person_age_202512.csv
2025,2025-12,2871031000,인천광역시 강화군 선원면,인천광역시,강화군,선원면,pre_reform_code_preserved_district_not_reorganized,10028,4103,1970,not_calculated_source_aggregates_ages_60_to_69,4732,1806,38.1657,yes,1035,534,not_calculated_source_aggregates_ages_60_to_69,jumin_population_age_202512.csv,jumin_households_size_202512.csv,jumin_one_person_age_202512.csv
2025,2025-12,2871032000,인천광역시 강화군 불은면,인천광역시,강화군,불은면,pre_reform_code_preserved_district_not_reorganized,4978,3042,1654,not_calculated_source_aggregates_ages_60_to_69,2788,1378,49.4261,yes,984,569,not_calculated_source_aggregates_ages_60_to_69,jumin_population_age_202512.csv,jumin_households_size_202512.csv,jumin_one_person_age_202512.csv
2025,2025-12,2871033000,인천광역시 강화군 길상면,인천광역시,강화군,길상면,pre_reform_code_preserved_district_not_reorganized,7236,3976,1922,not_calculated_source_aggregates_ages_60_to_69,3773,1721,45.6136,yes,1116,528,not_calculated_source_aggregates_ages_60_to_69,jumin_population_age_202512.csv,jumin_households_size_202512.csv,jumin_one_person_age_202512.csv
2025,2025-12,2871034000,인천광역시 강화군 화도면,인천광역시,강화군,화도면,pre_reform_code_preserved_district_not_reorganized,4495,2737,1503,not_calculated_source_aggregates_ages_60_to_69,2489,1228,49.3371,yes,834,449,not_calculated_source_aggregates_ages_60_to_69,jumin_population_age_202512.csv,jumin_households_size_202512.csv,jumin_one_person_age_202512.csv
2025,2025-12,2871035000,인천광역시 강화군 양도면,인천광역시,강화군,양도면,pre_reform_code_preserved_district_not_reorganized,4184,2565,1402,not_calculated_source_aggregates_ages_60_to_69,2209,988,44.7261,yes,698,407,not_calculated_source_aggregates_ages_60_to_69,jumin_population_age_202512.csv,jumin_households_size_202512.csv,jumin_one_person_age_202512.csv
2025,2025-12,2871036000,인천광역시 강화군 내가면,인천광역시,강화군,내가면,pre_reform_code_preserved_district_not_reorganized,2900,1847,1030,not_calculated_source_aggregates_ages_60_to_69,1622,788,48.5820,yes,564,348,not_calculated_source_aggregates_ages_60_to_69,jumin_population_age_202512.csv,jumin_households_size_202512.csv,jumin_one_person_age_202512.csv
2025,2025-12,2871037000,인천광역시 강화군 하점면,인천광역시,강화군,하점면,pre_reform_code_preserved_district_not_reorganized,3976,2564,1505,not_calculated_source_aggregates_ages_60_to_69,2115,1005,47.5177,yes,734,456,not_calculated_source_aggregates_ages_60_to_69,jumin_population_age_202512.csv,jumin_households_size_202512.csv,jumin_one_person_age_202512.csv
2025,2025-12,2871038000,인천광역시 강화군 양사면,인천광역시,강화군,양사면,pre_reform_code_preserved_district_not_reorganized,1930,1223,723,not_calculated_source_aggregates_ages_60_to_69,1059,519,49.0085,yes,377,235,not_calculated_source_aggregates_ages_60_to_69,jumin_population_age_202512.csv,jumin_households_size_202512.csv,jumin_one_person_age_202512.csv
2025,2025-12,2871039000,인천광역시 강화군 송해면,인천광역시,강화군,송해면,pre_reform_code_preserved_district_not_reorganized,3194,1898,1101,not_calculated_source_aggregates_ages_60_to_69,1664,716,43.0288,yes,524,311,not_calculated_source_aggregates_ages_60_to_69,jumin_population_age_202512.csv,jumin_households_size_202512.csv,jumin_one_person_age_202512.csv
2025,2025-12,2871040000,인천광역시 강화군 교동면,인천광역시,강화군,교동면,pre_reform_code_preserved_district_not_reorganized,2616,1788,1036,not_calculated_source_aggregates_ages_60_to_69,1503,744,49.5010,yes,557,349,not_calculated_source_aggregates_ages_60_to_69,jumin_population_age_202512.csv,jumin_households_size_202512.csv,jumin_one_person_age_202512.csv
2025,2025-12,2871041000,인천광역시 강화군 삼산면,인천광역시,강화군,삼산면,pre_reform_code_preserved_district_not_reorganized,2010,1313,739,not_calculated_source_aggregates_ages_60_to_69,1182,628,53.1303,yes,429,239,not_calculated_source_aggregates_ages_60_to_69,jumin_population_age_202512.csv,jumin_households_size_202512.csv,jumin_one_person_age_202512.csv
2025,2025-12,2871042000,인천광역시 강화군 서도면,인천광역시,강화군,서도면,pre_reform_code_preserved_district_not_reorganized,365,243,147,not_calculated_source_aggregates_ages_60_to_69,222,126,56.7568,yes,93,56,not_calculated_source_aggregates_ages_60_to_69,jumin_population_age_202512.csv,jumin_households_size_202512.csv,jumin_one_person_age_202512.csv
2025,2025-12,2871042500,인천광역시 강화군 서도면볼음출장소,인천광역시,강화군,서도면볼음출장소,pre_reform_code_preserved_district_not_reorganized,276,208,106,not_calculated_source_aggregates_ages_60_to_69,185,115,62.1622,yes,90,50,not_calculated_source_aggregates_ages_60_to_69,jumin_population_age_202512.csv,jumin_households_size_202512.csv,jumin_one_person_age_202512.csv
2025,2025-12,2872031000,인천광역시 옹진군 북도면,인천광역시,옹진군,북도면,pre_reform_code_preserved_district_not_reorganized,1155,696,354,not_calculated_source_aggregates_ages_60_to_69,686,389,56.7055,yes,252,137,not_calculated_source_aggregates_ages_60_to_69,jumin_population_age_202512.csv,jumin_households_size_202512.csv,jumin_one_person_age_202512.csv
2025,2025-12,2872031500,인천광역시 옹진군 북도면장봉출장소,인천광역시,옹진군,북도면장봉출장소,pre_reform_code_preserved_district_not_reorganized,950,577,290,not_calculated_source_aggregates_ages_60_to_69,553,313,56.6004,yes,196,93,not_calculated_source_aggregates_ages_60_to_69,jumin_population_age_202512.csv,jumin_households_size_202512.csv,jumin_one_person_age_202512.csv
2025,2025-12,2872033000,인천광역시 옹진군 백령면,인천광역시,옹진군,백령면,pre_reform_code_preserved_district_not_reorganized,4562,1709,856,not_calculated_source_aggregates_ages_60_to_69,2840,1821,64.1197,yes,599,324,not_calculated_source_aggregates_ages_60_to_69,jumin_population_age_202512.csv,jumin_households_size_202512.csv,jumin_one_person_age_202512.csv
2025,2025-12,2872034000,인천광역시 옹진군 대청면,인천광역시,옹진군,대청면,pre_reform_code_preserved_district_not_reorganized,1168,563,293,not_calculated_source_aggregates_ages_60_to_69,763,504,66.0550,yes,212,116,not_calculated_source_aggregates_ages_60_to_69,jumin_population_age_202512.csv,jumin_households_size_202512.csv,jumin_one_person_age_202512.csv
2025,2025-12,2872034500,인천광역시 옹진군 대청면소청출장소,인천광역시,옹진군,대청면소청출장소,pre_reform_code_preserved_district_not_reorganized,235,137,76,not_calculated_source_aggregates_ages_60_to_69,185,141,76.2162,yes,65,39,not_calculated_source_aggregates_ages_60_to_69,jumin_population_age_202512.csv,jumin_households_size_202512.csv,jumin_one_person_age_202512.csv
2025,2025-12,2872035000,인천광역시 옹진군 덕적면,인천광역시,옹진군,덕적면,pre_reform_code_preserved_district_not_reorganized,1882,1213,654,not_calculated_source_aggregates_ages_60_to_69,1249,796,63.7310,yes,530,278,not_calculated_source_aggregates_ages_60_to_69,jumin_population_age_202512.csv,jumin_households_size_202512.csv,jumin_one_person_age_202512.csv
2025,2025-12,2872036000,인천광역시 옹진군 영흥면,인천광역시,옹진군,영흥면,pre_reform_code_preserved_district_not_reorganized,6483,3050,1405,not_calculated_source_aggregates_ages_60_to_69,3825,2201,57.5425,yes,1165,499,not_calculated_source_aggregates_ages_60_to_69,jumin_population_age_202512.csv,jumin_households_size_202512.csv,jumin_one_person_age_202512.csv
2025,2025-12,2872037000,인천광역시 옹진군 자월면,인천광역시,옹진군,자월면,pre_reform_code_preserved_district_not_reorganized,938,578,306,not_calculated_source_aggregates_ages_60_to_69,607,378,62.2735,yes,235,137,not_calculated_source_aggregates_ages_60_to_69,jumin_population_age_202512.csv,jumin_households_size_202512.csv,jumin_one_person_age_202512.csv
2025,2025-12,2872037500,인천광역시 옹진군 자월면이작출장소,인천광역시,옹진군,자월면이작출장소,pre_reform_code_preserved_district_not_reorganized,362,229,118,not_calculated_source_aggregates_ages_60_to_69,224,128,57.1429,yes,95,49,not_calculated_source_aggregates_ages_60_to_69,jumin_population_age_202512.csv,jumin_households_size_202512.csv,jumin_one_person_age_202512.csv
2025,2025-12,2872038000,인천광역시 옹진군 연평면,인천광역시,옹진군,연평면,pre_reform_code_preserved_district_not_reorganized,1901,662,284,not_calculated_source_aggregates_ages_60_to_69,1403,1080,76.9779,yes,340,134,not_calculated_source_aggregates_ages_60_to_69,jumin_population_age_202512.csv,jumin_households_size_202512.csv,jumin_one_person_age_202512.csv
