reference_year,reference_period,source_admin_code,source_admin_name,source_sido_name,source_sigungu_name,source_eupmyeondong_name,harmonization_status,population_total,population_male,population_female,population_age_60_plus_exact,population_age_70_plus_exact,population_age_60_plus_share_pct,population_age_70_plus_share_pct,population_age_65_plus_status,source_file
2021,2021-12,2811052000,인천광역시 중구 연안동,인천광역시,중구,연안동,requires_2026_07_01_reform_crosswalk,6145,3326,2819,2357,992,38.3564,16.1432,not_calculated_source_aggregates_ages_60_to_69,jumin_population_age_202112.csv
2021,2021-12,2811053000,인천광역시 중구 신포동,인천광역시,중구,신포동,requires_2026_07_01_reform_crosswalk,5086,2595,2491,1827,973,35.9221,19.1309,not_calculated_source_aggregates_ages_60_to_69,jumin_population_age_202112.csv
2021,2021-12,2811054000,인천광역시 중구 신흥동,인천광역시,중구,신흥동,requires_2026_07_01_reform_crosswalk,13241,6734,6507,3916,1795,29.5748,13.5564,not_calculated_source_aggregates_ages_60_to_69,jumin_population_age_202112.csv
2021,2021-12,2811056000,인천광역시 중구 도원동,인천광역시,중구,도원동,requires_2026_07_01_reform_crosswalk,3925,2001,1924,1566,793,39.8981,20.2038,not_calculated_source_aggregates_ages_60_to_69,jumin_population_age_202112.csv
2021,2021-12,2811057000,인천광역시 중구 율목동,인천광역시,중구,율목동,requires_2026_07_01_reform_crosswalk,3192,1644,1548,1268,641,39.7243,20.0815,not_calculated_source_aggregates_ages_60_to_69,jumin_population_age_202112.csv
2021,2021-12,2811058500,인천광역시 중구 동인천동,인천광역시,중구,동인천동,requires_2026_07_01_reform_crosswalk,5818,3083,2735,2303,1171,39.5840,20.1272,not_calculated_source_aggregates_ages_60_to_69,jumin_population_age_202112.csv
2021,2021-12,2811061500,인천광역시 중구 개항동,인천광역시,중구,개항동,requires_2026_07_01_reform_crosswalk,7022,3518,3504,2741,1357,39.0345,19.3250,not_calculated_source_aggregates_ages_60_to_69,jumin_population_age_202112.csv
2021,2021-12,2811062000,인천광역시 중구 영종동,인천광역시,중구,영종동,requires_2026_07_01_reform_crosswalk,19131,10455,8676,4481,1703,23.4227,8.9018,not_calculated_source_aggregates_ages_60_to_69,jumin_population_age_202112.csv
2021,2021-12,2811062200,인천광역시 중구 영종1동,인천광역시,중구,영종1동,requires_2026_07_01_reform_crosswalk,44046,22118,21928,5040,1956,11.4426,4.4408,not_calculated_source_aggregates_ages_60_to_69,jumin_population_age_202112.csv
2021,2021-12,2811062800,인천광역시 중구 운서동,인천광역시,중구,운서동,requires_2026_07_01_reform_crosswalk,32080,17008,15072,3988,1866,12.4314,5.8167,not_calculated_source_aggregates_ages_60_to_69,jumin_population_age_202112.csv
2021,2021-12,2811063000,인천광역시 중구 용유동,인천광역시,중구,용유동,requires_2026_07_01_reform_crosswalk,3947,2197,1750,1943,867,49.2273,21.9661,not_calculated_source_aggregates_ages_60_to_69,jumin_population_age_202112.csv
2021,2021-12,2814051000,인천광역시 동구 만석동,인천광역시,동구,만석동,requires_2026_07_01_reform_crosswalk,6940,3580,3360,2118,985,30.5187,14.1931,not_calculated_source_aggregates_ages_60_to_69,jumin_population_age_202112.csv
2021,2021-12,2814052500,인천광역시 동구 화수1.화평동,인천광역시,동구,화수1.화평동,requires_2026_07_01_reform_crosswalk,5929,3019,2910,2223,1134,37.4937,19.1263,not_calculated_source_aggregates_ages_60_to_69,jumin_population_age_202112.csv
2021,2021-12,2814053000,인천광역시 동구 화수2동,인천광역시,동구,화수2동,requires_2026_07_01_reform_crosswalk,7597,3727,3870,2868,1484,37.7517,19.5340,not_calculated_source_aggregates_ages_60_to_69,jumin_population_age_202112.csv
2021,2021-12,2814055500,인천광역시 동구 송현1.2동,인천광역시,동구,송현1.2동,requires_2026_07_01_reform_crosswalk,10394,5080,5314,2968,1381,28.5549,13.2865,not_calculated_source_aggregates_ages_60_to_69,jumin_population_age_202112.csv
2021,2021-12,2814057000,인천광역시 동구 송현3동,인천광역시,동구,송현3동,requires_2026_07_01_reform_crosswalk,3561,1846,1715,1470,724,41.2805,20.3314,not_calculated_source_aggregates_ages_60_to_69,jumin_population_age_202112.csv
2021,2021-12,2814058000,인천광역시 동구 송림1동,인천광역시,동구,송림1동,requires_2026_07_01_reform_crosswalk,1571,764,807,614,313,39.0834,19.9236,not_calculated_source_aggregates_ages_60_to_69,jumin_population_age_202112.csv
2021,2021-12,2814059000,인천광역시 동구 송림2동,인천광역시,동구,송림2동,requires_2026_07_01_reform_crosswalk,2722,1403,1319,1262,661,46.3630,24.2836,not_calculated_source_aggregates_ages_60_to_69,jumin_population_age_202112.csv
2021,2021-12,2814060500,인천광역시 동구 송림3.5동,인천광역시,동구,송림3.5동,requires_2026_07_01_reform_crosswalk,7529,3850,3679,2493,1218,33.1120,16.1774,not_calculated_source_aggregates_ages_60_to_69,jumin_population_age_202112.csv
2021,2021-12,2814061000,인천광역시 동구 송림4동,인천광역시,동구,송림4동,requires_2026_07_01_reform_crosswalk,6132,3176,2956,1199,467,19.5532,7.6158,not_calculated_source_aggregates_ages_60_to_69,jumin_population_age_202112.csv
2021,2021-12,2814063000,인천광역시 동구 송림6동,인천광역시,동구,송림6동,requires_2026_07_01_reform_crosswalk,6203,3105,3098,1820,845,29.3406,13.6224,not_calculated_source_aggregates_ages_60_to_69,jumin_population_age_202112.csv
2021,2021-12,2814064000,인천광역시 동구 금창동,인천광역시,동구,금창동,requires_2026_07_01_reform_crosswalk,2908,1448,1460,1291,717,44.3948,24.6561,not_calculated_source_aggregates_ages_60_to_69,jumin_population_age_202112.csv
2021,2021-12,2817751000,인천광역시 미추홀구 숭의2동,인천광역시,미추홀구,숭의2동,pre_reform_code_preserved_district_not_reorganized,14726,7424,7302,4057,1927,27.5499,13.0857,not_calculated_source_aggregates_ages_60_to_69,jumin_population_age_202112.csv
2021,2021-12,2817752000,인천광역시 미추홀구 숭의1.3동,인천광역시,미추홀구,숭의1.3동,pre_reform_code_preserved_district_not_reorganized,13855,6900,6955,3284,1521,23.7026,10.9780,not_calculated_source_aggregates_ages_60_to_69,jumin_population_age_202112.csv
2021,2021-12,2817753000,인천광역시 미추홀구 숭의4동,인천광역시,미추홀구,숭의4동,pre_reform_code_preserved_district_not_reorganized,16409,8237,8172,4718,2195,28.7525,13.3768,not_calculated_source_aggregates_ages_60_to_69,jumin_population_age_202112.csv
2021,2021-12,2817754000,인천광역시 미추홀구 용현1.4동,인천광역시,미추홀구,용현1.4동,pre_reform_code_preserved_district_not_reorganized,17411,9471,7940,5345,2649,30.6990,15.2145,not_calculated_source_aggregates_ages_60_to_69,jumin_population_age_202112.csv
2021,2021-12,2817755000,인천광역시 미추홀구 용현2동,인천광역시,미추홀구,용현2동,pre_reform_code_preserved_district_not_reorganized,17948,9006,8942,4668,2191,26.0085,12.2075,not_calculated_source_aggregates_ages_60_to_69,jumin_population_age_202112.csv
2021,2021-12,2817756000,인천광역시 미추홀구 용현3동,인천광역시,미추홀구,용현3동,pre_reform_code_preserved_district_not_reorganized,7642,4051,3591,2848,1421,37.2677,18.5946,not_calculated_source_aggregates_ages_60_to_69,jumin_population_age_202112.csv
2021,2021-12,2817757000,인천광역시 미추홀구 용현5동,인천광역시,미추홀구,용현5동,pre_reform_code_preserved_district_not_reorganized,47690,23646,24044,9862,4130,20.6794,8.6601,not_calculated_source_aggregates_ages_60_to_69,jumin_population_age_202112.csv
2021,2021-12,2817758000,인천광역시 미추홀구 학익1동,인천광역시,미추홀구,학익1동,pre_reform_code_preserved_district_not_reorganized,32105,15995,16110,7544,3157,23.4979,9.8334,not_calculated_source_aggregates_ages_60_to_69,jumin_population_age_202112.csv
2021,2021-12,2817759000,인천광역시 미추홀구 학익2동,인천광역시,미추홀구,학익2동,pre_reform_code_preserved_district_not_reorganized,18265,8956,9309,5257,2449,28.7818,13.4082,not_calculated_source_aggregates_ages_60_to_69,jumin_population_age_202112.csv
2021,2021-12,2817760000,인천광역시 미추홀구 도화1동,인천광역시,미추홀구,도화1동,pre_reform_code_preserved_district_not_reorganized,23296,11636,11660,6053,2731,25.9830,11.7230,not_calculated_source_aggregates_ages_60_to_69,jumin_population_age_202112.csv
2021,2021-12,2817761000,인천광역시 미추홀구 도화2.3동,인천광역시,미추홀구,도화2.3동,pre_reform_code_preserved_district_not_reorganized,33023,16792,16231,7440,3030,22.5298,9.1754,not_calculated_source_aggregates_ages_60_to_69,jumin_population_age_202112.csv
2021,2021-12,2817762000,인천광역시 미추홀구 주안1동,인천광역시,미추홀구,주안1동,pre_reform_code_preserved_district_not_reorganized,20533,10784,9749,3757,1406,18.2974,6.8475,not_calculated_source_aggregates_ages_60_to_69,jumin_population_age_202112.csv
2021,2021-12,2817763000,인천광역시 미추홀구 주안2동,인천광역시,미추홀구,주안2동,pre_reform_code_preserved_district_not_reorganized,16785,8460,8325,5363,2493,31.9511,14.8525,not_calculated_source_aggregates_ages_60_to_69,jumin_population_age_202112.csv
2021,2021-12,2817764000,인천광역시 미추홀구 주안3동,인천광역시,미추홀구,주안3동,pre_reform_code_preserved_district_not_reorganized,8762,4459,4303,2813,1339,32.1045,15.2819,not_calculated_source_aggregates_ages_60_to_69,jumin_population_age_202112.csv
2021,2021-12,2817765000,인천광역시 미추홀구 주안4동,인천광역시,미추홀구,주안4동,pre_reform_code_preserved_district_not_reorganized,13460,6752,6708,4968,2417,36.9094,17.9569,not_calculated_source_aggregates_ages_60_to_69,jumin_population_age_202112.csv
2021,2021-12,2817766000,인천광역시 미추홀구 주안5동,인천광역시,미추홀구,주안5동,pre_reform_code_preserved_district_not_reorganized,20674,10358,10316,5581,2446,26.9953,11.8313,not_calculated_source_aggregates_ages_60_to_69,jumin_population_age_202112.csv
2021,2021-12,2817767000,인천광역시 미추홀구 주안6동,인천광역시,미추홀구,주안6동,pre_reform_code_preserved_district_not_reorganized,21988,10978,11010,5181,2220,23.5629,10.0964,not_calculated_source_aggregates_ages_60_to_69,jumin_population_age_202112.csv
2021,2021-12,2817768000,인천광역시 미추홀구 주안7동,인천광역시,미추홀구,주안7동,pre_reform_code_preserved_district_not_reorganized,12524,6094,6430,4334,1984,34.6056,15.8416,not_calculated_source_aggregates_ages_60_to_69,jumin_population_age_202112.csv
2021,2021-12,2817769000,인천광역시 미추홀구 주안8동,인천광역시,미추홀구,주안8동,pre_reform_code_preserved_district_not_reorganized,20995,10240,10755,5819,2476,27.7161,11.7933,not_calculated_source_aggregates_ages_60_to_69,jumin_population_age_202112.csv
2021,2021-12,2817770000,인천광역시 미추홀구 관교동,인천광역시,미추홀구,관교동,pre_reform_code_preserved_district_not_reorganized,15123,7387,7736,4330,1786,28.6319,11.8098,not_calculated_source_aggregates_ages_60_to_69,jumin_population_age_202112.csv
2021,2021-12,2817771000,인천광역시 미추홀구 문학동,인천광역시,미추홀구,문학동,pre_reform_code_preserved_district_not_reorganized,14250,7657,6593,2977,1217,20.8912,8.5404,not_calculated_source_aggregates_ages_60_to_69,jumin_population_age_202112.csv
2021,2021-12,2818563000,인천광역시 연수구 옥련1동,인천광역시,연수구,옥련1동,pre_reform_code_preserved_district_not_reorganized,19332,9569,9763,4741,2083,24.5241,10.7749,not_calculated_source_aggregates_ages_60_to_69,jumin_population_age_202112.csv
2021,2021-12,2818564000,인천광역시 연수구 옥련2동,인천광역시,연수구,옥련2동,pre_reform_code_preserved_district_not_reorganized,20365,10043,10322,4544,1852,22.3128,9.0940,not_calculated_source_aggregates_ages_60_to_69,jumin_population_age_202112.csv
2021,2021-12,2818575000,인천광역시 연수구 선학동,인천광역시,연수구,선학동,pre_reform_code_preserved_district_not_reorganized,17176,8888,8288,5129,1962,29.8614,11.4229,not_calculated_source_aggregates_ages_60_to_69,jumin_population_age_202112.csv
2021,2021-12,2818576100,인천광역시 연수구 연수1동,인천광역시,연수구,연수1동,pre_reform_code_preserved_district_not_reorganized,19404,10624,8780,4570,1765,23.5518,9.0961,not_calculated_source_aggregates_ages_60_to_69,jumin_population_age_202112.csv
2021,2021-12,2818576200,인천광역시 연수구 연수2동,인천광역시,연수구,연수2동,pre_reform_code_preserved_district_not_reorganized,21168,10402,10766,5036,1992,23.7906,9.4104,not_calculated_source_aggregates_ages_60_to_69,jumin_population_age_202112.csv
2021,2021-12,2818576300,인천광역시 연수구 연수3동,인천광역시,연수구,연수3동,pre_reform_code_preserved_district_not_reorganized,16112,7645,8467,4717,2041,29.2763,12.6676,not_calculated_source_aggregates_ages_60_to_69,jumin_population_age_202112.csv
2021,2021-12,2818576600,인천광역시 연수구 청학동,인천광역시,연수구,청학동,pre_reform_code_preserved_district_not_reorganized,24815,12866,11949,6971,2822,28.0919,11.3722,not_calculated_source_aggregates_ages_60_to_69,jumin_population_age_202112.csv
2021,2021-12,2818578000,인천광역시 연수구 동춘1동,인천광역시,연수구,동춘1동,pre_reform_code_preserved_district_not_reorganized,25462,12522,12940,4765,1501,18.7142,5.8951,not_calculated_source_aggregates_ages_60_to_69,jumin_population_age_202112.csv
2021,2021-12,2818579000,인천광역시 연수구 동춘2동,인천광역시,연수구,동춘2동,pre_reform_code_preserved_district_not_reorganized,18328,8899,9429,3733,1345,20.3677,7.3385,not_calculated_source_aggregates_ages_60_to_69,jumin_population_age_202112.csv
2021,2021-12,2818579500,인천광역시 연수구 동춘3동,인천광역시,연수구,동춘3동,pre_reform_code_preserved_district_not_reorganized,18558,9027,9531,3494,1362,18.8275,7.3392,not_calculated_source_aggregates_ages_60_to_69,jumin_population_age_202112.csv
2021,2021-12,2818582000,인천광역시 연수구 송도1동,인천광역시,연수구,송도1동,pre_reform_code_preserved_district_not_reorganized,37659,18448,19211,5606,1870,14.8862,4.9656,not_calculated_source_aggregates_ages_60_to_69,jumin_population_age_202112.csv
2021,2021-12,2818583000,인천광역시 연수구 송도2동,인천광역시,연수구,송도2동,pre_reform_code_preserved_district_not_reorganized,36729,18030,18699,3607,1171,9.8206,3.1882,not_calculated_source_aggregates_ages_60_to_69,jumin_population_age_202112.csv
2021,2021-12,2818584000,인천광역시 연수구 송도3동,인천광역시,연수구,송도3동,pre_reform_code_preserved_district_not_reorganized,49052,24053,24999,4787,1540,9.7590,3.1395,not_calculated_source_aggregates_ages_60_to_69,jumin_population_age_202112.csv
2021,2021-12,2818585000,인천광역시 연수구 송도4동,인천광역시,연수구,송도4동,pre_reform_code_preserved_district_not_reorganized,25468,12603,12865,2501,721,9.8202,2.8310,not_calculated_source_aggregates_ages_60_to_69,jumin_population_age_202112.csv
2021,2021-12,2818586000,인천광역시 연수구 송도5동,인천광역시,연수구,송도5동,pre_reform_code_preserved_district_not_reorganized,40016,19798,20218,3867,965,9.6636,2.4115,not_calculated_source_aggregates_ages_60_to_69,jumin_population_age_202112.csv
2021,2021-12,2820051000,인천광역시 남동구 구월1동,인천광역시,남동구,구월1동,pre_reform_code_preserved_district_not_reorganized,31445,15295,16150,6428,2406,20.4420,7.6515,not_calculated_source_aggregates_ages_60_to_69,jumin_population_age_202112.csv
2021,2021-12,2820052000,인천광역시 남동구 구월2동,인천광역시,남동구,구월2동,pre_reform_code_preserved_district_not_reorganized,35508,17473,18035,6926,2555,19.5055,7.1956,not_calculated_source_aggregates_ages_60_to_69,jumin_population_age_202112.csv
2021,2021-12,2820052100,인천광역시 남동구 구월3동,인천광역시,남동구,구월3동,pre_reform_code_preserved_district_not_reorganized,30158,15049,15109,5167,2000,17.1331,6.6317,not_calculated_source_aggregates_ages_60_to_69,jumin_population_age_202112.csv
2021,2021-12,2820052200,인천광역시 남동구 구월4동,인천광역시,남동구,구월4동,pre_reform_code_preserved_district_not_reorganized,14630,7391,7239,4376,1893,29.9111,12.9392,not_calculated_source_aggregates_ages_60_to_69,jumin_population_age_202112.csv
2021,2021-12,2820053000,인천광역시 남동구 간석1동,인천광역시,남동구,간석1동,pre_reform_code_preserved_district_not_reorganized,21199,10457,10742,5882,2631,27.7466,12.4110,not_calculated_source_aggregates_ages_60_to_69,jumin_population_age_202112.csv
2021,2021-12,2820054000,인천광역시 남동구 간석2동,인천광역시,남동구,간석2동,pre_reform_code_preserved_district_not_reorganized,21965,10963,11002,5353,2264,24.3706,10.3073,not_calculated_source_aggregates_ages_60_to_69,jumin_population_age_202112.csv
2021,2021-12,2820055000,인천광역시 남동구 간석3동,인천광역시,남동구,간석3동,pre_reform_code_preserved_district_not_reorganized,27576,13738,13838,7382,3041,26.7697,11.0277,not_calculated_source_aggregates_ages_60_to_69,jumin_population_age_202112.csv
2021,2021-12,2820055100,인천광역시 남동구 간석4동,인천광역시,남동구,간석4동,pre_reform_code_preserved_district_not_reorganized,29093,14529,14564,7171,2857,24.6485,9.8202,not_calculated_source_aggregates_ages_60_to_69,jumin_population_age_202112.csv
2021,2021-12,2820056000,인천광역시 남동구 만수1동,인천광역시,남동구,만수1동,pre_reform_code_preserved_district_not_reorganized,17128,8359,8769,5395,2438,31.4981,14.2340,not_calculated_source_aggregates_ages_60_to_69,jumin_population_age_202112.csv
2021,2021-12,2820057000,인천광역시 남동구 만수2동,인천광역시,남동구,만수2동,pre_reform_code_preserved_district_not_reorganized,24289,11903,12386,5911,2291,24.3361,9.4323,not_calculated_source_aggregates_ages_60_to_69,jumin_population_age_202112.csv
2021,2021-12,2820058000,인천광역시 남동구 만수3동,인천광역시,남동구,만수3동,pre_reform_code_preserved_district_not_reorganized,17709,8959,8750,4262,1642,24.0669,9.2721,not_calculated_source_aggregates_ages_60_to_69,jumin_population_age_202112.csv
2021,2021-12,2820058100,인천광역시 남동구 만수4동,인천광역시,남동구,만수4동,pre_reform_code_preserved_district_not_reorganized,21056,10283,10773,5470,2172,25.9783,10.3153,not_calculated_source_aggregates_ages_60_to_69,jumin_population_age_202112.csv
2021,2021-12,2820058200,인천광역시 남동구 만수5동,인천광역시,남동구,만수5동,pre_reform_code_preserved_district_not_reorganized,15307,7624,7683,4994,2158,32.6256,14.0981,not_calculated_source_aggregates_ages_60_to_69,jumin_population_age_202112.csv
2021,2021-12,2820058300,인천광역시 남동구 만수6동,인천광역시,남동구,만수6동,pre_reform_code_preserved_district_not_reorganized,24342,11809,12533,6488,2672,26.6535,10.9769,not_calculated_source_aggregates_ages_60_to_69,jumin_population_age_202112.csv
2021,2021-12,2820065000,인천광역시 남동구 장수서창동,인천광역시,남동구,장수서창동,pre_reform_code_preserved_district_not_reorganized,19919,9921,9998,5012,1903,25.1619,9.5537,not_calculated_source_aggregates_ages_60_to_69,jumin_population_age_202112.csv
2021,2021-12,2820065500,인천광역시 남동구 서창2동,인천광역시,남동구,서창2동,pre_reform_code_preserved_district_not_reorganized,39527,19636,19891,6711,2346,16.9783,5.9352,not_calculated_source_aggregates_ages_60_to_69,jumin_population_age_202112.csv
2021,2021-12,2820066000,인천광역시 남동구 남촌도림동,인천광역시,남동구,남촌도림동,pre_reform_code_preserved_district_not_reorganized,21097,10822,10275,5581,2222,26.4540,10.5323,not_calculated_source_aggregates_ages_60_to_69,jumin_population_age_202112.csv
2021,2021-12,2820069000,인천광역시 남동구 논현1동,인천광역시,남동구,논현1동,pre_reform_code_preserved_district_not_reorganized,32014,16151,15863,6208,2354,19.3915,7.3530,not_calculated_source_aggregates_ages_60_to_69,jumin_population_age_202112.csv
2021,2021-12,2820070000,인천광역시 남동구 논현2동,인천광역시,남동구,논현2동,pre_reform_code_preserved_district_not_reorganized,32974,16670,16304,7043,2993,21.3593,9.0768,not_calculated_source_aggregates_ages_60_to_69,jumin_population_age_202112.csv
2021,2021-12,2820071000,인천광역시 남동구 논현고잔동,인천광역시,남동구,논현고잔동,pre_reform_code_preserved_district_not_reorganized,41336,20436,20900,6085,2201,14.7208,5.3247,not_calculated_source_aggregates_ages_60_to_69,jumin_population_age_202112.csv
2021,2021-12,2823751000,인천광역시 부평구 부평1동,인천광역시,부평구,부평1동,pre_reform_code_preserved_district_not_reorganized,36682,17662,19020,8372,3482,22.8232,9.4924,not_calculated_source_aggregates_ages_60_to_69,jumin_population_age_202112.csv
2021,2021-12,2823752000,인천광역시 부평구 부평2동,인천광역시,부평구,부평2동,pre_reform_code_preserved_district_not_reorganized,14921,7441,7480,4027,1798,26.9888,12.0501,not_calculated_source_aggregates_ages_60_to_69,jumin_population_age_202112.csv
2021,2021-12,2823753000,인천광역시 부평구 부평3동,인천광역시,부평구,부평3동,pre_reform_code_preserved_district_not_reorganized,12746,6353,6393,3974,1792,31.1784,14.0593,not_calculated_source_aggregates_ages_60_to_69,jumin_population_age_202112.csv
2021,2021-12,2823754000,인천광역시 부평구 부평4동,인천광역시,부평구,부평4동,pre_reform_code_preserved_district_not_reorganized,36983,18276,18707,8010,3317,21.6586,8.9690,not_calculated_source_aggregates_ages_60_to_69,jumin_population_age_202112.csv
2021,2021-12,2823755000,인천광역시 부평구 부평5동,인천광역시,부평구,부평5동,pre_reform_code_preserved_district_not_reorganized,31745,15644,16101,6316,2562,19.8960,8.0706,not_calculated_source_aggregates_ages_60_to_69,jumin_population_age_202112.csv
2021,2021-12,2823756000,인천광역시 부평구 부평6동,인천광역시,부평구,부평6동,pre_reform_code_preserved_district_not_reorganized,14975,7375,7600,3848,1606,25.6962,10.7245,not_calculated_source_aggregates_ages_60_to_69,jumin_population_age_202112.csv
2021,2021-12,2823757000,인천광역시 부평구 산곡1동,인천광역시,부평구,산곡1동,pre_reform_code_preserved_district_not_reorganized,11697,5892,5805,3627,1525,31.0080,13.0375,not_calculated_source_aggregates_ages_60_to_69,jumin_population_age_202112.csv
2021,2021-12,2823758000,인천광역시 부평구 산곡2동,인천광역시,부평구,산곡2동,pre_reform_code_preserved_district_not_reorganized,31200,15363,15837,6629,2522,21.2468,8.0833,not_calculated_source_aggregates_ages_60_to_69,jumin_population_age_202112.csv
2021,2021-12,2823758100,인천광역시 부평구 산곡3동,인천광역시,부평구,산곡3동,pre_reform_code_preserved_district_not_reorganized,22079,10713,11366,6902,3132,31.2605,14.1854,not_calculated_source_aggregates_ages_60_to_69,jumin_population_age_202112.csv
2021,2021-12,2823758200,인천광역시 부평구 산곡4동,인천광역시,부평구,산곡4동,pre_reform_code_preserved_district_not_reorganized,17762,8489,9273,4302,1755,24.2202,9.8806,not_calculated_source_aggregates_ages_60_to_69,jumin_population_age_202112.csv
2021,2021-12,2823759100,인천광역시 부평구 청천1동,인천광역시,부평구,청천1동,pre_reform_code_preserved_district_not_reorganized,6913,3709,3204,1959,744,28.3379,10.7623,not_calculated_source_aggregates_ages_60_to_69,jumin_population_age_202112.csv
2021,2021-12,2823759200,인천광역시 부평구 청천2동,인천광역시,부평구,청천2동,pre_reform_code_preserved_district_not_reorganized,35302,17630,17672,7934,3015,22.4746,8.5406,not_calculated_source_aggregates_ages_60_to_69,jumin_population_age_202112.csv
2021,2021-12,2823764100,인천광역시 부평구 갈산1동,인천광역시,부평구,갈산1동,pre_reform_code_preserved_district_not_reorganized,16570,8399,8171,4136,1589,24.9608,9.5896,not_calculated_source_aggregates_ages_60_to_69,jumin_population_age_202112.csv
2021,2021-12,2823764200,인천광역시 부평구 갈산2동,인천광역시,부평구,갈산2동,pre_reform_code_preserved_district_not_reorganized,18724,9088,9636,5417,2141,28.9308,11.4345,not_calculated_source_aggregates_ages_60_to_69,jumin_population_age_202112.csv
2021,2021-12,2823764600,인천광역시 부평구 삼산1동,인천광역시,부평구,삼산1동,pre_reform_code_preserved_district_not_reorganized,33290,16284,17006,7745,3124,23.2652,9.3842,not_calculated_source_aggregates_ages_60_to_69,jumin_population_age_202112.csv
2021,2021-12,2823764800,인천광역시 부평구 삼산2동,인천광역시,부평구,삼산2동,pre_reform_code_preserved_district_not_reorganized,28818,13953,14865,5073,1978,17.6036,6.8638,not_calculated_source_aggregates_ages_60_to_69,jumin_population_age_202112.csv
2021,2021-12,2823765000,인천광역시 부평구 부개1동,인천광역시,부평구,부개1동,pre_reform_code_preserved_district_not_reorganized,16165,8115,8050,5238,2245,32.4033,13.8880,not_calculated_source_aggregates_ages_60_to_69,jumin_population_age_202112.csv
2021,2021-12,2823766000,인천광역시 부평구 부개2동,인천광역시,부평구,부개2동,pre_reform_code_preserved_district_not_reorganized,20059,9814,10245,4623,1861,23.0470,9.2776,not_calculated_source_aggregates_ages_60_to_69,jumin_population_age_202112.csv
2021,2021-12,2823766100,인천광역시 부평구 부개3동,인천광역시,부평구,부개3동,pre_reform_code_preserved_district_not_reorganized,30754,14788,15966,6553,2558,21.3078,8.3176,not_calculated_source_aggregates_ages_60_to_69,jumin_population_age_202112.csv
2021,2021-12,2823767000,인천광역시 부평구 일신동,인천광역시,부평구,일신동,pre_reform_code_preserved_district_not_reorganized,12565,6412,6153,3388,1268,26.9638,10.0915,not_calculated_source_aggregates_ages_60_to_69,jumin_population_age_202112.csv
2021,2021-12,2823768000,인천광역시 부평구 십정1동,인천광역시,부평구,십정1동,pre_reform_code_preserved_district_not_reorganized,13933,7072,6861,3972,1696,28.5079,12.1725,not_calculated_source_aggregates_ages_60_to_69,jumin_population_age_202112.csv
2021,2021-12,2823769000,인천광역시 부평구 십정2동,인천광역시,부평구,십정2동,pre_reform_code_preserved_district_not_reorganized,22882,11876,11006,6797,2733,29.7046,11.9439,not_calculated_source_aggregates_ages_60_to_69,jumin_population_age_202112.csv
2021,2021-12,2824560100,인천광역시 계양구 효성1동,인천광역시,계양구,효성1동,pre_reform_code_preserved_district_not_reorganized,27361,13726,13635,7015,2579,25.6387,9.4258,not_calculated_source_aggregates_ages_60_to_69,jumin_population_age_202112.csv
2021,2021-12,2824560200,인천광역시 계양구 효성2동,인천광역시,계양구,효성2동,pre_reform_code_preserved_district_not_reorganized,28995,14677,14318,7133,2589,24.6008,8.9291,not_calculated_source_aggregates_ages_60_to_69,jumin_population_age_202112.csv
2021,2021-12,2824561100,인천광역시 계양구 계산1동,인천광역시,계양구,계산1동,pre_reform_code_preserved_district_not_reorganized,19230,10138,9092,5355,1983,27.8471,10.3120,not_calculated_source_aggregates_ages_60_to_69,jumin_population_age_202112.csv
2021,2021-12,2824561200,인천광역시 계양구 계산2동,인천광역시,계양구,계산2동,pre_reform_code_preserved_district_not_reorganized,15790,7852,7938,4525,1583,28.6574,10.0253,not_calculated_source_aggregates_ages_60_to_69,jumin_population_age_202112.csv
2021,2021-12,2824561300,인천광역시 계양구 계산3동,인천광역시,계양구,계산3동,pre_reform_code_preserved_district_not_reorganized,19091,9143,9948,4353,1308,22.8013,6.8514,not_calculated_source_aggregates_ages_60_to_69,jumin_population_age_202112.csv
2021,2021-12,2824561400,인천광역시 계양구 계산4동,인천광역시,계양구,계산4동,pre_reform_code_preserved_district_not_reorganized,23166,11697,11469,4056,1275,17.5084,5.5038,not_calculated_source_aggregates_ages_60_to_69,jumin_population_age_202112.csv
2021,2021-12,2824562100,인천광역시 계양구 작전1동,인천광역시,계양구,작전1동,pre_reform_code_preserved_district_not_reorganized,27815,13633,14182,6197,2141,22.2793,7.6973,not_calculated_source_aggregates_ages_60_to_69,jumin_population_age_202112.csv
2021,2021-12,2824562200,인천광역시 계양구 작전2동,인천광역시,계양구,작전2동,pre_reform_code_preserved_district_not_reorganized,19816,9783,10033,5370,1993,27.0993,10.0575,not_calculated_source_aggregates_ages_60_to_69,jumin_population_age_202112.csv
2021,2021-12,2824564000,인천광역시 계양구 작전서운동,인천광역시,계양구,작전서운동,pre_reform_code_preserved_district_not_reorganized,34996,17424,17572,6147,2202,17.5649,6.2921,not_calculated_source_aggregates_ages_60_to_69,jumin_population_age_202112.csv
2021,2021-12,2824571000,인천광역시 계양구 계양1동,인천광역시,계양구,계양1동,pre_reform_code_preserved_district_not_reorganized,20887,10342,10545,5238,2065,25.0778,9.8865,not_calculated_source_aggregates_ages_60_to_69,jumin_population_age_202112.csv
2021,2021-12,2824572000,인천광역시 계양구 계양2동,인천광역시,계양구,계양2동,pre_reform_code_preserved_district_not_reorganized,33090,16355,16735,8248,3381,24.9260,10.2176,not_calculated_source_aggregates_ages_60_to_69,jumin_population_age_202112.csv
2021,2021-12,2824573000,인천광역시 계양구 계양3동,인천광역시,계양구,계양3동,pre_reform_code_preserved_district_not_reorganized,25459,12546,12913,4830,1795,18.9717,7.0506,not_calculated_source_aggregates_ages_60_to_69,jumin_population_age_202112.csv
2021,2021-12,2826051500,인천광역시 서구 검암경서동,인천광역시,서구,검암경서동,requires_2026_07_01_reform_crosswalk,45483,23207,22276,6989,2553,15.3662,5.6131,not_calculated_source_aggregates_ages_60_to_69,jumin_population_age_202112.csv
2021,2021-12,2826053000,인천광역시 서구 연희동,인천광역시,서구,연희동,requires_2026_07_01_reform_crosswalk,40677,20729,19948,9504,3696,23.3646,9.0862,not_calculated_source_aggregates_ages_60_to_69,jumin_population_age_202112.csv
2021,2021-12,2826053600,인천광역시 서구 청라1동,인천광역시,서구,청라1동,requires_2026_07_01_reform_crosswalk,31513,15713,15800,3134,1042,9.9451,3.3066,not_calculated_source_aggregates_ages_60_to_69,jumin_population_age_202112.csv
2021,2021-12,2826053700,인천광역시 서구 청라2동,인천광역시,서구,청라2동,requires_2026_07_01_reform_crosswalk,48916,24270,24646,5572,1750,11.3910,3.5776,not_calculated_source_aggregates_ages_60_to_69,jumin_population_age_202112.csv
2021,2021-12,2826053900,인천광역시 서구 청라3동,인천광역시,서구,청라3동,requires_2026_07_01_reform_crosswalk,31609,15650,15959,3184,904,10.0731,2.8599,not_calculated_source_aggregates_ages_60_to_69,jumin_population_age_202112.csv
2021,2021-12,2826054200,인천광역시 서구 가정1동,인천광역시,서구,가정1동,requires_2026_07_01_reform_crosswalk,28007,14059,13948,5596,2028,19.9807,7.2410,not_calculated_source_aggregates_ages_60_to_69,jumin_population_age_202112.csv
2021,2021-12,2826054300,인천광역시 서구 가정2동,인천광역시,서구,가정2동,requires_2026_07_01_reform_crosswalk,6505,3393,3112,1582,457,24.3198,7.0254,not_calculated_source_aggregates_ages_60_to_69,jumin_population_age_202112.csv
2021,2021-12,2826054400,인천광역시 서구 가정3동,인천광역시,서구,가정3동,requires_2026_07_01_reform_crosswalk,9616,4811,4805,2408,792,25.0416,8.2363,not_calculated_source_aggregates_ages_60_to_69,jumin_population_age_202112.csv
2021,2021-12,2826055000,인천광역시 서구 석남1동,인천광역시,서구,석남1동,requires_2026_07_01_reform_crosswalk,22322,11493,10829,6128,2272,27.4527,10.1783,not_calculated_source_aggregates_ages_60_to_69,jumin_population_age_202112.csv
2021,2021-12,2826056000,인천광역시 서구 석남2동,인천광역시,서구,석남2동,requires_2026_07_01_reform_crosswalk,13044,6771,6273,3954,1563,30.3128,11.9825,not_calculated_source_aggregates_ages_60_to_69,jumin_population_age_202112.csv
2021,2021-12,2826056100,인천광역시 서구 석남3동,인천광역시,서구,석남3동,requires_2026_07_01_reform_crosswalk,13825,7011,6814,3709,1427,26.8282,10.3219,not_calculated_source_aggregates_ages_60_to_69,jumin_population_age_202112.csv
2021,2021-12,2826057500,인천광역시 서구 신현원창동,인천광역시,서구,신현원창동,requires_2026_07_01_reform_crosswalk,31643,15810,15833,7035,2330,22.2324,7.3634,not_calculated_source_aggregates_ages_60_to_69,jumin_population_age_202112.csv
2021,2021-12,2826058000,인천광역시 서구 가좌1동,인천광역시,서구,가좌1동,requires_2026_07_01_reform_crosswalk,12442,6615,5827,3280,1280,26.3623,10.2877,not_calculated_source_aggregates_ages_60_to_69,jumin_population_age_202112.csv
2021,2021-12,2826059000,인천광역시 서구 가좌2동,인천광역시,서구,가좌2동,requires_2026_07_01_reform_crosswalk,19994,9750,10244,4858,1727,24.2973,8.6376,not_calculated_source_aggregates_ages_60_to_69,jumin_population_age_202112.csv
2021,2021-12,2826060000,인천광역시 서구 가좌3동,인천광역시,서구,가좌3동,requires_2026_07_01_reform_crosswalk,16604,8446,8158,5031,1997,30.2999,12.0272,not_calculated_source_aggregates_ages_60_to_69,jumin_population_age_202112.csv
2021,2021-12,2826061000,인천광역시 서구 가좌4동,인천광역시,서구,가좌4동,requires_2026_07_01_reform_crosswalk,10502,5439,5063,2822,1045,26.8711,9.9505,not_calculated_source_aggregates_ages_60_to_69,jumin_population_age_202112.csv
2021,2021-12,2826068000,인천광역시 서구 검단동,인천광역시,서구,검단동,requires_2026_07_01_reform_crosswalk,32853,16973,15880,6244,2407,19.0059,7.3266,not_calculated_source_aggregates_ages_60_to_69,jumin_population_age_202112.csv
2021,2021-12,2826069000,인천광역시 서구 불로대곡동,인천광역시,서구,불로대곡동,requires_2026_07_01_reform_crosswalk,22596,11506,11090,4477,2073,19.8132,9.1742,not_calculated_source_aggregates_ages_60_to_69,jumin_population_age_202112.csv
2021,2021-12,2826070000,인천광역시 서구 원당동,인천광역시,서구,원당동,requires_2026_07_01_reform_crosswalk,23987,12143,11844,3418,1526,14.2494,6.3618,not_calculated_source_aggregates_ages_60_to_69,jumin_population_age_202112.csv
2021,2021-12,2826071000,인천광역시 서구 당하동,인천광역시,서구,당하동,requires_2026_07_01_reform_crosswalk,27799,13838,13961,3921,1485,14.1048,5.3419,not_calculated_source_aggregates_ages_60_to_69,jumin_population_age_202112.csv
2021,2021-12,2826072000,인천광역시 서구 오류왕길동,인천광역시,서구,오류왕길동,requires_2026_07_01_reform_crosswalk,25551,13022,12529,5070,1957,19.8427,7.6592,not_calculated_source_aggregates_ages_60_to_69,jumin_population_age_202112.csv
2021,2021-12,2826073000,인천광역시 서구 마전동,인천광역시,서구,마전동,requires_2026_07_01_reform_crosswalk,22801,11232,11569,3713,1538,16.2844,6.7453,not_calculated_source_aggregates_ages_60_to_69,jumin_population_age_202112.csv
2021,2021-12,2826074000,인천광역시 서구 아라동,인천광역시,서구,아라동,requires_2026_07_01_reform_crosswalk,17091,8517,8574,1481,501,8.6654,2.9314,not_calculated_source_aggregates_ages_60_to_69,jumin_population_age_202112.csv
2021,2021-12,2871025000,인천광역시 강화군 강화읍,인천광역시,강화군,강화읍,pre_reform_code_preserved_district_not_reorganized,22780,11250,11530,7897,4012,34.6664,17.6119,not_calculated_source_aggregates_ages_60_to_69,jumin_population_age_202112.csv
2021,2021-12,2871031000,인천광역시 강화군 선원면,인천광역시,강화군,선원면,pre_reform_code_preserved_district_not_reorganized,7959,3957,4002,3058,1495,38.4219,18.7838,not_calculated_source_aggregates_ages_60_to_69,jumin_population_age_202112.csv
2021,2021-12,2871032000,인천광역시 강화군 불은면,인천광역시,강화군,불은면,pre_reform_code_preserved_district_not_reorganized,4929,2473,2456,2709,1362,54.9604,27.6324,not_calculated_source_aggregates_ages_60_to_69,jumin_population_age_202112.csv
2021,2021-12,2871033000,인천광역시 강화군 길상면,인천광역시,강화군,길상면,pre_reform_code_preserved_district_not_reorganized,7197,3615,3582,3309,1518,45.9775,21.0921,not_calculated_source_aggregates_ages_60_to_69,jumin_population_age_202112.csv
2021,2021-12,2871034000,인천광역시 강화군 화도면,인천광역시,강화군,화도면,pre_reform_code_preserved_district_not_reorganized,4563,2314,2249,2489,1266,54.5474,27.7449,not_calculated_source_aggregates_ages_60_to_69,jumin_population_age_202112.csv
2021,2021-12,2871035000,인천광역시 강화군 양도면,인천광역시,강화군,양도면,pre_reform_code_preserved_district_not_reorganized,4301,2161,2140,2311,1243,53.7317,28.9003,not_calculated_source_aggregates_ages_60_to_69,jumin_population_age_202112.csv
2021,2021-12,2871036000,인천광역시 강화군 내가면,인천광역시,강화군,내가면,pre_reform_code_preserved_district_not_reorganized,3060,1499,1561,1782,959,58.2353,31.3399,not_calculated_source_aggregates_ages_60_to_69,jumin_population_age_202112.csv
2021,2021-12,2871037000,인천광역시 강화군 하점면,인천광역시,강화군,하점면,pre_reform_code_preserved_district_not_reorganized,4034,2065,1969,2349,1368,58.2300,33.9118,not_calculated_source_aggregates_ages_60_to_69,jumin_population_age_202112.csv
2021,2021-12,2871038000,인천광역시 강화군 양사면,인천광역시,강화군,양사면,pre_reform_code_preserved_district_not_reorganized,1885,932,953,1096,642,58.1432,34.0584,not_calculated_source_aggregates_ages_60_to_69,jumin_population_age_202112.csv
2021,2021-12,2871039000,인천광역시 강화군 송해면,인천광역시,강화군,송해면,pre_reform_code_preserved_district_not_reorganized,3289,1643,1646,1781,1026,54.1502,31.1949,not_calculated_source_aggregates_ages_60_to_69,jumin_population_age_202112.csv
2021,2021-12,2871040000,인천광역시 강화군 교동면,인천광역시,강화군,교동면,pre_reform_code_preserved_district_not_reorganized,2853,1472,1381,1707,1012,59.8318,35.4714,not_calculated_source_aggregates_ages_60_to_69,jumin_population_age_202112.csv
2021,2021-12,2871041000,인천광역시 강화군 삼산면,인천광역시,강화군,삼산면,pre_reform_code_preserved_district_not_reorganized,2192,1139,1053,1284,672,58.5766,30.6569,not_calculated_source_aggregates_ages_60_to_69,jumin_population_age_202112.csv
2021,2021-12,2871042000,인천광역시 강화군 서도면,인천광역시,강화군,서도면,pre_reform_code_preserved_district_not_reorganized,387,201,186,233,131,60.2067,33.8501,not_calculated_source_aggregates_ages_60_to_69,jumin_population_age_202112.csv
2021,2021-12,2871042500,인천광역시 강화군 서도면볼음출장소,인천광역시,강화군,서도면볼음출장소,pre_reform_code_preserved_district_not_reorganized,264,147,117,182,98,68.9394,37.1212,not_calculated_source_aggregates_ages_60_to_69,jumin_population_age_202112.csv
2021,2021-12,2872031000,인천광역시 옹진군 북도면,인천광역시,옹진군,북도면,pre_reform_code_preserved_district_not_reorganized,1166,610,556,624,264,53.5163,22.6415,not_calculated_source_aggregates_ages_60_to_69,jumin_population_age_202112.csv
2021,2021-12,2872031500,인천광역시 옹진군 북도면장봉출장소,인천광역시,옹진군,북도면장봉출장소,pre_reform_code_preserved_district_not_reorganized,985,525,460,515,241,52.2843,24.4670,not_calculated_source_aggregates_ages_60_to_69,jumin_population_age_202112.csv
2021,2021-12,2872033000,인천광역시 옹진군 백령면,인천광역시,옹진군,백령면,pre_reform_code_preserved_district_not_reorganized,4969,2927,2042,1553,736,31.2538,14.8118,not_calculated_source_aggregates_ages_60_to_69,jumin_population_age_202112.csv
2021,2021-12,2872034000,인천광역시 옹진군 대청면,인천광역시,옹진군,대청면,pre_reform_code_preserved_district_not_reorganized,1179,676,503,485,237,41.1366,20.1018,not_calculated_source_aggregates_ages_60_to_69,jumin_population_age_202112.csv
2021,2021-12,2872034500,인천광역시 옹진군 대청면소청출장소,인천광역시,옹진군,대청면소청출장소,pre_reform_code_preserved_district_not_reorganized,220,137,83,117,70,53.1818,31.8182,not_calculated_source_aggregates_ages_60_to_69,jumin_population_age_202112.csv
2021,2021-12,2872035000,인천광역시 옹진군 덕적면,인천광역시,옹진군,덕적면,pre_reform_code_preserved_district_not_reorganized,1894,1034,860,1043,548,55.0686,28.9335,not_calculated_source_aggregates_ages_60_to_69,jumin_population_age_202112.csv
2021,2021-12,2872036000,인천광역시 옹진군 영흥면,인천광역시,옹진군,영흥면,pre_reform_code_preserved_district_not_reorganized,6561,3671,2890,2593,1100,39.5214,16.7657,not_calculated_source_aggregates_ages_60_to_69,jumin_population_age_202112.csv
2021,2021-12,2872037000,인천광역시 옹진군 자월면,인천광역시,옹진군,자월면,pre_reform_code_preserved_district_not_reorganized,947,509,438,497,263,52.4815,27.7719,not_calculated_source_aggregates_ages_60_to_69,jumin_population_age_202112.csv
2021,2021-12,2872037500,인천광역시 옹진군 자월면이작출장소,인천광역시,옹진군,자월면이작출장소,pre_reform_code_preserved_district_not_reorganized,373,194,179,203,105,54.4236,28.1501,not_calculated_source_aggregates_ages_60_to_69,jumin_population_age_202112.csv
2021,2021-12,2872038000,인천광역시 옹진군 연평면,인천광역시,옹진군,연평면,pre_reform_code_preserved_district_not_reorganized,2048,1315,733,579,241,28.2715,11.7676,not_calculated_source_aggregates_ages_60_to_69,jumin_population_age_202112.csv
2022,2022-12,2811052000,인천광역시 중구 연안동,인천광역시,중구,연안동,requires_2026_07_01_reform_crosswalk,5775,3132,2643,2333,1009,40.3983,17.4719,not_calculated_source_aggregates_ages_60_to_69,jumin_population_age_202212.csv
2022,2022-12,2811053000,인천광역시 중구 신포동,인천광역시,중구,신포동,requires_2026_07_01_reform_crosswalk,4779,2405,2374,1729,951,36.1791,19.8996,not_calculated_source_aggregates_ages_60_to_69,jumin_population_age_202212.csv
2022,2022-12,2811054000,인천광역시 중구 신흥동,인천광역시,중구,신흥동,requires_2026_07_01_reform_crosswalk,13430,6817,6613,4044,1895,30.1117,14.1102,not_calculated_source_aggregates_ages_60_to_69,jumin_population_age_202212.csv
2022,2022-12,2811056000,인천광역시 중구 도원동,인천광역시,중구,도원동,requires_2026_07_01_reform_crosswalk,3959,2044,1915,1640,853,41.4246,21.5458,not_calculated_source_aggregates_ages_60_to_69,jumin_population_age_202212.csv
2022,2022-12,2811057000,인천광역시 중구 율목동,인천광역시,중구,율목동,requires_2026_07_01_reform_crosswalk,3082,1584,1498,1281,653,41.5639,21.1875,not_calculated_source_aggregates_ages_60_to_69,jumin_population_age_202212.csv
2022,2022-12,2811058500,인천광역시 중구 동인천동,인천광역시,중구,동인천동,requires_2026_07_01_reform_crosswalk,5626,2986,2640,2321,1196,41.2549,21.2584,not_calculated_source_aggregates_ages_60_to_69,jumin_population_age_202212.csv
2022,2022-12,2811061500,인천광역시 중구 개항동,인천광역시,중구,개항동,requires_2026_07_01_reform_crosswalk,7172,3597,3575,2790,1383,38.9013,19.2833,not_calculated_source_aggregates_ages_60_to_69,jumin_population_age_202212.csv
2022,2022-12,2811062000,인천광역시 중구 영종동,인천광역시,중구,영종동,requires_2026_07_01_reform_crosswalk,22378,12204,10174,4981,1884,22.2585,8.4190,not_calculated_source_aggregates_ages_60_to_69,jumin_population_age_202212.csv
2022,2022-12,2811062200,인천광역시 중구 영종1동,인천광역시,중구,영종1동,requires_2026_07_01_reform_crosswalk,46893,23451,23442,5825,2306,12.4219,4.9176,not_calculated_source_aggregates_ages_60_to_69,jumin_population_age_202212.csv
2022,2022-12,2811062800,인천광역시 중구 운서동,인천광역시,중구,운서동,requires_2026_07_01_reform_crosswalk,36098,19062,17036,4716,2111,13.0644,5.8480,not_calculated_source_aggregates_ages_60_to_69,jumin_population_age_202212.csv
2022,2022-12,2811063000,인천광역시 중구 용유동,인천광역시,중구,용유동,requires_2026_07_01_reform_crosswalk,3739,2077,1662,1927,878,51.5378,23.4822,not_calculated_source_aggregates_ages_60_to_69,jumin_population_age_202212.csv
2022,2022-12,2814051000,인천광역시 동구 만석동,인천광역시,동구,만석동,requires_2026_07_01_reform_crosswalk,6701,3462,3239,2219,1035,33.1145,15.4455,not_calculated_source_aggregates_ages_60_to_69,jumin_population_age_202212.csv
2022,2022-12,2814052500,인천광역시 동구 화수1.화평동,인천광역시,동구,화수1.화평동,requires_2026_07_01_reform_crosswalk,5794,2957,2837,2295,1214,39.6099,20.9527,not_calculated_source_aggregates_ages_60_to_69,jumin_population_age_202212.csv
2022,2022-12,2814053000,인천광역시 동구 화수2동,인천광역시,동구,화수2동,requires_2026_07_01_reform_crosswalk,7421,3657,3764,2994,1555,40.3450,20.9540,not_calculated_source_aggregates_ages_60_to_69,jumin_population_age_202212.csv
2022,2022-12,2814055500,인천광역시 동구 송현1.2동,인천광역시,동구,송현1.2동,requires_2026_07_01_reform_crosswalk,10096,4948,5148,3030,1458,30.0119,14.4414,not_calculated_source_aggregates_ages_60_to_69,jumin_population_age_202212.csv
2022,2022-12,2814057000,인천광역시 동구 송현3동,인천광역시,동구,송현3동,requires_2026_07_01_reform_crosswalk,3287,1697,1590,1432,729,43.5656,22.1783,not_calculated_source_aggregates_ages_60_to_69,jumin_population_age_202212.csv
2022,2022-12,2814058000,인천광역시 동구 송림1동,인천광역시,동구,송림1동,requires_2026_07_01_reform_crosswalk,3350,1625,1725,1002,494,29.9104,14.7463,not_calculated_source_aggregates_ages_60_to_69,jumin_population_age_202212.csv
2022,2022-12,2814059000,인천광역시 동구 송림2동,인천광역시,동구,송림2동,requires_2026_07_01_reform_crosswalk,2175,1133,1042,1095,589,50.3448,27.0805,not_calculated_source_aggregates_ages_60_to_69,jumin_population_age_202212.csv
2022,2022-12,2814060500,인천광역시 동구 송림3.5동,인천광역시,동구,송림3.5동,requires_2026_07_01_reform_crosswalk,5801,2914,2887,1801,893,31.0464,15.3939,not_calculated_source_aggregates_ages_60_to_69,jumin_population_age_202212.csv
2022,2022-12,2814061000,인천광역시 동구 송림4동,인천광역시,동구,송림4동,requires_2026_07_01_reform_crosswalk,6091,3135,2956,1251,501,20.5385,8.2253,not_calculated_source_aggregates_ages_60_to_69,jumin_population_age_202212.csv
2022,2022-12,2814063000,인천광역시 동구 송림6동,인천광역시,동구,송림6동,requires_2026_07_01_reform_crosswalk,5902,2962,2940,1830,869,31.0064,14.7238,not_calculated_source_aggregates_ages_60_to_69,jumin_population_age_202212.csv
2022,2022-12,2814064000,인천광역시 동구 금창동,인천광역시,동구,금창동,requires_2026_07_01_reform_crosswalk,2381,1201,1180,1122,643,47.1231,27.0055,not_calculated_source_aggregates_ages_60_to_69,jumin_population_age_202212.csv
2022,2022-12,2817751000,인천광역시 미추홀구 숭의2동,인천광역시,미추홀구,숭의2동,pre_reform_code_preserved_district_not_reorganized,14533,7334,7199,4178,1967,28.7484,13.5347,not_calculated_source_aggregates_ages_60_to_69,jumin_population_age_202212.csv
2022,2022-12,2817752000,인천광역시 미추홀구 숭의1.3동,인천광역시,미추홀구,숭의1.3동,pre_reform_code_preserved_district_not_reorganized,15959,7944,8015,3753,1670,23.5165,10.4643,not_calculated_source_aggregates_ages_60_to_69,jumin_population_age_202212.csv
2022,2022-12,2817753000,인천광역시 미추홀구 숭의4동,인천광역시,미추홀구,숭의4동,pre_reform_code_preserved_district_not_reorganized,15656,7833,7823,4669,2195,29.8224,14.0202,not_calculated_source_aggregates_ages_60_to_69,jumin_population_age_202212.csv
2022,2022-12,2817754000,인천광역시 미추홀구 용현1.4동,인천광역시,미추홀구,용현1.4동,pre_reform_code_preserved_district_not_reorganized,17602,9610,7992,5501,2749,31.2521,15.6175,not_calculated_source_aggregates_ages_60_to_69,jumin_population_age_202212.csv
2022,2022-12,2817755000,인천광역시 미추홀구 용현2동,인천광역시,미추홀구,용현2동,pre_reform_code_preserved_district_not_reorganized,17528,8724,8804,4740,2254,27.0424,12.8594,not_calculated_source_aggregates_ages_60_to_69,jumin_population_age_202212.csv
2022,2022-12,2817756000,인천광역시 미추홀구 용현3동,인천광역시,미추홀구,용현3동,pre_reform_code_preserved_district_not_reorganized,7456,3967,3489,2875,1441,38.5595,19.3267,not_calculated_source_aggregates_ages_60_to_69,jumin_population_age_202212.csv
2022,2022-12,2817757000,인천광역시 미추홀구 용현5동,인천광역시,미추홀구,용현5동,pre_reform_code_preserved_district_not_reorganized,46748,23180,23568,10318,4365,22.0715,9.3373,not_calculated_source_aggregates_ages_60_to_69,jumin_population_age_202212.csv
2022,2022-12,2817758000,인천광역시 미추홀구 학익1동,인천광역시,미추홀구,학익1동,pre_reform_code_preserved_district_not_reorganized,30382,15154,15228,7522,3178,24.7581,10.4601,not_calculated_source_aggregates_ages_60_to_69,jumin_population_age_202212.csv
2022,2022-12,2817759000,인천광역시 미추홀구 학익2동,인천광역시,미추홀구,학익2동,pre_reform_code_preserved_district_not_reorganized,18464,9021,9443,5611,2643,30.3889,14.3143,not_calculated_source_aggregates_ages_60_to_69,jumin_population_age_202212.csv
2022,2022-12,2817760000,인천광역시 미추홀구 도화1동,인천광역시,미추홀구,도화1동,pre_reform_code_preserved_district_not_reorganized,22221,11142,11079,6072,2797,27.3255,12.5872,not_calculated_source_aggregates_ages_60_to_69,jumin_population_age_202212.csv
2022,2022-12,2817761000,인천광역시 미추홀구 도화2.3동,인천광역시,미추홀구,도화2.3동,pre_reform_code_preserved_district_not_reorganized,32445,16464,15981,7682,3179,23.6770,9.7981,not_calculated_source_aggregates_ages_60_to_69,jumin_population_age_202212.csv
2022,2022-12,2817762000,인천광역시 미추홀구 주안1동,인천광역시,미추홀구,주안1동,pre_reform_code_preserved_district_not_reorganized,20848,10930,9918,3995,1508,19.1625,7.2333,not_calculated_source_aggregates_ages_60_to_69,jumin_population_age_202212.csv
2022,2022-12,2817763000,인천광역시 미추홀구 주안2동,인천광역시,미추홀구,주안2동,pre_reform_code_preserved_district_not_reorganized,16451,8304,8147,5504,2608,33.4569,15.8531,not_calculated_source_aggregates_ages_60_to_69,jumin_population_age_202212.csv
2022,2022-12,2817764000,인천광역시 미추홀구 주안3동,인천광역시,미추홀구,주안3동,pre_reform_code_preserved_district_not_reorganized,8569,4331,4238,2841,1364,33.1544,15.9178,not_calculated_source_aggregates_ages_60_to_69,jumin_population_age_202212.csv
2022,2022-12,2817765000,인천광역시 미추홀구 주안4동,인천광역시,미추홀구,주안4동,pre_reform_code_preserved_district_not_reorganized,17254,8559,8695,5378,2590,31.1696,15.0110,not_calculated_source_aggregates_ages_60_to_69,jumin_population_age_202212.csv
2022,2022-12,2817766000,인천광역시 미추홀구 주안5동,인천광역시,미추홀구,주안5동,pre_reform_code_preserved_district_not_reorganized,20522,10222,10300,5750,2549,28.0187,12.4208,not_calculated_source_aggregates_ages_60_to_69,jumin_population_age_202212.csv
2022,2022-12,2817767000,인천광역시 미추홀구 주안6동,인천광역시,미추홀구,주안6동,pre_reform_code_preserved_district_not_reorganized,21679,10817,10862,5491,2394,25.3287,11.0429,not_calculated_source_aggregates_ages_60_to_69,jumin_population_age_202212.csv
2022,2022-12,2817768000,인천광역시 미추홀구 주안7동,인천광역시,미추홀구,주안7동,pre_reform_code_preserved_district_not_reorganized,12239,5934,6305,4437,2086,36.2530,17.0439,not_calculated_source_aggregates_ages_60_to_69,jumin_population_age_202212.csv
2022,2022-12,2817769000,인천광역시 미추홀구 주안8동,인천광역시,미추홀구,주안8동,pre_reform_code_preserved_district_not_reorganized,20340,9907,10433,6042,2619,29.7050,12.8761,not_calculated_source_aggregates_ages_60_to_69,jumin_population_age_202212.csv
2022,2022-12,2817770000,인천광역시 미추홀구 관교동,인천광역시,미추홀구,관교동,pre_reform_code_preserved_district_not_reorganized,14680,7174,7506,4555,1937,31.0286,13.1948,not_calculated_source_aggregates_ages_60_to_69,jumin_population_age_202212.csv
2022,2022-12,2817771000,인천광역시 미추홀구 문학동,인천광역시,미추홀구,문학동,pre_reform_code_preserved_district_not_reorganized,14428,7803,6625,3189,1313,22.1029,9.1004,not_calculated_source_aggregates_ages_60_to_69,jumin_population_age_202212.csv
2022,2022-12,2818563000,인천광역시 연수구 옥련1동,인천광역시,연수구,옥련1동,pre_reform_code_preserved_district_not_reorganized,18877,9342,9535,5006,2158,26.5190,11.4319,not_calculated_source_aggregates_ages_60_to_69,jumin_population_age_202212.csv
2022,2022-12,2818564000,인천광역시 연수구 옥련2동,인천광역시,연수구,옥련2동,pre_reform_code_preserved_district_not_reorganized,19813,9775,10038,4806,1916,24.2568,9.6704,not_calculated_source_aggregates_ages_60_to_69,jumin_population_age_202212.csv
2022,2022-12,2818575000,인천광역시 연수구 선학동,인천광역시,연수구,선학동,pre_reform_code_preserved_district_not_reorganized,16674,8681,7993,5374,2065,32.2298,12.3846,not_calculated_source_aggregates_ages_60_to_69,jumin_population_age_202212.csv
2022,2022-12,2818576100,인천광역시 연수구 연수1동,인천광역시,연수구,연수1동,pre_reform_code_preserved_district_not_reorganized,18401,10096,8305,4744,1838,25.7812,9.9886,not_calculated_source_aggregates_ages_60_to_69,jumin_population_age_202212.csv
2022,2022-12,2818576200,인천광역시 연수구 연수2동,인천광역시,연수구,연수2동,pre_reform_code_preserved_district_not_reorganized,20610,10074,10536,5271,2059,25.5750,9.9903,not_calculated_source_aggregates_ages_60_to_69,jumin_population_age_202212.csv
2022,2022-12,2818576300,인천광역시 연수구 연수3동,인천광역시,연수구,연수3동,pre_reform_code_preserved_district_not_reorganized,15728,7503,8225,4886,2090,31.0656,13.2884,not_calculated_source_aggregates_ages_60_to_69,jumin_population_age_202212.csv
2022,2022-12,2818576600,인천광역시 연수구 청학동,인천광역시,연수구,청학동,pre_reform_code_preserved_district_not_reorganized,24246,12585,11661,7331,3006,30.2359,12.3979,not_calculated_source_aggregates_ages_60_to_69,jumin_population_age_202212.csv
2022,2022-12,2818578000,인천광역시 연수구 동춘1동,인천광역시,연수구,동춘1동,pre_reform_code_preserved_district_not_reorganized,25022,12315,12707,5079,1608,20.2981,6.4263,not_calculated_source_aggregates_ages_60_to_69,jumin_population_age_202212.csv
2022,2022-12,2818579000,인천광역시 연수구 동춘2동,인천광역시,연수구,동춘2동,pre_reform_code_preserved_district_not_reorganized,17969,8715,9254,4009,1418,22.3106,7.8914,not_calculated_source_aggregates_ages_60_to_69,jumin_population_age_202212.csv
2022,2022-12,2818579500,인천광역시 연수구 동춘3동,인천광역시,연수구,동춘3동,pre_reform_code_preserved_district_not_reorganized,18104,8784,9320,3676,1439,20.3049,7.9485,not_calculated_source_aggregates_ages_60_to_69,jumin_population_age_202212.csv
2022,2022-12,2818582000,인천광역시 연수구 송도1동,인천광역시,연수구,송도1동,pre_reform_code_preserved_district_not_reorganized,37909,18604,19305,5992,2028,15.8063,5.3497,not_calculated_source_aggregates_ages_60_to_69,jumin_population_age_202212.csv
2022,2022-12,2818583000,인천광역시 연수구 송도2동,인천광역시,연수구,송도2동,pre_reform_code_preserved_district_not_reorganized,36476,17918,18558,3958,1261,10.8510,3.4571,not_calculated_source_aggregates_ages_60_to_69,jumin_population_age_202212.csv
2022,2022-12,2818584000,인천광역시 연수구 송도3동,인천광역시,연수구,송도3동,pre_reform_code_preserved_district_not_reorganized,48738,23849,24889,5200,1641,10.6693,3.3670,not_calculated_source_aggregates_ages_60_to_69,jumin_population_age_202212.csv
2022,2022-12,2818585000,인천광역시 연수구 송도4동,인천광역시,연수구,송도4동,pre_reform_code_preserved_district_not_reorganized,27225,13380,13845,2891,849,10.6189,3.1185,not_calculated_source_aggregates_ages_60_to_69,jumin_population_age_202212.csv
2022,2022-12,2818586000,인천광역시 연수구 송도5동,인천광역시,연수구,송도5동,pre_reform_code_preserved_district_not_reorganized,40004,19784,20220,4203,1073,10.5064,2.6822,not_calculated_source_aggregates_ages_60_to_69,jumin_population_age_202212.csv
2022,2022-12,2820051000,인천광역시 남동구 구월1동,인천광역시,남동구,구월1동,pre_reform_code_preserved_district_not_reorganized,30849,15015,15834,6774,2559,21.9586,8.2952,not_calculated_source_aggregates_ages_60_to_69,jumin_population_age_202212.csv
2022,2022-12,2820052000,인천광역시 남동구 구월2동,인천광역시,남동구,구월2동,pre_reform_code_preserved_district_not_reorganized,35233,17297,17936,7368,2793,20.9122,7.9272,not_calculated_source_aggregates_ages_60_to_69,jumin_population_age_202212.csv
2022,2022-12,2820052100,인천광역시 남동구 구월3동,인천광역시,남동구,구월3동,pre_reform_code_preserved_district_not_reorganized,30138,15063,15075,5511,2171,18.2859,7.2035,not_calculated_source_aggregates_ages_60_to_69,jumin_population_age_202212.csv
2022,2022-12,2820052200,인천광역시 남동구 구월4동,인천광역시,남동구,구월4동,pre_reform_code_preserved_district_not_reorganized,14331,7243,7088,4614,2008,32.1959,14.0116,not_calculated_source_aggregates_ages_60_to_69,jumin_population_age_202212.csv
2022,2022-12,2820053000,인천광역시 남동구 간석1동,인천광역시,남동구,간석1동,pre_reform_code_preserved_district_not_reorganized,17743,8722,9021,5132,2344,28.9241,13.2108,not_calculated_source_aggregates_ages_60_to_69,jumin_population_age_202212.csv
2022,2022-12,2820054000,인천광역시 남동구 간석2동,인천광역시,남동구,간석2동,pre_reform_code_preserved_district_not_reorganized,21603,10819,10784,5642,2421,26.1167,11.2068,not_calculated_source_aggregates_ages_60_to_69,jumin_population_age_202212.csv
2022,2022-12,2820055000,인천광역시 남동구 간석3동,인천광역시,남동구,간석3동,pre_reform_code_preserved_district_not_reorganized,26791,13368,13423,7591,3206,28.3341,11.9667,not_calculated_source_aggregates_ages_60_to_69,jumin_population_age_202212.csv
2022,2022-12,2820055100,인천광역시 남동구 간석4동,인천광역시,남동구,간석4동,pre_reform_code_preserved_district_not_reorganized,28950,14464,14486,7544,3082,26.0587,10.6459,not_calculated_source_aggregates_ages_60_to_69,jumin_population_age_202212.csv
2022,2022-12,2820056000,인천광역시 남동구 만수1동,인천광역시,남동구,만수1동,pre_reform_code_preserved_district_not_reorganized,16621,8078,8543,5569,2517,33.5058,15.1435,not_calculated_source_aggregates_ages_60_to_69,jumin_population_age_202212.csv
2022,2022-12,2820057000,인천광역시 남동구 만수2동,인천광역시,남동구,만수2동,pre_reform_code_preserved_district_not_reorganized,23658,11584,12074,6167,2439,26.0673,10.3094,not_calculated_source_aggregates_ages_60_to_69,jumin_population_age_202212.csv
2022,2022-12,2820058000,인천광역시 남동구 만수3동,인천광역시,남동구,만수3동,pre_reform_code_preserved_district_not_reorganized,17250,8698,8552,4479,1748,25.9652,10.1333,not_calculated_source_aggregates_ages_60_to_69,jumin_population_age_202212.csv
2022,2022-12,2820058100,인천광역시 남동구 만수4동,인천광역시,남동구,만수4동,pre_reform_code_preserved_district_not_reorganized,20208,9844,10364,5692,2269,28.1671,11.2282,not_calculated_source_aggregates_ages_60_to_69,jumin_population_age_202212.csv
2022,2022-12,2820058200,인천광역시 남동구 만수5동,인천광역시,남동구,만수5동,pre_reform_code_preserved_district_not_reorganized,15213,7578,7635,5203,2273,34.2010,14.9412,not_calculated_source_aggregates_ages_60_to_69,jumin_population_age_202212.csv
2022,2022-12,2820058300,인천광역시 남동구 만수6동,인천광역시,남동구,만수6동,pre_reform_code_preserved_district_not_reorganized,23565,11437,12128,6870,2834,29.1534,12.0263,not_calculated_source_aggregates_ages_60_to_69,jumin_population_age_202212.csv
2022,2022-12,2820065000,인천광역시 남동구 장수서창동,인천광역시,남동구,장수서창동,pre_reform_code_preserved_district_not_reorganized,19510,9748,9762,5233,2077,26.8221,10.6458,not_calculated_source_aggregates_ages_60_to_69,jumin_population_age_202212.csv
2022,2022-12,2820065500,인천광역시 남동구 서창2동,인천광역시,남동구,서창2동,pre_reform_code_preserved_district_not_reorganized,38985,19332,19653,7133,2566,18.2968,6.5820,not_calculated_source_aggregates_ages_60_to_69,jumin_population_age_202212.csv
2022,2022-12,2820066000,인천광역시 남동구 남촌도림동,인천광역시,남동구,남촌도림동,pre_reform_code_preserved_district_not_reorganized,20747,10680,10067,5891,2368,28.3945,11.4137,not_calculated_source_aggregates_ages_60_to_69,jumin_population_age_202212.csv
2022,2022-12,2820069000,인천광역시 남동구 논현1동,인천광역시,남동구,논현1동,pre_reform_code_preserved_district_not_reorganized,31463,15836,15627,6568,2557,20.8753,8.1270,not_calculated_source_aggregates_ages_60_to_69,jumin_population_age_202212.csv
2022,2022-12,2820070000,인천광역시 남동구 논현2동,인천광역시,남동구,논현2동,pre_reform_code_preserved_district_not_reorganized,32511,16420,16091,7494,3188,23.0507,9.8059,not_calculated_source_aggregates_ages_60_to_69,jumin_population_age_202212.csv
2022,2022-12,2820071000,인천광역시 남동구 논현고잔동,인천광역시,남동구,논현고잔동,pre_reform_code_preserved_district_not_reorganized,40812,20168,20644,6581,2350,16.1252,5.7581,not_calculated_source_aggregates_ages_60_to_69,jumin_population_age_202212.csv
2022,2022-12,2823751000,인천광역시 부평구 부평1동,인천광역시,부평구,부평1동,pre_reform_code_preserved_district_not_reorganized,35887,17203,18684,8713,3686,24.2790,10.2711,not_calculated_source_aggregates_ages_60_to_69,jumin_population_age_202212.csv
2022,2022-12,2823752000,인천광역시 부평구 부평2동,인천광역시,부평구,부평2동,pre_reform_code_preserved_district_not_reorganized,14578,7262,7316,4133,1845,28.3509,12.6561,not_calculated_source_aggregates_ages_60_to_69,jumin_population_age_202212.csv
2022,2022-12,2823753000,인천광역시 부평구 부평3동,인천광역시,부평구,부평3동,pre_reform_code_preserved_district_not_reorganized,12390,6181,6209,4081,1868,32.9379,15.0767,not_calculated_source_aggregates_ages_60_to_69,jumin_population_age_202212.csv
2022,2022-12,2823754000,인천광역시 부평구 부평4동,인천광역시,부평구,부평4동,pre_reform_code_preserved_district_not_reorganized,36328,17922,18406,8336,3494,22.9465,9.6179,not_calculated_source_aggregates_ages_60_to_69,jumin_population_age_202212.csv
2022,2022-12,2823755000,인천광역시 부평구 부평5동,인천광역시,부평구,부평5동,pre_reform_code_preserved_district_not_reorganized,30785,15147,15638,6478,2583,21.0427,8.3904,not_calculated_source_aggregates_ages_60_to_69,jumin_population_age_202212.csv
2022,2022-12,2823756000,인천광역시 부평구 부평6동,인천광역시,부평구,부평6동,pre_reform_code_preserved_district_not_reorganized,14465,7170,7295,3956,1670,27.3488,11.5451,not_calculated_source_aggregates_ages_60_to_69,jumin_population_age_202212.csv
2022,2022-12,2823757000,인천광역시 부평구 산곡1동,인천광역시,부평구,산곡1동,pre_reform_code_preserved_district_not_reorganized,14135,7038,7097,3679,1492,26.0276,10.5554,not_calculated_source_aggregates_ages_60_to_69,jumin_population_age_202212.csv
2022,2022-12,2823758000,인천광역시 부평구 산곡2동,인천광역시,부평구,산곡2동,pre_reform_code_preserved_district_not_reorganized,30348,14961,15387,6982,2688,23.0065,8.8573,not_calculated_source_aggregates_ages_60_to_69,jumin_population_age_202212.csv
2022,2022-12,2823758100,인천광역시 부평구 산곡3동,인천광역시,부평구,산곡3동,pre_reform_code_preserved_district_not_reorganized,21419,10374,11045,7114,3258,33.2135,15.2108,not_calculated_source_aggregates_ages_60_to_69,jumin_population_age_202212.csv
2022,2022-12,2823758200,인천광역시 부평구 산곡4동,인천광역시,부평구,산곡4동,pre_reform_code_preserved_district_not_reorganized,17196,8222,8974,4512,1847,26.2387,10.7409,not_calculated_source_aggregates_ages_60_to_69,jumin_population_age_202212.csv
2022,2022-12,2823759100,인천광역시 부평구 청천1동,인천광역시,부평구,청천1동,pre_reform_code_preserved_district_not_reorganized,6699,3583,3116,2024,752,30.2135,11.2256,not_calculated_source_aggregates_ages_60_to_69,jumin_population_age_202212.csv
2022,2022-12,2823759200,인천광역시 부평구 청천2동,인천광역시,부평구,청천2동,pre_reform_code_preserved_district_not_reorganized,34958,17429,17529,8441,3209,24.1461,9.1796,not_calculated_source_aggregates_ages_60_to_69,jumin_population_age_202212.csv
2022,2022-12,2823764100,인천광역시 부평구 갈산1동,인천광역시,부평구,갈산1동,pre_reform_code_preserved_district_not_reorganized,16210,8239,7971,4299,1686,26.5207,10.4010,not_calculated_source_aggregates_ages_60_to_69,jumin_population_age_202212.csv
2022,2022-12,2823764200,인천광역시 부평구 갈산2동,인천광역시,부평구,갈산2동,pre_reform_code_preserved_district_not_reorganized,18179,8788,9391,5620,2232,30.9148,12.2779,not_calculated_source_aggregates_ages_60_to_69,jumin_population_age_202212.csv
2022,2022-12,2823764600,인천광역시 부평구 삼산1동,인천광역시,부평구,삼산1동,pre_reform_code_preserved_district_not_reorganized,32424,15835,16589,8119,3318,25.0401,10.2332,not_calculated_source_aggregates_ages_60_to_69,jumin_population_age_202212.csv
2022,2022-12,2823764800,인천광역시 부평구 삼산2동,인천광역시,부평구,삼산2동,pre_reform_code_preserved_district_not_reorganized,28262,13645,14617,5413,2103,19.1529,7.4411,not_calculated_source_aggregates_ages_60_to_69,jumin_population_age_202212.csv
2022,2022-12,2823765000,인천광역시 부평구 부개1동,인천광역시,부평구,부개1동,pre_reform_code_preserved_district_not_reorganized,16562,8326,8236,5510,2364,33.2689,14.2736,not_calculated_source_aggregates_ages_60_to_69,jumin_population_age_202212.csv
2022,2022-12,2823766000,인천광역시 부평구 부개2동,인천광역시,부평구,부개2동,pre_reform_code_preserved_district_not_reorganized,19729,9639,10090,4836,1967,24.5121,9.9701,not_calculated_source_aggregates_ages_60_to_69,jumin_population_age_202212.csv
2022,2022-12,2823766100,인천광역시 부평구 부개3동,인천광역시,부평구,부개3동,pre_reform_code_preserved_district_not_reorganized,29844,14329,15515,6928,2699,23.2140,9.0437,not_calculated_source_aggregates_ages_60_to_69,jumin_population_age_202212.csv
2022,2022-12,2823767000,인천광역시 부평구 일신동,인천광역시,부평구,일신동,pre_reform_code_preserved_district_not_reorganized,12224,6233,5991,3538,1353,28.9431,11.0684,not_calculated_source_aggregates_ages_60_to_69,jumin_population_age_202212.csv
2022,2022-12,2823768000,인천광역시 부평구 십정1동,인천광역시,부평구,십정1동,pre_reform_code_preserved_district_not_reorganized,24294,12239,12055,5586,2298,22.9933,9.4591,not_calculated_source_aggregates_ages_60_to_69,jumin_population_age_202212.csv
2022,2022-12,2823769000,인천광역시 부평구 십정2동,인천광역시,부평구,십정2동,pre_reform_code_preserved_district_not_reorganized,22202,11520,10682,6989,2881,31.4791,12.9763,not_calculated_source_aggregates_ages_60_to_69,jumin_population_age_202212.csv
2022,2022-12,2824560100,인천광역시 계양구 효성1동,인천광역시,계양구,효성1동,pre_reform_code_preserved_district_not_reorganized,27276,13687,13589,7390,2733,27.0934,10.0198,not_calculated_source_aggregates_ages_60_to_69,jumin_population_age_202212.csv
2022,2022-12,2824560200,인천광역시 계양구 효성2동,인천광역시,계양구,효성2동,pre_reform_code_preserved_district_not_reorganized,28426,14355,14071,7627,2755,26.8311,9.6918,not_calculated_source_aggregates_ages_60_to_69,jumin_population_age_202212.csv
2022,2022-12,2824561100,인천광역시 계양구 계산1동,인천광역시,계양구,계산1동,pre_reform_code_preserved_district_not_reorganized,18771,9909,8862,5660,2152,30.1529,11.4645,not_calculated_source_aggregates_ages_60_to_69,jumin_population_age_202212.csv
2022,2022-12,2824561200,인천광역시 계양구 계산2동,인천광역시,계양구,계산2동,pre_reform_code_preserved_district_not_reorganized,15382,7654,7728,4797,1734,31.1858,11.2729,not_calculated_source_aggregates_ages_60_to_69,jumin_population_age_202212.csv
2022,2022-12,2824561300,인천광역시 계양구 계산3동,인천광역시,계양구,계산3동,pre_reform_code_preserved_district_not_reorganized,18617,8909,9708,4685,1394,25.1652,7.4878,not_calculated_source_aggregates_ages_60_to_69,jumin_population_age_202212.csv
2022,2022-12,2824561400,인천광역시 계양구 계산4동,인천광역시,계양구,계산4동,pre_reform_code_preserved_district_not_reorganized,22804,11511,11293,4514,1358,19.7948,5.9551,not_calculated_source_aggregates_ages_60_to_69,jumin_population_age_202212.csv
2022,2022-12,2824562100,인천광역시 계양구 작전1동,인천광역시,계양구,작전1동,pre_reform_code_preserved_district_not_reorganized,27014,13234,13780,6570,2298,24.3207,8.5067,not_calculated_source_aggregates_ages_60_to_69,jumin_population_age_202212.csv
2022,2022-12,2824562200,인천광역시 계양구 작전2동,인천광역시,계양구,작전2동,pre_reform_code_preserved_district_not_reorganized,19090,9433,9657,5607,2091,29.3714,10.9534,not_calculated_source_aggregates_ages_60_to_69,jumin_population_age_202212.csv
2022,2022-12,2824564000,인천광역시 계양구 작전서운동,인천광역시,계양구,작전서운동,pre_reform_code_preserved_district_not_reorganized,34263,17016,17247,6655,2308,19.4233,6.7361,not_calculated_source_aggregates_ages_60_to_69,jumin_population_age_202212.csv
2022,2022-12,2824571000,인천광역시 계양구 계양1동,인천광역시,계양구,계양1동,pre_reform_code_preserved_district_not_reorganized,20173,9969,10204,5489,2152,27.2096,10.6677,not_calculated_source_aggregates_ages_60_to_69,jumin_population_age_202212.csv
2022,2022-12,2824572000,인천광역시 계양구 계양2동,인천광역시,계양구,계양2동,pre_reform_code_preserved_district_not_reorganized,32164,15923,16241,8692,3533,27.0240,10.9843,not_calculated_source_aggregates_ages_60_to_69,jumin_population_age_202212.csv
2022,2022-12,2824573000,인천광역시 계양구 계양3동,인천광역시,계양구,계양3동,pre_reform_code_preserved_district_not_reorganized,24876,12281,12595,5020,1896,20.1801,7.6218,not_calculated_source_aggregates_ages_60_to_69,jumin_population_age_202212.csv
2022,2022-12,2826051500,인천광역시 서구 검암경서동,인천광역시,서구,검암경서동,requires_2026_07_01_reform_crosswalk,45339,23208,22131,7526,2791,16.5994,6.1558,not_calculated_source_aggregates_ages_60_to_69,jumin_population_age_202212.csv
2022,2022-12,2826053000,인천광역시 서구 연희동,인천광역시,서구,연희동,requires_2026_07_01_reform_crosswalk,39515,20166,19349,10039,3953,25.4055,10.0038,not_calculated_source_aggregates_ages_60_to_69,jumin_population_age_202212.csv
2022,2022-12,2826053600,인천광역시 서구 청라1동,인천광역시,서구,청라1동,requires_2026_07_01_reform_crosswalk,30883,15380,15503,3341,1105,10.8182,3.5780,not_calculated_source_aggregates_ages_60_to_69,jumin_population_age_202212.csv
2022,2022-12,2826053700,인천광역시 서구 청라2동,인천광역시,서구,청라2동,requires_2026_07_01_reform_crosswalk,48163,23856,24307,6021,1895,12.5013,3.9346,not_calculated_source_aggregates_ages_60_to_69,jumin_population_age_202212.csv
2022,2022-12,2826053900,인천광역시 서구 청라3동,인천광역시,서구,청라3동,requires_2026_07_01_reform_crosswalk,34406,17124,17282,3638,1016,10.5737,2.9530,not_calculated_source_aggregates_ages_60_to_69,jumin_population_age_202212.csv
2022,2022-12,2826054200,인천광역시 서구 가정1동,인천광역시,서구,가정1동,requires_2026_07_01_reform_crosswalk,36195,18097,18098,6621,2337,18.2926,6.4567,not_calculated_source_aggregates_ages_60_to_69,jumin_population_age_202212.csv
2022,2022-12,2826054300,인천광역시 서구 가정2동,인천광역시,서구,가정2동,requires_2026_07_01_reform_crosswalk,6248,3270,2978,1681,465,26.9046,7.4424,not_calculated_source_aggregates_ages_60_to_69,jumin_population_age_202212.csv
2022,2022-12,2826054400,인천광역시 서구 가정3동,인천광역시,서구,가정3동,requires_2026_07_01_reform_crosswalk,9289,4638,4651,2495,830,26.8597,8.9353,not_calculated_source_aggregates_ages_60_to_69,jumin_population_age_202212.csv
2022,2022-12,2826055000,인천광역시 서구 석남1동,인천광역시,서구,석남1동,requires_2026_07_01_reform_crosswalk,21776,11195,10581,6390,2411,29.3442,11.0718,not_calculated_source_aggregates_ages_60_to_69,jumin_population_age_202212.csv
2022,2022-12,2826056000,인천광역시 서구 석남2동,인천광역시,서구,석남2동,requires_2026_07_01_reform_crosswalk,12560,6482,6078,4100,1647,32.6433,13.1131,not_calculated_source_aggregates_ages_60_to_69,jumin_population_age_202212.csv
2022,2022-12,2826056100,인천광역시 서구 석남3동,인천광역시,서구,석남3동,requires_2026_07_01_reform_crosswalk,13477,6787,6690,3904,1532,28.9679,11.3675,not_calculated_source_aggregates_ages_60_to_69,jumin_population_age_202212.csv
2022,2022-12,2826057500,인천광역시 서구 신현원창동,인천광역시,서구,신현원창동,requires_2026_07_01_reform_crosswalk,30703,15333,15370,7455,2500,24.2810,8.1425,not_calculated_source_aggregates_ages_60_to_69,jumin_population_age_202212.csv
2022,2022-12,2826058000,인천광역시 서구 가좌1동,인천광역시,서구,가좌1동,requires_2026_07_01_reform_crosswalk,12778,6794,5984,3488,1389,27.2969,10.8702,not_calculated_source_aggregates_ages_60_to_69,jumin_population_age_202212.csv
2022,2022-12,2826059000,인천광역시 서구 가좌2동,인천광역시,서구,가좌2동,requires_2026_07_01_reform_crosswalk,19421,9460,9961,5150,1891,26.5177,9.7369,not_calculated_source_aggregates_ages_60_to_69,jumin_population_age_202212.csv
2022,2022-12,2826060000,인천광역시 서구 가좌3동,인천광역시,서구,가좌3동,requires_2026_07_01_reform_crosswalk,16390,8355,8035,5269,2114,32.1477,12.8981,not_calculated_source_aggregates_ages_60_to_69,jumin_population_age_202212.csv
2022,2022-12,2826061000,인천광역시 서구 가좌4동,인천광역시,서구,가좌4동,requires_2026_07_01_reform_crosswalk,10133,5240,4893,2936,1113,28.9746,10.9839,not_calculated_source_aggregates_ages_60_to_69,jumin_population_age_202212.csv
2022,2022-12,2826068000,인천광역시 서구 검단동,인천광역시,서구,검단동,requires_2026_07_01_reform_crosswalk,33414,17293,16121,6765,2574,20.2460,7.7034,not_calculated_source_aggregates_ages_60_to_69,jumin_population_age_202212.csv
2022,2022-12,2826069000,인천광역시 서구 불로대곡동,인천광역시,서구,불로대곡동,requires_2026_07_01_reform_crosswalk,23499,11947,11552,4826,2258,20.5370,9.6089,not_calculated_source_aggregates_ages_60_to_69,jumin_population_age_202212.csv
2022,2022-12,2826070000,인천광역시 서구 원당동,인천광역시,서구,원당동,requires_2026_07_01_reform_crosswalk,23428,11892,11536,3679,1685,15.7034,7.1922,not_calculated_source_aggregates_ages_60_to_69,jumin_population_age_202212.csv
2022,2022-12,2826071000,인천광역시 서구 당하동,인천광역시,서구,당하동,requires_2026_07_01_reform_crosswalk,27053,13500,13553,4228,1602,15.6286,5.9217,not_calculated_source_aggregates_ages_60_to_69,jumin_population_age_202212.csv
2022,2022-12,2826072000,인천광역시 서구 오류왕길동,인천광역시,서구,오류왕길동,requires_2026_07_01_reform_crosswalk,25124,12746,12378,5436,2095,21.6367,8.3386,not_calculated_source_aggregates_ages_60_to_69,jumin_population_age_202212.csv
2022,2022-12,2826073000,인천광역시 서구 마전동,인천광역시,서구,마전동,requires_2026_07_01_reform_crosswalk,22218,10932,11286,3904,1631,17.5713,7.3409,not_calculated_source_aggregates_ages_60_to_69,jumin_population_age_202212.csv
2022,2022-12,2826074000,인천광역시 서구 아라동,인천광역시,서구,아라동,requires_2026_07_01_reform_crosswalk,47001,23425,23576,4174,1219,8.8807,2.5936,not_calculated_source_aggregates_ages_60_to_69,jumin_population_age_202212.csv
2022,2022-12,2871025000,인천광역시 강화군 강화읍,인천광역시,강화군,강화읍,pre_reform_code_preserved_district_not_reorganized,22669,11181,11488,8177,4168,36.0713,18.3863,not_calculated_source_aggregates_ages_60_to_69,jumin_population_age_202212.csv
2022,2022-12,2871031000,인천광역시 강화군 선원면,인천광역시,강화군,선원면,pre_reform_code_preserved_district_not_reorganized,7926,3945,3981,3189,1523,40.2347,19.2152,not_calculated_source_aggregates_ages_60_to_69,jumin_population_age_202212.csv
2022,2022-12,2871032000,인천광역시 강화군 불은면,인천광역시,강화군,불은면,pre_reform_code_preserved_district_not_reorganized,5064,2548,2516,2893,1460,57.1288,28.8310,not_calculated_source_aggregates_ages_60_to_69,jumin_population_age_202212.csv
2022,2022-12,2871033000,인천광역시 강화군 길상면,인천광역시,강화군,길상면,pre_reform_code_preserved_district_not_reorganized,7332,3684,3648,3510,1601,47.8723,21.8358,not_calculated_source_aggregates_ages_60_to_69,jumin_population_age_202212.csv
2022,2022-12,2871034000,인천광역시 강화군 화도면,인천광역시,강화군,화도면,pre_reform_code_preserved_district_not_reorganized,4560,2313,2247,2563,1336,56.2061,29.2982,not_calculated_source_aggregates_ages_60_to_69,jumin_population_age_202212.csv
2022,2022-12,2871035000,인천광역시 강화군 양도면,인천광역시,강화군,양도면,pre_reform_code_preserved_district_not_reorganized,4294,2147,2147,2400,1296,55.8919,30.1816,not_calculated_source_aggregates_ages_60_to_69,jumin_population_age_202212.csv
2022,2022-12,2871036000,인천광역시 강화군 내가면,인천광역시,강화군,내가면,pre_reform_code_preserved_district_not_reorganized,3058,1484,1574,1829,996,59.8103,32.5703,not_calculated_source_aggregates_ages_60_to_69,jumin_population_age_202212.csv
2022,2022-12,2871037000,인천광역시 강화군 하점면,인천광역시,강화군,하점면,pre_reform_code_preserved_district_not_reorganized,4074,2088,1986,2416,1385,59.3029,33.9961,not_calculated_source_aggregates_ages_60_to_69,jumin_population_age_202212.csv
2022,2022-12,2871038000,인천광역시 강화군 양사면,인천광역시,강화군,양사면,pre_reform_code_preserved_district_not_reorganized,1899,947,952,1131,657,59.5577,34.5972,not_calculated_source_aggregates_ages_60_to_69,jumin_population_age_202212.csv
2022,2022-12,2871039000,인천광역시 강화군 송해면,인천광역시,강화군,송해면,pre_reform_code_preserved_district_not_reorganized,3287,1661,1626,1826,1036,55.5522,31.5181,not_calculated_source_aggregates_ages_60_to_69,jumin_population_age_202212.csv
2022,2022-12,2871040000,인천광역시 강화군 교동면,인천광역시,강화군,교동면,pre_reform_code_preserved_district_not_reorganized,2818,1457,1361,1737,1028,61.6395,36.4798,not_calculated_source_aggregates_ages_60_to_69,jumin_population_age_202212.csv
2022,2022-12,2871041000,인천광역시 강화군 삼산면,인천광역시,강화군,삼산면,pre_reform_code_preserved_district_not_reorganized,2177,1119,1058,1315,684,60.4042,31.4194,not_calculated_source_aggregates_ages_60_to_69,jumin_population_age_202212.csv
2022,2022-12,2871042000,인천광역시 강화군 서도면,인천광역시,강화군,서도면,pre_reform_code_preserved_district_not_reorganized,374,192,182,237,133,63.3690,35.5615,not_calculated_source_aggregates_ages_60_to_69,jumin_population_age_202212.csv
2022,2022-12,2871042500,인천광역시 강화군 서도면볼음출장소,인천광역시,강화군,서도면볼음출장소,pre_reform_code_preserved_district_not_reorganized,271,152,119,193,99,71.2177,36.5314,not_calculated_source_aggregates_ages_60_to_69,jumin_population_age_202212.csv
2022,2022-12,2872031000,인천광역시 옹진군 북도면,인천광역시,옹진군,북도면,pre_reform_code_preserved_district_not_reorganized,1145,600,545,648,291,56.5939,25.4148,not_calculated_source_aggregates_ages_60_to_69,jumin_population_age_202212.csv
2022,2022-12,2872031500,인천광역시 옹진군 북도면장봉출장소,인천광역시,옹진군,북도면장봉출장소,pre_reform_code_preserved_district_not_reorganized,986,524,462,532,260,53.9554,26.3692,not_calculated_source_aggregates_ages_60_to_69,jumin_population_age_202212.csv
2022,2022-12,2872033000,인천광역시 옹진군 백령면,인천광역시,옹진군,백령면,pre_reform_code_preserved_district_not_reorganized,4986,2940,2046,1621,755,32.5110,15.1424,not_calculated_source_aggregates_ages_60_to_69,jumin_population_age_202212.csv
2022,2022-12,2872034000,인천광역시 옹진군 대청면,인천광역시,옹진군,대청면,pre_reform_code_preserved_district_not_reorganized,1224,712,512,508,259,41.5033,21.1601,not_calculated_source_aggregates_ages_60_to_69,jumin_population_age_202212.csv
2022,2022-12,2872034500,인천광역시 옹진군 대청면소청출장소,인천광역시,옹진군,대청면소청출장소,pre_reform_code_preserved_district_not_reorganized,216,133,83,120,71,55.5556,32.8704,not_calculated_source_aggregates_ages_60_to_69,jumin_population_age_202212.csv
2022,2022-12,2872035000,인천광역시 옹진군 덕적면,인천광역시,옹진군,덕적면,pre_reform_code_preserved_district_not_reorganized,1924,1067,857,1093,585,56.8087,30.4054,not_calculated_source_aggregates_ages_60_to_69,jumin_population_age_202212.csv
2022,2022-12,2872036000,인천광역시 옹진군 영흥면,인천광역시,옹진군,영흥면,pre_reform_code_preserved_district_not_reorganized,6653,3720,2933,2735,1171,41.1093,17.6011,not_calculated_source_aggregates_ages_60_to_69,jumin_population_age_202212.csv
2022,2022-12,2872037000,인천광역시 옹진군 자월면,인천광역시,옹진군,자월면,pre_reform_code_preserved_district_not_reorganized,963,514,449,534,274,55.4517,28.4528,not_calculated_source_aggregates_ages_60_to_69,jumin_population_age_202212.csv
2022,2022-12,2872037500,인천광역시 옹진군 자월면이작출장소,인천광역시,옹진군,자월면이작출장소,pre_reform_code_preserved_district_not_reorganized,378,196,182,213,103,56.3492,27.2487,not_calculated_source_aggregates_ages_60_to_69,jumin_population_age_202212.csv
2022,2022-12,2872038000,인천광역시 옹진군 연평면,인천광역시,옹진군,연평면,pre_reform_code_preserved_district_not_reorganized,2138,1362,776,623,237,29.1394,11.0851,not_calculated_source_aggregates_ages_60_to_69,jumin_population_age_202212.csv
2023,2023-12,2811052000,인천광역시 중구 연안동,인천광역시,중구,연안동,requires_2026_07_01_reform_crosswalk,5433,2948,2485,2337,1040,43.0149,19.1423,not_calculated_source_aggregates_ages_60_to_69,jumin_population_age_202312.csv
2023,2023-12,2811053000,인천광역시 중구 신포동,인천광역시,중구,신포동,requires_2026_07_01_reform_crosswalk,4661,2356,2305,1750,976,37.5456,20.9397,not_calculated_source_aggregates_ages_60_to_69,jumin_population_age_202312.csv
2023,2023-12,2811054000,인천광역시 중구 신흥동,인천광역시,중구,신흥동,requires_2026_07_01_reform_crosswalk,14110,7154,6956,4242,1977,30.0638,14.0113,not_calculated_source_aggregates_ages_60_to_69,jumin_population_age_202312.csv
2023,2023-12,2811056000,인천광역시 중구 도원동,인천광역시,중구,도원동,requires_2026_07_01_reform_crosswalk,3669,1899,1770,1650,861,44.9714,23.4669,not_calculated_source_aggregates_ages_60_to_69,jumin_population_age_202312.csv
2023,2023-12,2811057000,인천광역시 중구 율목동,인천광역시,중구,율목동,requires_2026_07_01_reform_crosswalk,2951,1513,1438,1305,679,44.2223,23.0091,not_calculated_source_aggregates_ages_60_to_69,jumin_population_age_202312.csv
2023,2023-12,2811058500,인천광역시 중구 동인천동,인천광역시,중구,동인천동,requires_2026_07_01_reform_crosswalk,5382,2860,2522,2373,1224,44.0914,22.7425,not_calculated_source_aggregates_ages_60_to_69,jumin_population_age_202312.csv
2023,2023-12,2811061500,인천광역시 중구 개항동,인천광역시,중구,개항동,requires_2026_07_01_reform_crosswalk,6931,3520,3411,2821,1424,40.7012,20.5454,not_calculated_source_aggregates_ages_60_to_69,jumin_population_age_202312.csv
2023,2023-12,2811062000,인천광역시 중구 영종동,인천광역시,중구,영종동,requires_2026_07_01_reform_crosswalk,22924,12514,10410,5295,2005,23.0981,8.7463,not_calculated_source_aggregates_ages_60_to_69,jumin_population_age_202312.csv
2023,2023-12,2811062200,인천광역시 중구 영종1동,인천광역시,중구,영종1동,requires_2026_07_01_reform_crosswalk,52660,26259,26401,6528,2623,12.3965,4.9810,not_calculated_source_aggregates_ages_60_to_69,jumin_population_age_202312.csv
2023,2023-12,2811062800,인천광역시 중구 운서동,인천광역시,중구,운서동,requires_2026_07_01_reform_crosswalk,36620,19315,17305,5031,2250,13.7384,6.1442,not_calculated_source_aggregates_ages_60_to_69,jumin_population_age_202312.csv
2023,2023-12,2811063000,인천광역시 중구 용유동,인천광역시,중구,용유동,requires_2026_07_01_reform_crosswalk,3617,1996,1621,1958,895,54.1333,24.7443,not_calculated_source_aggregates_ages_60_to_69,jumin_population_age_202312.csv
2023,2023-12,2814051000,인천광역시 동구 만석동,인천광역시,동구,만석동,requires_2026_07_01_reform_crosswalk,6428,3321,3107,2277,1062,35.4231,16.5215,not_calculated_source_aggregates_ages_60_to_69,jumin_population_age_202312.csv
2023,2023-12,2814052500,인천광역시 동구 화수1.화평동,인천광역시,동구,화수1.화평동,requires_2026_07_01_reform_crosswalk,5577,2842,2735,2347,1232,42.0836,22.0907,not_calculated_source_aggregates_ages_60_to_69,jumin_population_age_202312.csv
2023,2023-12,2814053000,인천광역시 동구 화수2동,인천광역시,동구,화수2동,requires_2026_07_01_reform_crosswalk,7068,3472,3596,3039,1636,42.9966,23.1466,not_calculated_source_aggregates_ages_60_to_69,jumin_population_age_202312.csv
2023,2023-12,2814055500,인천광역시 동구 송현1.2동,인천광역시,동구,송현1.2동,requires_2026_07_01_reform_crosswalk,9872,4844,5028,3134,1530,31.7464,15.4984,not_calculated_source_aggregates_ages_60_to_69,jumin_population_age_202312.csv
2023,2023-12,2814057000,인천광역시 동구 송현3동,인천광역시,동구,송현3동,requires_2026_07_01_reform_crosswalk,2893,1513,1380,1302,671,45.0052,23.1939,not_calculated_source_aggregates_ages_60_to_69,jumin_population_age_202312.csv
2023,2023-12,2814058000,인천광역시 동구 송림1동,인천광역시,동구,송림1동,requires_2026_07_01_reform_crosswalk,6493,3135,3358,1494,692,23.0094,10.6576,not_calculated_source_aggregates_ages_60_to_69,jumin_population_age_202312.csv
2023,2023-12,2814059000,인천광역시 동구 송림2동,인천광역시,동구,송림2동,requires_2026_07_01_reform_crosswalk,1427,736,691,759,425,53.1885,29.7828,not_calculated_source_aggregates_ages_60_to_69,jumin_population_age_202312.csv
2023,2023-12,2814060500,인천광역시 동구 송림3.5동,인천광역시,동구,송림3.5동,requires_2026_07_01_reform_crosswalk,5620,2826,2794,1830,915,32.5623,16.2811,not_calculated_source_aggregates_ages_60_to_69,jumin_population_age_202312.csv
2023,2023-12,2814061000,인천광역시 동구 송림4동,인천광역시,동구,송림4동,requires_2026_07_01_reform_crosswalk,6054,3100,2954,1333,541,22.0185,8.9362,not_calculated_source_aggregates_ages_60_to_69,jumin_population_age_202312.csv
2023,2023-12,2814063000,인천광역시 동구 송림6동,인천광역시,동구,송림6동,requires_2026_07_01_reform_crosswalk,5776,2876,2900,1917,973,33.1891,16.8456,not_calculated_source_aggregates_ages_60_to_69,jumin_population_age_202312.csv
2023,2023-12,2814064000,인천광역시 동구 금창동,인천광역시,동구,금창동,requires_2026_07_01_reform_crosswalk,2274,1140,1134,1096,630,48.1970,27.7045,not_calculated_source_aggregates_ages_60_to_69,jumin_population_age_202312.csv
2023,2023-12,2817751000,인천광역시 미추홀구 숭의2동,인천광역시,미추홀구,숭의2동,pre_reform_code_preserved_district_not_reorganized,13800,6973,6827,4250,1991,30.7971,14.4275,not_calculated_source_aggregates_ages_60_to_69,jumin_population_age_202312.csv
2023,2023-12,2817752000,인천광역시 미추홀구 숭의1.3동,인천광역시,미추홀구,숭의1.3동,pre_reform_code_preserved_district_not_reorganized,15733,7799,7934,3914,1765,24.8776,11.2185,not_calculated_source_aggregates_ages_60_to_69,jumin_population_age_202312.csv
2023,2023-12,2817753000,인천광역시 미추홀구 숭의4동,인천광역시,미추홀구,숭의4동,pre_reform_code_preserved_district_not_reorganized,15035,7550,7485,4695,2250,31.2271,14.9651,not_calculated_source_aggregates_ages_60_to_69,jumin_population_age_202312.csv
2023,2023-12,2817754000,인천광역시 미추홀구 용현1.4동,인천광역시,미추홀구,용현1.4동,pre_reform_code_preserved_district_not_reorganized,17253,9423,7830,5566,2834,32.2611,16.4261,not_calculated_source_aggregates_ages_60_to_69,jumin_population_age_202312.csv
2023,2023-12,2817755000,인천광역시 미추홀구 용현2동,인천광역시,미추홀구,용현2동,pre_reform_code_preserved_district_not_reorganized,19504,9696,9808,5061,2440,25.9485,12.5103,not_calculated_source_aggregates_ages_60_to_69,jumin_population_age_202312.csv
2023,2023-12,2817756000,인천광역시 미추홀구 용현3동,인천광역시,미추홀구,용현3동,pre_reform_code_preserved_district_not_reorganized,7153,3782,3371,2886,1483,40.3467,20.7326,not_calculated_source_aggregates_ages_60_to_69,jumin_population_age_202312.csv
2023,2023-12,2817757000,인천광역시 미추홀구 용현5동,인천광역시,미추홀구,용현5동,pre_reform_code_preserved_district_not_reorganized,45898,22767,23131,10706,4493,23.3256,9.7891,not_calculated_source_aggregates_ages_60_to_69,jumin_population_age_202312.csv
2023,2023-12,2817758000,인천광역시 미추홀구 학익1동,인천광역시,미추홀구,학익1동,pre_reform_code_preserved_district_not_reorganized,29395,14675,14720,7694,3289,26.1745,11.1890,not_calculated_source_aggregates_ages_60_to_69,jumin_population_age_202312.csv
2023,2023-12,2817759000,인천광역시 미추홀구 학익2동,인천광역시,미추홀구,학익2동,pre_reform_code_preserved_district_not_reorganized,17820,8657,9163,5714,2709,32.0651,15.2020,not_calculated_source_aggregates_ages_60_to_69,jumin_population_age_202312.csv
2023,2023-12,2817760000,인천광역시 미추홀구 도화1동,인천광역시,미추홀구,도화1동,pre_reform_code_preserved_district_not_reorganized,21111,10504,10607,6051,2839,28.6628,13.4480,not_calculated_source_aggregates_ages_60_to_69,jumin_population_age_202312.csv
2023,2023-12,2817761000,인천광역시 미추홀구 도화2.3동,인천광역시,미추홀구,도화2.3동,pre_reform_code_preserved_district_not_reorganized,31316,15903,15413,7835,3234,25.0192,10.3270,not_calculated_source_aggregates_ages_60_to_69,jumin_population_age_202312.csv
2023,2023-12,2817762000,인천광역시 미추홀구 주안1동,인천광역시,미추홀구,주안1동,pre_reform_code_preserved_district_not_reorganized,19856,10448,9408,4057,1537,20.4321,7.7407,not_calculated_source_aggregates_ages_60_to_69,jumin_population_age_202312.csv
2023,2023-12,2817763000,인천광역시 미추홀구 주안2동,인천광역시,미추홀구,주안2동,pre_reform_code_preserved_district_not_reorganized,21869,10953,10916,6527,2987,29.8459,13.6586,not_calculated_source_aggregates_ages_60_to_69,jumin_population_age_202312.csv
2023,2023-12,2817764000,인천광역시 미추홀구 주안3동,인천광역시,미추홀구,주안3동,pre_reform_code_preserved_district_not_reorganized,12231,6175,6056,3457,1641,28.2642,13.4167,not_calculated_source_aggregates_ages_60_to_69,jumin_population_age_202312.csv
2023,2023-12,2817765000,인천광역시 미추홀구 주안4동,인천광역시,미추홀구,주안4동,pre_reform_code_preserved_district_not_reorganized,17702,8738,8964,5532,2677,31.2507,15.1226,not_calculated_source_aggregates_ages_60_to_69,jumin_population_age_202312.csv
2023,2023-12,2817766000,인천광역시 미추홀구 주안5동,인천광역시,미추홀구,주안5동,pre_reform_code_preserved_district_not_reorganized,19819,9925,9894,5957,2645,30.0570,13.3458,not_calculated_source_aggregates_ages_60_to_69,jumin_population_age_202312.csv
2023,2023-12,2817767000,인천광역시 미추홀구 주안6동,인천광역시,미추홀구,주안6동,pre_reform_code_preserved_district_not_reorganized,21030,10501,10529,5619,2478,26.7190,11.7832,not_calculated_source_aggregates_ages_60_to_69,jumin_population_age_202312.csv
2023,2023-12,2817768000,인천광역시 미추홀구 주안7동,인천광역시,미추홀구,주안7동,pre_reform_code_preserved_district_not_reorganized,11608,5588,6020,4449,2136,38.3270,18.4011,not_calculated_source_aggregates_ages_60_to_69,jumin_population_age_202312.csv
2023,2023-12,2817769000,인천광역시 미추홀구 주안8동,인천광역시,미추홀구,주안8동,pre_reform_code_preserved_district_not_reorganized,19472,9541,9931,6123,2651,31.4452,13.6144,not_calculated_source_aggregates_ages_60_to_69,jumin_population_age_202312.csv
2023,2023-12,2817770000,인천광역시 미추홀구 관교동,인천광역시,미추홀구,관교동,pre_reform_code_preserved_district_not_reorganized,14322,6993,7329,4670,2022,32.6072,14.1181,not_calculated_source_aggregates_ages_60_to_69,jumin_population_age_202312.csv
2023,2023-12,2817771000,인천광역시 미추홀구 문학동,인천광역시,미추홀구,문학동,pre_reform_code_preserved_district_not_reorganized,14068,7656,6412,3274,1342,23.2727,9.5394,not_calculated_source_aggregates_ages_60_to_69,jumin_population_age_202312.csv
2023,2023-12,2818563000,인천광역시 연수구 옥련1동,인천광역시,연수구,옥련1동,pre_reform_code_preserved_district_not_reorganized,17846,8779,9067,5146,2233,28.8356,12.5126,not_calculated_source_aggregates_ages_60_to_69,jumin_population_age_202312.csv
2023,2023-12,2818564000,인천광역시 연수구 옥련2동,인천광역시,연수구,옥련2동,pre_reform_code_preserved_district_not_reorganized,19237,9491,9746,5042,2016,26.2099,10.4798,not_calculated_source_aggregates_ages_60_to_69,jumin_population_age_202312.csv
2023,2023-12,2818575000,인천광역시 연수구 선학동,인천광역시,연수구,선학동,pre_reform_code_preserved_district_not_reorganized,17865,9261,8604,5675,2234,31.7660,12.5049,not_calculated_source_aggregates_ages_60_to_69,jumin_population_age_202312.csv
2023,2023-12,2818576100,인천광역시 연수구 연수1동,인천광역시,연수구,연수1동,pre_reform_code_preserved_district_not_reorganized,17382,9531,7851,4929,1896,28.3569,10.9078,not_calculated_source_aggregates_ages_60_to_69,jumin_population_age_202312.csv
2023,2023-12,2818576200,인천광역시 연수구 연수2동,인천광역시,연수구,연수2동,pre_reform_code_preserved_district_not_reorganized,19869,9725,10144,5428,2122,27.3189,10.6800,not_calculated_source_aggregates_ages_60_to_69,jumin_population_age_202312.csv
2023,2023-12,2818576300,인천광역시 연수구 연수3동,인천광역시,연수구,연수3동,pre_reform_code_preserved_district_not_reorganized,15160,7207,7953,5049,2137,33.3047,14.0963,not_calculated_source_aggregates_ages_60_to_69,jumin_population_age_202312.csv
2023,2023-12,2818576600,인천광역시 연수구 청학동,인천광역시,연수구,청학동,pre_reform_code_preserved_district_not_reorganized,23149,12076,11073,7561,3087,32.6623,13.3353,not_calculated_source_aggregates_ages_60_to_69,jumin_population_age_202312.csv
2023,2023-12,2818578000,인천광역시 연수구 동춘1동,인천광역시,연수구,동춘1동,pre_reform_code_preserved_district_not_reorganized,24323,11882,12441,5339,1693,21.9504,6.9605,not_calculated_source_aggregates_ages_60_to_69,jumin_population_age_202312.csv
2023,2023-12,2818579000,인천광역시 연수구 동춘2동,인천광역시,연수구,동춘2동,pre_reform_code_preserved_district_not_reorganized,17391,8438,8953,4201,1493,24.1562,8.5849,not_calculated_source_aggregates_ages_60_to_69,jumin_population_age_202312.csv
2023,2023-12,2818579500,인천광역시 연수구 동춘3동,인천광역시,연수구,동춘3동,pre_reform_code_preserved_district_not_reorganized,17920,8704,9216,3924,1508,21.8973,8.4152,not_calculated_source_aggregates_ages_60_to_69,jumin_population_age_202312.csv
2023,2023-12,2818582000,인천광역시 연수구 송도1동,인천광역시,연수구,송도1동,pre_reform_code_preserved_district_not_reorganized,37843,18563,19280,6420,2185,16.9648,5.7739,not_calculated_source_aggregates_ages_60_to_69,jumin_population_age_202312.csv
2023,2023-12,2818583000,인천광역시 연수구 송도2동,인천광역시,연수구,송도2동,pre_reform_code_preserved_district_not_reorganized,36676,17989,18687,4244,1331,11.5716,3.6291,not_calculated_source_aggregates_ages_60_to_69,jumin_population_age_202312.csv
2023,2023-12,2818584000,인천광역시 연수구 송도3동,인천광역시,연수구,송도3동,pre_reform_code_preserved_district_not_reorganized,48558,23758,24800,5599,1759,11.5305,3.6225,not_calculated_source_aggregates_ages_60_to_69,jumin_population_age_202312.csv
2023,2023-12,2818585000,인천광역시 연수구 송도4동,인천광역시,연수구,송도4동,pre_reform_code_preserved_district_not_reorganized,33013,16258,16755,3509,1028,10.6291,3.1139,not_calculated_source_aggregates_ages_60_to_69,jumin_population_age_202312.csv
2023,2023-12,2818586000,인천광역시 연수구 송도5동,인천광역시,연수구,송도5동,pre_reform_code_preserved_district_not_reorganized,46184,22937,23247,5034,1309,10.8999,2.8343,not_calculated_source_aggregates_ages_60_to_69,jumin_population_age_202312.csv
2023,2023-12,2820051000,인천광역시 남동구 구월1동,인천광역시,남동구,구월1동,pre_reform_code_preserved_district_not_reorganized,31211,15193,16018,7313,2877,23.4308,9.2179,not_calculated_source_aggregates_ages_60_to_69,jumin_population_age_202312.csv
2023,2023-12,2820052000,인천광역시 남동구 구월2동,인천광역시,남동구,구월2동,pre_reform_code_preserved_district_not_reorganized,35651,17468,18183,7829,3075,21.9601,8.6253,not_calculated_source_aggregates_ages_60_to_69,jumin_population_age_202312.csv
2023,2023-12,2820052100,인천광역시 남동구 구월3동,인천광역시,남동구,구월3동,pre_reform_code_preserved_district_not_reorganized,28889,14550,14339,5605,2261,19.4018,7.8265,not_calculated_source_aggregates_ages_60_to_69,jumin_population_age_202312.csv
2023,2023-12,2820052200,인천광역시 남동구 구월4동,인천광역시,남동구,구월4동,pre_reform_code_preserved_district_not_reorganized,13506,6835,6671,4659,2052,34.4958,15.1932,not_calculated_source_aggregates_ages_60_to_69,jumin_population_age_202312.csv
2023,2023-12,2820053000,인천광역시 남동구 간석1동,인천광역시,남동구,간석1동,pre_reform_code_preserved_district_not_reorganized,16896,8341,8555,5167,2393,30.5812,14.1631,not_calculated_source_aggregates_ages_60_to_69,jumin_population_age_202312.csv
2023,2023-12,2820054000,인천광역시 남동구 간석2동,인천광역시,남동구,간석2동,pre_reform_code_preserved_district_not_reorganized,20798,10411,10387,5835,2535,28.0556,12.1887,not_calculated_source_aggregates_ages_60_to_69,jumin_population_age_202312.csv
2023,2023-12,2820055000,인천광역시 남동구 간석3동,인천광역시,남동구,간석3동,pre_reform_code_preserved_district_not_reorganized,25891,12942,12949,7793,3334,30.0993,12.8771,not_calculated_source_aggregates_ages_60_to_69,jumin_population_age_202312.csv
2023,2023-12,2820055100,인천광역시 남동구 간석4동,인천광역시,남동구,간석4동,pre_reform_code_preserved_district_not_reorganized,28219,14061,14158,7845,3255,27.8004,11.5348,not_calculated_source_aggregates_ages_60_to_69,jumin_population_age_202312.csv
2023,2023-12,2820056000,인천광역시 남동구 만수1동,인천광역시,남동구,만수1동,pre_reform_code_preserved_district_not_reorganized,15946,7779,8167,5678,2580,35.6077,16.1796,not_calculated_source_aggregates_ages_60_to_69,jumin_population_age_202312.csv
2023,2023-12,2820057000,인천광역시 남동구 만수2동,인천광역시,남동구,만수2동,pre_reform_code_preserved_district_not_reorganized,22978,11269,11709,6383,2547,27.7787,11.0845,not_calculated_source_aggregates_ages_60_to_69,jumin_population_age_202312.csv
2023,2023-12,2820058000,인천광역시 남동구 만수3동,인천광역시,남동구,만수3동,pre_reform_code_preserved_district_not_reorganized,16576,8378,8198,4665,1856,28.1431,11.1969,not_calculated_source_aggregates_ages_60_to_69,jumin_population_age_202312.csv
2023,2023-12,2820058100,인천광역시 남동구 만수4동,인천광역시,남동구,만수4동,pre_reform_code_preserved_district_not_reorganized,19283,9353,9930,5897,2415,30.5813,12.5240,not_calculated_source_aggregates_ages_60_to_69,jumin_population_age_202312.csv
2023,2023-12,2820058200,인천광역시 남동구 만수5동,인천광역시,남동구,만수5동,pre_reform_code_preserved_district_not_reorganized,14581,7259,7322,5261,2366,36.0812,16.2266,not_calculated_source_aggregates_ages_60_to_69,jumin_population_age_202312.csv
2023,2023-12,2820058300,인천광역시 남동구 만수6동,인천광역시,남동구,만수6동,pre_reform_code_preserved_district_not_reorganized,22695,10946,11749,7214,2969,31.7867,13.0822,not_calculated_source_aggregates_ages_60_to_69,jumin_population_age_202312.csv
2023,2023-12,2820065000,인천광역시 남동구 장수서창동,인천광역시,남동구,장수서창동,pre_reform_code_preserved_district_not_reorganized,18978,9485,9493,5439,2208,28.6595,11.6345,not_calculated_source_aggregates_ages_60_to_69,jumin_population_age_202312.csv
2023,2023-12,2820065500,인천광역시 남동구 서창2동,인천광역시,남동구,서창2동,pre_reform_code_preserved_district_not_reorganized,38024,18875,19149,7445,2765,19.5797,7.2717,not_calculated_source_aggregates_ages_60_to_69,jumin_population_age_202312.csv
2023,2023-12,2820066000,인천광역시 남동구 남촌도림동,인천광역시,남동구,남촌도림동,pre_reform_code_preserved_district_not_reorganized,20070,10286,9784,6191,2529,30.8470,12.6009,not_calculated_source_aggregates_ages_60_to_69,jumin_population_age_202312.csv
2023,2023-12,2820069000,인천광역시 남동구 논현1동,인천광역시,남동구,논현1동,pre_reform_code_preserved_district_not_reorganized,30822,15473,15349,6988,2732,22.6721,8.8638,not_calculated_source_aggregates_ages_60_to_69,jumin_population_age_202312.csv
2023,2023-12,2820070000,인천광역시 남동구 논현2동,인천광역시,남동구,논현2동,pre_reform_code_preserved_district_not_reorganized,31413,15889,15524,7844,3352,24.9706,10.6707,not_calculated_source_aggregates_ages_60_to_69,jumin_population_age_202312.csv
2023,2023-12,2820071000,인천광역시 남동구 논현고잔동,인천광역시,남동구,논현고잔동,pre_reform_code_preserved_district_not_reorganized,39988,19737,20251,7008,2514,17.5253,6.2869,not_calculated_source_aggregates_ages_60_to_69,jumin_population_age_202312.csv
2023,2023-12,2823751000,인천광역시 부평구 부평1동,인천광역시,부평구,부평1동,pre_reform_code_preserved_district_not_reorganized,35041,16776,18265,9025,3854,25.7555,10.9985,not_calculated_source_aggregates_ages_60_to_69,jumin_population_age_202312.csv
2023,2023-12,2823752000,인천광역시 부평구 부평2동,인천광역시,부평구,부평2동,pre_reform_code_preserved_district_not_reorganized,14645,7268,7377,4318,1927,29.4845,13.1581,not_calculated_source_aggregates_ages_60_to_69,jumin_population_age_202312.csv
2023,2023-12,2823753000,인천광역시 부평구 부평3동,인천광역시,부평구,부평3동,pre_reform_code_preserved_district_not_reorganized,14979,7440,7539,4521,2045,30.1823,13.6524,not_calculated_source_aggregates_ages_60_to_69,jumin_population_age_202312.csv
2023,2023-12,2823754000,인천광역시 부평구 부평4동,인천광역시,부평구,부평4동,pre_reform_code_preserved_district_not_reorganized,34516,16991,17525,8555,3585,24.7856,10.3865,not_calculated_source_aggregates_ages_60_to_69,jumin_population_age_202312.csv
2023,2023-12,2823755000,인천광역시 부평구 부평5동,인천광역시,부평구,부평5동,pre_reform_code_preserved_district_not_reorganized,33526,16481,17045,7091,2776,21.1507,8.2801,not_calculated_source_aggregates_ages_60_to_69,jumin_population_age_202312.csv
2023,2023-12,2823756000,인천광역시 부평구 부평6동,인천광역시,부평구,부평6동,pre_reform_code_preserved_district_not_reorganized,14712,7259,7453,4192,1812,28.4937,12.3165,not_calculated_source_aggregates_ages_60_to_69,jumin_population_age_202312.csv
2023,2023-12,2823757000,인천광역시 부평구 산곡1동,인천광역시,부평구,산곡1동,pre_reform_code_preserved_district_not_reorganized,14791,7286,7505,3577,1463,24.1836,9.8912,not_calculated_source_aggregates_ages_60_to_69,jumin_population_age_202312.csv
2023,2023-12,2823758000,인천광역시 부평구 산곡2동,인천광역시,부평구,산곡2동,pre_reform_code_preserved_district_not_reorganized,29604,14500,15104,7286,2888,24.6115,9.7554,not_calculated_source_aggregates_ages_60_to_69,jumin_population_age_202312.csv
2023,2023-12,2823758100,인천광역시 부평구 산곡3동,인천광역시,부평구,산곡3동,pre_reform_code_preserved_district_not_reorganized,20586,9955,10631,7217,3296,35.0578,16.0109,not_calculated_source_aggregates_ages_60_to_69,jumin_population_age_202312.csv
2023,2023-12,2823758200,인천광역시 부평구 산곡4동,인천광역시,부평구,산곡4동,pre_reform_code_preserved_district_not_reorganized,16645,7959,8686,4650,1933,27.9363,11.6131,not_calculated_source_aggregates_ages_60_to_69,jumin_population_age_202312.csv
2023,2023-12,2823759100,인천광역시 부평구 청천1동,인천광역시,부평구,청천1동,pre_reform_code_preserved_district_not_reorganized,17155,8766,8389,3333,1153,19.4287,6.7211,not_calculated_source_aggregates_ages_60_to_69,jumin_population_age_202312.csv
2023,2023-12,2823759200,인천광역시 부평구 청천2동,인천광역시,부평구,청천2동,pre_reform_code_preserved_district_not_reorganized,33453,16641,16812,8695,3281,25.9917,9.8078,not_calculated_source_aggregates_ages_60_to_69,jumin_population_age_202312.csv
2023,2023-12,2823764100,인천광역시 부평구 갈산1동,인천광역시,부평구,갈산1동,pre_reform_code_preserved_district_not_reorganized,15390,7841,7549,4397,1706,28.5705,11.0851,not_calculated_source_aggregates_ages_60_to_69,jumin_population_age_202312.csv
2023,2023-12,2823764200,인천광역시 부평구 갈산2동,인천광역시,부평구,갈산2동,pre_reform_code_preserved_district_not_reorganized,17636,8539,9097,5843,2392,33.1311,13.5632,not_calculated_source_aggregates_ages_60_to_69,jumin_population_age_202312.csv
2023,2023-12,2823764600,인천광역시 부평구 삼산1동,인천광역시,부평구,삼산1동,pre_reform_code_preserved_district_not_reorganized,32676,15980,16696,8522,3448,26.0803,10.5521,not_calculated_source_aggregates_ages_60_to_69,jumin_population_age_202312.csv
2023,2023-12,2823764800,인천광역시 부평구 삼산2동,인천광역시,부평구,삼산2동,pre_reform_code_preserved_district_not_reorganized,27697,13342,14355,5691,2202,20.5474,7.9503,not_calculated_source_aggregates_ages_60_to_69,jumin_population_age_202312.csv
2023,2023-12,2823765000,인천광역시 부평구 부개1동,인천광역시,부평구,부개1동,pre_reform_code_preserved_district_not_reorganized,15848,7950,7898,5573,2495,35.1653,15.7433,not_calculated_source_aggregates_ages_60_to_69,jumin_population_age_202312.csv
2023,2023-12,2823766000,인천광역시 부평구 부개2동,인천광역시,부평구,부개2동,pre_reform_code_preserved_district_not_reorganized,19111,9305,9806,5010,2048,26.2153,10.7163,not_calculated_source_aggregates_ages_60_to_69,jumin_population_age_202312.csv
2023,2023-12,2823766100,인천광역시 부평구 부개3동,인천광역시,부평구,부개3동,pre_reform_code_preserved_district_not_reorganized,28614,13684,14930,7265,2817,25.3897,9.8448,not_calculated_source_aggregates_ages_60_to_69,jumin_population_age_202312.csv
2023,2023-12,2823767000,인천광역시 부평구 일신동,인천광역시,부평구,일신동,pre_reform_code_preserved_district_not_reorganized,11739,5959,5780,3634,1410,30.9566,12.0112,not_calculated_source_aggregates_ages_60_to_69,jumin_population_age_202312.csv
2023,2023-12,2823768000,인천광역시 부평구 십정1동,인천광역시,부평구,십정1동,pre_reform_code_preserved_district_not_reorganized,24546,12315,12231,5840,2422,23.7921,9.8672,not_calculated_source_aggregates_ages_60_to_69,jumin_population_age_202312.csv
2023,2023-12,2823769000,인천광역시 부평구 십정2동,인천광역시,부평구,십정2동,pre_reform_code_preserved_district_not_reorganized,21228,11055,10173,7201,2980,33.9222,14.0381,not_calculated_source_aggregates_ages_60_to_69,jumin_population_age_202312.csv
2023,2023-12,2824560100,인천광역시 계양구 효성1동,인천광역시,계양구,효성1동,pre_reform_code_preserved_district_not_reorganized,26623,13323,13300,7595,2799,28.5280,10.5135,not_calculated_source_aggregates_ages_60_to_69,jumin_population_age_202312.csv
2023,2023-12,2824560200,인천광역시 계양구 효성2동,인천광역시,계양구,효성2동,pre_reform_code_preserved_district_not_reorganized,27327,13769,13558,8014,2895,29.3263,10.5939,not_calculated_source_aggregates_ages_60_to_69,jumin_population_age_202312.csv
2023,2023-12,2824561100,인천광역시 계양구 계산1동,인천광역시,계양구,계산1동,pre_reform_code_preserved_district_not_reorganized,17924,9413,8511,5829,2235,32.5206,12.4693,not_calculated_source_aggregates_ages_60_to_69,jumin_population_age_202312.csv
2023,2023-12,2824561200,인천광역시 계양구 계산2동,인천광역시,계양구,계산2동,pre_reform_code_preserved_district_not_reorganized,14708,7330,7378,4947,1821,33.6348,12.3810,not_calculated_source_aggregates_ages_60_to_69,jumin_population_age_202312.csv
2023,2023-12,2824561300,인천광역시 계양구 계산3동,인천광역시,계양구,계산3동,pre_reform_code_preserved_district_not_reorganized,17993,8644,9349,4984,1465,27.6997,8.1421,not_calculated_source_aggregates_ages_60_to_69,jumin_population_age_202312.csv
2023,2023-12,2824561400,인천광역시 계양구 계산4동,인천광역시,계양구,계산4동,pre_reform_code_preserved_district_not_reorganized,22503,11343,11160,4972,1480,22.0948,6.5769,not_calculated_source_aggregates_ages_60_to_69,jumin_population_age_202312.csv
2023,2023-12,2824562100,인천광역시 계양구 작전1동,인천광역시,계양구,작전1동,pre_reform_code_preserved_district_not_reorganized,26108,12828,13280,6873,2411,26.3253,9.2347,not_calculated_source_aggregates_ages_60_to_69,jumin_population_age_202312.csv
2023,2023-12,2824562200,인천광역시 계양구 작전2동,인천광역시,계양구,작전2동,pre_reform_code_preserved_district_not_reorganized,18311,8995,9316,5836,2191,31.8716,11.9655,not_calculated_source_aggregates_ages_60_to_69,jumin_population_age_202312.csv
2023,2023-12,2824564000,인천광역시 계양구 작전서운동,인천광역시,계양구,작전서운동,pre_reform_code_preserved_district_not_reorganized,33219,16466,16753,7098,2434,21.3673,7.3271,not_calculated_source_aggregates_ages_60_to_69,jumin_population_age_202312.csv
2023,2023-12,2824571000,인천광역시 계양구 계양1동,인천광역시,계양구,계양1동,pre_reform_code_preserved_district_not_reorganized,19370,9558,9812,5726,2211,29.5612,11.4146,not_calculated_source_aggregates_ages_60_to_69,jumin_population_age_202312.csv
2023,2023-12,2824572000,인천광역시 계양구 계양2동,인천광역시,계양구,계양2동,pre_reform_code_preserved_district_not_reorganized,32172,15985,16187,9306,3717,28.9258,11.5535,not_calculated_source_aggregates_ages_60_to_69,jumin_population_age_202312.csv
2023,2023-12,2824573000,인천광역시 계양구 계양3동,인천광역시,계양구,계양3동,pre_reform_code_preserved_district_not_reorganized,24008,11805,12203,5280,2031,21.9927,8.4597,not_calculated_source_aggregates_ages_60_to_69,jumin_population_age_202312.csv
2023,2023-12,2826051500,인천광역시 서구 검암경서동,인천광역시,서구,검암경서동,requires_2026_07_01_reform_crosswalk,54114,27594,26520,8859,3222,16.3710,5.9541,not_calculated_source_aggregates_ages_60_to_69,jumin_population_age_202312.csv
2023,2023-12,2826053000,인천광역시 서구 연희동,인천광역시,서구,연희동,requires_2026_07_01_reform_crosswalk,37808,19312,18496,10387,4060,27.4730,10.7385,not_calculated_source_aggregates_ages_60_to_69,jumin_population_age_202312.csv
2023,2023-12,2826053600,인천광역시 서구 청라1동,인천광역시,서구,청라1동,requires_2026_07_01_reform_crosswalk,30308,15047,15261,3505,1153,11.5646,3.8043,not_calculated_source_aggregates_ages_60_to_69,jumin_population_age_202312.csv
2023,2023-12,2826053700,인천광역시 서구 청라2동,인천광역시,서구,청라2동,requires_2026_07_01_reform_crosswalk,47538,23543,23995,6390,2044,13.4419,4.2997,not_calculated_source_aggregates_ages_60_to_69,jumin_population_age_202312.csv
2023,2023-12,2826053900,인천광역시 서구 청라3동,인천광역시,서구,청라3동,requires_2026_07_01_reform_crosswalk,35388,17672,17716,3916,1077,11.0659,3.0434,not_calculated_source_aggregates_ages_60_to_69,jumin_population_age_202312.csv
2023,2023-12,2826054200,인천광역시 서구 가정1동,인천광역시,서구,가정1동,requires_2026_07_01_reform_crosswalk,41226,20556,20670,7456,2640,18.0857,6.4037,not_calculated_source_aggregates_ages_60_to_69,jumin_population_age_202312.csv
2023,2023-12,2826054300,인천광역시 서구 가정2동,인천광역시,서구,가정2동,requires_2026_07_01_reform_crosswalk,16910,8655,8255,2671,710,15.7954,4.1987,not_calculated_source_aggregates_ages_60_to_69,jumin_population_age_202312.csv
2023,2023-12,2826054400,인천광역시 서구 가정3동,인천광역시,서구,가정3동,requires_2026_07_01_reform_crosswalk,8822,4405,4417,2565,841,29.0750,9.5330,not_calculated_source_aggregates_ages_60_to_69,jumin_population_age_202312.csv
2023,2023-12,2826055000,인천광역시 서구 석남1동,인천광역시,서구,석남1동,requires_2026_07_01_reform_crosswalk,20693,10600,10093,6544,2491,31.6242,12.0379,not_calculated_source_aggregates_ages_60_to_69,jumin_population_age_202312.csv
2023,2023-12,2826056000,인천광역시 서구 석남2동,인천광역시,서구,석남2동,requires_2026_07_01_reform_crosswalk,12069,6180,5889,4154,1698,34.4188,14.0691,not_calculated_source_aggregates_ages_60_to_69,jumin_population_age_202312.csv
2023,2023-12,2826056100,인천광역시 서구 석남3동,인천광역시,서구,석남3동,requires_2026_07_01_reform_crosswalk,12642,6334,6308,3985,1549,31.5219,12.2528,not_calculated_source_aggregates_ages_60_to_69,jumin_population_age_202312.csv
2023,2023-12,2826057500,인천광역시 서구 신현원창동,인천광역시,서구,신현원창동,requires_2026_07_01_reform_crosswalk,29738,14852,14886,7700,2572,25.8928,8.6489,not_calculated_source_aggregates_ages_60_to_69,jumin_population_age_202312.csv
2023,2023-12,2826058000,인천광역시 서구 가좌1동,인천광역시,서구,가좌1동,requires_2026_07_01_reform_crosswalk,12567,6696,5871,3649,1450,29.0364,11.5382,not_calculated_source_aggregates_ages_60_to_69,jumin_population_age_202312.csv
2023,2023-12,2826059000,인천광역시 서구 가좌2동,인천광역시,서구,가좌2동,requires_2026_07_01_reform_crosswalk,18545,9022,9523,5325,1991,28.7139,10.7360,not_calculated_source_aggregates_ages_60_to_69,jumin_population_age_202312.csv
2023,2023-12,2826060000,인천광역시 서구 가좌3동,인천광역시,서구,가좌3동,requires_2026_07_01_reform_crosswalk,15577,7979,7598,5353,2219,34.3648,14.2454,not_calculated_source_aggregates_ages_60_to_69,jumin_population_age_202312.csv
2023,2023-12,2826061000,인천광역시 서구 가좌4동,인천광역시,서구,가좌4동,requires_2026_07_01_reform_crosswalk,11853,6073,5780,3473,1290,29.3006,10.8833,not_calculated_source_aggregates_ages_60_to_69,jumin_population_age_202312.csv
2023,2023-12,2826068000,인천광역시 서구 검단동,인천광역시,서구,검단동,requires_2026_07_01_reform_crosswalk,32433,16882,15551,6976,2665,21.5090,8.2169,not_calculated_source_aggregates_ages_60_to_69,jumin_population_age_202312.csv
2023,2023-12,2826069000,인천광역시 서구 불로대곡동,인천광역시,서구,불로대곡동,requires_2026_07_01_reform_crosswalk,23213,11820,11393,5149,2378,22.1815,10.2443,not_calculated_source_aggregates_ages_60_to_69,jumin_population_age_202312.csv
2023,2023-12,2826070000,인천광역시 서구 원당동,인천광역시,서구,원당동,requires_2026_07_01_reform_crosswalk,22756,11567,11189,3859,1741,16.9582,7.6507,not_calculated_source_aggregates_ages_60_to_69,jumin_population_age_202312.csv
2023,2023-12,2826071000,인천광역시 서구 당하동,인천광역시,서구,당하동,requires_2026_07_01_reform_crosswalk,28681,14164,14517,5361,2053,18.6918,7.1580,not_calculated_source_aggregates_ages_60_to_69,jumin_population_age_202312.csv
2023,2023-12,2826072000,인천광역시 서구 오류왕길동,인천광역시,서구,오류왕길동,requires_2026_07_01_reform_crosswalk,24265,12328,11937,5632,2178,23.2104,8.9759,not_calculated_source_aggregates_ages_60_to_69,jumin_population_age_202312.csv
2023,2023-12,2826073000,인천광역시 서구 마전동,인천광역시,서구,마전동,requires_2026_07_01_reform_crosswalk,21660,10693,10967,4140,1701,19.1136,7.8532,not_calculated_source_aggregates_ages_60_to_69,jumin_population_age_202312.csv
2023,2023-12,2826074000,인천광역시 서구 아라동,인천광역시,서구,아라동,requires_2026_07_01_reform_crosswalk,65552,32567,32985,6015,1848,9.1759,2.8191,not_calculated_source_aggregates_ages_60_to_69,jumin_population_age_202312.csv
2023,2023-12,2871025000,인천광역시 강화군 강화읍,인천광역시,강화군,강화읍,pre_reform_code_preserved_district_not_reorganized,22299,10950,11349,8313,4286,37.2797,19.2206,not_calculated_source_aggregates_ages_60_to_69,jumin_population_age_202312.csv
2023,2023-12,2871031000,인천광역시 강화군 선원면,인천광역시,강화군,선원면,pre_reform_code_preserved_district_not_reorganized,7931,3955,3976,3275,1569,41.2937,19.7831,not_calculated_source_aggregates_ages_60_to_69,jumin_population_age_202312.csv
2023,2023-12,2871032000,인천광역시 강화군 불은면,인천광역시,강화군,불은면,pre_reform_code_preserved_district_not_reorganized,5067,2558,2509,2928,1516,57.7857,29.9191,not_calculated_source_aggregates_ages_60_to_69,jumin_population_age_202312.csv
2023,2023-12,2871033000,인천광역시 강화군 길상면,인천광역시,강화군,길상면,pre_reform_code_preserved_district_not_reorganized,7232,3658,3574,3639,1698,50.3180,23.4790,not_calculated_source_aggregates_ages_60_to_69,jumin_population_age_202312.csv
2023,2023-12,2871034000,인천광역시 강화군 화도면,인천광역시,강화군,화도면,pre_reform_code_preserved_district_not_reorganized,4552,2323,2229,2618,1372,57.5132,30.1406,not_calculated_source_aggregates_ages_60_to_69,jumin_population_age_202312.csv
2023,2023-12,2871035000,인천광역시 강화군 양도면,인천광역시,강화군,양도면,pre_reform_code_preserved_district_not_reorganized,4215,2108,2107,2442,1317,57.9359,31.2456,not_calculated_source_aggregates_ages_60_to_69,jumin_population_age_202312.csv
2023,2023-12,2871036000,인천광역시 강화군 내가면,인천광역시,강화군,내가면,pre_reform_code_preserved_district_not_reorganized,3029,1472,1557,1850,1011,61.0763,33.3774,not_calculated_source_aggregates_ages_60_to_69,jumin_population_age_202312.csv
2023,2023-12,2871037000,인천광역시 강화군 하점면,인천광역시,강화군,하점면,pre_reform_code_preserved_district_not_reorganized,4009,2049,1960,2462,1410,61.4118,35.1709,not_calculated_source_aggregates_ages_60_to_69,jumin_population_age_202312.csv
2023,2023-12,2871038000,인천광역시 강화군 양사면,인천광역시,강화군,양사면,pre_reform_code_preserved_district_not_reorganized,1913,973,940,1189,684,62.1537,35.7554,not_calculated_source_aggregates_ages_60_to_69,jumin_population_age_202312.csv
2023,2023-12,2871039000,인천광역시 강화군 송해면,인천광역시,강화군,송해면,pre_reform_code_preserved_district_not_reorganized,3252,1646,1606,1844,1062,56.7036,32.6568,not_calculated_source_aggregates_ages_60_to_69,jumin_population_age_202312.csv
2023,2023-12,2871040000,인천광역시 강화군 교동면,인천광역시,강화군,교동면,pre_reform_code_preserved_district_not_reorganized,2755,1427,1328,1745,1020,63.3394,37.0236,not_calculated_source_aggregates_ages_60_to_69,jumin_population_age_202312.csv
2023,2023-12,2871041000,인천광역시 강화군 삼산면,인천광역시,강화군,삼산면,pre_reform_code_preserved_district_not_reorganized,2100,1099,1001,1312,701,62.4762,33.3810,not_calculated_source_aggregates_ages_60_to_69,jumin_population_age_202312.csv
2023,2023-12,2871042000,인천광역시 강화군 서도면,인천광역시,강화군,서도면,pre_reform_code_preserved_district_not_reorganized,378,192,186,242,134,64.0212,35.4497,not_calculated_source_aggregates_ages_60_to_69,jumin_population_age_202312.csv
2023,2023-12,2871042500,인천광역시 강화군 서도면볼음출장소,인천광역시,강화군,서도면볼음출장소,pre_reform_code_preserved_district_not_reorganized,273,156,117,196,101,71.7949,36.9963,not_calculated_source_aggregates_ages_60_to_69,jumin_population_age_202312.csv
2023,2023-12,2872031000,인천광역시 옹진군 북도면,인천광역시,옹진군,북도면,pre_reform_code_preserved_district_not_reorganized,1162,600,562,679,310,58.4337,26.6781,not_calculated_source_aggregates_ages_60_to_69,jumin_population_age_202312.csv
2023,2023-12,2872031500,인천광역시 옹진군 북도면장봉출장소,인천광역시,옹진군,북도면장봉출장소,pre_reform_code_preserved_district_not_reorganized,969,517,452,543,259,56.0372,26.7286,not_calculated_source_aggregates_ages_60_to_69,jumin_population_age_202312.csv
2023,2023-12,2872033000,인천광역시 옹진군 백령면,인천광역시,옹진군,백령면,pre_reform_code_preserved_district_not_reorganized,4875,2875,2000,1653,790,33.9077,16.2051,not_calculated_source_aggregates_ages_60_to_69,jumin_population_age_202312.csv
2023,2023-12,2872034000,인천광역시 옹진군 대청면,인천광역시,옹진군,대청면,pre_reform_code_preserved_district_not_reorganized,1201,702,499,527,262,43.8801,21.8152,not_calculated_source_aggregates_ages_60_to_69,jumin_population_age_202312.csv
2023,2023-12,2872034500,인천광역시 옹진군 대청면소청출장소,인천광역시,옹진군,대청면소청출장소,pre_reform_code_preserved_district_not_reorganized,221,139,82,127,71,57.4661,32.1267,not_calculated_source_aggregates_ages_60_to_69,jumin_population_age_202312.csv
2023,2023-12,2872035000,인천광역시 옹진군 덕적면,인천광역시,옹진군,덕적면,pre_reform_code_preserved_district_not_reorganized,1940,1095,845,1147,590,59.1237,30.4124,not_calculated_source_aggregates_ages_60_to_69,jumin_population_age_202312.csv
2023,2023-12,2872036000,인천광역시 옹진군 영흥면,인천광역시,옹진군,영흥면,pre_reform_code_preserved_district_not_reorganized,6576,3657,2919,2858,1245,43.4611,18.9325,not_calculated_source_aggregates_ages_60_to_69,jumin_population_age_202312.csv
2023,2023-12,2872037000,인천광역시 옹진군 자월면,인천광역시,옹진군,자월면,pre_reform_code_preserved_district_not_reorganized,978,520,458,590,291,60.3272,29.7546,not_calculated_source_aggregates_ages_60_to_69,jumin_population_age_202312.csv
2023,2023-12,2872037500,인천광역시 옹진군 자월면이작출장소,인천광역시,옹진군,자월면이작출장소,pre_reform_code_preserved_district_not_reorganized,370,196,174,219,105,59.1892,28.3784,not_calculated_source_aggregates_ages_60_to_69,jumin_population_age_202312.csv
2023,2023-12,2872038000,인천광역시 옹진군 연평면,인천광역시,옹진군,연평면,pre_reform_code_preserved_district_not_reorganized,2085,1342,743,629,242,30.1679,11.6067,not_calculated_source_aggregates_ages_60_to_69,jumin_population_age_202312.csv
2024,2024-12,2811052000,인천광역시 중구 연안동,인천광역시,중구,연안동,requires_2026_07_01_reform_crosswalk,5118,2754,2364,2323,1064,45.3888,20.7894,not_calculated_source_aggregates_ages_60_to_69,jumin_population_age_202412.csv
2024,2024-12,2811053000,인천광역시 중구 신포동,인천광역시,중구,신포동,requires_2026_07_01_reform_crosswalk,4526,2291,2235,1774,999,39.1958,22.0725,not_calculated_source_aggregates_ages_60_to_69,jumin_population_age_202412.csv
2024,2024-12,2811054000,인천광역시 중구 신흥동,인천광역시,중구,신흥동,requires_2026_07_01_reform_crosswalk,14118,7133,6985,4357,2097,30.8613,14.8534,not_calculated_source_aggregates_ages_60_to_69,jumin_population_age_202412.csv
2024,2024-12,2811056000,인천광역시 중구 도원동,인천광역시,중구,도원동,requires_2026_07_01_reform_crosswalk,3573,1842,1731,1704,908,47.6910,25.4128,not_calculated_source_aggregates_ages_60_to_69,jumin_population_age_202412.csv
2024,2024-12,2811057000,인천광역시 중구 율목동,인천광역시,중구,율목동,requires_2026_07_01_reform_crosswalk,2896,1496,1400,1349,733,46.5815,25.3108,not_calculated_source_aggregates_ages_60_to_69,jumin_population_age_202412.csv
2024,2024-12,2811058500,인천광역시 중구 동인천동,인천광역시,중구,동인천동,requires_2026_07_01_reform_crosswalk,5260,2801,2459,2435,1278,46.2928,24.2966,not_calculated_source_aggregates_ages_60_to_69,jumin_population_age_202412.csv
2024,2024-12,2811061500,인천광역시 중구 개항동,인천광역시,중구,개항동,requires_2026_07_01_reform_crosswalk,6731,3447,3284,2871,1461,42.6534,21.7055,not_calculated_source_aggregates_ages_60_to_69,jumin_population_age_202412.csv
2024,2024-12,2811062000,인천광역시 중구 영종동,인천광역시,중구,영종동,requires_2026_07_01_reform_crosswalk,22857,12598,10259,5623,2191,24.6008,9.5857,not_calculated_source_aggregates_ages_60_to_69,jumin_population_age_202412.csv
2024,2024-12,2811062200,인천광역시 중구 영종1동,인천광역시,중구,영종1동,requires_2026_07_01_reform_crosswalk,33627,16686,16941,4417,1825,13.1353,5.4272,not_calculated_source_aggregates_ages_60_to_69,jumin_population_age_202412.csv
2024,2024-12,2811062300,인천광역시 중구 영종2동,인천광역시,중구,영종2동,requires_2026_07_01_reform_crosswalk,25833,12910,12923,2973,1217,11.5085,4.7110,not_calculated_source_aggregates_ages_60_to_69,jumin_population_age_202412.csv
2024,2024-12,2811062800,인천광역시 중구 운서동,인천광역시,중구,운서동,requires_2026_07_01_reform_crosswalk,39044,20471,18573,5506,2454,14.1020,6.2852,not_calculated_source_aggregates_ages_60_to_69,jumin_population_age_202412.csv
2024,2024-12,2811063000,인천광역시 중구 용유동,인천광역시,중구,용유동,requires_2026_07_01_reform_crosswalk,3530,1968,1562,1989,943,56.3456,26.7139,not_calculated_source_aggregates_ages_60_to_69,jumin_population_age_202412.csv
2024,2024-12,2814051000,인천광역시 동구 만석동,인천광역시,동구,만석동,requires_2026_07_01_reform_crosswalk,6276,3234,3042,2315,1100,36.8866,17.5271,not_calculated_source_aggregates_ages_60_to_69,jumin_population_age_202412.csv
2024,2024-12,2814052500,인천광역시 동구 화수1.화평동,인천광역시,동구,화수1.화평동,requires_2026_07_01_reform_crosswalk,5416,2738,2678,2375,1257,43.8516,23.2090,not_calculated_source_aggregates_ages_60_to_69,jumin_population_age_202412.csv
2024,2024-12,2814053000,인천광역시 동구 화수2동,인천광역시,동구,화수2동,requires_2026_07_01_reform_crosswalk,6869,3381,3488,3046,1698,44.3442,24.7198,not_calculated_source_aggregates_ages_60_to_69,jumin_population_age_202412.csv
2024,2024-12,2814055500,인천광역시 동구 송현1.2동,인천광역시,동구,송현1.2동,requires_2026_07_01_reform_crosswalk,9703,4771,4932,3246,1603,33.4536,16.5207,not_calculated_source_aggregates_ages_60_to_69,jumin_population_age_202412.csv
2024,2024-12,2814057000,인천광역시 동구 송현3동,인천광역시,동구,송현3동,requires_2026_07_01_reform_crosswalk,2754,1437,1317,1300,696,47.2041,25.2723,not_calculated_source_aggregates_ages_60_to_69,jumin_population_age_202412.csv
2024,2024-12,2814058000,인천광역시 동구 송림1동,인천광역시,동구,송림1동,requires_2026_07_01_reform_crosswalk,6627,3222,3405,1571,729,23.7061,11.0005,not_calculated_source_aggregates_ages_60_to_69,jumin_population_age_202412.csv
2024,2024-12,2814059000,인천광역시 동구 송림2동,인천광역시,동구,송림2동,requires_2026_07_01_reform_crosswalk,1225,631,594,690,395,56.3265,32.2449,not_calculated_source_aggregates_ages_60_to_69,jumin_population_age_202412.csv
2024,2024-12,2814060500,인천광역시 동구 송림3.5동,인천광역시,동구,송림3.5동,requires_2026_07_01_reform_crosswalk,5521,2757,2764,1874,959,33.9431,17.3700,not_calculated_source_aggregates_ages_60_to_69,jumin_population_age_202412.csv
2024,2024-12,2814061000,인천광역시 동구 송림4동,인천광역시,동구,송림4동,requires_2026_07_01_reform_crosswalk,6025,3099,2926,1422,605,23.6017,10.0415,not_calculated_source_aggregates_ages_60_to_69,jumin_population_age_202412.csv
2024,2024-12,2814063000,인천광역시 동구 송림6동,인천광역시,동구,송림6동,requires_2026_07_01_reform_crosswalk,5673,2849,2824,1940,1001,34.1971,17.6450,not_calculated_source_aggregates_ages_60_to_69,jumin_population_age_202412.csv
2024,2024-12,2814064000,인천광역시 동구 금창동,인천광역시,동구,금창동,requires_2026_07_01_reform_crosswalk,2207,1099,1108,1102,634,49.9320,28.7268,not_calculated_source_aggregates_ages_60_to_69,jumin_population_age_202412.csv
2024,2024-12,2817751000,인천광역시 미추홀구 숭의2동,인천광역시,미추홀구,숭의2동,pre_reform_code_preserved_district_not_reorganized,13511,6785,6726,4364,2083,32.2996,15.4171,not_calculated_source_aggregates_ages_60_to_69,jumin_population_age_202412.csv
2024,2024-12,2817752000,인천광역시 미추홀구 숭의1.3동,인천광역시,미추홀구,숭의1.3동,pre_reform_code_preserved_district_not_reorganized,15501,7661,7840,4078,1828,26.3080,11.7928,not_calculated_source_aggregates_ages_60_to_69,jumin_population_age_202412.csv
2024,2024-12,2817753000,인천광역시 미추홀구 숭의4동,인천광역시,미추홀구,숭의4동,pre_reform_code_preserved_district_not_reorganized,14442,7266,7176,4744,2335,32.8486,16.1681,not_calculated_source_aggregates_ages_60_to_69,jumin_population_age_202412.csv
2024,2024-12,2817754000,인천광역시 미추홀구 용현1.4동,인천광역시,미추홀구,용현1.4동,pre_reform_code_preserved_district_not_reorganized,17109,9379,7730,5625,2936,32.8774,17.1606,not_calculated_source_aggregates_ages_60_to_69,jumin_population_age_202412.csv
2024,2024-12,2817755000,인천광역시 미추홀구 용현2동,인천광역시,미추홀구,용현2동,pre_reform_code_preserved_district_not_reorganized,22716,11348,11368,5578,2704,24.5554,11.9035,not_calculated_source_aggregates_ages_60_to_69,jumin_population_age_202412.csv
2024,2024-12,2817756000,인천광역시 미추홀구 용현3동,인천광역시,미추홀구,용현3동,pre_reform_code_preserved_district_not_reorganized,6883,3647,3236,2857,1480,41.5081,21.5023,not_calculated_source_aggregates_ages_60_to_69,jumin_population_age_202412.csv
2024,2024-12,2817757000,인천광역시 미추홀구 용현5동,인천광역시,미추홀구,용현5동,pre_reform_code_preserved_district_not_reorganized,45008,22311,22697,11097,4709,24.6556,10.4626,not_calculated_source_aggregates_ages_60_to_69,jumin_population_age_202412.csv
2024,2024-12,2817758000,인천광역시 미추홀구 학익1동,인천광역시,미추홀구,학익1동,pre_reform_code_preserved_district_not_reorganized,35809,17830,17979,8475,3625,23.6672,10.1232,not_calculated_source_aggregates_ages_60_to_69,jumin_population_age_202412.csv
2024,2024-12,2817759000,인천광역시 미추홀구 학익2동,인천광역시,미추홀구,학익2동,pre_reform_code_preserved_district_not_reorganized,17160,8313,8847,5804,2820,33.8228,16.4336,not_calculated_source_aggregates_ages_60_to_69,jumin_population_age_202412.csv
2024,2024-12,2817760000,인천광역시 미추홀구 도화1동,인천광역시,미추홀구,도화1동,pre_reform_code_preserved_district_not_reorganized,20769,10363,10406,6167,2942,29.6933,14.1653,not_calculated_source_aggregates_ages_60_to_69,jumin_population_age_202412.csv
2024,2024-12,2817761000,인천광역시 미추홀구 도화2.3동,인천광역시,미추홀구,도화2.3동,pre_reform_code_preserved_district_not_reorganized,30876,15673,15203,8044,3379,26.0526,10.9438,not_calculated_source_aggregates_ages_60_to_69,jumin_population_age_202412.csv
2024,2024-12,2817762000,인천광역시 미추홀구 주안1동,인천광역시,미추홀구,주안1동,pre_reform_code_preserved_district_not_reorganized,19724,10504,9220,4217,1594,21.3800,8.0815,not_calculated_source_aggregates_ages_60_to_69,jumin_population_age_202412.csv
2024,2024-12,2817763000,인천광역시 미추홀구 주안2동,인천광역시,미추홀구,주안2동,pre_reform_code_preserved_district_not_reorganized,21897,10945,10952,6671,3145,30.4654,14.3627,not_calculated_source_aggregates_ages_60_to_69,jumin_population_age_202412.csv
2024,2024-12,2817764000,인천광역시 미추홀구 주안3동,인천광역시,미추홀구,주안3동,pre_reform_code_preserved_district_not_reorganized,12271,6163,6108,3617,1764,29.4760,14.3754,not_calculated_source_aggregates_ages_60_to_69,jumin_population_age_202412.csv
2024,2024-12,2817765000,인천광역시 미추홀구 주안4동,인천광역시,미추홀구,주안4동,pre_reform_code_preserved_district_not_reorganized,19816,9797,10019,6115,2939,30.8589,14.8314,not_calculated_source_aggregates_ages_60_to_69,jumin_population_age_202412.csv
2024,2024-12,2817766000,인천광역시 미추홀구 주안5동,인천광역시,미추홀구,주안5동,pre_reform_code_preserved_district_not_reorganized,19561,9779,9782,6107,2781,31.2203,14.2171,not_calculated_source_aggregates_ages_60_to_69,jumin_population_age_202412.csv
2024,2024-12,2817767000,인천광역시 미추홀구 주안6동,인천광역시,미추홀구,주안6동,pre_reform_code_preserved_district_not_reorganized,20592,10235,10357,5777,2615,28.0546,12.6991,not_calculated_source_aggregates_ages_60_to_69,jumin_population_age_202412.csv
2024,2024-12,2817768000,인천광역시 미추홀구 주안7동,인천광역시,미추홀구,주안7동,pre_reform_code_preserved_district_not_reorganized,12014,5819,6195,4668,2247,38.8547,18.7032,not_calculated_source_aggregates_ages_60_to_69,jumin_population_age_202412.csv
2024,2024-12,2817769000,인천광역시 미추홀구 주안8동,인천광역시,미추홀구,주안8동,pre_reform_code_preserved_district_not_reorganized,18921,9247,9674,6294,2764,33.2646,14.6081,not_calculated_source_aggregates_ages_60_to_69,jumin_population_age_202412.csv
2024,2024-12,2817770000,인천광역시 미추홀구 관교동,인천광역시,미추홀구,관교동,pre_reform_code_preserved_district_not_reorganized,13941,6851,7090,4765,2128,34.1798,15.2643,not_calculated_source_aggregates_ages_60_to_69,jumin_population_age_202412.csv
2024,2024-12,2817771000,인천광역시 미추홀구 문학동,인천광역시,미추홀구,문학동,pre_reform_code_preserved_district_not_reorganized,13753,7533,6220,3354,1411,24.3874,10.2596,not_calculated_source_aggregates_ages_60_to_69,jumin_population_age_202412.csv
2024,2024-12,2818563000,인천광역시 연수구 옥련1동,인천광역시,연수구,옥련1동,pre_reform_code_preserved_district_not_reorganized,17176,8429,8747,5388,2387,31.3694,13.8973,not_calculated_source_aggregates_ages_60_to_69,jumin_population_age_202412.csv
2024,2024-12,2818564000,인천광역시 연수구 옥련2동,인천광역시,연수구,옥련2동,pre_reform_code_preserved_district_not_reorganized,19279,9487,9792,5373,2165,27.8697,11.2298,not_calculated_source_aggregates_ages_60_to_69,jumin_population_age_202412.csv
2024,2024-12,2818575000,인천광역시 연수구 선학동,인천광역시,연수구,선학동,pre_reform_code_preserved_district_not_reorganized,17739,9153,8586,5900,2390,33.2600,13.4731,not_calculated_source_aggregates_ages_60_to_69,jumin_population_age_202412.csv
2024,2024-12,2818576100,인천광역시 연수구 연수1동,인천광역시,연수구,연수1동,pre_reform_code_preserved_district_not_reorganized,16682,9148,7534,5106,1995,30.6078,11.9590,not_calculated_source_aggregates_ages_60_to_69,jumin_population_age_202412.csv
2024,2024-12,2818576200,인천광역시 연수구 연수2동,인천광역시,연수구,연수2동,pre_reform_code_preserved_district_not_reorganized,19405,9551,9854,5580,2217,28.7555,11.4249,not_calculated_source_aggregates_ages_60_to_69,jumin_population_age_202412.csv
2024,2024-12,2818576300,인천광역시 연수구 연수3동,인천광역시,연수구,연수3동,pre_reform_code_preserved_district_not_reorganized,14680,6981,7699,5228,2243,35.6131,15.2793,not_calculated_source_aggregates_ages_60_to_69,jumin_population_age_202412.csv
2024,2024-12,2818576600,인천광역시 연수구 청학동,인천광역시,연수구,청학동,pre_reform_code_preserved_district_not_reorganized,22425,11690,10735,7814,3237,34.8450,14.4348,not_calculated_source_aggregates_ages_60_to_69,jumin_population_age_202412.csv
2024,2024-12,2818578000,인천광역시 연수구 동춘1동,인천광역시,연수구,동춘1동,pre_reform_code_preserved_district_not_reorganized,25772,12573,13199,5817,1880,22.5710,7.2947,not_calculated_source_aggregates_ages_60_to_69,jumin_population_age_202412.csv
2024,2024-12,2818579000,인천광역시 연수구 동춘2동,인천광역시,연수구,동춘2동,pre_reform_code_preserved_district_not_reorganized,16918,8193,8725,4425,1608,26.1556,9.5047,not_calculated_source_aggregates_ages_60_to_69,jumin_population_age_202412.csv
2024,2024-12,2818579500,인천광역시 연수구 동춘3동,인천광역시,연수구,동춘3동,pre_reform_code_preserved_district_not_reorganized,17773,8641,9132,4143,1623,23.3106,9.1318,not_calculated_source_aggregates_ages_60_to_69,jumin_population_age_202412.csv
2024,2024-12,2818582000,인천광역시 연수구 송도1동,인천광역시,연수구,송도1동,pre_reform_code_preserved_district_not_reorganized,37472,18339,19133,6804,2341,18.1576,6.2473,not_calculated_source_aggregates_ages_60_to_69,jumin_population_age_202412.csv
2024,2024-12,2818583000,인천광역시 연수구 송도2동,인천광역시,연수구,송도2동,pre_reform_code_preserved_district_not_reorganized,37126,18153,18973,4547,1395,12.2475,3.7575,not_calculated_source_aggregates_ages_60_to_69,jumin_population_age_202412.csv
2024,2024-12,2818584000,인천광역시 연수구 송도3동,인천광역시,연수구,송도3동,pre_reform_code_preserved_district_not_reorganized,48560,23703,24857,5935,1906,12.2220,3.9250,not_calculated_source_aggregates_ages_60_to_69,jumin_population_age_202412.csv
2024,2024-12,2818585000,인천광역시 연수구 송도4동,인천광역시,연수구,송도4동,pre_reform_code_preserved_district_not_reorganized,42733,21002,21731,4627,1335,10.8277,3.1240,not_calculated_source_aggregates_ages_60_to_69,jumin_population_age_202412.csv
2024,2024-12,2818586000,인천광역시 연수구 송도5동,인천광역시,연수구,송도5동,pre_reform_code_preserved_district_not_reorganized,46473,23073,23400,5504,1484,11.8434,3.1933,not_calculated_source_aggregates_ages_60_to_69,jumin_population_age_202412.csv
2024,2024-12,2820051000,인천광역시 남동구 구월1동,인천광역시,남동구,구월1동,pre_reform_code_preserved_district_not_reorganized,30846,15014,15832,7678,3070,24.8914,9.9527,not_calculated_source_aggregates_ages_60_to_69,jumin_population_age_202412.csv
2024,2024-12,2820052000,인천광역시 남동구 구월2동,인천광역시,남동구,구월2동,pre_reform_code_preserved_district_not_reorganized,36939,18071,18868,8443,3413,22.8566,9.2396,not_calculated_source_aggregates_ages_60_to_69,jumin_population_age_202412.csv
2024,2024-12,2820052100,인천광역시 남동구 구월3동,인천광역시,남동구,구월3동,pre_reform_code_preserved_district_not_reorganized,28142,14284,13858,5829,2400,20.7128,8.5282,not_calculated_source_aggregates_ages_60_to_69,jumin_population_age_202412.csv
2024,2024-12,2820052200,인천광역시 남동구 구월4동,인천광역시,남동구,구월4동,pre_reform_code_preserved_district_not_reorganized,13098,6662,6436,4817,2189,36.7766,16.7125,not_calculated_source_aggregates_ages_60_to_69,jumin_population_age_202412.csv
2024,2024-12,2820053000,인천광역시 남동구 간석1동,인천광역시,남동구,간석1동,pre_reform_code_preserved_district_not_reorganized,17727,8738,8989,5549,2568,31.3025,14.4864,not_calculated_source_aggregates_ages_60_to_69,jumin_population_age_202412.csv
2024,2024-12,2820054000,인천광역시 남동구 간석2동,인천광역시,남동구,간석2동,pre_reform_code_preserved_district_not_reorganized,20340,10156,10184,6020,2681,29.5969,13.1809,not_calculated_source_aggregates_ages_60_to_69,jumin_population_age_202412.csv
2024,2024-12,2820055000,인천광역시 남동구 간석3동,인천광역시,남동구,간석3동,pre_reform_code_preserved_district_not_reorganized,25234,12641,12593,8091,3529,32.0639,13.9851,not_calculated_source_aggregates_ages_60_to_69,jumin_population_age_202412.csv
2024,2024-12,2820055100,인천광역시 남동구 간석4동,인천광역시,남동구,간석4동,pre_reform_code_preserved_district_not_reorganized,27753,13789,13964,8140,3430,29.3302,12.3590,not_calculated_source_aggregates_ages_60_to_69,jumin_population_age_202412.csv
2024,2024-12,2820056000,인천광역시 남동구 만수1동,인천광역시,남동구,만수1동,pre_reform_code_preserved_district_not_reorganized,15473,7539,7934,5834,2710,37.7044,17.5144,not_calculated_source_aggregates_ages_60_to_69,jumin_population_age_202412.csv
2024,2024-12,2820057000,인천광역시 남동구 만수2동,인천광역시,남동구,만수2동,pre_reform_code_preserved_district_not_reorganized,22438,10972,11466,6591,2690,29.3743,11.9886,not_calculated_source_aggregates_ages_60_to_69,jumin_population_age_202412.csv
2024,2024-12,2820058000,인천광역시 남동구 만수3동,인천광역시,남동구,만수3동,pre_reform_code_preserved_district_not_reorganized,16075,8075,8000,4817,1958,29.9658,12.1804,not_calculated_source_aggregates_ages_60_to_69,jumin_population_age_202412.csv
2024,2024-12,2820058100,인천광역시 남동구 만수4동,인천광역시,남동구,만수4동,pre_reform_code_preserved_district_not_reorganized,18665,9013,9652,6004,2549,32.1672,13.6566,not_calculated_source_aggregates_ages_60_to_69,jumin_population_age_202412.csv
2024,2024-12,2820058200,인천광역시 남동구 만수5동,인천광역시,남동구,만수5동,pre_reform_code_preserved_district_not_reorganized,14208,7078,7130,5420,2472,38.1475,17.3986,not_calculated_source_aggregates_ages_60_to_69,jumin_population_age_202412.csv
2024,2024-12,2820058300,인천광역시 남동구 만수6동,인천광역시,남동구,만수6동,pre_reform_code_preserved_district_not_reorganized,22195,10719,11476,7521,3132,33.8860,14.1113,not_calculated_source_aggregates_ages_60_to_69,jumin_population_age_202412.csv
2024,2024-12,2820065000,인천광역시 남동구 장수서창동,인천광역시,남동구,장수서창동,pre_reform_code_preserved_district_not_reorganized,18553,9263,9290,5687,2356,30.6527,12.6988,not_calculated_source_aggregates_ages_60_to_69,jumin_population_age_202412.csv
2024,2024-12,2820065500,인천광역시 남동구 서창2동,인천광역시,남동구,서창2동,pre_reform_code_preserved_district_not_reorganized,37639,18621,19018,7879,3052,20.9331,8.1086,not_calculated_source_aggregates_ages_60_to_69,jumin_population_age_202412.csv
2024,2024-12,2820066000,인천광역시 남동구 남촌도림동,인천광역시,남동구,남촌도림동,pre_reform_code_preserved_district_not_reorganized,19269,9859,9410,6450,2682,33.4735,13.9187,not_calculated_source_aggregates_ages_60_to_69,jumin_population_age_202412.csv
2024,2024-12,2820069000,인천광역시 남동구 논현1동,인천광역시,남동구,논현1동,pre_reform_code_preserved_district_not_reorganized,31264,15679,15585,7475,2959,23.9093,9.4646,not_calculated_source_aggregates_ages_60_to_69,jumin_population_age_202412.csv
2024,2024-12,2820070000,인천광역시 남동구 논현2동,인천광역시,남동구,논현2동,pre_reform_code_preserved_district_not_reorganized,30953,15617,15336,8293,3584,26.7922,11.5788,not_calculated_source_aggregates_ages_60_to_69,jumin_population_age_202412.csv
2024,2024-12,2820071000,인천광역시 남동구 논현고잔동,인천광역시,남동구,논현고잔동,pre_reform_code_preserved_district_not_reorganized,39414,19430,19984,7395,2713,18.7624,6.8833,not_calculated_source_aggregates_ages_60_to_69,jumin_population_age_202412.csv
2024,2024-12,2823751000,인천광역시 부평구 부평1동,인천광역시,부평구,부평1동,pre_reform_code_preserved_district_not_reorganized,34918,16720,18198,9402,4091,26.9259,11.7160,not_calculated_source_aggregates_ages_60_to_69,jumin_population_age_202412.csv
2024,2024-12,2823752000,인천광역시 부평구 부평2동,인천광역시,부평구,부평2동,pre_reform_code_preserved_district_not_reorganized,14653,7282,7371,4433,1965,30.2532,13.4102,not_calculated_source_aggregates_ages_60_to_69,jumin_population_age_202412.csv
2024,2024-12,2823753000,인천광역시 부평구 부평3동,인천광역시,부평구,부평3동,pre_reform_code_preserved_district_not_reorganized,14958,7408,7550,4696,2149,31.3946,14.3669,not_calculated_source_aggregates_ages_60_to_69,jumin_population_age_202412.csv
2024,2024-12,2823754000,인천광역시 부평구 부평4동,인천광역시,부평구,부평4동,pre_reform_code_preserved_district_not_reorganized,33583,16562,17021,8858,3754,26.3764,11.1783,not_calculated_source_aggregates_ages_60_to_69,jumin_population_age_202412.csv
2024,2024-12,2823755000,인천광역시 부평구 부평5동,인천광역시,부평구,부평5동,pre_reform_code_preserved_district_not_reorganized,33235,16317,16918,7366,2963,22.1634,8.9153,not_calculated_source_aggregates_ages_60_to_69,jumin_population_age_202412.csv
2024,2024-12,2823756000,인천광역시 부평구 부평6동,인천광역시,부평구,부평6동,pre_reform_code_preserved_district_not_reorganized,16076,7917,8159,4636,2047,28.8380,12.7333,not_calculated_source_aggregates_ages_60_to_69,jumin_population_age_202412.csv
2024,2024-12,2823757000,인천광역시 부평구 산곡1동,인천광역시,부평구,산곡1동,pre_reform_code_preserved_district_not_reorganized,14782,7270,7512,3685,1527,24.9290,10.3301,not_calculated_source_aggregates_ages_60_to_69,jumin_population_age_202412.csv
2024,2024-12,2823758000,인천광역시 부평구 산곡2동,인천광역시,부평구,산곡2동,pre_reform_code_preserved_district_not_reorganized,29181,14276,14905,7573,3008,25.9518,10.3081,not_calculated_source_aggregates_ages_60_to_69,jumin_population_age_202412.csv
2024,2024-12,2823758100,인천광역시 부평구 산곡3동,인천광역시,부평구,산곡3동,pre_reform_code_preserved_district_not_reorganized,20065,9696,10369,7399,3420,36.8752,17.0446,not_calculated_source_aggregates_ages_60_to_69,jumin_population_age_202412.csv
2024,2024-12,2823758200,인천광역시 부평구 산곡4동,인천광역시,부평구,산곡4동,pre_reform_code_preserved_district_not_reorganized,16483,7845,8638,4874,2041,29.5699,12.3825,not_calculated_source_aggregates_ages_60_to_69,jumin_population_age_202412.csv
2024,2024-12,2823759100,인천광역시 부평구 청천1동,인천광역시,부평구,청천1동,pre_reform_code_preserved_district_not_reorganized,22465,11398,11067,4213,1497,18.7536,6.6637,not_calculated_source_aggregates_ages_60_to_69,jumin_population_age_202412.csv
2024,2024-12,2823759200,인천광역시 부평구 청천2동,인천광역시,부평구,청천2동,pre_reform_code_preserved_district_not_reorganized,32879,16362,16517,9024,3490,27.4461,10.6147,not_calculated_source_aggregates_ages_60_to_69,jumin_population_age_202412.csv
2024,2024-12,2823764100,인천광역시 부평구 갈산1동,인천광역시,부평구,갈산1동,pre_reform_code_preserved_district_not_reorganized,14370,7300,7070,4425,1746,30.7933,12.1503,not_calculated_source_aggregates_ages_60_to_69,jumin_population_age_202412.csv
2024,2024-12,2823764200,인천광역시 부평구 갈산2동,인천광역시,부평구,갈산2동,pre_reform_code_preserved_district_not_reorganized,17364,8374,8990,6099,2543,35.1244,14.6452,not_calculated_source_aggregates_ages_60_to_69,jumin_population_age_202412.csv
2024,2024-12,2823764600,인천광역시 부평구 삼산1동,인천광역시,부평구,삼산1동,pre_reform_code_preserved_district_not_reorganized,32088,15696,16392,8897,3614,27.7269,11.2628,not_calculated_source_aggregates_ages_60_to_69,jumin_population_age_202412.csv
2024,2024-12,2823764800,인천광역시 부평구 삼산2동,인천광역시,부평구,삼산2동,pre_reform_code_preserved_district_not_reorganized,27371,13190,14181,6054,2382,22.1183,8.7026,not_calculated_source_aggregates_ages_60_to_69,jumin_population_age_202412.csv
2024,2024-12,2823765000,인천광역시 부평구 부개1동,인천광역시,부평구,부개1동,pre_reform_code_preserved_district_not_reorganized,15250,7635,7615,5708,2639,37.4295,17.3049,not_calculated_source_aggregates_ages_60_to_69,jumin_population_age_202412.csv
2024,2024-12,2823766000,인천광역시 부평구 부개2동,인천광역시,부평구,부개2동,pre_reform_code_preserved_district_not_reorganized,18890,9174,9716,5218,2181,27.6231,11.5458,not_calculated_source_aggregates_ages_60_to_69,jumin_population_age_202412.csv
2024,2024-12,2823766100,인천광역시 부평구 부개3동,인천광역시,부평구,부개3동,pre_reform_code_preserved_district_not_reorganized,28065,13387,14678,7679,2983,27.3615,10.6289,not_calculated_source_aggregates_ages_60_to_69,jumin_population_age_202412.csv
2024,2024-12,2823767000,인천광역시 부평구 일신동,인천광역시,부평구,일신동,pre_reform_code_preserved_district_not_reorganized,11513,5806,5707,3801,1546,33.0149,13.4283,not_calculated_source_aggregates_ages_60_to_69,jumin_population_age_202412.csv
2024,2024-12,2823768000,인천광역시 부평구 십정1동,인천광역시,부평구,십정1동,pre_reform_code_preserved_district_not_reorganized,24255,12091,12164,5916,2491,24.3908,10.2700,not_calculated_source_aggregates_ages_60_to_69,jumin_population_age_202412.csv
2024,2024-12,2823769000,인천광역시 부평구 십정2동,인천광역시,부평구,십정2동,pre_reform_code_preserved_district_not_reorganized,20756,10751,10005,7452,3133,35.9029,15.0944,not_calculated_source_aggregates_ages_60_to_69,jumin_population_age_202412.csv
2024,2024-12,2824560100,인천광역시 계양구 효성1동,인천광역시,계양구,효성1동,pre_reform_code_preserved_district_not_reorganized,26321,13130,13191,7941,2974,30.1698,11.2990,not_calculated_source_aggregates_ages_60_to_69,jumin_population_age_202412.csv
2024,2024-12,2824560200,인천광역시 계양구 효성2동,인천광역시,계양구,효성2동,pre_reform_code_preserved_district_not_reorganized,26583,13371,13212,8386,3091,31.5465,11.6277,not_calculated_source_aggregates_ages_60_to_69,jumin_population_age_202412.csv
2024,2024-12,2824561100,인천광역시 계양구 계산1동,인천광역시,계양구,계산1동,pre_reform_code_preserved_district_not_reorganized,17507,9216,8291,6050,2352,34.5576,13.4346,not_calculated_source_aggregates_ages_60_to_69,jumin_population_age_202412.csv
2024,2024-12,2824561200,인천광역시 계양구 계산2동,인천광역시,계양구,계산2동,pre_reform_code_preserved_district_not_reorganized,14224,7062,7162,5108,1929,35.9111,13.5616,not_calculated_source_aggregates_ages_60_to_69,jumin_population_age_202412.csv
2024,2024-12,2824561300,인천광역시 계양구 계산3동,인천광역시,계양구,계산3동,pre_reform_code_preserved_district_not_reorganized,17455,8292,9163,5241,1611,30.0258,9.2294,not_calculated_source_aggregates_ages_60_to_69,jumin_population_age_202412.csv
2024,2024-12,2824561400,인천광역시 계양구 계산4동,인천광역시,계양구,계산4동,pre_reform_code_preserved_district_not_reorganized,22376,11283,11093,5339,1566,23.8604,6.9986,not_calculated_source_aggregates_ages_60_to_69,jumin_population_age_202412.csv
2024,2024-12,2824562100,인천광역시 계양구 작전1동,인천광역시,계양구,작전1동,pre_reform_code_preserved_district_not_reorganized,25869,12771,13098,7293,2613,28.1920,10.1009,not_calculated_source_aggregates_ages_60_to_69,jumin_population_age_202412.csv
2024,2024-12,2824562200,인천광역시 계양구 작전2동,인천광역시,계양구,작전2동,pre_reform_code_preserved_district_not_reorganized,23698,11623,12075,6974,2511,29.4286,10.5958,not_calculated_source_aggregates_ages_60_to_69,jumin_population_age_202412.csv
2024,2024-12,2824564000,인천광역시 계양구 작전서운동,인천광역시,계양구,작전서운동,pre_reform_code_preserved_district_not_reorganized,32530,16134,16396,7636,2604,23.4737,8.0049,not_calculated_source_aggregates_ages_60_to_69,jumin_population_age_202412.csv
2024,2024-12,2824571000,인천광역시 계양구 계양1동,인천광역시,계양구,계양1동,pre_reform_code_preserved_district_not_reorganized,18833,9303,9530,5945,2329,31.5669,12.3666,not_calculated_source_aggregates_ages_60_to_69,jumin_population_age_202412.csv
2024,2024-12,2824572000,인천광역시 계양구 계양2동,인천광역시,계양구,계양2동,pre_reform_code_preserved_district_not_reorganized,31303,15544,15759,9751,3893,31.1504,12.4365,not_calculated_source_aggregates_ages_60_to_69,jumin_population_age_202412.csv
2024,2024-12,2824573000,인천광역시 계양구 계양3동,인천광역시,계양구,계양3동,pre_reform_code_preserved_district_not_reorganized,23528,11589,11939,5605,2199,23.8227,9.3463,not_calculated_source_aggregates_ages_60_to_69,jumin_population_age_202412.csv
2024,2024-12,2826051500,인천광역시 서구 검암경서동,인천광역시,서구,검암경서동,requires_2026_07_01_reform_crosswalk,54333,27711,26622,9513,3491,17.5087,6.4252,not_calculated_source_aggregates_ages_60_to_69,jumin_population_age_202412.csv
2024,2024-12,2826053000,인천광역시 서구 연희동,인천광역시,서구,연희동,requires_2026_07_01_reform_crosswalk,37081,18886,18195,11110,4349,29.9614,11.7284,not_calculated_source_aggregates_ages_60_to_69,jumin_population_age_202412.csv
2024,2024-12,2826053600,인천광역시 서구 청라1동,인천광역시,서구,청라1동,requires_2026_07_01_reform_crosswalk,30595,15158,15437,3774,1268,12.3353,4.1445,not_calculated_source_aggregates_ages_60_to_69,jumin_population_age_202412.csv
2024,2024-12,2826053700,인천광역시 서구 청라2동,인천광역시,서구,청라2동,requires_2026_07_01_reform_crosswalk,48045,23806,24239,6998,2276,14.5655,4.7372,not_calculated_source_aggregates_ages_60_to_69,jumin_population_age_202412.csv
2024,2024-12,2826053900,인천광역시 서구 청라3동,인천광역시,서구,청라3동,requires_2026_07_01_reform_crosswalk,36292,18036,18256,4268,1165,11.7602,3.2101,not_calculated_source_aggregates_ages_60_to_69,jumin_population_age_202412.csv
2024,2024-12,2826054200,인천광역시 서구 가정1동,인천광역시,서구,가정1동,requires_2026_07_01_reform_crosswalk,41769,20687,21082,7905,2862,18.9255,6.8520,not_calculated_source_aggregates_ages_60_to_69,jumin_population_age_202412.csv
2024,2024-12,2826054300,인천광역시 서구 가정2동,인천광역시,서구,가정2동,requires_2026_07_01_reform_crosswalk,17219,8773,8446,2891,759,16.7896,4.4079,not_calculated_source_aggregates_ages_60_to_69,jumin_population_age_202412.csv
2024,2024-12,2826054400,인천광역시 서구 가정3동,인천광역시,서구,가정3동,requires_2026_07_01_reform_crosswalk,8557,4273,4284,2720,893,31.7868,10.4359,not_calculated_source_aggregates_ages_60_to_69,jumin_population_age_202412.csv
2024,2024-12,2826055000,인천광역시 서구 석남1동,인천광역시,서구,석남1동,requires_2026_07_01_reform_crosswalk,19987,10289,9698,6712,2602,33.5818,13.0185,not_calculated_source_aggregates_ages_60_to_69,jumin_population_age_202412.csv
2024,2024-12,2826056000,인천광역시 서구 석남2동,인천광역시,서구,석남2동,requires_2026_07_01_reform_crosswalk,11827,6084,5743,4293,1795,36.2983,15.1771,not_calculated_source_aggregates_ages_60_to_69,jumin_population_age_202412.csv
2024,2024-12,2826056100,인천광역시 서구 석남3동,인천광역시,서구,석남3동,requires_2026_07_01_reform_crosswalk,12742,6408,6334,4171,1630,32.7343,12.7923,not_calculated_source_aggregates_ages_60_to_69,jumin_population_age_202412.csv
2024,2024-12,2826057500,인천광역시 서구 신현원창동,인천광역시,서구,신현원창동,requires_2026_07_01_reform_crosswalk,29237,14624,14613,7994,2809,27.3421,9.6077,not_calculated_source_aggregates_ages_60_to_69,jumin_population_age_202412.csv
2024,2024-12,2826058000,인천광역시 서구 가좌1동,인천광역시,서구,가좌1동,requires_2026_07_01_reform_crosswalk,12534,6702,5832,3781,1562,30.1659,12.4621,not_calculated_source_aggregates_ages_60_to_69,jumin_population_age_202412.csv
2024,2024-12,2826059000,인천광역시 서구 가좌2동,인천광역시,서구,가좌2동,requires_2026_07_01_reform_crosswalk,18422,8976,9446,5614,2136,30.4744,11.5948,not_calculated_source_aggregates_ages_60_to_69,jumin_population_age_202412.csv
2024,2024-12,2826060000,인천광역시 서구 가좌3동,인천광역시,서구,가좌3동,requires_2026_07_01_reform_crosswalk,15158,7750,7408,5512,2336,36.3636,15.4110,not_calculated_source_aggregates_ages_60_to_69,jumin_population_age_202412.csv
2024,2024-12,2826061000,인천광역시 서구 가좌4동,인천광역시,서구,가좌4동,requires_2026_07_01_reform_crosswalk,12107,6196,5911,3686,1387,30.4452,11.4562,not_calculated_source_aggregates_ages_60_to_69,jumin_population_age_202412.csv
2024,2024-12,2826068000,인천광역시 서구 검단동,인천광역시,서구,검단동,requires_2026_07_01_reform_crosswalk,32481,16939,15542,7447,2819,22.9272,8.6789,not_calculated_source_aggregates_ages_60_to_69,jumin_population_age_202412.csv
2024,2024-12,2826069000,인천광역시 서구 불로대곡동,인천광역시,서구,불로대곡동,requires_2026_07_01_reform_crosswalk,24461,12405,12056,5597,2564,22.8813,10.4820,not_calculated_source_aggregates_ages_60_to_69,jumin_population_age_202412.csv
2024,2024-12,2826070000,인천광역시 서구 원당동,인천광역시,서구,원당동,requires_2026_07_01_reform_crosswalk,24650,12521,12129,4150,1887,16.8357,7.6552,not_calculated_source_aggregates_ages_60_to_69,jumin_population_age_202412.csv
2024,2024-12,2826071000,인천광역시 서구 당하동,인천광역시,서구,당하동,requires_2026_07_01_reform_crosswalk,28737,14215,14522,5768,2220,20.0717,7.7252,not_calculated_source_aggregates_ages_60_to_69,jumin_population_age_202412.csv
2024,2024-12,2826072000,인천광역시 서구 오류왕길동,인천광역시,서구,오류왕길동,requires_2026_07_01_reform_crosswalk,24541,12439,12102,6090,2356,24.8156,9.6003,not_calculated_source_aggregates_ages_60_to_69,jumin_population_age_202412.csv
2024,2024-12,2826073000,인천광역시 서구 마전동,인천광역시,서구,마전동,requires_2026_07_01_reform_crosswalk,21329,10528,10801,4336,1790,20.3291,8.3923,not_calculated_source_aggregates_ages_60_to_69,jumin_population_age_202412.csv
2024,2024-12,2826074000,인천광역시 서구 아라동,인천광역시,서구,아라동,requires_2026_07_01_reform_crosswalk,71960,35602,36358,7383,2453,10.2599,3.4088,not_calculated_source_aggregates_ages_60_to_69,jumin_population_age_202412.csv
2024,2024-12,2871025000,인천광역시 강화군 강화읍,인천광역시,강화군,강화읍,pre_reform_code_preserved_district_not_reorganized,21894,10720,11174,8531,4472,38.9650,20.4257,not_calculated_source_aggregates_ages_60_to_69,jumin_population_age_202412.csv
2024,2024-12,2871031000,인천광역시 강화군 선원면,인천광역시,강화군,선원면,pre_reform_code_preserved_district_not_reorganized,9006,4453,4553,3748,1772,41.6167,19.6758,not_calculated_source_aggregates_ages_60_to_69,jumin_population_age_202412.csv
2024,2024-12,2871032000,인천광역시 강화군 불은면,인천광역시,강화군,불은면,pre_reform_code_preserved_district_not_reorganized,5036,2536,2500,2987,1566,59.3129,31.0961,not_calculated_source_aggregates_ages_60_to_69,jumin_population_age_202412.csv
2024,2024-12,2871033000,인천광역시 강화군 길상면,인천광역시,강화군,길상면,pre_reform_code_preserved_district_not_reorganized,7205,3652,3553,3784,1792,52.5191,24.8716,not_calculated_source_aggregates_ages_60_to_69,jumin_population_age_202412.csv
2024,2024-12,2871034000,인천광역시 강화군 화도면,인천광역시,강화군,화도면,pre_reform_code_preserved_district_not_reorganized,4569,2341,2228,2687,1432,58.8094,31.3417,not_calculated_source_aggregates_ages_60_to_69,jumin_population_age_202412.csv
2024,2024-12,2871035000,인천광역시 강화군 양도면,인천광역시,강화군,양도면,pre_reform_code_preserved_district_not_reorganized,4226,2128,2098,2502,1361,59.2049,32.2054,not_calculated_source_aggregates_ages_60_to_69,jumin_population_age_202412.csv
2024,2024-12,2871036000,인천광역시 강화군 내가면,인천광역시,강화군,내가면,pre_reform_code_preserved_district_not_reorganized,2971,1454,1517,1866,1018,62.8071,34.2646,not_calculated_source_aggregates_ages_60_to_69,jumin_population_age_202412.csv
2024,2024-12,2871037000,인천광역시 강화군 하점면,인천광역시,강화군,하점면,pre_reform_code_preserved_district_not_reorganized,3990,2032,1958,2512,1436,62.9574,35.9900,not_calculated_source_aggregates_ages_60_to_69,jumin_population_age_202412.csv
2024,2024-12,2871038000,인천광역시 강화군 양사면,인천광역시,강화군,양사면,pre_reform_code_preserved_district_not_reorganized,1906,969,937,1189,696,62.3820,36.5163,not_calculated_source_aggregates_ages_60_to_69,jumin_population_age_202412.csv
2024,2024-12,2871039000,인천광역시 강화군 송해면,인천광역시,강화군,송해면,pre_reform_code_preserved_district_not_reorganized,3189,1596,1593,1871,1069,58.6704,33.5215,not_calculated_source_aggregates_ages_60_to_69,jumin_population_age_202412.csv
2024,2024-12,2871040000,인천광역시 강화군 교동면,인천광역시,강화군,교동면,pre_reform_code_preserved_district_not_reorganized,2701,1395,1306,1793,1033,66.3828,38.2451,not_calculated_source_aggregates_ages_60_to_69,jumin_population_age_202412.csv
2024,2024-12,2871041000,인천광역시 강화군 삼산면,인천광역시,강화군,삼산면,pre_reform_code_preserved_district_not_reorganized,2065,1091,974,1309,712,63.3898,34.4794,not_calculated_source_aggregates_ages_60_to_69,jumin_population_age_202412.csv
2024,2024-12,2871042000,인천광역시 강화군 서도면,인천광역시,강화군,서도면,pre_reform_code_preserved_district_not_reorganized,364,183,181,244,140,67.0330,38.4615,not_calculated_source_aggregates_ages_60_to_69,jumin_population_age_202412.csv
2024,2024-12,2871042500,인천광역시 강화군 서도면볼음출장소,인천광역시,강화군,서도면볼음출장소,pre_reform_code_preserved_district_not_reorganized,280,157,123,201,103,71.7857,36.7857,not_calculated_source_aggregates_ages_60_to_69,jumin_population_age_202412.csv
2024,2024-12,2872031000,인천광역시 옹진군 북도면,인천광역시,옹진군,북도면,pre_reform_code_preserved_district_not_reorganized,1159,623,536,695,332,59.9655,28.6454,not_calculated_source_aggregates_ages_60_to_69,jumin_population_age_202412.csv
2024,2024-12,2872031500,인천광역시 옹진군 북도면장봉출장소,인천광역시,옹진군,북도면장봉출장소,pre_reform_code_preserved_district_not_reorganized,961,509,452,563,267,58.5848,27.7836,not_calculated_source_aggregates_ages_60_to_69,jumin_population_age_202412.csv
2024,2024-12,2872033000,인천광역시 옹진군 백령면,인천광역시,옹진군,백령면,pre_reform_code_preserved_district_not_reorganized,4722,2737,1985,1682,817,35.6205,17.3020,not_calculated_source_aggregates_ages_60_to_69,jumin_population_age_202412.csv
2024,2024-12,2872034000,인천광역시 옹진군 대청면,인천광역시,옹진군,대청면,pre_reform_code_preserved_district_not_reorganized,1205,706,499,548,272,45.4772,22.5726,not_calculated_source_aggregates_ages_60_to_69,jumin_population_age_202412.csv
2024,2024-12,2872034500,인천광역시 옹진군 대청면소청출장소,인천광역시,옹진군,대청면소청출장소,pre_reform_code_preserved_district_not_reorganized,231,147,84,133,74,57.5758,32.0346,not_calculated_source_aggregates_ages_60_to_69,jumin_population_age_202412.csv
2024,2024-12,2872035000,인천광역시 옹진군 덕적면,인천광역시,옹진군,덕적면,pre_reform_code_preserved_district_not_reorganized,1923,1062,861,1205,633,62.6625,32.9173,not_calculated_source_aggregates_ages_60_to_69,jumin_population_age_202412.csv
2024,2024-12,2872036000,인천광역시 옹진군 영흥면,인천광역시,옹진군,영흥면,pre_reform_code_preserved_district_not_reorganized,6498,3601,2897,2925,1303,45.0139,20.0523,not_calculated_source_aggregates_ages_60_to_69,jumin_population_age_202412.csv
2024,2024-12,2872037000,인천광역시 옹진군 자월면,인천광역시,옹진군,자월면,pre_reform_code_preserved_district_not_reorganized,943,504,439,576,297,61.0817,31.4952,not_calculated_source_aggregates_ages_60_to_69,jumin_population_age_202412.csv
2024,2024-12,2872037500,인천광역시 옹진군 자월면이작출장소,인천광역시,옹진군,자월면이작출장소,pre_reform_code_preserved_district_not_reorganized,361,194,167,222,108,61.4958,29.9169,not_calculated_source_aggregates_ages_60_to_69,jumin_population_age_202412.csv
2024,2024-12,2872038000,인천광역시 옹진군 연평면,인천광역시,옹진군,연평면,pre_reform_code_preserved_district_not_reorganized,1993,1270,723,659,257,33.0657,12.8951,not_calculated_source_aggregates_ages_60_to_69,jumin_population_age_202412.csv
2025,2025-12,2811052000,인천광역시 중구 연안동,인천광역시,중구,연안동,requires_2026_07_01_reform_crosswalk,4996,2696,2300,2329,1148,46.6173,22.9784,not_calculated_source_aggregates_ages_60_to_69,jumin_population_age_202512.csv
2025,2025-12,2811053000,인천광역시 중구 신포동,인천광역시,중구,신포동,requires_2026_07_01_reform_crosswalk,4427,2249,2178,1823,1061,41.1791,23.9666,not_calculated_source_aggregates_ages_60_to_69,jumin_population_age_202512.csv
2025,2025-12,2811054000,인천광역시 중구 신흥동,인천광역시,중구,신흥동,requires_2026_07_01_reform_crosswalk,14175,7196,6979,4538,2227,32.0141,15.7108,not_calculated_source_aggregates_ages_60_to_69,jumin_population_age_202512.csv
2025,2025-12,2811056000,인천광역시 중구 도원동,인천광역시,중구,도원동,requires_2026_07_01_reform_crosswalk,3413,1762,1651,1719,941,50.3662,27.5711,not_calculated_source_aggregates_ages_60_to_69,jumin_population_age_202512.csv
2025,2025-12,2811057000,인천광역시 중구 율목동,인천광역시,중구,율목동,requires_2026_07_01_reform_crosswalk,2879,1516,1363,1355,737,47.0650,25.5992,not_calculated_source_aggregates_ages_60_to_69,jumin_population_age_202512.csv
2025,2025-12,2811058500,인천광역시 중구 동인천동,인천광역시,중구,동인천동,requires_2026_07_01_reform_crosswalk,5210,2774,2436,2477,1343,47.5432,25.7774,not_calculated_source_aggregates_ages_60_to_69,jumin_population_age_202512.csv
2025,2025-12,2811061500,인천광역시 중구 개항동,인천광역시,중구,개항동,requires_2026_07_01_reform_crosswalk,6477,3316,3161,2892,1508,44.6503,23.2824,not_calculated_source_aggregates_ages_60_to_69,jumin_population_age_202512.csv
2025,2025-12,2811062000,인천광역시 중구 영종동,인천광역시,중구,영종동,requires_2026_07_01_reform_crosswalk,28951,15712,13239,6826,2671,23.5778,9.2259,not_calculated_source_aggregates_ages_60_to_69,jumin_population_age_202512.csv
2025,2025-12,2811062200,인천광역시 중구 영종1동,인천광역시,중구,영종1동,requires_2026_07_01_reform_crosswalk,35542,17640,17902,4876,2084,13.7190,5.8635,not_calculated_source_aggregates_ages_60_to_69,jumin_population_age_202512.csv
2025,2025-12,2811062300,인천광역시 중구 영종2동,인천광역시,중구,영종2동,requires_2026_07_01_reform_crosswalk,27333,13706,13627,3360,1369,12.2928,5.0086,not_calculated_source_aggregates_ages_60_to_69,jumin_population_age_202512.csv
2025,2025-12,2811062800,인천광역시 중구 운서동,인천광역시,중구,운서동,requires_2026_07_01_reform_crosswalk,39685,20911,18774,5899,2617,14.8646,6.5944,not_calculated_source_aggregates_ages_60_to_69,jumin_population_age_202512.csv
2025,2025-12,2811063000,인천광역시 중구 용유동,인천광역시,중구,용유동,requires_2026_07_01_reform_crosswalk,3379,1888,1491,2008,998,59.4259,29.5354,not_calculated_source_aggregates_ages_60_to_69,jumin_population_age_202512.csv
2025,2025-12,2814051000,인천광역시 동구 만석동,인천광역시,동구,만석동,requires_2026_07_01_reform_crosswalk,6113,3163,2950,2351,1154,38.4590,18.8778,not_calculated_source_aggregates_ages_60_to_69,jumin_population_age_202512.csv
2025,2025-12,2814052500,인천광역시 동구 화수1.화평동,인천광역시,동구,화수1.화평동,requires_2026_07_01_reform_crosswalk,5231,2659,2572,2398,1300,45.8421,24.8518,not_calculated_source_aggregates_ages_60_to_69,jumin_population_age_202512.csv
2025,2025-12,2814053000,인천광역시 동구 화수2동,인천광역시,동구,화수2동,requires_2026_07_01_reform_crosswalk,6657,3269,3388,3072,1770,46.1469,26.5886,not_calculated_source_aggregates_ages_60_to_69,jumin_population_age_202512.csv
2025,2025-12,2814055500,인천광역시 동구 송현1.2동,인천광역시,동구,송현1.2동,requires_2026_07_01_reform_crosswalk,9468,4630,4838,3332,1731,35.1922,18.2826,not_calculated_source_aggregates_ages_60_to_69,jumin_population_age_202512.csv
2025,2025-12,2814057000,인천광역시 동구 송현3동,인천광역시,동구,송현3동,requires_2026_07_01_reform_crosswalk,2620,1366,1254,1287,707,49.1221,26.9847,not_calculated_source_aggregates_ages_60_to_69,jumin_population_age_202512.csv
2025,2025-12,2814058000,인천광역시 동구 송림1동,인천광역시,동구,송림1동,requires_2026_07_01_reform_crosswalk,6490,3142,3348,1583,770,24.3914,11.8644,not_calculated_source_aggregates_ages_60_to_69,jumin_population_age_202512.csv
2025,2025-12,2814059000,인천광역시 동구 송림2동,인천광역시,동구,송림2동,requires_2026_07_01_reform_crosswalk,1124,580,544,646,389,57.4733,34.6085,not_calculated_source_aggregates_ages_60_to_69,jumin_population_age_202512.csv
2025,2025-12,2814060500,인천광역시 동구 송림3.5동,인천광역시,동구,송림3.5동,requires_2026_07_01_reform_crosswalk,5164,2557,2607,1825,949,35.3408,18.3772,not_calculated_source_aggregates_ages_60_to_69,jumin_population_age_202512.csv
2025,2025-12,2814061000,인천광역시 동구 송림4동,인천광역시,동구,송림4동,requires_2026_07_01_reform_crosswalk,5913,3028,2885,1490,639,25.1987,10.8067,not_calculated_source_aggregates_ages_60_to_69,jumin_population_age_202512.csv
2025,2025-12,2814063000,인천광역시 동구 송림6동,인천광역시,동구,송림6동,requires_2026_07_01_reform_crosswalk,5561,2775,2786,1968,1068,35.3893,19.2052,not_calculated_source_aggregates_ages_60_to_69,jumin_population_age_202512.csv
2025,2025-12,2814064000,인천광역시 동구 금창동,인천광역시,동구,금창동,requires_2026_07_01_reform_crosswalk,2136,1067,1069,1122,636,52.5281,29.7753,not_calculated_source_aggregates_ages_60_to_69,jumin_population_age_202512.csv
2025,2025-12,2817751000,인천광역시 미추홀구 숭의2동,인천광역시,미추홀구,숭의2동,pre_reform_code_preserved_district_not_reorganized,13379,6703,6676,4470,2175,33.4106,16.2568,not_calculated_source_aggregates_ages_60_to_69,jumin_population_age_202512.csv
2025,2025-12,2817752000,인천광역시 미추홀구 숭의1.3동,인천광역시,미추홀구,숭의1.3동,pre_reform_code_preserved_district_not_reorganized,17415,8665,8750,4625,2058,26.5576,11.8174,not_calculated_source_aggregates_ages_60_to_69,jumin_population_age_202512.csv
2025,2025-12,2817753000,인천광역시 미추홀구 숭의4동,인천광역시,미추홀구,숭의4동,pre_reform_code_preserved_district_not_reorganized,16459,8242,8217,5200,2555,31.5937,15.5234,not_calculated_source_aggregates_ages_60_to_69,jumin_population_age_202512.csv
2025,2025-12,2817754000,인천광역시 미추홀구 용현1.4동,인천광역시,미추홀구,용현1.4동,pre_reform_code_preserved_district_not_reorganized,16932,9325,7607,5652,3014,33.3806,17.8006,not_calculated_source_aggregates_ages_60_to_69,jumin_population_age_202512.csv
2025,2025-12,2817755000,인천광역시 미추홀구 용현2동,인천광역시,미추홀구,용현2동,pre_reform_code_preserved_district_not_reorganized,22592,11254,11338,5671,2856,25.1018,12.6416,not_calculated_source_aggregates_ages_60_to_69,jumin_population_age_202512.csv
2025,2025-12,2817756000,인천광역시 미추홀구 용현3동,인천광역시,미추홀구,용현3동,pre_reform_code_preserved_district_not_reorganized,6680,3549,3131,2846,1503,42.6048,22.5000,not_calculated_source_aggregates_ages_60_to_69,jumin_population_age_202512.csv
2025,2025-12,2817757000,인천광역시 미추홀구 용현5동,인천광역시,미추홀구,용현5동,pre_reform_code_preserved_district_not_reorganized,44308,22032,22276,11598,5072,26.1759,11.4471,not_calculated_source_aggregates_ages_60_to_69,jumin_population_age_202512.csv
2025,2025-12,2817758000,인천광역시 미추홀구 학익1동,인천광역시,미추홀구,학익1동,pre_reform_code_preserved_district_not_reorganized,41413,20554,20859,9338,4043,22.5485,9.7626,not_calculated_source_aggregates_ages_60_to_69,jumin_population_age_202512.csv
2025,2025-12,2817759000,인천광역시 미추홀구 학익2동,인천광역시,미추홀구,학익2동,pre_reform_code_preserved_district_not_reorganized,16833,8121,8712,5989,2948,35.5789,17.5132,not_calculated_source_aggregates_ages_60_to_69,jumin_population_age_202512.csv
2025,2025-12,2817760000,인천광역시 미추홀구 도화1동,인천광역시,미추홀구,도화1동,pre_reform_code_preserved_district_not_reorganized,20373,10137,10236,6414,3144,31.4828,15.4322,not_calculated_source_aggregates_ages_60_to_69,jumin_population_age_202512.csv
2025,2025-12,2817761000,인천광역시 미추홀구 도화2.3동,인천광역시,미추홀구,도화2.3동,pre_reform_code_preserved_district_not_reorganized,29905,15123,14782,7860,3437,26.2832,11.4931,not_calculated_source_aggregates_ages_60_to_69,jumin_population_age_202512.csv
2025,2025-12,2817762000,인천광역시 미추홀구 주안1동,인천광역시,미추홀구,주안1동,pre_reform_code_preserved_district_not_reorganized,19576,10442,9134,4462,1761,22.7932,8.9957,not_calculated_source_aggregates_ages_60_to_69,jumin_population_age_202512.csv
2025,2025-12,2817763000,인천광역시 미추홀구 주안2동,인천광역시,미추홀구,주안2동,pre_reform_code_preserved_district_not_reorganized,21602,10777,10825,6828,3336,31.6082,15.4430,not_calculated_source_aggregates_ages_60_to_69,jumin_population_age_202512.csv
2025,2025-12,2817764000,인천광역시 미추홀구 주안3동,인천광역시,미추홀구,주안3동,pre_reform_code_preserved_district_not_reorganized,12112,6057,6055,3670,1870,30.3005,15.4392,not_calculated_source_aggregates_ages_60_to_69,jumin_population_age_202512.csv
2025,2025-12,2817765000,인천광역시 미추홀구 주안4동,인천광역시,미추홀구,주안4동,pre_reform_code_preserved_district_not_reorganized,19880,9824,10056,6308,3169,31.7304,15.9406,not_calculated_source_aggregates_ages_60_to_69,jumin_population_age_202512.csv
2025,2025-12,2817766000,인천광역시 미추홀구 주안5동,인천광역시,미추홀구,주안5동,pre_reform_code_preserved_district_not_reorganized,19112,9584,9528,6245,2960,32.6758,15.4877,not_calculated_source_aggregates_ages_60_to_69,jumin_population_age_202512.csv
2025,2025-12,2817767000,인천광역시 미추홀구 주안6동,인천광역시,미추홀구,주안6동,pre_reform_code_preserved_district_not_reorganized,20858,10296,10562,6011,2860,28.8187,13.7118,not_calculated_source_aggregates_ages_60_to_69,jumin_population_age_202512.csv
2025,2025-12,2817768000,인천광역시 미추홀구 주안7동,인천광역시,미추홀구,주안7동,pre_reform_code_preserved_district_not_reorganized,12076,5832,6244,4790,2401,39.6655,19.8824,not_calculated_source_aggregates_ages_60_to_69,jumin_population_age_202512.csv
2025,2025-12,2817769000,인천광역시 미추홀구 주안8동,인천광역시,미추홀구,주안8동,pre_reform_code_preserved_district_not_reorganized,18565,9074,9491,6561,2979,35.3407,16.0463,not_calculated_source_aggregates_ages_60_to_69,jumin_population_age_202512.csv
2025,2025-12,2817770000,인천광역시 미추홀구 관교동,인천광역시,미추홀구,관교동,pre_reform_code_preserved_district_not_reorganized,13737,6755,6982,4930,2325,35.8885,16.9251,not_calculated_source_aggregates_ages_60_to_69,jumin_population_age_202512.csv
2025,2025-12,2817771000,인천광역시 미추홀구 문학동,인천광역시,미추홀구,문학동,pre_reform_code_preserved_district_not_reorganized,13771,7600,6171,3552,1517,25.7933,11.0159,not_calculated_source_aggregates_ages_60_to_69,jumin_population_age_202512.csv
2025,2025-12,2818563000,인천광역시 연수구 옥련1동,인천광역시,연수구,옥련1동,pre_reform_code_preserved_district_not_reorganized,17213,8464,8749,5645,2544,32.7950,14.7795,not_calculated_source_aggregates_ages_60_to_69,jumin_population_age_202512.csv
2025,2025-12,2818564000,인천광역시 연수구 옥련2동,인천광역시,연수구,옥련2동,pre_reform_code_preserved_district_not_reorganized,19634,9631,10003,5683,2342,28.9447,11.9283,not_calculated_source_aggregates_ages_60_to_69,jumin_population_age_202512.csv
2025,2025-12,2818575000,인천광역시 연수구 선학동,인천광역시,연수구,선학동,pre_reform_code_preserved_district_not_reorganized,17446,9009,8437,6134,2581,35.1599,14.7942,not_calculated_source_aggregates_ages_60_to_69,jumin_population_age_202512.csv
2025,2025-12,2818576100,인천광역시 연수구 연수1동,인천광역시,연수구,연수1동,pre_reform_code_preserved_district_not_reorganized,16134,8837,7297,5241,2140,32.4842,13.2639,not_calculated_source_aggregates_ages_60_to_69,jumin_population_age_202512.csv
2025,2025-12,2818576200,인천광역시 연수구 연수2동,인천광역시,연수구,연수2동,pre_reform_code_preserved_district_not_reorganized,19047,9377,9670,5838,2404,30.6505,12.6214,not_calculated_source_aggregates_ages_60_to_69,jumin_population_age_202512.csv
2025,2025-12,2818576300,인천광역시 연수구 연수3동,인천광역시,연수구,연수3동,pre_reform_code_preserved_district_not_reorganized,14331,6822,7509,5366,2404,37.4433,16.7748,not_calculated_source_aggregates_ages_60_to_69,jumin_population_age_202512.csv
2025,2025-12,2818576600,인천광역시 연수구 청학동,인천광역시,연수구,청학동,pre_reform_code_preserved_district_not_reorganized,21860,11406,10454,8096,3412,37.0357,15.6084,not_calculated_source_aggregates_ages_60_to_69,jumin_population_age_202512.csv
2025,2025-12,2818578000,인천광역시 연수구 동춘1동,인천광역시,연수구,동춘1동,pre_reform_code_preserved_district_not_reorganized,25402,12391,13011,6080,2063,23.9351,8.1214,not_calculated_source_aggregates_ages_60_to_69,jumin_population_age_202512.csv
2025,2025-12,2818579000,인천광역시 연수구 동춘2동,인천광역시,연수구,동춘2동,pre_reform_code_preserved_district_not_reorganized,16506,8001,8505,4674,1744,28.3170,10.5659,not_calculated_source_aggregates_ages_60_to_69,jumin_population_age_202512.csv
2025,2025-12,2818579500,인천광역시 연수구 동춘3동,인천광역시,연수구,동춘3동,pre_reform_code_preserved_district_not_reorganized,17476,8459,9017,4320,1731,24.7196,9.9050,not_calculated_source_aggregates_ages_60_to_69,jumin_population_age_202512.csv
2025,2025-12,2818582000,인천광역시 연수구 송도1동,인천광역시,연수구,송도1동,pre_reform_code_preserved_district_not_reorganized,36894,18020,18874,7185,2561,19.4747,6.9415,not_calculated_source_aggregates_ages_60_to_69,jumin_population_age_202512.csv
2025,2025-12,2818583000,인천광역시 연수구 송도2동,인천광역시,연수구,송도2동,pre_reform_code_preserved_district_not_reorganized,37221,18235,18986,4836,1572,12.9927,4.2234,not_calculated_source_aggregates_ages_60_to_69,jumin_population_age_202512.csv
2025,2025-12,2818584000,인천광역시 연수구 송도3동,인천광역시,연수구,송도3동,pre_reform_code_preserved_district_not_reorganized,49276,24042,25234,6426,2127,13.0408,4.3165,not_calculated_source_aggregates_ages_60_to_69,jumin_population_age_202512.csv
2025,2025-12,2818585000,인천광역시 연수구 송도4동,인천광역시,연수구,송도4동,pre_reform_code_preserved_district_not_reorganized,54680,26941,27739,6144,1789,11.2363,3.2718,not_calculated_source_aggregates_ages_60_to_69,jumin_population_age_202512.csv
2025,2025-12,2818586000,인천광역시 연수구 송도5동,인천광역시,연수구,송도5동,pre_reform_code_preserved_district_not_reorganized,46317,22938,23379,5897,1701,12.7318,3.6725,not_calculated_source_aggregates_ages_60_to_69,jumin_population_age_202512.csv
2025,2025-12,2820051000,인천광역시 남동구 구월1동,인천광역시,남동구,구월1동,pre_reform_code_preserved_district_not_reorganized,30227,14683,15544,7984,3290,26.4135,10.8843,not_calculated_source_aggregates_ages_60_to_69,jumin_population_age_202512.csv
2025,2025-12,2820052000,인천광역시 남동구 구월2동,인천광역시,남동구,구월2동,pre_reform_code_preserved_district_not_reorganized,36722,17973,18749,8851,3691,24.1027,10.0512,not_calculated_source_aggregates_ages_60_to_69,jumin_population_age_202512.csv
2025,2025-12,2820052100,인천광역시 남동구 구월3동,인천광역시,남동구,구월3동,pre_reform_code_preserved_district_not_reorganized,27772,14013,13759,6062,2536,21.8277,9.1315,not_calculated_source_aggregates_ages_60_to_69,jumin_population_age_202512.csv
2025,2025-12,2820052200,인천광역시 남동구 구월4동,인천광역시,남동구,구월4동,pre_reform_code_preserved_district_not_reorganized,12722,6484,6238,4979,2308,39.1369,18.1418,not_calculated_source_aggregates_ages_60_to_69,jumin_population_age_202512.csv
2025,2025-12,2820053000,인천광역시 남동구 간석1동,인천광역시,남동구,간석1동,pre_reform_code_preserved_district_not_reorganized,17750,8714,9036,5736,2702,32.3155,15.2225,not_calculated_source_aggregates_ages_60_to_69,jumin_population_age_202512.csv
2025,2025-12,2820054000,인천광역시 남동구 간석2동,인천광역시,남동구,간석2동,pre_reform_code_preserved_district_not_reorganized,20397,10196,10201,6258,2873,30.6810,14.0854,not_calculated_source_aggregates_ages_60_to_69,jumin_population_age_202512.csv
2025,2025-12,2820055000,인천광역시 남동구 간석3동,인천광역시,남동구,간석3동,pre_reform_code_preserved_district_not_reorganized,24824,12463,12361,8433,3729,33.9712,15.0218,not_calculated_source_aggregates_ages_60_to_69,jumin_population_age_202512.csv
2025,2025-12,2820055100,인천광역시 남동구 간석4동,인천광역시,남동구,간석4동,pre_reform_code_preserved_district_not_reorganized,27638,13748,13890,8472,3692,30.6534,13.3584,not_calculated_source_aggregates_ages_60_to_69,jumin_population_age_202512.csv
2025,2025-12,2820056000,인천광역시 남동구 만수1동,인천광역시,남동구,만수1동,pre_reform_code_preserved_district_not_reorganized,15117,7337,7780,6013,2865,39.7764,18.9522,not_calculated_source_aggregates_ages_60_to_69,jumin_population_age_202512.csv
2025,2025-12,2820057000,인천광역시 남동구 만수2동,인천광역시,남동구,만수2동,pre_reform_code_preserved_district_not_reorganized,22071,10774,11297,6882,2930,31.1812,13.2753,not_calculated_source_aggregates_ages_60_to_69,jumin_population_age_202512.csv
2025,2025-12,2820058000,인천광역시 남동구 만수3동,인천광역시,남동구,만수3동,pre_reform_code_preserved_district_not_reorganized,15672,7872,7800,4966,2084,31.6871,13.2976,not_calculated_source_aggregates_ages_60_to_69,jumin_population_age_202512.csv
2025,2025-12,2820058100,인천광역시 남동구 만수4동,인천광역시,남동구,만수4동,pre_reform_code_preserved_district_not_reorganized,18303,8804,9499,6256,2767,34.1802,15.1177,not_calculated_source_aggregates_ages_60_to_69,jumin_population_age_202512.csv
2025,2025-12,2820058200,인천광역시 남동구 만수5동,인천광역시,남동구,만수5동,pre_reform_code_preserved_district_not_reorganized,13857,6920,6937,5533,2608,39.9293,18.8208,not_calculated_source_aggregates_ages_60_to_69,jumin_population_age_202512.csv
2025,2025-12,2820058300,인천광역시 남동구 만수6동,인천광역시,남동구,만수6동,pre_reform_code_preserved_district_not_reorganized,21719,10439,11280,7859,3403,36.1849,15.6683,not_calculated_source_aggregates_ages_60_to_69,jumin_population_age_202512.csv
2025,2025-12,2820065000,인천광역시 남동구 장수서창동,인천광역시,남동구,장수서창동,pre_reform_code_preserved_district_not_reorganized,18270,9133,9137,5975,2610,32.7039,14.2857,not_calculated_source_aggregates_ages_60_to_69,jumin_population_age_202512.csv
2025,2025-12,2820065500,인천광역시 남동구 서창2동,인천광역시,남동구,서창2동,pre_reform_code_preserved_district_not_reorganized,37457,18537,18920,8262,3396,22.0573,9.0664,not_calculated_source_aggregates_ages_60_to_69,jumin_population_age_202512.csv
2025,2025-12,2820066000,인천광역시 남동구 남촌도림동,인천광역시,남동구,남촌도림동,pre_reform_code_preserved_district_not_reorganized,18772,9594,9178,6742,2856,35.9152,15.2141,not_calculated_source_aggregates_ages_60_to_69,jumin_population_age_202512.csv
2025,2025-12,2820069000,인천광역시 남동구 논현1동,인천광역시,남동구,논현1동,pre_reform_code_preserved_district_not_reorganized,31003,15555,15448,7961,3315,25.6782,10.6925,not_calculated_source_aggregates_ages_60_to_69,jumin_population_age_202512.csv
2025,2025-12,2820070000,인천광역시 남동구 논현2동,인천광역시,남동구,논현2동,pre_reform_code_preserved_district_not_reorganized,30559,15390,15169,8757,3944,28.6560,12.9062,not_calculated_source_aggregates_ages_60_to_69,jumin_population_age_202512.csv
2025,2025-12,2820071000,인천광역시 남동구 논현고잔동,인천광역시,남동구,논현고잔동,pre_reform_code_preserved_district_not_reorganized,39295,19428,19867,7840,2974,19.9516,7.5684,not_calculated_source_aggregates_ages_60_to_69,jumin_population_age_202512.csv
2025,2025-12,2823751000,인천광역시 부평구 부평1동,인천광역시,부평구,부평1동,pre_reform_code_preserved_district_not_reorganized,34466,16537,17929,9724,4350,28.2133,12.6211,not_calculated_source_aggregates_ages_60_to_69,jumin_population_age_202512.csv
2025,2025-12,2823752000,인천광역시 부평구 부평2동,인천광역시,부평구,부평2동,pre_reform_code_preserved_district_not_reorganized,16624,8203,8421,4861,2157,29.2409,12.9752,not_calculated_source_aggregates_ages_60_to_69,jumin_population_age_202512.csv
2025,2025-12,2823753000,인천광역시 부평구 부평3동,인천광역시,부평구,부평3동,pre_reform_code_preserved_district_not_reorganized,14890,7370,7520,4803,2256,32.2565,15.1511,not_calculated_source_aggregates_ages_60_to_69,jumin_population_age_202512.csv
2025,2025-12,2823754000,인천광역시 부평구 부평4동,인천광역시,부평구,부평4동,pre_reform_code_preserved_district_not_reorganized,32867,16164,16703,9175,4013,27.9155,12.2098,not_calculated_source_aggregates_ages_60_to_69,jumin_population_age_202512.csv
2025,2025-12,2823755000,인천광역시 부평구 부평5동,인천광역시,부평구,부평5동,pre_reform_code_preserved_district_not_reorganized,32936,16183,16753,7724,3204,23.4515,9.7280,not_calculated_source_aggregates_ages_60_to_69,jumin_population_age_202512.csv
2025,2025-12,2823756000,인천광역시 부평구 부평6동,인천광역시,부평구,부평6동,pre_reform_code_preserved_district_not_reorganized,19021,9371,9650,5166,2298,27.1595,12.0814,not_calculated_source_aggregates_ages_60_to_69,jumin_population_age_202512.csv
2025,2025-12,2823757000,인천광역시 부평구 산곡1동,인천광역시,부평구,산곡1동,pre_reform_code_preserved_district_not_reorganized,14246,7008,7238,3651,1570,25.6282,11.0206,not_calculated_source_aggregates_ages_60_to_69,jumin_population_age_202512.csv
2025,2025-12,2823758000,인천광역시 부평구 산곡2동,인천광역시,부평구,산곡2동,pre_reform_code_preserved_district_not_reorganized,28670,14021,14649,7882,3239,27.4922,11.2975,not_calculated_source_aggregates_ages_60_to_69,jumin_population_age_202512.csv
2025,2025-12,2823758100,인천광역시 부평구 산곡3동,인천광역시,부평구,산곡3동,pre_reform_code_preserved_district_not_reorganized,19717,9492,10225,7525,3567,38.1650,18.0910,not_calculated_source_aggregates_ages_60_to_69,jumin_population_age_202512.csv
2025,2025-12,2823758200,인천광역시 부평구 산곡4동,인천광역시,부평구,산곡4동,pre_reform_code_preserved_district_not_reorganized,16240,7710,8530,5100,2220,31.4039,13.6700,not_calculated_source_aggregates_ages_60_to_69,jumin_population_age_202512.csv
2025,2025-12,2823759100,인천광역시 부평구 청천1동,인천광역시,부평구,청천1동,pre_reform_code_preserved_district_not_reorganized,22596,11410,11186,4437,1669,19.6362,7.3863,not_calculated_source_aggregates_ages_60_to_69,jumin_population_age_202512.csv
2025,2025-12,2823759200,인천광역시 부평구 청천2동,인천광역시,부평구,청천2동,pre_reform_code_preserved_district_not_reorganized,32543,16270,16273,9395,3776,28.8695,11.6031,not_calculated_source_aggregates_ages_60_to_69,jumin_population_age_202512.csv
2025,2025-12,2823764100,인천광역시 부평구 갈산1동,인천광역시,부평구,갈산1동,pre_reform_code_preserved_district_not_reorganized,14030,7099,6931,4598,1873,32.7726,13.3500,not_calculated_source_aggregates_ages_60_to_69,jumin_population_age_202512.csv
2025,2025-12,2823764200,인천광역시 부평구 갈산2동,인천광역시,부평구,갈산2동,pre_reform_code_preserved_district_not_reorganized,17081,8230,8851,6298,2742,36.8714,16.0529,not_calculated_source_aggregates_ages_60_to_69,jumin_population_age_202512.csv
2025,2025-12,2823764600,인천광역시 부평구 삼산1동,인천광역시,부평구,삼산1동,pre_reform_code_preserved_district_not_reorganized,31365,15333,16032,9270,3870,29.5552,12.3386,not_calculated_source_aggregates_ages_60_to_69,jumin_population_age_202512.csv
2025,2025-12,2823764800,인천광역시 부평구 삼산2동,인천광역시,부평구,삼산2동,pre_reform_code_preserved_district_not_reorganized,26893,12924,13969,6410,2575,23.8352,9.5750,not_calculated_source_aggregates_ages_60_to_69,jumin_population_age_202512.csv
2025,2025-12,2823765000,인천광역시 부평구 부개1동,인천광역시,부평구,부개1동,pre_reform_code_preserved_district_not_reorganized,14780,7358,7422,5827,2811,39.4249,19.0189,not_calculated_source_aggregates_ages_60_to_69,jumin_population_age_202512.csv
2025,2025-12,2823766000,인천광역시 부평구 부개2동,인천광역시,부평구,부개2동,pre_reform_code_preserved_district_not_reorganized,18796,9126,9670,5487,2390,29.1924,12.7155,not_calculated_source_aggregates_ages_60_to_69,jumin_population_age_202512.csv
2025,2025-12,2823766100,인천광역시 부평구 부개3동,인천광역시,부평구,부개3동,pre_reform_code_preserved_district_not_reorganized,27343,12972,14371,8122,3185,29.7041,11.6483,not_calculated_source_aggregates_ages_60_to_69,jumin_population_age_202512.csv
2025,2025-12,2823767000,인천광역시 부평구 일신동,인천광역시,부평구,일신동,pre_reform_code_preserved_district_not_reorganized,11213,5643,5570,3885,1685,34.6473,15.0272,not_calculated_source_aggregates_ages_60_to_69,jumin_population_age_202512.csv
2025,2025-12,2823768000,인천광역시 부평구 십정1동,인천광역시,부평구,십정1동,pre_reform_code_preserved_district_not_reorganized,23667,11784,11883,5956,2615,25.1658,11.0491,not_calculated_source_aggregates_ages_60_to_69,jumin_population_age_202512.csv
2025,2025-12,2823769000,인천광역시 부평구 십정2동,인천광역시,부평구,십정2동,pre_reform_code_preserved_district_not_reorganized,20458,10646,9812,7703,3380,37.6528,16.5217,not_calculated_source_aggregates_ages_60_to_69,jumin_population_age_202512.csv
2025,2025-12,2824560100,인천광역시 계양구 효성1동,인천광역시,계양구,효성1동,pre_reform_code_preserved_district_not_reorganized,25617,12811,12806,8253,3219,32.2169,12.5659,not_calculated_source_aggregates_ages_60_to_69,jumin_population_age_202512.csv
2025,2025-12,2824560200,인천광역시 계양구 효성2동,인천광역시,계양구,효성2동,pre_reform_code_preserved_district_not_reorganized,28987,14548,14439,9256,3461,31.9316,11.9398,not_calculated_source_aggregates_ages_60_to_69,jumin_population_age_202512.csv
2025,2025-12,2824561100,인천광역시 계양구 계산1동,인천광역시,계양구,계산1동,pre_reform_code_preserved_district_not_reorganized,17247,9108,8139,6294,2510,36.4933,14.5533,not_calculated_source_aggregates_ages_60_to_69,jumin_population_age_202512.csv
2025,2025-12,2824561200,인천광역시 계양구 계산2동,인천광역시,계양구,계산2동,pre_reform_code_preserved_district_not_reorganized,13855,6883,6972,5319,2096,38.3905,15.1281,not_calculated_source_aggregates_ages_60_to_69,jumin_population_age_202512.csv
2025,2025-12,2824561300,인천광역시 계양구 계산3동,인천광역시,계양구,계산3동,pre_reform_code_preserved_district_not_reorganized,17001,8080,8921,5526,1813,32.5040,10.6641,not_calculated_source_aggregates_ages_60_to_69,jumin_population_age_202512.csv
2025,2025-12,2824561400,인천광역시 계양구 계산4동,인천광역시,계양구,계산4동,pre_reform_code_preserved_district_not_reorganized,22065,11183,10882,5730,1725,25.9687,7.8178,not_calculated_source_aggregates_ages_60_to_69,jumin_population_age_202512.csv
2025,2025-12,2824562100,인천광역시 계양구 작전1동,인천광역시,계양구,작전1동,pre_reform_code_preserved_district_not_reorganized,25432,12511,12921,7570,2791,29.7656,10.9744,not_calculated_source_aggregates_ages_60_to_69,jumin_population_age_202512.csv
2025,2025-12,2824562200,인천광역시 계양구 작전2동,인천광역시,계양구,작전2동,pre_reform_code_preserved_district_not_reorganized,23508,11515,11993,7273,2776,30.9384,11.8087,not_calculated_source_aggregates_ages_60_to_69,jumin_population_age_202512.csv
2025,2025-12,2824564000,인천광역시 계양구 작전서운동,인천광역시,계양구,작전서운동,pre_reform_code_preserved_district_not_reorganized,31942,15823,16119,8164,2841,25.5588,8.8942,not_calculated_source_aggregates_ages_60_to_69,jumin_population_age_202512.csv
2025,2025-12,2824571000,인천광역시 계양구 계양1동,인천광역시,계양구,계양1동,pre_reform_code_preserved_district_not_reorganized,18595,9173,9422,6201,2502,33.3477,13.4552,not_calculated_source_aggregates_ages_60_to_69,jumin_population_age_202512.csv
2025,2025-12,2824572000,인천광역시 계양구 계양2동,인천광역시,계양구,계양2동,pre_reform_code_preserved_district_not_reorganized,30484,15182,15302,10202,4129,33.4667,13.5448,not_calculated_source_aggregates_ages_60_to_69,jumin_population_age_202512.csv
2025,2025-12,2824573000,인천광역시 계양구 계양3동,인천광역시,계양구,계양3동,pre_reform_code_preserved_district_not_reorganized,22988,11360,11628,5867,2378,25.5220,10.3445,not_calculated_source_aggregates_ages_60_to_69,jumin_population_age_202512.csv
2025,2025-12,2826051500,인천광역시 서구 검암경서동,인천광역시,서구,검암경서동,requires_2026_07_01_reform_crosswalk,42800,22049,20751,8658,3276,20.2290,7.6542,not_calculated_source_aggregates_ages_60_to_69,jumin_population_age_202512.csv
2025,2025-12,2826053000,인천광역시 서구 연희동,인천광역시,서구,연희동,requires_2026_07_01_reform_crosswalk,36256,18431,17825,11679,4699,32.2126,12.9606,not_calculated_source_aggregates_ages_60_to_69,jumin_population_age_202512.csv
2025,2025-12,2826053600,인천광역시 서구 청라1동,인천광역시,서구,청라1동,requires_2026_07_01_reform_crosswalk,30461,15097,15364,4031,1410,13.2333,4.6289,not_calculated_source_aggregates_ages_60_to_69,jumin_population_age_202512.csv
2025,2025-12,2826053700,인천광역시 서구 청라2동,인천광역시,서구,청라2동,requires_2026_07_01_reform_crosswalk,47739,23588,24151,7396,2467,15.4926,5.1677,not_calculated_source_aggregates_ages_60_to_69,jumin_population_age_202512.csv
2025,2025-12,2826053900,인천광역시 서구 청라3동,인천광역시,서구,청라3동,requires_2026_07_01_reform_crosswalk,36422,18116,18306,4554,1320,12.5034,3.6242,not_calculated_source_aggregates_ages_60_to_69,jumin_population_age_202512.csv
2025,2025-12,2826054200,인천광역시 서구 가정1동,인천광역시,서구,가정1동,requires_2026_07_01_reform_crosswalk,41283,20378,20905,8302,3147,20.1100,7.6230,not_calculated_source_aggregates_ages_60_to_69,jumin_population_age_202512.csv
2025,2025-12,2826054300,인천광역시 서구 가정2동,인천광역시,서구,가정2동,requires_2026_07_01_reform_crosswalk,17050,8652,8398,3043,880,17.8475,5.1613,not_calculated_source_aggregates_ages_60_to_69,jumin_population_age_202512.csv
2025,2025-12,2826054400,인천광역시 서구 가정3동,인천광역시,서구,가정3동,requires_2026_07_01_reform_crosswalk,8372,4185,4187,2827,961,33.7673,11.4787,not_calculated_source_aggregates_ages_60_to_69,jumin_population_age_202512.csv
2025,2025-12,2826055000,인천광역시 서구 석남1동,인천광역시,서구,석남1동,requires_2026_07_01_reform_crosswalk,19684,10145,9539,6994,2822,35.5314,14.3365,not_calculated_source_aggregates_ages_60_to_69,jumin_population_age_202512.csv
2025,2025-12,2826056000,인천광역시 서구 석남2동,인천광역시,서구,석남2동,requires_2026_07_01_reform_crosswalk,11691,6021,5670,4424,1930,37.8411,16.5084,not_calculated_source_aggregates_ages_60_to_69,jumin_population_age_202512.csv
2025,2025-12,2826056100,인천광역시 서구 석남3동,인천광역시,서구,석남3동,requires_2026_07_01_reform_crosswalk,13066,6551,6515,4384,1775,33.5527,13.5849,not_calculated_source_aggregates_ages_60_to_69,jumin_population_age_202512.csv
2025,2025-12,2826057500,인천광역시 서구 신현원창동,인천광역시,서구,신현원창동,requires_2026_07_01_reform_crosswalk,28730,14425,14305,8373,3094,29.1438,10.7692,not_calculated_source_aggregates_ages_60_to_69,jumin_population_age_202512.csv
2025,2025-12,2826058000,인천광역시 서구 가좌1동,인천광역시,서구,가좌1동,requires_2026_07_01_reform_crosswalk,12354,6574,5780,3928,1637,31.7954,13.2508,not_calculated_source_aggregates_ages_60_to_69,jumin_population_age_202512.csv
2025,2025-12,2826059000,인천광역시 서구 가좌2동,인천광역시,서구,가좌2동,requires_2026_07_01_reform_crosswalk,18029,8829,9200,5885,2322,32.6419,12.8793,not_calculated_source_aggregates_ages_60_to_69,jumin_population_age_202512.csv
2025,2025-12,2826060000,인천광역시 서구 가좌3동,인천광역시,서구,가좌3동,requires_2026_07_01_reform_crosswalk,14982,7658,7324,5701,2504,38.0523,16.7134,not_calculated_source_aggregates_ages_60_to_69,jumin_population_age_202512.csv
2025,2025-12,2826061000,인천광역시 서구 가좌4동,인천광역시,서구,가좌4동,requires_2026_07_01_reform_crosswalk,12101,6189,5912,3844,1535,31.7660,12.6849,not_calculated_source_aggregates_ages_60_to_69,jumin_population_age_202512.csv
2025,2025-12,2826068000,인천광역시 서구 검단동,인천광역시,서구,검단동,requires_2026_07_01_reform_crosswalk,32116,16791,15325,7906,3069,24.6170,9.5560,not_calculated_source_aggregates_ages_60_to_69,jumin_population_age_202512.csv
2025,2025-12,2826069000,인천광역시 서구 불로대곡동,인천광역시,서구,불로대곡동,requires_2026_07_01_reform_crosswalk,43088,21539,21549,7369,3159,17.1022,7.3315,not_calculated_source_aggregates_ages_60_to_69,jumin_population_age_202512.csv
2025,2025-12,2826070000,인천광역시 서구 원당동,인천광역시,서구,원당동,requires_2026_07_01_reform_crosswalk,22395,11359,11036,4322,1996,19.2990,8.9127,not_calculated_source_aggregates_ages_60_to_69,jumin_population_age_202512.csv
2025,2025-12,2826071000,인천광역시 서구 당하동,인천광역시,서구,당하동,requires_2026_07_01_reform_crosswalk,42973,21315,21658,8649,3386,20.1266,7.8794,not_calculated_source_aggregates_ages_60_to_69,jumin_population_age_202512.csv
2025,2025-12,2826072000,인천광역시 서구 오류왕길동,인천광역시,서구,오류왕길동,requires_2026_07_01_reform_crosswalk,25242,12808,12434,6563,2580,26.0003,10.2211,not_calculated_source_aggregates_ages_60_to_69,jumin_population_age_202512.csv
2025,2025-12,2826073000,인천광역시 서구 마전동,인천광역시,서구,마전동,requires_2026_07_01_reform_crosswalk,21136,10469,10667,4638,1903,21.9436,9.0036,not_calculated_source_aggregates_ages_60_to_69,jumin_population_age_202512.csv
2025,2025-12,2826075000,인천광역시 서구 아라1동,인천광역시,서구,아라1동,requires_2026_07_01_reform_crosswalk,45584,22618,22966,4643,1671,10.1856,3.6658,not_calculated_source_aggregates_ages_60_to_69,jumin_population_age_202512.csv
2025,2025-12,2826076000,인천광역시 서구 아라2동,인천광역시,서구,아라2동,requires_2026_07_01_reform_crosswalk,30804,15208,15596,3430,1215,11.1349,3.9443,not_calculated_source_aggregates_ages_60_to_69,jumin_population_age_202512.csv
2025,2025-12,2871025000,인천광역시 강화군 강화읍,인천광역시,강화군,강화읍,pre_reform_code_preserved_district_not_reorganized,21510,10550,10960,8755,4689,40.7020,21.7992,not_calculated_source_aggregates_ages_60_to_69,jumin_population_age_202512.csv
2025,2025-12,2871031000,인천광역시 강화군 선원면,인천광역시,강화군,선원면,pre_reform_code_preserved_district_not_reorganized,10028,4934,5094,4103,1970,40.9154,19.6450,not_calculated_source_aggregates_ages_60_to_69,jumin_population_age_202512.csv
2025,2025-12,2871032000,인천광역시 강화군 불은면,인천광역시,강화군,불은면,pre_reform_code_preserved_district_not_reorganized,4978,2507,2471,3042,1654,61.1089,33.2262,not_calculated_source_aggregates_ages_60_to_69,jumin_population_age_202512.csv
2025,2025-12,2871033000,인천광역시 강화군 길상면,인천광역시,강화군,길상면,pre_reform_code_preserved_district_not_reorganized,7236,3671,3565,3976,1922,54.9475,26.5616,not_calculated_source_aggregates_ages_60_to_69,jumin_population_age_202512.csv
2025,2025-12,2871034000,인천광역시 강화군 화도면,인천광역시,강화군,화도면,pre_reform_code_preserved_district_not_reorganized,4495,2295,2200,2737,1503,60.8899,33.4372,not_calculated_source_aggregates_ages_60_to_69,jumin_population_age_202512.csv
2025,2025-12,2871035000,인천광역시 강화군 양도면,인천광역시,강화군,양도면,pre_reform_code_preserved_district_not_reorganized,4184,2103,2081,2565,1402,61.3050,33.5086,not_calculated_source_aggregates_ages_60_to_69,jumin_population_age_202512.csv
2025,2025-12,2871036000,인천광역시 강화군 내가면,인천광역시,강화군,내가면,pre_reform_code_preserved_district_not_reorganized,2900,1428,1472,1847,1030,63.6897,35.5172,not_calculated_source_aggregates_ages_60_to_69,jumin_population_age_202512.csv
2025,2025-12,2871037000,인천광역시 강화군 하점면,인천광역시,강화군,하점면,pre_reform_code_preserved_district_not_reorganized,3976,2026,1950,2564,1505,64.4869,37.8521,not_calculated_source_aggregates_ages_60_to_69,jumin_population_age_202512.csv
2025,2025-12,2871038000,인천광역시 강화군 양사면,인천광역시,강화군,양사면,pre_reform_code_preserved_district_not_reorganized,1930,977,953,1223,723,63.3679,37.4611,not_calculated_source_aggregates_ages_60_to_69,jumin_population_age_202512.csv
2025,2025-12,2871039000,인천광역시 강화군 송해면,인천광역시,강화군,송해면,pre_reform_code_preserved_district_not_reorganized,3194,1604,1590,1898,1101,59.4239,34.4709,not_calculated_source_aggregates_ages_60_to_69,jumin_population_age_202512.csv
2025,2025-12,2871040000,인천광역시 강화군 교동면,인천광역시,강화군,교동면,pre_reform_code_preserved_district_not_reorganized,2616,1355,1261,1788,1036,68.3486,39.6024,not_calculated_source_aggregates_ages_60_to_69,jumin_population_age_202512.csv
2025,2025-12,2871041000,인천광역시 강화군 삼산면,인천광역시,강화군,삼산면,pre_reform_code_preserved_district_not_reorganized,2010,1065,945,1313,739,65.3234,36.7662,not_calculated_source_aggregates_ages_60_to_69,jumin_population_age_202512.csv
2025,2025-12,2871042000,인천광역시 강화군 서도면,인천광역시,강화군,서도면,pre_reform_code_preserved_district_not_reorganized,365,190,175,243,147,66.5753,40.2740,not_calculated_source_aggregates_ages_60_to_69,jumin_population_age_202512.csv
2025,2025-12,2871042500,인천광역시 강화군 서도면볼음출장소,인천광역시,강화군,서도면볼음출장소,pre_reform_code_preserved_district_not_reorganized,276,153,123,208,106,75.3623,38.4058,not_calculated_source_aggregates_ages_60_to_69,jumin_population_age_202512.csv
2025,2025-12,2872031000,인천광역시 옹진군 북도면,인천광역시,옹진군,북도면,pre_reform_code_preserved_district_not_reorganized,1155,623,532,696,354,60.2597,30.6494,not_calculated_source_aggregates_ages_60_to_69,jumin_population_age_202512.csv
2025,2025-12,2872031500,인천광역시 옹진군 북도면장봉출장소,인천광역시,옹진군,북도면장봉출장소,pre_reform_code_preserved_district_not_reorganized,950,499,451,577,290,60.7368,30.5263,not_calculated_source_aggregates_ages_60_to_69,jumin_population_age_202512.csv
2025,2025-12,2872033000,인천광역시 옹진군 백령면,인천광역시,옹진군,백령면,pre_reform_code_preserved_district_not_reorganized,4562,2687,1875,1709,856,37.4616,18.7637,not_calculated_source_aggregates_ages_60_to_69,jumin_population_age_202512.csv
2025,2025-12,2872034000,인천광역시 옹진군 대청면,인천광역시,옹진군,대청면,pre_reform_code_preserved_district_not_reorganized,1168,676,492,563,293,48.2021,25.0856,not_calculated_source_aggregates_ages_60_to_69,jumin_population_age_202512.csv
2025,2025-12,2872034500,인천광역시 옹진군 대청면소청출장소,인천광역시,옹진군,대청면소청출장소,pre_reform_code_preserved_district_not_reorganized,235,151,84,137,76,58.2979,32.3404,not_calculated_source_aggregates_ages_60_to_69,jumin_population_age_202512.csv
2025,2025-12,2872035000,인천광역시 옹진군 덕적면,인천광역시,옹진군,덕적면,pre_reform_code_preserved_district_not_reorganized,1882,1041,841,1213,654,64.4527,34.7503,not_calculated_source_aggregates_ages_60_to_69,jumin_population_age_202512.csv
2025,2025-12,2872036000,인천광역시 옹진군 영흥면,인천광역시,옹진군,영흥면,pre_reform_code_preserved_district_not_reorganized,6483,3641,2842,3050,1405,47.0461,21.6721,not_calculated_source_aggregates_ages_60_to_69,jumin_population_age_202512.csv
2025,2025-12,2872037000,인천광역시 옹진군 자월면,인천광역시,옹진군,자월면,pre_reform_code_preserved_district_not_reorganized,938,504,434,578,306,61.6205,32.6226,not_calculated_source_aggregates_ages_60_to_69,jumin_population_age_202512.csv
2025,2025-12,2872037500,인천광역시 옹진군 자월면이작출장소,인천광역시,옹진군,자월면이작출장소,pre_reform_code_preserved_district_not_reorganized,362,194,168,229,118,63.2597,32.5967,not_calculated_source_aggregates_ages_60_to_69,jumin_population_age_202512.csv
2025,2025-12,2872038000,인천광역시 옹진군 연평면,인천광역시,옹진군,연평면,pre_reform_code_preserved_district_not_reorganized,1901,1208,693,662,284,34.8238,14.9395,not_calculated_source_aggregates_ages_60_to_69,jumin_population_age_202512.csv
