reference_year,reference_period,source_admin_code,source_admin_name,source_sido_name,source_sigungu_name,source_eupmyeondong_name,harmonization_status,one_person_households_age_total,one_person_households_age_male,one_person_households_age_female,one_person_age_60_plus_exact,one_person_age_70_plus_exact,one_person_age_60_plus_share_pct,one_person_age_70_plus_share_pct,one_person_age_65_plus_status,source_file
2023,2023-12,2811052000,인천광역시 중구 연안동,인천광역시,중구,연안동,requires_2026_07_01_reform_crosswalk,1707,1081,626,855,367,50.0879,21.4997,not_calculated_source_aggregates_ages_60_to_69,jumin_one_person_age_202312.csv
2023,2023-12,2811053000,인천광역시 중구 신포동,인천광역시,중구,신포동,requires_2026_07_01_reform_crosswalk,1341,719,622,696,398,51.9016,29.6793,not_calculated_source_aggregates_ages_60_to_69,jumin_one_person_age_202312.csv
2023,2023-12,2811054000,인천광역시 중구 신흥동,인천광역시,중구,신흥동,requires_2026_07_01_reform_crosswalk,2919,1604,1315,1262,626,43.2340,21.4457,not_calculated_source_aggregates_ages_60_to_69,jumin_one_person_age_202312.csv
2023,2023-12,2811056000,인천광역시 중구 도원동,인천광역시,중구,도원동,requires_2026_07_01_reform_crosswalk,1044,557,487,632,351,60.5364,33.6207,not_calculated_source_aggregates_ages_60_to_69,jumin_one_person_age_202312.csv
2023,2023-12,2811057000,인천광역시 중구 율목동,인천광역시,중구,율목동,requires_2026_07_01_reform_crosswalk,1070,581,489,601,332,56.1682,31.0280,not_calculated_source_aggregates_ages_60_to_69,jumin_one_person_age_202312.csv
2023,2023-12,2811058500,인천광역시 중구 동인천동,인천광역시,중구,동인천동,requires_2026_07_01_reform_crosswalk,1972,1131,841,1075,568,54.5132,28.8032,not_calculated_source_aggregates_ages_60_to_69,jumin_one_person_age_202312.csv
2023,2023-12,2811061500,인천광역시 중구 개항동,인천광역시,중구,개항동,requires_2026_07_01_reform_crosswalk,2083,1093,990,996,539,47.8157,25.8761,not_calculated_source_aggregates_ages_60_to_69,jumin_one_person_age_202312.csv
2023,2023-12,2811062000,인천광역시 중구 영종동,인천광역시,중구,영종동,requires_2026_07_01_reform_crosswalk,5965,4017,1948,1538,574,25.7837,9.6228,not_calculated_source_aggregates_ages_60_to_69,jumin_one_person_age_202312.csv
2023,2023-12,2811062200,인천광역시 중구 영종1동,인천광역시,중구,영종1동,requires_2026_07_01_reform_crosswalk,6199,3313,2886,1193,513,19.2450,8.2755,not_calculated_source_aggregates_ages_60_to_69,jumin_one_person_age_202312.csv
2023,2023-12,2811062800,인천광역시 중구 운서동,인천광역시,중구,운서동,requires_2026_07_01_reform_crosswalk,13407,7665,5742,1342,579,10.0097,4.3186,not_calculated_source_aggregates_ages_60_to_69,jumin_one_person_age_202312.csv
2023,2023-12,2811063000,인천광역시 중구 용유동,인천광역시,중구,용유동,requires_2026_07_01_reform_crosswalk,1551,929,622,849,345,54.7389,22.2437,not_calculated_source_aggregates_ages_60_to_69,jumin_one_person_age_202312.csv
2023,2023-12,2814051000,인천광역시 동구 만석동,인천광역시,동구,만석동,requires_2026_07_01_reform_crosswalk,1345,741,604,773,381,57.4721,28.3271,not_calculated_source_aggregates_ages_60_to_69,jumin_one_person_age_202312.csv
2023,2023-12,2814052500,인천광역시 동구 화수1.화평동,인천광역시,동구,화수1.화평동,requires_2026_07_01_reform_crosswalk,1254,654,600,788,460,62.8389,36.6826,not_calculated_source_aggregates_ages_60_to_69,jumin_one_person_age_202312.csv
2023,2023-12,2814053000,인천광역시 동구 화수2동,인천광역시,동구,화수2동,requires_2026_07_01_reform_crosswalk,1693,786,907,1004,598,59.3030,35.3219,not_calculated_source_aggregates_ages_60_to_69,jumin_one_person_age_202312.csv
2023,2023-12,2814055500,인천광역시 동구 송현1.2동,인천광역시,동구,송현1.2동,requires_2026_07_01_reform_crosswalk,1477,699,778,670,385,45.3622,26.0664,not_calculated_source_aggregates_ages_60_to_69,jumin_one_person_age_202312.csv
2023,2023-12,2814057000,인천광역시 동구 송현3동,인천광역시,동구,송현3동,requires_2026_07_01_reform_crosswalk,853,468,385,508,270,59.5545,31.6530,not_calculated_source_aggregates_ages_60_to_69,jumin_one_person_age_202312.csv
2023,2023-12,2814058000,인천광역시 동구 송림1동,인천광역시,동구,송림1동,requires_2026_07_01_reform_crosswalk,941,459,482,273,141,29.0117,14.9841,not_calculated_source_aggregates_ages_60_to_69,jumin_one_person_age_202312.csv
2023,2023-12,2814059000,인천광역시 동구 송림2동,인천광역시,동구,송림2동,requires_2026_07_01_reform_crosswalk,551,276,275,369,205,66.9691,37.2051,not_calculated_source_aggregates_ages_60_to_69,jumin_one_person_age_202312.csv
2023,2023-12,2814060500,인천광역시 동구 송림3.5동,인천광역시,동구,송림3.5동,requires_2026_07_01_reform_crosswalk,930,477,453,497,258,53.4409,27.7419,not_calculated_source_aggregates_ages_60_to_69,jumin_one_person_age_202312.csv
2023,2023-12,2814061000,인천광역시 동구 송림4동,인천광역시,동구,송림4동,requires_2026_07_01_reform_crosswalk,704,439,265,209,82,29.6875,11.6477,not_calculated_source_aggregates_ages_60_to_69,jumin_one_person_age_202312.csv
2023,2023-12,2814063000,인천광역시 동구 송림6동,인천광역시,동구,송림6동,requires_2026_07_01_reform_crosswalk,837,388,449,483,283,57.7061,33.8112,not_calculated_source_aggregates_ages_60_to_69,jumin_one_person_age_202312.csv
2023,2023-12,2814064000,인천광역시 동구 금창동,인천광역시,동구,금창동,requires_2026_07_01_reform_crosswalk,662,325,337,413,250,62.3867,37.7644,not_calculated_source_aggregates_ages_60_to_69,jumin_one_person_age_202312.csv
2023,2023-12,2817751000,인천광역시 미추홀구 숭의2동,인천광역시,미추홀구,숭의2동,pre_reform_code_preserved_district_not_reorganized,2860,1485,1375,1337,693,46.7483,24.2308,not_calculated_source_aggregates_ages_60_to_69,jumin_one_person_age_202312.csv
2023,2023-12,2817752000,인천광역시 미추홀구 숭의1.3동,인천광역시,미추홀구,숭의1.3동,pre_reform_code_preserved_district_not_reorganized,3115,1644,1471,1137,605,36.5008,19.4222,not_calculated_source_aggregates_ages_60_to_69,jumin_one_person_age_202312.csv
2023,2023-12,2817753000,인천광역시 미추홀구 숭의4동,인천광역시,미추홀구,숭의4동,pre_reform_code_preserved_district_not_reorganized,3182,1650,1532,1522,759,47.8316,23.8529,not_calculated_source_aggregates_ages_60_to_69,jumin_one_person_age_202312.csv
2023,2023-12,2817754000,인천광역시 미추홀구 용현1.4동,인천광역시,미추홀구,용현1.4동,pre_reform_code_preserved_district_not_reorganized,7087,4293,2794,1802,937,25.4268,13.2214,not_calculated_source_aggregates_ages_60_to_69,jumin_one_person_age_202312.csv
2023,2023-12,2817755000,인천광역시 미추홀구 용현2동,인천광역시,미추홀구,용현2동,pre_reform_code_preserved_district_not_reorganized,3746,1861,1885,1357,737,36.2253,19.6743,not_calculated_source_aggregates_ages_60_to_69,jumin_one_person_age_202312.csv
2023,2023-12,2817756000,인천광역시 미추홀구 용현3동,인천광역시,미추홀구,용현3동,pre_reform_code_preserved_district_not_reorganized,2524,1409,1115,1166,577,46.1965,22.8605,not_calculated_source_aggregates_ages_60_to_69,jumin_one_person_age_202312.csv
2023,2023-12,2817757000,인천광역시 미추홀구 용현5동,인천광역시,미추홀구,용현5동,pre_reform_code_preserved_district_not_reorganized,7291,3680,3611,2333,1120,31.9984,15.3614,not_calculated_source_aggregates_ages_60_to_69,jumin_one_person_age_202312.csv
2023,2023-12,2817758000,인천광역시 미추홀구 학익1동,인천광역시,미추홀구,학익1동,pre_reform_code_preserved_district_not_reorganized,3616,1859,1757,1604,807,44.3584,22.3175,not_calculated_source_aggregates_ages_60_to_69,jumin_one_person_age_202312.csv
2023,2023-12,2817759000,인천광역시 미추홀구 학익2동,인천광역시,미추홀구,학익2동,pre_reform_code_preserved_district_not_reorganized,3031,1401,1630,1433,822,47.2781,27.1198,not_calculated_source_aggregates_ages_60_to_69,jumin_one_person_age_202312.csv
2023,2023-12,2817760000,인천광역시 미추홀구 도화1동,인천광역시,미추홀구,도화1동,pre_reform_code_preserved_district_not_reorganized,4496,2380,2116,1830,919,40.7028,20.4404,not_calculated_source_aggregates_ages_60_to_69,jumin_one_person_age_202312.csv
2023,2023-12,2817761000,인천광역시 미추홀구 도화2.3동,인천광역시,미추홀구,도화2.3동,pre_reform_code_preserved_district_not_reorganized,5303,2980,2323,1995,910,37.6202,17.1601,not_calculated_source_aggregates_ages_60_to_69,jumin_one_person_age_202312.csv
2023,2023-12,2817762000,인천광역시 미추홀구 주안1동,인천광역시,미추홀구,주안1동,pre_reform_code_preserved_district_not_reorganized,7226,4289,2937,1347,508,18.6410,7.0302,not_calculated_source_aggregates_ages_60_to_69,jumin_one_person_age_202312.csv
2023,2023-12,2817763000,인천광역시 미추홀구 주안2동,인천광역시,미추홀구,주안2동,pre_reform_code_preserved_district_not_reorganized,4684,2484,2200,1952,956,41.6738,20.4099,not_calculated_source_aggregates_ages_60_to_69,jumin_one_person_age_202312.csv
2023,2023-12,2817764000,인천광역시 미추홀구 주안3동,인천광역시,미추홀구,주안3동,pre_reform_code_preserved_district_not_reorganized,2833,1464,1369,1117,549,39.4282,19.3788,not_calculated_source_aggregates_ages_60_to_69,jumin_one_person_age_202312.csv
2023,2023-12,2817765000,인천광역시 미추홀구 주안4동,인천광역시,미추홀구,주안4동,pre_reform_code_preserved_district_not_reorganized,3722,1897,1825,1711,854,45.9699,22.9447,not_calculated_source_aggregates_ages_60_to_69,jumin_one_person_age_202312.csv
2023,2023-12,2817766000,인천광역시 미추홀구 주안5동,인천광역시,미추홀구,주안5동,pre_reform_code_preserved_district_not_reorganized,4665,2464,2201,1793,891,38.4352,19.0997,not_calculated_source_aggregates_ages_60_to_69,jumin_one_person_age_202312.csv
2023,2023-12,2817767000,인천광역시 미추홀구 주안6동,인천광역시,미추홀구,주안6동,pre_reform_code_preserved_district_not_reorganized,4266,2300,1966,1548,757,36.2869,17.7450,not_calculated_source_aggregates_ages_60_to_69,jumin_one_person_age_202312.csv
2023,2023-12,2817768000,인천광역시 미추홀구 주안7동,인천광역시,미추홀구,주안7동,pre_reform_code_preserved_district_not_reorganized,2647,1187,1460,1380,698,52.1345,26.3695,not_calculated_source_aggregates_ages_60_to_69,jumin_one_person_age_202312.csv
2023,2023-12,2817769000,인천광역시 미추홀구 주안8동,인천광역시,미추홀구,주안8동,pre_reform_code_preserved_district_not_reorganized,3389,1650,1739,1618,791,47.7427,23.3402,not_calculated_source_aggregates_ages_60_to_69,jumin_one_person_age_202312.csv
2023,2023-12,2817770000,인천광역시 미추홀구 관교동,인천광역시,미추홀구,관교동,pre_reform_code_preserved_district_not_reorganized,2129,1095,1034,920,460,43.2128,21.6064,not_calculated_source_aggregates_ages_60_to_69,jumin_one_person_age_202312.csv
2023,2023-12,2817771000,인천광역시 미추홀구 문학동,인천광역시,미추홀구,문학동,pre_reform_code_preserved_district_not_reorganized,4265,2761,1504,1157,446,27.1278,10.4572,not_calculated_source_aggregates_ages_60_to_69,jumin_one_person_age_202312.csv
2023,2023-12,2818563000,인천광역시 연수구 옥련1동,인천광역시,연수구,옥련1동,pre_reform_code_preserved_district_not_reorganized,2803,1390,1413,1292,664,46.0935,23.6889,not_calculated_source_aggregates_ages_60_to_69,jumin_one_person_age_202312.csv
2023,2023-12,2818564000,인천광역시 연수구 옥련2동,인천광역시,연수구,옥련2동,pre_reform_code_preserved_district_not_reorganized,2175,1054,1121,924,449,42.4828,20.6437,not_calculated_source_aggregates_ages_60_to_69,jumin_one_person_age_202312.csv
2023,2023-12,2818575000,인천광역시 연수구 선학동,인천광역시,연수구,선학동,pre_reform_code_preserved_district_not_reorganized,3809,2228,1581,1567,759,41.1394,19.9265,not_calculated_source_aggregates_ages_60_to_69,jumin_one_person_age_202312.csv
2023,2023-12,2818576100,인천광역시 연수구 연수1동,인천광역시,연수구,연수1동,pre_reform_code_preserved_district_not_reorganized,4687,3093,1594,1316,532,28.0777,11.3505,not_calculated_source_aggregates_ages_60_to_69,jumin_one_person_age_202312.csv
2023,2023-12,2818576200,인천광역시 연수구 연수2동,인천광역시,연수구,연수2동,pre_reform_code_preserved_district_not_reorganized,4371,2160,2211,1644,845,37.6115,19.3320,not_calculated_source_aggregates_ages_60_to_69,jumin_one_person_age_202312.csv
2023,2023-12,2818576300,인천광역시 연수구 연수3동,인천광역시,연수구,연수3동,pre_reform_code_preserved_district_not_reorganized,2977,1255,1722,1634,899,54.8875,30.1982,not_calculated_source_aggregates_ages_60_to_69,jumin_one_person_age_202312.csv
2023,2023-12,2818576600,인천광역시 연수구 청학동,인천광역시,연수구,청학동,pre_reform_code_preserved_district_not_reorganized,6170,3624,2546,2461,1121,39.8865,18.1686,not_calculated_source_aggregates_ages_60_to_69,jumin_one_person_age_202312.csv
2023,2023-12,2818578000,인천광역시 연수구 동춘1동,인천광역시,연수구,동춘1동,pre_reform_code_preserved_district_not_reorganized,1807,846,961,700,305,38.7382,16.8788,not_calculated_source_aggregates_ages_60_to_69,jumin_one_person_age_202312.csv
2023,2023-12,2818579000,인천광역시 연수구 동춘2동,인천광역시,연수구,동춘2동,pre_reform_code_preserved_district_not_reorganized,1666,743,923,613,312,36.7947,18.7275,not_calculated_source_aggregates_ages_60_to_69,jumin_one_person_age_202312.csv
2023,2023-12,2818579500,인천광역시 연수구 동춘3동,인천광역시,연수구,동춘3동,pre_reform_code_preserved_district_not_reorganized,630,255,375,345,185,54.7619,29.3651,not_calculated_source_aggregates_ages_60_to_69,jumin_one_person_age_202312.csv
2023,2023-12,2818582000,인천광역시 연수구 송도1동,인천광역시,연수구,송도1동,pre_reform_code_preserved_district_not_reorganized,5707,2856,2851,556,236,9.7424,4.1353,not_calculated_source_aggregates_ages_60_to_69,jumin_one_person_age_202312.csv
2023,2023-12,2818583000,인천광역시 연수구 송도2동,인천광역시,연수구,송도2동,pre_reform_code_preserved_district_not_reorganized,1770,871,899,404,164,22.8249,9.2655,not_calculated_source_aggregates_ages_60_to_69,jumin_one_person_age_202312.csv
2023,2023-12,2818584000,인천광역시 연수구 송도3동,인천광역시,연수구,송도3동,pre_reform_code_preserved_district_not_reorganized,5654,2752,2902,599,214,10.5943,3.7849,not_calculated_source_aggregates_ages_60_to_69,jumin_one_person_age_202312.csv
2023,2023-12,2818585000,인천광역시 연수구 송도4동,인천광역시,연수구,송도4동,pre_reform_code_preserved_district_not_reorganized,2740,1379,1361,375,129,13.6861,4.7080,not_calculated_source_aggregates_ages_60_to_69,jumin_one_person_age_202312.csv
2023,2023-12,2818586000,인천광역시 연수구 송도5동,인천광역시,연수구,송도5동,pre_reform_code_preserved_district_not_reorganized,3850,1982,1868,534,131,13.8701,3.4026,not_calculated_source_aggregates_ages_60_to_69,jumin_one_person_age_202312.csv
2023,2023-12,2820051000,인천광역시 남동구 구월1동,인천광역시,남동구,구월1동,pre_reform_code_preserved_district_not_reorganized,5394,2623,2771,1835,864,34.0193,16.0178,not_calculated_source_aggregates_ages_60_to_69,jumin_one_person_age_202312.csv
2023,2023-12,2820052000,인천광역시 남동구 구월2동,인천광역시,남동구,구월2동,pre_reform_code_preserved_district_not_reorganized,2939,1297,1642,1331,630,45.2875,21.4359,not_calculated_source_aggregates_ages_60_to_69,jumin_one_person_age_202312.csv
2023,2023-12,2820052100,인천광역시 남동구 구월3동,인천광역시,남동구,구월3동,pre_reform_code_preserved_district_not_reorganized,10858,5796,5062,1672,683,15.3988,6.2903,not_calculated_source_aggregates_ages_60_to_69,jumin_one_person_age_202312.csv
2023,2023-12,2820052200,인천광역시 남동구 구월4동,인천광역시,남동구,구월4동,pre_reform_code_preserved_district_not_reorganized,4110,2071,2039,1806,804,43.9416,19.5620,not_calculated_source_aggregates_ages_60_to_69,jumin_one_person_age_202312.csv
2023,2023-12,2820053000,인천광역시 남동구 간석1동,인천광역시,남동구,간석1동,pre_reform_code_preserved_district_not_reorganized,3945,1975,1970,1455,751,36.8821,19.0368,not_calculated_source_aggregates_ages_60_to_69,jumin_one_person_age_202312.csv
2023,2023-12,2820054000,인천광역시 남동구 간석2동,인천광역시,남동구,간석2동,pre_reform_code_preserved_district_not_reorganized,3422,1867,1555,1371,636,40.0643,18.5856,not_calculated_source_aggregates_ages_60_to_69,jumin_one_person_age_202312.csv
2023,2023-12,2820055000,인천광역시 남동구 간석3동,인천광역시,남동구,간석3동,pre_reform_code_preserved_district_not_reorganized,5575,2964,2611,2440,1140,43.7668,20.4484,not_calculated_source_aggregates_ages_60_to_69,jumin_one_person_age_202312.csv
2023,2023-12,2820055100,인천광역시 남동구 간석4동,인천광역시,남동구,간석4동,pre_reform_code_preserved_district_not_reorganized,5678,3095,2583,2088,931,36.7735,16.3966,not_calculated_source_aggregates_ages_60_to_69,jumin_one_person_age_202312.csv
2023,2023-12,2820056000,인천광역시 남동구 만수1동,인천광역시,남동구,만수1동,pre_reform_code_preserved_district_not_reorganized,4551,2155,2396,2362,1261,51.9007,27.7082,not_calculated_source_aggregates_ages_60_to_69,jumin_one_person_age_202312.csv
2023,2023-12,2820057000,인천광역시 남동구 만수2동,인천광역시,남동구,만수2동,pre_reform_code_preserved_district_not_reorganized,2963,1393,1570,1371,664,46.2707,22.4097,not_calculated_source_aggregates_ages_60_to_69,jumin_one_person_age_202312.csv
2023,2023-12,2820058000,인천광역시 남동구 만수3동,인천광역시,남동구,만수3동,pre_reform_code_preserved_district_not_reorganized,2373,1232,1141,1074,556,45.2592,23.4303,not_calculated_source_aggregates_ages_60_to_69,jumin_one_person_age_202312.csv
2023,2023-12,2820058100,인천광역시 남동구 만수4동,인천광역시,남동구,만수4동,pre_reform_code_preserved_district_not_reorganized,3193,1417,1776,1490,737,46.6646,23.0817,not_calculated_source_aggregates_ages_60_to_69,jumin_one_person_age_202312.csv
2023,2023-12,2820058200,인천광역시 남동구 만수5동,인천광역시,남동구,만수5동,pre_reform_code_preserved_district_not_reorganized,3522,1746,1776,1700,824,48.2680,23.3958,not_calculated_source_aggregates_ages_60_to_69,jumin_one_person_age_202312.csv
2023,2023-12,2820058300,인천광역시 남동구 만수6동,인천광역시,남동구,만수6동,pre_reform_code_preserved_district_not_reorganized,3591,1625,1966,1809,953,50.3759,26.5386,not_calculated_source_aggregates_ages_60_to_69,jumin_one_person_age_202312.csv
2023,2023-12,2820065000,인천광역시 남동구 장수서창동,인천광역시,남동구,장수서창동,pre_reform_code_preserved_district_not_reorganized,2365,1232,1133,1119,539,47.3150,22.7907,not_calculated_source_aggregates_ages_60_to_69,jumin_one_person_age_202312.csv
2023,2023-12,2820065500,인천광역시 남동구 서창2동,인천광역시,남동구,서창2동,pre_reform_code_preserved_district_not_reorganized,4949,2453,2496,2028,949,40.9780,19.1756,not_calculated_source_aggregates_ages_60_to_69,jumin_one_person_age_202312.csv
2023,2023-12,2820066000,인천광역시 남동구 남촌도림동,인천광역시,남동구,남촌도림동,pre_reform_code_preserved_district_not_reorganized,3575,1995,1580,1612,805,45.0909,22.5175,not_calculated_source_aggregates_ages_60_to_69,jumin_one_person_age_202312.csv
2023,2023-12,2820069000,인천광역시 남동구 논현1동,인천광역시,남동구,논현1동,pre_reform_code_preserved_district_not_reorganized,4688,2611,2077,1625,706,34.6630,15.0597,not_calculated_source_aggregates_ages_60_to_69,jumin_one_person_age_202312.csv
2023,2023-12,2820070000,인천광역시 남동구 논현2동,인천광역시,남동구,논현2동,pre_reform_code_preserved_district_not_reorganized,6361,3662,2699,1991,1010,31.3001,15.8780,not_calculated_source_aggregates_ages_60_to_69,jumin_one_person_age_202312.csv
2023,2023-12,2820071000,인천광역시 남동구 논현고잔동,인천광역시,남동구,논현고잔동,pre_reform_code_preserved_district_not_reorganized,4365,2294,2071,1548,681,35.4639,15.6014,not_calculated_source_aggregates_ages_60_to_69,jumin_one_person_age_202312.csv
2023,2023-12,2823751000,인천광역시 부평구 부평1동,인천광역시,부평구,부평1동,pre_reform_code_preserved_district_not_reorganized,7389,3626,3763,1911,915,25.8628,12.3833,not_calculated_source_aggregates_ages_60_to_69,jumin_one_person_age_202312.csv
2023,2023-12,2823752000,인천광역시 부평구 부평2동,인천광역시,부평구,부평2동,pre_reform_code_preserved_district_not_reorganized,3300,1677,1623,1320,624,40.0000,18.9091,not_calculated_source_aggregates_ages_60_to_69,jumin_one_person_age_202312.csv
2023,2023-12,2823753000,인천광역시 부평구 부평3동,인천광역시,부평구,부평3동,pre_reform_code_preserved_district_not_reorganized,3266,1684,1582,1519,751,46.5095,22.9945,not_calculated_source_aggregates_ages_60_to_69,jumin_one_person_age_202312.csv
2023,2023-12,2823754000,인천광역시 부평구 부평4동,인천광역시,부평구,부평4동,pre_reform_code_preserved_district_not_reorganized,9054,4625,4429,2686,1212,29.6664,13.3863,not_calculated_source_aggregates_ages_60_to_69,jumin_one_person_age_202312.csv
2023,2023-12,2823755000,인천광역시 부평구 부평5동,인천광역시,부평구,부평5동,pre_reform_code_preserved_district_not_reorganized,7250,3767,3483,1986,867,27.3931,11.9586,not_calculated_source_aggregates_ages_60_to_69,jumin_one_person_age_202312.csv
2023,2023-12,2823756000,인천광역시 부평구 부평6동,인천광역시,부평구,부평6동,pre_reform_code_preserved_district_not_reorganized,3269,1668,1601,1156,531,35.3625,16.2435,not_calculated_source_aggregates_ages_60_to_69,jumin_one_person_age_202312.csv
2023,2023-12,2823757000,인천광역시 부평구 산곡1동,인천광역시,부평구,산곡1동,pre_reform_code_preserved_district_not_reorganized,2162,1056,1106,809,417,37.4191,19.2877,not_calculated_source_aggregates_ages_60_to_69,jumin_one_person_age_202312.csv
2023,2023-12,2823758000,인천광역시 부평구 산곡2동,인천광역시,부평구,산곡2동,pre_reform_code_preserved_district_not_reorganized,2072,908,1164,983,501,47.4421,24.1795,not_calculated_source_aggregates_ages_60_to_69,jumin_one_person_age_202312.csv
2023,2023-12,2823758100,인천광역시 부평구 산곡3동,인천광역시,부평구,산곡3동,pre_reform_code_preserved_district_not_reorganized,2639,1132,1507,1512,823,57.2944,31.1861,not_calculated_source_aggregates_ages_60_to_69,jumin_one_person_age_202312.csv
2023,2023-12,2823758200,인천광역시 부평구 산곡4동,인천광역시,부평구,산곡4동,pre_reform_code_preserved_district_not_reorganized,1627,629,998,808,476,49.6620,29.2563,not_calculated_source_aggregates_ages_60_to_69,jumin_one_person_age_202312.csv
2023,2023-12,2823759100,인천광역시 부평구 청천1동,인천광역시,부평구,청천1동,pre_reform_code_preserved_district_not_reorganized,2549,1502,1047,824,296,32.3264,11.6124,not_calculated_source_aggregates_ages_60_to_69,jumin_one_person_age_202312.csv
2023,2023-12,2823759200,인천광역시 부평구 청천2동,인천광역시,부평구,청천2동,pre_reform_code_preserved_district_not_reorganized,4683,2393,2290,1949,888,41.6186,18.9622,not_calculated_source_aggregates_ages_60_to_69,jumin_one_person_age_202312.csv
2023,2023-12,2823764100,인천광역시 부평구 갈산1동,인천광역시,부평구,갈산1동,pre_reform_code_preserved_district_not_reorganized,2739,1533,1206,1020,467,37.2399,17.0500,not_calculated_source_aggregates_ages_60_to_69,jumin_one_person_age_202312.csv
2023,2023-12,2823764200,인천광역시 부평구 갈산2동,인천광역시,부평구,갈산2동,pre_reform_code_preserved_district_not_reorganized,3252,1505,1747,1621,811,49.8462,24.9385,not_calculated_source_aggregates_ages_60_to_69,jumin_one_person_age_202312.csv
2023,2023-12,2823764600,인천광역시 부평구 삼산1동,인천광역시,부평구,삼산1동,pre_reform_code_preserved_district_not_reorganized,4925,2308,2617,2614,1411,53.0761,28.6497,not_calculated_source_aggregates_ages_60_to_69,jumin_one_person_age_202312.csv
2023,2023-12,2823764800,인천광역시 부평구 삼산2동,인천광역시,부평구,삼산2동,pre_reform_code_preserved_district_not_reorganized,2159,972,1187,1022,558,47.3367,25.8453,not_calculated_source_aggregates_ages_60_to_69,jumin_one_person_age_202312.csv
2023,2023-12,2823765000,인천광역시 부평구 부개1동,인천광역시,부평구,부개1동,pre_reform_code_preserved_district_not_reorganized,3420,1739,1681,1635,761,47.8070,22.2515,not_calculated_source_aggregates_ages_60_to_69,jumin_one_person_age_202312.csv
2023,2023-12,2823766000,인천광역시 부평구 부개2동,인천광역시,부평구,부개2동,pre_reform_code_preserved_district_not_reorganized,2794,1368,1426,1084,520,38.7974,18.6113,not_calculated_source_aggregates_ages_60_to_69,jumin_one_person_age_202312.csv
2023,2023-12,2823766100,인천광역시 부평구 부개3동,인천광역시,부평구,부개3동,pre_reform_code_preserved_district_not_reorganized,3843,1681,2162,1524,817,39.6565,21.2594,not_calculated_source_aggregates_ages_60_to_69,jumin_one_person_age_202312.csv
2023,2023-12,2823767000,인천광역시 부평구 일신동,인천광역시,부평구,일신동,pre_reform_code_preserved_district_not_reorganized,1613,847,766,673,355,41.7235,22.0087,not_calculated_source_aggregates_ages_60_to_69,jumin_one_person_age_202312.csv
2023,2023-12,2823768000,인천광역시 부평구 십정1동,인천광역시,부평구,십정1동,pre_reform_code_preserved_district_not_reorganized,4045,2182,1863,1561,748,38.5909,18.4920,not_calculated_source_aggregates_ages_60_to_69,jumin_one_person_age_202312.csv
2023,2023-12,2823769000,인천광역시 부평구 십정2동,인천광역시,부평구,십정2동,pre_reform_code_preserved_district_not_reorganized,5609,3240,2369,2470,1035,44.0364,18.4525,not_calculated_source_aggregates_ages_60_to_69,jumin_one_person_age_202312.csv
2023,2023-12,2824560100,인천광역시 계양구 효성1동,인천광역시,계양구,효성1동,pre_reform_code_preserved_district_not_reorganized,3853,1980,1873,1735,798,45.0298,20.7111,not_calculated_source_aggregates_ages_60_to_69,jumin_one_person_age_202312.csv
2023,2023-12,2824560200,인천광역시 계양구 효성2동,인천광역시,계양구,효성2동,pre_reform_code_preserved_district_not_reorganized,3410,1808,1602,1615,702,47.3607,20.5865,not_calculated_source_aggregates_ages_60_to_69,jumin_one_person_age_202312.csv
2023,2023-12,2824561100,인천광역시 계양구 계산1동,인천광역시,계양구,계산1동,pre_reform_code_preserved_district_not_reorganized,5039,2958,2081,1953,758,38.7577,15.0427,not_calculated_source_aggregates_ages_60_to_69,jumin_one_person_age_202312.csv
2023,2023-12,2824561200,인천광역시 계양구 계산2동,인천광역시,계양구,계산2동,pre_reform_code_preserved_district_not_reorganized,3730,1925,1805,1516,654,40.6434,17.5335,not_calculated_source_aggregates_ages_60_to_69,jumin_one_person_age_202312.csv
2023,2023-12,2824561300,인천광역시 계양구 계산3동,인천광역시,계양구,계산3동,pre_reform_code_preserved_district_not_reorganized,3298,1474,1824,1152,457,34.9303,13.8569,not_calculated_source_aggregates_ages_60_to_69,jumin_one_person_age_202312.csv
2023,2023-12,2824561400,인천광역시 계양구 계산4동,인천광역시,계양구,계산4동,pre_reform_code_preserved_district_not_reorganized,3196,1847,1349,1001,497,31.3204,15.5507,not_calculated_source_aggregates_ages_60_to_69,jumin_one_person_age_202312.csv
2023,2023-12,2824562100,인천광역시 계양구 작전1동,인천광역시,계양구,작전1동,pre_reform_code_preserved_district_not_reorganized,3383,1573,1810,1451,648,42.8909,19.1546,not_calculated_source_aggregates_ages_60_to_69,jumin_one_person_age_202312.csv
2023,2023-12,2824562200,인천광역시 계양구 작전2동,인천광역시,계양구,작전2동,pre_reform_code_preserved_district_not_reorganized,3506,1744,1762,1616,746,46.0924,21.2778,not_calculated_source_aggregates_ages_60_to_69,jumin_one_person_age_202312.csv
2023,2023-12,2824564000,인천광역시 계양구 작전서운동,인천광역시,계양구,작전서운동,pre_reform_code_preserved_district_not_reorganized,4517,2311,2206,1622,770,35.9088,17.0467,not_calculated_source_aggregates_ages_60_to_69,jumin_one_person_age_202312.csv
2023,2023-12,2824571000,인천광역시 계양구 계양1동,인천광역시,계양구,계양1동,pre_reform_code_preserved_district_not_reorganized,2683,1381,1302,1243,582,46.3287,21.6921,not_calculated_source_aggregates_ages_60_to_69,jumin_one_person_age_202312.csv
2023,2023-12,2824572000,인천광역시 계양구 계양2동,인천광역시,계양구,계양2동,pre_reform_code_preserved_district_not_reorganized,6992,3508,3484,2953,1448,42.2340,20.7094,not_calculated_source_aggregates_ages_60_to_69,jumin_one_person_age_202312.csv
2023,2023-12,2824573000,인천광역시 계양구 계양3동,인천광역시,계양구,계양3동,pre_reform_code_preserved_district_not_reorganized,2866,1456,1410,1120,489,39.0789,17.0621,not_calculated_source_aggregates_ages_60_to_69,jumin_one_person_age_202312.csv
2023,2023-12,2826051500,인천광역시 서구 검암경서동,인천광역시,서구,검암경서동,requires_2026_07_01_reform_crosswalk,8647,5199,3448,1841,791,21.2906,9.1477,not_calculated_source_aggregates_ages_60_to_69,jumin_one_person_age_202312.csv
2023,2023-12,2826053000,인천광역시 서구 연희동,인천광역시,서구,연희동,requires_2026_07_01_reform_crosswalk,8324,4662,3662,3268,1485,39.2600,17.8400,not_calculated_source_aggregates_ages_60_to_69,jumin_one_person_age_202312.csv
2023,2023-12,2826053600,인천광역시 서구 청라1동,인천광역시,서구,청라1동,requires_2026_07_01_reform_crosswalk,3563,1964,1599,462,187,12.9666,5.2484,not_calculated_source_aggregates_ages_60_to_69,jumin_one_person_age_202312.csv
2023,2023-12,2826053700,인천광역시 서구 청라2동,인천광역시,서구,청라2동,requires_2026_07_01_reform_crosswalk,4901,2538,2363,841,336,17.1598,6.8557,not_calculated_source_aggregates_ages_60_to_69,jumin_one_person_age_202312.csv
2023,2023-12,2826053900,인천광역시 서구 청라3동,인천광역시,서구,청라3동,requires_2026_07_01_reform_crosswalk,4051,2304,1747,416,127,10.2691,3.1350,not_calculated_source_aggregates_ages_60_to_69,jumin_one_person_age_202312.csv
2023,2023-12,2826054200,인천광역시 서구 가정1동,인천광역시,서구,가정1동,requires_2026_07_01_reform_crosswalk,5851,3009,2842,2005,852,34.2676,14.5616,not_calculated_source_aggregates_ages_60_to_69,jumin_one_person_age_202312.csv
2023,2023-12,2826054300,인천광역시 서구 가정2동,인천광역시,서구,가정2동,requires_2026_07_01_reform_crosswalk,2217,1247,970,526,166,23.7258,7.4876,not_calculated_source_aggregates_ages_60_to_69,jumin_one_person_age_202312.csv
2023,2023-12,2826054400,인천광역시 서구 가정3동,인천광역시,서구,가정3동,requires_2026_07_01_reform_crosswalk,1722,896,826,668,282,38.7921,16.3763,not_calculated_source_aggregates_ages_60_to_69,jumin_one_person_age_202312.csv
2023,2023-12,2826055000,인천광역시 서구 석남1동,인천광역시,서구,석남1동,requires_2026_07_01_reform_crosswalk,4760,2629,2131,1994,828,41.8908,17.3950,not_calculated_source_aggregates_ages_60_to_69,jumin_one_person_age_202312.csv
2023,2023-12,2826056000,인천광역시 서구 석남2동,인천광역시,서구,석남2동,requires_2026_07_01_reform_crosswalk,2450,1364,1086,1132,528,46.2041,21.5510,not_calculated_source_aggregates_ages_60_to_69,jumin_one_person_age_202312.csv
2023,2023-12,2826056100,인천광역시 서구 석남3동,인천광역시,서구,석남3동,requires_2026_07_01_reform_crosswalk,2784,1469,1315,1234,552,44.3247,19.8276,not_calculated_source_aggregates_ages_60_to_69,jumin_one_person_age_202312.csv
2023,2023-12,2826057500,인천광역시 서구 신현원창동,인천광역시,서구,신현원창동,requires_2026_07_01_reform_crosswalk,4007,2174,1833,1642,644,40.9783,16.0719,not_calculated_source_aggregates_ages_60_to_69,jumin_one_person_age_202312.csv
2023,2023-12,2826058000,인천광역시 서구 가좌1동,인천광역시,서구,가좌1동,requires_2026_07_01_reform_crosswalk,3118,1842,1276,1243,513,39.8653,16.4529,not_calculated_source_aggregates_ages_60_to_69,jumin_one_person_age_202312.csv
2023,2023-12,2826059000,인천광역시 서구 가좌2동,인천광역시,서구,가좌2동,requires_2026_07_01_reform_crosswalk,2031,871,1160,1014,520,49.9261,25.6032,not_calculated_source_aggregates_ages_60_to_69,jumin_one_person_age_202312.csv
2023,2023-12,2826060000,인천광역시 서구 가좌3동,인천광역시,서구,가좌3동,requires_2026_07_01_reform_crosswalk,3486,1871,1615,1587,739,45.5250,21.1991,not_calculated_source_aggregates_ages_60_to_69,jumin_one_person_age_202312.csv
2023,2023-12,2826061000,인천광역시 서구 가좌4동,인천광역시,서구,가좌4동,requires_2026_07_01_reform_crosswalk,2245,1296,949,943,447,42.0045,19.9109,not_calculated_source_aggregates_ages_60_to_69,jumin_one_person_age_202312.csv
2023,2023-12,2826068000,인천광역시 서구 검단동,인천광역시,서구,검단동,requires_2026_07_01_reform_crosswalk,6267,3844,2423,1923,821,30.6845,13.1004,not_calculated_source_aggregates_ages_60_to_69,jumin_one_person_age_202312.csv
2023,2023-12,2826069000,인천광역시 서구 불로대곡동,인천광역시,서구,불로대곡동,requires_2026_07_01_reform_crosswalk,3213,1887,1326,1096,525,34.1114,16.3399,not_calculated_source_aggregates_ages_60_to_69,jumin_one_person_age_202312.csv
2023,2023-12,2826070000,인천광역시 서구 원당동,인천광역시,서구,원당동,requires_2026_07_01_reform_crosswalk,3431,1986,1445,961,492,28.0093,14.3398,not_calculated_source_aggregates_ages_60_to_69,jumin_one_person_age_202312.csv
2023,2023-12,2826071000,인천광역시 서구 당하동,인천광역시,서구,당하동,requires_2026_07_01_reform_crosswalk,3937,2042,1895,1037,435,26.3399,11.0490,not_calculated_source_aggregates_ages_60_to_69,jumin_one_person_age_202312.csv
2023,2023-12,2826072000,인천광역시 서구 오류왕길동,인천광역시,서구,오류왕길동,requires_2026_07_01_reform_crosswalk,3228,1964,1264,1297,588,40.1797,18.2156,not_calculated_source_aggregates_ages_60_to_69,jumin_one_person_age_202312.csv
2023,2023-12,2826073000,인천광역시 서구 마전동,인천광역시,서구,마전동,requires_2026_07_01_reform_crosswalk,2037,1105,932,650,339,31.9097,16.6421,not_calculated_source_aggregates_ages_60_to_69,jumin_one_person_age_202312.csv
2023,2023-12,2826074000,인천광역시 서구 아라동,인천광역시,서구,아라동,requires_2026_07_01_reform_crosswalk,5518,2904,2614,987,384,17.8869,6.9590,not_calculated_source_aggregates_ages_60_to_69,jumin_one_person_age_202312.csv
2023,2023-12,2871025000,인천광역시 강화군 강화읍,인천광역시,강화군,강화읍,pre_reform_code_preserved_district_not_reorganized,4498,2145,2353,2488,1379,55.3135,30.6581,not_calculated_source_aggregates_ages_60_to_69,jumin_one_person_age_202312.csv
2023,2023-12,2871031000,인천광역시 강화군 선원면,인천광역시,강화군,선원면,pre_reform_code_preserved_district_not_reorganized,1395,700,695,808,414,57.9211,29.6774,not_calculated_source_aggregates_ages_60_to_69,jumin_one_person_age_202312.csv
2023,2023-12,2871032000,인천광역시 강화군 불은면,인천광역시,강화군,불은면,pre_reform_code_preserved_district_not_reorganized,1336,676,660,897,504,67.1407,37.7246,not_calculated_source_aggregates_ages_60_to_69,jumin_one_person_age_202312.csv
2023,2023-12,2871033000,인천광역시 강화군 길상면,인천광역시,강화군,길상면,pre_reform_code_preserved_district_not_reorganized,1634,858,776,991,462,60.6487,28.2742,not_calculated_source_aggregates_ages_60_to_69,jumin_one_person_age_202312.csv
2023,2023-12,2871034000,인천광역시 강화군 화도면,인천광역시,강화군,화도면,pre_reform_code_preserved_district_not_reorganized,1223,632,591,804,417,65.7400,34.0965,not_calculated_source_aggregates_ages_60_to_69,jumin_one_person_age_202312.csv
2023,2023-12,2871035000,인천광역시 강화군 양도면,인천광역시,강화군,양도면,pre_reform_code_preserved_district_not_reorganized,981,491,490,643,388,65.5454,39.5515,not_calculated_source_aggregates_ages_60_to_69,jumin_one_person_age_202312.csv
2023,2023-12,2871036000,인천광역시 강화군 내가면,인천광역시,강화군,내가면,pre_reform_code_preserved_district_not_reorganized,776,360,416,545,329,70.2320,42.3969,not_calculated_source_aggregates_ages_60_to_69,jumin_one_person_age_202312.csv
2023,2023-12,2871037000,인천광역시 강화군 하점면,인천광역시,강화군,하점면,pre_reform_code_preserved_district_not_reorganized,937,468,469,649,394,69.2636,42.0491,not_calculated_source_aggregates_ages_60_to_69,jumin_one_person_age_202312.csv
2023,2023-12,2871038000,인천광역시 강화군 양사면,인천광역시,강화군,양사면,pre_reform_code_preserved_district_not_reorganized,491,251,240,356,208,72.5051,42.3625,not_calculated_source_aggregates_ages_60_to_69,jumin_one_person_age_202312.csv
2023,2023-12,2871039000,인천광역시 강화군 송해면,인천광역시,강화군,송해면,pre_reform_code_preserved_district_not_reorganized,702,350,352,479,279,68.2336,39.7436,not_calculated_source_aggregates_ages_60_to_69,jumin_one_person_age_202312.csv
2023,2023-12,2871040000,인천광역시 강화군 교동면,인천광역시,강화군,교동면,pre_reform_code_preserved_district_not_reorganized,720,376,344,496,312,68.8889,43.3333,not_calculated_source_aggregates_ages_60_to_69,jumin_one_person_age_202312.csv
2023,2023-12,2871041000,인천광역시 강화군 삼산면,인천광역시,강화군,삼산면,pre_reform_code_preserved_district_not_reorganized,627,333,294,419,234,66.8262,37.3206,not_calculated_source_aggregates_ages_60_to_69,jumin_one_person_age_202312.csv
2023,2023-12,2871042000,인천광역시 강화군 서도면,인천광역시,강화군,서도면,pre_reform_code_preserved_district_not_reorganized,121,65,56,83,48,68.5950,39.6694,not_calculated_source_aggregates_ages_60_to_69,jumin_one_person_age_202312.csv
2023,2023-12,2871042500,인천광역시 강화군 서도면볼음출장소,인천광역시,강화군,서도면볼음출장소,pre_reform_code_preserved_district_not_reorganized,111,71,40,81,44,72.9730,39.6396,not_calculated_source_aggregates_ages_60_to_69,jumin_one_person_age_202312.csv
2023,2023-12,2872031000,인천광역시 옹진군 북도면,인천광역시,옹진군,북도면,pre_reform_code_preserved_district_not_reorganized,363,204,159,241,115,66.3912,31.6804,not_calculated_source_aggregates_ages_60_to_69,jumin_one_person_age_202312.csv
2023,2023-12,2872031500,인천광역시 옹진군 북도면장봉출장소,인천광역시,옹진군,북도면장봉출장소,pre_reform_code_preserved_district_not_reorganized,296,155,141,172,88,58.1081,29.7297,not_calculated_source_aggregates_ages_60_to_69,jumin_one_person_age_202312.csv
2023,2023-12,2872033000,인천광역시 옹진군 백령면,인천광역시,옹진군,백령면,pre_reform_code_preserved_district_not_reorganized,1842,1313,529,560,284,30.4017,15.4180,not_calculated_source_aggregates_ages_60_to_69,jumin_one_person_age_202312.csv
2023,2023-12,2872034000,인천광역시 옹진군 대청면,인천광역시,옹진군,대청면,pre_reform_code_preserved_district_not_reorganized,519,351,168,195,103,37.5723,19.8459,not_calculated_source_aggregates_ages_60_to_69,jumin_one_person_age_202312.csv
2023,2023-12,2872034500,인천광역시 옹진군 대청면소청출장소,인천광역시,옹진군,대청면소청출장소,pre_reform_code_preserved_district_not_reorganized,130,91,39,63,35,48.4615,26.9231,not_calculated_source_aggregates_ages_60_to_69,jumin_one_person_age_202312.csv
2023,2023-12,2872035000,인천광역시 옹진군 덕적면,인천광역시,옹진군,덕적면,pre_reform_code_preserved_district_not_reorganized,749,436,313,486,245,64.8865,32.7103,not_calculated_source_aggregates_ages_60_to_69,jumin_one_person_age_202312.csv
2023,2023-12,2872036000,인천광역시 옹진군 영흥면,인천광역시,옹진군,영흥면,pre_reform_code_preserved_district_not_reorganized,2128,1353,775,1033,400,48.5432,18.7970,not_calculated_source_aggregates_ages_60_to_69,jumin_one_person_age_202312.csv
2023,2023-12,2872037000,인천광역시 옹진군 자월면,인천광역시,옹진군,자월면,pre_reform_code_preserved_district_not_reorganized,360,204,156,218,114,60.5556,31.6667,not_calculated_source_aggregates_ages_60_to_69,jumin_one_person_age_202312.csv
2023,2023-12,2872037500,인천광역시 옹진군 자월면이작출장소,인천광역시,옹진군,자월면이작출장소,pre_reform_code_preserved_district_not_reorganized,137,74,63,91,48,66.4234,35.0365,not_calculated_source_aggregates_ages_60_to_69,jumin_one_person_age_202312.csv
2023,2023-12,2872038000,인천광역시 옹진군 연평면,인천광역시,옹진군,연평면,pre_reform_code_preserved_district_not_reorganized,1143,868,275,322,117,28.1715,10.2362,not_calculated_source_aggregates_ages_60_to_69,jumin_one_person_age_202312.csv
2024,2024-12,2811052000,인천광역시 중구 연안동,인천광역시,중구,연안동,requires_2026_07_01_reform_crosswalk,1583,1000,583,834,369,52.6848,23.3102,not_calculated_source_aggregates_ages_60_to_69,jumin_one_person_age_202412.csv
2024,2024-12,2811053000,인천광역시 중구 신포동,인천광역시,중구,신포동,requires_2026_07_01_reform_crosswalk,1319,708,611,692,397,52.4640,30.0986,not_calculated_source_aggregates_ages_60_to_69,jumin_one_person_age_202412.csv
2024,2024-12,2811054000,인천광역시 중구 신흥동,인천광역시,중구,신흥동,requires_2026_07_01_reform_crosswalk,2884,1592,1292,1260,663,43.6893,22.9889,not_calculated_source_aggregates_ages_60_to_69,jumin_one_person_age_202412.csv
2024,2024-12,2811056000,인천광역시 중구 도원동,인천광역시,중구,도원동,requires_2026_07_01_reform_crosswalk,1071,561,510,668,377,62.3716,35.2007,not_calculated_source_aggregates_ages_60_to_69,jumin_one_person_age_202412.csv
2024,2024-12,2811057000,인천광역시 중구 율목동,인천광역시,중구,율목동,requires_2026_07_01_reform_crosswalk,1082,592,490,631,367,58.3179,33.9187,not_calculated_source_aggregates_ages_60_to_69,jumin_one_person_age_202412.csv
2024,2024-12,2811058500,인천광역시 중구 동인천동,인천광역시,중구,동인천동,requires_2026_07_01_reform_crosswalk,2029,1177,852,1137,621,56.0375,30.6062,not_calculated_source_aggregates_ages_60_to_69,jumin_one_person_age_202412.csv
2024,2024-12,2811061500,인천광역시 중구 개항동,인천광역시,중구,개항동,requires_2026_07_01_reform_crosswalk,2080,1114,966,1025,551,49.2788,26.4904,not_calculated_source_aggregates_ages_60_to_69,jumin_one_person_age_202412.csv
2024,2024-12,2811062000,인천광역시 중구 영종동,인천광역시,중구,영종동,requires_2026_07_01_reform_crosswalk,6141,4161,1980,1680,638,27.3571,10.3892,not_calculated_source_aggregates_ages_60_to_69,jumin_one_person_age_202412.csv
2024,2024-12,2811062200,인천광역시 중구 영종1동,인천광역시,중구,영종1동,requires_2026_07_01_reform_crosswalk,4261,2241,2020,892,394,20.9341,9.2467,not_calculated_source_aggregates_ages_60_to_69,jumin_one_person_age_202412.csv
2024,2024-12,2811062300,인천광역시 중구 영종2동,인천광역시,중구,영종2동,requires_2026_07_01_reform_crosswalk,2899,1581,1318,461,193,15.9020,6.6575,not_calculated_source_aggregates_ages_60_to_69,jumin_one_person_age_202412.csv
2024,2024-12,2811062800,인천광역시 중구 운서동,인천광역시,중구,운서동,requires_2026_07_01_reform_crosswalk,14382,8163,6219,1492,665,10.3741,4.6238,not_calculated_source_aggregates_ages_60_to_69,jumin_one_person_age_202412.csv
2024,2024-12,2811063000,인천광역시 중구 용유동,인천광역시,중구,용유동,requires_2026_07_01_reform_crosswalk,1488,913,575,855,354,57.4597,23.7903,not_calculated_source_aggregates_ages_60_to_69,jumin_one_person_age_202412.csv
2024,2024-12,2814051000,인천광역시 동구 만석동,인천광역시,동구,만석동,requires_2026_07_01_reform_crosswalk,1348,726,622,799,412,59.2730,30.5638,not_calculated_source_aggregates_ages_60_to_69,jumin_one_person_age_202412.csv
2024,2024-12,2814052500,인천광역시 동구 화수1.화평동,인천광역시,동구,화수1.화평동,requires_2026_07_01_reform_crosswalk,1255,640,615,818,478,65.1793,38.0876,not_calculated_source_aggregates_ages_60_to_69,jumin_one_person_age_202412.csv
2024,2024-12,2814053000,인천광역시 동구 화수2동,인천광역시,동구,화수2동,requires_2026_07_01_reform_crosswalk,1712,794,918,1028,640,60.0467,37.3832,not_calculated_source_aggregates_ages_60_to_69,jumin_one_person_age_202412.csv
2024,2024-12,2814055500,인천광역시 동구 송현1.2동,인천광역시,동구,송현1.2동,requires_2026_07_01_reform_crosswalk,1523,720,803,717,415,47.0781,27.2489,not_calculated_source_aggregates_ages_60_to_69,jumin_one_person_age_202412.csv
2024,2024-12,2814057000,인천광역시 동구 송현3동,인천광역시,동구,송현3동,requires_2026_07_01_reform_crosswalk,823,434,389,520,295,63.1835,35.8445,not_calculated_source_aggregates_ages_60_to_69,jumin_one_person_age_202412.csv
2024,2024-12,2814058000,인천광역시 동구 송림1동,인천광역시,동구,송림1동,requires_2026_07_01_reform_crosswalk,875,434,441,267,147,30.5143,16.8000,not_calculated_source_aggregates_ages_60_to_69,jumin_one_person_age_202412.csv
2024,2024-12,2814059000,인천광역시 동구 송림2동,인천광역시,동구,송림2동,requires_2026_07_01_reform_crosswalk,506,254,252,355,194,70.1581,38.3399,not_calculated_source_aggregates_ages_60_to_69,jumin_one_person_age_202412.csv
2024,2024-12,2814060500,인천광역시 동구 송림3.5동,인천광역시,동구,송림3.5동,requires_2026_07_01_reform_crosswalk,933,463,470,503,277,53.9121,29.6892,not_calculated_source_aggregates_ages_60_to_69,jumin_one_person_age_202412.csv
2024,2024-12,2814061000,인천광역시 동구 송림4동,인천광역시,동구,송림4동,requires_2026_07_01_reform_crosswalk,710,439,271,232,99,32.6761,13.9437,not_calculated_source_aggregates_ages_60_to_69,jumin_one_person_age_202412.csv
2024,2024-12,2814063000,인천광역시 동구 송림6동,인천광역시,동구,송림6동,requires_2026_07_01_reform_crosswalk,853,395,458,508,303,59.5545,35.5217,not_calculated_source_aggregates_ages_60_to_69,jumin_one_person_age_202412.csv
2024,2024-12,2814064000,인천광역시 동구 금창동,인천광역시,동구,금창동,requires_2026_07_01_reform_crosswalk,662,317,345,420,259,63.4441,39.1239,not_calculated_source_aggregates_ages_60_to_69,jumin_one_person_age_202412.csv
2024,2024-12,2817751000,인천광역시 미추홀구 숭의2동,인천광역시,미추홀구,숭의2동,pre_reform_code_preserved_district_not_reorganized,2885,1482,1403,1410,752,48.8735,26.0659,not_calculated_source_aggregates_ages_60_to_69,jumin_one_person_age_202412.csv
2024,2024-12,2817752000,인천광역시 미추홀구 숭의1.3동,인천광역시,미추홀구,숭의1.3동,pre_reform_code_preserved_district_not_reorganized,3167,1650,1517,1230,615,38.8380,19.4190,not_calculated_source_aggregates_ages_60_to_69,jumin_one_person_age_202412.csv
2024,2024-12,2817753000,인천광역시 미추홀구 숭의4동,인천광역시,미추홀구,숭의4동,pre_reform_code_preserved_district_not_reorganized,3133,1606,1527,1559,821,49.7606,26.2049,not_calculated_source_aggregates_ages_60_to_69,jumin_one_person_age_202412.csv
2024,2024-12,2817754000,인천광역시 미추홀구 용현1.4동,인천광역시,미추홀구,용현1.4동,pre_reform_code_preserved_district_not_reorganized,7403,4464,2939,1922,1011,25.9624,13.6566,not_calculated_source_aggregates_ages_60_to_69,jumin_one_person_age_202412.csv
2024,2024-12,2817755000,인천광역시 미추홀구 용현2동,인천광역시,미추홀구,용현2동,pre_reform_code_preserved_district_not_reorganized,3975,1993,1982,1449,805,36.4528,20.2516,not_calculated_source_aggregates_ages_60_to_69,jumin_one_person_age_202412.csv
2024,2024-12,2817756000,인천광역시 미추홀구 용현3동,인천광역시,미추홀구,용현3동,pre_reform_code_preserved_district_not_reorganized,2500,1400,1100,1183,593,47.3200,23.7200,not_calculated_source_aggregates_ages_60_to_69,jumin_one_person_age_202412.csv
2024,2024-12,2817757000,인천광역시 미추홀구 용현5동,인천광역시,미추홀구,용현5동,pre_reform_code_preserved_district_not_reorganized,7364,3667,3697,2508,1224,34.0576,16.6214,not_calculated_source_aggregates_ages_60_to_69,jumin_one_person_age_202412.csv
2024,2024-12,2817758000,인천광역시 미추홀구 학익1동,인천광역시,미추홀구,학익1동,pre_reform_code_preserved_district_not_reorganized,4718,2434,2284,1719,874,36.4349,18.5248,not_calculated_source_aggregates_ages_60_to_69,jumin_one_person_age_202412.csv
2024,2024-12,2817759000,인천광역시 미추홀구 학익2동,인천광역시,미추홀구,학익2동,pre_reform_code_preserved_district_not_reorganized,3119,1446,1673,1535,881,49.2145,28.2462,not_calculated_source_aggregates_ages_60_to_69,jumin_one_person_age_202412.csv
2024,2024-12,2817760000,인천광역시 미추홀구 도화1동,인천광역시,미추홀구,도화1동,pre_reform_code_preserved_district_not_reorganized,4579,2428,2151,1931,1006,42.1708,21.9699,not_calculated_source_aggregates_ages_60_to_69,jumin_one_person_age_202412.csv
2024,2024-12,2817761000,인천광역시 미추홀구 도화2.3동,인천광역시,미추홀구,도화2.3동,pre_reform_code_preserved_district_not_reorganized,5275,2993,2282,2037,957,38.6161,18.1422,not_calculated_source_aggregates_ages_60_to_69,jumin_one_person_age_202412.csv
2024,2024-12,2817762000,인천광역시 미추홀구 주안1동,인천광역시,미추홀구,주안1동,pre_reform_code_preserved_district_not_reorganized,7410,4491,2919,1429,523,19.2848,7.0580,not_calculated_source_aggregates_ages_60_to_69,jumin_one_person_age_202412.csv
2024,2024-12,2817763000,인천광역시 미추홀구 주안2동,인천광역시,미추홀구,주안2동,pre_reform_code_preserved_district_not_reorganized,4609,2435,2174,2047,1038,44.4131,22.5212,not_calculated_source_aggregates_ages_60_to_69,jumin_one_person_age_202412.csv
2024,2024-12,2817764000,인천광역시 미추홀구 주안3동,인천광역시,미추홀구,주안3동,pre_reform_code_preserved_district_not_reorganized,2787,1415,1372,1171,584,42.0165,20.9544,not_calculated_source_aggregates_ages_60_to_69,jumin_one_person_age_202412.csv
2024,2024-12,2817765000,인천광역시 미추홀구 주안4동,인천광역시,미추홀구,주안4동,pre_reform_code_preserved_district_not_reorganized,4022,2043,1979,1872,938,46.5440,23.3217,not_calculated_source_aggregates_ages_60_to_69,jumin_one_person_age_202412.csv
2024,2024-12,2817766000,인천광역시 미추홀구 주안5동,인천광역시,미추홀구,주안5동,pre_reform_code_preserved_district_not_reorganized,4752,2504,2248,1892,964,39.8148,20.2862,not_calculated_source_aggregates_ages_60_to_69,jumin_one_person_age_202412.csv
2024,2024-12,2817767000,인천광역시 미추홀구 주안6동,인천광역시,미추홀구,주안6동,pre_reform_code_preserved_district_not_reorganized,4265,2271,1994,1625,829,38.1008,19.4373,not_calculated_source_aggregates_ages_60_to_69,jumin_one_person_age_202412.csv
2024,2024-12,2817768000,인천광역시 미추홀구 주안7동,인천광역시,미추홀구,주안7동,pre_reform_code_preserved_district_not_reorganized,2696,1220,1476,1461,732,54.1914,27.1513,not_calculated_source_aggregates_ages_60_to_69,jumin_one_person_age_202412.csv
2024,2024-12,2817769000,인천광역시 미추홀구 주안8동,인천광역시,미추홀구,주안8동,pre_reform_code_preserved_district_not_reorganized,3449,1662,1787,1715,834,49.7246,24.1809,not_calculated_source_aggregates_ages_60_to_69,jumin_one_person_age_202412.csv
2024,2024-12,2817770000,인천광역시 미추홀구 관교동,인천광역시,미추홀구,관교동,pre_reform_code_preserved_district_not_reorganized,2157,1105,1052,990,500,45.8971,23.1803,not_calculated_source_aggregates_ages_60_to_69,jumin_one_person_age_202412.csv
2024,2024-12,2817771000,인천광역시 미추홀구 문학동,인천광역시,미추홀구,문학동,pre_reform_code_preserved_district_not_reorganized,4252,2778,1474,1215,471,28.5748,11.0771,not_calculated_source_aggregates_ages_60_to_69,jumin_one_person_age_202412.csv
2024,2024-12,2818563000,인천광역시 연수구 옥련1동,인천광역시,연수구,옥련1동,pre_reform_code_preserved_district_not_reorganized,2840,1423,1417,1373,718,48.3451,25.2817,not_calculated_source_aggregates_ages_60_to_69,jumin_one_person_age_202412.csv
2024,2024-12,2818564000,인천광역시 연수구 옥련2동,인천광역시,연수구,옥련2동,pre_reform_code_preserved_district_not_reorganized,2279,1084,1195,1002,483,43.9667,21.1935,not_calculated_source_aggregates_ages_60_to_69,jumin_one_person_age_202412.csv
2024,2024-12,2818575000,인천광역시 연수구 선학동,인천광역시,연수구,선학동,pre_reform_code_preserved_district_not_reorganized,3791,2202,1589,1626,819,42.8911,21.6038,not_calculated_source_aggregates_ages_60_to_69,jumin_one_person_age_202412.csv
2024,2024-12,2818576100,인천광역시 연수구 연수1동,인천광역시,연수구,연수1동,pre_reform_code_preserved_district_not_reorganized,4490,2960,1530,1358,569,30.2450,12.6726,not_calculated_source_aggregates_ages_60_to_69,jumin_one_person_age_202412.csv
2024,2024-12,2818576200,인천광역시 연수구 연수2동,인천광역시,연수구,연수2동,pre_reform_code_preserved_district_not_reorganized,4442,2222,2220,1685,868,37.9334,19.5407,not_calculated_source_aggregates_ages_60_to_69,jumin_one_person_age_202412.csv
2024,2024-12,2818576300,인천광역시 연수구 연수3동,인천광역시,연수구,연수3동,pre_reform_code_preserved_district_not_reorganized,3063,1321,1742,1692,950,55.2400,31.0153,not_calculated_source_aggregates_ages_60_to_69,jumin_one_person_age_202412.csv
2024,2024-12,2818576600,인천광역시 연수구 청학동,인천광역시,연수구,청학동,pre_reform_code_preserved_district_not_reorganized,6151,3580,2571,2564,1177,41.6843,19.1351,not_calculated_source_aggregates_ages_60_to_69,jumin_one_person_age_202412.csv
2024,2024-12,2818578000,인천광역시 연수구 동춘1동,인천광역시,연수구,동춘1동,pre_reform_code_preserved_district_not_reorganized,1881,885,996,731,316,38.8623,16.7996,not_calculated_source_aggregates_ages_60_to_69,jumin_one_person_age_202412.csv
2024,2024-12,2818579000,인천광역시 연수구 동춘2동,인천광역시,연수구,동춘2동,pre_reform_code_preserved_district_not_reorganized,1747,777,970,653,348,37.3784,19.9199,not_calculated_source_aggregates_ages_60_to_69,jumin_one_person_age_202412.csv
2024,2024-12,2818579500,인천광역시 연수구 동춘3동,인천광역시,연수구,동춘3동,pre_reform_code_preserved_district_not_reorganized,625,254,371,366,202,58.5600,32.3200,not_calculated_source_aggregates_ages_60_to_69,jumin_one_person_age_202412.csv
2024,2024-12,2818582000,인천광역시 연수구 송도1동,인천광역시,연수구,송도1동,pre_reform_code_preserved_district_not_reorganized,5828,2889,2939,606,263,10.3981,4.5127,not_calculated_source_aggregates_ages_60_to_69,jumin_one_person_age_202412.csv
2024,2024-12,2818583000,인천광역시 연수구 송도2동,인천광역시,연수구,송도2동,pre_reform_code_preserved_district_not_reorganized,1821,879,942,422,171,23.1741,9.3904,not_calculated_source_aggregates_ages_60_to_69,jumin_one_person_age_202412.csv
2024,2024-12,2818584000,인천광역시 연수구 송도3동,인천광역시,연수구,송도3동,pre_reform_code_preserved_district_not_reorganized,5826,2803,3023,612,240,10.5046,4.1195,not_calculated_source_aggregates_ages_60_to_69,jumin_one_person_age_202412.csv
2024,2024-12,2818585000,인천광역시 연수구 송도4동,인천광역시,연수구,송도4동,pre_reform_code_preserved_district_not_reorganized,3366,1710,1656,458,159,13.6067,4.7237,not_calculated_source_aggregates_ages_60_to_69,jumin_one_person_age_202412.csv
2024,2024-12,2818586000,인천광역시 연수구 송도5동,인천광역시,연수구,송도5동,pre_reform_code_preserved_district_not_reorganized,3657,1861,1796,587,143,16.0514,3.9103,not_calculated_source_aggregates_ages_60_to_69,jumin_one_person_age_202412.csv
2024,2024-12,2820051000,인천광역시 남동구 구월1동,인천광역시,남동구,구월1동,pre_reform_code_preserved_district_not_reorganized,5444,2608,2836,2009,957,36.9030,17.5790,not_calculated_source_aggregates_ages_60_to_69,jumin_one_person_age_202412.csv
2024,2024-12,2820052000,인천광역시 남동구 구월2동,인천광역시,남동구,구월2동,pre_reform_code_preserved_district_not_reorganized,3129,1394,1735,1454,705,46.4685,22.5312,not_calculated_source_aggregates_ages_60_to_69,jumin_one_person_age_202412.csv
2024,2024-12,2820052100,인천광역시 남동구 구월3동,인천광역시,남동구,구월3동,pre_reform_code_preserved_district_not_reorganized,10992,5932,5060,1769,722,16.0935,6.5684,not_calculated_source_aggregates_ages_60_to_69,jumin_one_person_age_202412.csv
2024,2024-12,2820052200,인천광역시 남동구 구월4동,인천광역시,남동구,구월4동,pre_reform_code_preserved_district_not_reorganized,4148,2126,2022,1948,886,46.9624,21.3597,not_calculated_source_aggregates_ages_60_to_69,jumin_one_person_age_202412.csv
2024,2024-12,2820053000,인천광역시 남동구 간석1동,인천광역시,남동구,간석1동,pre_reform_code_preserved_district_not_reorganized,4166,2079,2087,1572,819,37.7340,19.6591,not_calculated_source_aggregates_ages_60_to_69,jumin_one_person_age_202412.csv
2024,2024-12,2820054000,인천광역시 남동구 간석2동,인천광역시,남동구,간석2동,pre_reform_code_preserved_district_not_reorganized,3362,1821,1541,1423,684,42.3260,20.3450,not_calculated_source_aggregates_ages_60_to_69,jumin_one_person_age_202412.csv
2024,2024-12,2820055000,인천광역시 남동구 간석3동,인천광역시,남동구,간석3동,pre_reform_code_preserved_district_not_reorganized,5532,2947,2585,2543,1228,45.9689,22.1981,not_calculated_source_aggregates_ages_60_to_69,jumin_one_person_age_202412.csv
2024,2024-12,2820055100,인천광역시 남동구 간석4동,인천광역시,남동구,간석4동,pre_reform_code_preserved_district_not_reorganized,5843,3127,2716,2193,1000,37.5321,17.1145,not_calculated_source_aggregates_ages_60_to_69,jumin_one_person_age_202412.csv
2024,2024-12,2820056000,인천광역시 남동구 만수1동,인천광역시,남동구,만수1동,pre_reform_code_preserved_district_not_reorganized,4648,2216,2432,2462,1328,52.9690,28.5714,not_calculated_source_aggregates_ages_60_to_69,jumin_one_person_age_202412.csv
2024,2024-12,2820057000,인천광역시 남동구 만수2동,인천광역시,남동구,만수2동,pre_reform_code_preserved_district_not_reorganized,2988,1376,1612,1442,700,48.2597,23.4270,not_calculated_source_aggregates_ages_60_to_69,jumin_one_person_age_202412.csv
2024,2024-12,2820058000,인천광역시 남동구 만수3동,인천광역시,남동구,만수3동,pre_reform_code_preserved_district_not_reorganized,2403,1215,1188,1155,588,48.0649,24.4694,not_calculated_source_aggregates_ages_60_to_69,jumin_one_person_age_202412.csv
2024,2024-12,2820058100,인천광역시 남동구 만수4동,인천광역시,남동구,만수4동,pre_reform_code_preserved_district_not_reorganized,3323,1481,1842,1580,804,47.5474,24.1950,not_calculated_source_aggregates_ages_60_to_69,jumin_one_person_age_202412.csv
2024,2024-12,2820058200,인천광역시 남동구 만수5동,인천광역시,남동구,만수5동,pre_reform_code_preserved_district_not_reorganized,3598,1799,1799,1797,874,49.9444,24.2913,not_calculated_source_aggregates_ages_60_to_69,jumin_one_person_age_202412.csv
2024,2024-12,2820058300,인천광역시 남동구 만수6동,인천광역시,남동구,만수6동,pre_reform_code_preserved_district_not_reorganized,3725,1686,2039,1935,1019,51.9463,27.3557,not_calculated_source_aggregates_ages_60_to_69,jumin_one_person_age_202412.csv
2024,2024-12,2820065000,인천광역시 남동구 장수서창동,인천광역시,남동구,장수서창동,pre_reform_code_preserved_district_not_reorganized,2382,1244,1138,1191,583,50.0000,24.4752,not_calculated_source_aggregates_ages_60_to_69,jumin_one_person_age_202412.csv
2024,2024-12,2820065500,인천광역시 남동구 서창2동,인천광역시,남동구,서창2동,pre_reform_code_preserved_district_not_reorganized,5055,2480,2575,2217,1099,43.8576,21.7409,not_calculated_source_aggregates_ages_60_to_69,jumin_one_person_age_202412.csv
2024,2024-12,2820066000,인천광역시 남동구 남촌도림동,인천광역시,남동구,남촌도림동,pre_reform_code_preserved_district_not_reorganized,3443,1906,1537,1696,860,49.2594,24.9782,not_calculated_source_aggregates_ages_60_to_69,jumin_one_person_age_202412.csv
2024,2024-12,2820069000,인천광역시 남동구 논현1동,인천광역시,남동구,논현1동,pre_reform_code_preserved_district_not_reorganized,5257,2907,2350,1891,835,35.9711,15.8836,not_calculated_source_aggregates_ages_60_to_69,jumin_one_person_age_202412.csv
2024,2024-12,2820070000,인천광역시 남동구 논현2동,인천광역시,남동구,논현2동,pre_reform_code_preserved_district_not_reorganized,6492,3712,2780,2161,1089,33.2871,16.7745,not_calculated_source_aggregates_ages_60_to_69,jumin_one_person_age_202412.csv
2024,2024-12,2820071000,인천광역시 남동구 논현고잔동,인천광역시,남동구,논현고잔동,pre_reform_code_preserved_district_not_reorganized,4385,2282,2103,1642,750,37.4458,17.1038,not_calculated_source_aggregates_ages_60_to_69,jumin_one_person_age_202412.csv
2024,2024-12,2823751000,인천광역시 부평구 부평1동,인천광역시,부평구,부평1동,pre_reform_code_preserved_district_not_reorganized,7725,3790,3935,2037,1000,26.3689,12.9450,not_calculated_source_aggregates_ages_60_to_69,jumin_one_person_age_202412.csv
2024,2024-12,2823752000,인천광역시 부평구 부평2동,인천광역시,부평구,부평2동,pre_reform_code_preserved_district_not_reorganized,3440,1765,1675,1408,693,40.9302,20.1453,not_calculated_source_aggregates_ages_60_to_69,jumin_one_person_age_202412.csv
2024,2024-12,2823753000,인천광역시 부평구 부평3동,인천광역시,부평구,부평3동,pre_reform_code_preserved_district_not_reorganized,3271,1626,1645,1600,808,48.9147,24.7019,not_calculated_source_aggregates_ages_60_to_69,jumin_one_person_age_202412.csv
2024,2024-12,2823754000,인천광역시 부평구 부평4동,인천광역시,부평구,부평4동,pre_reform_code_preserved_district_not_reorganized,9026,4657,4369,2785,1253,30.8553,13.8821,not_calculated_source_aggregates_ages_60_to_69,jumin_one_person_age_202412.csv
2024,2024-12,2823755000,인천광역시 부평구 부평5동,인천광역시,부평구,부평5동,pre_reform_code_preserved_district_not_reorganized,7325,3768,3557,2105,913,28.7372,12.4642,not_calculated_source_aggregates_ages_60_to_69,jumin_one_person_age_202412.csv
2024,2024-12,2823756000,인천광역시 부평구 부평6동,인천광역시,부평구,부평6동,pre_reform_code_preserved_district_not_reorganized,3428,1731,1697,1268,594,36.9895,17.3279,not_calculated_source_aggregates_ages_60_to_69,jumin_one_person_age_202412.csv
2024,2024-12,2823757000,인천광역시 부평구 산곡1동,인천광역시,부평구,산곡1동,pre_reform_code_preserved_district_not_reorganized,2128,1021,1107,837,436,39.3327,20.4887,not_calculated_source_aggregates_ages_60_to_69,jumin_one_person_age_202412.csv
2024,2024-12,2823758000,인천광역시 부평구 산곡2동,인천광역시,부평구,산곡2동,pre_reform_code_preserved_district_not_reorganized,2041,889,1152,1022,536,50.0735,26.2616,not_calculated_source_aggregates_ages_60_to_69,jumin_one_person_age_202412.csv
2024,2024-12,2823758100,인천광역시 부평구 산곡3동,인천광역시,부평구,산곡3동,pre_reform_code_preserved_district_not_reorganized,2653,1140,1513,1588,894,59.8568,33.6977,not_calculated_source_aggregates_ages_60_to_69,jumin_one_person_age_202412.csv
2024,2024-12,2823758200,인천광역시 부평구 산곡4동,인천광역시,부평구,산곡4동,pre_reform_code_preserved_district_not_reorganized,1688,651,1037,853,498,50.5332,29.5024,not_calculated_source_aggregates_ages_60_to_69,jumin_one_person_age_202412.csv
2024,2024-12,2823759100,인천광역시 부평구 청천1동,인천광역시,부평구,청천1동,pre_reform_code_preserved_district_not_reorganized,2929,1657,1272,939,370,32.0587,12.6323,not_calculated_source_aggregates_ages_60_to_69,jumin_one_person_age_202412.csv
2024,2024-12,2823759200,인천광역시 부평구 청천2동,인천광역시,부평구,청천2동,pre_reform_code_preserved_district_not_reorganized,4854,2478,2376,2085,959,42.9543,19.7569,not_calculated_source_aggregates_ages_60_to_69,jumin_one_person_age_202412.csv
2024,2024-12,2823764100,인천광역시 부평구 갈산1동,인천광역시,부평구,갈산1동,pre_reform_code_preserved_district_not_reorganized,2558,1381,1177,1014,477,39.6403,18.6474,not_calculated_source_aggregates_ages_60_to_69,jumin_one_person_age_202412.csv
2024,2024-12,2823764200,인천광역시 부평구 갈산2동,인천광역시,부평구,갈산2동,pre_reform_code_preserved_district_not_reorganized,3280,1491,1789,1712,873,52.1951,26.6159,not_calculated_source_aggregates_ages_60_to_69,jumin_one_person_age_202412.csv
2024,2024-12,2823764600,인천광역시 부평구 삼산1동,인천광역시,부평구,삼산1동,pre_reform_code_preserved_district_not_reorganized,4962,2318,2644,2693,1477,54.2725,29.7662,not_calculated_source_aggregates_ages_60_to_69,jumin_one_person_age_202412.csv
2024,2024-12,2823764800,인천광역시 부평구 삼산2동,인천광역시,부평구,삼산2동,pre_reform_code_preserved_district_not_reorganized,2232,983,1249,1092,601,48.9247,26.9265,not_calculated_source_aggregates_ages_60_to_69,jumin_one_person_age_202412.csv
2024,2024-12,2823765000,인천광역시 부평구 부개1동,인천광역시,부평구,부개1동,pre_reform_code_preserved_district_not_reorganized,3422,1723,1699,1716,822,50.1461,24.0210,not_calculated_source_aggregates_ages_60_to_69,jumin_one_person_age_202412.csv
2024,2024-12,2823766000,인천광역시 부평구 부개2동,인천광역시,부평구,부개2동,pre_reform_code_preserved_district_not_reorganized,2807,1349,1458,1169,566,41.6459,20.1639,not_calculated_source_aggregates_ages_60_to_69,jumin_one_person_age_202412.csv
2024,2024-12,2823766100,인천광역시 부평구 부개3동,인천광역시,부평구,부개3동,pre_reform_code_preserved_district_not_reorganized,3932,1700,2232,1610,864,40.9461,21.9736,not_calculated_source_aggregates_ages_60_to_69,jumin_one_person_age_202412.csv
2024,2024-12,2823767000,인천광역시 부평구 일신동,인천광역시,부평구,일신동,pre_reform_code_preserved_district_not_reorganized,1654,851,803,722,370,43.6518,22.3700,not_calculated_source_aggregates_ages_60_to_69,jumin_one_person_age_202412.csv
2024,2024-12,2823768000,인천광역시 부평구 십정1동,인천광역시,부평구,십정1동,pre_reform_code_preserved_district_not_reorganized,3923,2050,1873,1593,781,40.6067,19.9082,not_calculated_source_aggregates_ages_60_to_69,jumin_one_person_age_202412.csv
2024,2024-12,2823769000,인천광역시 부평구 십정2동,인천광역시,부평구,십정2동,pre_reform_code_preserved_district_not_reorganized,5685,3253,2432,2621,1108,46.1038,19.4899,not_calculated_source_aggregates_ages_60_to_69,jumin_one_person_age_202412.csv
2024,2024-12,2824560100,인천광역시 계양구 효성1동,인천광역시,계양구,효성1동,pre_reform_code_preserved_district_not_reorganized,3951,2039,1912,1870,867,47.3298,21.9438,not_calculated_source_aggregates_ages_60_to_69,jumin_one_person_age_202412.csv
2024,2024-12,2824560200,인천광역시 계양구 효성2동,인천광역시,계양구,효성2동,pre_reform_code_preserved_district_not_reorganized,3490,1845,1645,1704,772,48.8252,22.1203,not_calculated_source_aggregates_ages_60_to_69,jumin_one_person_age_202412.csv
2024,2024-12,2824561100,인천광역시 계양구 계산1동,인천광역시,계양구,계산1동,pre_reform_code_preserved_district_not_reorganized,5226,3073,2153,2136,833,40.8726,15.9395,not_calculated_source_aggregates_ages_60_to_69,jumin_one_person_age_202412.csv
2024,2024-12,2824561200,인천광역시 계양구 계산2동,인천광역시,계양구,계산2동,pre_reform_code_preserved_district_not_reorganized,3715,1901,1814,1608,709,43.2840,19.0848,not_calculated_source_aggregates_ages_60_to_69,jumin_one_person_age_202412.csv
2024,2024-12,2824561300,인천광역시 계양구 계산3동,인천광역시,계양구,계산3동,pre_reform_code_preserved_district_not_reorganized,3419,1513,1906,1283,499,37.5256,14.5949,not_calculated_source_aggregates_ages_60_to_69,jumin_one_person_age_202412.csv
2024,2024-12,2824561400,인천광역시 계양구 계산4동,인천광역시,계양구,계산4동,pre_reform_code_preserved_district_not_reorganized,3292,1888,1404,1041,510,31.6221,15.4921,not_calculated_source_aggregates_ages_60_to_69,jumin_one_person_age_202412.csv
2024,2024-12,2824562100,인천광역시 계양구 작전1동,인천광역시,계양구,작전1동,pre_reform_code_preserved_district_not_reorganized,3590,1685,1905,1582,719,44.0669,20.0279,not_calculated_source_aggregates_ages_60_to_69,jumin_one_person_age_202412.csv
2024,2024-12,2824562200,인천광역시 계양구 작전2동,인천광역시,계양구,작전2동,pre_reform_code_preserved_district_not_reorganized,4174,2083,2091,1828,806,43.7949,19.3100,not_calculated_source_aggregates_ages_60_to_69,jumin_one_person_age_202412.csv
2024,2024-12,2824564000,인천광역시 계양구 작전서운동,인천광역시,계양구,작전서운동,pre_reform_code_preserved_district_not_reorganized,4586,2338,2248,1765,834,38.4867,18.1858,not_calculated_source_aggregates_ages_60_to_69,jumin_one_person_age_202412.csv
2024,2024-12,2824571000,인천광역시 계양구 계양1동,인천광역시,계양구,계양1동,pre_reform_code_preserved_district_not_reorganized,2761,1412,1349,1333,626,48.2796,22.6729,not_calculated_source_aggregates_ages_60_to_69,jumin_one_person_age_202412.csv
2024,2024-12,2824572000,인천광역시 계양구 계양2동,인천광역시,계양구,계양2동,pre_reform_code_preserved_district_not_reorganized,7153,3568,3585,3191,1546,44.6107,21.6133,not_calculated_source_aggregates_ages_60_to_69,jumin_one_person_age_202412.csv
2024,2024-12,2824573000,인천광역시 계양구 계양3동,인천광역시,계양구,계양3동,pre_reform_code_preserved_district_not_reorganized,2935,1496,1439,1214,538,41.3629,18.3305,not_calculated_source_aggregates_ages_60_to_69,jumin_one_person_age_202412.csv
2024,2024-12,2826051500,인천광역시 서구 검암경서동,인천광역시,서구,검암경서동,requires_2026_07_01_reform_crosswalk,8556,5149,3407,1985,871,23.2001,10.1800,not_calculated_source_aggregates_ages_60_to_69,jumin_one_person_age_202412.csv
2024,2024-12,2826053000,인천광역시 서구 연희동,인천광역시,서구,연희동,requires_2026_07_01_reform_crosswalk,8374,4636,3738,3504,1598,41.8438,19.0829,not_calculated_source_aggregates_ages_60_to_69,jumin_one_person_age_202412.csv
2024,2024-12,2826053600,인천광역시 서구 청라1동,인천광역시,서구,청라1동,requires_2026_07_01_reform_crosswalk,3646,1995,1651,535,226,14.6736,6.1986,not_calculated_source_aggregates_ages_60_to_69,jumin_one_person_age_202412.csv
2024,2024-12,2826053700,인천광역시 서구 청라2동,인천광역시,서구,청라2동,requires_2026_07_01_reform_crosswalk,5035,2615,2420,923,377,18.3317,7.4876,not_calculated_source_aggregates_ages_60_to_69,jumin_one_person_age_202412.csv
2024,2024-12,2826053900,인천광역시 서구 청라3동,인천광역시,서구,청라3동,requires_2026_07_01_reform_crosswalk,4395,2379,2016,451,135,10.2617,3.0717,not_calculated_source_aggregates_ages_60_to_69,jumin_one_person_age_202412.csv
2024,2024-12,2826054200,인천광역시 서구 가정1동,인천광역시,서구,가정1동,requires_2026_07_01_reform_crosswalk,5914,3023,2891,2207,945,37.3182,15.9790,not_calculated_source_aggregates_ages_60_to_69,jumin_one_person_age_202412.csv
2024,2024-12,2826054300,인천광역시 서구 가정2동,인천광역시,서구,가정2동,requires_2026_07_01_reform_crosswalk,2185,1220,965,552,183,25.2632,8.3753,not_calculated_source_aggregates_ages_60_to_69,jumin_one_person_age_202412.csv
2024,2024-12,2826054400,인천광역시 서구 가정3동,인천광역시,서구,가정3동,requires_2026_07_01_reform_crosswalk,1761,921,840,715,299,40.6019,16.9790,not_calculated_source_aggregates_ages_60_to_69,jumin_one_person_age_202412.csv
2024,2024-12,2826055000,인천광역시 서구 석남1동,인천광역시,서구,석남1동,requires_2026_07_01_reform_crosswalk,4811,2654,2157,2098,890,43.6084,18.4993,not_calculated_source_aggregates_ages_60_to_69,jumin_one_person_age_202412.csv
2024,2024-12,2826056000,인천광역시 서구 석남2동,인천광역시,서구,석남2동,requires_2026_07_01_reform_crosswalk,2424,1353,1071,1156,533,47.6898,21.9884,not_calculated_source_aggregates_ages_60_to_69,jumin_one_person_age_202412.csv
2024,2024-12,2826056100,인천광역시 서구 석남3동,인천광역시,서구,석남3동,requires_2026_07_01_reform_crosswalk,2884,1504,1380,1321,594,45.8044,20.5964,not_calculated_source_aggregates_ages_60_to_69,jumin_one_person_age_202412.csv
2024,2024-12,2826057500,인천광역시 서구 신현원창동,인천광역시,서구,신현원창동,requires_2026_07_01_reform_crosswalk,4012,2182,1830,1760,686,43.8684,17.0987,not_calculated_source_aggregates_ages_60_to_69,jumin_one_person_age_202412.csv
2024,2024-12,2826058000,인천광역시 서구 가좌1동,인천광역시,서구,가좌1동,requires_2026_07_01_reform_crosswalk,3265,1932,1333,1313,574,40.2144,17.5804,not_calculated_source_aggregates_ages_60_to_69,jumin_one_person_age_202412.csv
2024,2024-12,2826059000,인천광역시 서구 가좌2동,인천광역시,서구,가좌2동,requires_2026_07_01_reform_crosswalk,2100,909,1191,1088,561,51.8095,26.7143,not_calculated_source_aggregates_ages_60_to_69,jumin_one_person_age_202412.csv
2024,2024-12,2826060000,인천광역시 서구 가좌3동,인천광역시,서구,가좌3동,requires_2026_07_01_reform_crosswalk,3537,1908,1629,1649,794,46.6214,22.4484,not_calculated_source_aggregates_ages_60_to_69,jumin_one_person_age_202412.csv
2024,2024-12,2826061000,인천광역시 서구 가좌4동,인천광역시,서구,가좌4동,requires_2026_07_01_reform_crosswalk,2241,1277,964,1003,454,44.7568,20.2588,not_calculated_source_aggregates_ages_60_to_69,jumin_one_person_age_202412.csv
2024,2024-12,2826068000,인천광역시 서구 검단동,인천광역시,서구,검단동,requires_2026_07_01_reform_crosswalk,6472,3993,2479,2048,872,31.6440,13.4734,not_calculated_source_aggregates_ages_60_to_69,jumin_one_person_age_202412.csv
2024,2024-12,2826069000,인천광역시 서구 불로대곡동,인천광역시,서구,불로대곡동,requires_2026_07_01_reform_crosswalk,3324,1910,1414,1235,640,37.1540,19.2539,not_calculated_source_aggregates_ages_60_to_69,jumin_one_person_age_202412.csv
2024,2024-12,2826070000,인천광역시 서구 원당동,인천광역시,서구,원당동,requires_2026_07_01_reform_crosswalk,3561,2065,1496,985,529,27.6608,14.8554,not_calculated_source_aggregates_ages_60_to_69,jumin_one_person_age_202412.csv
2024,2024-12,2826071000,인천광역시 서구 당하동,인천광역시,서구,당하동,requires_2026_07_01_reform_crosswalk,4122,2151,1971,1184,491,28.7239,11.9117,not_calculated_source_aggregates_ages_60_to_69,jumin_one_person_age_202412.csv
2024,2024-12,2826072000,인천광역시 서구 오류왕길동,인천광역시,서구,오류왕길동,requires_2026_07_01_reform_crosswalk,3330,1972,1358,1396,637,41.9219,19.1291,not_calculated_source_aggregates_ages_60_to_69,jumin_one_person_age_202412.csv
2024,2024-12,2826073000,인천광역시 서구 마전동,인천광역시,서구,마전동,requires_2026_07_01_reform_crosswalk,2109,1160,949,703,362,33.3333,17.1645,not_calculated_source_aggregates_ages_60_to_69,jumin_one_person_age_202412.csv
2024,2024-12,2826074000,인천광역시 서구 아라동,인천광역시,서구,아라동,requires_2026_07_01_reform_crosswalk,6009,3090,2919,1428,629,23.7644,10.4676,not_calculated_source_aggregates_ages_60_to_69,jumin_one_person_age_202412.csv
2024,2024-12,2871025000,인천광역시 강화군 강화읍,인천광역시,강화군,강화읍,pre_reform_code_preserved_district_not_reorganized,4544,2158,2386,2612,1472,57.4824,32.3944,not_calculated_source_aggregates_ages_60_to_69,jumin_one_person_age_202412.csv
2024,2024-12,2871031000,인천광역시 강화군 선원면,인천광역시,강화군,선원면,pre_reform_code_preserved_district_not_reorganized,1602,790,812,908,458,56.6792,28.5893,not_calculated_source_aggregates_ages_60_to_69,jumin_one_person_age_202412.csv
2024,2024-12,2871032000,인천광역시 강화군 불은면,인천광역시,강화군,불은면,pre_reform_code_preserved_district_not_reorganized,1362,673,689,943,530,69.2364,38.9134,not_calculated_source_aggregates_ages_60_to_69,jumin_one_person_age_202412.csv
2024,2024-12,2871033000,인천광역시 강화군 길상면,인천광역시,강화군,길상면,pre_reform_code_preserved_district_not_reorganized,1712,895,817,1084,510,63.3178,29.7897,not_calculated_source_aggregates_ages_60_to_69,jumin_one_person_age_202412.csv
2024,2024-12,2871034000,인천광역시 강화군 화도면,인천광역시,강화군,화도면,pre_reform_code_preserved_district_not_reorganized,1246,640,606,825,435,66.2119,34.9117,not_calculated_source_aggregates_ages_60_to_69,jumin_one_person_age_202412.csv
2024,2024-12,2871035000,인천광역시 강화군 양도면,인천광역시,강화군,양도면,pre_reform_code_preserved_district_not_reorganized,979,501,478,663,392,67.7222,40.0409,not_calculated_source_aggregates_ages_60_to_69,jumin_one_person_age_202412.csv
2024,2024-12,2871036000,인천광역시 강화군 내가면,인천광역시,강화군,내가면,pre_reform_code_preserved_district_not_reorganized,799,379,420,563,333,70.4631,41.6771,not_calculated_source_aggregates_ages_60_to_69,jumin_one_person_age_202412.csv
2024,2024-12,2871037000,인천광역시 강화군 하점면,인천광역시,강화군,하점면,pre_reform_code_preserved_district_not_reorganized,952,466,486,674,414,70.7983,43.4874,not_calculated_source_aggregates_ages_60_to_69,jumin_one_person_age_202412.csv
2024,2024-12,2871038000,인천광역시 강화군 양사면,인천광역시,강화군,양사면,pre_reform_code_preserved_district_not_reorganized,508,266,242,361,222,71.0630,43.7008,not_calculated_source_aggregates_ages_60_to_69,jumin_one_person_age_202412.csv
2024,2024-12,2871039000,인천광역시 강화군 송해면,인천광역시,강화군,송해면,pre_reform_code_preserved_district_not_reorganized,701,334,367,494,288,70.4708,41.0842,not_calculated_source_aggregates_ages_60_to_69,jumin_one_person_age_202412.csv
2024,2024-12,2871040000,인천광역시 강화군 교동면,인천광역시,강화군,교동면,pre_reform_code_preserved_district_not_reorganized,748,379,369,540,339,72.1925,45.3209,not_calculated_source_aggregates_ages_60_to_69,jumin_one_person_age_202412.csv
2024,2024-12,2871041000,인천광역시 강화군 삼산면,인천광역시,강화군,삼산면,pre_reform_code_preserved_district_not_reorganized,622,342,280,419,231,67.3633,37.1383,not_calculated_source_aggregates_ages_60_to_69,jumin_one_person_age_202412.csv
2024,2024-12,2871042000,인천광역시 강화군 서도면,인천광역시,강화군,서도면,pre_reform_code_preserved_district_not_reorganized,120,66,54,89,51,74.1667,42.5000,not_calculated_source_aggregates_ages_60_to_69,jumin_one_person_age_202412.csv
2024,2024-12,2871042500,인천광역시 강화군 서도면볼음출장소,인천광역시,강화군,서도면볼음출장소,pre_reform_code_preserved_district_not_reorganized,120,72,48,85,47,70.8333,39.1667,not_calculated_source_aggregates_ages_60_to_69,jumin_one_person_age_202412.csv
2024,2024-12,2872031000,인천광역시 옹진군 북도면,인천광역시,옹진군,북도면,pre_reform_code_preserved_district_not_reorganized,378,220,158,251,126,66.4021,33.3333,not_calculated_source_aggregates_ages_60_to_69,jumin_one_person_age_202412.csv
2024,2024-12,2872031500,인천광역시 옹진군 북도면장봉출장소,인천광역시,옹진군,북도면장봉출장소,pre_reform_code_preserved_district_not_reorganized,297,154,143,184,87,61.9529,29.2929,not_calculated_source_aggregates_ages_60_to_69,jumin_one_person_age_202412.csv
2024,2024-12,2872033000,인천광역시 옹진군 백령면,인천광역시,옹진군,백령면,pre_reform_code_preserved_district_not_reorganized,1811,1248,563,593,317,32.7443,17.5041,not_calculated_source_aggregates_ages_60_to_69,jumin_one_person_age_202412.csv
2024,2024-12,2872034000,인천광역시 옹진군 대청면,인천광역시,옹진군,대청면,pre_reform_code_preserved_district_not_reorganized,534,360,174,208,107,38.9513,20.0375,not_calculated_source_aggregates_ages_60_to_69,jumin_one_person_age_202412.csv
2024,2024-12,2872034500,인천광역시 옹진군 대청면소청출장소,인천광역시,옹진군,대청면소청출장소,pre_reform_code_preserved_district_not_reorganized,141,101,40,66,35,46.8085,24.8227,not_calculated_source_aggregates_ages_60_to_69,jumin_one_person_age_202412.csv
2024,2024-12,2872035000,인천광역시 옹진군 덕적면,인천광역시,옹진군,덕적면,pre_reform_code_preserved_district_not_reorganized,765,449,316,511,259,66.7974,33.8562,not_calculated_source_aggregates_ages_60_to_69,jumin_one_person_age_202412.csv
2024,2024-12,2872036000,인천광역시 옹진군 영흥면,인천광역시,옹진군,영흥면,pre_reform_code_preserved_district_not_reorganized,2126,1349,777,1077,442,50.6585,20.7902,not_calculated_source_aggregates_ages_60_to_69,jumin_one_person_age_202412.csv
2024,2024-12,2872037000,인천광역시 옹진군 자월면,인천광역시,옹진군,자월면,pre_reform_code_preserved_district_not_reorganized,368,203,165,222,123,60.3261,33.4239,not_calculated_source_aggregates_ages_60_to_69,jumin_one_person_age_202412.csv
2024,2024-12,2872037500,인천광역시 옹진군 자월면이작출장소,인천광역시,옹진군,자월면이작출장소,pre_reform_code_preserved_district_not_reorganized,129,71,58,92,48,71.3178,37.2093,not_calculated_source_aggregates_ages_60_to_69,jumin_one_person_age_202412.csv
2024,2024-12,2872038000,인천광역시 옹진군 연평면,인천광역시,옹진군,연평면,pre_reform_code_preserved_district_not_reorganized,1139,837,302,340,127,29.8507,11.1501,not_calculated_source_aggregates_ages_60_to_69,jumin_one_person_age_202412.csv
2025,2025-12,2811052000,인천광역시 중구 연안동,인천광역시,중구,연안동,requires_2026_07_01_reform_crosswalk,1553,989,564,822,391,52.9298,25.1771,not_calculated_source_aggregates_ages_60_to_69,jumin_one_person_age_202512.csv
2025,2025-12,2811053000,인천광역시 중구 신포동,인천광역시,중구,신포동,requires_2026_07_01_reform_crosswalk,1339,720,619,754,456,56.3107,34.0553,not_calculated_source_aggregates_ages_60_to_69,jumin_one_person_age_202512.csv
2025,2025-12,2811054000,인천광역시 중구 신흥동,인천광역시,중구,신흥동,requires_2026_07_01_reform_crosswalk,3081,1715,1366,1348,744,43.7520,24.1480,not_calculated_source_aggregates_ages_60_to_69,jumin_one_person_age_202512.csv
2025,2025-12,2811056000,인천광역시 중구 도원동,인천광역시,중구,도원동,requires_2026_07_01_reform_crosswalk,1065,556,509,693,398,65.0704,37.3709,not_calculated_source_aggregates_ages_60_to_69,jumin_one_person_age_202512.csv
2025,2025-12,2811057000,인천광역시 중구 율목동,인천광역시,중구,율목동,requires_2026_07_01_reform_crosswalk,1123,639,484,672,372,59.8397,33.1256,not_calculated_source_aggregates_ages_60_to_69,jumin_one_person_age_202512.csv
2025,2025-12,2811058500,인천광역시 중구 동인천동,인천광역시,중구,동인천동,requires_2026_07_01_reform_crosswalk,2086,1216,870,1189,662,56.9990,31.7354,not_calculated_source_aggregates_ages_60_to_69,jumin_one_person_age_202512.csv
2025,2025-12,2811061500,인천광역시 중구 개항동,인천광역시,중구,개항동,requires_2026_07_01_reform_crosswalk,2135,1156,979,1090,620,51.0539,29.0398,not_calculated_source_aggregates_ages_60_to_69,jumin_one_person_age_202512.csv
2025,2025-12,2811062000,인천광역시 중구 영종동,인천광역시,중구,영종동,requires_2026_07_01_reform_crosswalk,7140,4720,2420,2019,805,28.2773,11.2745,not_calculated_source_aggregates_ages_60_to_69,jumin_one_person_age_202512.csv
2025,2025-12,2811062200,인천광역시 중구 영종1동,인천광역시,중구,영종1동,requires_2026_07_01_reform_crosswalk,4478,2378,2100,982,446,21.9294,9.9598,not_calculated_source_aggregates_ages_60_to_69,jumin_one_person_age_202512.csv
2025,2025-12,2811062300,인천광역시 중구 영종2동,인천광역시,중구,영종2동,requires_2026_07_01_reform_crosswalk,3107,1701,1406,519,231,16.7042,7.4348,not_calculated_source_aggregates_ages_60_to_69,jumin_one_person_age_202512.csv
2025,2025-12,2811062800,인천광역시 중구 운서동,인천광역시,중구,운서동,requires_2026_07_01_reform_crosswalk,15027,8577,6450,1630,740,10.8471,4.9245,not_calculated_source_aggregates_ages_60_to_69,jumin_one_person_age_202512.csv
2025,2025-12,2811063000,인천광역시 중구 용유동,인천광역시,중구,용유동,requires_2026_07_01_reform_crosswalk,1451,871,580,888,394,61.1992,27.1537,not_calculated_source_aggregates_ages_60_to_69,jumin_one_person_age_202512.csv
2025,2025-12,2814051000,인천광역시 동구 만석동,인천광역시,동구,만석동,requires_2026_07_01_reform_crosswalk,1345,720,625,806,430,59.9257,31.9703,not_calculated_source_aggregates_ages_60_to_69,jumin_one_person_age_202512.csv
2025,2025-12,2814052500,인천광역시 동구 화수1.화평동,인천광역시,동구,화수1.화평동,requires_2026_07_01_reform_crosswalk,1246,644,602,837,494,67.1750,39.6469,not_calculated_source_aggregates_ages_60_to_69,jumin_one_person_age_202512.csv
2025,2025-12,2814053000,인천광역시 동구 화수2동,인천광역시,동구,화수2동,requires_2026_07_01_reform_crosswalk,1759,820,939,1084,679,61.6259,38.6015,not_calculated_source_aggregates_ages_60_to_69,jumin_one_person_age_202512.csv
2025,2025-12,2814055500,인천광역시 동구 송현1.2동,인천광역시,동구,송현1.2동,requires_2026_07_01_reform_crosswalk,1529,718,811,741,448,48.4630,29.3002,not_calculated_source_aggregates_ages_60_to_69,jumin_one_person_age_202512.csv
2025,2025-12,2814057000,인천광역시 동구 송현3동,인천광역시,동구,송현3동,requires_2026_07_01_reform_crosswalk,854,460,394,541,324,63.3489,37.9391,not_calculated_source_aggregates_ages_60_to_69,jumin_one_person_age_202512.csv
2025,2025-12,2814058000,인천광역시 동구 송림1동,인천광역시,동구,송림1동,requires_2026_07_01_reform_crosswalk,831,393,438,295,166,35.4994,19.9759,not_calculated_source_aggregates_ages_60_to_69,jumin_one_person_age_202512.csv
2025,2025-12,2814059000,인천광역시 동구 송림2동,인천광역시,동구,송림2동,requires_2026_07_01_reform_crosswalk,470,238,232,337,192,71.7021,40.8511,not_calculated_source_aggregates_ages_60_to_69,jumin_one_person_age_202512.csv
2025,2025-12,2814060500,인천광역시 동구 송림3.5동,인천광역시,동구,송림3.5동,requires_2026_07_01_reform_crosswalk,855,419,436,480,266,56.1404,31.1111,not_calculated_source_aggregates_ages_60_to_69,jumin_one_person_age_202512.csv
2025,2025-12,2814061000,인천광역시 동구 송림4동,인천광역시,동구,송림4동,requires_2026_07_01_reform_crosswalk,694,425,269,260,124,37.4640,17.8674,not_calculated_source_aggregates_ages_60_to_69,jumin_one_person_age_202512.csv
2025,2025-12,2814063000,인천광역시 동구 송림6동,인천광역시,동구,송림6동,requires_2026_07_01_reform_crosswalk,863,396,467,531,317,61.5295,36.7323,not_calculated_source_aggregates_ages_60_to_69,jumin_one_person_age_202512.csv
2025,2025-12,2814064000,인천광역시 동구 금창동,인천광역시,동구,금창동,requires_2026_07_01_reform_crosswalk,662,315,347,446,270,67.3716,40.7855,not_calculated_source_aggregates_ages_60_to_69,jumin_one_person_age_202512.csv
2025,2025-12,2817751000,인천광역시 미추홀구 숭의2동,인천광역시,미추홀구,숭의2동,pre_reform_code_preserved_district_not_reorganized,2932,1480,1452,1464,795,49.9318,27.1146,not_calculated_source_aggregates_ages_60_to_69,jumin_one_person_age_202512.csv
2025,2025-12,2817752000,인천광역시 미추홀구 숭의1.3동,인천광역시,미추홀구,숭의1.3동,pre_reform_code_preserved_district_not_reorganized,3500,1860,1640,1321,667,37.7429,19.0571,not_calculated_source_aggregates_ages_60_to_69,jumin_one_person_age_202512.csv
2025,2025-12,2817753000,인천광역시 미추홀구 숭의4동,인천광역시,미추홀구,숭의4동,pre_reform_code_preserved_district_not_reorganized,3476,1774,1702,1727,909,49.6835,26.1507,not_calculated_source_aggregates_ages_60_to_69,jumin_one_person_age_202512.csv
2025,2025-12,2817754000,인천광역시 미추홀구 용현1.4동,인천광역시,미추홀구,용현1.4동,pre_reform_code_preserved_district_not_reorganized,7702,4682,3020,1984,1056,25.7595,13.7107,not_calculated_source_aggregates_ages_60_to_69,jumin_one_person_age_202512.csv
2025,2025-12,2817755000,인천광역시 미추홀구 용현2동,인천광역시,미추홀구,용현2동,pre_reform_code_preserved_district_not_reorganized,4038,2014,2024,1535,879,38.0139,21.7682,not_calculated_source_aggregates_ages_60_to_69,jumin_one_person_age_202512.csv
2025,2025-12,2817756000,인천광역시 미추홀구 용현3동,인천광역시,미추홀구,용현3동,pre_reform_code_preserved_district_not_reorganized,2496,1418,1078,1178,613,47.1955,24.5593,not_calculated_source_aggregates_ages_60_to_69,jumin_one_person_age_202512.csv
2025,2025-12,2817757000,인천광역시 미추홀구 용현5동,인천광역시,미추홀구,용현5동,pre_reform_code_preserved_district_not_reorganized,7491,3771,3720,2660,1346,35.5093,17.9682,not_calculated_source_aggregates_ages_60_to_69,jumin_one_person_age_202512.csv
2025,2025-12,2817758000,인천광역시 미추홀구 학익1동,인천광역시,미추홀구,학익1동,pre_reform_code_preserved_district_not_reorganized,5317,2720,2597,1848,947,34.7564,17.8108,not_calculated_source_aggregates_ages_60_to_69,jumin_one_person_age_202512.csv
2025,2025-12,2817759000,인천광역시 미추홀구 학익2동,인천광역시,미추홀구,학익2동,pre_reform_code_preserved_district_not_reorganized,3191,1486,1705,1643,936,51.4886,29.3325,not_calculated_source_aggregates_ages_60_to_69,jumin_one_person_age_202512.csv
2025,2025-12,2817760000,인천광역시 미추홀구 도화1동,인천광역시,미추홀구,도화1동,pre_reform_code_preserved_district_not_reorganized,4605,2438,2167,2063,1130,44.7991,24.5385,not_calculated_source_aggregates_ages_60_to_69,jumin_one_person_age_202512.csv
2025,2025-12,2817761000,인천광역시 미추홀구 도화2.3동,인천광역시,미추홀구,도화2.3동,pre_reform_code_preserved_district_not_reorganized,5103,2842,2261,2049,998,40.1529,19.5571,not_calculated_source_aggregates_ages_60_to_69,jumin_one_person_age_202512.csv
2025,2025-12,2817762000,인천광역시 미추홀구 주안1동,인천광역시,미추홀구,주안1동,pre_reform_code_preserved_district_not_reorganized,7508,4525,2983,1583,617,21.0842,8.2179,not_calculated_source_aggregates_ages_60_to_69,jumin_one_person_age_202512.csv
2025,2025-12,2817763000,인천광역시 미추홀구 주안2동,인천광역시,미추홀구,주안2동,pre_reform_code_preserved_district_not_reorganized,4592,2407,2185,2154,1109,46.9077,24.1507,not_calculated_source_aggregates_ages_60_to_69,jumin_one_person_age_202512.csv
2025,2025-12,2817764000,인천광역시 미추홀구 주안3동,인천광역시,미추홀구,주안3동,pre_reform_code_preserved_district_not_reorganized,2803,1416,1387,1212,637,43.2394,22.7257,not_calculated_source_aggregates_ages_60_to_69,jumin_one_person_age_202512.csv
2025,2025-12,2817765000,인천광역시 미추홀구 주안4동,인천광역시,미추홀구,주안4동,pre_reform_code_preserved_district_not_reorganized,3975,2015,1960,1938,1037,48.7547,26.0881,not_calculated_source_aggregates_ages_60_to_69,jumin_one_person_age_202512.csv
2025,2025-12,2817766000,인천광역시 미추홀구 주안5동,인천광역시,미추홀구,주안5동,pre_reform_code_preserved_district_not_reorganized,4785,2529,2256,1977,1058,41.3166,22.1108,not_calculated_source_aggregates_ages_60_to_69,jumin_one_person_age_202512.csv
2025,2025-12,2817767000,인천광역시 미추홀구 주안6동,인천광역시,미추홀구,주안6동,pre_reform_code_preserved_district_not_reorganized,4482,2348,2134,1741,932,38.8443,20.7943,not_calculated_source_aggregates_ages_60_to_69,jumin_one_person_age_202512.csv
2025,2025-12,2817768000,인천광역시 미추홀구 주안7동,인천광역시,미추홀구,주안7동,pre_reform_code_preserved_district_not_reorganized,2770,1241,1529,1564,798,56.4621,28.8087,not_calculated_source_aggregates_ages_60_to_69,jumin_one_person_age_202512.csv
2025,2025-12,2817769000,인천광역시 미추홀구 주안8동,인천광역시,미추홀구,주안8동,pre_reform_code_preserved_district_not_reorganized,3493,1659,1834,1801,893,51.5603,25.5654,not_calculated_source_aggregates_ages_60_to_69,jumin_one_person_age_202512.csv
2025,2025-12,2817770000,인천광역시 미추홀구 관교동,인천광역시,미추홀구,관교동,pre_reform_code_preserved_district_not_reorganized,2205,1129,1076,1043,547,47.3016,24.8073,not_calculated_source_aggregates_ages_60_to_69,jumin_one_person_age_202512.csv
2025,2025-12,2817771000,인천광역시 미추홀구 문학동,인천광역시,미추홀구,문학동,pre_reform_code_preserved_district_not_reorganized,4449,2943,1506,1338,524,30.0742,11.7779,not_calculated_source_aggregates_ages_60_to_69,jumin_one_person_age_202512.csv
2025,2025-12,2818563000,인천광역시 연수구 옥련1동,인천광역시,연수구,옥련1동,pre_reform_code_preserved_district_not_reorganized,2997,1488,1509,1510,799,50.3837,26.6600,not_calculated_source_aggregates_ages_60_to_69,jumin_one_person_age_202512.csv
2025,2025-12,2818564000,인천광역시 연수구 옥련2동,인천광역시,연수구,옥련2동,pre_reform_code_preserved_district_not_reorganized,2344,1122,1222,1075,520,45.8618,22.1843,not_calculated_source_aggregates_ages_60_to_69,jumin_one_person_age_202512.csv
2025,2025-12,2818575000,인천광역시 연수구 선학동,인천광역시,연수구,선학동,pre_reform_code_preserved_district_not_reorganized,3855,2219,1636,1703,882,44.1764,22.8794,not_calculated_source_aggregates_ages_60_to_69,jumin_one_person_age_202512.csv
2025,2025-12,2818576100,인천광역시 연수구 연수1동,인천광역시,연수구,연수1동,pre_reform_code_preserved_district_not_reorganized,4498,2943,1555,1427,617,31.7252,13.7172,not_calculated_source_aggregates_ages_60_to_69,jumin_one_person_age_202512.csv
2025,2025-12,2818576200,인천광역시 연수구 연수2동,인천광역시,연수구,연수2동,pre_reform_code_preserved_district_not_reorganized,4511,2241,2270,1815,954,40.2350,21.1483,not_calculated_source_aggregates_ages_60_to_69,jumin_one_person_age_202512.csv
2025,2025-12,2818576300,인천광역시 연수구 연수3동,인천광역시,연수구,연수3동,pre_reform_code_preserved_district_not_reorganized,3100,1346,1754,1753,1039,56.5484,33.5161,not_calculated_source_aggregates_ages_60_to_69,jumin_one_person_age_202512.csv
2025,2025-12,2818576600,인천광역시 연수구 청학동,인천광역시,연수구,청학동,pre_reform_code_preserved_district_not_reorganized,6242,3623,2619,2748,1276,44.0244,20.4422,not_calculated_source_aggregates_ages_60_to_69,jumin_one_person_age_202512.csv
2025,2025-12,2818578000,인천광역시 연수구 동춘1동,인천광역시,연수구,동춘1동,pre_reform_code_preserved_district_not_reorganized,1911,878,1033,797,348,41.7059,18.2104,not_calculated_source_aggregates_ages_60_to_69,jumin_one_person_age_202512.csv
2025,2025-12,2818579000,인천광역시 연수구 동춘2동,인천광역시,연수구,동춘2동,pre_reform_code_preserved_district_not_reorganized,1780,788,992,730,396,41.0112,22.2472,not_calculated_source_aggregates_ages_60_to_69,jumin_one_person_age_202512.csv
2025,2025-12,2818579500,인천광역시 연수구 동춘3동,인천광역시,연수구,동춘3동,pre_reform_code_preserved_district_not_reorganized,634,238,396,377,206,59.4637,32.4921,not_calculated_source_aggregates_ages_60_to_69,jumin_one_person_age_202512.csv
2025,2025-12,2818582000,인천광역시 연수구 송도1동,인천광역시,연수구,송도1동,pre_reform_code_preserved_district_not_reorganized,5606,2753,2853,648,289,11.5590,5.1552,not_calculated_source_aggregates_ages_60_to_69,jumin_one_person_age_202512.csv
2025,2025-12,2818583000,인천광역시 연수구 송도2동,인천광역시,연수구,송도2동,pre_reform_code_preserved_district_not_reorganized,1884,911,973,466,204,24.7346,10.8280,not_calculated_source_aggregates_ages_60_to_69,jumin_one_person_age_202512.csv
2025,2025-12,2818584000,인천광역시 연수구 송도3동,인천광역시,연수구,송도3동,pre_reform_code_preserved_district_not_reorganized,6085,2917,3168,682,289,11.2079,4.7494,not_calculated_source_aggregates_ages_60_to_69,jumin_one_person_age_202512.csv
2025,2025-12,2818585000,인천광역시 연수구 송도4동,인천광역시,연수구,송도4동,pre_reform_code_preserved_district_not_reorganized,4165,2133,2032,584,192,14.0216,4.6098,not_calculated_source_aggregates_ages_60_to_69,jumin_one_person_age_202512.csv
2025,2025-12,2818586000,인천광역시 연수구 송도5동,인천광역시,연수구,송도5동,pre_reform_code_preserved_district_not_reorganized,3525,1769,1756,648,186,18.3830,5.2766,not_calculated_source_aggregates_ages_60_to_69,jumin_one_person_age_202512.csv
2025,2025-12,2820051000,인천광역시 남동구 구월1동,인천광역시,남동구,구월1동,pre_reform_code_preserved_district_not_reorganized,5463,2613,2850,2124,1050,38.8797,19.2202,not_calculated_source_aggregates_ages_60_to_69,jumin_one_person_age_202512.csv
2025,2025-12,2820052000,인천광역시 남동구 구월2동,인천광역시,남동구,구월2동,pre_reform_code_preserved_district_not_reorganized,3116,1389,1727,1530,790,49.1014,25.3530,not_calculated_source_aggregates_ages_60_to_69,jumin_one_person_age_202512.csv
2025,2025-12,2820052100,인천광역시 남동구 구월3동,인천광역시,남동구,구월3동,pre_reform_code_preserved_district_not_reorganized,11066,5894,5172,1920,813,17.3504,7.3468,not_calculated_source_aggregates_ages_60_to_69,jumin_one_person_age_202512.csv
2025,2025-12,2820052200,인천광역시 남동구 구월4동,인천광역시,남동구,구월4동,pre_reform_code_preserved_district_not_reorganized,4200,2163,2037,2107,986,50.1667,23.4762,not_calculated_source_aggregates_ages_60_to_69,jumin_one_person_age_202512.csv
2025,2025-12,2820053000,인천광역시 남동구 간석1동,인천광역시,남동구,간석1동,pre_reform_code_preserved_district_not_reorganized,4237,2092,2145,1669,888,39.3911,20.9582,not_calculated_source_aggregates_ages_60_to_69,jumin_one_person_age_202512.csv
2025,2025-12,2820054000,인천광역시 남동구 간석2동,인천광역시,남동구,간석2동,pre_reform_code_preserved_district_not_reorganized,3604,1904,1700,1522,760,42.2309,21.0877,not_calculated_source_aggregates_ages_60_to_69,jumin_one_person_age_202512.csv
2025,2025-12,2820055000,인천광역시 남동구 간석3동,인천광역시,남동구,간석3동,pre_reform_code_preserved_district_not_reorganized,5637,3002,2635,2721,1314,48.2704,23.3103,not_calculated_source_aggregates_ages_60_to_69,jumin_one_person_age_202512.csv
2025,2025-12,2820055100,인천광역시 남동구 간석4동,인천광역시,남동구,간석4동,pre_reform_code_preserved_district_not_reorganized,5991,3189,2802,2374,1119,39.6261,18.6780,not_calculated_source_aggregates_ages_60_to_69,jumin_one_person_age_202512.csv
2025,2025-12,2820056000,인천광역시 남동구 만수1동,인천광역시,남동구,만수1동,pre_reform_code_preserved_district_not_reorganized,4737,2252,2485,2582,1416,54.5071,29.8923,not_calculated_source_aggregates_ages_60_to_69,jumin_one_person_age_202512.csv
2025,2025-12,2820057000,인천광역시 남동구 만수2동,인천광역시,남동구,만수2동,pre_reform_code_preserved_district_not_reorganized,3066,1389,1677,1551,777,50.5871,25.3425,not_calculated_source_aggregates_ages_60_to_69,jumin_one_person_age_202512.csv
2025,2025-12,2820058000,인천광역시 남동구 만수3동,인천광역시,남동구,만수3동,pre_reform_code_preserved_district_not_reorganized,2416,1207,1209,1206,633,49.9172,26.2003,not_calculated_source_aggregates_ages_60_to_69,jumin_one_person_age_202512.csv
2025,2025-12,2820058100,인천광역시 남동구 만수4동,인천광역시,남동구,만수4동,pre_reform_code_preserved_district_not_reorganized,3380,1496,1884,1669,872,49.3787,25.7988,not_calculated_source_aggregates_ages_60_to_69,jumin_one_person_age_202512.csv
2025,2025-12,2820058200,인천광역시 남동구 만수5동,인천광역시,남동구,만수5동,pre_reform_code_preserved_district_not_reorganized,3602,1802,1800,1895,949,52.6097,26.3465,not_calculated_source_aggregates_ages_60_to_69,jumin_one_person_age_202512.csv
2025,2025-12,2820058300,인천광역시 남동구 만수6동,인천광역시,남동구,만수6동,pre_reform_code_preserved_district_not_reorganized,3897,1751,2146,2127,1146,54.5804,29.4072,not_calculated_source_aggregates_ages_60_to_69,jumin_one_person_age_202512.csv
2025,2025-12,2820065000,인천광역시 남동구 장수서창동,인천광역시,남동구,장수서창동,pre_reform_code_preserved_district_not_reorganized,2487,1301,1186,1328,667,53.3977,26.8195,not_calculated_source_aggregates_ages_60_to_69,jumin_one_person_age_202512.csv
2025,2025-12,2820065500,인천광역시 남동구 서창2동,인천광역시,남동구,서창2동,pre_reform_code_preserved_district_not_reorganized,5236,2567,2669,2367,1213,45.2063,23.1665,not_calculated_source_aggregates_ages_60_to_69,jumin_one_person_age_202512.csv
2025,2025-12,2820066000,인천광역시 남동구 남촌도림동,인천광역시,남동구,남촌도림동,pre_reform_code_preserved_district_not_reorganized,3488,1911,1577,1795,923,51.4622,26.4622,not_calculated_source_aggregates_ages_60_to_69,jumin_one_person_age_202512.csv
2025,2025-12,2820069000,인천광역시 남동구 논현1동,인천광역시,남동구,논현1동,pre_reform_code_preserved_district_not_reorganized,5486,3013,2473,2100,985,38.2793,17.9548,not_calculated_source_aggregates_ages_60_to_69,jumin_one_person_age_202512.csv
2025,2025-12,2820070000,인천광역시 남동구 논현2동,인천광역시,남동구,논현2동,pre_reform_code_preserved_district_not_reorganized,6715,3817,2898,2383,1222,35.4877,18.1981,not_calculated_source_aggregates_ages_60_to_69,jumin_one_person_age_202512.csv
2025,2025-12,2820071000,인천광역시 남동구 논현고잔동,인천광역시,남동구,논현고잔동,pre_reform_code_preserved_district_not_reorganized,4567,2376,2191,1742,815,38.1432,17.8454,not_calculated_source_aggregates_ages_60_to_69,jumin_one_person_age_202512.csv
2025,2025-12,2823751000,인천광역시 부평구 부평1동,인천광역시,부평구,부평1동,pre_reform_code_preserved_district_not_reorganized,7881,3876,4005,2170,1107,27.5346,14.0464,not_calculated_source_aggregates_ages_60_to_69,jumin_one_person_age_202512.csv
2025,2025-12,2823752000,인천광역시 부평구 부평2동,인천광역시,부평구,부평2동,pre_reform_code_preserved_district_not_reorganized,3763,1924,1839,1522,752,40.4465,19.9841,not_calculated_source_aggregates_ages_60_to_69,jumin_one_person_age_202512.csv
2025,2025-12,2823753000,인천광역시 부평구 부평3동,인천광역시,부평구,부평3동,pre_reform_code_preserved_district_not_reorganized,3272,1632,1640,1608,835,49.1443,25.5196,not_calculated_source_aggregates_ages_60_to_69,jumin_one_person_age_202512.csv
2025,2025-12,2823754000,인천광역시 부평구 부평4동,인천광역시,부평구,부평4동,pre_reform_code_preserved_district_not_reorganized,9007,4644,4363,2904,1369,32.2416,15.1993,not_calculated_source_aggregates_ages_60_to_69,jumin_one_person_age_202512.csv
2025,2025-12,2823755000,인천광역시 부평구 부평5동,인천광역시,부평구,부평5동,pre_reform_code_preserved_district_not_reorganized,7371,3798,3573,2277,1033,30.8913,14.0144,not_calculated_source_aggregates_ages_60_to_69,jumin_one_person_age_202512.csv
2025,2025-12,2823756000,인천광역시 부평구 부평6동,인천광역시,부평구,부평6동,pre_reform_code_preserved_district_not_reorganized,3865,1957,1908,1352,632,34.9806,16.3519,not_calculated_source_aggregates_ages_60_to_69,jumin_one_person_age_202512.csv
2025,2025-12,2823757000,인천광역시 부평구 산곡1동,인천광역시,부평구,산곡1동,pre_reform_code_preserved_district_not_reorganized,1995,931,1064,830,432,41.6040,21.6541,not_calculated_source_aggregates_ages_60_to_69,jumin_one_person_age_202512.csv
2025,2025-12,2823758000,인천광역시 부평구 산곡2동,인천광역시,부평구,산곡2동,pre_reform_code_preserved_district_not_reorganized,2057,868,1189,1098,588,53.3787,28.5853,not_calculated_source_aggregates_ages_60_to_69,jumin_one_person_age_202512.csv
2025,2025-12,2823758100,인천광역시 부평구 산곡3동,인천광역시,부평구,산곡3동,pre_reform_code_preserved_district_not_reorganized,2691,1138,1553,1654,957,61.4641,35.5630,not_calculated_source_aggregates_ages_60_to_69,jumin_one_person_age_202512.csv
2025,2025-12,2823758200,인천광역시 부평구 산곡4동,인천광역시,부평구,산곡4동,pre_reform_code_preserved_district_not_reorganized,1724,659,1065,906,539,52.5522,31.2645,not_calculated_source_aggregates_ages_60_to_69,jumin_one_person_age_202512.csv
2025,2025-12,2823759100,인천광역시 부평구 청천1동,인천광역시,부평구,청천1동,pre_reform_code_preserved_district_not_reorganized,2865,1612,1253,993,400,34.6597,13.9616,not_calculated_source_aggregates_ages_60_to_69,jumin_one_person_age_202512.csv
2025,2025-12,2823759200,인천광역시 부평구 청천2동,인천광역시,부평구,청천2동,pre_reform_code_preserved_district_not_reorganized,5021,2588,2433,2249,1068,44.7919,21.2707,not_calculated_source_aggregates_ages_60_to_69,jumin_one_person_age_202512.csv
2025,2025-12,2823764100,인천광역시 부평구 갈산1동,인천광역시,부평구,갈산1동,pre_reform_code_preserved_district_not_reorganized,2571,1387,1184,1081,529,42.0459,20.5757,not_calculated_source_aggregates_ages_60_to_69,jumin_one_person_age_202512.csv
2025,2025-12,2823764200,인천광역시 부평구 갈산2동,인천광역시,부평구,갈산2동,pre_reform_code_preserved_district_not_reorganized,3326,1498,1828,1792,938,53.8785,28.2020,not_calculated_source_aggregates_ages_60_to_69,jumin_one_person_age_202512.csv
2025,2025-12,2823764600,인천광역시 부평구 삼산1동,인천광역시,부평구,삼산1동,pre_reform_code_preserved_district_not_reorganized,5005,2309,2696,2843,1565,56.8032,31.2687,not_calculated_source_aggregates_ages_60_to_69,jumin_one_person_age_202512.csv
2025,2025-12,2823764800,인천광역시 부평구 삼산2동,인천광역시,부평구,삼산2동,pre_reform_code_preserved_district_not_reorganized,2263,971,1292,1174,667,51.8780,29.4741,not_calculated_source_aggregates_ages_60_to_69,jumin_one_person_age_202512.csv
2025,2025-12,2823765000,인천광역시 부평구 부개1동,인천광역시,부평구,부개1동,pre_reform_code_preserved_district_not_reorganized,3543,1778,1765,1818,933,51.3124,26.3336,not_calculated_source_aggregates_ages_60_to_69,jumin_one_person_age_202512.csv
2025,2025-12,2823766000,인천광역시 부평구 부개2동,인천광역시,부평구,부개2동,pre_reform_code_preserved_district_not_reorganized,2786,1350,1436,1216,620,43.6468,22.2541,not_calculated_source_aggregates_ages_60_to_69,jumin_one_person_age_202512.csv
2025,2025-12,2823766100,인천광역시 부평구 부개3동,인천광역시,부평구,부개3동,pre_reform_code_preserved_district_not_reorganized,4023,1713,2310,1749,917,43.4750,22.7939,not_calculated_source_aggregates_ages_60_to_69,jumin_one_person_age_202512.csv
2025,2025-12,2823767000,인천광역시 부평구 일신동,인천광역시,부평구,일신동,pre_reform_code_preserved_district_not_reorganized,1687,851,836,783,416,46.4138,24.6592,not_calculated_source_aggregates_ages_60_to_69,jumin_one_person_age_202512.csv
2025,2025-12,2823768000,인천광역시 부평구 십정1동,인천광역시,부평구,십정1동,pre_reform_code_preserved_district_not_reorganized,3753,1925,1828,1605,827,42.7658,22.0357,not_calculated_source_aggregates_ages_60_to_69,jumin_one_person_age_202512.csv
2025,2025-12,2823769000,인천광역시 부평구 십정2동,인천광역시,부평구,십정2동,pre_reform_code_preserved_district_not_reorganized,5848,3374,2474,2803,1233,47.9309,21.0841,not_calculated_source_aggregates_ages_60_to_69,jumin_one_person_age_202512.csv
2025,2025-12,2824560100,인천광역시 계양구 효성1동,인천광역시,계양구,효성1동,pre_reform_code_preserved_district_not_reorganized,4042,2079,1963,1997,962,49.4062,23.8001,not_calculated_source_aggregates_ages_60_to_69,jumin_one_person_age_202512.csv
2025,2025-12,2824560200,인천광역시 계양구 효성2동,인천광역시,계양구,효성2동,pre_reform_code_preserved_district_not_reorganized,3857,2028,1829,1906,873,49.4166,22.6342,not_calculated_source_aggregates_ages_60_to_69,jumin_one_person_age_202512.csv
2025,2025-12,2824561100,인천광역시 계양구 계산1동,인천광역시,계양구,계산1동,pre_reform_code_preserved_district_not_reorganized,5372,3156,2216,2272,913,42.2934,16.9955,not_calculated_source_aggregates_ages_60_to_69,jumin_one_person_age_202512.csv
2025,2025-12,2824561200,인천광역시 계양구 계산2동,인천광역시,계양구,계산2동,pre_reform_code_preserved_district_not_reorganized,3763,1911,1852,1735,782,46.1068,20.7813,not_calculated_source_aggregates_ages_60_to_69,jumin_one_person_age_202512.csv
2025,2025-12,2824561300,인천광역시 계양구 계산3동,인천광역시,계양구,계산3동,pre_reform_code_preserved_district_not_reorganized,3521,1577,1944,1419,585,40.3011,16.6146,not_calculated_source_aggregates_ages_60_to_69,jumin_one_person_age_202512.csv
2025,2025-12,2824561400,인천광역시 계양구 계산4동,인천광역시,계양구,계산4동,pre_reform_code_preserved_district_not_reorganized,3363,1946,1417,1139,565,33.8686,16.8005,not_calculated_source_aggregates_ages_60_to_69,jumin_one_person_age_202512.csv
2025,2025-12,2824562100,인천광역시 계양구 작전1동,인천광역시,계양구,작전1동,pre_reform_code_preserved_district_not_reorganized,3622,1667,1955,1648,765,45.4997,21.1209,not_calculated_source_aggregates_ages_60_to_69,jumin_one_person_age_202512.csv
2025,2025-12,2824562200,인천광역시 계양구 작전2동,인천광역시,계양구,작전2동,pre_reform_code_preserved_district_not_reorganized,4205,2071,2134,1947,889,46.3020,21.1415,not_calculated_source_aggregates_ages_60_to_69,jumin_one_person_age_202512.csv
2025,2025-12,2824564000,인천광역시 계양구 작전서운동,인천광역시,계양구,작전서운동,pre_reform_code_preserved_district_not_reorganized,4753,2435,2318,1939,913,40.7953,19.2089,not_calculated_source_aggregates_ages_60_to_69,jumin_one_person_age_202512.csv
2025,2025-12,2824571000,인천광역시 계양구 계양1동,인천광역시,계양구,계양1동,pre_reform_code_preserved_district_not_reorganized,2772,1407,1365,1385,674,49.9639,24.3146,not_calculated_source_aggregates_ages_60_to_69,jumin_one_person_age_202512.csv
2025,2025-12,2824572000,인천광역시 계양구 계양2동,인천광역시,계양구,계양2동,pre_reform_code_preserved_district_not_reorganized,7361,3698,3663,3480,1705,47.2762,23.1626,not_calculated_source_aggregates_ages_60_to_69,jumin_one_person_age_202512.csv
2025,2025-12,2824573000,인천광역시 계양구 계양3동,인천광역시,계양구,계양3동,pre_reform_code_preserved_district_not_reorganized,2983,1548,1435,1302,592,43.6473,19.8458,not_calculated_source_aggregates_ages_60_to_69,jumin_one_person_age_202512.csv
2025,2025-12,2826051500,인천광역시 서구 검암경서동,인천광역시,서구,검암경서동,requires_2026_07_01_reform_crosswalk,7848,4781,3067,1897,809,24.1718,10.3084,not_calculated_source_aggregates_ages_60_to_69,jumin_one_person_age_202512.csv
2025,2025-12,2826053000,인천광역시 서구 연희동,인천광역시,서구,연희동,requires_2026_07_01_reform_crosswalk,8476,4662,3814,3725,1763,43.9476,20.7999,not_calculated_source_aggregates_ages_60_to_69,jumin_one_person_age_202512.csv
2025,2025-12,2826053600,인천광역시 서구 청라1동,인천광역시,서구,청라1동,requires_2026_07_01_reform_crosswalk,3626,2007,1619,577,271,15.9129,7.4738,not_calculated_source_aggregates_ages_60_to_69,jumin_one_person_age_202512.csv
2025,2025-12,2826053700,인천광역시 서구 청라2동,인천광역시,서구,청라2동,requires_2026_07_01_reform_crosswalk,4990,2596,2394,990,436,19.8397,8.7375,not_calculated_source_aggregates_ages_60_to_69,jumin_one_person_age_202512.csv
2025,2025-12,2826053900,인천광역시 서구 청라3동,인천광역시,서구,청라3동,requires_2026_07_01_reform_crosswalk,4611,2483,2128,487,165,10.5617,3.5784,not_calculated_source_aggregates_ages_60_to_69,jumin_one_person_age_202512.csv
2025,2025-12,2826054200,인천광역시 서구 가정1동,인천광역시,서구,가정1동,requires_2026_07_01_reform_crosswalk,5922,2992,2930,2370,1071,40.0203,18.0851,not_calculated_source_aggregates_ages_60_to_69,jumin_one_person_age_202512.csv
2025,2025-12,2826054300,인천광역시 서구 가정2동,인천광역시,서구,가정2동,requires_2026_07_01_reform_crosswalk,2152,1214,938,601,202,27.9275,9.3866,not_calculated_source_aggregates_ages_60_to_69,jumin_one_person_age_202512.csv
2025,2025-12,2826054400,인천광역시 서구 가정3동,인천광역시,서구,가정3동,requires_2026_07_01_reform_crosswalk,1749,936,813,745,316,42.5958,18.0675,not_calculated_source_aggregates_ages_60_to_69,jumin_one_person_age_202512.csv
2025,2025-12,2826055000,인천광역시 서구 석남1동,인천광역시,서구,석남1동,requires_2026_07_01_reform_crosswalk,4932,2754,2178,2223,972,45.0730,19.7080,not_calculated_source_aggregates_ages_60_to_69,jumin_one_person_age_202512.csv
2025,2025-12,2826056000,인천광역시 서구 석남2동,인천광역시,서구,석남2동,requires_2026_07_01_reform_crosswalk,2432,1364,1068,1205,551,49.5477,22.6562,not_calculated_source_aggregates_ages_60_to_69,jumin_one_person_age_202512.csv
2025,2025-12,2826056100,인천광역시 서구 석남3동,인천광역시,서구,석남3동,requires_2026_07_01_reform_crosswalk,3009,1570,1439,1403,659,46.6268,21.9010,not_calculated_source_aggregates_ages_60_to_69,jumin_one_person_age_202512.csv
2025,2025-12,2826057500,인천광역시 서구 신현원창동,인천광역시,서구,신현원창동,requires_2026_07_01_reform_crosswalk,4085,2213,1872,1852,779,45.3366,19.0698,not_calculated_source_aggregates_ages_60_to_69,jumin_one_person_age_202512.csv
2025,2025-12,2826058000,인천광역시 서구 가좌1동,인천광역시,서구,가좌1동,requires_2026_07_01_reform_crosswalk,3181,1849,1332,1371,614,43.0997,19.3021,not_calculated_source_aggregates_ages_60_to_69,jumin_one_person_age_202512.csv
2025,2025-12,2826059000,인천광역시 서구 가좌2동,인천광역시,서구,가좌2동,requires_2026_07_01_reform_crosswalk,2114,922,1192,1161,607,54.9196,28.7133,not_calculated_source_aggregates_ages_60_to_69,jumin_one_person_age_202512.csv
2025,2025-12,2826060000,인천광역시 서구 가좌3동,인천광역시,서구,가좌3동,requires_2026_07_01_reform_crosswalk,3700,1980,1720,1732,851,46.8108,23.0000,not_calculated_source_aggregates_ages_60_to_69,jumin_one_person_age_202512.csv
2025,2025-12,2826061000,인천광역시 서구 가좌4동,인천광역시,서구,가좌4동,requires_2026_07_01_reform_crosswalk,2228,1272,956,1059,487,47.5314,21.8582,not_calculated_source_aggregates_ages_60_to_69,jumin_one_person_age_202512.csv
2025,2025-12,2826068000,인천광역시 서구 검단동,인천광역시,서구,검단동,requires_2026_07_01_reform_crosswalk,6701,4150,2551,2262,997,33.7562,14.8784,not_calculated_source_aggregates_ages_60_to_69,jumin_one_person_age_202512.csv
2025,2025-12,2826069000,인천광역시 서구 불로대곡동,인천광역시,서구,불로대곡동,requires_2026_07_01_reform_crosswalk,4168,2357,1811,1466,759,35.1727,18.2102,not_calculated_source_aggregates_ages_60_to_69,jumin_one_person_age_202512.csv
2025,2025-12,2826070000,인천광역시 서구 원당동,인천광역시,서구,원당동,requires_2026_07_01_reform_crosswalk,3674,2116,1558,1101,601,29.9673,16.3582,not_calculated_source_aggregates_ages_60_to_69,jumin_one_person_age_202512.csv
2025,2025-12,2826071000,인천광역시 서구 당하동,인천광역시,서구,당하동,requires_2026_07_01_reform_crosswalk,6298,3299,2999,2020,934,32.0737,14.8301,not_calculated_source_aggregates_ages_60_to_69,jumin_one_person_age_202512.csv
2025,2025-12,2826072000,인천광역시 서구 오류왕길동,인천광역시,서구,오류왕길동,requires_2026_07_01_reform_crosswalk,3465,2025,1440,1512,714,43.6364,20.6061,not_calculated_source_aggregates_ages_60_to_69,jumin_one_person_age_202512.csv
2025,2025-12,2826073000,인천광역시 서구 마전동,인천광역시,서구,마전동,requires_2026_07_01_reform_crosswalk,2180,1217,963,761,407,34.9083,18.6697,not_calculated_source_aggregates_ages_60_to_69,jumin_one_person_age_202512.csv
2025,2025-12,2826075000,인천광역시 서구 아라1동,인천광역시,서구,아라1동,requires_2026_07_01_reform_crosswalk,4284,2219,2065,973,465,22.7124,10.8543,not_calculated_source_aggregates_ages_60_to_69,jumin_one_person_age_202512.csv
2025,2025-12,2826076000,인천광역시 서구 아라2동,인천광역시,서구,아라2동,requires_2026_07_01_reform_crosswalk,2007,1021,986,622,281,30.9915,14.0010,not_calculated_source_aggregates_ages_60_to_69,jumin_one_person_age_202512.csv
2025,2025-12,2871025000,인천광역시 강화군 강화읍,인천광역시,강화군,강화읍,pre_reform_code_preserved_district_not_reorganized,4639,2208,2431,2737,1555,58.9998,33.5202,not_calculated_source_aggregates_ages_60_to_69,jumin_one_person_age_202512.csv
2025,2025-12,2871031000,인천광역시 강화군 선원면,인천광역시,강화군,선원면,pre_reform_code_preserved_district_not_reorganized,1806,876,930,1035,534,57.3090,29.5681,not_calculated_source_aggregates_ages_60_to_69,jumin_one_person_age_202512.csv
2025,2025-12,2871032000,인천광역시 강화군 불은면,인천광역시,강화군,불은면,pre_reform_code_preserved_district_not_reorganized,1378,682,696,984,569,71.4078,41.2917,not_calculated_source_aggregates_ages_60_to_69,jumin_one_person_age_202512.csv
2025,2025-12,2871033000,인천광역시 강화군 길상면,인천광역시,강화군,길상면,pre_reform_code_preserved_district_not_reorganized,1721,892,829,1116,528,64.8460,30.6798,not_calculated_source_aggregates_ages_60_to_69,jumin_one_person_age_202512.csv
2025,2025-12,2871034000,인천광역시 강화군 화도면,인천광역시,강화군,화도면,pre_reform_code_preserved_district_not_reorganized,1228,622,606,834,449,67.9153,36.5635,not_calculated_source_aggregates_ages_60_to_69,jumin_one_person_age_202512.csv
2025,2025-12,2871035000,인천광역시 강화군 양도면,인천광역시,강화군,양도면,pre_reform_code_preserved_district_not_reorganized,988,509,479,698,407,70.6478,41.1943,not_calculated_source_aggregates_ages_60_to_69,jumin_one_person_age_202512.csv
2025,2025-12,2871036000,인천광역시 강화군 내가면,인천광역시,강화군,내가면,pre_reform_code_preserved_district_not_reorganized,788,385,403,564,348,71.5736,44.1624,not_calculated_source_aggregates_ages_60_to_69,jumin_one_person_age_202512.csv
2025,2025-12,2871037000,인천광역시 강화군 하점면,인천광역시,강화군,하점면,pre_reform_code_preserved_district_not_reorganized,1005,501,504,734,456,73.0348,45.3731,not_calculated_source_aggregates_ages_60_to_69,jumin_one_person_age_202512.csv
2025,2025-12,2871038000,인천광역시 강화군 양사면,인천광역시,강화군,양사면,pre_reform_code_preserved_district_not_reorganized,519,272,247,377,235,72.6397,45.2794,not_calculated_source_aggregates_ages_60_to_69,jumin_one_person_age_202512.csv
2025,2025-12,2871039000,인천광역시 강화군 송해면,인천광역시,강화군,송해면,pre_reform_code_preserved_district_not_reorganized,716,344,372,524,311,73.1844,43.4358,not_calculated_source_aggregates_ages_60_to_69,jumin_one_person_age_202512.csv
2025,2025-12,2871040000,인천광역시 강화군 교동면,인천광역시,강화군,교동면,pre_reform_code_preserved_district_not_reorganized,744,376,368,557,349,74.8656,46.9086,not_calculated_source_aggregates_ages_60_to_69,jumin_one_person_age_202512.csv
2025,2025-12,2871041000,인천광역시 강화군 삼산면,인천광역시,강화군,삼산면,pre_reform_code_preserved_district_not_reorganized,628,345,283,429,239,68.3121,38.0573,not_calculated_source_aggregates_ages_60_to_69,jumin_one_person_age_202512.csv
2025,2025-12,2871042000,인천광역시 강화군 서도면,인천광역시,강화군,서도면,pre_reform_code_preserved_district_not_reorganized,126,71,55,93,56,73.8095,44.4444,not_calculated_source_aggregates_ages_60_to_69,jumin_one_person_age_202512.csv
2025,2025-12,2871042500,인천광역시 강화군 서도면볼음출장소,인천광역시,강화군,서도면볼음출장소,pre_reform_code_preserved_district_not_reorganized,115,67,48,90,50,78.2609,43.4783,not_calculated_source_aggregates_ages_60_to_69,jumin_one_person_age_202512.csv
2025,2025-12,2872031000,인천광역시 옹진군 북도면,인천광역시,옹진군,북도면,pre_reform_code_preserved_district_not_reorganized,389,227,162,252,137,64.7815,35.2185,not_calculated_source_aggregates_ages_60_to_69,jumin_one_person_age_202512.csv
2025,2025-12,2872031500,인천광역시 옹진군 북도면장봉출장소,인천광역시,옹진군,북도면장봉출장소,pre_reform_code_preserved_district_not_reorganized,313,157,156,196,93,62.6198,29.7125,not_calculated_source_aggregates_ages_60_to_69,jumin_one_person_age_202512.csv
2025,2025-12,2872033000,인천광역시 옹진군 백령면,인천광역시,옹진군,백령면,pre_reform_code_preserved_district_not_reorganized,1821,1277,544,599,324,32.8940,17.7924,not_calculated_source_aggregates_ages_60_to_69,jumin_one_person_age_202512.csv
2025,2025-12,2872034000,인천광역시 옹진군 대청면,인천광역시,옹진군,대청면,pre_reform_code_preserved_district_not_reorganized,504,333,171,212,116,42.0635,23.0159,not_calculated_source_aggregates_ages_60_to_69,jumin_one_person_age_202512.csv
2025,2025-12,2872034500,인천광역시 옹진군 대청면소청출장소,인천광역시,옹진군,대청면소청출장소,pre_reform_code_preserved_district_not_reorganized,141,101,40,65,39,46.0993,27.6596,not_calculated_source_aggregates_ages_60_to_69,jumin_one_person_age_202512.csv
2025,2025-12,2872035000,인천광역시 옹진군 덕적면,인천광역시,옹진군,덕적면,pre_reform_code_preserved_district_not_reorganized,796,462,334,530,278,66.5829,34.9246,not_calculated_source_aggregates_ages_60_to_69,jumin_one_person_age_202512.csv
2025,2025-12,2872036000,인천광역시 옹진군 영흥면,인천광역시,옹진군,영흥면,pre_reform_code_preserved_district_not_reorganized,2201,1412,789,1165,499,52.9305,22.6715,not_calculated_source_aggregates_ages_60_to_69,jumin_one_person_age_202512.csv
2025,2025-12,2872037000,인천광역시 옹진군 자월면,인천광역시,옹진군,자월면,pre_reform_code_preserved_district_not_reorganized,378,210,168,235,137,62.1693,36.2434,not_calculated_source_aggregates_ages_60_to_69,jumin_one_person_age_202512.csv
2025,2025-12,2872037500,인천광역시 옹진군 자월면이작출장소,인천광역시,옹진군,자월면이작출장소,pre_reform_code_preserved_district_not_reorganized,128,70,58,95,49,74.2188,38.2812,not_calculated_source_aggregates_ages_60_to_69,jumin_one_person_age_202512.csv
2025,2025-12,2872038000,인천광역시 옹진군 연평면,인천광역시,옹진군,연평면,pre_reform_code_preserved_district_not_reorganized,1080,795,285,340,134,31.4815,12.4074,not_calculated_source_aggregates_ages_60_to_69,jumin_one_person_age_202512.csv
