"행정구역","2023년12월_전체세대","2023년12월_1인세대","2023년12월_2인세대","2023년12월_3인세대","2023년12월_4인세대","2023년12월_5인세대","2023년12월_6인세대","2023년12월_7인세대","2023년12월_8인세대","2023년12월_9인세대","2023년12월_10인이상세대"
"전국  (1000000000)","23,914,851","9,935,600","5,866,073","4,029,815","3,148,835","743,232","144,626","32,964","8,542","2,631","2,533"
"서울특별시  (1100000000)","4,469,417","1,988,235","998,390","746,450","575,701","124,637","26,772","6,429","1,817","587","399"
"서울특별시 종로구 (1111000000)","72,067","37,728","14,439","10,174","7,268","1,853","437","107","37","11","13"
"서울특별시 종로구 청운효자동(1111051500)","5,048","1,964","1,170","958","706","185","45","11","6","3","0"
"서울특별시 종로구 사직동(1111053000)","4,536","2,299","917","666","491","119","24","13","3","1","3"
"서울특별시 종로구 삼청동(1111054000)","1,120","555","258","137","108","44","13","4","1","0","0"
"서울특별시 종로구 부암동(1111055000)","4,133","1,674","988","750","523","146","37","11","3","0","1"
"서울특별시 종로구 평창동(1111056000)","7,135","2,260","1,795","1,443","1,164","352","85","18","15","0","3"
"서울특별시 종로구 무악동(1111057000)","3,008","707","748","693","676","147","27","7","1","1","1"
"서울특별시 종로구 교남동(1111058000)","4,344","1,621","1,055","886","629","125","16","9","1","2","0"
"서울특별시 종로구 가회동(1111060000)","1,910","921","397","325","195","52","16","3","0","0","1"
"서울특별시 종로구 종로1.2.3.4가동(1111061500)","4,903","3,921","488","270","167","40","13","3","0","1","0"
"서울특별시 종로구 종로5.6가동(1111063000)","3,581","2,570","499","294","170","37","8","3","0","0","0"
"서울특별시 종로구 이화동(1111064000)","4,211","2,731","732","408","256","60","18","3","1","1","1"
"서울특별시 종로구 혜화동(1111065000)","9,114","5,697","1,425","1,010","732","177","55","8","5","2","3"
"서울특별시 종로구 창신제1동(1111067000)","2,626","1,547","554","311","154","47","9","4","0","0","0"
"서울특별시 종로구 창신제2동(1111068000)","3,983","2,031","966","537","343","77","25","3","1","0","0"
"서울특별시 종로구 창신제3동(1111069000)","2,769","946","737","573","383","110","16","4","0","0","0"
"서울특별시 종로구 숭인제1동(1111070000)","2,995","1,489","703","437","276","69","20","1","0","0","0"
"서울특별시 종로구 숭인제2동(1111071000)","6,651","4,795","1,007","476","295","66","10","2","0","0","0"
"서울특별시 중구 (1114000000)","64,714","34,519","14,159","8,683","5,583","1,312","318","88","32","7","13"
"서울특별시 중구 소공동(1114052000)","1,237","738","237","151","93","10","3","3","1","0","1"
"서울특별시 중구 회현동(1114054000)","2,502","1,515","450","280","183","50","14","8","1","1","0"
"서울특별시 중구 명동(1114055000)","1,375","950","220","114","65","16","3","3","1","1","2"
"서울특별시 중구 필동(1114057000)","2,495","1,679","416","208","137","42","8","3","1","0","1"
"서울특별시 중구 장충동(1114058000)","2,834","1,918","449","238","162","45","16","3","1","1","1"
"서울특별시 중구 광희동(1114059000)","3,967","2,899","596","279","134","37","16","3","3","0","0"
"서울특별시 중구 을지로동(1114060500)","2,130","1,548","364","137","67","11","3","0","0","0","0"
"서울특별시 중구 신당동(1114061500)","4,708","3,131","871","396","220","71","13","5","1","0","0"
"서울특별시 중구 다산동(1114062500)","6,811","3,312","1,641","994","683","136","29","10","4","0","2"
"서울특별시 중구 약수동(1114063500)","7,752","3,189","2,124","1,412","797","163","48","15","1","0","3"
"서울특별시 중구 청구동(1114064500)","6,153","2,566","1,596","1,049","714","178","40","6","2","1","1"
"서울특별시 중구 신당제5동(1114065000)","5,393","2,799","1,246","716","491","108","20","8","3","2","0"
"서울특별시 중구 동화동(1114066500)","3,988","1,118","1,074","858","691","179","49","9","9","0","1"
"서울특별시 중구 황학동(1114067000)","7,429","4,406","1,571","836","481","107","20","5","1","1","1"
"서울특별시 중구 중림동(1114068000)","5,940","2,751","1,304","1,015","665","159","36","7","3","0","0"
"서울특별시 용산구 (1117000000)","107,825","53,331","23,776","15,953","11,137","2,729","651","166","49","16","17"
"서울특별시 용산구 후암동(1117051000)","8,257","4,243","1,810","1,174","755","209","38","22","2","0","4"
"서울특별시 용산구 용산2가동(1117052000)","5,032","2,786","1,208","591","328","94","21","3","1","0","0"
"서울특별시 용산구 남영동(1117053000)","4,853","3,723","601","292","178","48","7","3","0","0","1"
"서울특별시 용산구 청파동(1117055500)","11,124","7,001","2,123","1,054","696","185","49","9","2","2","3"
"서울특별시 용산구 원효로제1동(1117056000)","9,279","5,170","1,832","1,219","837","177","33","6","3","1","1"
"서울특별시 용산구 원효로제2동(1117057000)","6,254","2,577","1,457","1,127","824","202","43","14","5","2","3"
"서울특별시 용산구 효창동(1117058000)","4,725","1,759","1,182","876","697","149","46","9","2","4","1"
"서울특별시 용산구 용문동(1117059000)","5,314","2,136","1,335","1,008","650","149","25","6","5","0","0"
"서울특별시 용산구 한강로동(1117062500)","11,260","6,056","2,354","1,547","1,012","214","56","14","6","0","1"
"서울특별시 용산구 이촌제1동(1117063000)","9,126","1,810","2,269","2,407","2,043","452","109","21","9","4","2"
"서울특별시 용산구 이촌제2동(1117064000)","3,591","1,310","1,025","697","420","109","20","9","0","1","0"
"서울특별시 용산구 이태원제1동(1117065000)","3,435","1,978","749","391","239","55","21","2","0","0","0"
"서울특별시 용산구 이태원제2동(1117066000)","4,850","2,705","1,105","584","332","87","29","5","3","0","0"
"서울특별시 용산구 한남동(1117068500)","9,352","4,921","2,044","1,277","786","222","70","25","5","1","1"
"서울특별시 용산구 서빙고동(1117069000)","5,094","1,687","1,216","931","894","280","64","16","6","0","0"
"서울특별시 용산구 보광동(1117070000)","6,279","3,469","1,466","778","446","97","20","2","0","1","0"
"서울특별시 성동구 (1120000000)","133,089","58,976","30,362","23,104","16,281","3,351","767","180","49","9","10"
"서울특별시 성동구 왕십리제2동(1120052000)","7,385","3,002","1,737","1,383","977","211","57","13","4","0","1"
"서울특별시 성동구 왕십리도선동(1120053500)","12,184","5,162","2,682","2,217","1,676","336","80","23","6","1","1"
"서울특별시 성동구 마장동(1120054000)","10,850","5,355","2,325","1,617","1,190","261","81","11","5","2","3"
"서울특별시 성동구 사근동(1120055000)","8,198","6,165","974","536","417","86","12","8","0","0","0"
"서울특별시 성동구 행당제1동(1120056000)","6,441","2,805","1,383","1,178","853","179","31","10","1","1","0"
"서울특별시 성동구 행당제2동(1120057000)","9,227","2,456","2,514","2,191","1,665","308","70","15","5","1","2"
"서울특별시 성동구 응봉동(1120058000)","5,950","1,618","1,475","1,412","1,166","222","42","10","4","1","0"
"서울특별시 성동구 금호1가동(1120059000)","6,503","2,291","1,674","1,373","916","192","41","12","3","1","0"
"서울특별시 성동구 금호2.3가동(1120061500)","9,893","3,598","2,632","2,007","1,318","267","45","19","6","0","1"
"서울특별시 성동구 금호4가동(1120062000)","6,403","2,354","1,667","1,328","845","162","38","8","1","0","0"
"서울특별시 성동구 옥수동(1120064500)","10,756","3,217","2,989","2,565","1,541","347","76","14","5","1","1"
"서울특별시 성동구 성수1가제1동(1120065000)","7,434","3,313","1,719","1,255","921","174","44","6","2","0","0"
"서울특별시 성동구 성수1가제2동(1120066000)","5,911","2,767","1,328","973","670","129","36","5","2","1","0"
"서울특별시 성동구 성수2가제1동(1120067000)","7,642","3,887","1,736","1,092","731","145","39","9","3","0","0"
"서울특별시 성동구 성수2가제3동(1120069000)","5,225","2,730","1,085","708","535","129","29","8","1","0","0"
"서울특별시 성동구 송정동(1120072000)","5,365","2,972","1,164","657","441","107","18","6","0","0","0"
"서울특별시 성동구 용답동(1120079000)","7,722","5,284","1,278","612","419","96","28","3","1","0","1"
"서울특별시 광진구 (1121500000)","170,077","85,080","35,410","25,354","19,207","3,859","842","239","62","11","13"
"서울특별시 광진구 화양동(1121571000)","18,136","14,966","1,963","681","413","84","22","5","1","0","1"
"서울특별시 광진구 군자동(1121573000)","11,312","7,040","2,045","1,252","768","152","38","13","3","1","0"
"서울특별시 광진구 중곡제1동(1121574000)","8,651","4,885","1,937","1,048","615","129","28","9","0","0","0"
"서울특별시 광진구 중곡제2동(1121575000)","10,572","5,225","2,473","1,546","1,020","240","53","11","2","1","1"
"서울특별시 광진구 중곡제3동(1121576000)","8,518","4,463","2,029","1,133","701","162","20","7","3","0","0"
"서울특별시 광진구 중곡제4동(1121577000)","13,066","5,430","3,357","2,273","1,557","335","80","27","5","1","1"
"서울특별시 광진구 능동(1121578000)","6,480","3,927","1,267","707","431","105","36","6","1","0","0"
"서울특별시 광진구 광장동(1121581000)","11,855","2,312","2,126","3,211","3,474","569","123","27","11","2","0"
"서울특별시 광진구 자양제1동(1121582000)","11,985","6,650","2,533","1,451","1,073","221","39","13","3","2","0"
"서울특별시 광진구 자양제2동(1121583000)","10,913","4,448","2,579","2,053","1,431","305","71","20","6","0","0"
"서울특별시 광진구 자양제3동(1121584000)","10,967","3,224","2,609","2,492","2,112","393","91","31","10","3","2"
"서울특별시 광진구 자양제4동(1121584700)","10,986","6,056","2,402","1,398","901","171","43","10","4","0","1"
"서울특별시 광진구 구의제1동(1121585000)","13,100","7,638","2,590","1,549","1,037","229","44","9","2","0","2"
"서울특별시 광진구 구의제2동(1121586000)","11,485","4,441","2,768","2,130","1,663","371","77","25","5","1","4"
"서울특별시 광진구 구의제3동(1121587000)","12,051","4,375","2,732","2,430","2,011","393","77","26","6","0","1"
"서울특별시 동대문구 (1123000000)","172,801","86,129","36,435","25,929","18,810","4,279","927","208","55","20","9"
"서울특별시 동대문구 용신동(1123053600)","21,692","12,739","4,042","2,638","1,821","350","82","15","3","2","0"
"서울특별시 동대문구 제기동(1123054500)","13,018","7,614","2,561","1,528","1,000","227","69","13","2","2","2"
"서울특별시 동대문구 전농제1동(1123056000)","16,061","7,804","3,384","2,563","1,806","398","72","25","7","1","1"
"서울특별시 동대문구 전농제2동(1123057000)","7,544","2,390","1,936","1,633","1,213","303","57","9","2","1","0"
"서울특별시 동대문구 답십리제1동(1123060000)","12,872","5,385","2,853","2,412","1,734","393","64","20","8","3","0"
"서울특별시 동대문구 답십리제2동(1123061000)","12,477","4,702","3,280","2,372","1,627","382","89","18","6","1","0"
"서울특별시 동대문구 장안제1동(1123065000)","18,300","8,454","4,176","2,944","2,069","515","109","25","5","2","1"
"서울특별시 동대문구 장안제2동(1123066000)","14,417","5,385","3,412","2,798","2,219","459","107","26","7","2","2"
"서울특별시 동대문구 청량리동(1123070500)","10,103","5,353","2,314","1,335","843","191","50","11","3","2","1"
"서울특별시 동대문구 회기동(1123071000)","6,641","4,663","901","530","429","93","21","2","1","0","1"
"서울특별시 동대문구 휘경제1동(1123072000)","7,678","4,584","1,322","876","683","167","37","7","0","2","0"
"서울특별시 동대문구 휘경제2동(1123073000)","12,645","6,757","2,467","1,700","1,332","313","60","11","3","1","1"
"서울특별시 동대문구 이문제1동(1123074000)","10,684","6,957","1,708","1,023","750","182","44","13","6","1","0"
"서울특별시 동대문구 이문제2동(1123075000)","8,669","3,342","2,079","1,577","1,284","306","66","13","2","0","0"
"서울특별시 중랑구 (1126000000)","188,097","85,012","46,137","30,521","20,681","4,559","896","225","45","15","6"
"서울특별시 중랑구 면목제2동(1126052000)","12,238","5,974","2,998","1,812","1,150","248","42","8","5","1","0"
"서울특별시 중랑구 면목제4동(1126054000)","8,944","3,987","2,275","1,458","951","211","49","13","0","0","0"
"서울특별시 중랑구 면목제5동(1126055000)","6,422","2,192","1,696","1,391","929","177","25","8","2","2","0"
"서울특별시 중랑구 면목본동(1126056500)","17,795","9,335","4,176","2,493","1,424","296","57","10","2","1","1"
"서울특별시 중랑구 면목제7동(1126057000)","10,562","4,781","2,677","1,693","1,133","213","50","7","7","1","0"
"서울특별시 중랑구 면목제3.8동(1126057500)","12,794","6,289","3,238","1,821","1,141","245","48","10","1","1","0"
"서울특별시 중랑구 상봉제1동(1126058000)","10,135","3,546","2,545","2,077","1,593","309","49","13","2","1","0"
"서울특별시 중랑구 상봉제2동(1126059000)","12,572","8,018","2,447","1,266","672","124","32","11","1","1","0"
"서울특별시 중랑구 중화제1동(1126060000)","8,907","3,625","2,390","1,606","1,015","221","37","10","2","0","1"
"서울특별시 중랑구 중화제2동(1126061000)","13,488","7,506","3,137","1,643","949","192","45","12","3","0","1"
"서울특별시 중랑구 묵제1동(1126062000)","14,955","5,642","3,615","2,823","2,202","525","117","27","1","3","0"
"서울특별시 중랑구 묵제2동(1126063000)","9,180","4,296","2,342","1,397","896","202","36","8","3","0","0"
"서울특별시 중랑구 망우본동(1126065500)","18,135","8,564","4,162","2,878","1,995","426","74","30","4","1","1"
"서울특별시 중랑구 망우제3동(1126066000)","8,175","3,998","2,027","1,244","711","153","32","7","2","1","0"
"서울특별시 중랑구 신내1동(1126068000)","14,894","4,067","3,935","3,155","2,751","779","156","40","7","2","2"
"서울특별시 중랑구 신내2동(1126069000)","8,901","3,192","2,477","1,764","1,169","238","47","11","3","0","0"
"서울특별시 성북구 (1129000000)","196,800","83,019","44,368","34,592","27,124","5,983","1,282","301","78","25","28"
"서울특별시 성북구 성북동(1129052500)","8,133","4,136","1,806","1,137","760","207","59","14","7","0","7"
"서울특별시 성북구 삼선동(1129055500)","11,449","5,988","2,298","1,565","1,211","288","71","21","6","0","1"
"서울특별시 성북구 동선동(1129057500)","9,642","6,649","1,511","797","534","119","22","5","3","1","1"
"서울특별시 성북구 돈암제1동(1129058000)","6,055","1,909","1,637","1,277","976","202","45","7","0","2","0"
"서울특별시 성북구 돈암제2동(1129059000)","8,529","1,772","2,066","2,153","1,925","462","112","25","10","1","3"
"서울특별시 성북구 안암동(1129060000)","9,819","7,024","1,384","755","508","118","24","3","1","1","1"
"서울특별시 성북구 보문동(1129061000)","8,145","3,964","1,799","1,233","907","191","40","8","1","1","1"
"서울특별시 성북구 정릉제1동(1129062000)","7,344","2,336","1,754","1,604","1,272","295","61","17","1","2","2"
"서울특별시 성북구 정릉제2동(1129063000)","9,920","3,527","2,566","1,996","1,412","304","79","29","6","1","0"
"서울특별시 성북구 정릉제3동(1129064000)","8,213","4,799","1,649","936","620","151","44","6","3","2","3"
"서울특별시 성북구 정릉제4동(1129065000)","10,748","3,975","2,783","2,059","1,500","322","78","22","5","3","1"
"서울특별시 성북구 길음제1동(1129066000)","12,463","2,568","2,593","3,199","3,358","601","107","20","8","4","5"
"서울특별시 성북구 길음제2동(1129068500)","8,622","2,461","2,017","1,965","1,722","366","71","15","5","0","0"
"서울특별시 성북구 종암동(1129070500)","17,028","6,822","3,862","3,131","2,499","584","94","26","8","2","0"
"서울특별시 성북구 월곡제1동(1129071500)","10,773","3,506","2,719","2,220","1,807","408","90","19","2","2","0"
"서울특별시 성북구 월곡제2동(1129072500)","9,653","4,866","2,050","1,403","1,027","239","51","11","6","0","0"
"서울특별시 성북구 장위제1동(1129076000)","10,596","4,134","2,630","1,908","1,480","355","72","14","1","1","1"
"서울특별시 성북구 장위제2동(1129077000)","6,605","3,044","1,697","1,048","606","158","44","6","1","1","0"
"서울특별시 성북구 장위제3동(1129078000)","6,456","2,143","1,413","1,395","1,219","234","40","10","1","1","0"
"서울특별시 성북구 석관동(1129081000)","16,607","7,396","4,134","2,811","1,781","379","78","23","3","0","2"
"서울특별시 강북구 (1130500000)","143,560","66,366","35,321","22,514","14,958","3,437","754","138","43","14","15"
"서울특별시 강북구 삼양동(1130553400)","10,809","4,675","2,734","1,803","1,231","282","70","10","4","0","0"
"서울특별시 강북구 미아동(1130553500)","11,651","6,541","2,522","1,464","846","215","47","9","5","1","1"
"서울특별시 강북구 송중동(1130554500)","13,837","6,280","3,290","2,255","1,544","364","78","16","6","1","3"
"서울특별시 강북구 송천동(1130555500)","13,034","6,472","3,238","1,858","1,175","231","50","5","3","1","1"
"서울특별시 강북구 삼각산동(1130557500)","11,515","2,743","2,644","2,783","2,676","534","100","28","7","0","0"
"서울특별시 강북구 번1동(1130559500)","10,168","6,027","2,165","1,114","689","129","37","5","1","1","0"
"서울특별시 강북구 번2동(1130560300)","7,427","3,184","2,166","1,224","643","160","41","6","1","1","1"
"서울특별시 강북구 번3동(1130560800)","7,665","2,919","2,283","1,317","870","228","39","8","1","0","0"
"서울특별시 강북구 수유1동(1130561500)","10,428","5,248","2,529","1,486","890","205","54","10","1","1","4"
"서울특별시 강북구 수유2동(1130562500)","9,779","4,017","2,646","1,701","1,073","266","63","6","3","3","1"
"서울특별시 강북구 수유3동(1130563500)","13,533","8,157","2,739","1,535","838","210","37","10","3","3","1"
"서울특별시 강북구 우이동(1130564500)","9,553","3,985","2,608","1,623","1,036","231","54","9","5","1","1"
"서울특별시 강북구 인수동(1130566000)","14,161","6,118","3,757","2,351","1,447","382","84","16","3","1","2"
"서울특별시 도봉구 (1132000000)","138,261","51,212","36,420","26,591","18,680","4,184","873","207","64","22","8"
"서울특별시 도봉구 창제1동(1132051100)","10,979","4,221","2,791","2,089","1,526","273","59","12","7","1","0"
"서울특별시 도봉구 창제2동(1132051200)","12,513","4,412","3,401","2,503","1,691","396","71","27","8","3","1"
"서울특별시 도봉구 창제3동(1132051300)","6,418","2,745","1,731","1,048","684","170","27","10","3","0","0"
"서울특별시 도봉구 창제4동(1132051400)","10,990","3,543","2,673","2,387","1,938","362","62","15","8","0","2"
"서울특별시 도봉구 창제5동(1132051500)","10,260","3,415","2,658","2,157","1,605","328","72","16","6","3","0"
"서울특별시 도봉구 도봉제1동(1132052100)","10,240","4,691","2,828","1,563","876","211","52","14","4","1","0"
"서울특별시 도봉구 도봉제2동(1132052200)","11,766","4,254","3,306","2,315","1,432","345","92","15","3","3","1"
"서울특별시 도봉구 쌍문제1동(1132066000)","9,386","3,519","2,544","1,769","1,161","303","69","15","3","3","0"
"서울특별시 도봉구 쌍문제2동(1132067000)","8,452","3,369","2,333","1,504","965","213","52","10","4","0","2"
"서울특별시 도봉구 쌍문제3동(1132068000)","8,193","3,771","1,969","1,364","857","185","33","12","2","0","0"
"서울특별시 도봉구 쌍문제4동(1132068100)","7,095","1,776","1,841","1,712","1,432","278","47","7","2","0","0"
"서울특별시 도봉구 방학제1동(1132069000)","12,917","5,345","3,177","2,223","1,634","418","92","20","4","3","1"
"서울특별시 도봉구 방학제2동(1132070000)","9,131","3,987","2,443","1,511","892","235","51","7","4","1","0"
"서울특별시 도봉구 방학제3동(1132071000)","9,921","2,164","2,725","2,446","1,987","467","94","27","6","4","1"
"서울특별시 노원구 (1135000000)","217,904","78,460","53,011","42,802","35,177","6,875","1,210","262","68","26","13"
"서울특별시 노원구 월계1동(1135056000)","9,990","4,604","2,217","1,588","1,219","313","38","8","3","0","0"
"서울특별시 노원구 월계2동(1135057000)","11,695","4,449","3,118","2,189","1,544","323","61","8","1","2","0"
"서울특별시 노원구 월계3동(1135058000)","12,868","4,519","3,576","2,639","1,676","352","88","10","5","2","1"
"서울특별시 노원구 공릉1동(1135059500)","18,534","9,475","3,872","2,668","1,973","429","99","14","4","0","0"
"서울특별시 노원구 공릉2동(1135060000)","17,763","6,509","3,750","3,539","3,185","630","116","24","6","2","2"
"서울특별시 노원구 하계1동(1135061100)","12,142","5,388","2,427","1,993","1,904","345","61","15","5","2","2"
"서울특별시 노원구 하계2동(1135061200)","8,210","1,997","2,005","1,982","1,853","316","39","14","3","1","0"
"서울특별시 노원구 중계본동(1135061900)","8,147","1,788","1,545","1,845","2,329","533","83","19","4","1","0"
"서울특별시 노원구 중계1동(1135062100)","8,926","1,516","1,511","2,451","2,922","443","59","14","10","0","0"
"서울특별시 노원구 중계4동(1135062400)","8,213","2,859","2,036","1,550","1,404","294","50","11","6","3","0"
"서울특별시 노원구 중계2.3동(1135062500)","14,979","5,558","4,189","2,837","2,005","329","48","9","1","2","1"
"서울특별시 노원구 상계1동(1135063000)","15,538","4,931","4,179","3,210","2,490","578","113","30","5","0","2"
"서울특별시 노원구 상계2동(1135064000)","8,555","3,430","1,830","1,587","1,383","248","65","8","3","1","0"
"서울특별시 노원구 상계3.4동(1135066500)","12,413","4,803","3,131","2,163","1,782","424","87","19","2","2","0"
"서울특별시 노원구 상계5동(1135067000)","10,913","4,495","2,847","1,922","1,281","305","45","14","2","1","1"
"서울특별시 노원구 상계6.7동(1135069500)","13,890","4,969","3,529","2,825","2,138","346","59","16","3","2","3"
"서울특별시 노원구 상계8동(1135070000)","9,127","2,459","2,706","2,213","1,467","244","28","6","2","1","1"
"서울특별시 노원구 상계9동(1135071000)","8,355","2,494","2,351","1,897","1,349","221","30","10","0","3","0"
"서울특별시 노원구 상계10동(1135072000)","7,646","2,217","2,192","1,704","1,273","202","41","13","3","1","0"
"서울특별시 은평구 (1138000000)","215,721","87,569","53,562","38,321","27,804","6,625","1,416","288","83","28","25"
"서울특별시 은평구 녹번동(1138051000)","17,628","7,717","4,451","3,016","1,926","396","101","14","7","0","0"
"서울특별시 은평구 불광제1동(1138052000)","17,671","7,213","4,587","3,209","2,069","455","105","22","9","2","0"
"서울특별시 은평구 불광제2동(1138053000)","14,076","7,026","3,442","2,083","1,148","295","66","12","4","0","0"
"서울특별시 은평구 갈현제1동(1138055100)","7,351","3,528","1,711","1,167","745","156","37","7","0","0","0"
"서울특별시 은평구 갈현제2동(1138055200)","12,541","4,777","3,349","2,328","1,607","372","85","12","4","3","4"
"서울특별시 은평구 구산동(1138056000)","13,484","4,879","3,505","2,612","1,867","486","95","24","8","3","5"
"서울특별시 은평구 대조동(1138057000)","15,352","8,550","3,515","1,784","1,179","244","65","10","4","1","0"
"서울특별시 은평구 응암제1동(1138058000)","15,091","6,194","3,686","2,660","1,959","474","83","20","5","3","7"
"서울특별시 은평구 응암제2동(1138059000)","11,025","3,108","2,720","2,681","1,997","398","87","23","8","2","1"
"서울특별시 은평구 응암제3동(1138060000)","12,511","6,421","3,028","1,717","1,012","254","64","12","2","0","1"
"서울특별시 은평구 역촌동(1138062500)","20,641","8,493","5,246","3,687","2,513","562","103","24","8","4","1"
"서울특별시 은평구 신사제1동(1138063100)","12,066","4,534","3,222","2,326","1,545","336","76","20","3","4","0"
"서울특별시 은평구 신사제2동(1138063200)","8,718","3,430","2,257","1,574","1,124","253","64","10","3","1","2"
"서울특별시 은평구 증산동(1138064000)","7,944","2,839","2,061","1,420","1,184","365","56","13","5","1","0"
"서울특별시 은평구 수색동(1138065000)","8,252","2,310","2,205","1,769","1,523","365","64","15","1","0","0"
"서울특별시 은평구 진관동(1138069000)","21,370","6,550","4,577","4,288","4,406","1,214","265","50","12","4","4"
"서울특별시 서대문구 (1141000000)","146,845","66,116","32,557","24,672","18,309","4,017","877","212","55","22","8"
"서울특별시 서대문구 천연동(1141052000)","7,636","3,070","1,861","1,425","1,005","216","44","10","2","2","1"
"서울특별시 서대문구 북아현동(1141055500)","7,061","2,779","1,656","1,431","975","176","33","9","2","0","0"
"서울특별시 서대문구 충현동(1141056500)","10,071","5,167","2,034","1,429","1,127","253","47","10","2","1","1"
"서울특별시 서대문구 신촌동(1141058500)","14,845","11,872","1,574","746","487","114","37","6","5","2","2"
"서울특별시 서대문구 연희동(1141061500)","18,673","10,616","3,645","2,300","1,575","401","96","24","10","5","1"
"서울특별시 서대문구 홍제제1동(1141062000)","11,036","4,104","2,810","2,137","1,536","343","80","18","6","1","1"
"서울특별시 서대문구 홍제제3동(1141064000)","8,012","3,028","2,027","1,593","1,080","217","50","12","5","0","0"
"서울특별시 서대문구 홍제제2동(1141065500)","5,749","1,966","1,501","1,209","838","187","38","8","1","1","0"
"서울특별시 서대문구 홍은제1동(1141066000)","9,712","3,452","2,471","1,963","1,381","336","85","16","5","3","0"
"서울특별시 서대문구 홍은제2동(1141068500)","13,177","5,355","3,238","2,310","1,769","381","95","23","3","3","0"
"서울특별시 서대문구 남가좌제1동(1141069000)","6,159","1,386","1,349","1,570","1,482","289","58","22","2","1","0"
"서울특별시 서대문구 남가좌제2동(1141070000)","13,348","5,541","2,930","2,437","1,952","393","77","12","4","2","0"
"서울특별시 서대문구 북가좌제1동(1141071000)","6,784","1,689","1,704","1,618","1,370","312","67","18","5","1","0"
"서울특별시 서대문구 북가좌제2동(1141072000)","14,582","6,091","3,757","2,504","1,732","399","70","24","3","0","2"
"서울특별시 마포구 (1144000000)","181,090","87,506","38,699","28,144","21,176","4,338","897","230","65","24","11"
"서울특별시 마포구 아현동(1144055500)","12,218","3,923","3,012","2,838","2,048","292","78","20","3","3","1"
"서울특별시 마포구 공덕동(1144056500)","18,598","9,273","3,973","2,826","1,994","414","93","21","3","1","0"
"서울특별시 마포구 도화동(1144058500)","9,307","3,676","2,114","1,807","1,346","279","65","17","0","3","0"
"서울특별시 마포구 용강동(1144059000)","9,282","3,509","1,974","1,899","1,528","283","62","23","4","0","0"
"서울특별시 마포구 대흥동(1144060000)","8,700","5,669","1,399","808","665","127","22","7","0","0","3"
"서울특별시 마포구 염리동(1144061000)","7,786","3,330","1,615","1,399","1,183","219","29","7","3","0","1"
"서울특별시 마포구 신수동(1144063000)","10,026","4,000","2,299","1,866","1,505","286","50","16","3","0","1"
"서울특별시 마포구 서강동(1144065500)","12,159","5,955","2,345","2,011","1,493","257","67","18","10","2","1"
"서울특별시 마포구 서교동(1144066000)","15,265","10,329","2,548","1,263","868","193","47","11","3","3","0"
"서울특별시 마포구 합정동(1144068000)","9,201","5,168","2,098","1,109","625","152","35","9","2","2","1"
"서울특별시 마포구 망원제1동(1144069000)","10,180","5,246","2,430","1,313","915","219","45","8","3","1","0"
"서울특별시 마포구 망원제2동(1144070000)","8,352","3,391","2,155","1,381","1,133","228","48","11","4","1","0"
"서울특별시 마포구 연남동(1144071000)","8,347","5,027","1,720","873","558","133","23","5","3","4","1"
"서울특별시 마포구 성산제1동(1144072000)","9,492","4,709","2,185","1,347","924","248","53","17","8","1","0"
"서울특별시 마포구 성산제2동(1144073000)","19,481","9,559","4,179","2,965","2,184","464","96","22","10","1","1"
"서울특별시 마포구 상암동(1144074000)","12,696","4,742","2,653","2,439","2,207","544","84","18","6","2","1"
"서울특별시 양천구 (1147000000)","180,695","58,569","41,980","38,030","33,693","6,683","1,277","302","104","34","23"
"서울특별시 양천구 목1동(1147051000)","10,351","1,687","1,934","3,035","3,050","508","102","23","8","4","0"
"서울특별시 양천구 목2동(1147052000)","13,341","5,523","3,109","2,393","1,825","373","83","23","8","1","3"
"서울특별시 양천구 목3동(1147053000)","10,082","4,260","2,502","1,776","1,233","209","72","22","5","1","2"
"서울특별시 양천구 목4동(1147054000)","9,976","3,315","2,046","2,068","2,029","414","76","20","7","1","0"
"서울특별시 양천구 목5동(1147055000)","13,449","1,778","2,516","3,852","4,420","714","121","31","10","5","2"
"서울특별시 양천구 신월1동(1147056000)","10,057","4,880","2,463","1,553","905","205","41","7","1","1","1"
"서울특별시 양천구 신월2동(1147057000)","8,700","2,763","2,277","1,793","1,417","342","78","18","6","4","2"
"서울특별시 양천구 신월3동(1147058000)","7,709","4,140","1,761","959","621","178","39","4","3","1","3"
"서울특별시 양천구 신월4동(1147059000)","6,839","1,722","1,809","1,633","1,273","323","60","15","3","1","0"
"서울특별시 양천구 신월5동(1147060000)","6,359","2,494","1,593","1,150","843","211","52","11","4","1","0"
"서울특별시 양천구 신월6동(1147061000)","5,370","1,266","1,384","1,357","1,086","242","32","3","0","0","0"
"서울특별시 양천구 신월7동(1147061100)","8,996","3,630","2,584","1,585","943","205","33","12","4","0","0"
"서울특별시 양천구 신정1동(1147062000)","6,958","1,380","1,356","1,810","1,984","341","67","13","4","2","1"
"서울특별시 양천구 신정2동(1147063000)","6,828","1,596","1,387","1,517","1,889","371","48","12","5","1","2"
"서울특별시 양천구 신정3동(1147064000)","19,728","5,530","4,946","4,271","3,852","927","152","35","10","4","1"
"서울특별시 양천구 신정4동(1147065000)","16,260","8,003","3,772","2,387","1,616","363","85","23","7","2","2"
"서울특별시 양천구 신정6동(1147067000)","8,185","1,176","1,744","2,378","2,425","359","75","14","10","1","3"
"서울특별시 양천구 신정7동(1147068000)","11,507","3,426","2,797","2,513","2,282","398","61","16","9","4","1"
"서울특별시 강서구 (1150000000)","274,084","125,202","62,846","43,982","32,826","7,255","1,485","347","99","27","15"
"서울특별시 강서구 염창동(1150051000)","16,651","5,074","3,528","3,829","3,516","579","98","22","4","1","0"
"서울특별시 강서구 등촌제1동(1150052000)","14,268","8,471","2,661","1,753","1,114","210","44","10","4","0","1"
"서울특별시 강서구 등촌제2동(1150053000)","8,528","3,099","2,144","1,682","1,228","281","69","18","5","1","1"
"서울특별시 강서구 등촌제3동(1150053500)","15,102","7,169","3,889","2,184","1,506","272","59","15","7","1","0"
"서울특별시 강서구 화곡제1동(1150054000)","28,138","15,325","6,534","3,609","2,027","484","109","35","10","3","2"
"서울특별시 강서구 화곡제2동(1150055000)","8,157","3,430","2,140","1,380","914","236","38","13","6","0","0"
"서울특별시 강서구 화곡제3동(1150056000)","9,697","3,931","2,375","1,681","1,289","325","76","16","1","3","0"
"서울특별시 강서구 화곡제4동(1150057000)","9,642","4,142","2,564","1,684","957","224","54","12","3","1","1"
"서울특별시 강서구 화곡본동(1150059000)","17,406","8,969","4,032","2,335","1,595","372","74","21","4","3","1"
"서울특별시 강서구 화곡제6동(1150059100)","13,502","7,007","2,856","1,908","1,350","287","66","17","6","3","2"
"서울특별시 강서구 화곡제8동(1150059300)","11,715","5,288","3,078","1,846","1,127","291","59","21","2","2","1"
"서울특별시 강서구 가양제1동(1150060300)","20,926","14,191","2,911","1,993","1,401","336","71","18","2","1","2"
"서울특별시 강서구 가양제2동(1150060400)","8,004","4,662","1,973","818","425","83","28","10","3","1","1"
"서울특별시 강서구 가양제3동(1150060500)","7,714","3,742","2,292","1,087","467","103","16","6","1","0","0"
"서울특별시 강서구 발산제1동(1150061100)","13,570","3,271","3,371","3,063","3,044","684","110","21","6","0","0"
"서울특별시 강서구 우장산동(1150061500)","16,801","4,472","3,722","3,812","3,871","739","137","32","13","3","0"
"서울특별시 강서구 공항동(1150062000)","13,711","5,895","3,044","2,365","1,800","488","93","23","3","0","0"
"서울특별시 강서구 방화제1동(1150063000)","17,203","5,362","4,139","3,637","3,102","780","155","19","6","2","1"
"서울특별시 강서구 방화제2동(1150064000)","12,130","6,370","2,799","1,590","1,034","262","57","11","5","0","2"
"서울특별시 강서구 방화제3동(1150064100)","11,219","5,332","2,794","1,726","1,059","219","72","7","8","2","0"
"서울특별시 구로구 (1153000000)","184,096","76,995","44,880","32,130","23,443","5,138","1,141","264","74","16","15"
"서울특별시 구로구 신도림동(1153051000)","14,253","3,947","3,341","3,350","2,968","485","128","22","8","4","0"
"서울특별시 구로구 구로제1동(1153052000)","8,354","2,446","2,092","1,863","1,580","294","60","12","6","1","0"
"서울특별시 구로구 구로제2동(1153053000)","12,145","6,344","2,951","1,633","905","234","54","18","2","2","2"
"서울특별시 구로구 구로제3동(1153054000)","13,640","8,432","2,431","1,494","997","218","46","15","5","1","1"
"서울특별시 구로구 구로제4동(1153055000)","10,352","5,556","2,512","1,319","766","157","32","5","5","0","0"
"서울특별시 구로구 구로제5동(1153056000)","15,638","8,500","3,181","2,115","1,431","311","74","19","6","0","1"
"서울특별시 구로구 가리봉동(1153059500)","6,041","4,405","977","409","209","36","3","1","0","0","1"
"서울특별시 구로구 고척제1동(1153072000)","11,565","3,894","3,223","2,292","1,730","337","71","12","3","1","2"
"서울특별시 구로구 고척제2동(1153073000)","11,480","4,182","2,997","2,183","1,653","351","92","20","0","1","1"
"서울특별시 구로구 개봉제1동(1153074000)","14,966","5,528","3,992","2,916","1,965","438","90","29","7","0","1"
"서울특별시 구로구 개봉제2동(1153075000)","12,320","3,501","3,548","2,760","1,921","430","116","33","8","2","1"
"서울특별시 구로구 개봉제3동(1153076000)","8,689","2,894","2,578","1,742","1,153","261","47","11","2","1","0"
"서울특별시 구로구 오류제1동(1153077000)","12,735","7,271","2,653","1,577","929","237","46","14","6","1","1"
"서울특별시 구로구 오류제2동(1153078000)","15,721","5,062","4,262","3,047","2,495","676","141","28","5","2","3"
"서울특별시 구로구 수궁동(1153079000)","9,944","3,375","2,801","1,946","1,357","350","89","17","8","0","1"
"서울특별시 구로구 항동(1153080000)","6,253","1,658","1,341","1,484","1,384","323","52","8","3","0","0"
"서울특별시 금천구 (1154500000)","120,381","62,761","26,796","16,552","11,031","2,519","514","141","46","12","9"
"서울특별시 금천구 가산동(1154551000)","18,138","14,211","2,228","981","559","120","30","5","3","0","1"
"서울특별시 금천구 독산제1동(1154561000)","25,090","13,929","4,946","3,212","2,342","519","106","23","6","4","3"
"서울특별시 금천구 독산제2동(1154562000)","9,341","4,569","2,390","1,345","816","172","39","6","4","0","0"
"서울특별시 금천구 독산제3동(1154563000)","12,863","6,772","3,060","1,773","981","226","36","9","5","1","0"
"서울특별시 금천구 독산제4동(1154564000)","7,572","3,740","1,831","1,137","661","162","29","6","6","0","0"
"서울특별시 금천구 시흥제1동(1154567000)","16,340","7,942","3,813","2,445","1,663","372","69","26","6","2","2"
"서울특별시 금천구 시흥제2동(1154568000)","8,239","2,274","2,266","1,738","1,482","356","81","33","5","3","1"
"서울특별시 금천구 시흥제3동(1154569000)","4,615","1,608","1,363","881","598","134","26","4","1","0","0"
"서울특별시 금천구 시흥제4동(1154570000)","9,027","3,506","2,505","1,623","1,072","235","62","17","6","1","0"
"서울특별시 금천구 시흥제5동(1154571000)","9,156","4,210","2,394","1,417","857","223","36","12","4","1","2"
"서울특별시 영등포구 (1156000000)","190,737","95,781","39,933","28,610","20,767","4,387","936","228","60","18","17"
"서울특별시 영등포구 영등포본동(1156051500)","10,414","5,075","2,197","1,651","1,183","239","54","12","0","1","2"
"서울특별시 영등포구 영등포동(1156053500)","21,832","16,792","2,654","1,326","871","149","33","5","1","1","0"
"서울특별시 영등포구 여의동(1156054000)","13,896","4,507","3,358","2,979","2,345","516","139","34","10","6","2"
"서울특별시 영등포구 당산제1동(1156055000)","11,691","6,547","2,503","1,454","928","195","44","14","3","2","1"
"서울특별시 영등포구 당산제2동(1156056000)","18,887","10,144","3,233","2,765","2,136","468","102","29","8","1","1"
"서울특별시 영등포구 도림동(1156058500)","9,632","5,217","2,163","1,264","760","177","40","9","2","0","0"
"서울특별시 영등포구 문래동(1156060500)","13,167","4,052","3,160","2,896","2,429","490","108","19","11","1","1"
"서울특별시 영등포구 양평제1동(1156061000)","9,923","5,464","2,052","1,356","822","173","40","11","5","0","0"
"서울특별시 영등포구 양평제2동(1156062000)","11,100","5,240","2,360","1,803","1,401","230","56","8","1","0","1"
"서울특별시 영등포구 신길제1동(1156063000)","11,618","7,375","2,064","1,176","776","183","38","5","0","1","0"
"서울특별시 영등포구 신길제3동(1156065000)","7,528","3,099","1,842","1,400","970","179","28","8","2","0","0"
"서울특별시 영등포구 신길제4동(1156066000)","5,723","2,384","1,346","1,085","730","145","23","8","2","0","0"
"서울특별시 영등포구 신길제5동(1156067000)","4,560","1,877","1,134","793","594","129","20","8","2","0","3"
"서울특별시 영등포구 신길제6동(1156068000)","8,719","4,123","1,968","1,305","1,029","234","39","15","3","0","3"
"서울특별시 영등포구 신길제7동(1156069000)","7,896","2,264","1,878","1,749","1,590","343","53","13","3","3","0"
"서울특별시 영등포구 대림제1동(1156070000)","6,871","3,170","1,736","1,056","714","150","35","8","1","0","1"
"서울특별시 영등포구 대림제2동(1156071000)","6,907","4,030","1,606","769","364","95","31","8","2","2","0"
"서울특별시 영등포구 대림제3동(1156072000)","10,373","4,421","2,679","1,783","1,125","292","53","14","4","0","2"
"서울특별시 동작구 (1159000000)","186,675","89,020","39,624","29,666","22,293","4,731","979","270","56","21","15"
"서울특별시 동작구 노량진제1동(1159051000)","16,927","9,091","3,393","2,298","1,656","382","80","18","4","2","3"
"서울특별시 동작구 노량진제2동(1159052000)","6,727","4,672","1,153","523","285","70","19","5","0","0","0"
"서울특별시 동작구 상도제1동(1159053000)","22,636","11,720","4,326","3,376","2,591","491","88","33","5","3","3"
"서울특별시 동작구 상도제2동(1159054000)","12,492","5,098","2,722","2,310","1,915","352","73","16","4","1","1"
"서울특별시 동작구 상도제3동(1159055000)","12,210","6,049","2,722","1,862","1,214","263","76","17","4","2","1"
"서울특별시 동작구 상도제4동(1159056000)","14,094","6,891","3,184","2,176","1,434","331","60","16","0","0","2"
"서울특별시 동작구 흑석동(1159060500)","12,981","4,731","2,878","2,710","2,105","450","83","18","4","2","0"
"서울특별시 동작구 사당제1동(1159062000)","13,851","8,871","2,602","1,360","794","178","31","10","3","2","0"
"서울특별시 동작구 사당제2동(1159063000)","12,562","4,615","3,224","2,473","1,734","398","92","18","8","0","0"
"서울특별시 동작구 사당제3동(1159064000)","10,447","3,845","2,524","2,104","1,544","319","75","26","5","4","1"
"서울특별시 동작구 사당제4동(1159065000)","7,277","3,732","1,648","1,022","709","124","25","12","5","0","0"
"서울특별시 동작구 사당제5동(1159065100)","6,720","2,842","1,615","1,225","841","158","29","9","0","0","1"
"서울특별시 동작구 대방동(1159066000)","16,678","7,601","3,214","2,742","2,447","523","106","35","4","3","3"
"서울특별시 동작구 신대방제1동(1159067000)","10,438","4,225","2,255","1,856","1,638","367","77","16","3","1","0"
"서울특별시 동작구 신대방제2동(1159068000)","10,635","5,037","2,164","1,629","1,386","325","65","21","7","1","0"
"서울특별시 관악구 (1162000000)","284,578","177,356","51,336","29,611","20,273","4,610","1,034","261","63","23","11"
"서울특별시 관악구 보라매동(1162052500)","13,010","7,160","2,791","1,636","1,098","246","55","18","2","3","1"
"서울특별시 관악구 청림동(1162054500)","6,408","2,135","1,741","1,346","943","186","40","11","5","0","1"
"서울특별시 관악구 성현동(1162056500)","12,217","4,307","3,011","2,378","1,974","435","75","22","9","5","1"
"서울특별시 관악구 행운동(1162057500)","18,251","12,334","2,973","1,583","1,054","239","54","11","3","0","0"
"서울특별시 관악구 낙성대동(1162058500)","11,966","9,002","1,547","724","517","128","37","9","1","1","0"
"서울특별시 관악구 청룡동(1162059500)","24,220","17,788","3,249","1,656","1,205","245","59","14","4","0","0"
"서울특별시 관악구 은천동(1162060500)","16,078","7,701","3,570","2,401","1,851","424","101","22","5","3","0"
"서울특별시 관악구 중앙동(1162061500)","10,187","7,336","1,512","728","468","108","25","8","0","1","1"
"서울특별시 관악구 인헌동(1162062500)","14,825","9,038","2,777","1,600","1,084","259","47","14","4","1","1"
"서울특별시 관악구 남현동(1162063000)","9,891","5,726","1,933","1,208","779","188","45","7","1","3","1"
"서울특별시 관악구 서원동(1162064500)","15,114","10,526","2,549","1,138","688","160","41","8","4","0","0"
"서울특별시 관악구 신원동(1162065500)","11,221","7,472","2,066","966","571","106","32","6","1","0","1"
"서울특별시 관악구 서림동(1162066500)","15,176","10,551","2,413","1,212","746","198","39","11","3","3","0"
"서울특별시 관악구 신사동(1162068500)","14,436","9,949","2,335","1,211","739","151","39","9","2","1","0"
"서울특별시 관악구 신림동(1162069500)","18,934","16,291","1,804","506","260","59","11","2","1","0","0"
"서울특별시 관악구 난향동(1162071500)","6,180","1,996","1,596","1,245","1,022","241","56","19","3","0","2"
"서울특별시 관악구 조원동(1162072500)","12,243","7,949","2,308","1,096","709","141","32","7","1","0","0"
"서울특별시 관악구 대학동(1162073500)","17,439","13,555","1,992","1,069","629","154","32","7","1","0","0"
"서울특별시 관악구 삼성동(1162074500)","9,688","4,167","2,561","1,582","1,042","264","55","11","3","2","1"
"서울특별시 관악구 미성동(1162076500)","14,256","6,318","3,410","2,377","1,626","405","87","28","4","0","1"
"서울특별시 관악구 난곡동(1162077500)","12,838","6,055","3,198","1,949","1,268","273","72","17","6","0","0"
"서울특별시 서초구 (1165000000)","169,884","59,950","35,708","33,618","31,218","6,939","1,789","447","129","58","28"
"서울특별시 서초구 서초1동(1165051000)","9,402","4,304","1,776","1,588","1,316","280","101","23","13","0","1"
"서울특별시 서초구 서초2동(1165052000)","11,370","5,080","2,138","1,923","1,761","344","90","26","4","3","1"
"서울특별시 서초구 서초3동(1165053000)","15,326","7,326","2,981","2,325","2,011","479","146","37","12","7","2"
"서울특별시 서초구 서초4동(1165053100)","10,709","2,290","1,989","2,681","3,022","563","111","31","15","5","2"
"서울특별시 서초구 잠원동(1165054000)","10,743","3,507","1,964","2,433","2,307","398","95","27","8","3","1"
"서울특별시 서초구 반포본동(1165055000)","113","54","24","16","17","1","0","1","0","0","0"
"서울특별시 서초구 반포1동(1165056000)","14,688","6,169","2,407","2,610","2,750","580","129","30","7","5","1"
"서울특별시 서초구 반포2동(1165057000)","7,600","922","1,591","2,071","2,312","548","120","21","6","5","4"
"서울특별시 서초구 반포3동(1165058000)","8,201","1,327","1,783","2,220","2,311","429","98","26","4","2","1"
"서울특별시 서초구 반포4동(1165058100)","7,025","1,803","1,562","1,750","1,437","349","92","16","7","7","2"
"서울특별시 서초구 방배본동(1165059000)","7,928","2,384","1,642","1,645","1,695","401","121","28","5","6","1"
"서울특별시 서초구 방배1동(1165060000)","7,477","3,008","1,775","1,294","1,072","232","67","15","10","3","1"
"서울특별시 서초구 방배2동(1165061000)","7,856","2,857","2,000","1,451","1,176","265","76","24","5","1","1"
"서울특별시 서초구 방배3동(1165062000)","5,908","1,313","1,467","1,465","1,257","271","101","27","4","1","2"
"서울특별시 서초구 방배4동(1165062100)","9,574","3,421","2,082","1,790","1,748","404","101","19","5","4","0"
"서울특별시 서초구 양재1동(1165065100)","17,812","6,296","4,264","3,362","2,765","836","214","55","13","5","2"
"서울특별시 서초구 양재2동(1165065200)","10,999","5,684","2,304","1,507","1,150","275","57","16","4","0","2"
"서울특별시 서초구 내곡동(1165066000)","7,153","2,205","1,959","1,487","1,111","284","70","25","7","1","4"
"서울특별시 강남구 (1168000000)","239,775","96,423","48,415","43,569","40,089","8,546","2,016","475","168","47","27"
"서울특별시 강남구 신사동(1168051000)","6,723","2,572","1,508","1,235","1,046","255","76","18","10","2","1"
"서울특별시 강남구 논현1동(1168052100)","13,567","9,351","2,273","1,030","646","181","58","17","7","2","2"
"서울특별시 강남구 논현2동(1168053100)","11,233","6,434","2,109","1,425","975","195","72","14","6","3","0"
"서울특별시 강남구 압구정동(1168054500)","10,001","2,686","2,491","2,260","1,940","441","143","20","13","5","2"
"서울특별시 강남구 청담동(1168056500)","10,830","4,324","2,247","2,035","1,648","412","116","32","13","1","2"
"서울특별시 강남구 삼성1동(1168058000)","5,238","1,983","1,172","951","828","208","67","20","7","1","1"
"서울특별시 강남구 삼성2동(1168059000)","13,833","6,047","2,513","2,389","2,275","466","100","26","15","1","1"
"서울특별시 강남구 대치1동(1168060000)","7,226","567","1,087","2,059","2,805","558","110","26","7","7","0"
"서울특별시 강남구 대치2동(1168061000)","13,302","2,520","2,572","3,450","3,849","724","133","38","10","3","3"
"서울특별시 강남구 대치4동(1168063000)","9,748","5,397","1,662","1,259","1,114","237","64","7","6","2","0"
"서울특별시 강남구 역삼1동(1168064000)","23,580","17,495","3,342","1,498","912","238","65","18","6","4","2"
"서울특별시 강남구 역삼2동(1168065000)","15,647","6,539","2,293","3,024","3,096","520","121","39","10","3","2"
"서울특별시 강남구 도곡1동(1168065500)","8,226","2,627","1,641","1,776","1,734","335","87","16","7","2","1"
"서울특별시 강남구 도곡2동(1168065600)","11,470","2,106","2,473","3,027","3,057","621","137","37","9","1","2"
"서울특별시 강남구 개포1동(1168066000)","4,369","937","1,033","1,102","1,011","217","47","16","2","3","1"
"서울특별시 강남구 개포2동(1168067000)","14,816","2,577","3,620","3,834","3,815","769","156","37","7","1","0"
"서울특별시 강남구 개포3동(1168067500)","7,379","2,547","1,911","1,525","1,154","196","33","10","3","0","0"
"서울특별시 강남구 개포4동(1168069000)","10,049","3,690","2,261","2,029","1,625","338","79","16","7","2","2"
"서울특별시 강남구 세곡동(1168070000)","19,386","7,035","4,469","3,528","3,148","932","218","40","12","2","2"
"서울특별시 강남구 일원본동(1168072000)","7,995","1,500","1,710","2,075","2,237","390","61","15","4","2","1"
"서울특별시 강남구 일원1동(1168073000)","7,438","3,603","1,794","1,120","665","201","45","8","2","0","0"
"서울특별시 강남구 수서동(1168075000)","7,719","3,886","2,234","938","509","112","28","5","5","0","2"
"서울특별시 송파구 (1171000000)","285,927","107,873","64,129","54,643","46,427","9,944","2,156","529","146","53","27"
"서울특별시 송파구 풍납1동(1171051000)","5,594","2,318","1,436","994","671","131","31","13","0","0","0"
"서울특별시 송파구 풍납2동(1171052000)","10,610","4,134","2,451","1,985","1,628","311","69","24","5","2","1"
"서울특별시 송파구 거여1동(1171053100)","5,573","2,235","1,442","961","712","178","32","9","4","0","0"
"서울특별시 송파구 거여2동(1171053200)","10,082","3,342","2,697","2,023","1,569","362","68","15","3","1","2"
"서울특별시 송파구 마천1동(1171054000)","8,568","3,618","2,207","1,441","976","255","55","13","1","1","1"
"서울특별시 송파구 마천2동(1171055000)","8,517","3,655","2,278","1,378","923","199","62","17","2","1","2"
"서울특별시 송파구 방이1동(1171056100)","6,108","1,908","1,368","1,299","1,204","244","58","21","3","2","1"
"서울특별시 송파구 방이2동(1171056200)","15,769","9,979","2,845","1,637","994","234","59","12","5","4","0"
"서울특별시 송파구 오륜동(1171056600)","5,896","692","1,354","1,613","1,800","322","76","26","9","3","1"
"서울특별시 송파구 오금동(1171057000)","15,612","4,889","3,982","3,414","2,567","576","138","34","6","4","2"
"서울특별시 송파구 송파1동(1171058000)","12,491","6,672","2,725","1,636","1,087","280","66","14","7","2","2"
"서울특별시 송파구 송파2동(1171059000)","7,126","1,813","1,650","1,733","1,518","330","65","12","5","0","0"
"서울특별시 송파구 석촌동(1171060000)","17,057","9,540","3,633","2,115","1,367","300","76","19","5","2","0"
"서울특별시 송파구 삼전동(1171061000)","16,130","9,058","3,396","1,984","1,312","291","66","15","3","5","0"
"서울특별시 송파구 가락본동(1171062000)","11,576","4,777","2,643","2,112","1,572","377","66","20","5","1","3"
"서울특별시 송파구 가락1동(1171063100)","9,801","1,624","2,431","2,747","2,425","449","96","19","6","2","2"
"서울특별시 송파구 가락2동(1171063200)","12,378","3,585","2,732","2,855","2,617","454","99","28","4","3","1"
"서울특별시 송파구 문정1동(1171064100)","8,512","3,137","1,991","1,661","1,341","281","72","20","6","1","2"
"서울특별시 송파구 문정2동(1171064200)","15,851","9,144","2,948","1,845","1,507","304","70","21","9","3","0"
"서울특별시 송파구 장지동(1171064600)","12,074","3,801","3,206","2,669","1,860","422","97","9","6","2","2"
"서울특별시 송파구 위례동(1171064700)","14,717","2,159","2,820","3,717","4,495","1,248","219","47","10","2","0"
"서울특별시 송파구 잠실본동(1171065000)","16,089","9,762","2,995","1,807","1,181","255","60","18","7","4","0"
"서울특별시 송파구 잠실2동(1171067000)","11,541","1,628","2,090","3,220","3,773","684","113","23","8","1","1"
"서울특별시 송파구 잠실3동(1171068000)","11,817","1,838","2,860","3,221","3,132","595","125","34","9","2","1"
"서울특별시 송파구 잠실4동(1171069000)","7,241","1,057","1,543","2,137","2,022","369","85","17","7","3","1"
"서울특별시 송파구 잠실6동(1171071000)","5,832","974","1,446","1,600","1,385","313","82","19","9","2","2"
"서울특별시 송파구 잠실7동(1171072000)","3,365","534","960","839","789","180","51","10","2","0","0"
"서울특별시 강동구 (1174000000)","203,734","77,282","48,087","38,685","31,446","6,484","1,298","314","87","28","23"
"서울특별시 강동구 강일동(1174051500)","13,496","3,603","3,622","2,883","2,507","743","115","18","2","2","1"
"서울특별시 강동구 상일제1동(1174052500)","13,610","2,147","3,022","3,727","3,876","690","104","29","6","4","5"
"서울특별시 강동구 상일제2동(1174052600)","4,807","1,637","1,053","896","877","280","54","8","1","1","0"
"서울특별시 강동구 명일제1동(1174053000)","10,028","2,636","2,558","2,387","2,002","357","61","18","5","2","2"
"서울특별시 강동구 명일제2동(1174054000)","6,426","1,705","1,321","1,428","1,567","327","55","16","5","1","1"
"서울특별시 강동구 고덕제1동(1174055000)","8,184","1,395","1,582","2,148","2,531","430","71","17","8","1","1"
"서울특별시 강동구 고덕제2동(1174056000)","8,976","2,376","2,196","2,158","1,862","310","56","12","2","2","2"
"서울특별시 강동구 암사제1동(1174057000)","16,043","6,762","3,973","2,828","1,999","375","82","19","4","1","0"
"서울특별시 강동구 암사제2동(1174058000)","6,403","2,139","1,641","1,361","1,012","197","39","10","3","1","0"
"서울특별시 강동구 암사제3동(1174059000)","6,093","1,092","1,475","1,593","1,501","323","76","24","4","2","3"
"서울특별시 강동구 천호제1동(1174060000)","12,950","5,929","3,247","2,096","1,289","308","65","9","2","3","2"
"서울특별시 강동구 천호제2동(1174061000)","17,483","9,072","4,040","2,433","1,516","311","79","18","10","4","0"
"서울특별시 강동구 천호제3동(1174062000)","14,433","8,028","3,107","1,825","1,143","249","59","14","5","2","1"
"서울특별시 강동구 성내제1동(1174064000)","8,211","2,692","2,040","1,771","1,345","275","67","19","2","0","0"
"서울특별시 강동구 성내제2동(1174065000)","13,434","7,701","2,921","1,661","884","193","51","16","4","2","1"
"서울특별시 강동구 성내제3동(1174066000)","10,648","4,565","2,559","1,808","1,361","275","57","15","8","0","0"
"서울특별시 강동구 길동(1174068500)","22,019","10,245","5,060","3,548","2,438","535","135","42","13","0","3"
"서울특별시 강동구 둔촌제1동(1174069000)","33","22","6","2","3","0","0","0","0","0","0"
"서울특별시 강동구 둔촌제2동(1174070000)","10,457","3,536","2,664","2,132","1,733","306","72","10","3","0","1"
"부산광역시  (2600000000)","1,564,588","650,239","407,820","266,830","187,978","41,343","7,845","1,768","463","156","146"
"부산광역시 중구 (2611000000)","23,747","14,674","5,278","2,291","1,136","281","64","15","4","1","3"
"부산광역시 중구 중앙동(2611051000)","2,420","1,963","323","80","44","9","0","1","0","0","0"
"부산광역시 중구 동광동(2611052000)","1,608","1,046","367","123","52","14","4","1","0","0","1"
"부산광역시 중구 대청동(2611053000)","3,416","1,986","816","363","186","53","7","2","1","1","1"
"부산광역시 중구 보수동(2611054500)","6,136","3,655","1,365","689","325","74","23","4","1","0","0"
"부산광역시 중구 부평동(2611056000)","2,659","1,679","592","245","107","30","5","0","1","0","0"
"부산광역시 중구 광복동(2611057000)","551","331","130","51","23","10","5","1","0","0","0"
"부산광역시 중구 남포동(2611058000)","562","401","109","27","21","1","3","0","0","0","0"
"부산광역시 중구 영주제1동(2611059000)","2,874","1,932","550","237","121","26","6","1","1","0","0"
"부산광역시 중구 영주제2동(2611060000)","3,521","1,681","1,026","476","257","64","11","5","0","0","1"
"부산광역시 서구 (2614000000)","53,630","26,085","13,426","7,820","4,779","1,190","242","59","12","7","10"
"부산광역시 서구 동대신제1동(2614051000)","2,693","1,228","708","442","251","51","13","0","0","0","0"
"부산광역시 서구 동대신제2동(2614052000)","3,445","1,600","955","491","292","71","25","9","1","0","1"
"부산광역시 서구 동대신제3동(2614053000)","3,875","1,962","917","542","348","86","16","4","0","0","0"
"부산광역시 서구 서대신제1동(2614054000)","6,814","2,613","1,736","1,315","926","184","32","7","1","0","0"
"부산광역시 서구 서대신제3동(2614056000)","3,172","1,030","840","644","487","136","25","6","1","2","1"
"부산광역시 서구 서대신제4동(2614057000)","3,009","939","803","610","504","115","30","5","1","1","1"
"부산광역시 서구 부민동(2614059000)","4,127","2,386","812","492","325","103","7","1","1","0","0"
"부산광역시 서구 아미동(2614061500)","4,011","2,604","874","344","144","34","5","2","1","0","3"
"부산광역시 서구 초장동(2614063000)","2,424","1,509","537","236","106","30","4","2","0","0","0"
"부산광역시 서구 충무동(2614064000)","5,558","3,213","1,235","681","310","88","21","7","1","2","0"
"부산광역시 서구 남부민제1동(2614065000)","2,591","1,412","678","314","145","27","8","5","2","0","0"
"부산광역시 서구 남부민제2동(2614066000)","4,512","2,295","1,321","552","264","64","14","2","0","0","0"
"부산광역시 서구 암남동(2614068000)","7,399","3,294","2,010","1,157","677","201","42","9","3","2","4"
"부산광역시 동구 (2617000000)","47,428","24,207","12,143","6,408","3,598","852","162","44","8","2","4"
"부산광역시 동구 초량제1동(2617051000)","2,994","1,889","637","282","133","36","13","3","1","0","0"
"부산광역시 동구 초량제2동(2617052000)","3,221","1,941","770","298","153","47","7","5","0","0","0"
"부산광역시 동구 초량제3동(2617053000)","6,263","3,038","1,320","1,013","718","147","19","6","0","0","2"
"부산광역시 동구 초량제6동(2617055000)","3,001","1,559","818","364","202","46","11","1","0","0","0"
"부산광역시 동구 수정제1동(2617056000)","2,009","929","539","292","188","52","8","0","1","0","0"
"부산광역시 동구 수정제2동(2617057000)","4,872","2,343","1,384","682","363","81","12","7","0","0","0"
"부산광역시 동구 수정제4동(2617059000)","2,109","1,197","565","211","107","19","6","2","1","1","0"
"부산광역시 동구 수정제5동(2617060000)","2,622","1,305","751","326","183","43","10","2","2","0","0"
"부산광역시 동구 좌천동(2617064500)","5,780","2,584","1,647","918","488","115","23","4","1","0","0"
"부산광역시 동구 범일제1동(2617065000)","6,138","3,219","1,690","761","332","96","28","8","2","0","2"
"부산광역시 동구 범일제2동(2617066000)","4,376","2,587","936","477","283","76","14","2","0","1","0"
"부산광역시 동구 범일제5동(2617068000)","4,043","1,616","1,086","784","448","94","11","4","0","0","0"
"부산광역시 영도구 (2620000000)","54,293","24,659","15,363","7,979","4,782","1,167","269","50","16","3","5"
"부산광역시 영도구 남항동(2620053000)","5,636","2,867","1,513","750","391","85","22","6","1","1","0"
"부산광역시 영도구 영선제1동(2620054000)","1,835","770","557","292","161","42","6","5","1","1","0"
"부산광역시 영도구 영선제2동(2620055000)","3,589","1,391","1,143","562","364","88","32","6","2","0","1"
"부산광역시 영도구 신선동(2620058500)","4,248","2,305","1,181","448","242","49","20","2","1","0","0"
"부산광역시 영도구 봉래제1동(2620059000)","3,221","1,524","841","495","259","71","26","2","2","0","1"
"부산광역시 영도구 봉래제2동(2620060500)","3,525","1,391","1,063","573","380","98","16","4","0","0","0"
"부산광역시 영도구 청학제1동(2620063000)","2,796","1,271","783","398","270","62","9","2","1","0","0"
"부산광역시 영도구 청학제2동(2620064000)","7,830","3,003","2,298","1,390","873","207","45","9","2","1","2"
"부산광역시 영도구 동삼제1동(2620065000)","13,594","5,685","3,905","2,185","1,402","333","71","7","5","0","1"
"부산광역시 영도구 동삼제2동(2620066000)","2,513","1,180","648","365","236","69","12","2","1","0","0"
"부산광역시 영도구 동삼제3동(2620067000)","5,506","3,272","1,431","521","204","63","10","5","0","0","0"
"부산광역시 부산진구 (2623000000)","181,914","85,125","45,761","27,646","18,381","3,961","814","169","36","15","6"
"부산광역시 부산진구 부전제1동(2623051000)","10,612","7,545","1,715","808","439","86","9","8","1","1","0"
"부산광역시 부산진구 부전제2동(2623052000)","7,286","4,748","1,228","740","434","103","22","9","2","0","0"
"부산광역시 부산진구 연지동(2623054000)","10,757","3,102","3,091","2,304","1,794","377","70","17","2","0","0"
"부산광역시 부산진구 초읍동(2623055000)","9,780","3,841","2,876","1,677","1,044","272","57","4","6","1","2"
"부산광역시 부산진구 양정제1동(2623056000)","9,266","3,922","2,507","1,566","996","226","38","8","1","2","0"
"부산광역시 부산진구 양정제2동(2623057000)","8,753","5,539","1,644","874","525","131","35","4","0","1","0"
"부산광역시 부산진구 전포제1동(2623060000)","11,968","7,078","2,391","1,338","915","207","34","4","1","0","0"
"부산광역시 부산진구 전포제2동(2623061000)","12,931","6,968","3,073","1,668","947","214","51","8","2","0","0"
"부산광역시 부산진구 부암제1동(2623064000)","10,545","3,794","2,897","2,028","1,453","282","71","18","2","0","0"
"부산광역시 부산진구 부암제3동(2623066000)","6,770","1,885","1,971","1,396","1,159","286","59","8","6","0","0"
"부산광역시 부산진구 당감제1동(2623067000)","10,042","3,800","2,994","1,750","1,176","252","56","11","1","1","1"
"부산광역시 부산진구 당감제2동(2623068000)","5,173","1,863","1,516","975","652","136","25","5","1","0","0"
"부산광역시 부산진구 당감제4동(2623070000)","4,974","1,897","1,439","893","600","116","21","6","0","1","1"
"부산광역시 부산진구 가야제1동(2623071000)","9,263","4,943","2,268","1,162","689","152","39","5","1","3","1"
"부산광역시 부산진구 가야제2동(2623072000)","8,095","2,773","2,286","1,598","1,129","236","54","14","4","1","0"
"부산광역시 부산진구 개금제1동(2623074000)","9,769","5,232","2,025","1,363","940","165","32","10","1","1","0"
"부산광역시 부산진구 개금제2동(2623075000)","4,853","1,977","1,363","813","531","133","26","7","1","2","0"
"부산광역시 부산진구 개금제3동(2623076000)","12,219","4,327","3,555","2,296","1,644","312","64","16","4","0","1"
"부산광역시 부산진구 범천제1동(2623077000)","7,559","4,682","1,697","702","371","88","16","2","0","1","0"
"부산광역시 부산진구 범천제2동(2623078000)","11,299","5,209","3,225","1,695","943","187","35","5","0","0","0"
"부산광역시 동래구 (2626000000)","119,706","42,932","31,071","23,073","18,045","3,710","654","147","41","13","20"
"부산광역시 동래구 수민동(2626051000)","13,351","4,363","3,679","2,676","2,113","432","66","12","8","0","2"
"부산광역시 동래구 복산동(2626052000)","4,365","1,989","1,227","623","409","77","32","6","0","1","1"
"부산광역시 동래구 명륜동(2626054500)","10,160","2,588","2,387","2,318","2,322","454","68","17","5","1","0"
"부산광역시 동래구 온천제1동(2626055000)","13,334","7,174","2,927","1,864","1,094","209","51","8","4","2","1"
"부산광역시 동래구 온천제2동(2626056000)","9,740","2,783","2,485","2,098","1,866","399","80","19","3","2","5"
"부산광역시 동래구 온천제3동(2626057000)","17,262","7,010","4,468","3,103","2,122","445","83","21","5","2","3"
"부산광역시 동래구 사직제1동(2626058000)","4,719","1,955","1,150","819","630","130","24","6","3","0","2"
"부산광역시 동래구 사직제2동(2626059000)","8,821","1,464","2,084","2,320","2,356","498","74","18","5","0","2"
"부산광역시 동래구 사직제3동(2626060000)","7,610","2,875","1,827","1,409","1,254","201","31","11","1","1","0"
"부산광역시 동래구 안락제1동(2626074000)","6,759","2,926","1,853","1,124","668","148","26","7","3","1","3"
"부산광역시 동래구 안락제2동(2626075000)","10,923","3,211","3,229","2,285","1,754","372","55","12","3","1","1"
"부산광역시 동래구 명장제1동(2626076100)","6,182","2,281","1,756","1,164","754","176","43","5","1","2","0"
"부산광역시 동래구 명장제2동(2626076200)","6,480","2,313","1,999","1,270","703","169","21","5","0","0","0"
"부산광역시 남구 (2629000000)","118,427","47,609","30,776","20,651","15,195","3,336","628","159","47","11","15"
"부산광역시 남구 대연제1동(2629051000)","9,255","5,786","1,835","922","523","140","39","6","3","1","0"
"부산광역시 남구 대연제3동(2629053000)","16,531","8,373","3,120","2,470","2,083","391","71","16","3","1","3"
"부산광역시 남구 대연제4동(2629054000)","6,141","2,230","1,769","1,125","798","185","25","7","2","0","0"
"부산광역시 남구 대연제5동(2629055000)","8,477","4,192","1,901","1,219","912","200","40","9","3","0","1"
"부산광역시 남구 대연제6동(2629056000)","5,838","1,589","1,453","1,312","1,175","254","44","8","2","1","0"
"부산광역시 남구 용호제1동(2629057000)","17,146","4,500","4,719","3,885","3,166","691","136","30","7","5","7"
"부산광역시 남구 용호제2동(2629058000)","8,149","2,304","2,491","1,708","1,252","287","78","17","9","2","1"
"부산광역시 남구 용호제3동(2629059000)","5,539","2,299","1,675","845","557","131","24","5","3","0","0"
"부산광역시 남구 용호제4동(2629060000)","3,677","1,389","1,120","659","422","69","12","4","2","0","0"
"부산광역시 남구 용당동(2629061000)","3,485","1,232","959","679","466","114","28","6","0","0","1"
"부산광역시 남구 감만제1동(2629062000)","4,016","1,447","1,230","749","457","110","13","7","2","0","1"
"부산광역시 남구 감만제2동(2629063000)","3,330","1,482","961","516","290","66","10","4","1","0","0"
"부산광역시 남구 우암동(2629064500)","5,730","2,098","1,815","968","656","161","23","6","2","0","1"
"부산광역시 남구 문현제1동(2629068000)","4,835","1,605","1,448","900","686","151","27","14","3","1","0"
"부산광역시 남구 문현제2동(2629069000)","4,881","3,047","1,023","495","255","50","9","2","0","0","0"
"부산광역시 남구 문현제3동(2629070000)","7,053","2,258","1,960","1,487","1,056","240","36","12","4","0","0"
"부산광역시 남구 문현제4동(2629071000)","4,344","1,778","1,297","712","441","96","13","6","1","0","0"
"부산광역시 북구 (2632000000)","123,082","43,789","34,514","23,781","16,665","3,518","636","131","34","9","5"
"부산광역시 북구 구포제1동(2632051000)","8,070","3,803","2,191","1,217","663","154","34","5","3","0","0"
"부산광역시 북구 구포제2동(2632052000)","11,522","4,755","3,209","2,043","1,202","249","50","10","1","2","1"
"부산광역시 북구 구포제3동(2632052100)","9,004","3,842","2,484","1,561","847","213","49","5","2","1","0"
"부산광역시 북구 금곡동(2632053000)","17,763","7,812","4,782","2,828","1,896","375","60","9","1","0","0"
"부산광역시 북구 화명제1동(2632054100)","14,326","2,135","3,964","3,929","3,424","716","125","25","6","1","1"
"부산광역시 북구 화명제2동(2632054200)","7,305","2,169","2,128","1,580","1,143","231","39","10","1","2","2"
"부산광역시 북구 화명제3동(2632054300)","10,726","2,341","2,753","2,578","2,448","493","86","18","8","0","1"
"부산광역시 북구 덕천제1동(2632055000)","6,836","3,547","1,803","887","483","97","14","5","0","0","0"
"부산광역시 북구 덕천제2동(2632056000)","6,518","3,656","1,645","733","368","80","27","8","1","0","0"
"부산광역시 북구 덕천제3동(2632056100)","5,486","2,807","1,422","743","399","90","16","7","1","1","0"
"부산광역시 북구 만덕제1동(2632057100)","7,104","2,086","2,254","1,582","962","175","36","7","2","0","0"
"부산광역시 북구 만덕제2동(2632057200)","11,102","3,033","3,455","2,402","1,744","399","52","12","5","0","0"
"부산광역시 북구 만덕제3동(2632057300)","7,320","1,803","2,424","1,698","1,086","246","48","10","3","2","0"
"부산광역시 해운대구 (2635000000)","169,532","60,896","45,224","32,897","24,136","5,023","1,002","246","68","26","14"
"부산광역시 해운대구 우제1동(2635051000)","10,808","4,714","2,787","1,835","1,128","264","56","16","4","1","3"
"부산광역시 해운대구 우제2동(2635052000)","11,887","2,922","3,283","2,951","2,168","446","84","23","5","3","2"
"부산광역시 해운대구 우제3동(2635052500)","10,873","2,488","3,105","2,626","2,068","436","97","34","11","6","2"
"부산광역시 해운대구 중제1동(2635053000)","12,228","4,612","3,025","2,406","1,723","353","89","16","4","0","0"
"부산광역시 해운대구 중제2동(2635054000)","7,272","3,038","1,890","1,262","842","192","33","10","4","0","1"
"부산광역시 해운대구 좌제1동(2635055100)","7,726","2,957","1,742","1,508","1,239","221","47","10","1","1","0"
"부산광역시 해운대구 좌제2동(2635055200)","14,110","5,522","3,564","2,672","1,846","394","79","25","6","2","0"
"부산광역시 해운대구 좌제3동(2635055300)","6,373","1,800","1,875","1,402","996","227","49","17","5","1","1"
"부산광역시 해운대구 좌제4동(2635055400)","8,522","1,954","2,256","2,079","1,774","378","54","20","6","1","0"
"부산광역시 해운대구 송정동(2635056000)","4,923","2,235","1,601","629","328","94","21","12","1","1","1"
"부산광역시 해운대구 반여제1동(2635057000)","13,415","3,182","3,684","3,151","2,714","554","103","20","4","3","0"
"부산광역시 해운대구 반여제2동(2635058000)","6,578","3,473","1,732","833","435","77","26","1","1","0","0"
"부산광역시 해운대구 반여제3동(2635059000)","4,433","2,309","1,242","553","263","51","13","1","0","1","0"
"부산광역시 해운대구 반여제4동(2635059500)","5,700","1,090","1,790","1,444","1,103","218","47","6","1","0","1"
"부산광역시 해운대구 반송제1동(2635061000)","7,564","4,376","1,919","787","371","85","23","3","0","0","0"
"부산광역시 해운대구 반송제2동(2635062000)","11,545","5,704","3,167","1,559","834","230","41","6","2","0","2"
"부산광역시 해운대구 재송제1동(2635065000)","14,585","4,107","3,397","3,274","3,125","550","98","18","11","5","0"
"부산광역시 해운대구 재송제2동(2635066000)","10,990","4,413","3,165","1,926","1,179","253","42","8","2","1","1"
"부산광역시 사하구 (2638000000)","140,764","56,770","38,069","24,628","16,816","3,608","664","138","41","17","13"
"부산광역시 사하구 괴정제1동(2638051000)","8,505","3,217","2,555","1,527","936","210","44","8","3","2","3"
"부산광역시 사하구 괴정제2동(2638052000)","6,932","2,484","2,051","1,279","893","179","36","6","0","3","1"
"부산광역시 사하구 괴정제3동(2638053000)","6,286","3,165","1,682","842","476","93","18","7","2","0","1"
"부산광역시 사하구 괴정제4동(2638054000)","6,608","2,185","1,837","1,334","996","211","37","7","1","0","0"
"부산광역시 사하구 당리동(2638055000)","10,933","3,739","3,285","2,106","1,404","311","64","15","7","0","2"
"부산광역시 사하구 하단제1동(2638056100)","10,955","5,324","2,606","1,606","1,114","241","45","14","2","2","1"
"부산광역시 사하구 하단제2동(2638056200)","13,513","7,228","2,878","1,857","1,240","245","52","10","2","1","0"
"부산광역시 사하구 신평제1동(2638057100)","7,944","3,623","2,067","1,261","781","175","30","5","2","0","0"
"부산광역시 사하구 신평제2동(2638057200)","7,546","2,415","2,200","1,573","1,086","222","37","11","1","1","0"
"부산광역시 사하구 장림제1동(2638058000)","4,810","1,988","1,245","826","590","135","24","1","0","1","0"
"부산광역시 사하구 장림제2동(2638059000)","11,717","4,180","3,284","2,291","1,557","340","54","5","3","1","2"
"부산광역시 사하구 다대제1동(2638060100)","16,754","6,434","4,381","2,997","2,327","513","78","18","5","1","0"
"부산광역시 사하구 다대제2동(2638060200)","12,016","4,753","3,221","2,118","1,500","326","68","16","8","5","1"
"부산광역시 사하구 구평동(2638061000)","5,092","1,317","1,488","1,246","849","153","33","5","1","0","0"
"부산광역시 사하구 감천제1동(2638062000)","7,976","2,911","2,453","1,448","903","216","31","8","4","0","2"
"부산광역시 사하구 감천제2동(2638063000)","3,177","1,807","836","317","164","38","13","2","0","0","0"
"부산광역시 금정구 (2641000000)","105,906","47,015","27,392","16,983","11,230","2,579","513","128","39","9","18"
"부산광역시 금정구 서제1동(2641051000)","2,874","1,759","690","260","124","29","8","3","1","0","0"
"부산광역시 금정구 서제2동(2641052000)","4,711","2,456","1,244","598","313","84","11","3","2","0","0"
"부산광역시 금정구 서제3동(2641053000)","5,682","2,816","1,638","772","346","87","14","7","1","0","1"
"부산광역시 금정구 금사회동동(2641055500)","4,058","2,066","1,171","503","237","70","10","0","1","0","0"
"부산광역시 금정구 부곡제1동(2641057000)","4,290","2,228","1,190","542","242","70","15","3","0","0","0"
"부산광역시 금정구 부곡제2동(2641058000)","7,843","2,976","2,124","1,448","990","244","41","15","3","1","1"
"부산광역시 금정구 부곡제3동(2641059000)","6,804","2,565","1,762","1,327","881","213","42","10","3","0","1"
"부산광역시 금정구 부곡제4동(2641059100)","5,968","2,496","1,792","1,000","547","114","16","3","0","0","0"
"부산광역시 금정구 장전제1동(2641060000)","11,275","7,718","1,635","1,003","744","142","28","3","2","0","0"
"부산광역시 금정구 장전제2동(2641061000)","11,489","4,542","2,738","2,064","1,715","329","74","15","4","0","8"
"부산광역시 금정구 선두구동(2641063500)","1,182","627","314","146","63","22","9","0","1","0","0"
"부산광역시 금정구 청룡노포동(2641066500)","4,441","1,695","1,404","738","429","125","31","7","5","3","4"
"부산광역시 금정구 남산동(2641067000)","13,722","6,529","3,560","2,033","1,212","283","75","23","5","2","0"
"부산광역시 금정구 구서제1동(2641068000)","7,943","2,430","2,210","1,686","1,257","283","56","15","4","1","1"
"부산광역시 금정구 구서제2동(2641069000)","13,173","3,911","3,803","2,798","2,082","470","80","20","6","2","1"
"부산광역시 금정구 금성동(2641070000)","451","201","117","65","48","14","3","1","1","0","1"
"부산광역시 강서구 (2644000000)","62,238","23,747","13,727","11,507","10,371","2,381","388","88","19","6","4"
"부산광역시 강서구 대저1동(2644051000)","3,505","2,078","853","323","168","60","16","3","2","0","2"
"부산광역시 강서구 대저2동(2644052000)","3,547","1,869","845","408","309","82","25","7","2","0","0"
"부산광역시 강서구 강동동(2644053000)","2,402","1,416","651","209","94","21","8","2","1","0","0"
"부산광역시 강서구 명지1동(2644053500)","21,452","6,172","4,536","5,052","4,658","889","122","18","4","1","0"
"부산광역시 강서구 명지2동(2644054500)","10,436","2,057","2,011","2,499","2,964","750","118","27","6","3","1"
"부산광역시 강서구 가락동(2644055000)","1,269","703","341","147","54","17","5","2","0","0","0"
"부산광역시 강서구 녹산동(2644056000)","16,957","7,878","3,740","2,647","2,038","537","85","26","4","2","0"
"부산광역시 강서구 가덕도동(2644058000)","2,670","1,574","750","222","86","25","9","3","0","0","1"
"부산광역시 연제구 (2647000000)","95,873","37,786","25,539","17,221","12,189","2,544","450","106","27","8","3"
"부산광역시 연제구 거제제1동(2647061000)","11,259","3,129","2,869","2,542","2,177","441","69","24","5","2","1"
"부산광역시 연제구 거제제2동(2647062000)","5,918","1,257","1,469","1,379","1,454","300","50","6","3","0","0"
"부산광역시 연제구 거제제3동(2647063000)","4,604","1,930","1,299","755","495","98","24","2","1","0","0"
"부산광역시 연제구 거제제4동(2647064000)","4,026","1,106","1,256","833","635","160","25","6","3","1","1"
"부산광역시 연제구 연산제1동(2647065000)","7,080","2,315","2,073","1,443","974","225","36","10","3","1","0"
"부산광역시 연제구 연산제2동(2647066000)","10,394","4,313","2,708","1,881","1,188","244","49","7","4","0","0"
"부산광역시 연제구 연산제3동(2647067000)","5,108","2,060","1,451","936","558","89","12","2","0","0","0"
"부산광역시 연제구 연산제4동(2647068000)","8,589","4,633","2,115","1,023","606","157","37","16","2","0","0"
"부산광역시 연제구 연산제5동(2647069000)","10,612","6,871","2,139","1,010","479","87","19","4","2","1","0"
"부산광역시 연제구 연산제6동(2647070000)","7,924","3,547","2,223","1,227","735","152","28","11","1","0","0"
"부산광역시 연제구 연산제8동(2647072000)","6,066","2,248","1,588","1,171","847","182","25","4","0","1","0"
"부산광역시 연제구 연산제9동(2647073000)","14,293","4,377","4,349","3,021","2,041","409","76","14","3","2","1"
"부산광역시 수영구 (2650000000)","88,299","41,182","22,714","13,468","8,330","2,021","447","96","19","13","9"
"부산광역시 수영구 남천제1동(2650066000)","7,356","2,847","1,965","1,273","937","255","56","14","4","3","2"
"부산광역시 수영구 남천제2동(2650067000)","5,583","1,558","1,683","1,197","865","212","45","17","3","3","0"
"부산광역시 수영구 수영동(2650073000)","7,839","4,124","2,081","1,015","446","134","30","4","4","1","0"
"부산광역시 수영구 망미제1동(2650074000)","12,323","4,637","3,669","2,218","1,388","312","80","14","2","1","2"
"부산광역시 수영구 망미제2동(2650075000)","4,842","1,942","1,407","834","513","118","22","6","0","0","0"
"부산광역시 수영구 광안제1동(2650076000)","14,693","8,669","3,086","1,625","1,004","235","57","12","3","0","2"
"부산광역시 수영구 광안제2동(2650077000)","9,877","5,102","2,345","1,339","845","196","41","6","1","2","0"
"부산광역시 수영구 광안제3동(2650078000)","6,168","4,127","1,218","507","253","54","7","1","1","0","0"
"부산광역시 수영구 광안제4동(2650079000)","6,299","2,664","1,671","1,095","665","164","33","5","0","0","2"
"부산광역시 수영구 민락동(2650080000)","13,319","5,512","3,589","2,365","1,414","341","76","17","1","3","1"
"부산광역시 사상구 (2653000000)","100,003","43,726","26,639","16,198","10,587","2,322","412","83","25","7","4"
"부산광역시 사상구 삼락동(2653058000)","2,950","1,609","725","366","184","51","13","2","0","0","0"
"부산광역시 사상구 모라제1동(2653059100)","12,241","4,520","3,670","2,205","1,411","357","63","12","3","0","0"
"부산광역시 사상구 모라제3동(2653059300)","6,306","4,145","1,544","418","162","31","5","1","0","0","0"
"부산광역시 사상구 덕포제1동(2653060000)","5,552","2,334","1,463","959","638","128","27","2","0","0","1"
"부산광역시 사상구 덕포제2동(2653061000)","5,650","2,137","1,612","1,036","686","147","20","9","3","0","0"
"부산광역시 사상구 괘법동(2653062000)","14,573","8,812","3,116","1,575","827","193","37","9","4","0","0"
"부산광역시 사상구 감전동(2653064500)","6,903","3,639","1,891","854","414","85","15","4","0","0","1"
"부산광역시 사상구 주례제1동(2653065000)","7,140","2,211","2,050","1,540","1,109","183","40","2","2","2","1"
"부산광역시 사상구 주례제2동(2653066000)","11,326","5,691","2,595","1,649","1,089","242","44","12","4","0","0"
"부산광역시 사상구 주례제3동(2653066100)","5,598","2,042","1,604","1,059","687","157","34","10","2","2","1"
"부산광역시 사상구 학장동(2653067000)","11,991","4,134","3,600","2,292","1,555","337","56","10","5","2","0"
"부산광역시 사상구 엄궁동(2653068000)","9,773","2,452","2,769","2,245","1,825","411","58","10","2","1","0"
"부산광역시 기장군 (2671000000)","79,746","30,037","20,184","14,279","11,738","2,850","500","109","27","9","13"
"부산광역시 기장군 기장읍(2671025000)","26,016","11,648","6,996","4,038","2,539","619","137","26","5","4","4"
"부산광역시 기장군 장안읍(2671025300)","5,058","2,891","1,186","539","342","77","12","6","0","0","5"
"부산광역시 기장군 정관읍(2671025600)","32,020","9,593","7,388","6,528","6,577","1,606","252","57","14","3","2"
"부산광역시 기장군 일광읍(2671025900)","12,758","4,255","3,342","2,611","1,993","456","78","14","5","2","2"
"부산광역시 기장군 철마면(2671033000)","3,894","1,650","1,272","563","287","92","21","6","3","0","0"
"대구광역시  (2700000000)","1,094,148","432,375","279,501","195,246","148,992","31,204","5,346","1,071","246","74","93"
"대구광역시 중구 (2711000000)","44,871","21,752","10,129","6,850","4,825","1,045","229","26","6","7","2"
"대구광역시 중구 동인동(2711051700)","5,056","3,151","1,011","511","288","69","19","3","2","2","0"
"대구광역시 중구 삼덕동(2711054500)","4,160","2,809","662","357","245","72","10","3","0","2","0"
"대구광역시 중구 성내1동(2711056500)","3,555","2,766","447","200","109","28","3","2","0","0","0"
"대구광역시 중구 성내2동(2711057500)","3,522","2,229","616","381","235","42","16","2","1","0","0"
"대구광역시 중구 성내3동(2711058500)","4,119","1,591","1,001","822","573","115","15","2","0","0","0"
"대구광역시 중구 대신동(2711059500)","3,295","1,082","917","697","479","87","31","2","0","0","0"
"대구광역시 중구 남산1동(2711064000)","2,496","1,521","476","266","182","45","6","0","0","0","0"
"대구광역시 중구 남산2동(2711065000)","3,335","1,381","767","566","480","111","26","4","0","0","0"
"대구광역시 중구 남산3동(2711066000)","2,768","1,116","722","489","353","67","16","3","0","0","2"
"대구광역시 중구 남산4동(2711067000)","6,901","1,963","2,054","1,481","1,114","236","48","3","1","1","0"
"대구광역시 중구 대봉1동(2711068000)","3,556","1,396","888","635","485","118","28","2","2","2","0"
"대구광역시 중구 대봉2동(2711069000)","2,108","747","568","445","282","55","11","0","0","0","0"
"대구광역시 동구 (2714000000)","162,691","66,645","43,656","27,780","19,387","4,222","773","164","37","8","19"
"대구광역시 동구 신암1동(2714051000)","5,400","2,420","1,321","926","591","115","25","1","0","1","0"
"대구광역시 동구 신암2동(2714052000)","5,080","1,707","1,417","1,005","785","140","17","8","1","0","0"
"대구광역시 동구 신암3동(2714053000)","4,799","1,593","1,320","1,023","725","118","15","5","0","0","0"
"대구광역시 동구 신암4동(2714054000)","7,974","3,956","2,006","1,121","692","159","30","7","2","0","1"
"대구광역시 동구 신암5동(2714054100)","3,854","1,618","1,130","655","343","92","10","3","3","0","0"
"대구광역시 동구 신천1.2동(2714055500)","5,929","2,516","1,735","978","546","124","22","5","3","0","0"
"대구광역시 동구 신천3동(2714057000)","6,371","2,175","1,736","1,288","919","209","40","4","0","0","0"
"대구광역시 동구 신천4동(2714058000)","4,994","3,180","1,006","465","278","48","14","2","1","0","0"
"대구광역시 동구 효목1동(2714059000)","6,703","3,327","1,835","883","491","133","29","4","1","0","0"
"대구광역시 동구 효목2동(2714060000)","6,628","2,887","1,826","1,077","667","141","26","2","1","1","0"
"대구광역시 동구 도평동(2714061500)","2,037","1,042","535","253","146","53","7","1","0","0","0"
"대구광역시 동구 불로.봉무동(2714062000)","8,657","2,814","2,264","1,696","1,496","314","55","9","5","2","2"
"대구광역시 동구 지저동(2714064000)","6,700","2,823","1,989","1,088","625","136","31","6","2","0","0"
"대구광역시 동구 동촌동(2714065500)","7,672","3,666","2,033","1,108","668","156","22","13","3","0","3"
"대구광역시 동구 방촌동(2714067000)","8,229","2,912","2,585","1,515","947","213","45","11","1","0","0"
"대구광역시 동구 해안동(2714068500)","7,043","3,048","1,962","1,153","664","169","34","9","2","1","1"
"대구광역시 동구 안심1동(2714072000)","19,280","8,494","5,012","3,043","2,143","480","84","17","4","1","2"
"대구광역시 동구 안심2동(2714073000)","6,823","2,242","2,077","1,419","880","168","30","6","1","0","0"
"대구광역시 동구 안심3동(2714074200)","8,528","2,537","2,156","1,781","1,657","342","47","4","1","0","3"
"대구광역시 동구 안심4동(2714074700)","11,745","3,993","3,045","2,284","1,862","438","93","22","3","2","3"
"대구광역시 동구 혁신동(2714075500)","8,531","3,937","1,732","1,371","1,214","233","37","7","0","0","0"
"대구광역시 동구 공산동(2714076000)","9,714","3,758","2,934","1,648","1,048","241","60","18","3","0","4"
"대구광역시 서구 (2717000000)","83,949","38,681","22,793","12,797","7,582","1,697","325","61","8","3","2"
"대구광역시 서구 내당1동(2717051000)","4,921","2,147","1,349","817","499","83","24","2","0","0","0"
"대구광역시 서구 내당2.3동(2717052500)","4,724","2,337","1,330","623","335","81","16","0","1","1","0"
"대구광역시 서구 내당4동(2717054000)","7,783","3,532","2,165","1,184","704","149","41","7","1","0","0"
"대구광역시 서구 비산1동(2717055000)","4,648","2,275","1,267","653","338","91","19","4","0","1","0"
"대구광역시 서구 비산2.3동(2717056500)","4,826","2,620","1,279","574","266","69","13","4","0","1","0"
"대구광역시 서구 비산4동(2717058000)","4,563","2,007","1,289","728","438","87","12","2","0","0","0"
"대구광역시 서구 비산5동(2717059000)","3,152","1,755","762","425","158","48","3","0","1","0","0"
"대구광역시 서구 비산6동(2717060000)","3,631","1,704","1,025","534","282","71","11","3","1","0","0"
"대구광역시 서구 비산7동(2717061000)","5,169","2,917","1,234","621","313","71","12","1","0","0","0"
"대구광역시 서구 평리1동(2717062000)","3,807","1,900","1,029","524","287","49","14","4","0","0","0"
"대구광역시 서구 평리2동(2717063000)","3,450","1,361","983","583","388","113","18","3","1","0","0"
"대구광역시 서구 평리3동(2717064000)","6,076","2,715","1,678","969","564","128","16","5","1","0","0"
"대구광역시 서구 평리4동(2717065000)","8,126","3,648","2,109","1,228","875","217","42","7","0","0","0"
"대구광역시 서구 평리5동(2717066000)","2,685","883","777","580","380","57","6","2","0","0","0"
"대구광역시 서구 평리6동(2717066100)","2,740","1,166","808","460","245","52","6","2","0","0","1"
"대구광역시 서구 상중이동(2717067500)","8,542","3,341","2,327","1,480","1,072","249","57","13","2","0","1"
"대구광역시 서구 원대동(2717069500)","5,106","2,373","1,382","814","438","82","15","2","0","0","0"
"대구광역시 남구 (2720000000)","75,887","39,937","18,649","9,813","5,772","1,348","272","64","15","5","12"
"대구광역시 남구 이천동(2720051500)","6,027","2,401","1,660","1,042","753","130","33","5","2","0","1"
"대구광역시 남구 봉덕1동(2720053000)","4,971","2,909","1,156","541","274","74","12","4","1","0","0"
"대구광역시 남구 봉덕2동(2720054000)","5,678","1,924","1,643","1,139","753","154","51","12","1","0","1"
"대구광역시 남구 봉덕3동(2720055000)","8,020","3,989","2,038","1,086","681","170","39","8","4","1","4"
"대구광역시 남구 대명1동(2720056000)","5,509","2,820","1,398","720","443","103","19","3","2","1","0"
"대구광역시 남구 대명2동(2720057100)","7,178","4,373","1,478","749","429","132","16","0","0","1","0"
"대구광역시 남구 대명3동(2720058600)","6,024","3,662","1,339","614","325","69","12","1","2","0","0"
"대구광역시 남구 대명4동(2720059000)","5,664","3,049","1,422","723","367","82","11","8","0","0","2"
"대구광역시 남구 대명5동(2720060000)","3,327","2,025","698","359","188","41","12","2","0","1","1"
"대구광역시 남구 대명6동(2720061000)","5,979","3,027","1,490","841","484","112","22","3","0","0","0"
"대구광역시 남구 대명9동(2720064000)","8,055","4,581","1,838","908","543","146","22","13","0","1","3"
"대구광역시 남구 대명10동(2720065000)","4,917","2,736","1,241","565","284","75","14","1","1","0","0"
"대구광역시 남구 대명11동(2720066000)","4,538","2,441","1,248","526","248","60","9","4","2","0","0"
"대구광역시 북구 (2723000000)","191,349","74,836","47,588","34,717","27,415","5,674","887","169","36","17","10"
"대구광역시 북구 고성동(2723051000)","3,500","1,239","929","755","457","105","11","4","0","0","0"
"대구광역시 북구 칠성동(2723052600)","10,139","4,129","2,358","1,747","1,523","315","52","8","5","2","0"
"대구광역시 북구 침산1동(2723055000)","1,958","907","565","292","147","33","9","4","1","0","0"
"대구광역시 북구 침산2동(2723056000)","6,825","1,690","1,658","1,537","1,538","342","51","5","2","1","1"
"대구광역시 북구 침산3동(2723057000)","7,384","1,824","2,102","1,632","1,434","317","61","13","1","0","0"
"대구광역시 북구 산격1동(2723061000)","4,947","2,844","1,278","498","244","58","20","4","0","1","0"
"대구광역시 북구 산격2동(2723062000)","4,610","1,692","1,353","831","573","128","25","3","3","0","2"
"대구광역시 북구 산격3동(2723063000)","6,046","4,381","970","424","215","42","11","3","0","0","0"
"대구광역시 북구 산격4동(2723063100)","4,332","2,297","1,133","498","304","86","12","2","0","0","0"
"대구광역시 북구 대현동(2723064500)","8,716","4,518","1,998","1,196","775","181","38","8","2","0","0"
"대구광역시 북구 복현1동(2723067100)","4,938","3,659","708","347","174","37","12","0","1","0","0"
"대구광역시 북구 복현2동(2723067200)","12,505","4,012","3,162","2,631","2,173","442","68","15","0","0","2"
"대구광역시 북구 검단동(2723068000)","3,097","1,384","968","446","235","46","13","4","0","1","0"
"대구광역시 북구 무태조야동(2723069500)","14,913","5,101","3,797","2,974","2,420","524","74","21","1","1","0"
"대구광역시 북구 관문동(2723071500)","14,281","4,489","3,690","2,954","2,530","532","69","10","1","3","3"
"대구광역시 북구 태전1동(2723072500)","11,026","5,100","2,696","1,748","1,159","262","50","6","2","1","2"
"대구광역시 북구 태전2동(2723073500)","10,706","3,955","3,068","1,997","1,361","274","40","7","1","3","0"
"대구광역시 북구 구암동(2723074500)","13,256","3,718","3,361","2,974","2,611","513","60","12","7","0","0"
"대구광역시 북구 관음동(2723075000)","7,234","2,953","1,959","1,244","848","196","28","6","0","0","0"
"대구광역시 북구 읍내동(2723077000)","11,419","4,343","2,916","2,141","1,585","356","68","10","0","0","0"
"대구광역시 북구 동천동(2723078000)","10,489","2,920","2,442","2,398","2,308","361","44","12","3","1","0"
"대구광역시 북구 노원동(2723079000)","5,421","2,493","1,476","869","470","94","17","1","0","1","0"
"대구광역시 북구 국우동(2723080000)","13,607","5,188","3,001","2,584","2,331","430","54","11","6","2","0"
"대구광역시 수성구 (2726000000)","171,939","56,233","43,252","34,939","29,895","6,236","1,060","229","59","14","22"
"대구광역시 수성구 범어1동(2726051000)","6,216","1,692","1,409","1,363","1,417","271","48","13","3","0","0"
"대구광역시 수성구 범어2동(2726052000)","6,770","2,845","1,508","1,140","1,026","216","25","6","1","2","1"
"대구광역시 수성구 범어3동(2726053000)","6,656","1,671","1,394","1,664","1,604","261","46","12","2","1","1"
"대구광역시 수성구 범어4동(2726054000)","6,618","1,131","1,247","1,629","2,109","423","59","16","3","0","1"
"대구광역시 수성구 만촌1동(2726055000)","8,739","2,482","2,431","1,800","1,589","356","63","16","1","1","0"
"대구광역시 수성구 만촌2동(2726056000)","4,872","2,077","1,198","803","606","164","18","4","1","0","1"
"대구광역시 수성구 만촌3동(2726056100)","7,431","1,541","1,538","1,838","2,067","381","51","12","3","0","0"
"대구광역시 수성구 수성1가동(2726057000)","7,126","2,115","1,950","1,438","1,266","291","46","13","6","1","0"
"대구광역시 수성구 수성2.3가동(2726058000)","4,435","1,412","1,033","815","931","194","43","6","0","1","0"
"대구광역시 수성구 수성4가동(2726059000)","5,653","1,662","1,660","1,231","856","190","37","11","4","1","1"
"대구광역시 수성구 황금1동(2726060100)","8,143","1,633","1,933","1,944","2,089","454","76","11","3","0","0"
"대구광역시 수성구 황금2동(2726060200)","5,959","2,931","1,344","892","617","146","26","1","0","1","1"
"대구광역시 수성구 중동(2726061000)","6,557","3,118","1,499","1,040","739","127","23","6","1","0","4"
"대구광역시 수성구 상동(2726062000)","7,588","3,508","1,967","1,129","727","199","47","7","3","0","1"
"대구광역시 수성구 파동(2726063000)","6,036","2,019","1,907","1,223","691","162","25","6","2","0","1"
"대구광역시 수성구 두산동(2726064000)","7,307","3,532","1,626","1,208","737","169","28","4","2","0","1"
"대구광역시 수성구 지산1동(2726065100)","10,215","4,706","2,694","1,594","928","239","37","8","4","3","2"
"대구광역시 수성구 지산2동(2726065200)","8,421","2,844","2,393","1,732","1,127","266","43","11","4","0","1"
"대구광역시 수성구 범물1동(2726066100)","5,799","3,011","1,544","718","406","89","27","4","0","0","0"
"대구광역시 수성구 범물2동(2726066200)","6,565","1,709","1,878","1,505","1,167","226","62","13","5","0","0"
"대구광역시 수성구 고산1동(2726067000)","11,820","2,666","2,996","2,884","2,646","524","77","20","3","1","3"
"대구광역시 수성구 고산2동(2726068000)","10,761","2,810","2,877","2,455","2,098","435","70","11","4","1","0"
"대구광역시 수성구 고산3동(2726069000)","12,252","3,118","3,226","2,894","2,452","453","83","18","4","1","3"
"대구광역시 달서구 (2729000000)","235,685","86,853","60,071","44,698","35,650","6,977","1,115","244","57","14","6"
"대구광역시 달서구 성당동(2729051500)","10,446","4,414","2,754","1,662","1,265","279","49","15","7","1","0"
"대구광역시 달서구 두류1.2동(2729053500)","8,634","5,003","1,974","988","504","133","28","4","0","0","0"
"대구광역시 달서구 두류3동(2729055000)","4,408","2,022","1,238","648","387","86","20","6","0","0","1"
"대구광역시 달서구 감삼동(2729055500)","12,676","4,244","3,270","2,546","2,122","395","71","23","4","1","0"
"대구광역시 달서구 죽전동(2729056300)","6,783","3,402","1,692","979","568","112","26","3","1","0","0"
"대구광역시 달서구 장기동(2729056800)","7,067","2,403","1,909","1,438","1,075","207","29","4","1","1","0"
"대구광역시 달서구 용산1동(2729057100)","12,259","3,913","3,219","2,514","2,134","405","59","9","6","0","0"
"대구광역시 달서구 용산2동(2729057200)","11,263","3,351","3,070","2,562","1,912","318","41","4","4","1","0"
"대구광역시 달서구 이곡1동(2729057600)","9,088","2,863","2,351","2,026","1,516","273","47","10","2","0","0"
"대구광역시 달서구 이곡2동(2729057700)","6,990","2,485","2,066","1,382","865","159","28","5","0","0","0"
"대구광역시 달서구 신당동(2729058500)","17,239","10,397","3,279","1,968","1,259","287","35","10","3","1","0"
"대구광역시 달서구 본리동(2729059000)","7,997","2,364","2,052","1,765","1,448","312","49","5","1","1","0"
"대구광역시 달서구 월성1동(2729060100)","13,381","1,660","2,626","3,627","4,491","830","117","22","7","0","1"
"대구광역시 달서구 월성2동(2729060200)","8,148","4,309","2,125","978","574","136","16","7","1","1","1"
"대구광역시 달서구 진천동(2729061500)","21,318","6,549","5,884","4,432","3,534","723","143","41","7","3","2"
"대구광역시 달서구 유천동(2729061700)","11,051","1,284","2,108","3,167","3,781","630","70","10","1","0","0"
"대구광역시 달서구 상인1동(2729062400)","12,962","2,647","3,644","3,221","2,769","555","95","22","4","4","1"
"대구광역시 달서구 상인2동(2729062500)","9,043","3,992","2,359","1,488","946","206","43","8","1","0","0"
"대구광역시 달서구 상인3동(2729062600)","6,080","3,358","1,661","693","295","64","4","4","1","0","0"
"대구광역시 달서구 도원동(2729062800)","13,747","3,517","4,303","3,136","2,290","422","66","12","1","0","0"
"대구광역시 달서구 송현1동(2729063000)","9,745","5,165","2,436","1,281","661","164","30","4","4","0","0"
"대구광역시 달서구 송현2동(2729064000)","9,033","4,577","2,383","1,221","650","159","30","12","1","0","0"
"대구광역시 달서구 본동(2729065000)","6,327","2,934","1,668","976","604","122","19","4","0","0","0"
"대구광역시 달성군 (2771000000)","114,189","40,104","29,148","22,351","17,967","3,824","640","106","27","6","16"
"대구광역시 달성군 화원읍(2771025000)","19,933","6,226","5,961","4,017","2,946","615","135","19","6","2","6"
"대구광역시 달성군 논공읍(2771025300)","2,430","1,181","678","359","165","35","8","3","1","0","0"
"대구광역시 달성군 논공읍공단출장소(2771025400)","6,121","2,928","1,543","896","578","144","30","2","0","0","0"
"대구광역시 달성군 다사읍(2771025600)","20,901","5,407","5,446","4,774","4,255","849","134","25","7","2","2"
"대구광역시 달성군 다사읍서재출장소(2771025700)","15,344","4,012","3,610","3,737","3,249","635","81","15","4","0","1"
"대구광역시 달성군 유가읍(2771025900)","11,929","3,396","2,548","2,593","2,727","570","75","11","8","1","0"
"대구광역시 달성군 옥포읍(2771026200)","10,926","4,055","3,082","1,964","1,415","341","56","11","0","1","1"
"대구광역시 달성군 현풍읍(2771026500)","11,879","6,458","2,399","1,598","1,128","247","43","5","0","0","1"
"대구광역시 달성군 가창면(2771031000)","3,651","1,577","1,124","522","297","95","25","6","0","0","5"
"대구광역시 달성군 하빈면(2771033000)","1,957","1,076","544","210","91","23","12","0","1","0","0"
"대구광역시 달성군 구지면(2771038000)","9,118","3,788","2,213","1,681","1,116","270","41","9","0","0","0"
"대구광역시 군위군 (2772000000)","13,588","7,334","4,215","1,301","499","181","45","8","1","0","4"
"대구광역시 군위군 군위읍(2772025000)","4,339","2,133","1,254","549","275","102","21","3","1","0","1"
"대구광역시 군위군 소보면(2772031000)","1,433","796","464","122","34","12","4","1","0","0","0"
"대구광역시 군위군 효령면(2772032000)","2,244","1,226","692","211","76","32","6","1","0","0","0"
"대구광역시 군위군 부계면(2772033000)","1,261","711","381","126","30","7","3","0","0","0","3"
"대구광역시 군위군 우보면(2772034000)","1,223","693","398","94","27","6","5","0","0","0","0"
"대구광역시 군위군 의흥면(2772035000)","1,440","794","491","103","37","9","3","3","0","0","0"
"대구광역시 군위군 산성면(2772036000)","774","463","242","47","11","10","1","0","0","0","0"
"대구광역시 군위군 삼국유사면(2772037000)","874","518","293","49","9","3","2","0","0","0","0"
"인천광역시  (2800000000)","1,350,912","520,954","331,908","249,862","193,415","44,121","8,137","1,791","449","146","129"
"인천광역시 중구 (2811000000)","79,520","39,258","16,805","11,477","9,089","2,306","432","108","26","11","8"
"인천광역시 중구 연안동(2811052000)","3,069","1,707","735","346","202","66","11","2","0","0","0"
"인천광역시 중구 신포동(2811053000)","2,503","1,341","563","312","206","60","15","5","0","1","0"
"인천광역시 중구 신흥동(2811054000)","6,791","2,919","1,776","1,090","735","215","45","5","5","1","0"
"인천광역시 중구 도원동(2811056000)","2,020","1,044","556","240","128","35","13","4","0","0","0"
"인천광역시 중구 율목동(2811057000)","1,789","1,070","423","185","83","21","6","1","0","0","0"
"인천광역시 중구 동인천동(2811058500)","3,235","1,972","694","343","160","49","13","3","0","1","0"
"인천광역시 중구 개항동(2811061500)","3,884","2,083","989","479","252","64","14","3","0","0","0"
"인천광역시 중구 영종동(2811062000)","11,844","5,965","2,732","1,613","1,150","314","52","11","4","0","3"
"인천광역시 중구 영종1동(2811062200)","20,885","6,199","4,611","4,589","4,263","998","171","38","10","3","3"
"인천광역시 중구 운서동(2811062800)","21,113","13,407","3,153","2,122","1,825","468","90","34","7","5","2"
"인천광역시 중구 용유동(2811063000)","2,387","1,551","573","158","85","16","2","2","0","0","0"
"인천광역시 동구 (2814000000)","28,091","11,247","7,769","4,884","3,203","781","168","26","10","1","2"
"인천광역시 동구 만석동(2814051000)","3,113","1,345","827","473","366","77","18","5","1","0","1"
"인천광역시 동구 화수1.화평동(2814052500)","2,790","1,254","775","399","279","72","9","1","0","0","1"
"인천광역시 동구 화수2동(2814053000)","3,653","1,693","1,017","554","290","78","18","3","0","0","0"
"인천광역시 동구 송현1.2동(2814055500)","4,367","1,477","1,243","879","613","118","31","4","2","0","0"
"인천광역시 동구 송현3동(2814057000)","1,625","853","443","199","99","27","2","2","0","0","0"
"인천광역시 동구 송림1동(2814058000)","2,877","941","892","582","322","113","21","5","1","0","0"
"인천광역시 동구 송림2동(2814059000)","884","551","196","82","43","9","1","1","1","0","0"
"인천광역시 동구 송림3.5동(2814060500)","2,519","930","652","486","352","80","15","2","2","0","0"
"인천광역시 동구 송림4동(2814061000)","2,515","704","717","590","395","90","17","2","0","0","0"
"인천광역시 동구 송림6동(2814063000)","2,488","837","668","494","362","97","26","1","2","1","0"
"인천광역시 동구 금창동(2814064000)","1,260","662","339","146","82","20","10","0","1","0","0"
"인천광역시 미추홀구 (2817700000)","196,607","86,077","49,374","32,242","22,160","5,379","1,078","218","47","18","14"
"인천광역시 미추홀구 숭의2동(2817751000)","6,682","2,860","1,784","1,114","676","179","57","9","1","2","0"
"인천광역시 미추홀구 숭의1.3동(2817752000)","7,540","3,115","2,009","1,338","850","190","32","4","2","0","0"
"인천광역시 미추홀구 숭의4동(2817753000)","7,357","3,182","1,967","1,203","764","198","37","6","0","0","0"
"인천광역시 미추홀구 용현1.4동(2817754000)","10,835","7,087","2,059","994","517","135","28","12","2","0","1"
"인천광역시 미추홀구 용현2동(2817755000)","9,155","3,746","2,309","1,670","1,091","280","49","8","2","0","0"
"인천광역시 미추홀구 용현3동(2817756000)","4,287","2,524","1,047","426","221","51","13","2","2","0","1"
"인천광역시 미추홀구 용현5동(2817757000)","19,912","7,291","4,697","3,758","3,157","800","170","28","7","3","1"
"인천광역시 미추홀구 학익1동(2817758000)","11,927","3,616","2,963","2,476","2,186","522","127","28","4","4","1"
"인천광역시 미추홀구 학익2동(2817759000)","8,132","3,031","2,269","1,482","1,024","267","43","14","0","2","0"
"인천광역시 미추홀구 도화1동(2817760000)","10,355","4,496","2,767","1,717","1,028","282","48","16","1","0","0"
"인천광역시 미추홀구 도화2.3동(2817761000)","14,035","5,303","3,480","2,706","1,987","468","74","10","3","0","4"
"인천광역시 미추홀구 주안1동(2817762000)","11,859","7,226","2,457","1,308","663","162","31","7","3","1","1"
"인천광역시 미추홀구 주안2동(2817763000)","10,876","4,684","3,085","1,786","1,034","224","50","7","3","2","1"
"인천광역시 미추홀구 주안3동(2817764000)","6,174","2,833","1,606","958","612","132","29","3","0","1","0"
"인천광역시 미추홀구 주안4동(2817765000)","8,659","3,722","2,282","1,489","934","188","35","9","0","0","0"
"인천광역시 미추홀구 주안5동(2817766000)","10,080","4,665","2,640","1,558","965","219","27","2","2","0","2"
"인천광역시 미추홀구 주안6동(2817767000)","9,984","4,266","2,452","1,667","1,240","281","59","14","3","2","0"
"인천광역시 미추홀구 주안7동(2817768000)","5,867","2,647","1,624","881","561","113","28","11","2","0","0"
"인천광역시 미추홀구 주안8동(2817769000)","8,959","3,389","2,496","1,621","1,121","270","47","10","4","0","1"
"인천광역시 미추홀구 관교동(2817770000)","6,250","2,129","1,744","1,187","892","230","53","13","1","1","0"
"인천광역시 미추홀구 문학동(2817771000)","7,682","4,265","1,637","903","637","188","41","5","5","0","1"
"인천광역시 연수구 (2818500000)","159,905","50,816","34,892","35,250","30,862","6,592","1,083","285","69","30","26"
"인천광역시 연수구 옥련1동(2818563000)","7,881","2,803","2,062","1,545","1,137","286","38","5","3","1","1"
"인천광역시 연수구 옥련2동(2818564000)","7,748","2,175","1,964","1,790","1,425","324","54","12","2","0","2"
"인천광역시 연수구 선학동(2818575000)","8,670","3,809","2,132","1,490","956","216","54","10","3","0","0"
"인천광역시 연수구 연수1동(2818576100)","9,026","4,687","1,875","1,274","907","226","39","15","2","0","1"
"인천광역시 연수구 연수2동(2818576200)","9,672","4,371","2,272","1,557","1,158","255","44","11","2","1","1"
"인천광역시 연수구 연수3동(2818576300)","7,195","2,977","1,845","1,299","843","186","31","8","2","4","0"
"인천광역시 연수구 청학동(2818576600)","12,201","6,170","2,942","1,754","974","270","62","21","5","2","1"
"인천광역시 연수구 동춘1동(2818578000)","9,028","1,807","2,382","2,357","1,964","417","77","12","1","4","7"
"인천광역시 연수구 동춘2동(2818579000)","6,859","1,666","1,849","1,708","1,340","243","45","6","2","0","0"
"인천광역시 연수구 동춘3동(2818579500)","5,771","630","1,205","1,585","1,769","478","74","26","3","1","0"
"인천광역시 연수구 송도1동(2818582000)","15,447","5,707","2,550","3,059","3,136","755","171","49","13","5","2"
"인천광역시 연수구 송도2동(2818583000)","12,036","1,770","2,026","3,396","3,821","848","117","39","9","5","5"
"인천광역시 연수구 송도3동(2818584000)","18,962","5,654","3,479","4,572","4,297","803","106","32","9","6","4"
"인천광역시 연수구 송도4동(2818585000)","12,033","2,740","2,266","3,174","3,176","575","82","14","5","0","1"
"인천광역시 연수구 송도5동(2818586000)","17,376","3,850","4,043","4,690","3,959","710","89","25","8","1","1"
"인천광역시 남동구 (2820000000)","224,268","88,417","55,440","39,986","31,361","7,277","1,368","309","70","27","13"
"인천광역시 남동구 구월1동(2820051000)","13,941","5,394","3,272","2,552","2,118","518","69","12","4","1","1"
"인천광역시 남동구 구월2동(2820052000)","13,221","2,939","3,109","3,288","3,018","701","128","29","6","1","2"
"인천광역시 남동구 구월3동(2820052100)","17,365","10,858","3,301","1,797","1,096","243","55","12","2","1","0"
"인천광역시 남동구 구월4동(2820052200)","7,560","4,110","1,850","916","519","130","25","8","2","0","0"
"인천광역시 남동구 간석1동(2820053000)","8,505","3,945","2,148","1,319","833","209","39","11","0","0","1"
"인천광역시 남동구 간석2동(2820054000)","9,123","3,422","2,128","1,762","1,361","345","80","19","2","4","0"
"인천광역시 남동구 간석3동(2820055000)","12,717","5,575","3,333","2,103","1,310","308","64","18","4","1","1"
"인천광역시 남동구 간석4동(2820055100)","13,449","5,678","3,377","2,369","1,575","353","74","16","4","3","0"
"인천광역시 남동구 만수1동(2820056000)","8,760","4,551","2,241","1,170","633","131","26","5","2","1","0"
"인천광역시 남동구 만수2동(2820057000)","9,624","2,963","2,646","1,955","1,571","393","72","17","5","2","0"
"인천광역시 남동구 만수3동(2820058000)","7,162","2,373","1,968","1,436","1,052","265","56","9","1","1","1"
"인천광역시 남동구 만수4동(2820058100)","8,817","3,193","2,509","1,688","1,185","197","34","9","2","0","0"
"인천광역시 남동구 만수5동(2820058200)","7,531","3,522","2,049","1,146","610","156","38","7","2","0","1"
"인천광역시 남동구 만수6동(2820058300)","10,066","3,591","2,721","1,914","1,422","322","74","16","4","0","2"
"인천광역시 남동구 장수서창동(2820065000)","7,840","2,365","2,162","1,567","1,274","380","60","24","8","0","0"
"인천광역시 남동구 서창2동(2820065500)","15,555","4,949","3,542","3,181","3,130","625","101","20","6","1","0"
"인천광역시 남동구 남촌도림동(2820066000)","9,267","3,575","2,535","1,653","1,135","305","51","11","0","2","0"
"인천광역시 남동구 논현1동(2820069000)","13,280","4,688","3,326","2,432","2,191","492","113","27","6","3","2"
"인천광역시 남동구 논현2동(2820070000)","14,980","6,361","3,887","2,365","1,807","441","94","18","6","0","1"
"인천광역시 남동구 논현고잔동(2820071000)","15,505","4,365","3,336","3,373","3,521","763","115","21","4","6","1"
"인천광역시 부평구 (2823700000)","223,271","83,659","58,138","42,312","30,940","6,631","1,231","255","72","15","18"
"인천광역시 부평구 부평1동(2823751000)","16,924","7,389","4,127","2,913","1,980","399","80","26","8","2","0"
"인천광역시 부평구 부평2동(2823752000)","7,300","3,300","1,939","1,117","727","165","41","6","3","0","2"
"인천광역시 부평구 부평3동(2823753000)","7,390","3,266","1,901","1,315","720","140","37","4","4","0","3"
"인천광역시 부평구 부평4동(2823754000)","18,054","9,054","4,250","2,626","1,654","379","74","11","3","2","1"
"인천광역시 부평구 부평5동(2823755000)","16,410","7,250","4,108","2,739","1,819","412","69","12","0","1","0"
"인천광역시 부평구 부평6동(2823756000)","7,304","3,269","1,908","1,194","734","157","30","6","2","1","3"
"인천광역시 부평구 산곡1동(2823757000)","6,509","2,162","1,818","1,407","899","177","37","6","2","0","1"
"인천광역시 부평구 산곡2동(2823758000)","10,737","2,072","2,685","2,690","2,554","586","114","29","5","1","1"
"인천광역시 부평구 산곡3동(2823758100)","8,619","2,639","2,374","1,820","1,344","339","79","15","7","1","1"
"인천광역시 부평구 산곡4동(2823758200)","6,522","1,627","1,745","1,535","1,256","285","50","18","6","0","0"
"인천광역시 부평구 청천1동(2823759100)","7,634","2,549","2,131","1,701","1,059","165","26","0","3","0","0"
"인천광역시 부평구 청천2동(2823759200)","14,381","4,683","3,879","2,990","2,249","467","85","24","3","1","0"
"인천광역시 부평구 갈산1동(2823764100)","7,126","2,739","1,884","1,402","875","187","33","4","2","0","0"
"인천광역시 부평구 갈산2동(2823764200)","8,104","3,252","2,055","1,387","1,057","270","60","14","6","1","2"
"인천광역시 부평구 삼산1동(2823764600)","14,278","4,925","3,698","2,847","2,317","410","71","10","0","0","0"
"인천광역시 부평구 삼산2동(2823764800)","10,191","2,159","2,451","2,409","2,547","549","62","8","6","0","0"
"인천광역시 부평구 부개1동(2823765000)","7,856","3,420","2,218","1,221","766","179","37","9","4","1","1"
"인천광역시 부평구 부개2동(2823766000)","8,300","2,794","2,211","1,693","1,270","270","50","10","2","0","0"
"인천광역시 부평구 부개3동(2823766100)","12,122","3,843","3,168","2,586","2,058","381","67","15","3","1","0"
"인천광역시 부평구 일신동(2823767000)","5,043","1,613","1,472","996","735","193","24","8","0","0","2"
"인천광역시 부평구 십정1동(2823768000)","11,296","4,045","3,366","2,196","1,345","279","54","8","1","2","0"
"인천광역시 부평구 십정2동(2823769000)","11,171","5,609","2,750","1,528","975","242","51","12","2","1","1"
"인천광역시 계양구 (2824500000)","125,640","46,473","32,507","24,104","17,772","3,892","685","154","33","9","11"
"인천광역시 계양구 효성1동(2824560100)","11,617","3,853","3,245","2,376","1,666","390","73","12","2","0","0"
"인천광역시 계양구 효성2동(2824560200)","11,469","3,410","3,250","2,455","1,844","411","75","21","3","0","0"
"인천광역시 계양구 계산1동(2824561100)","9,680","5,039","2,308","1,320","805","166","36","5","1","0","0"
"인천광역시 계양구 계산2동(2824561200)","7,627","3,730","1,949","1,112","654","137","34","6","4","0","1"
"인천광역시 계양구 계산3동(2824561300)","8,447","3,298","2,313","1,591","985","218","30","10","2","0","0"
"인천광역시 계양구 계산4동(2824561400)","9,222","3,196","1,744","1,867","1,949","398","48","16","4","0","0"
"인천광역시 계양구 작전1동(2824562100)","10,980","3,383","2,918","2,358","1,886","362","59","9","1","4","0"
"인천광역시 계양구 작전2동(2824562200)","8,735","3,506","2,434","1,558","996","188","40","7","4","2","0"
"인천광역시 계양구 작전서운동(2824564000)","13,938","4,517","3,385","2,997","2,427","489","93","25","3","1","1"
"인천광역시 계양구 계양1동(2824571000)","8,261","2,683","2,236","1,718","1,233","309","60","11","5","1","5"
"인천광역시 계양구 계양2동(2824572000)","15,853","6,992","4,118","2,640","1,658","369","56","16","1","0","3"
"인천광역시 계양구 계양3동(2824573000)","9,811","2,866","2,607","2,112","1,669","455","81","16","3","1","1"
"인천광역시 서구 (2826000000)","266,168","91,788","63,087","53,997","44,975","10,124","1,716","349","87","25","20"
"인천광역시 서구 검암경서동(2826051500)","23,807","8,647","5,848","4,739","3,575","802","152","30","8","4","2"
"인천광역시 서구 연희동(2826053000)","18,540","8,324","4,533","3,025","2,068","498","70","17","3","2","0"
"인천광역시 서구 청라1동(2826053600)","11,818","3,563","2,236","2,686","2,620","585","99","20","6","2","1"
"인천광역시 서구 청라2동(2826053700)","17,926","4,901","3,476","4,000","4,379","940","169","44","10","4","3"
"인천광역시 서구 청라3동(2826053900)","13,571","4,051","2,438","3,006","3,149","771","121","25","6","0","4"
"인천광역시 서구 가정1동(2826054200)","17,392","5,851","3,982","3,681","3,153","622","81","17","4","1","0"
"인천광역시 서구 가정2동(2826054300)","7,103","2,217","1,761","1,633","1,236","216","33","6","1","0","0"
"인천광역시 서구 가정3동(2826054400)","4,190","1,722","1,119","724","470","124","28","2","1","0","0"
"인천광역시 서구 석남1동(2826055000)","10,442","4,760","2,770","1,635","965","256","46","9","0","1","0"
"인천광역시 서구 석남2동(2826056000)","5,875","2,450","1,661","989","593","148","24","8","1","0","1"
"인천광역시 서구 석남3동(2826056100)","6,314","2,784","1,728","1,049","570","151","25","4","2","0","1"
"인천광역시 서구 신현원창동(2826057500)","12,580","4,007","3,339","2,613","2,039","472","85","17","5","2","1"
"인천광역시 서구 가좌1동(2826058000)","6,574","3,118","1,789","991","518","135","17","4","0","1","1"
"인천광역시 서구 가좌2동(2826059000)","7,501","2,031","2,087","1,696","1,291","315","62","14","3","1","1"
"인천광역시 서구 가좌3동(2826060000)","7,891","3,486","2,254","1,230","754","136","24","4","2","1","0"
"인천광역시 서구 가좌4동(2826061000)","5,634","2,245","1,542","1,053","637","132","20","3","2","0","0"
"인천광역시 서구 검단동(2826068000)","14,995","6,267","3,465","2,578","2,061","515","85","19","5","0","0"
"인천광역시 서구 불로대곡동(2826069000)","9,756","3,213","2,418","1,946","1,691","391","78","13","6","0","0"
"인천광역시 서구 원당동(2826070000)","9,562","3,431","1,980","1,888","1,733","437","74","14","3","2","0"
"인천광역시 서구 당하동(2826071000)","12,030","3,937","2,883","2,542","2,129","431","85","15","7","0","1"
"인천광역시 서구 오류왕길동(2826072000)","10,023","3,228","2,393","2,039","1,808","457","80","13","2","0","3"
"인천광역시 서구 마전동(2826073000)","8,101","2,037","1,835","1,802","1,768","524","103","24","4","3","1"
"인천광역시 서구 아라동(2826074000)","24,543","5,518","5,550","6,452","5,768","1,066","155","27","6","1","0"
"인천광역시 강화군 (2871000000)","35,005","15,552","11,011","4,540","2,507","951","324","70","28","9","13"
"인천광역시 강화군 강화읍(2871025000)","10,669","4,498","2,988","1,614","1,062","368","101","23","10","2","3"
"인천광역시 강화군 선원면(2871031000)","3,646","1,395","1,090","548","411","152","43","6","1","0","0"
"인천광역시 강화군 불은면(2871032000)","2,772","1,336","927","291","131","60","19","4","3","0","1"
"인천광역시 강화군 길상면(2871033000)","3,662","1,634","1,144","498","231","103","33","10","6","1","2"
"인천광역시 강화군 화도면(2871034000)","2,475","1,223","777","262","123","56","28","4","1","0","1"
"인천광역시 강화군 양도면(2871035000)","2,205","981","779","267","108","44","16","6","1","1","2"
"인천광역시 강화군 내가면(2871036000)","1,653","776","580","176","76","22","15","5","1","2","0"
"인천광역시 강화군 하점면(2871037000)","2,085","937","736","236","101","39","26","5","2","1","2"
"인천광역시 강화군 양사면(2871038000)","1,028","491","347","103","52","20","12","2","0","0","1"
"인천광역시 강화군 송해면(2871039000)","1,664","702","590","210","102","36","20","1","2","1","0"
"인천광역시 강화군 교동면(2871040000)","1,537","720","556","169","56","27","7","1","1","0","0"
"인천광역시 강화군 삼산면(2871041000)","1,206","627","371","138","45","19","3","2","0","0","1"
"인천광역시 강화군 서도면(2871042000)","222","121","72","17","5","4","1","1","0","1","0"
"인천광역시 강화군 서도면볼음출장소(2871042500)","181","111","54","11","4","1","0","0","0","0","0"
"인천광역시 옹진군 (2872000000)","12,437","7,667","2,885","1,070","546","188","52","17","7","1","4"
"인천광역시 옹진군 북도면(2872031000)","667","363","190","71","23","11","5","3","1","0","0"
"인천광역시 옹진군 북도면장봉출장소(2872031500)","541","296","165","57","14","4","2","0","1","0","2"
"인천광역시 옹진군 백령면(2872033000)","2,929","1,842","593","246","167","54","21","3","3","0","0"
"인천광역시 옹진군 대청면(2872034000)","781","519","170","46","33","9","2","1","1","0","0"
"인천광역시 옹진군 대청면소청출장소(2872034500)","172","130","37","4","0","1","0","0","0","0","0"
"인천광역시 옹진군 덕적면(2872035000)","1,222","749","323","94","39","13","1","2","0","0","1"
"인천광역시 옹진군 영흥면(2872036000)","3,789","2,128","967","393","206","69","17","8","1","0","0"
"인천광역시 옹진군 자월면(2872037000)","604","360","165","51","18","6","2","0","0","1","1"
"인천광역시 옹진군 자월면이작출장소(2872037500)","232","137","64","21","8","2","0","0","0","0","0"
"인천광역시 옹진군 연평면(2872038000)","1,500","1,143","211","87","38","19","2","0","0","0","0"
"광주광역시  (2900000000)","655,433","270,682","157,652","109,937","89,579","22,842","3,720","714","196","52","59"
"광주광역시 동구 (2911000000)","55,283","27,392","13,191","7,818","5,180","1,346","265","56","23","4","8"
"광주광역시 동구 충장동(2911052500)","4,270","3,515","525","152","61","11","5","0","1","0","0"
"광주광역시 동구 동명동(2911054500)","2,415","1,674","470","159","76","26","6","1","2","0","1"
"광주광역시 동구 계림1동(2911056000)","5,673","3,113","1,202","774","454","100","24","4","1","1","0"
"광주광역시 동구 계림2동(2911057000)","5,668","1,834","1,507","1,118","956","208","35","6","3","1","0"
"광주광역시 동구 산수1동(2911059000)","4,326","2,288","1,060","511","328","117","15","5","1","1","0"
"광주광역시 동구 산수2동(2911060000)","4,666","1,882","1,315","808","479","141","32","7","2","0","0"
"광주광역시 동구 지산1동(2911062000)","2,449","1,535","468","244","137","46","13","4","0","0","2"
"광주광역시 동구 지산2동(2911063000)","2,350","1,293","556","268","160","53","18","1","0","0","1"
"광주광역시 동구 서남동(2911065500)","2,289","1,855","273","93","45","16","5","0","1","0","1"
"광주광역시 동구 학동(2911068500)","3,487","1,447","906","610","414","92","12","5","1","0","0"
"광주광역시 동구 학운동(2911071000)","5,167","1,993","1,594","854","502","164","43","12","4","0","1"
"광주광역시 동구 지원1동(2911073000)","4,269","1,715","1,167","708","534","116","23","3","3","0","0"
"광주광역시 동구 지원2동(2911074000)","8,254","3,248","2,148","1,519","1,034","256","34","8","4","1","2"
"광주광역시 서구 (2914000000)","133,816","57,136","32,069","22,069","17,385","4,271","704","136","29","7","10"
"광주광역시 서구 양동(2914057500)","1,894","1,064","499","198","93","32","7","1","0","0","0"
"광주광역시 서구 양3동(2914059000)","2,125","937","603","291","223","56","11","3","0","1","0"
"광주광역시 서구 농성1동(2914065000)","6,668","3,820","1,532","763","412","115","16","8","2","0","0"
"광주광역시 서구 농성2동(2914066000)","2,833","1,791","620","264","117","35","6","0","0","0","0"
"광주광역시 서구 광천동(2914073000)","3,636","1,846","841","491","340","97","19","1","1","0","0"
"광주광역시 서구 유덕동(2914074000)","4,831","2,090","1,026","804","693","186","23","7","1","0","1"
"광주광역시 서구 치평동(2914074500)","13,830","5,995","3,056","2,438","1,803","442","79","14","3","0","0"
"광주광역시 서구 상무1동(2914075100)","12,227","6,203","2,544","1,728","1,345","334","56","12","3","1","1"
"광주광역시 서구 상무2동(2914075200)","13,034","7,666","2,725","1,446","883","249","50","9","6","0","0"
"광주광역시 서구 화정1동(2914076000)","8,646","4,843","1,912","1,011","657","174","41","7","1","0","0"
"광주광역시 서구 화정2동(2914077000)","7,919","2,183","2,002","1,746","1,611","311","51","11","2","2","0"
"광주광역시 서구 화정3동(2914078000)","4,409","1,847","1,175","746","447","157","33","3","1","0","0"
"광주광역시 서구 화정4동(2914079000)","8,234","2,468","2,431","1,680","1,243","341","52","14","3","1","1"
"광주광역시 서구 서창동(2914080000)","2,666","1,100","681","464","312","83","18","3","2","0","3"
"광주광역시 서구 금호1동(2914082100)","8,901","3,381","2,400","1,577","1,191","301","42","7","0","0","2"
"광주광역시 서구 금호2동(2914082400)","10,523","2,665","2,611","2,306","2,361","491","79","9","0","0","1"
"광주광역시 서구 풍암동(2914083000)","15,087","5,423","3,538","2,960","2,485","576","79","21","2","2","1"
"광주광역시 서구 동천동(2914084000)","6,353","1,814","1,873","1,156","1,169","291","42","6","2","0","0"
"광주광역시 남구 (2915500000)","95,417","37,089","24,958","16,406","12,857","3,326","602","124","28","14","13"
"광주광역시 남구 양림동(2915551000)","3,065","1,064","1,067","473","332","103","19","5","1","1","0"
"광주광역시 남구 방림1동(2915552000)","3,086","1,174","827","542","442","81","17","1","1","0","1"
"광주광역시 남구 방림2동(2915553000)","3,883","1,532","1,151","640","421","113","20","6","0","0","0"
"광주광역시 남구 봉선1동(2915553700)","6,443","3,027","1,591","962","653","166","33","10","1","0","0"
"광주광역시 남구 봉선2동(2915553800)","9,775","1,891","2,335","2,297","2,501","601","110","27","3","5","5"
"광주광역시 남구 사직동(2915554500)","2,755","1,611","624","279","182","50","5","3","1","0","0"
"광주광역시 남구 월산동(2915560500)","4,421","2,176","1,076","645","395","108","16","2","2","1","0"
"광주광역시 남구 월산4동(2915563000)","4,734","2,719","1,140","505","263","90","12","4","0","1","0"
"광주광역시 남구 월산5동(2915564000)","3,427","1,888","894","383","194","53","12","3","0","0","0"
"광주광역시 남구 백운1동(2915567000)","5,135","1,620","1,655","966","689","160","34","7","3","1","0"
"광주광역시 남구 백운2동(2915568000)","3,580","1,856","842","456","315","93","16","0","2","0","0"
"광주광역시 남구 주월1동(2915569000)","9,522","3,593","2,455","1,771","1,302","334","50","12","5","0","0"
"광주광역시 남구 주월2동(2915570000)","3,870","1,832","1,038","525","336","109","22","6","2","0","0"
"광주광역시 남구 진월동(2915570500)","11,478","3,376","3,028","2,365","2,029","525","128","20","4","1","2"
"광주광역시 남구 효덕동(2915571000)","7,508","3,259","1,957","1,124","907","214","39","4","2","1","1"
"광주광역시 남구 송암동(2915572000)","8,657","2,697","2,118","1,826","1,555","398","48","9","1","2","3"
"광주광역시 남구 대촌동(2915573000)","4,078","1,774","1,160","647","341","128","21","5","0","1","1"
"광주광역시 북구 (2917000000)","199,280","84,929","48,860","32,581","25,163","6,422","1,037","197","64","14","13"
"광주광역시 북구 중흥1동(2917051000)","2,871","1,873","610","235","124","21","6","1","1","0","0"
"광주광역시 북구 중흥2동(2917052000)","4,397","2,340","912","590","405","127","17","5","1","0","0"
"광주광역시 북구 중흥3동(2917053000)","3,699","2,172","690","444","307","68","14","3","1","0","0"
"광주광역시 북구 중앙동(2917055500)","2,208","1,288","470","258","153","32","6","1","0","0","0"
"광주광역시 북구 임동(2917057000)","4,579","2,108","1,210","690","431","120","15","4","1","0","0"
"광주광역시 북구 신안동(2917058000)","7,387","4,553","1,492","806","398","111","21","3","1","0","2"
"광주광역시 북구 용봉동(2917059000)","17,956","8,094","4,260","2,734","2,172","562","102","22","9","1","0"
"광주광역시 북구 운암1동(2917060100)","7,365","1,924","2,078","1,596","1,306","362","74","18","6","0","1"
"광주광역시 북구 운암2동(2917060200)","5,940","2,952","1,535","781","499","137","25","7","4","0","0"
"광주광역시 북구 운암3동(2917060300)","5,502","1,595","1,585","1,142","895","230","42","8","5","0","0"
"광주광역시 북구 동림동(2917061500)","10,103","3,536","2,791","1,945","1,429","338","53","5","4","1","1"
"광주광역시 북구 우산동(2917062000)","7,812","3,753","1,732","1,186","841","244","40","14","2","0","0"
"광주광역시 북구 풍향동(2917063500)","2,611","1,233","595","400","322","50","9","1","1","0","0"
"광주광역시 북구 문화동(2917065000)","10,815","4,472","2,807","1,896","1,252","320","54","13","0","1","0"
"광주광역시 북구 문흥1동(2917065600)","6,728","2,316","1,799","1,275","1,029","256","40","11","2","0","0"
"광주광역시 북구 문흥2동(2917065700)","7,318","3,204","1,954","1,185","770","182","20","2","1","0","0"
"광주광역시 북구 두암1동(2917066100)","3,925","2,039","991","500","273","104","14","2","1","1","0"
"광주광역시 북구 두암2동(2917066200)","7,531","3,387","2,070","1,069","744","207","40","9","3","1","1"
"광주광역시 북구 두암3동(2917066300)","7,490","4,501","1,738","731","374","119","20","5","1","0","1"
"광주광역시 북구 삼각동(2917066600)","5,985","2,333","1,425","1,073","908","211","24","8","2","1","0"
"광주광역시 북구 일곡동(2917066900)","11,424","3,425","2,743","2,396","2,242","533","74","7","3","0","1"
"광주광역시 북구 매곡동(2917067300)","5,501","1,617","1,529","1,146","901","260","39","6","3","0","0"
"광주광역시 북구 오치1동(2917067600)","5,425","2,802","1,259","721","465","139","30","6","2","0","1"
"광주광역시 북구 오치2동(2917067700)","6,765","3,945","1,522","734","422","115","23","3","1","0","0"
"광주광역시 북구 석곡동(2917068500)","1,307","683","383","132","74","24","10","0","1","0","0"
"광주광역시 북구 건국동(2917069500)","8,794","2,929","2,082","1,717","1,625","373","54","5","4","2","3"
"광주광역시 북구 양산동(2917069600)","16,126","6,207","3,907","2,857","2,413","625","96","16","1","4","0"
"광주광역시 북구 신용동(2917069700)","11,716","3,648","2,691","2,342","2,389","552","75","12","3","2","2"
"광주광역시 광산구 (2920000000)","171,637","64,136","38,574","31,063","28,994","7,477","1,112","201","52","13","15"
"광주광역시 광산구 송정1동(2920051500)","4,786","1,951","1,202","812","594","182","37","8","0","0","0"
"광주광역시 광산구 송정2동(2920052500)","3,369","1,727","862","465","229","72","9","1","2","2","0"
"광주광역시 광산구 도산동(2920054000)","6,605","2,615","1,629","1,150","911","240","50","8","2","0","0"
"광주광역시 광산구 신흥동(2920055000)","1,959","722","584","337","227","65","16","7","1","0","0"
"광주광역시 광산구 어룡동(2920056500)","14,376","5,208","3,420","2,663","2,331","625","107","17","5","0","0"
"광주광역시 광산구 우산동(2920058000)","14,977","7,372","3,503","2,173","1,489","362","59","11","8","0","0"
"광주광역시 광산구 월곡1동(2920060000)","4,696","1,936","1,259","772","534","160","25","8","1","1","0"
"광주광역시 광산구 월곡2동(2920061000)","6,412","2,280","1,638","1,172","999","275","43","2","3","0","0"
"광주광역시 광산구 비아동(2920062000)","3,543","1,573","823","551","451","113","25","5","1","0","1"
"광주광역시 광산구 첨단1동(2920062400)","11,087","3,360","2,688","2,315","2,014","603","80","22","0","3","2"
"광주광역시 광산구 첨단2동(2920062600)","18,860","7,883","3,726","3,301","3,078","754","100","13","4","0","1"
"광주광역시 광산구 신가동(2920063000)","7,383","2,141","1,527","1,469","1,742","438","54","10","0","2","0"
"광주광역시 광산구 운남동(2920063500)","12,249","3,926","2,944","2,571","2,204","526","63","10","4","0","1"
"광주광역시 광산구 수완동(2920063700)","28,314","7,790","5,610","5,879","6,997","1,741","239","42","11","3","2"
"광주광역시 광산구 하남동(2920064000)","11,498","4,309","2,447","2,096","1,989","548","89","13","5","0","2"
"광주광역시 광산구 임곡동(2920065000)","1,206","719","333","102","35","13","2","0","0","0","2"
"광주광역시 광산구 동곡동(2920066000)","968","510","285","103","45","17","5","1","1","1","0"
"광주광역시 광산구 평동(2920067000)","3,004","1,772","731","307","135","48","7","3","1","0","0"
"광주광역시 광산구 삼도동(2920068000)","1,320","822","334","95","47","16","3","1","0","0","2"
"광주광역시 광산구 본량동(2920069000)","1,152","698","310","87","44","5","3","3","0","0","2"
"광주광역시 광산구 신창동(2920070000)","13,873","4,822","2,719","2,643","2,899","674","96","16","3","1","0"
"대전광역시  (3000000000)","680,261","292,285","162,269","111,585","87,954","21,074","3,903","858","205","57","71"
"대전광역시 동구 (3011000000)","108,996","51,154","26,859","16,006","11,252","3,002","568","111","31","6","7"
"대전광역시 동구 중앙동(3011051500)","2,746","2,044","447","165","72","12","4","1","0","0","1"
"대전광역시 동구 효동(3011053000)","8,968","2,281","2,441","1,942","1,756","460","74","12","2","0","0"
"대전광역시 동구 신인동(3011054500)","6,926","2,471","2,012","1,303","890","194","46","8","2","0","0"
"대전광역시 동구 판암1동(3011055100)","5,981","2,593","1,622","1,029","574","137","18","8","0","0","0"
"대전광역시 동구 판암2동(3011055200)","5,130","3,283","1,171","436","176","44","15","2","3","0","0"
"대전광역시 동구 용운동(3011056000)","10,330","4,584","2,488","1,702","1,184","314","43","10","4","1","0"
"대전광역시 동구 대동(3011058500)","6,110","2,106","1,638","1,144","917","244","51","5","3","2","0"
"대전광역시 동구 자양동(3011059000)","6,951","4,715","1,225","574","305","102","25","2","2","0","1"
"대전광역시 동구 가양1동(3011062000)","6,891","3,566","1,690","841","605","147","30","9","1","1","1"
"대전광역시 동구 가양2동(3011063000)","9,766","4,712","2,498","1,394","853","245","53","9","2","0","0"
"대전광역시 동구 용전동(3011064000)","11,770","7,151","2,292","1,228","826","220","40","8","3","0","2"
"대전광역시 동구 성남동(3011066500)","5,286","2,232","1,402","871","601","139","32","8","1","0","0"
"대전광역시 동구 홍도동(3011067000)","6,209","3,374","1,411","785","492","124","19","4","0","0","0"
"대전광역시 동구 삼성동(3011069500)","6,432","2,721","1,812","989","688","189","21","9","3","0","0"
"대전광역시 동구 대청동(3011072500)","1,211","576","384","136","80","26","7","2","0","0","0"
"대전광역시 동구 산내동(3011074000)","8,289","2,745","2,326","1,467","1,233","405","90","14","5","2","2"
"대전광역시 중구 (3014000000)","106,885","46,017","27,528","16,750","12,426","3,254","691","159","34","12","14"
"대전광역시 중구 은행선화동(3014053500)","8,398","5,309","1,559","832","518","144","20","11","3","1","1"
"대전광역시 중구 목동(3014055000)","5,877","1,161","1,253","1,391","1,616","368","67","13","4","2","2"
"대전광역시 중구 중촌동(3014056000)","6,595","2,762","1,736","1,125","753","173","34","9","3","0","0"
"대전광역시 중구 대흥동(3014057500)","7,428","4,429","1,404","821","579","162","23","5","2","0","3"
"대전광역시 중구 문창동(3014060500)","2,508","1,430","637","244","131","51","11","1","2","1","0"
"대전광역시 중구 석교동(3014062000)","7,609","3,394","2,325","1,109","552","180","36","11","0","0","2"
"대전광역시 중구 대사동(3014063000)","3,259","2,024","670","324","178","48","10","4","1","0","0"
"대전광역시 중구 부사동(3014064000)","3,421","1,698","904","471","250","76","19","3","0","0","0"
"대전광역시 중구 용두동(3014065500)","5,165","2,987","1,087","566","399","92","23","8","1","2","0"
"대전광역시 중구 오류동(3014067000)","4,982","2,097","1,338","809","581","121","33","3","0","0","0"
"대전광역시 중구 태평1동(3014068000)","5,211","1,460","1,419","1,113","957","217","35","4","3","2","1"
"대전광역시 중구 태평2동(3014069000)","9,515","2,138","2,939","2,038","1,753","495","120","25","5","0","2"
"대전광역시 중구 유천1동(3014070000)","3,410","1,894","862","389","201","47","13","3","0","1","0"
"대전광역시 중구 유천2동(3014071000)","6,540","2,859","1,839","976","619","172","53","18","3","1","0"
"대전광역시 중구 문화1동(3014072000)","8,407","2,437","2,230","1,704","1,546","388","83","15","2","1","1"
"대전광역시 중구 문화2동(3014073000)","5,924","2,675","1,660","848","514","174","45","8","0","0","0"
"대전광역시 중구 산성동(3014074000)","12,636","5,263","3,666","1,990","1,279","346","66","18","5","1","2"
"대전광역시 서구 (3017000000)","217,305","92,365","50,982","36,287","29,357","6,718","1,206","288","64","12","26"
"대전광역시 서구 복수동(3017051000)","8,875","2,806","2,163","1,791","1,565","439","84","21","2","2","2"
"대전광역시 서구 도마1동(3017052000)","9,730","4,660","2,516","1,373","899","233","40","6","3","0","0"
"대전광역시 서구 도마2동(3017053000)","8,221","3,616","2,310","1,223","754","255","44","14","4","1","0"
"대전광역시 서구 정림동(3017053500)","6,753","2,187","2,128","1,311","825","222","59","16","2","0","3"
"대전광역시 서구 변동(3017054000)","6,842","3,146","1,862","998","591","192","38","9","6","0","0"
"대전광역시 서구 용문동(3017055000)","7,212","4,450","1,540","706","390","92","22","6","5","1","0"
"대전광역시 서구 탄방동(3017055500)","14,857","8,585","2,846","1,809","1,288","267","43","11","6","0","2"
"대전광역시 서구 괴정동(3017056000)","11,703","7,604","2,265","999","611","176","33","7","4","1","3"
"대전광역시 서구 가장동(3017057000)","4,877","1,743","1,369","899","640","178","31","14","3","0","0"
"대전광역시 서구 내동(3017057500)","9,644","2,948","2,731","1,926","1,548","393","79","16","2","1","0"
"대전광역시 서구 갈마1동(3017058100)","11,840","6,704","2,520","1,396","918","233","52","14","2","1","0"
"대전광역시 서구 갈마2동(3017058200)","13,444","7,719","2,673","1,606","1,159","244","34","9","0","0","0"
"대전광역시 서구 월평1동(3017058600)","7,591","5,413","1,244","539","280","87","19","7","1","0","1"
"대전광역시 서구 월평2동(3017058700)","6,811","3,171","1,653","1,014","751","173","33","12","3","0","1"
"대전광역시 서구 월평3동(3017058800)","7,617","1,362","2,232","1,914","1,723","320","50","13","2","0","1"
"대전광역시 서구 가수원동(3017059000)","4,841","1,795","1,464","840","559","149","27","6","1","0","0"
"대전광역시 서구 도안동(3017059300)","13,913","3,621","3,026","3,119","3,356","646","120","19","4","1","1"
"대전광역시 서구 관저1동(3017059600)","6,548","2,397","1,647","1,224","967","258","40","8","6","0","1"
"대전광역시 서구 관저2동(3017059700)","19,544","5,881","4,464","4,179","3,979","881","125","29","4","0","2"
"대전광역시 서구 기성동(3017060000)","1,833","1,010","488","185","100","29","8","3","1","2","7"
"대전광역시 서구 둔산1동(3017063000)","5,748","1,168","1,100","1,410","1,659","339","57","12","2","1","0"
"대전광역시 서구 둔산2동(3017064000)","14,855","4,858","3,549","3,311","2,611","440","78","6","0","0","2"
"대전광역시 서구 만년동(3017065000)","6,096","2,923","1,287","966","753","142","20","5","0","0","0"
"대전광역시 서구 둔산3동(3017066000)","7,910","2,598","1,905","1,549","1,431","330","70","25","1","1","0"
"대전광역시 유성구 (3020000000)","166,767","69,497","35,686","29,177","25,420","5,712","990","201","54","22","8"
"대전광역시 유성구 진잠동(3020052000)","11,811","4,978","2,917","1,941","1,493","385","78","15","3","0","1"
"대전광역시 유성구 학하동(3020052600)","8,966","3,735","2,165","1,605","1,078","311","55","13","1","2","1"
"대전광역시 유성구 상대동(3020052700)","9,173","1,785","2,280","2,166","2,282","534","99","17","8","2","0"
"대전광역시 유성구 온천1동(3020053000)","17,734","12,579","2,998","1,298","634","175","38","7","4","1","0"
"대전광역시 유성구 온천2동(3020054000)","21,408","11,864","3,818","2,909","2,194","495","99","19","6","2","2"
"대전광역시 유성구 노은1동(3020054600)","8,824","2,987","1,999","1,795","1,551","393","70","20","4","4","1"
"대전광역시 유성구 노은2동(3020054700)","9,538","2,851","2,270","2,048","1,853","422","74","13","6","0","1"
"대전광역시 유성구 노은3동(3020054800)","14,202","3,501","3,500","3,415","3,110","592","65","16","1","2","0"
"대전광역시 유성구 신성동(3020055000)","12,292","5,870","2,312","1,882","1,688","422","97","15","4","2","0"
"대전광역시 유성구 전민동(3020057000)","11,507","4,459","2,332","2,302","1,906","412","77","15","3","1","0"
"대전광역시 유성구 구즉동(3020058000)","15,084","6,035","3,521","2,704","2,211","509","86","14","3","0","1"
"대전광역시 유성구 관평동(3020060000)","12,675","3,509","2,262","2,736","3,386","652","92","24","9","4","1"
"대전광역시 유성구 원신흥동(3020061000)","13,553","5,344","3,312","2,376","2,034","410","60","13","2","2","0"
"대전광역시 대덕구 (3023000000)","80,308","33,252","21,214","13,365","9,499","2,388","448","99","22","5","16"
"대전광역시 대덕구 오정동(3023051000)","7,509","3,982","1,778","953","578","171","37","7","2","0","1"
"대전광역시 대덕구 대화동(3023052000)","3,374","1,758","893","423","209","59","18","4","3","0","7"
"대전광역시 대덕구 회덕동(3023052500)","5,469","2,162","1,680","867","560","160","23","12","2","1","2"
"대전광역시 대덕구 비래동(3023053300)","6,952","2,447","2,082","1,281","846","230","45","16","3","1","1"
"대전광역시 대덕구 송촌동(3023054300)","10,464","2,866","2,666","2,346","2,055","430","78","15","5","1","2"
"대전광역시 대덕구 중리동(3023054600)","10,432","5,707","2,492","1,261","689","214","60","6","1","1","1"
"대전광역시 대덕구 신탄진동(3023055000)","7,008","2,936","1,902","1,158","766","200","38","7","1","0","0"
"대전광역시 대덕구 석봉동(3023056000)","6,682","1,989","1,767","1,380","1,214","282","39","10","1","0","0"
"대전광역시 대덕구 덕암동(3023057000)","6,654","3,211","1,632","963","631","169","37","10","0","1","0"
"대전광역시 대덕구 목상동(3023058000)","3,154","1,522","786","440","311","78","14","2","1","0","0"
"대전광역시 대덕구 법1동(3023060000)","5,857","2,280","1,639","1,049","691","169","21","4","2","0","2"
"대전광역시 대덕구 법2동(3023061000)","6,753","2,392","1,897","1,244","949","226","38","6","1","0","0"
"울산광역시  (3100000000)","490,690","179,471","125,043","93,535","74,435","15,005","2,522","497","109","36","37"
"울산광역시 중구 (3111000000)","94,372","35,048","24,940","17,866","13,211","2,731","458","87","16","9","6"
"울산광역시 중구 학성동(3111051000)","5,810","2,961","1,470","782","453","110","25","5","3","1","0"
"울산광역시 중구 반구1동(3111052000)","7,652","3,249","1,932","1,364","880","191","31","2","3","0","0"
"울산광역시 중구 반구2동(3111053000)","4,340","2,085","1,167","612","368","79","25","4","0","0","0"
"울산광역시 중구 복산1동(3111054000)","3,877","1,087","994","1,010","656","115","14","1","0","0","0"
"울산광역시 중구 복산2동(3111055000)","4,766","1,721","1,250","930","691","143","25","5","1","0","0"
"울산광역시 중구 중앙동(3111058500)","6,555","3,656","1,608","750","413","103","18","7","0","0","0"
"울산광역시 중구 우정동(3111059000)","7,903","2,832","2,248","1,525","1,053","197","37","8","2","1","0"
"울산광역시 중구 태화동(3111060000)","12,649","3,181","3,477","2,936","2,496","470","73","9","3","4","0"
"울산광역시 중구 다운동(3111061000)","10,628","4,548","2,979","1,688","1,104","251","43","12","2","1","0"
"울산광역시 중구 병영1동(3111062000)","9,210","3,170","2,483","1,810","1,386","302","47","10","0","2","0"
"울산광역시 중구 병영2동(3111063000)","8,646","2,997","2,313","1,707","1,333","253","35","7","1","0","0"
"울산광역시 중구 약사동(3111064000)","3,851","753","921","1,045","927","175","25","4","0","0","1"
"울산광역시 중구 성안동(3111065000)","8,485","2,808","2,098","1,707","1,451","342","60","13","1","0","5"
"울산광역시 남구 (3114000000)","140,162","54,329","34,608","26,648","20,159","3,630","624","120","28","11","5"
"울산광역시 남구 신정1동(3114051000)","9,671","4,860","2,492","1,352","742","166","43","12","4","0","0"
"울산광역시 남구 신정2동(3114052000)","10,059","3,000","2,435","2,185","2,005","349","70","12","1","0","2"
"울산광역시 남구 신정3동(3114053000)","7,647","3,300","1,915","1,260","934","191","33","11","2","1","0"
"울산광역시 남구 신정4동(3114054000)","8,269","2,611","2,068","1,703","1,550","293","36","6","1","1","0"
"울산광역시 남구 신정5동(3114055000)","4,653","2,599","966","604","373","88","20","3","0","0","0"
"울산광역시 남구 달동(3114056000)","13,712","6,861","3,239","2,028","1,313","222","39","6","2","2","0"
"울산광역시 남구 삼산동(3114057000)","23,921","11,527","5,140","3,831","2,784","517","97","18","4","1","2"
"울산광역시 남구 삼호동(3114058500)","9,326","3,823","2,486","1,722","1,049","205","33","6","2","0","0"
"울산광역시 남구 무거동(3114059500)","14,026","5,365","3,261","2,834","2,147","356","55","5","1","1","1"
"울산광역시 남구 옥동(3114060000)","9,818","2,197","2,744","2,519","1,955","322","61","15","4","1","0"
"울산광역시 남구 대현동(3114062500)","12,716","3,075","3,253","3,118","2,742","447","66","11","3","1","0"
"울산광역시 남구 수암동(3114063500)","6,028","1,128","1,706","1,582","1,336","235","30","8","2","1","0"
"울산광역시 남구 선암동(3114064000)","5,935","1,845","1,774","1,278","839","162","27","6","2","2","0"
"울산광역시 남구 야음장생포동(3114067000)","4,381","2,138","1,129","632","390","77","14","1","0","0","0"
"울산광역시 동구 (3117000000)","67,743","24,840","17,663","12,304","10,199","2,211","427","72","19","3","5"
"울산광역시 동구 방어동(3117051000)","17,863","7,556","4,471","2,808","2,281","598","117","24","6","2","0"
"울산광역시 동구 일산동(3117052000)","2,951","1,586","751","345","192","54","17","5","0","0","1"
"울산광역시 동구 화정동(3117053000)","8,171","3,063","2,019","1,453","1,348","232","47","6","2","1","0"
"울산광역시 동구 대송동(3117054000)","5,038","1,987","1,340","940","589","140","37","3","1","0","1"
"울산광역시 동구 전하1동(3117055000)","6,974","2,760","1,797","1,187","978","202","44","5","1","0","0"
"울산광역시 동구 전하2동(3117056000)","7,640","2,012","1,997","1,677","1,556","320","61","10","7","0","0"
"울산광역시 동구 남목1동(3117058000)","3,598","1,193","1,086","663","496","130","22","5","2","0","1"
"울산광역시 동구 남목2동(3117059000)","10,703","3,197","2,821","2,271","1,967","387","50","9","0","0","1"
"울산광역시 동구 남목3동(3117060000)","4,805","1,486","1,381","960","792","148","32","5","0","0","1"
"울산광역시 북구 (3120000000)","87,865","25,577","21,896","19,394","17,030","3,361","476","98","23","5","5"
"울산광역시 북구 농소1동(3120051000)","14,444","4,181","3,519","3,128","2,955","552","85","18","5","0","1"
"울산광역시 북구 농소2동(3120052000)","16,197","3,773","4,161","3,952","3,468","716","100","23","3","0","1"
"울산광역시 북구 농소3동(3120053000)","13,141","2,454","3,120","3,305","3,406","732","99","16","8","1","0"
"울산광역시 북구 강동동(3120054000)","6,532","2,022","1,675","1,296","1,238","258","32","7","1","1","2"
"울산광역시 북구 효문동(3120056000)","13,463","5,204","3,433","2,702","1,728","331","48","13","3","1","0"
"울산광역시 북구 송정동(3120057000)","14,232","3,585","3,633","3,309","3,075","541","72","12","3","2","0"
"울산광역시 북구 양정동(3120058000)","5,143","2,476","1,080","871","581","117","11","7","0","0","0"
"울산광역시 북구 염포동(3120059000)","4,713","1,882","1,275","831","579","114","29","2","0","0","1"
"울산광역시 울주군 (3171000000)","100,548","39,677","25,936","17,323","13,836","3,072","537","120","23","8","16"
"울산광역시 울주군 온산읍(3171025000)","11,050","6,279","2,258","1,286","967","207","46","3","3","0","1"
"울산광역시 울주군 언양읍(3171025300)","13,213","4,842","3,592","2,453","1,759","458","78","23","4","1","3"
"울산광역시 울주군 온양읍(3171025600)","12,364","4,479","3,177","2,255","1,922","428","77","18","6","1","1"
"울산광역시 울주군 범서읍(3171025900)","25,307","5,534","6,242","6,057","6,085","1,166","177","36","5","3","2"
"울산광역시 울주군 청량읍(3171026200)","8,296","2,946","2,323","1,579","1,163","226","46","12","0","1","0"
"울산광역시 울주군 삼남읍(3171026500)","11,735","5,695","3,114","1,661","937","276","32","15","1","1","3"
"울산광역시 울주군 서생면(3171031000)","4,766","2,573","1,206","538","317","98","26","6","1","1","0"
"울산광역시 울주군 웅촌면(3171034000)","4,233","2,246","1,202","463","221","75","21","1","2","0","2"
"울산광역시 울주군 두동면(3171036000)","2,475","1,366","676","248","124","51","9","1","0","0","0"
"울산광역시 울주군 두서면(3171037000)","1,870","1,087","536","169","50","19","6","3","0","0","0"
"울산광역시 울주군 상북면(3171038000)","4,211","2,050","1,324","507","250","57","16","2","1","0","4"
"울산광역시 울주군 삼동면(3171040000)","1,028","580","286","107","41","11","3","0","0","0","0"
"세종특별자치시  (3600000000)","160,835","55,882","34,786","30,642","30,576","7,410","1,188","258","57","25","11"
"세종특별자치시  (3611000000)","160,835","55,882","34,786","30,642","30,576","7,410","1,188","258","57","25","11"
"세종특별자치시  조치원읍(3611025000)","20,432","9,956","4,567","2,775","2,209","728","150","35","4","6","2"
"세종특별자치시  연기면(3611031000)","1,490","897","341","154","67","19","9","3","0","0","0"
"세종특별자치시  연동면(3611032000)","1,650","907","467","167","66","35","6","1","0","0","1"
"세종특별자치시  부강면(3611033000)","3,149","1,668","861","359","184","57","13","7","0","0","0"
"세종특별자치시  금남면(3611034000)","4,759","2,537","1,333","534","239","75","31","8","1","0","1"
"세종특별자치시  장군면(3611035000)","4,139","2,628","921","318","176","68","20","6","2","0","0"
"세종특별자치시  연서면(3611036000)","3,742","1,937","1,010","423","232","103","25","8","3","0","1"
"세종특별자치시  전의면(3611037000)","2,977","1,649","753","309","169","63","25","6","2","1","0"
"세종특별자치시  전동면(3611038000)","1,872","1,083","495","153","101","27","6","6","1","0","0"
"세종특별자치시  소정면(3611039000)","1,140","565","308","141","87","33","2","3","1","0","0"
"세종특별자치시  한솔동(3611051000)","6,362","1,196","1,371","1,510","1,707","485","64","21","5","3","0"
"세종특별자치시  새롬동(3611051500)","9,758","2,316","1,948","2,289","2,590","523","69","18","5","0","0"
"세종특별자치시  나성동(3611051800)","5,899","2,860","707","866","1,082","333","43","8","0","0","0"
"세종특별자치시  도담동(3611052000)","10,281","3,388","2,140","2,034","2,148","483","74","12","1","1","0"
"세종특별자치시  어진동(3611052300)","5,269","2,672","677","790","886","199","40","4","0","1","0"
"세종특별자치시  해밀동(3611052500)","3,546","988","651","781","841","248","30","4","2","1","0"
"세종특별자치시  아름동(3611053000)","7,945","1,263","1,551","2,029","2,488","519","72","17","4","1","1"
"세종특별자치시  종촌동(3611054000)","10,872","2,912","2,348","2,416","2,542","563","69","15","4","1","2"
"세종특별자치시  고운동(3611055000)","12,815","2,440","2,904","3,114","3,382","791","148","23","7","5","1"
"세종특별자치시  소담동(3611055500)","8,445","2,234","1,944","1,849","1,935","411","55","9","6","2","0"
"세종특별자치시  반곡동(3611055600)","12,077","4,324","2,500","2,505","2,174","481","75","15","1","1","1"
"세종특별자치시  보람동(3611056000)","6,980","1,615","1,488","1,617","1,799","387","59","11","4","0","0"
"세종특별자치시  대평동(3611057000)","4,383","1,097","1,120","1,018","895","210","36","6","0","1","0"
"세종특별자치시  다정동(3611058000)","10,853","2,750","2,381","2,491","2,577","569","67","12","4","1","1"
"경기도  (4100000000)","5,978,724","2,234,805","1,409,346","1,115,566","946,175","217,141","41,998","9,714","2,598","786","595"
"경기도 수원시 (4111000000)","537,078","216,408","116,179","97,146","85,518","17,850","3,047","672","168","48","42"
"경기도 수원시 장안구 (4111100000)","119,900","46,446","26,973","21,943","19,552","4,081","681","153","38","17","16"
"경기도 수원시 장안구 파장동(4111156000)","11,420","4,597","2,810","2,091","1,495","340","61","18","2","2","4"
"경기도 수원시 장안구 율천동(4111156600)","19,558","9,578","3,475","2,979","2,854","556","92","16","5","3","0"
"경기도 수원시 장안구 정자1동(4111157100)","10,757","2,835","2,666","2,366","2,292","500","74","16","4","2","2"
"경기도 수원시 장안구 정자2동(4111157200)","15,714","5,232","3,590","3,161","3,023","592","89","18","6","2","1"
"경기도 수원시 장안구 정자3동(4111157300)","14,085","2,959","2,727","3,378","4,214","664","105","23","9","5","1"
"경기도 수원시 장안구 영화동(4111158000)","10,391","5,628","2,534","1,294","705","174","39","14","3","0","0"
"경기도 수원시 장안구 송죽동(4111159100)","8,775","3,755","2,134","1,504","1,032","274","64","9","1","2","0"
"경기도 수원시 장안구 조원1동(4111159700)","13,429","5,735","3,146","2,324","1,683","441","75","15","6","1","3"
"경기도 수원시 장안구 조원2동(4111159800)","6,445","1,208","1,664","1,659","1,513","333","54","8","2","0","4"
"경기도 수원시 장안구 연무동(4111160000)","9,326","4,919","2,227","1,187","741","207","28","16","0","0","1"
"경기도 수원시 권선구 (4111300000)","163,796","63,542","38,442","30,080","24,895","5,543","997","221","52","13","11"
"경기도 수원시 권선구 세류1동(4111352000)","4,429","1,680","1,179","843","558","133","31","4","1","0","0"
"경기도 수원시 권선구 세류2동(4111353000)","12,478","6,676","2,921","1,577","978","251","55","14","3","2","1"
"경기도 수원시 권선구 세류3동(4111354000)","9,087","4,294","2,353","1,323","840","212","48","13","2","2","0"
"경기도 수원시 권선구 평동(4111355000)","17,384","5,665","4,567","3,534","2,735","715","139","21","7","1","0"
"경기도 수원시 권선구 서둔동(4111356000)","17,889","7,682","4,392","3,017","2,110","543","109","30","4","1","1"
"경기도 수원시 권선구 구운동(4111365000)","10,652","4,297","2,584","1,919","1,445","318","69","17","2","1","0"
"경기도 수원시 권선구 금곡동(4111366200)","17,601","5,190","4,083","3,786","3,618","763","124","23","11","0","3"
"경기도 수원시 권선구 호매실동(4111366400)","17,237","4,482","4,046","3,918","3,835","796","129","24","3","3","1"
"경기도 수원시 권선구 권선1동(4111367000)","13,698","8,097","2,627","1,550","1,075","259","63","19","6","0","2"
"경기도 수원시 권선구 권선2동(4111368000)","17,179","3,620","4,142","4,323","4,065","856","131","32","8","2","0"
"경기도 수원시 권선구 곡선동(4111369000)","17,991","9,498","3,239","2,538","2,228","413","57","11","4","1","2"
"경기도 수원시 권선구 입북동(4111370000)","8,171","2,361","2,309","1,752","1,408","284","42","13","1","0","1"
"경기도 수원시 팔달구 (4111500000)","98,505","47,983","21,411","14,511","11,271","2,675","495","114","31","7","7"
"경기도 수원시 팔달구 매교동(4111565000)","9,343","3,446","2,203","1,690","1,578","357","57","7","3","1","1"
"경기도 수원시 팔달구 매산동(4111566000)","5,896","3,695","1,113","586","349","122","25","5","1","0","0"
"경기도 수원시 팔달구 고등동(4111567000)","9,380","3,943","2,309","1,582","1,188","312","39","6","1","0","0"
"경기도 수원시 팔달구 화서1동(4111568000)","9,722","3,785","2,570","1,744","1,215","321","66","13","7","0","1"
"경기도 수원시 팔달구 화서2동(4111569000)","9,376","2,257","2,401","2,201","2,031","396","63","21","4","1","1"
"경기도 수원시 팔달구 지동(4111570000)","5,374","2,951","1,269","645","365","112","24","6","0","1","1"
"경기도 수원시 팔달구 우만1동(4111571000)","10,633","6,008","2,480","1,176","716","198","41","9","3","0","2"
"경기도 수원시 팔달구 우만2동(4111572000)","7,883","3,636","1,494","1,264","1,167","244","55","18","4","0","1"
"경기도 수원시 팔달구 인계동(4111573000)","24,840","14,212","4,446","3,092","2,407","545","104","24","7","3","0"
"경기도 수원시 팔달구 행궁동(4111574000)","6,058","4,050","1,126","531","255","68","21","5","1","1","0"
"경기도 수원시 영통구 (4111700000)","154,877","58,437","29,353","30,612","29,800","5,551","874","184","47","11","8"
"경기도 수원시 영통구 매탄1동(4111751000)","5,211","2,168","977","956","892","175","31","11","1","0","0"
"경기도 수원시 영통구 매탄2동(4111752000)","6,421","2,686","1,502","1,093","829","246","49","11","2","2","1"
"경기도 수원시 영통구 매탄3동(4111753000)","15,731","7,015","2,694","2,671","2,786","473","66","18","7","1","0"
"경기도 수원시 영통구 매탄4동(4111754000)","9,492","3,925","2,286","1,682","1,306","242","44","6","0","0","1"
"경기도 수원시 영통구 원천동(4111755000)","21,027","9,586","3,618","3,636","3,373","686","107","19","0","1","1"
"경기도 수원시 영통구 영통1동(4111757000)","12,555","2,945","2,911","3,124","2,971","492","80","25","6","1","0"
"경기도 수원시 영통구 영통2동(4111758000)","13,460","7,379","2,318","1,982","1,521","223","30","4","2","1","0"
"경기도 수원시 영통구 영통3동(4111758500)","13,795","5,832","2,116","2,556","2,729","452","75","23","9","1","2"
"경기도 수원시 영통구 망포1동(4111759300)","11,482","2,600","2,198","2,910","3,056","593","108","15","2","0","0"
"경기도 수원시 영통구 망포2동(4111759600)","11,353","1,796","2,098","3,224","3,511","616","87","17","3","1","0"
"경기도 수원시 영통구 광교1동(4111760000)","22,695","9,192","3,639","4,168","4,619","905","131","25","11","3","2"
"경기도 수원시 영통구 광교2동(4111761000)","11,655","3,313","2,996","2,610","2,207","448","66","10","4","0","1"
"경기도 성남시 (4113000000)","409,602","158,989","93,456","76,813","63,400","13,203","2,808","651","202","56","24"
"경기도 성남시 수정구 (4113100000)","116,390","54,027","27,159","18,133","13,180","3,106","622","122","26","11","4"
"경기도 성남시 수정구 신흥1동(4113151000)","7,707","4,778","1,628","758","409","105","24","3","1","0","1"
"경기도 성남시 수정구 신흥2동(4113152000)","11,370","2,637","3,250","2,845","2,092","456","66","18","3","2","1"
"경기도 성남시 수정구 신흥3동(4113153000)","6,416","3,900","1,286","700","418","92","17","3","0","0","0"
"경기도 성남시 수정구 태평1동(4113154000)","8,516","5,121","1,821","878","535","133","23","4","1","0","0"
"경기도 성남시 수정구 태평2동(4113155000)","7,794","4,100","1,809","1,071","618","160","26","9","1","0","0"
"경기도 성남시 수정구 태평3동(4113156000)","6,679","3,463","1,595","884","592","114","21","8","1","1","0"
"경기도 성남시 수정구 태평4동(4113156100)","6,264","3,240","1,384","881","578","145","32","4","0","0","0"
"경기도 성남시 수정구 수진1동(4113157000)","6,975","4,169","1,639","699","359","86","14","5","3","0","1"
"경기도 성남시 수정구 수진2동(4113158000)","7,636","3,696","1,839","1,101","737","203","50","6","3","1","0"
"경기도 성남시 수정구 단대동(4113159000)","6,528","2,403","1,731","1,235","872","226","50","5","3","3","0"
"경기도 성남시 수정구 산성동(4113160000)","2,196","891","557","385","270","77","14","2","0","0","0"
"경기도 성남시 수정구 양지동(4113161000)","4,277","1,704","1,088","734","560","147","38","3","2","1","0"
"경기도 성남시 수정구 복정동(4113162000)","6,568","4,329","1,224","588","343","64","16","4","0","0","0"
"경기도 성남시 수정구 위례동(4113162500)","18,168","5,497","4,260","3,908","3,542","752","157","43","6","3","0"
"경기도 성남시 수정구 신촌동(4113163000)","2,035","830","451","331","297","100","23","2","0","0","1"
"경기도 성남시 수정구 고등동(4113164000)","5,243","1,997","1,229","944","830","194","45","3","1","0","0"
"경기도 성남시 수정구 시흥동(4113165000)","2,018","1,272","368","191","128","52","6","0","1","0","0"
"경기도 성남시 중원구 (4113300000)","101,034","43,585","24,947","17,108","11,896","2,767","566","112","40","8","5"
"경기도 성남시 중원구 성남동(4113351000)","18,307","10,578","3,720","2,171","1,421","317","80","11","8","1","0"
"경기도 성남시 중원구 중앙동(4113352500)","7,676","2,937","1,919","1,509","1,021","224","49","12","4","1","0"
"경기도 성남시 중원구 금광1동(4113353000)","8,239","2,314","2,419","1,953","1,266","244","33","7","2","1","0"
"경기도 성남시 중원구 금광2동(4113354000)","12,243","5,623","3,007","1,930","1,269","325","68","16","3","1","1"
"경기도 성남시 중원구 은행1동(4113355000)","4,427","1,748","1,112","786","602","146","24","8","1","0","0"
"경기도 성남시 중원구 은행2동(4113356000)","10,898","4,790","2,834","1,791","1,160","252","56","12","3","0","0"
"경기도 성남시 중원구 상대원1동(4113357000)","12,174","5,544","3,109","1,944","1,234","276","55","5","5","1","1"
"경기도 성남시 중원구 상대원2동(4113358000)","1,672","893","348","221","159","36","11","0","2","1","1"
"경기도 성남시 중원구 상대원3동(4113359000)","6,460","3,422","1,590","829","466","122","24","5","2","0","0"
"경기도 성남시 중원구 하대원동(4113366000)","8,154","2,561","2,067","1,775","1,307","353","67","16","7","0","1"
"경기도 성남시 중원구 도촌동(4113367000)","10,784","3,175","2,822","2,199","1,991","472","99","20","3","2","1"
"경기도 성남시 분당구 (4113500000)","192,178","61,377","41,350","41,572","38,324","7,330","1,620","417","136","37","15"
"경기도 성남시 분당구 분당동(4113551000)","10,133","3,258","2,167","2,198","2,001","394","85","24","5","0","1"
"경기도 성남시 분당구 수내1동(4113552000)","7,787","3,229","1,367","1,378","1,464","259","54","25","9","1","1"
"경기도 성남시 분당구 수내2동(4113553000)","3,167","263","487","918","1,219","213","48","17","2","0","0"
"경기도 성남시 분당구 수내3동(4113554000)","5,159","1,618","817","1,092","1,336","237","41","12","5","1","0"
"경기도 성남시 분당구 정자동(4113554500)","6,390","2,586","1,332","1,195","1,008","213","42","12","2","0","0"
"경기도 성남시 분당구 정자1동(4113555000)","13,963","6,305","2,592","2,312","2,151","448","122","21","10","1","1"
"경기도 성남시 분당구 정자2동(4113556000)","7,330","3,433","1,708","1,217","804","125","33","7","2","0","1"
"경기도 성남시 분당구 정자3동(4113557000)","6,636","1,904","1,384","1,590","1,432","248","62","14","1","1","0"
"경기도 성남시 분당구 서현1동(4113558000)","12,584","4,363","2,317","2,528","2,692","506","128","36","8","4","2"
"경기도 성남시 분당구 서현2동(4113559000)","6,599","1,599","1,335","1,674","1,609","299","54","21","6","2","0"
"경기도 성남시 분당구 이매1동(4113560000)","9,003","1,842","2,044","2,282","2,296","405","99","19","13","2","1"
"경기도 성남시 분당구 이매2동(4113561000)","4,441","672","995","1,109","1,298","271","71","17","7","1","0"
"경기도 성남시 분당구 야탑1동(4113562000)","7,535","3,023","1,618","1,417","1,178","231","52","11","3","2","0"
"경기도 성남시 분당구 야탑2동(4113563000)","6,034","1,534","1,445","1,351","1,292","297","79","24","9","2","1"
"경기도 성남시 분당구 야탑3동(4113564000)","12,635","5,218","3,062","2,425","1,546","296","69","12","4","3","0"
"경기도 성남시 분당구 판교동(4113565000)","8,999","1,369","1,834","2,555","2,590","514","94","31","9","3","0"
"경기도 성남시 분당구 삼평동(4113565500)","9,058","2,199","1,998","2,257","2,162","360","60","13","7","2","0"
"경기도 성남시 분당구 백현동(4113565700)","10,428","2,706","2,561","2,362","2,214","479","75","21","5","4","1"
"경기도 성남시 분당구 금곡동(4113566200)","12,058","4,538","2,911","2,342","1,811","344","76","18","13","3","2"
"경기도 성남시 분당구 구미1동(4113566500)","7,101","2,545","1,564","1,486","1,236","212","48","8","2","0","0"
"경기도 성남시 분당구 구미동(4113567000)","12,576","4,657","2,973","2,426","1,987","397","105","23","5","2","1"
"경기도 성남시 분당구 운중동(4113568000)","12,562","2,516","2,839","3,458","2,998","582","123","31","9","3","3"
"경기도 의정부시 (4115000000)","209,891","80,645","52,390","38,950","29,659","6,700","1,222","242","52","20","11"
"경기도 의정부시 의정부1동(4115051000)","23,082","14,178","4,444","2,483","1,532","365","68","8","2","2","0"
"경기도 의정부시 의정부2동(4115052000)","15,959","8,424","3,650","2,144","1,382","288","53","14","3","0","1"
"경기도 의정부시 호원1동(4115054500)","15,247","5,244","4,271","3,065","2,051","486","103","18","5","2","2"
"경기도 의정부시 호원2동(4115055500)","13,330","3,577","3,765","2,882","2,433","536","111","21","3","2","0"
"경기도 의정부시 장암동(4115056100)","8,291","2,848","2,223","1,583","1,288","294","47","5","2","1","0"
"경기도 의정부시 신곡1동(4115056700)","16,917","5,419","4,616","3,610","2,598","543","96","28","4","3","0"
"경기도 의정부시 신곡2동(4115056800)","18,959","5,718","5,173","4,042","3,132","722","139","26","6","1","0"
"경기도 의정부시 송산1동(4115057300)","24,173","7,691","6,228","5,159","4,048","865","138","33","8","1","2"
"경기도 의정부시 송산2동(4115057600)","13,125","4,149","3,095","2,734","2,448","559","111","18","7","4","0"
"경기도 의정부시 송산3동(4115057800)","18,022","5,137","4,231","3,920","3,754","829","127","20","2","2","0"
"경기도 의정부시 자금동(4115058000)","11,803","4,628","2,932","2,201","1,601","367","59","12","2","0","1"
"경기도 의정부시 가능동(4115059500)","12,074","5,432","3,086","2,002","1,212","270","61","6","4","0","1"
"경기도 의정부시 흥선동(4115061500)","9,672","4,527","2,346","1,485","970","275","53","12","2","1","1"
"경기도 의정부시 녹양동(4115062000)","9,237","3,673","2,330","1,640","1,210","301","56","21","2","1","3"
"경기도 안양시 (4117000000)","227,627","73,042","55,831","48,104","40,549","8,061","1,523","371","99","30","17"
"경기도 안양시 만안구 (4117100000)","101,831","36,851","25,979","19,750","15,002","3,358","663","164","43","13","8"
"경기도 안양시 만안구 안양1동(4117151000)","5,121","1,794","1,230","1,011","878","174","26","6","2","0","0"
"경기도 안양시 만안구 안양2동(4117152000)","10,872","4,460","2,816","1,956","1,300","276","52","8","1","2","1"
"경기도 안양시 만안구 안양3동(4117153000)","7,359","2,996","1,932","1,248","911","212","47","8","4","1","0"
"경기도 안양시 만안구 안양4동(4117154000)","3,563","1,847","825","460","324","88","12","5","0","2","0"
"경기도 안양시 만안구 안양5동(4117155000)","4,886","2,156","1,240","804","516","132","28","8","2","0","0"
"경기도 안양시 만안구 안양6동(4117156000)","12,632","5,506","2,898","2,231","1,561","338","70","21","5","1","1"
"경기도 안양시 만안구 안양7동(4117157000)","5,798","1,437","1,402","1,447","1,215","241","41","10","3","1","1"
"경기도 안양시 만안구 안양8동(4117158000)","4,235","1,980","1,066","673","392","108","14","0","2","0","0"
"경기도 안양시 만안구 안양9동(4117158100)","7,103","2,180","2,129","1,494","996","229","58","11","4","2","0"
"경기도 안양시 만안구 석수1동(4117159000)","7,502","1,910","2,169","1,691","1,354","280","70","21","2","2","3"
"경기도 안양시 만안구 석수2동(4117160000)","12,629","3,994","3,271","2,657","2,103","488","83","26","6","0","1"
"경기도 안양시 만안구 석수3동(4117161000)","5,442","1,918","1,375","1,031","875","198","35","6","4","0","0"
"경기도 안양시 만안구 박달1동(4117162100)","6,892","3,051","1,722","1,096","796","172","40","13","0","1","1"
"경기도 안양시 만안구 박달2동(4117163000)","7,797","1,622","1,904","1,951","1,781","422","87","21","8","1","0"
"경기도 안양시 동안구 (4117300000)","125,796","36,191","29,852","28,354","25,547","4,703","860","207","56","17","9"
"경기도 안양시 동안구 비산1동(4117351000)","10,661","2,096","2,731","2,835","2,407","479","87","17","8","1","0"
"경기도 안양시 동안구 비산2동(4117352000)","5,173","804","1,373","1,453","1,224","251","39","20","5","2","2"
"경기도 안양시 동안구 비산3동(4117353000)","5,177","1,946","1,369","950","707","165","31","7","2","0","0"
"경기도 안양시 동안구 부흥동(4117354000)","6,312","1,608","1,408","1,489","1,492","250","54","7","2","1","1"
"경기도 안양시 동안구 달안동(4117354600)","5,378","2,704","1,376","787","435","65","8","2","1","0","0"
"경기도 안양시 동안구 관양1동(4117355000)","15,450","5,910","4,123","2,792","2,016","479","95","28","6","0","1"
"경기도 안양시 동안구 관양2동(4117356000)","8,733","3,818","1,961","1,503","1,190","212","39","8","2","0","0"
"경기도 안양시 동안구 부림동(4117356600)","12,148","4,882","3,057","2,291","1,665","214","30","5","3","1","0"
"경기도 안양시 동안구 평촌동(4117357000)","4,921","804","1,091","1,399","1,355","213","38","17","4","0","0"
"경기도 안양시 동안구 평안동(4117357600)","8,075","1,399","1,611","2,342","2,386","283","42","9","3","0","0"
"경기도 안양시 동안구 귀인동(4117357800)","5,065","582","755","1,365","1,897","371","73","17","4","1","0"
"경기도 안양시 동안구 호계1동(4117358000)","8,164","2,095","1,756","2,048","1,909","293","50","10","1","0","2"
"경기도 안양시 동안구 호계2동(4117359000)","7,469","1,989","1,876","1,758","1,486","293","52","10","4","1","0"
"경기도 안양시 동안구 호계3동(4117360000)","8,948","2,319","2,127","2,067","1,932","394","84","20","2","2","1"
"경기도 안양시 동안구 범계동(4117361000)","5,838","1,495","1,318","1,342","1,343","266","58","11","3","2","0"
"경기도 안양시 동안구 신촌동(4117362000)","4,448","819","1,044","1,148","1,194","208","29","4","1","1","0"
"경기도 안양시 동안구 갈산동(4117363000)","3,836","921","876","785","909","267","51","15","5","5","2"
"경기도 부천시 (4119000000)","344,096","124,962","86,372","66,834","51,906","11,180","2,172","484","137","28","21"
"경기도 부천시 심곡동(4119060300)","32,022","17,079","7,329","4,221","2,599","609","141","34","6","0","4"
"경기도 부천시 부천동(4119060600)","38,161","14,050","10,091","7,289","5,215","1,171","268","51","16","7","3"
"경기도 부천시 중동(4119061000)","17,680","6,701","4,191","3,330","2,668","620","135","19","11","4","1"
"경기도 부천시 신중동(4119074200)","55,423","19,967","12,981","11,200","8,867","1,922","370","82","24","7","3"
"경기도 부천시 상동(4119074400)","31,114","7,390","7,031","7,671","7,448","1,292","217","51","11","3","0"
"경기도 부천시 대산동(4119074600)","35,478","13,986","9,298","6,598","4,361","998","185","46","4","0","2"
"경기도 부천시 소사본동(4119075000)","23,714","7,956","6,816","4,763","3,296","700","129","40","12","1","1"
"경기도 부천시 범안동(4119079500)","40,085","11,462","9,788","8,831","8,051","1,600","275","54","18","4","2"
"경기도 부천시 성곡동(4119080000)","35,228","13,222","9,534","6,419","4,644","1,112","226","54","14","1","2"
"경기도 부천시 오정동(4119083000)","35,191","13,149","9,313","6,512","4,757","1,156","226","53","21","1","3"
"경기도 광명시 (4121000000)","115,114","35,540","28,467","23,928","21,470","4,560","891","181","52","21","4"
"경기도 광명시 광명1동(4121051000)","45","42","2","0","1","0","0","0","0","0","0"
"경기도 광명시 광명2동(4121052000)","1,534","742","407","222","128","24","10","1","0","0","0"
"경기도 광명시 광명3동(4121054000)","4,904","2,242","1,311","749","435","131","30","6","0","0","0"
"경기도 광명시 광명4동(4121055000)","3,526","1,314","998","654","424","104","26","3","2","0","1"
"경기도 광명시 광명5동(4121056000)","5,159","1,719","1,369","1,031","810","183","37","6","3","0","1"
"경기도 광명시 광명6동(4121057000)","5,220","1,221","1,354","1,208","1,083","285","53","12","4","0","0"
"경기도 광명시 광명7동(4121058000)","8,832","2,333","2,382","2,122","1,535","355","75","23","4","2","1"
"경기도 광명시 철산1동(4121059000)","3,857","836","861","946","984","188","35","6","1","0","0"
"경기도 광명시 철산2동(4121060000)","2,968","1,650","625","379","244","57","12","1","0","0","0"
"경기도 광명시 철산3동(4121061000)","12,725","2,147","2,757","3,305","3,625","709","146","20","10","5","1"
"경기도 광명시 철산4동(4121062000)","3,702","958","932","897","734","153","22","5","1","0","0"
"경기도 광명시 하안1동(4121063100)","9,871","2,807","2,152","2,138","2,240","417","85","20","10","2","0"
"경기도 광명시 하안2동(4121063200)","6,494","2,709","1,821","1,159","677","105","20","3","0","0","0"
"경기도 광명시 하안3동(4121063300)","8,681","3,201","2,356","1,631","1,253","186","41","10","2","1","0"
"경기도 광명시 하안4동(4121063400)","5,053","1,627","1,301","1,076","896","130","18","4","1","0","0"
"경기도 광명시 소하1동(4121064000)","11,382","2,812","2,742","2,415","2,605","652","119","25","7","5","0"
"경기도 광명시 소하2동(4121065000)","10,981","3,176","3,141","2,213","1,866","474","81","23","4","3","0"
"경기도 광명시 일직동(4121065500)","9,190","3,514","1,688","1,664","1,857","384","72","8","1","2","0"
"경기도 광명시 학온동(4121066000)","990","490","268","119","73","23","9","5","2","1","0"
"경기도 평택시 (4122000000)","279,835","123,851","63,081","44,902","36,766","9,019","1,712","368","91","21","24"
"경기도 평택시 팽성읍(4122025000)","15,944","8,799","3,939","1,781","983","311","96","24","10","1","0"
"경기도 평택시 안중읍(4122025300)","19,260","7,843","4,412","3,121","2,951","763","125","32","9","1","3"
"경기도 평택시 포승읍(4122025600)","13,927","8,705","2,585","1,290","967","282","77","15","5","1","0"
"경기도 평택시 청북읍(4122025900)","11,306","4,213","2,409","1,964","2,035","569","93","17","4","2","0"
"경기도 평택시 진위면(4122031000)","6,068","3,227","1,465","753","450","132","32","8","1","0","0"
"경기도 평택시 서탄면(4122032000)","1,954","1,016","521","241","117","43","13","2","0","0","1"
"경기도 평택시 고덕면(4122033000)","6,291","2,836","1,608","969","651","175","41","8","3","0","0"
"경기도 평택시 오성면(4122034000)","3,275","1,488","964","434","263","85","33","3","4","0","1"
"경기도 평택시 현덕면(4122037000)","3,076","1,483","896","387","220","62","23","3","0","0","2"
"경기도 평택시 중앙동(4122051000)","21,520","10,496","4,641","3,075","2,531","629","119","22","2","2","3"
"경기도 평택시 서정동(4122052000)","12,542","6,372","3,020","1,670","1,078","316","59","16","8","1","2"
"경기도 평택시 송탄동(4122053500)","9,583","3,464","2,341","1,895","1,468","328","66","11","5","4","1"
"경기도 평택시 지산동(4122055000)","7,664","4,867","1,425","719","480","139","30","4","0","0","0"
"경기도 평택시 송북동(4122056000)","9,546","3,630","2,427","1,697","1,310","364","91","24","2","0","1"
"경기도 평택시 신장1동(4122057000)","3,874","2,110","899","455","294","93","19","3","0","1","0"
"경기도 평택시 신장2동(4122058000)","3,178","1,999","718","271","119","50","15","4","2","0","0"
"경기도 평택시 신평동(4122059000)","11,684","6,884","2,323","1,285","879","239","61","7","4","0","2"
"경기도 평택시 원평동(4122060000)","7,091","3,642","1,667","1,029","582","129","34","8","0","0","0"
"경기도 평택시 통복동(4122061000)","2,348","1,466","511","220","103","36","8","2","2","0","0"
"경기도 평택시 비전1동(4122062000)","22,006","7,827","4,992","4,189","3,977","863","122","28","3","3","2"
"경기도 평택시 비전2동(4122063000)","23,126","6,654","5,678","5,125","4,443","987","187","37","9","2","4"
"경기도 평택시 용이동(4122063500)","11,180","4,631","1,857","1,958","2,148","480","81","19","4","1","1"
"경기도 평택시 세교동(4122064000)","15,794","5,135","3,928","3,241","2,715","634","106","29","5","1","0"
"경기도 평택시 동삭동(4122065000)","17,717","6,272","3,845","3,728","3,113","643","90","19","6","0","1"
"경기도 평택시 고덕동(4122066000)","19,881","8,792","4,010","3,405","2,889","667","91","23","3","1","0"
"경기도 동두천시 (4125000000)","43,366","19,405","11,246","6,606","4,403","1,298","321","63","15","2","7"
"경기도 동두천시 생연1동(4125051000)","3,241","1,503","889","490","247","81","21","8","0","0","2"
"경기도 동두천시 생연2동(4125052000)","5,033","1,944","1,388","870","579","185","51","12","4","0","0"
"경기도 동두천시 중앙동(4125053500)","2,905","1,893","606","257","105","37","7","0","0","0","0"
"경기도 동두천시 보산동(4125055000)","1,548","856","381","205","71","25","7","1","2","0","0"
"경기도 동두천시 불현동(4125056500)","12,016","5,030","3,172","1,925","1,370","396","102","14","4","1","2"
"경기도 동두천시 송내동(4125056600)","11,388","4,465","2,867","2,004","1,514","420","95","19","3","1","0"
"경기도 동두천시 소요동(4125058000)","4,441","2,226","1,190","541","338","119","20","4","0","0","3"
"경기도 동두천시 상패동(4125060000)","2,794","1,488","753","314","179","35","18","5","2","0","0"
"경기도 안산시 (4127000000)","288,567","118,613","66,926","50,375","40,743","9,569","1,789","386","115","28","23"
"경기도 안산시 상록구 (4127100000)","153,212","62,670","35,747","26,872","21,400","5,187","998","242","61","18","17"
"경기도 안산시 상록구 일동(4127151000)","11,184","4,888","2,666","1,857","1,328","361","59","20","4","0","1"
"경기도 안산시 상록구 이동(4127151500)","13,367","8,130","2,626","1,405","914","226","49","13","2","1","1"
"경기도 안산시 상록구 사동(4127152500)","15,387","7,771","3,286","2,186","1,641","409","75","15","3","0","1"
"경기도 안산시 상록구 사이동(4127153200)","12,946","4,262","3,139","2,632","2,152","595","123","32","7","3","1"
"경기도 안산시 상록구 해양동(4127153700)","15,514","4,693","2,773","3,325","3,712","819","140","36","8","4","4"
"경기도 안산시 상록구 본오1동(4127154000)","17,347","7,997","3,963","2,716","1,993","552","104","17","3","1","1"
"경기도 안산시 상록구 본오2동(4127155000)","10,846","3,917","2,658","2,096","1,647","405","94","17","7","2","3"
"경기도 안산시 상록구 본오3동(4127156000)","8,981","3,971","2,158","1,467","1,083","244","34","15","5","2","2"
"경기도 안산시 상록구 부곡동(4127157000)","9,417","3,655","2,343","1,770","1,218","339","69","15","5","1","2"
"경기도 안산시 상록구 월피동(4127158000)","16,860","6,942","3,996","2,987","2,272","534","101","21","5","2","0"
"경기도 안산시 상록구 성포동(4127159000)","9,658","2,116","2,701","2,351","2,040","361","69","15","4","1","0"
"경기도 안산시 상록구 반월동(4127160000)","7,542","2,552","2,331","1,400","970","222","48","15","3","0","1"
"경기도 안산시 상록구 안산동(4127161000)","4,163","1,776","1,107","680","430","120","33","11","5","1","0"
"경기도 안산시 단원구 (4127300000)","135,355","55,943","31,179","23,503","19,343","4,382","791","144","54","10","6"
"경기도 안산시 단원구 와동(4127351000)","17,461","7,643","4,111","2,884","2,123","551","119","22","7","1","0"
"경기도 안산시 단원구 고잔동(4127352500)","10,089","4,718","2,307","1,622","1,103","279","45","11","3","0","1"
"경기도 안산시 단원구 중앙동(4127353200)","11,846","5,924","2,326","1,807","1,452","289","40","6","1","1","0"
"경기도 안산시 단원구 호수동(4127353500)","16,093","4,124","3,354","3,699","3,963","779","141","18","12","2","1"
"경기도 안산시 단원구 원곡동(4127354500)","3,941","2,820","751","237","91","38","3","0","1","0","0"
"경기도 안산시 단원구 백운동(4127355500)","9,583","2,360","2,696","2,266","1,755","406","84","11","5","0","0"
"경기도 안산시 단원구 신길동(4127356500)","9,789","4,078","2,363","1,511","1,384","385","56","9","2","1","0"
"경기도 안산시 단원구 초지동(4127357000)","20,415","8,062","4,461","3,738","3,322","691","105","25","8","2","1"
"경기도 안산시 단원구 선부1동(4127358000)","8,124","3,384","2,058","1,451","994","195","30","10","1","0","1"
"경기도 안산시 단원구 선부2동(4127359000)","7,558","3,769","1,680","1,133","733","198","35","6","4","0","0"
"경기도 안산시 단원구 선부3동(4127360000)","14,964","5,962","3,479","2,685","2,206","507","97","20","6","2","0"
"경기도 안산시 단원구 대부동(4127361000)","5,492","3,099","1,593","470","217","64","36","6","4","1","2"
"경기도 고양시 (4128000000)","464,380","165,130","110,636","92,924","75,013","16,310","3,238","806","217","65","41"
"경기도 고양시 덕양구 (4128100000)","220,682","82,712","53,866","42,139","32,913","7,183","1,386","362","81","20","20"
"경기도 고양시 덕양구 주교동(4128151000)","5,446","2,532","1,320","829","587","130","35","10","3","0","0"
"경기도 고양시 덕양구 원신동(4128152000)","9,402","2,717","2,580","1,983","1,675","349","74","18","5","1","0"
"경기도 고양시 덕양구 흥도동(4128153000)","12,701","4,765","2,670","2,357","2,297","492","92","22","4","1","1"
"경기도 고양시 덕양구 성사1동(4128154000)","10,057","4,317","2,428","1,704","1,225","301","66","13","1","1","1"
"경기도 고양시 덕양구 성사2동(4128155000)","4,688","1,590","1,331","858","689","177","31","10","1","1","0"
"경기도 고양시 덕양구 효자동(4128156000)","10,016","3,318","2,280","2,186","1,774","371","71","13","1","1","1"
"경기도 고양시 덕양구 삼송1동(4128157600)","10,099","4,057","2,434","1,896","1,350","288","57","16","0","1","0"
"경기도 고양시 덕양구 삼송2동(4128157700)","14,198","6,227","3,798","2,355","1,491","265","46","8","4","2","2"
"경기도 고양시 덕양구 창릉동(4128158000)","10,308","3,598","2,696","2,220","1,428","300","44","18","3","0","1"
"경기도 고양시 덕양구 고양동(4128159000)","12,503","4,676","3,106","2,195","1,903","484","110","20","6","1","2"
"경기도 고양시 덕양구 관산동(4128160000)","16,439","6,507","4,631","2,858","1,783","501","110","39","5","3","2"
"경기도 고양시 덕양구 능곡동(4128161000)","8,006","2,967","1,942","1,518","1,199","303","61","11","3","1","1"
"경기도 고양시 덕양구 화정1동(4128162100)","15,855","6,130","3,613","2,869","2,447","603","141","36","12","1","3"
"경기도 고양시 덕양구 화정2동(4128162200)","12,947","3,951","2,971","3,053","2,558","351","43","14","3","1","2"
"경기도 고양시 덕양구 행주동(4128163000)","8,944","4,936","1,881","1,191","713","172","31","13","4","1","2"
"경기도 고양시 덕양구 행신1동(4128164000)","8,727","2,701","2,352","1,882","1,406","308","61","13","3","0","1"
"경기도 고양시 덕양구 행신2동(4128165000)","13,125","4,532","3,266","2,711","2,064","430","89","24","8","0","1"
"경기도 고양시 덕양구 행신3동(4128165500)","8,941","2,169","2,305","2,219","1,822","344","61","15","5","1","0"
"경기도 고양시 덕양구 행신4동(4128165600)","9,747","4,441","2,368","1,472","1,142","268","42","10","3","1","0"
"경기도 고양시 덕양구 화전동(4128166000)","12,043","4,319","2,731","2,445","2,038","412","71","24","2","1","0"
"경기도 고양시 덕양구 대덕동(4128167000)","6,490","2,262","1,163","1,338","1,322","334","50","15","5","1","0"
"경기도 고양시 일산동구 (4128500000)","127,885","48,301","29,138","24,561","20,097","4,455","996","234","67","21","15"
"경기도 고양시 일산동구 식사동(4128551000)","14,871","3,515","2,937","3,734","3,557","866","199","39","16","5","3"
"경기도 고양시 일산동구 중산1동(4128552500)","8,999","3,176","2,245","1,810","1,319","343","76","24","3","1","2"
"경기도 고양시 일산동구 중산2동(4128552600)","9,619","2,544","2,737","2,119","1,782","359","55","15","7","1","0"
"경기도 고양시 일산동구 정발산동(4128553000)","10,033","3,987","2,478","1,844","1,308","313","83","15","4","0","1"
"경기도 고양시 일산동구 풍산동(4128554000)","14,343","3,701","3,501","3,254","3,025","660","150","34","10","5","3"
"경기도 고양시 일산동구 백석1동(4128555100)","12,822","4,630","3,100","2,697","1,974","328","70","19","2","1","1"
"경기도 고양시 일산동구 백석2동(4128555200)","11,575","6,818","2,328","1,383","830","170","32","6","3","4","1"
"경기도 고양시 일산동구 마두1동(4128556000)","8,751","2,311","1,896","1,946","2,053","429","89","22","5","0","0"
"경기도 고양시 일산동구 마두2동(4128557000)","5,750","1,372","1,245","1,355","1,370","323","65","15","5","0","0"
"경기도 고양시 일산동구 장항1동(4128558000)","4,589","1,588","972","1,027","825","126","38","12","1","0","0"
"경기도 고양시 일산동구 장항2동(4128559000)","15,754","9,746","2,992","1,675","1,048","215","55","12","6","3","2"
"경기도 고양시 일산동구 고봉동(4128560000)","10,779","4,913","2,707","1,717","1,006","323","84","21","5","1","2"
"경기도 고양시 일산서구 (4128700000)","115,813","34,117","27,632","26,224","22,003","4,672","856","210","69","24","6"
"경기도 고양시 일산서구 일산1동(4128751000)","10,043","2,511","2,655","2,387","1,943","431","81","27","7","0","1"
"경기도 고양시 일산서구 일산2동(4128752000)","8,481","3,085","2,149","1,657","1,246","281","47","12","1","2","1"
"경기도 고양시 일산서구 일산3동(4128753000)","12,105","2,225","2,554","3,411","3,318","518","56","15","5","3","0"
"경기도 고양시 일산서구 탄현1동(4128754500)","12,381","3,998","2,704","2,773","2,290","506","77","19","12","2","0"
"경기도 고양시 일산서구 탄현2동(4128754600)","7,286","1,769","1,754","1,762","1,550","338","85","19","4","3","2"
"경기도 고양시 일산서구 주엽1동(4128755000)","10,969","3,252","2,757","2,418","2,038","401","74","17","8","4","0"
"경기도 고양시 일산서구 주엽2동(4128756000)","11,450","3,706","2,814","2,406","2,012","416","77","11","6","2","0"
"경기도 고양시 일산서구 대화동(4128757000)","16,188","6,807","3,698","3,054","2,083","441","72","25","6","1","1"
"경기도 고양시 일산서구 송포동(4128758000)","8,027","1,947","2,121","1,978","1,572","322","70","8","8","1","0"
"경기도 고양시 일산서구 덕이동(4128760000)","11,688","2,989","2,703","2,745","2,390","660","146","38","11","5","1"
"경기도 고양시 일산서구 가좌동(4128761000)","7,195","1,828","1,723","1,633","1,561","358","71","19","1","1","0"
"경기도 과천시 (4129000000)","29,194","6,123","6,612","7,129","7,102","1,769","338","79","28","8","6"
"경기도 과천시 중앙동(4129051000)","4,194","881","1,036","1,074","951","180","52","12","5","2","1"
"경기도 과천시 원문동(4129051500)","5,106","628","1,070","1,467","1,546","330","50","10","4","1","0"
"경기도 과천시 갈현동(4129052000)","3,380","292","546","815","1,176","461","67","15","7","1","0"
"경기도 과천시 별양동(4129053000)","5,286","1,085","1,189","1,329","1,313","299","51","13","4","1","2"
"경기도 과천시 부림동(4129054000)","5,364","1,049","1,322","1,407","1,270","253","45","15","2","1","0"
"경기도 과천시 과천동(4129055000)","3,103","1,331","742","502","353","129","36","7","3","0","0"
"경기도 과천시 문원동(4129056000)","2,761","857","707","535","493","117","37","7","3","2","3"
"경기도 구리시 (4131000000)","80,450","28,264","19,205","16,017","13,416","2,839","542","115","33","12","7"
"경기도 구리시 갈매동(4131051000)","12,244","3,605","2,951","2,696","2,470","432","69","15","3","3","0"
"경기도 구리시 동구동(4131052000)","13,683","3,273","3,395","3,275","2,944","635","123","25","6","4","3"
"경기도 구리시 인창동(4131053000)","9,645","2,837","2,369","2,164","1,786","385","77","18","6","1","2"
"경기도 구리시 교문1동(4131054100)","7,988","4,144","1,836","1,115","655","186","43","7","1","1","0"
"경기도 구리시 교문2동(4131054200)","7,906","1,769","1,944","1,875","1,829","375","84","23","4","3","0"
"경기도 구리시 수택1동(4131057000)","7,764","3,892","1,701","1,098","852","193","20","4","3","0","1"
"경기도 구리시 수택2동(4131058000)","11,836","5,183","2,869","1,983","1,373","330","80","12","5","0","1"
"경기도 구리시 수택3동(4131059000)","9,384","3,561","2,140","1,811","1,507","303","46","11","5","0","0"
"경기도 남양주시 (4136000000)","304,768","98,566","75,795","60,736","53,212","12,976","2,653","603","143","50","34"
"경기도 남양주시 와부읍(4136025000)","22,494","5,882","5,810","4,896","4,552","1,046","237","50","11","6","4"
"경기도 남양주시 진접읍(4136025300)","39,698","12,400","10,374","7,757","6,885","1,797","378","79","16","7","5"
"경기도 남양주시 화도읍(4136025600)","28,579","10,407","7,387","5,337","4,074","1,098","216","46","10","3","1"
"경기도 남양주시 화도읍동부출장소(4136025700)","5,743","1,956","1,511","1,083","820","281","63","19","6","1","3"
"경기도 남양주시 화도읍남부출장소(4136025800)","14,412","4,290","3,438","3,114","2,724","667","135","28","11","5","0"
"경기도 남양주시 진건읍(4136025900)","9,914","4,062","2,691","1,629","1,139","298","71","19","3","1","1"
"경기도 남양주시 오남읍(4136026200)","21,734","7,078","5,568","4,278","3,652","933","185","28","8","2","2"
"경기도 남양주시 퇴계원읍(4136026500)","11,631","3,638","3,224","2,421","1,795","430","91","22","9","0","1"
"경기도 남양주시 별내면(4136031000)","8,265","3,061","2,206","1,447","1,172","296","66","12","3","1","1"
"경기도 남양주시 수동면(4136034000)","4,853","2,625","1,281","491","285","112","39","13","3","2","2"
"경기도 남양주시 조안면(4136036000)","1,967","930","544","246","157","59","24","5","2","0","0"
"경기도 남양주시 호평동(4136051000)","21,736","5,548","5,298","4,947","4,681","1,014","197","34","13","2","2"
"경기도 남양주시 평내동(4136052000)","14,551","3,882","3,324","3,212","3,215","720","156","33","6","2","1"
"경기도 남양주시 금곡동(4136053000)","8,873","3,888","2,516","1,401","821","200","35","10","2","0","0"
"경기도 남양주시 양정동(4136054000)","1,783","1,122","373","163","86","29","6","3","1","0","0"
"경기도 남양주시 다산1동(4136054500)","40,169","12,316","8,448","8,452","8,260","2,164","387","114","15","8","5"
"경기도 남양주시 다산2동(4136056500)","14,059","3,769","3,276","3,119","3,174","574","107","30","5","3","2"
"경기도 남양주시 별내동(4136057000)","34,307","11,712","8,526","6,743","5,720","1,258","260","58","19","7","4"
"경기도 오산시 (4137000000)","104,437","44,185","22,193","17,050","16,283","3,852","674","143","37","13","7"
"경기도 오산시 중앙동(4137051000)","14,177","4,549","3,175","2,925","2,780","622","106","16","3","0","1"
"경기도 오산시 남촌동(4137053000)","15,152","10,635","2,240","1,113","894","221","40","7","2","0","0"
"경기도 오산시 신장동(4137054000)","25,494","9,085","6,132","4,532","4,413","1,099","175","43","12","3","0"
"경기도 오산시 세마동(4137055000)","13,145","4,471","2,881","2,553","2,531","569","110","18","7","4","1"
"경기도 오산시 초평동(4137056000)","7,847","3,507","1,765","1,199","1,067","260","41","8","0","0","0"
"경기도 오산시 대원동(4137057000)","28,622","11,938","6,000","4,728","4,598","1,081","202","51","13","6","5"
"경기도 시흥시 (4139000000)","228,474","87,400","50,974","42,691","37,178","8,464","1,341","303","85","21","17"
"경기도 시흥시 대야동(4139051000)","18,333","6,262","4,664","3,702","2,967","591","101","30","9","2","5"
"경기도 시흥시 신천동(4139052000)","16,131","6,826","4,079","2,781","1,861","470","84","21","8","1","0"
"경기도 시흥시 신현동(4139053100)","4,342","1,669","1,300","697","521","124","25","1","4","0","1"
"경기도 시흥시 은행동(4139054000)","20,866","5,210","4,599","5,022","4,770","1,070","140","42","9","3","1"
"경기도 시흥시 매화동(4139055000)","5,255","2,042","1,360","936","677","189","34","15","1","1","0"
"경기도 시흥시 목감동(4139057000)","17,246","5,522","4,288","3,584","3,023","698","105","14","7","2","3"
"경기도 시흥시 군자동(4139058100)","9,821","3,744","2,580","1,816","1,275","328","59","13","3","1","2"
"경기도 시흥시 월곶동(4139058200)","8,486","3,883","2,010","1,358","933","235","55","9","3","0","0"
"경기도 시흥시 정왕본동(4139058900)","12,637","9,250","1,792","854","544","152","29","8","4","2","2"
"경기도 시흥시 정왕1동(4139059100)","13,483","8,944","2,066","1,327","905","204","27","10","0","0","0"
"경기도 시흥시 정왕2동(4139059200)","11,335","3,451","2,794","2,425","2,077","493","66","22","6","1","0"
"경기도 시흥시 정왕3동(4139059300)","11,001","5,451","2,312","1,586","1,262","319","55","15","0","0","1"
"경기도 시흥시 정왕4동(4139059400)","7,433","1,631","1,815","1,801","1,713","375","81","14","2","0","1"
"경기도 시흥시 배곧1동(4139059600)","12,214","1,971","2,665","3,295","3,461","703","99","15","4","1","0"
"경기도 시흥시 배곧2동(4139059700)","15,490","6,554","2,553","2,666","2,939","674","71","25","6","1","1"
"경기도 시흥시 과림동(4139062100)","1,156","749","252","96","39","13","5","2","0","0","0"
"경기도 시흥시 연성동(4139063000)","9,653","2,724","2,370","2,167","1,883","419","75","9","3","3","0"
"경기도 시흥시 장곡동(4139063100)","17,336","4,577","4,084","3,825","3,808","888","127","19","6","2","0"
"경기도 시흥시 능곡동(4139064000)","10,404","3,465","2,428","1,974","1,982","439","91","15","9","1","0"
"경기도 시흥시 거북섬동(4139065000)","5,852","3,475","963","779","538","80","12","4","1","0","0"
"경기도 군포시 (4141000000)","113,032","39,913","27,727","22,077","18,292","4,027","756","175","45","11","9"
"경기도 군포시 군포1동(4141051000)","15,424","6,958","3,456","2,493","1,904","502","85","17","6","1","2"
"경기도 군포시 군포2동(4141052000)","16,221","4,098","3,982","3,749","3,475","750","132","22","8","3","2"
"경기도 군포시 산본1동(4141054000)","8,448","4,586","2,104","1,020","591","118","22","3","3","1","0"
"경기도 군포시 산본2동(4141055000)","9,863","2,392","2,495","2,419","2,020","423","82","25","7","0","0"
"경기도 군포시 금정동(4141056000)","9,822","4,706","2,286","1,522","976","265","50","14","1","1","1"
"경기도 군포시 재궁동(4141057000)","8,319","3,310","2,386","1,420","905","222","57","15","4","0","0"
"경기도 군포시 오금동(4141058000)","8,650","2,632","2,346","1,901","1,472","244","38","11","5","0","1"
"경기도 군포시 수리동(4141059000)","7,033","2,670","1,866","1,253","974","218","42","9","1","0","0"
"경기도 군포시 궁내동(4141060000)","6,934","1,203","1,509","1,814","1,923","402","60","16","5","0","2"
"경기도 군포시 대야동(4141061000)","3,833","1,124","1,052","837","613","154","36","14","3","0","0"
"경기도 군포시 광정동(4141062000)","10,291","3,892","2,227","1,867","1,830","368","84","17","1","4","1"
"경기도 군포시 송부동(4141063000)","8,194","2,342","2,018","1,782","1,609","361","68","12","1","1","0"
"경기도 의왕시 (4143000000)","64,402","18,494","16,765","14,071","11,782","2,545","541","149","37","13","5"
"경기도 의왕시 고천동(4143051000)","6,206","2,354","1,747","1,100","737","194","56","12","3","2","1"
"경기도 의왕시 부곡동(4143052000)","12,509","4,130","3,433","2,561","1,809","449","96","26","3","1","1"
"경기도 의왕시 오전동(4143053000)","14,192","3,259","3,696","3,407","3,075","587","115","38","10","4","1"
"경기도 의왕시 내손1동(4143054000)","8,184","2,473","1,965","1,769","1,582","307","63","18","6","1","0"
"경기도 의왕시 내손2동(4143055000)","7,883","1,545","1,897","2,067","1,865","394","85","21","7","1","1"
"경기도 의왕시 청계동(4143056000)","15,428","4,733","4,027","3,167","2,714","614","126","34","8","4","1"
"경기도 하남시 (4145000000)","141,764","51,952","31,905","26,679","23,899","5,988","1,021","223","60","25","12"
"경기도 하남시 천현동(4145051000)","3,604","2,024","809","442","236","70","18","3","2","0","0"
"경기도 하남시 신장1동(4145052000)","3,954","2,243","899","481","254","56","12","6","2","1","0"
"경기도 하남시 신장2동(4145053000)","19,079","5,636","5,354","4,087","3,126","680","137","40","11","7","1"
"경기도 하남시 덕풍1동(4145054000)","6,445","2,282","1,788","1,226","892","202","39","12","1","2","1"
"경기도 하남시 덕풍2동(4145055000)","8,729","3,728","2,311","1,449","947","243","41","5","4","0","1"
"경기도 하남시 덕풍3동(4145056000)","10,826","3,554","3,094","2,028","1,625","413","81","19","9","2","1"
"경기도 하남시 감북동(4145058000)","1,574","879","354","193","108","29","8","3","0","0","0"
"경기도 하남시 감일동(4145058200)","14,650","3,812","2,956","3,290","3,306","1,077","168","28","9","4","0"
"경기도 하남시 위례동(4145058500)","12,248","2,358","2,417","3,199","3,284","825","130","25","6","2","2"
"경기도 하남시 춘궁동(4145059000)","1,159","773","222","81","53","21","3","4","0","0","2"
"경기도 하남시 초이동(4145060000)","1,827","1,052","412","186","124","41","10","2","0","0","0"
"경기도 하남시 미사1동(4145061000)","27,973","15,340","4,802","3,513","3,366","778","138","29","3","3","1"
"경기도 하남시 미사2동(4145062000)","18,628","5,509","4,201","3,964","3,908","869","140","23","9","3","2"
"경기도 하남시 미사3동(4145063000)","11,068","2,762","2,286","2,540","2,670","684","96","24","4","1","1"
"경기도 용인시 (4146000000)","435,340","134,957","101,342","90,698","84,296","18,711","3,964","932","288","86","66"
"경기도 용인시 처인구 (4146100000)","117,863","46,843","28,593","20,493","16,296","4,371","969","204","63","10","21"
"경기도 용인시 처인구 포곡읍(4146125000)","14,538","5,674","3,407","2,596","2,081","612","123","28","12","3","2"
"경기도 용인시 처인구 모현읍(4146125300)","12,242","5,172","2,950","2,002","1,560","422","106","20","8","1","1"
"경기도 용인시 처인구 이동읍(4146125600)","9,163","3,902","2,249","1,469","1,118","326","77","11","5","0","6"
"경기도 용인시 처인구 남사읍(4146125900)","10,011","3,141","2,765","1,947","1,619","406","105","23","4","0","1"
"경기도 용인시 처인구 원삼면(4146134000)","4,021","1,848","1,176","512","324","107","40","7","5","2","0"
"경기도 용인시 처인구 백암면(4146135000)","4,400","2,342","1,125","521","274","86","39","9","0","0","4"
"경기도 용인시 처인구 양지면(4146136000)","9,602","4,431","2,330","1,418","978","323","85","22","8","1","6"
"경기도 용인시 처인구 중앙동(4146151000)","12,433","6,171","2,644","1,740","1,350","425","85","11","6","1","0"
"경기도 용인시 처인구 역북동(4146152500)","15,702","6,221","3,301","2,886","2,628","557","83","21","5","0","0"
"경기도 용인시 처인구 삼가동(4146152600)","4,826","1,263","1,202","1,123","953","221","47","13","3","1","0"
"경기도 용인시 처인구 유림동(4146153000)","14,924","4,255","3,805","3,259","2,746","693","131","27","6","1","1"
"경기도 용인시 처인구 동부동(4146154000)","6,001","2,423","1,639","1,020","665","193","48","12","1","0","0"
"경기도 용인시 기흥구 (4146300000)","174,971","52,547","41,003","36,568","34,863","7,812","1,625","373","120","43","17"
"경기도 용인시 기흥구 신갈동(4146351000)","16,117","5,582","4,020","3,294","2,559","518","111","23","7","2","1"
"경기도 용인시 기흥구 영덕1동(4146351600)","12,515","3,686","2,947","2,613","2,590","553","90","24","8","3","1"
"경기도 용인시 기흥구 영덕2동(4146351700)","7,913","2,423","1,916","1,795","1,416","299","52","8","4","0","0"
"경기도 용인시 기흥구 구갈동(4146352000)","18,110","6,989","3,864","3,560","3,039","526","104","17","10","1","0"
"경기도 용인시 기흥구 상갈동(4146353000)","6,182","2,820","1,346","950","845","181","34","3","3","0","0"
"경기도 용인시 기흥구 보라동(4146353500)","12,456","3,210","2,979","2,553","2,781","722","161","32","9","8","1"
"경기도 용인시 기흥구 기흥동(4146354000)","9,119","3,089","2,466","1,689","1,348","411","77","25","8","3","3"
"경기도 용인시 기흥구 서농동(4146355000)","11,317","4,789","2,142","1,962","1,972","353","73","20","4","2","0"
"경기도 용인시 기흥구 구성동(4146356000)","15,375","3,997","4,114","3,324","2,921","787","171","40","12","6","3"
"경기도 용인시 기흥구 마북동(4146357000)","12,272","3,212","3,164","2,742","2,375","573","148","45","9","2","2"
"경기도 용인시 기흥구 동백1동(4146357200)","11,656","2,640","2,482","2,620","3,157","647","81","23","5","1","0"
"경기도 용인시 기흥구 동백2동(4146357500)","9,450","2,063","1,812","2,122","2,654","632","125","28","9","4","1"
"경기도 용인시 기흥구 동백3동(4146357700)","10,114","2,439","2,452","2,224","2,318","530","112","25","12","2","0"
"경기도 용인시 기흥구 상하동(4146358600)","9,205","2,488","2,276","2,029","1,781","470","126","24","8","0","3"
"경기도 용인시 기흥구 보정동(4146359000)","13,170","3,120","3,023","3,091","3,107","610","160","36","12","9","2"
"경기도 용인시 수지구 (4146500000)","142,506","35,567","31,746","33,637","33,137","6,528","1,370","355","105","33","28"
"경기도 용인시 수지구 풍덕천1동(4146551000)","15,714","5,978","3,730","2,967","2,475","469","73","13","5","4","0"
"경기도 용인시 수지구 풍덕천2동(4146552000)","15,353","3,823","2,883","3,710","4,153","644","105","23","9","0","3"
"경기도 용인시 수지구 신봉동(4146553000)","14,765","2,845","3,424","3,726","3,749","780","174","44","16","3","4"
"경기도 용인시 수지구 죽전1동(4146554000)","10,701","2,563","2,472","2,574","2,449","492","116","29","5","1","0"
"경기도 용인시 수지구 죽전2동(4146555000)","7,651","2,580","1,761","1,694","1,342","215","41","15","2","1","0"
"경기도 용인시 수지구 죽전3동(4146555500)","10,719","3,346","2,279","2,329","2,267","407","59","25","4","1","2"
"경기도 용인시 수지구 동천동(4146556000)","19,507","5,020","4,401","4,749","4,397","736","143","33","11","8","9"
"경기도 용인시 수지구 상현1동(4146557000)","6,624","914","1,406","1,708","1,966","462","129","25","11","3","0"
"경기도 용인시 수지구 상현2동(4146558000)","11,491","1,891","2,713","2,954","3,032","687","152","44","14","4","0"
"경기도 용인시 수지구 상현3동(4146558500)","11,179","3,681","2,181","2,342","2,371","478","90","23","8","3","2"
"경기도 용인시 수지구 성복동(4146559000)","18,802","2,926","4,496","4,884","4,936","1,158","288","81","20","5","8"
"경기도 파주시 (4148000000)","220,158","84,154","52,456","39,325","33,476","8,529","1,674","403","82","35","24"
"경기도 파주시 문산읍(4148025000)","21,586","8,902","5,335","3,440","2,824","863","167","48","6","0","1"
"경기도 파주시 파주읍(4148025300)","7,794","4,206","1,931","914","512","171","49","7","2","1","1"
"경기도 파주시 법원읍(4148025600)","5,474","2,907","1,464","624","336","102","30","7","3","0","1"
"경기도 파주시 조리읍(4148026200)","12,637","4,706","3,428","2,173","1,623","519","133","40","8","4","3"
"경기도 파주시 월롱면(4148031000)","6,560","5,232","789","318","142","61","10","7","0","1","0"
"경기도 파주시 탄현면(4148032000)","7,159","3,946","1,615","840","528","160","49","14","2","3","2"
"경기도 파주시 광탄면(4148035000)","5,759","3,027","1,441","705","385","136","46","9","6","1","3"
"경기도 파주시 파평면(4148036000)","2,020","1,044","583","218","115","36","17","5","1","1","0"
"경기도 파주시 적성면(4148037000)","3,596","1,717","988","477","288","93","20","9","1","0","3"
"경기도 파주시 장단면(4148039000)","315","114","95","55","21","17","10","3","0","0","0"
"경기도 파주시 금촌1동(4148051000)","12,359","7,196","2,628","1,379","871","220","45","12","5","3","0"
"경기도 파주시 금촌2동(4148052000)","12,890","4,048","3,112","2,564","2,439","599","109","17","1","0","1"
"경기도 파주시 금촌3동(4148053000)","10,815","3,556","2,803","2,128","1,674","493","128","25","4","2","2"
"경기도 파주시 교하동(4148054000)","3,894","1,949","1,005","499","294","111","29","5","1","0","1"
"경기도 파주시 운정1동(4148055000)","19,471","6,069","4,727","3,925","3,687","888","132","30","8","4","1"
"경기도 파주시 운정2동(4148056000)","24,855","6,610","5,467","5,631","5,646","1,247","192","48","10","4","0"
"경기도 파주시 운정3동(4148057000)","27,313","7,730","6,274","5,958","5,835","1,236","208","52","11","6","3"
"경기도 파주시 운정4동(4148058000)","10,173","3,556","2,760","1,976","1,357","406","82","27","6","2","1"
"경기도 파주시 운정5동(4148059000)","16,400","4,231","3,905","3,666","3,454","915","189","32","5","3","0"
"경기도 파주시 운정6동(4148060000)","9,088","3,408","2,106","1,835","1,445","256","29","6","2","0","1"
"경기도 이천시 (4150000000)","103,793","44,860","24,185","16,417","13,599","3,680","786","178","57","18","13"
"경기도 이천시 장호원읍(4150025000)","6,682","2,699","1,945","1,031","707","226","53","11","9","0","1"
"경기도 이천시 부발읍(4150025300)","16,594","7,031","3,593","2,661","2,498","646","121","34","7","1","2"
"경기도 이천시 신둔면(4150031000)","6,689","2,836","1,788","1,047","721","228","54","12","1","2","0"
"경기도 이천시 백사면(4150032000)","5,170","1,792","1,628","930","592","163","50","11","2","2","0"
"경기도 이천시 호법면(4150033000)","3,197","1,698","767","398","220","81","23","6","3","1","0"
"경기도 이천시 마장면(4150034000)","8,005","4,104","1,710","1,041","826","246","54","19","4","0","1"
"경기도 이천시 대월면(4150035000)","7,711","4,365","1,446","888","744","212","41","8","4","2","1"
"경기도 이천시 모가면(4150036000)","2,231","1,097","674","250","123","65","14","8","0","0","0"
"경기도 이천시 설성면(4150037000)","2,482","1,264","707","320","121","49","15","4","2","0","0"
"경기도 이천시 율면(4150038000)","1,467","739","494","139","58","26","7","2","0","0","2"
"경기도 이천시 창전동(4150051000)","8,382","4,256","1,980","1,156","707","217","47","15","3","0","1"
"경기도 이천시 증포동(4150051500)","21,348","5,220","4,555","4,931","5,175","1,193","216","33","14","7","4"
"경기도 이천시 중리동(4150052000)","9,003","5,442","1,725","944","632","197","47","9","5","1","1"
"경기도 이천시 관고동(4150053000)","4,832","2,317","1,173","681","475","131","44","6","3","2","0"
"경기도 안성시 (4155000000)","91,026","40,448","22,823","13,617","10,281","2,948","658","166","40","14","31"
"경기도 안성시 공도읍(4155025000)","26,978","10,215","6,504","4,669","4,209","1,105","210","44","15","3","4"
"경기도 안성시 보개면(4155031000)","2,560","1,107","848","329","166","73","17","13","2","3","2"
"경기도 안성시 금광면(4155032000)","3,700","1,709","1,044","463","349","99","24","10","1","0","1"
"경기도 안성시 서운면(4155033000)","1,611","744","507","195","103","48","12","2","0","0","0"
"경기도 안성시 미양면(4155034000)","2,973","1,504","861","340","172","72","14","5","1","0","4"
"경기도 안성시 대덕면(4155035000)","8,440","4,803","1,744","983","665","193","34","13","2","2","1"
"경기도 안성시 양성면(4155036000)","2,718","1,393","782","290","152","57","28","10","2","0","4"
"경기도 안성시 원곡면(4155038000)","3,571","1,922","912","405","221","77","25","3","3","0","3"
"경기도 안성시 일죽면(4155039000)","3,871","1,854","1,176","480","226","97","30","5","2","0","1"
"경기도 안성시 죽산면(4155040000)","3,801","2,041","1,027","407","212","77","26","3","2","0","6"
"경기도 안성시 삼죽면(4155041000)","2,261","1,371","547","201","89","39","8","2","0","2","2"
"경기도 안성시 고삼면(4155042000)","1,031","525","298","116","53","29","9","1","0","0","0"
"경기도 안성시 안성1동(4155051000)","5,710","2,446","1,546","939","548","156","57","15","1","1","1"
"경기도 안성시 안성2동(4155052000)","12,369","5,549","2,653","2,024","1,611","424","86","19","2","1","0"
"경기도 안성시 안성3동(4155053000)","9,432","3,265","2,374","1,776","1,505","402","78","21","7","2","2"
"경기도 김포시 (4157000000)","204,594","70,104","47,519","40,509","35,870","8,397","1,621","409","115","23","27"
"경기도 김포시 통진읍(4157025000)","18,031","8,838","4,630","2,457","1,569","415","94","22","5","0","1"
"경기도 김포시 고촌읍(4157025300)","18,581","4,875","4,181","4,364","4,033","898","183","34","8","4","1"
"경기도 김포시 양촌읍(4157025600)","15,537","7,445","4,041","2,144","1,409","401","73","14","7","1","2"
"경기도 김포시 대곶면(4157034000)","5,484","3,122","1,317","586","299","111","38","8","2","0","1"
"경기도 김포시 월곶면(4157035000)","3,057","1,753","807","288","142","41","17","5","1","0","3"
"경기도 김포시 하성면(4157036000)","4,123","1,966","1,178","557","278","88","35","12","7","0","2"
"경기도 김포시 김포본동(4157051500)","22,466","5,542","5,590","5,232","4,727","1,115","193","44","15","4","4"
"경기도 김포시 장기본동(4157052500)","13,810","2,678","3,037","3,342","3,602","912","186","41","6","4","2"
"경기도 김포시 사우동(4157054000)","9,569","3,550","2,402","1,890","1,363","278","61","19","6","0","0"
"경기도 김포시 풍무동(4157055000)","23,351","6,539","5,230","5,163","4,837","1,213","264","76","20","6","3"
"경기도 김포시 장기동(4157056000)","16,036","4,708","3,446","3,465","3,520","754","93","35","14","0","1"
"경기도 김포시 구래동(4157057000)","20,839","9,199","4,021","3,610","3,139","700","133","27","7","1","2"
"경기도 김포시 마산동(4157057500)","15,114","5,270","3,507","3,009","2,635","570","90","26","5","2","0"
"경기도 김포시 운양동(4157058000)","18,596","4,619","4,132","4,402","4,317","901","161","46","12","1","5"
"경기도 화성시 (4159000000)","404,623","151,962","84,149","74,917","73,794","16,332","2,648","587","151","48","35"
"경기도 화성시 봉담읍(4159025300)","39,836","13,611","9,371","7,722","7,003","1,755","288","55","20","7","4"
"경기도 화성시 우정읍(4159025600)","9,365","4,915","2,336","1,090","679","258","66","17","3","1","0"
"경기도 화성시 향남읍(4159025900)","39,760","18,236","7,752","5,995","5,855","1,543","282","75","17","2","3"
"경기도 화성시 남양읍(4159026200)","28,317","13,479","6,375","4,236","3,120","868","169","57","8","1","4"
"경기도 화성시 매송면(4159031000)","3,501","1,706","959","455","271","81","17","8","3","1","0"
"경기도 화성시 비봉면(4159032000)","4,444","2,583","1,121","417","226","75","17","3","1","0","1"
"경기도 화성시 마도면(4159033000)","4,041","2,433","919","404","181","65","17","16","2","0","4"
"경기도 화성시 송산면(4159034000)","5,677","2,793","1,604","698","351","155","57","15","3","0","1"
"경기도 화성시 서신면(4159035000)","4,055","2,194","1,155","414","187","72","19","7","4","1","2"
"경기도 화성시 팔탄면(4159036000)","6,166","3,944","1,357","498","253","71","30","9","3","0","1"
"경기도 화성시 장안면(4159037000)","5,573","3,188","1,334","570","305","124","37","10","2","1","2"
"경기도 화성시 양감면(4159040000)","2,446","1,521","580","192","93","41","12","4","2","1","0"
"경기도 화성시 정남면(4159041000)","6,190","3,451","1,519","657","394","124","36","7","1","0","1"
"경기도 화성시 새솔동(4159051500)","8,567","1,149","1,722","2,445","2,570","565","97","13","5","1","0"
"경기도 화성시 진안동(4159052000)","23,555","10,623","4,512","4,059","3,464","743","118","28","4","2","2"
"경기도 화성시 병점1동(4159053000)","15,925","6,195","3,271","2,921","2,795","605","103","29","4","2","0"
"경기도 화성시 병점2동(4159054000)","8,759","2,372","1,947","1,790","2,093","459","76","14","5","3","0"
"경기도 화성시 반월동(4159055000)","13,253","2,655","2,767","3,361","3,537","792","112","21","7","0","1"
"경기도 화성시 기배동(4159056000)","6,020","1,386","1,519","1,413","1,291","320","70","13","3","3","2"
"경기도 화성시 화산동(4159057000)","12,605","5,157","3,109","2,174","1,637","427","88","9","3","1","0"
"경기도 화성시 동탄1동(4159058500)","20,819","7,875","3,164","4,122","4,694","806","117","30","11","0","0"
"경기도 화성시 동탄2동(4159058600)","11,732","2,092","2,300","2,707","3,738","771","101","11","7","3","2"
"경기도 화성시 동탄3동(4159058700)","17,564","6,814","3,349","3,188","3,402","694","90","18","5","4","0"
"경기도 화성시 동탄4동(4159058800)","16,817","1,749","2,734","4,628","6,416","1,122","130","27","7","1","3"
"경기도 화성시 동탄5동(4159059000)","21,223","8,945","4,209","3,708","3,581","648","96","25","6","4","1"
"경기도 화성시 동탄6동(4159060000)","18,661","7,673","3,032","3,359","3,643","810","113","24","5","2","0"
"경기도 화성시 동탄7동(4159061000)","22,414","6,846","4,418","4,823","5,117","1,043","139","17","6","5","0"
"경기도 화성시 동탄8동(4159062000)","12,550","3,018","2,591","3,100","3,154","598","75","12","1","1","0"
"경기도 화성시 동탄9동(4159063000)","14,788","3,359","3,123","3,771","3,744","697","76","13","3","1","1"
"경기도 광주시 (4161000000)","170,845","60,606","44,232","32,701","24,957","6,540","1,349","334","77","33","16"
"경기도 광주시 초월읍(4161025300)","21,895","7,749","5,709","4,153","3,170","847","192","57","12","2","4"
"경기도 광주시 곤지암읍(4161025900)","11,328","5,500","2,740","1,614","1,114","278","60","13","6","2","1"
"경기도 광주시 도척면(4161033000)","5,038","2,620","1,273","616","376","124","22","5","0","1","1"
"경기도 광주시 퇴촌면(4161034000)","7,594","3,132","2,246","1,147","743","243","60","18","5","0","0"
"경기도 광주시 남종면(4161035000)","796","401","247","86","43","16","3","0","0","0","0"
"경기도 광주시 남한산성면(4161037000)","1,148","509","314","181","98","35","8","3","0","0","0"
"경기도 광주시 경안동(4161051000)","13,262","5,471","2,994","2,343","1,876","452","94","19","11","2","0"
"경기도 광주시 송정동(4161052000)","9,555","3,648","2,465","1,713","1,290","345","67","23","2","1","1"
"경기도 광주시 쌍령동(4161054000)","7,114","1,866","1,956","1,608","1,293","296","67","22","3","2","1"
"경기도 광주시 탄벌동(4161055000)","17,116","5,371","4,687","3,422","2,698","734","149","38","7","6","4"
"경기도 광주시 광남1동(4161056000)","14,274","4,812","4,001","2,843","1,950","550","88","23","4","3","0"
"경기도 광주시 광남2동(4161057000)","11,746","1,963","2,685","3,132","3,112","692","131","17","5","7","2"
"경기도 광주시 오포1동(4161058000)","9,185","3,013","2,451","1,889","1,380","359","73","12","5","3","0"
"경기도 광주시 오포2동(4161059000)","13,606","4,130","3,334","2,848","2,459","685","112","31","7","0","0"
"경기도 광주시 신현동(4161060000)","16,900","6,710","4,342","3,127","2,054","502","128","25","9","3","0"
"경기도 광주시 능평동(4161061000)","10,288","3,711","2,788","1,979","1,301","382","95","28","1","1","2"
"경기도 양주시 (4163000000)","117,518","42,558","30,279","21,442","17,390","4,674","890","202","50","21","12"
"경기도 양주시 백석읍(4163025000)","11,642","4,562","3,292","1,898","1,360","400","97","19","7","2","5"
"경기도 양주시 은현면(4163031000)","3,062","1,721","721","350","165","64","27","12","2","0","0"
"경기도 양주시 남면(4163032000)","3,697","2,118","893","368","214","75","22","5","0","1","1"
"경기도 양주시 광적면(4163033000)","5,786","2,932","1,475","728","432","147","49","16","6","0","1"
"경기도 양주시 장흥면(4163034000)","6,150","2,972","1,669","855","438","154","44","14","2","1","1"
"경기도 양주시 양주1동(4163051000)","2,483","1,240","623","332","189","68","23","4","0","4","0"
"경기도 양주시 양주2동(4163052000)","20,507","5,955","5,653","3,940","3,662","1,011","208","54","15","6","3"
"경기도 양주시 회천1동(4163053000)","4,490","2,099","1,049","712","473","129","23","4","1","0","0"
"경기도 양주시 회천2동(4163054000)","16,258","5,720","4,507","3,143","2,174","591","93","24","3","3","0"
"경기도 양주시 회천3동(4163055000)","10,847","3,658","2,831","1,999","1,754","516","72","13","3","1","0"
"경기도 양주시 옥정1동(4163057000)","12,985","4,837","3,097","2,450","2,040","465","72","21","1","1","1"
"경기도 양주시 옥정2동(4163058000)","19,611","4,744","4,469","4,667","4,489","1,054","160","16","10","2","0"
"경기도 포천시 (4165000000)","72,876","34,706","18,875","9,980","6,690","1,974","478","120","30","12","11"
"경기도 포천시 소흘읍(4165025000)","19,620","7,580","5,095","3,399","2,587","745","155","45","8","4","2"
"경기도 포천시 군내면(4165031000)","4,441","2,210","1,067","613","388","123","25","12","2","0","1"
"경기도 포천시 내촌면(4165032000)","2,546","1,467","652","237","128","45","15","1","0","1","0"
"경기도 포천시 가산면(4165033000)","4,197","2,451","984","434","233","60","24","6","3","0","2"
"경기도 포천시 신북면(4165034000)","6,309","3,263","1,638","765","442","155","35","6","3","0","2"
"경기도 포천시 창수면(4165035000)","1,178","606","370","128","49","19","3","0","3","0","0"
"경기도 포천시 영중면(4165036000)","2,663","1,492","704","245","146","50","22","3","1","0","0"
"경기도 포천시 일동면(4165037000)","4,913","2,562","1,277","557","352","112","36","8","6","2","1"
"경기도 포천시 이동면(4165038000)","3,200","1,745","810","326","247","52","17","3","0","0","0"
"경기도 포천시 영북면(4165039000)","4,286","2,298","1,097","480","294","84","27","4","1","0","1"
"경기도 포천시 관인면(4165040000)","1,451","737","466","152","57","29","6","3","0","1","0"
"경기도 포천시 화현면(4165041000)","1,393","732","356","157","100","37","6","3","0","2","0"
"경기도 포천시 포천동(4165051000)","9,233","3,958","2,434","1,431","1,032","296","66","12","2","1","1"
"경기도 포천시 선단동(4165052000)","7,446","3,605","1,925","1,056","635","167","41","14","1","1","1"
"경기도 여주시 (4167000000)","55,514","24,130","15,396","8,049","5,522","1,788","441","137","30","11","10"
"경기도 여주시 가남읍(4167025000)","7,396","3,538","1,967","964","640","217","46","19","3","1","1"
"경기도 여주시 점동면(4167031000)","2,315","960","827","306","138","55","18","8","1","0","2"
"경기도 여주시 흥천면(4167032000)","2,556","1,116","830","345","162","72","19","10","2","0","0"
"경기도 여주시 금사면(4167033000)","1,604","795","503","183","76","29","10","7","0","0","1"
"경기도 여주시 세종대왕면(4167034500)","3,032","1,430","866","406","211","75","30","8","2","3","1"
"경기도 여주시 대신면(4167035000)","3,615","1,765","1,133","399","209","70","29","7","1","2","0"
"경기도 여주시 북내면(4167036000)","2,451","1,134","762","296","158","69","22","7","2","1","0"
"경기도 여주시 강천면(4167037000)","2,344","1,217","639","284","122","48","18","9","4","1","2"
"경기도 여주시 산북면(4167038000)","1,228","537","401","154","84","35","10","3","2","0","2"
"경기도 여주시 여흥동(4167051000)","10,339","4,671","2,780","1,478","959","330","91","22","7","0","1"
"경기도 여주시 중앙동(4167052000)","10,695","4,070","2,581","1,855","1,635","440","88","21","2","3","0"
"경기도 여주시 오학동(4167053000)","7,939","2,897","2,107","1,379","1,128","348","60","16","4","0","0"
"경기도 연천군 (4180000000)","21,943","11,015","5,826","2,627","1,659","616","152","32","9","2","5"
"경기도 연천군 연천읍(4180025000)","4,131","2,087","1,039","516","358","112","13","4","2","0","0"
"경기도 연천군 전곡읍(4180025300)","8,771","3,967","2,244","1,221","914","337","71","12","3","0","2"
"경기도 연천군 군남면(4180031000)","1,645","849","487","175","77","36","14","5","1","0","1"
"경기도 연천군 청산면(4180032000)","2,493","1,481","594","249","107","46","12","3","0","1","0"
"경기도 연천군 백학면(4180033000)","1,367","684","414","149","71","32","15","1","1","0","0"
"경기도 연천군 미산면(4180034000)","974","520","295","98","30","16","9","3","2","0","1"
"경기도 연천군 왕징면(4180035000)","568","303","182","48","18","8","6","1","0","1","1"
"경기도 연천군 신서면(4180036000)","1,518","896","415","122","57","16","9","3","0","0","0"
"경기도 연천군 중면(4180037000)","95","53","25","8","8","1","0","0","0","0","0"
"경기도 연천군 장남면(4180038000)","381","175","131","41","19","12","3","0","0","0","0"
"경기도 가평군 (4182000000)","32,606","16,380","8,678","3,988","2,437","824","208","67","11","3","10"
"경기도 가평군 가평읍(4182025000)","10,277","4,681","2,741","1,462","984","308","78","21","2","0","0"
"경기도 가평군 설악면(4182031000)","5,278","2,825","1,350","595","317","120","46","17","6","0","2"
"경기도 가평군 청평면(4182032500)","7,322","3,775","1,926","886","531","159","29","12","1","3","0"
"경기도 가평군 상면(4182033000)","3,161","1,711","917","310","140","53","21","8","1","0","0"
"경기도 가평군 조종면(4182034500)","4,384","2,154","1,125","530","387","153","22","4","1","0","8"
"경기도 가평군 북면(4182035000)","2,184","1,234","619","205","78","31","12","5","0","0","0"
"경기도 양평군 (4183000000)","61,811","27,443","17,826","8,264","5,613","1,918","540","133","42","8","24"
"경기도 양평군 양평읍(4183025000)","16,298","6,492","4,299","2,641","2,020","630","166","35","10","3","2"
"경기도 양평군 강상면(4183031000)","4,661","1,813","1,356","753","527","159","40","7","3","1","2"
"경기도 양평군 강하면(4183032000)","2,662","1,316","862","245","148","62","18","7","2","0","2"
"경기도 양평군 양서면(4183033000)","6,786","2,871","2,057","961","621","195","56","18","4","0","3"
"경기도 양평군 옥천면(4183034000)","4,187","2,019","1,150","527","318","124","36","10","1","1","1"
"경기도 양평군 서종면(4183035000)","5,119","2,438","1,389","640","451","137","50","9","3","1","1"
"경기도 양평군 단월면(4183036000)","2,124","1,111","637","208","103","38","13","6","3","0","5"
"경기도 양평군 청운면(4183037000)","2,167","1,150","671","216","75","39","9","4","0","1","2"
"경기도 양평군 양동면(4183038000)","2,456","1,223","814","235","105","49","15","8","3","1","3"
"경기도 양평군 지평면(4183039500)","3,716","1,819","1,169","395","230","62","29","9","3","0","0"
"경기도 양평군 용문면(4183040000)","8,962","3,952","2,561","1,144","851","346","87","13","5","0","3"
"경기도 양평군 개군면(4183041000)","2,673","1,239","861","299","164","77","21","7","5","0","0"
"강원특별자치도  (5100000000)","760,635","343,516","204,285","110,551","76,342","20,286","4,225","1,055","235","65","75"
"강원특별자치도 춘천시 (5111000000)","135,498","57,304","34,291","21,964","16,618","4,182","858","214","45","10","12"
"강원특별자치도 춘천시 신북읍(5111025000)","3,688","1,627","1,165","498","273","84","30","5","4","0","2"
"강원특별자치도 춘천시 동면(5111031000)","8,115","2,738","2,065","1,457","1,400","364","70","18","3","0","0"
"강원특별자치도 춘천시 동산면(5111032000)","778","383","252","92","34","13","3","1","0","0","0"
"강원특별자치도 춘천시 신동면(5111033000)","1,229","485","392","170","129","40","6","7","0","0","0"
"강원특별자치도 춘천시 남면(5111034000)","660","381","205","45","17","4","5","1","1","0","1"
"강원특별자치도 춘천시 서면(5111035000)","1,971","942","643","217","119","33","11","4","1","0","1"
"강원특별자치도 춘천시 사북면(5111036000)","1,418","775","420","133","55","26","5","3","0","0","1"
"강원특별자치도 춘천시 북산면(5111038000)","625","376","188","48","8","3","2","0","0","0","0"
"강원특별자치도 춘천시 동내면(5111039000)","7,933","3,298","2,089","1,227","974","267","58","16","2","1","1"
"강원특별자치도 춘천시 남산면(5111040000)","1,958","1,067","598","173","78","26","13","3","0","0","0"
"강원특별자치도 춘천시 교동(5111052000)","2,562","1,826","452","177","75","17","8","5","1","1","0"
"강원특별자치도 춘천시 조운동(5111053000)","1,574","985","352","150","53","24","8","1","1","0","0"
"강원특별자치도 춘천시 약사명동(5111054500)","2,442","887","641","492","341","67","10","4","0","0","0"
"강원특별자치도 춘천시 근화동(5111057000)","4,288","2,167","922","587","442","138","25","6","0","0","1"
"강원특별자치도 춘천시 소양동(5111058000)","4,100","1,631","1,067","734","523","111","30","3","1","0","0"
"강원특별자치도 춘천시 후평1동(5111060000)","6,212","3,390","1,514","737","421","115","29","5","1","0","0"
"강원특별자치도 춘천시 후평2동(5111061000)","6,402","2,424","1,647","1,176","883","214","49","7","1","0","1"
"강원특별자치도 춘천시 후평3동(5111061100)","8,998","3,348","2,446","1,652","1,178","291","60","16","5","2","0"
"강원특별자치도 춘천시 효자1동(5111062000)","1,942","762","522","336","246","67","6","1","1","1","0"
"강원특별자치도 춘천시 효자2동(5111063000)","8,232","5,875","1,347","607","292","85","18","6","1","1","0"
"강원특별자치도 춘천시 효자3동(5111064000)","2,808","1,856","560","230","118","30","9","4","1","0","0"
"강원특별자치도 춘천시 석사동(5111065000)","15,239","6,098","3,659","2,590","2,162","587","106","34","3","0","0"
"강원특별자치도 춘천시 퇴계동(5111066000)","20,157","6,558","5,256","4,077","3,335","750","137","35","6","2","1"
"강원특별자치도 춘천시 강남동(5111067500)","11,012","3,496","3,009","2,337","1,717","369","66","9","5","2","2"
"강원특별자치도 춘천시 신사우동(5111070500)","11,155","3,929","2,880","2,022","1,745","457","94","20","7","0","1"
"강원특별자치도 원주시 (5113000000)","171,275","71,709","44,056","28,482","20,833","4,992","904","211","54","16","18"
"강원특별자치도 원주시 문막읍(5113025000)","9,028","4,155","2,556","1,222","812","222","39","17","5","0","0"
"강원특별자치도 원주시 소초면(5113031000)","4,450","2,121","1,400","543","274","86","19","4","2","0","1"
"강원특별자치도 원주시 호저면(5113032000)","1,849","866","606","222","99","38","11","6","0","0","1"
"강원특별자치도 원주시 지정면(5113033000)","12,032","3,316","3,077","2,828","2,267","461","60","15","5","2","1"
"강원특별자치도 원주시 부론면(5113035000)","1,290","690","421","118","41","13","6","1","0","0","0"
"강원특별자치도 원주시 귀래면(5113036000)","1,210","616","406","129","32","17","7","2","0","0","1"
"강원특별자치도 원주시 흥업면(5113037000)","5,430","3,153","1,200","545","375","121","28","7","1","0","0"
"강원특별자치도 원주시 판부면(5113038000)","3,818","2,032","852","483","320","96","27","5","3","0","0"
"강원특별자치도 원주시 신림면(5113039000)","2,021","965","697","245","78","27","8","1","0","0","0"
"강원특별자치도 원주시 중앙동(5113051500)","1,573","1,065","311","121","56","13","6","0","0","1","0"
"강원특별자치도 원주시 원인동(5113052000)","2,217","1,180","562","279","146","38","8","3","1","0","0"
"강원특별자치도 원주시 개운동(5113053000)","5,800","2,324","1,650","992","614","173","38","7","1","1","0"
"강원특별자치도 원주시 명륜1동(5113054100)","3,646","1,320","1,114","658","402","134","12","3","3","0","0"
"강원특별자치도 원주시 명륜2동(5113054200)","9,097","4,110","2,143","1,432","1,114","227","52","12","5","1","1"
"강원특별자치도 원주시 단구동(5113055000)","19,970","7,995","5,081","3,530","2,639","594","102","20","5","2","2"
"강원특별자치도 원주시 일산동(5113056000)","4,636","2,492","1,139","549","339","85","25","5","1","1","0"
"강원특별자치도 원주시 학성동(5113057500)","2,361","1,183","655","322","150","36","14","1","0","0","0"
"강원특별자치도 원주시 단계동(5113059000)","13,182","5,158","3,621","2,488","1,525","314","59","11","1","3","2"
"강원특별자치도 원주시 우산동(5113060000)","6,726","3,244","1,559","982","725","174","34","6","1","0","1"
"강원특별자치도 원주시 태장1동(5113061000)","6,140","2,861","1,459","897","699","185","27","10","1","0","1"
"강원특별자치도 원주시 태장2동(5113062000)","11,355","4,541","3,253","1,900","1,262","326","60","8","2","1","2"
"강원특별자치도 원주시 봉산동(5113063500)","3,792","1,688","1,133","553","311","84","14","7","2","0","0"
"강원특별자치도 원주시 행구동(5113065000)","3,605","1,075","1,042","739","537","154","39","13","2","1","3"
"강원특별자치도 원주시 무실동(5113066000)","15,771","5,978","3,893","2,800","2,418","566","88","24","3","1","0"
"강원특별자치도 원주시 반곡관설동(5113067500)","20,276","7,581","4,226","3,905","3,598","808","121","23","10","2","2"
"강원특별자치도 강릉시 (5115000000)","103,682","45,656","28,486","15,671","10,510","2,641","555","123","26","8","6"
"강원특별자치도 강릉시 주문진읍(5115025000)","8,964","4,610","2,670","1,026","488","131","32","4","3","0","0"
"강원특별자치도 강릉시 성산면(5115031000)","1,776","763","575","245","133","42","14","2","1","0","1"
"강원특별자치도 강릉시 왕산면(5115032000)","887","439","314","96","27","7","3","1","0","0","0"
"강원특별자치도 강릉시 구정면(5115033000)","2,040","824","628","321","184","61","13","7","0","1","1"
"강원특별자치도 강릉시 강동면(5115034000)","2,199","1,139","626","263","111","37","17","6","0","0","0"
"강원특별자치도 강릉시 옥계면(5115035000)","1,906","957","628","197","87","32","5","0","0","0","0"
"강원특별자치도 강릉시 사천면(5115036000)","2,738","1,350","818","326","164","50","22","6","2","0","0"
"강원특별자치도 강릉시 연곡면(5115037000)","3,331","1,569","1,004","413","245","82","14","4","0","0","0"
"강원특별자치도 강릉시 홍제동(5115051000)","7,069","3,008","1,749","1,207","879","187","26","8","2","1","2"
"강원특별자치도 강릉시 중앙동(5115052000)","2,698","1,620","628","266","129","39","14","2","0","0","0"
"강원특별자치도 강릉시 옥천동(5115054000)","2,027","1,274","472","167","71","37","5","1","0","0","0"
"강원특별자치도 강릉시 교1동(5115055000)","11,889","4,870","3,055","2,030","1,488","331","88","22","2","3","0"
"강원특별자치도 강릉시 교2동(5115056000)","3,767","1,703","1,093","537","316","101","12","3","2","0","0"
"강원특별자치도 강릉시 포남1동(5115057100)","5,872","2,839","1,728","761","386","125","28","3","1","1","0"
"강원특별자치도 강릉시 포남2동(5115057200)","6,527","3,212","1,780","853","518","129","30","4","0","0","1"
"강원특별자치도 강릉시 초당동(5115058000)","2,316","1,051","654","334","217","50","8","2","0","0","0"
"강원특별자치도 강릉시 송정동(5115059000)","4,197","1,261","1,260","888","634","127","24","2","1","0","0"
"강원특별자치도 강릉시 내곡동(5115060000)","7,913","3,374","2,058","1,286","948","198","42","5","2","0","0"
"강원특별자치도 강릉시 강남동(5115061500)","8,162","3,236","2,447","1,305","856","244","57","14","2","1","0"
"강원특별자치도 강릉시 성덕동(5115064500)","12,173","4,326","3,138","2,260","1,894","461","71","17","5","0","1"
"강원특별자치도 강릉시 경포동(5115066500)","5,231","2,231","1,161","890","735","170","30","10","3","1","0"
"강원특별자치도 동해시 (5117000000)","43,361","18,532","12,291","6,560","4,426","1,271","219","46","13","2","1"
"강원특별자치도 동해시 천곡동(5117051000)","14,018","5,486","3,965","2,305","1,669","488","84","17","4","0","0"
"강원특별자치도 동해시 송정동(5117052000)","2,117","1,218","581","195","83","34","4","2","0","0","0"
"강원특별자치도 동해시 북삼동(5117053000)","9,078","3,523","2,358","1,590","1,217","324","54","6","5","1","0"
"강원특별자치도 동해시 부곡동(5117054000)","2,576","1,191","851","311","164","48","8","3","0","0","0"
"강원특별자치도 동해시 동호동(5117055000)","2,563","1,234","715","342","196","63","8","2","2","0","1"
"강원특별자치도 동해시 발한동(5117057000)","1,896","1,089","543","146","74","29","10","4","1","0","0"
"강원특별자치도 동해시 묵호동(5117059000)","1,668","895","529","158","65","15","6","0","0","0","0"
"강원특별자치도 동해시 북평동(5117060000)","6,134","2,244","1,739","1,141","768","204","27","9","1","1","0"
"강원특별자치도 동해시 망상동(5117063000)","1,810","872","556","217","110","42","12","1","0","0","0"
"강원특별자치도 동해시 삼화동(5117065000)","1,501","780","454","155","80","24","6","2","0","0","0"
"강원특별자치도 태백시 (5119000000)","20,377","9,901","5,651","2,549","1,700","443","105","20","6","1","1"
"강원특별자치도 태백시 황지동(5119051500)","3,412","1,519","905","505","367","87","22","5","2","0","0"
"강원특별자치도 태백시 황연동(5119052500)","2,243","1,246","594","219","128","38","14","4","0","0","0"
"강원특별자치도 태백시 삼수동(5119053500)","2,681","1,285","760","340","217","58","16","3","2","0","0"
"강원특별자치도 태백시 상장동(5119054000)","5,806","2,524","1,481","882","705","171","36","4","1","1","1"
"강원특별자치도 태백시 문곡소도동(5119058500)","1,939","965","611","206","118","33","6","0","0","0","0"
"강원특별자치도 태백시 장성동(5119059500)","1,690","823","540","200","92","28","2","4","1","0","0"
"강원특별자치도 태백시 구문소동(5119060500)","1,394","779","438","116","42","15","4","0","0","0","0"
"강원특별자치도 태백시 철암동(5119061500)","1,212","760","322","81","31","13","5","0","0","0","0"
"강원특별자치도 속초시 (5121000000)","41,330","18,652","11,311","6,244","3,875","1,007","182","52","6","1","0"
"강원특별자치도 속초시 영랑동(5121051000)","2,553","1,367","701","322","112","45","2","4","0","0","0"
"강원특별자치도 속초시 동명동(5121052000)","2,397","1,069","676","348","245","46","7","5","1","0","0"
"강원특별자치도 속초시 금호동(5121054000)","3,054","1,508","841","417","200","65","18","5","0","0","0"
"강원특별자치도 속초시 교동(5121056000)","4,824","2,381","1,251","671","403","92","23","2","1","0","0"
"강원특별자치도 속초시 노학동(5121057000)","10,530","4,842","2,818","1,506","1,023","279","44","16","2","0","0"
"강원특별자치도 속초시 조양동(5121058000)","13,558","5,109","3,822","2,490","1,638","403","78","16","2","0","0"
"강원특별자치도 속초시 청호동(5121059000)","2,681","1,445","674","333","177","46","3","2","0","1","0"
"강원특별자치도 속초시 대포동(5121060000)","1,733","931","528","157","77","31","7","2","0","0","0"
"강원특별자치도 삼척시 (5123000000)","33,700","17,139","8,935","4,027","2,694","713","144","34","9","4","1"
"강원특별자치도 삼척시 도계읍(5123025000)","5,900","3,825","1,296","442","250","66","16","4","0","1","0"
"강원특별자치도 삼척시 원덕읍(5123025300)","2,103","1,362","532","126","61","16","5","1","0","0","0"
"강원특별자치도 삼척시 원덕읍임원출장소(5123025400)","970","582","254","75","46","9","3","1","0","0","0"
"강원특별자치도 삼척시 근덕면(5123031000)","3,067","1,828","828","271","112","20","5","2","1","0","0"
"강원특별자치도 삼척시 하장면(5123032000)","711","366","229","70","33","10","2","0","1","0","0"
"강원특별자치도 삼척시 노곡면(5123033000)","429","242","135","38","9","4","1","0","0","0","0"
"강원특별자치도 삼척시 미로면(5123034000)","1,041","551","328","108","34","14","6","0","0","0","0"
"강원특별자치도 삼척시 가곡면(5123035000)","418","246","121","34","11","6","0","0","0","0","0"
"강원특별자치도 삼척시 신기면(5123036000)","405","238","126","28","9","3","0","0","1","0","0"
"강원특별자치도 삼척시 남양동(5123051000)","3,835","1,932","1,081","485","240","80","13","2","2","0","0"
"강원특별자치도 삼척시 교동(5123053000)","6,827","2,368","1,713","1,295","1,118","273","43","13","2","2","0"
"강원특별자치도 삼척시 정라동(5123054000)","4,283","2,042","1,166","533","405","102","28","5","1","1","0"
"강원특별자치도 삼척시 성내동(5123057000)","3,711","1,557","1,126","522","366","110","22","6","1","0","1"
"강원특별자치도 홍천군 (5172000000)","34,594","16,006","10,208","4,423","2,750","860","244","70","17","8","8"
"강원특별자치도 홍천군 홍천읍(5172025000)","15,749","6,453","4,220","2,512","1,838","551","128","36","6","3","2"
"강원특별자치도 홍천군 화촌면(5172031000)","2,475","1,295","792","234","102","30","15","6","1","0","0"
"강원특별자치도 홍천군 두촌면(5172032000)","1,360","699","446","133","48","20","9","3","1","0","1"
"강원특별자치도 홍천군 내촌면(5172033000)","1,427","731","488","137","47","13","8","2","1","0","0"
"강원특별자치도 홍천군 서석면(5172034000)","1,926","876","647","227","110","44","14","5","2","0","1"
"강원특별자치도 홍천군 영귀미면(5172035200)","2,204","982","801","247","111","37","18","5","0","0","3"
"강원특별자치도 홍천군 남면(5172036000)","3,213","1,694","929","314","193","53","20","4","2","3","1"
"강원특별자치도 홍천군 서면(5172037000)","2,306","1,308","698","177","87","30","4","2","0","0","0"
"강원특별자치도 홍천군 북방면(5172038000)","2,273","1,152","665","249","136","47","16","5","1","2","0"
"강원특별자치도 홍천군 내면(5172039000)","1,661","816","522","193","78","35","12","2","3","0","0"
"강원특별자치도 횡성군 (5173000000)","23,908","10,960","7,546","2,888","1,672","602","159","62","12","2","5"
"강원특별자치도 횡성군 횡성읍(5173025000)","9,598","3,829","2,649","1,507","1,102","390","81","35","3","1","1"
"강원특별자치도 횡성군 우천면(5173031000)","2,400","1,129","849","254","109","35","16","5","3","0","0"
"강원특별자치도 횡성군 안흥면(5173032000)","1,594","836","530","143","50","22","9","2","0","0","2"
"강원특별자치도 횡성군 둔내면(5173033000)","3,259","1,588","1,026","357","192","63","20","8","3","0","2"
"강원특별자치도 횡성군 갑천면(5173034000)","1,499","805","517","111","42","18","5","1","0","0","0"
"강원특별자치도 횡성군 청일면(5173035000)","1,436","748","511","121","35","14","6","0","1","0","0"
"강원특별자치도 횡성군 공근면(5173036000)","1,937","932","706","188","66","30","8","6","0","1","0"
"강원특별자치도 횡성군 서원면(5173037000)","1,131","540","384","125","49","19","9","3","2","0","0"
"강원특별자치도 횡성군 강림면(5173038000)","1,054","553","374","82","27","11","5","2","0","0","0"
"강원특별자치도 영월군 (5175000000)","21,276","11,469","5,904","2,191","1,243","355","79","26","6","1","2"
"강원특별자치도 영월군 영월읍(5175025000)","10,794","5,431","2,774","1,381","899","237","50","19","3","0","0"
"강원특별자치도 영월군 상동읍(5175025300)","698","449","191","40","14","3","0","1","0","0","0"
"강원특별자치도 영월군 산솔면(5175031200)","859","490","260","69","30","7","3","0","0","0","0"
"강원특별자치도 영월군 김삿갓면(5175032500)","1,105","638","339","82","30","12","2","1","1","0","0"
"강원특별자치도 영월군 북면(5175033000)","1,248","716","374","96","45","11","2","1","1","0","2"
"강원특별자치도 영월군 남면(5175034000)","1,331","786","383","95","46","15","6","0","0","0","0"
"강원특별자치도 영월군 한반도면(5175035500)","687","355","225","68","27","6","5","1","0","0","0"
"강원특별자치도 영월군 한반도면쌍용출장소(5175035900)","982","586","271","77","31","16","0","0","1","0","0"
"강원특별자치도 영월군 주천면(5175036000)","2,303","1,320","666","187","88","31","8","2","0","1","0"
"강원특별자치도 영월군 무릉도원면(5175038000)","1,269","698","421","96","33","17","3","1","0","0","0"
"강원특별자치도 평창군 (5176000000)","21,993","10,920","6,477","2,530","1,405","488","123","39","8","1","2"
"강원특별자치도 평창군 평창읍(5176025000)","4,297","1,979","1,268","538","370","109","22","10","1","0","0"
"강원특별자치도 평창군 미탄면(5176031000)","924","479","299","88","47","9","1","0","1","0","0"
"강원특별자치도 평창군 방림면(5176032000)","487","280","132","46","15","10","3","1","0","0","0"
"강원특별자치도 평창군 방림면계촌출장소(5176032500)","1,043","564","345","84","36","12","2","0","0","0","0"
"강원특별자치도 평창군 대화면(5176033000)","2,734","1,327","860","322","141","64","16","2","2","0","0"
"강원특별자치도 평창군 봉평면(5176034000)","3,039","1,503","870","359","197","76","25","8","1","0","0"
"강원특별자치도 평창군 용평면(5176035000)","1,631","791","505","179","96","44","12","4","0","0","0"
"강원특별자치도 평창군 진부면(5176036000)","4,371","1,931","1,412","557","324","110","24","10","0","1","2"
"강원특별자치도 평창군 대관령면(5176038000)","3,467","2,066","786","357","179","54","18","4","3","0","0"
"강원특별자치도 정선군 (5177000000)","19,287","10,297","5,332","2,061","1,110","367","100","13","2","1","4"
"강원특별자치도 정선군 정선읍(5177025000)","5,019","2,310","1,413","672","441","134","41","6","1","0","1"
"강원특별자치도 정선군 고한읍(5177025300)","2,637","1,665","576","230","117","37","10","1","0","0","1"
"강원특별자치도 정선군 사북읍(5177025600)","2,407","1,264","620","312","143","55","12","1","0","0","0"
"강원특별자치도 정선군 신동읍(5177025900)","975","495","310","99","50","18","2","1","0","0","0"
"강원특별자치도 정선군 신동읍함백출장소(5177026000)","957","577","251","74","38","9","6","1","0","0","1"
"강원특별자치도 정선군 남면(5177032000)","1,859","1,049","517","175","81","30","6","0","1","0","0"
"강원특별자치도 정선군 북평면(5177034000)","1,366","701","400","147","73","33","9","1","0","1","1"
"강원특별자치도 정선군 임계면(5177035000)","1,997","1,066","641","182","80","20","7","1","0","0","0"
"강원특별자치도 정선군 화암면(5177036000)","927","545","240","78","44","17","2","1","0","0","0"
"강원특별자치도 정선군 여량면(5177037000)","1,143","625","364","92","43","14","5","0","0","0","0"
"강원특별자치도 철원군 (5178000000)","20,501","9,349","5,543","2,770","1,985","641","160","36","11","2","4"
"강원특별자치도 철원군 철원읍(5178025000)","2,388","980","699","358","251","69","26","4","1","0","0"
"강원특별자치도 철원군 김화읍(5178025300)","1,541","675","426","214","161","54","6","4","0","1","0"
"강원특별자치도 철원군 갈말읍(5178025600)","5,831","2,819","1,460","743","575","178","41","9","4","0","2"
"강원특별자치도 철원군 동송읍(5178025900)","6,950","3,037","1,961","958","682","239","54","15","2","1","1"
"강원특별자치도 철원군 서면(5178031000)","1,014","617","215","87","68","18","7","0","1","0","1"
"강원특별자치도 철원군 서면와수출장소(5178031500)","1,663","684","459","267","172","58","18","3","2","0","0"
"강원특별자치도 철원군 근남면(5178032000)","1,053","506","299","139","74","25","8","1","1","0","0"
"강원특별자치도 철원군 근북면(5178033000)","61","31","24","4","2","0","0","0","0","0","0"
"강원특별자치도 화천군 (5179000000)","12,052","6,154","2,983","1,429","1,021","343","88","26","4","1","3"
"강원특별자치도 화천군 화천읍(5179025000)","3,994","1,881","932","568","413","153","37","8","2","0","0"
"강원특별자치도 화천군 간동면(5179031000)","1,512","829","444","148","58","24","7","2","0","0","0"
"강원특별자치도 화천군 하남면(5179032000)","1,342","562","378","200","136","46","13","5","1","1","0"
"강원특별자치도 화천군 상서면(5179033000)","2,191","1,349","484","186","117","38","15","1","0","0","1"
"강원특별자치도 화천군 사내면(5179034000)","3,013","1,533","745","327","297","82","16","10","1","0","2"
"강원특별자치도 양구군 (5180000000)","10,544","5,044","2,719","1,346","1,002","318","86","21","4","2","2"
"강원특별자치도 양구군 양구읍(5180025000)","6,194","2,641","1,552","898","784","239","63","11","2","2","2"
"강원특별자치도 양구군 국토정중앙면(5180031500)","1,873","1,032","506","198","84","38","9","5","1","0","0"
"강원특별자치도 양구군 동면(5180032000)","1,096","595","295","112","64","21","8","1","0","0","0"
"강원특별자치도 양구군 방산면(5180033000)","718","427","187","60","29","8","3","3","1","0","0"
"강원특별자치도 양구군 해안면(5180034000)","663","349","179","78","41","12","3","1","0","0","0"
"강원특별자치도 인제군 (5181000000)","16,787","8,501","4,154","2,052","1,524","432","88","25","6","2","3"
"강원특별자치도 인제군 인제읍(5181025000)","4,774","2,057","1,177","696","625","177","34","7","0","1","0"
"강원특별자치도 인제군 인제읍귀둔출장소(5181025100)","263","119","87","36","15","3","2","0","0","0","1"
"강원특별자치도 인제군 남면(5181031000)","2,136","1,187","525","230","137","38","10","4","4","0","1"
"강원특별자치도 인제군 북면(5181032000)","4,123","2,108","997","509","355","118","23","11","1","0","1"
"강원특별자치도 인제군 기린면(5181033000)","2,770","1,469","717","295","221","49","16","2","1","0","0"
"강원특별자치도 인제군 서화면(5181034000)","1,526","890","336","173","101","24","1","1","0","0","0"
"강원특별자치도 인제군 상남면(5181035000)","1,195","671","315","113","70","23","2","0","0","1","0"
"강원특별자치도 고성군 (5182000000)","15,431","8,367","4,096","1,611","977","304","54","18","2","1","1"
"강원특별자치도 고성군 간성읍(5182025000)","3,698","1,712","963","519","378","103","17","6","0","0","0"
"강원특별자치도 고성군 거진읍(5182025300)","3,492","2,049","949","281","148","51","12","2","0","0","0"
"강원특별자치도 고성군 현내면(5182031000)","1,326","745","390","111","48","22","4","4","1","1","0"
"강원특별자치도 고성군 죽왕면(5182032000)","2,015","1,144","546","181","103","31","7","2","1","0","0"
"강원특별자치도 고성군 토성면(5182033000)","4,900","2,717","1,248","519","300","97","14","4","0","0","1"
"강원특별자치도 양양군 (5183000000)","15,039","7,556","4,302","1,753","997","327","77","19","4","2","2"
"강원특별자치도 양양군 양양읍(5183025000)","6,279","2,877","1,700","878","588","188","34","13","1","0","0"
"강원특별자치도 양양군 서면(5183031000)","1,509","772","459","163","70","33","9","2","1","0","0"
"강원특별자치도 양양군 손양면(5183032000)","1,271","665","357","153","59","25","6","3","1","0","2"
"강원특별자치도 양양군 현북면(5183033000)","1,602","899","499","120","60","15","8","0","0","1","0"
"강원특별자치도 양양군 현남면(5183034000)","1,782","982","526","166","77","22","8","1","0","0","0"
"강원특별자치도 양양군 강현면(5183035000)","2,596","1,361","761","273","143","44","12","0","1","1","0"
"충청북도  (4300000000)","779,967","348,739","201,444","115,325","85,881","22,932","4,285","943","255","84","79"
"충청북도 청주시 (4311000000)","399,092","169,579","95,028","65,279","53,146","13,245","2,186","465","108","30","26"
"충청북도 청주시 상당구 (4311100000)","89,763","33,571","23,367","15,927","12,907","3,302","523","126","30","9","1"
"충청북도 청주시 상당구 낭성면(4311131000)","1,198","601","405","119","51","15","4","2","0","1","0"
"충청북도 청주시 상당구 미원면(4311132000)","2,797","1,496","915","253","83","39","7","3","1","0","0"
"충청북도 청주시 상당구 가덕면(4311133000)","2,065","953","744","235","95","26","8","3","1","0","0"
"충청북도 청주시 상당구 남일면(4311134000)","3,172","1,275","1,013","505","250","98","23","6","1","1","0"
"충청북도 청주시 상당구 문의면(4311135000)","1,988","940","671","211","112","39","8","4","3","0","0"
"충청북도 청주시 상당구 중앙동(4311152500)","3,392","1,618","882","479","302","84","21","5","1","0","0"
"충청북도 청주시 상당구 성안동(4311154500)","3,831","2,274","891","365","220","66","12","2","1","0","0"
"충청북도 청주시 상당구 탑대성동(4311162000)","5,325","2,058","1,541","908","623","151","29","8","6","1","0"
"충청북도 청주시 상당구 영운동(4311167000)","5,268","2,456","1,487","744","432","127","15","5","1","0","1"
"충청북도 청주시 상당구 금천동(4311168000)","12,576","4,065","3,368","2,443","2,038","551","87","17","6","1","0"
"충청북도 청주시 상당구 용담.명암.산성동(4311169000)","4,834","1,175","1,187","1,015","1,060","322","61","12","2","0","0"
"충청북도 청주시 상당구 용암1동(4311172000)","25,216","9,333","5,835","4,609","4,169","1,056","166","39","4","5","0"
"충청북도 청주시 상당구 용암2동(4311173000)","18,101","5,327","4,428","4,041","3,472","728","82","20","3","0","0"
"충청북도 청주시 서원구 (4311200000)","88,901","38,425","21,991","14,340","10,787","2,693","509","117","25","5","9"
"충청북도 청주시 서원구 남이면(4311231000)","4,744","1,883","1,432","785","499","103","30","11","0","0","1"
"충청북도 청주시 서원구 현도면(4311232000)","1,801","998","535","166","62","28","5","3","1","0","3"
"충청북도 청주시 서원구 사직1동(4311251000)","2,242","1,047","608","322","203","47","10","3","2","0","0"
"충청북도 청주시 서원구 사직2동(4311252000)","5,147","1,401","1,469","1,094","916","205","44","10","6","0","2"
"충청북도 청주시 서원구 사창동(4311253000)","8,696","5,520","1,700","790","493","146","36","10","0","1","0"
"충청북도 청주시 서원구 모충동(4311254000)","9,088","4,532","2,270","1,350","711","179","35","9","1","1","0"
"충청북도 청주시 서원구 산남동(4311255000)","10,528","3,507","2,363","2,082","1,958","513","88","14","2","0","1"
"충청북도 청주시 서원구 분평동(4311256000)","12,003","3,768","3,063","2,448","2,152","481","72","16","3","0","0"
"충청북도 청주시 서원구 수곡1동(4311257000)","7,064","3,704","1,825","893","446","142","40","10","2","0","2"
"충청북도 청주시 서원구 수곡2동(4311258000)","7,534","3,464","1,889","1,147","784","208","31","9","2","0","0"
"충청북도 청주시 서원구 성화.개신.죽림동(4311259000)","20,054","8,601","4,837","3,263","2,563","641","118","22","6","3","0"
"충청북도 청주시 흥덕구 (4311300000)","130,239","57,875","29,137","20,753","17,372","4,240","687","123","33","11","8"
"충청북도 청주시 흥덕구 오송읍(4311325000)","16,747","8,855","3,583","2,216","1,649","362","67","13","1","0","1"
"충청북도 청주시 흥덕구 강내면(4311331000)","5,034","2,267","1,266","745","521","181","45","5","2","1","1"
"충청북도 청주시 흥덕구 옥산면(4311332000)","7,754","2,660","2,187","1,506","1,095","253","40","10","2","0","1"
"충청북도 청주시 흥덕구 운천.신봉동(4311370000)","7,025","2,951","1,959","1,075","758","228","44","7","1","1","1"
"충청북도 청주시 흥덕구 복대1동(4311374100)","21,145","7,865","4,148","4,084","4,011","873","127","24","10","2","1"
"충청북도 청주시 흥덕구 복대2동(4311374200)","9,205","5,643","1,942","911","505","160","29","11","1","3","0"
"충청북도 청주시 흥덕구 가경동(4311374700)","22,311","6,604","5,760","4,662","4,151","974","128","21","10","1","0"
"충청북도 청주시 흥덕구 봉명1동(4311375100)","5,663","3,617","1,152","486","307","74","17","8","1","1","0"
"충청북도 청주시 흥덕구 봉명2.송정동(4311375600)","12,697","6,747","2,798","1,530","1,211","340","59","10","1","0","1"
"충청북도 청주시 흥덕구 강서제1동(4311376000)","15,731","8,055","3,179","2,130","1,739","531","81","9","4","1","2"
"충청북도 청주시 흥덕구 강서제2동(4311377000)","6,927","2,611","1,163","1,408","1,425","264","50","5","0","1","0"
"충청북도 청주시 청원구 (4311400000)","90,189","39,708","20,533","14,259","12,080","3,010","467","99","20","5","8"
"충청북도 청주시 청원구 내수읍(4311425000)","9,114","3,954","2,540","1,345","906","286","64","12","4","1","2"
"충청북도 청주시 청원구 오창읍(4311425300)","30,668","12,930","5,856","5,309","5,231","1,158","144","28","8","0","4"
"충청북도 청주시 청원구 북이면(4311431000)","2,499","1,334","742","267","94","49","10","2","1","0","0"
"충청북도 청주시 청원구 우암동(4311451000)","7,528","4,760","1,568","697","362","108","24","8","0","0","1"
"충청북도 청주시 청원구 내덕1동(4311452000)","4,234","2,006","1,227","579","294","100","22","6","0","0","0"
"충청북도 청주시 청원구 내덕2동(4311453000)","6,605","3,099","1,664","955","678","164","38","6","1","0","0"
"충청북도 청주시 청원구 율량.사천동(4311454000)","22,113","9,088","5,261","3,721","3,087","798","119","30","5","3","1"
"충청북도 청주시 청원구 오근장동(4311455000)","7,428","2,537","1,675","1,386","1,428","347","46","7","1","1","0"
"충청북도 충주시 (4313000000)","102,143","44,339","28,439","15,496","10,399","2,737","553","117","41","11","11"
"충청북도 충주시 주덕읍(4313025000)","2,676","1,323","859","315","114","54","8","2","1","0","0"
"충청북도 충주시 살미면(4313031000)","1,108","498","417","134","42","11","4","2","0","0","0"
"충청북도 충주시 수안보면(4313032500)","1,627","834","533","155","82","15","5","2","1","0","0"
"충청북도 충주시 대소원면(4313033500)","5,849","3,585","1,245","615","301","78","15","5","3","1","1"
"충청북도 충주시 신니면(4313035000)","1,576","762","580","149","57","19","4","3","2","0","0"
"충청북도 충주시 노은면(4313036000)","1,251","600","460","126","43","15","3","2","1","0","1"
"충청북도 충주시 앙성면(4313037000)","2,321","1,259","757","195","66","25","13","3","2","0","1"
"충청북도 충주시 중앙탑면(4313038500)","6,481","2,374","1,663","1,231","946","222","30","9","5","1","0"
"충청북도 충주시 금가면(4313039000)","1,881","791","541","292","179","53","20","5","0","0","0"
"충청북도 충주시 동량면(4313040000)","1,876","889","641","212","79","36","12","3","2","1","1"
"충청북도 충주시 산척면(4313041000)","1,246","609","447","123","39","19","6","3","0","0","0"
"충청북도 충주시 엄정면(4313042000)","1,648","764","596","182","64","28","10","2","0","1","1"
"충청북도 충주시 소태면(4313043000)","1,042","490","379","100","45","16","11","1","0","0","0"
"충청북도 충주시 성내.충인동(4313051500)","1,457","835","369","152","67","22","8","3","0","1","0"
"충청북도 충주시 교현.안림동(4313053500)","10,126","3,562","2,988","1,804","1,315","353","83","9","7","3","2"
"충청북도 충주시 교현2동(4313054000)","3,523","1,841","975","399","215","73","17","3","0","0","0"
"충청북도 충주시 용산동(4313055000)","6,077","1,959","1,630","1,234","971","231","39","10","3","0","0"
"충청북도 충주시 지현동(4313056000)","2,474","1,066","718","354","242","73","17","3","1","0","0"
"충청북도 충주시 문화동(4313057100)","4,698","2,159","1,452","617","324","116","22","5","1","1","1"
"충청북도 충주시 호암.직동(4313058000)","9,641","3,508","2,260","1,849","1,602","364","48","8","1","0","1"
"충청북도 충주시 달천동(4313060500)","2,464","1,583","550","202","83","26","14","3","3","0","0"
"충청북도 충주시 봉방동(4313061000)","4,710","2,363","1,201","643","388","90","19","4","2","0","0"
"충청북도 충주시 칠금.금릉동(4313062500)","6,272","2,253","1,790","1,118","840","231","27","11","1","0","1"
"충청북도 충주시 연수동(4313063000)","17,253","7,388","4,628","2,756","1,901","463","97","14","4","1","1"
"충청북도 충주시 목행.용탄동(4313064000)","2,866","1,044","760","539","394","104","21","2","1","1","0"
"충청북도 제천시 (4315000000)","66,038","30,198","18,683","8,933","6,040","1,694","370","80","29","7","4"
"충청북도 제천시 봉양읍(4315025000)","3,693","1,813","1,199","399","186","67","21","5","3","0","0"
"충청북도 제천시 금성면(4315031000)","1,035","540","323","105","41","13","9","1","2","1","0"
"충청북도 제천시 청풍면(4315032000)","786","456","240","51","20","11","5","3","0","0","0"
"충청북도 제천시 수산면(4315033000)","1,240","665","438","92","29","12","2","1","1","0","0"
"충청북도 제천시 덕산면(4315034000)","1,206","636","401","92","45","20","7","2","1","1","1"
"충청북도 제천시 한수면(4315035000)","397","220","127","29","14","5","0","1","1","0","0"
"충청북도 제천시 백운면(4315036000)","1,927","960","704","147","74","28","11","1","1","0","1"
"충청북도 제천시 송학면(4315038000)","2,638","1,283","909","278","121","35","6","3","3","0","0"
"충청북도 제천시 교동(4315051000)","7,779","2,533","2,264","1,465","1,121","326","52","15","3","0","0"
"충청북도 제천시 의림지동(4315051800)","4,635","1,903","1,185","737","606","160","34","4","3","2","1"
"충청북도 제천시 중앙동(4315052800)","3,009","1,569","836","341","169","73","17","4","0","0","0"
"충청북도 제천시 남현동(4315053700)","2,514","1,154","815","319","166","42","12","5","1","0","0"
"충청북도 제천시 영서동(4315054700)","4,892","2,188","1,333","684","508","142","29","5","1","1","1"
"충청북도 제천시 용두동(4315056000)","9,982","5,287","2,192","1,276","943","226","48","8","1","1","0"
"충청북도 제천시 신백동(4315057700)","5,234","2,204","1,514","798","555","131","26","4","2","0","0"
"충청북도 제천시 청전동(4315059000)","8,060","3,851","2,397","1,062","540","157","41","9","3","0","0"
"충청북도 제천시 화산동(4315060500)","7,011","2,936","1,806","1,058","902","246","50","9","3","1","0"
"충청북도 보은군 (4372000000)","16,864","8,242","5,362","1,764","983","369","101","32","3","3","5"
"충청북도 보은군 보은읍(4372025000)","7,108","3,116","2,111","939","629","234","57","18","0","1","3"
"충청북도 보은군 속리산면(4372031500)","1,062","600","331","75","38","13","2","2","0","0","1"
"충청북도 보은군 장안면(4372032500)","755","358","247","89","43","13","4","1","0","0","0"
"충청북도 보은군 마로면(4372033000)","1,212","599","446","100","41","17","6","2","0","0","1"
"충청북도 보은군 탄부면(4372034000)","940","489","334","76","24","11","5","1","0","0","0"
"충청북도 보은군 삼승면(4372035000)","1,283","670","417","113","51","18","12","2","0","0","0"
"충청북도 보은군 수한면(4372036000)","1,034","510","362","99","40","15","3","4","1","0","0"
"충청북도 보은군 회남면(4372037000)","471","286","140","30","9","5","1","0","0","0","0"
"충청북도 보은군 회인면(4372038500)","1,034","582","318","74","40","14","4","1","1","0","0"
"충청북도 보은군 내북면(4372039000)","992","557","302","79","33","18","1","1","1","0","0"
"충청북도 보은군 산외면(4372040000)","973","475","354","90","35","11","6","0","0","2","0"
"충청북도 옥천군 (4373000000)","25,406","11,867","7,635","3,121","1,894","666","158","39","15","6","5"
"충청북도 옥천군 옥천읍(4373025000)","13,163","5,221","3,762","2,044","1,483","507","114","19","7","3","3"
"충청북도 옥천군 동이면(4373031000)","1,821","950","591","175","65","24","6","5","3","2","0"
"충청북도 옥천군 안남면(4373032000)","797","428","264","57","26","11","9","1","1","0","0"
"충청북도 옥천군 안내면(4373033000)","1,129","585","387","97","36","18","4","2","0","0","0"
"충청북도 옥천군 청성면(4373034000)","1,445","814","484","101","33","11","1","1","0","0","0"
"충청북도 옥천군 청산면(4373035000)","1,771","999","557","139","50","20","4","1","0","1","0"
"충청북도 옥천군 이원면(4373036000)","2,297","1,212","722","216","94","37","11","2","2","0","1"
"충청북도 옥천군 군서면(4373037000)","1,255","688","389","115","44","12","2","5","0","0","0"
"충청북도 옥천군 군북면(4373038000)","1,728","970","479","177","63","26","7","3","2","0","1"
"충청북도 영동군 (4374000000)","23,722","11,572","7,182","2,660","1,546","559","148","40","9","1","5"
"충청북도 영동군 영동읍(4374025000)","9,425","4,132","2,522","1,359","992","326","71","17","3","1","2"
"충청북도 영동군 용산면(4374031000)","1,925","1,055","584","171","76","32","4","2","1","0","0"
"충청북도 영동군 황간면(4374032000)","2,159","1,031","716","229","115","42","20","4","1","0","1"
"충청북도 영동군 추풍령면(4374033500)","1,236","624","420","114","44","24","6","2","2","0","0"
"충청북도 영동군 매곡면(4374034000)","1,063","544","365","88","40","19","5","2","0","0","0"
"충청북도 영동군 상촌면(4374035000)","1,289","697","409","110","54","11","7","1","0","0","0"
"충청북도 영동군 양강면(4374036000)","1,624","783","527","179","75","40","13","7","0","0","0"
"충청북도 영동군 용화면(4374037000)","589","331","203","28","14","7","6","0","0","0","0"
"충청북도 영동군 학산면(4374038000)","1,598","855","538","126","56","14","7","2","0","0","0"
"충청북도 영동군 양산면(4374039000)","1,049","569","336","91","34","13","3","1","1","0","1"
"충청북도 영동군 심천면(4374040000)","1,765","951","562","165","46","31","6","2","1","0","1"
"충청북도 증평군 (4374500000)","18,944","8,939","4,886","2,605","1,801","573","105","24","8","3","0"
"충청북도 증평군 증평읍(4374525000)","17,975","8,460","4,558","2,509","1,760","553","101","23","8","3","0"
"충청북도 증평군 도안면(4374531000)","969","479","328","96","41","20","4","1","0","0","0"
"충청북도 진천군 (4375000000)","42,751","20,046","10,380","6,013","4,649","1,317","251","65","16","12","2"
"충청북도 진천군 진천읍(4375025000)","14,921","6,894","3,755","2,060","1,573","491","113","24","5","6","0"
"충청북도 진천군 덕산읍(4375025300)","13,327","5,397","2,734","2,374","2,170","544","77","21","7","3","0"
"충청북도 진천군 초평면(4375032000)","1,658","808","535","176","94","33","12","0","0","0","0"
"충청북도 진천군 문백면(4375033000)","1,961","1,045","583","201","89","32","7","1","0","1","2"
"충청북도 진천군 백곡면(4375034000)","1,268","717","394","101","37","13","3","1","1","1","0"
"충청북도 진천군 이월면(4375035000)","3,529","1,926","972","367","182","52","20","9","1","0","0"
"충청북도 진천군 광혜원면(4375037000)","6,087","3,259","1,407","734","504","152","19","9","2","1","0"
"충청북도 괴산군 (4376000000)","21,304","11,434","6,508","1,984","896","355","95","20","7","3","2"
"충청북도 괴산군 괴산읍(4376025000)","4,994","2,572","1,285","589","369","138","30","8","1","1","1"
"충청북도 괴산군 감물면(4376031000)","1,152","589","375","107","51","21","5","3","1","0","0"
"충청북도 괴산군 장연면(4376032000)","1,181","663","383","92","27","12","4","0","0","0","0"
"충청북도 괴산군 연풍면(4376033000)","1,350","736","429","125","41","17","1","1","0","0","0"
"충청북도 괴산군 칠성면(4376034000)","1,849","1,026","553","163","62","37","7","0","1","0","0"
"충청북도 괴산군 문광면(4376035000)","1,285","718","369","119","50","16","13","0","0","0","0"
"충청북도 괴산군 청천면(4376036000)","3,145","1,746","1,029","231","81","43","12","1","0","1","1"
"충청북도 괴산군 청안면(4376037000)","2,035","1,141","638","158","63","26","7","1","1","0","0"
"충청북도 괴산군 사리면(4376039000)","1,507","795","501","130","53","19","6","2","0","1","0"
"충청북도 괴산군 소수면(4376040000)","1,242","636","421","112","52","12","6","1","2","0","0"
"충청북도 괴산군 불정면(4376041000)","1,564","812","525","158","47","14","4","3","1","0","0"
"충청북도 음성군 (4377000000)","48,431","24,853","12,674","5,822","3,661","1,104","239","43","15","3","17"
"충청북도 음성군 음성읍(4377025000)","8,730","4,216","2,512","1,091","649","208","44","6","2","1","1"
"충청북도 음성군 금왕읍(4377025300)","10,229","5,194","2,570","1,303","863","232","54","8","4","0","1"
"충청북도 음성군 소이면(4377031000)","1,700","904","572","135","62","17","4","3","2","0","1"
"충청북도 음성군 원남면(4377032000)","1,815","1,008","562","159","56","22","7","1","0","0","0"
"충청북도 음성군 맹동면(4377033000)","6,269","3,351","1,226","796","688","164","24","7","1","0","12"
"충청북도 음성군 대소면(4377034000)","7,954","3,930","1,987","1,026","721","234","45","8","2","1","0"
"충청북도 음성군 삼성면(4377035000)","3,827","2,159","998","395","184","69","20","1","1","0","0"
"충청북도 음성군 생극면(4377036000)","2,601","1,469","725","232","110","48","11","5","0","0","1"
"충청북도 음성군 감곡면(4377037000)","5,306","2,622","1,522","685","328","110","30","4","3","1","1"
"충청북도 단양군 (4380000000)","15,272","7,670","4,667","1,648","866","313","79","18","4","5","2"
"충청북도 단양군 단양읍(4380025000)","5,172","2,316","1,473","719","473","155","29","4","1","2","0"
"충청북도 단양군 매포읍(4380025300)","2,598","1,229","798","309","175","64","16","6","1","0","0"
"충청북도 단양군 대강면(4380031000)","1,451","823","451","109","43","19","3","0","1","2","0"
"충청북도 단양군 가곡면(4380032000)","1,166","595","400","118","32","12","7","1","0","0","1"
"충청북도 단양군 영춘면(4380033000)","1,841","1,048","524","150","70","32","13","1","1","1","1"
"충청북도 단양군 어상천면(4380034000)","1,096","560","392","88","34","14","5","3","0","0","0"
"충청북도 단양군 적성면(4380035000)","935","511","336","61","17","3","5","2","0","0","0"
"충청북도 단양군 단성면(4380036000)","1,013","588","293","94","22","14","1","1","0","0","0"
"충청남도  (4400000000)","1,035,449","460,618","265,856","152,203","117,233","31,194","6,293","1,455","365","101","131"
"충청남도 천안시 (4413000000)","306,418","133,132","67,265","50,940","43,135","9,760","1,685","360","92","29","20"
"충청남도 천안시 동남구 (4413100000)","121,234","52,392","28,810","19,694","15,569","3,814","733","166","43","5","8"
"충청남도 천안시 동남구 목천읍(4413125000)","11,398","5,016","2,964","1,782","1,232","319","70","12","2","1","0"
"충청남도 천안시 동남구 풍세면(4413131000)","2,149","1,073","627","265","118","49","10","6","1","0","0"
"충청남도 천안시 동남구 광덕면(4413132000)","2,312","1,164","720","267","107","32","16","5","0","1","0"
"충청남도 천안시 동남구 북면(4413133000)","2,496","1,347","732","262","101","38","12","4","0","0","0"
"충청남도 천안시 동남구 성남면(4413134000)","1,583","788","488","183","80","30","12","0","1","0","1"
"충청남도 천안시 동남구 수신면(4413135000)","1,296","742","360","124","39","19","8","4","0","0","0"
"충청남도 천안시 동남구 병천면(4413136000)","3,690","2,168","907","340","201","59","13","1","1","0","0"
"충청남도 천안시 동남구 동면(4413137000)","1,157","637","364","99","34","15","5","2","0","0","1"
"충청남도 천안시 동남구 중앙동(4413151000)","3,043","1,830","704","300","149","42","14","3","1","0","0"
"충청남도 천안시 동남구 문성동(4413152000)","3,887","1,798","865","660","470","73","13","5","1","0","2"
"충청남도 천안시 동남구 원성1동(4413153000)","4,094","1,869","1,144","584","363","88","33","5","5","0","3"
"충청남도 천안시 동남구 원성2동(4413154000)","4,969","2,564","1,269","644","354","97","32","9","0","0","0"
"충청남도 천안시 동남구 봉명동(4413155000)","9,037","4,646","2,108","1,249","788","186","44","11","5","0","0"
"충청남도 천안시 동남구 일봉동(4413156000)","8,544","2,257","2,059","1,867","1,793","479","70","15","3","1","0"
"충청남도 천안시 동남구 신방동(4413157000)","19,370","7,711","4,064","3,374","3,271","783","137","22","8","0","0"
"충청남도 천안시 동남구 청룡동(4413158000)","23,258","6,915","5,454","4,978","4,603","1,089","166","40","10","2","1"
"충청남도 천안시 동남구 신안동(4413159000)","18,951","9,867","3,981","2,716","1,866","416","78","22","5","0","0"
"충청남도 천안시 서북구 (4413300000)","185,184","80,740","38,455","31,246","27,566","5,946","952","194","49","24","12"
"충청남도 천안시 서북구 성환읍(4413325000)","11,283","4,987","3,127","1,631","1,097","331","82","23","2","3","0"
"충청남도 천안시 서북구 성거읍(4413325300)","9,763","4,189","2,410","1,502","1,251","341","57","5","3","0","5"
"충청남도 천안시 서북구 직산읍(4413325600)","9,786","4,679","2,310","1,443","1,034","243","49","16","6","5","1"
"충청남도 천안시 서북구 입장면(4413331000)","4,375","2,222","1,173","569","285","90","25","9","0","1","1"
"충청남도 천안시 서북구 성정1동(4413351000)","9,687","5,375","2,215","1,188","704","157","41","5","2","0","0"
"충청남도 천안시 서북구 성정2동(4413352000)","17,906","13,223","2,796","1,110","590","145","32","6","3","0","1"
"충청남도 천안시 서북구 쌍용1동(4413353000)","6,263","2,682","1,570","1,033","743","192","30","9","2","2","0"
"충청남도 천안시 서북구 쌍용2동(4413354000)","14,775","4,704","3,623","3,059","2,699","575","86","20","5","2","2"
"충청남도 천안시 서북구 쌍용3동(4413355000)","8,157","3,312","1,931","1,414","1,123","322","46","6","1","2","0"
"충청남도 천안시 서북구 백석동(4413356000)","14,591","3,757","2,878","3,255","3,677","861","127","30","5","1","0"
"충청남도 천안시 서북구 불당1동(4413356600)","13,045","4,121","2,688","3,014","2,661","474","59","21","2","4","1"
"충청남도 천안시 서북구 불당2동(4413356700)","13,762","3,761","2,226","3,238","3,789","660","67","15","5","1","0"
"충청남도 천안시 서북구 부성1동(4413358000)","25,634","13,167","4,917","3,789","3,030","598","108","14","10","1","0"
"충청남도 천안시 서북구 부성2동(4413359000)","26,157","10,561","4,591","5,001","4,883","957","143","15","3","2","1"
"충청남도 공주시 (4415000000)","53,019","25,544","14,923","6,702","4,026","1,338","356","86","24","5","15"
"충청남도 공주시 유구읍(4415025000)","3,762","1,685","1,380","424","170","66","26","10","1","0","0"
"충청남도 공주시 이인면(4415031000)","1,643","780","531","180","101","33","15","2","1","0","0"
"충청남도 공주시 탄천면(4415032000)","1,581","846","498","144","51","26","11","2","0","0","3"
"충청남도 공주시 계룡면(4415033000)","3,000","1,573","977","247","110","58","25","8","1","0","1"
"충청남도 공주시 반포면(4415034000)","2,158","1,071","661","236","118","44","19","6","1","0","2"
"충청남도 공주시 의당면(4415036000)","2,423","1,218","725","276","129","51","20","1","3","0","0"
"충청남도 공주시 정안면(4415037000)","2,576","1,309","788","299","106","42","20","7","3","1","1"
"충청남도 공주시 우성면(4415038000)","2,703","1,308","882","302","126","58","18","7","1","1","0"
"충청남도 공주시 사곡면(4415039000)","1,502","709","523","149","64","34","18","3","2","0","0"
"충청남도 공주시 신풍면(4415040000)","1,528","764","508","159","56","27","8","3","1","1","1"
"충청남도 공주시 중학동(4415051000)","2,483","1,407","611","253","148","49","11","3","1","0","0"
"충청남도 공주시 웅진동(4415054000)","3,902","1,790","1,084","559","331","115","20","3","0","0","0"
"충청남도 공주시 금학동(4415055000)","2,669","1,349","637","323","249","81","23","4","1","0","2"
"충청남도 공주시 옥룡동(4415056000)","3,985","2,031","1,102","506","240","82","14","6","1","0","3"
"충청남도 공주시 신관동(4415057000)","10,160","5,157","2,335","1,399","923","281","51","8","4","1","1"
"충청남도 공주시 월송동(4415059000)","6,944","2,547","1,681","1,246","1,104","291","57","13","3","1","1"
"충청남도 보령시 (4418000000)","49,709","23,398","14,417","6,375","3,973","1,160","289","74","16","3","4"
"충청남도 보령시 웅천읍(4418025000)","3,450","1,893","1,027","343","129","39","13","6","0","0","0"
"충청남도 보령시 주포면(4418031000)","908","483","277","85","44","10","8","0","1","0","0"
"충청남도 보령시 오천면(4418032000)","1,153","569","386","124","54","18","1","1","0","0","0"
"충청남도 보령시 오천면어항출장소(4418032500)","845","427","254","92","45","15","9","1","0","2","0"
"충청남도 보령시 원산출장소(4418032900)","578","301","177","50","30","12","8","0","0","0","0"
"충청남도 보령시 천북면(4418033000)","1,813","889","599","185","93","28","13","4","1","1","0"
"충청남도 보령시 청소면(4418034000)","1,417","712","491","137","50","19","7","1","0","0","0"
"충청남도 보령시 청라면(4418035000)","1,995","965","699","188","94","29","14","4","2","0","0"
"충청남도 보령시 남포면(4418036000)","2,672","1,248","949","291","132","34","11","4","2","0","1"
"충청남도 보령시 주산면(4418038000)","1,375","729","473","116","46","7","3","1","0","0","0"
"충청남도 보령시 미산면(4418039000)","1,013","571","309","90","23","13","5","2","0","0","0"
"충청남도 보령시 성주면(4418040000)","1,158","630","339","103","60","17","6","3","0","0","0"
"충청남도 보령시 주교면(4418041000)","2,506","1,180","779","319","163","40","17","6","1","0","1"
"충청남도 보령시 대천1동(4418051500)","6,493","2,866","1,875","879","611","207","40","11","3","0","1"
"충청남도 보령시 대천2동(4418052500)","3,181","1,456","893","441","293","78","17","2","1","0","0"
"충청남도 보령시 대천3동(4418053500)","7,435","3,213","1,801","1,154","950","254","50","12","1","0","0"
"충청남도 보령시 대천4동(4418054500)","8,346","3,474","2,095","1,413","1,016","279","51","15","3","0","0"
"충청남도 보령시 대천5동(4418056500)","3,371","1,792","994","365","140","61","16","1","1","0","1"
"충청남도 아산시 (4420000000)","159,108","67,724","35,685","25,534","22,853","5,931","1,062","232","58","14","15"
"충청남도 아산시 염치읍(4420025000)","3,104","1,411","931","427","225","78","21","8","2","1","0"
"충청남도 아산시 배방읍(4420025300)","39,578","17,210","7,959","6,407","6,084","1,601","250","51","12","2","2"
"충청남도 아산시 송악면(4420031000)","1,961","793","634","250","179","81","16","6","1","0","1"
"충청남도 아산시 탕정면(4420033000)","17,894","6,152","2,907","3,593","4,173","889","144","26","9","1","0"
"충청남도 아산시 음봉면(4420035000)","9,861","4,547","2,136","1,427","1,309","357","65","15","4","1","0"
"충청남도 아산시 둔포면(4420036000)","12,174","6,377","2,576","1,648","1,169","314","71","14","4","0","1"
"충청남도 아산시 영인면(4420037000)","2,780","1,278","902","335","158","67","26","9","2","0","3"
"충청남도 아산시 인주면(4420038000)","3,358","1,854","933","320","171","58","16","4","1","1","0"
"충청남도 아산시 선장면(4420039000)","1,605","768","550","179","63","27","12","4","1","0","1"
"충청남도 아산시 도고면(4420040000)","2,317","1,084","789","261","118","45","17","2","0","1","0"
"충청남도 아산시 신창면(4420041000)","9,681","4,580","2,494","1,308","938","287","55","13","3","2","1"
"충청남도 아산시 온양1동(4420057000)","4,449","2,219","1,009","652","426","110","24","7","0","1","1"
"충청남도 아산시 온양2동(4420058000)","5,830","3,376","1,311","662","336","111","25","5","4","0","0"
"충청남도 아산시 온양3동(4420059000)","16,138","5,419","3,651","3,062","3,052","783","132","29","6","2","2"
"충청남도 아산시 온양4동(4420060000)","7,515","2,701","2,066","1,351","1,047","288","52","9","0","0","1"
"충청남도 아산시 온양5동(4420061000)","8,939","3,262","2,093","1,640","1,489","375","60","14","4","2","0"
"충청남도 아산시 온양6동(4420062000)","11,924","4,693","2,744","2,012","1,916","460","76","16","5","0","2"
"충청남도 서산시 (4421000000)","83,565","34,724","22,784","12,843","9,956","2,591","519","102","31","8","7"
"충청남도 서산시 대산읍(4421025000)","7,302","3,944","1,827","849","508","132","29","7","5","0","1"
"충청남도 서산시 인지면(4421031000)","3,358","1,306","1,045","511","362","100","24","5","2","3","0"
"충청남도 서산시 부석면(4421032000)","2,800","1,216","1,071","345","105","42","17","3","1","0","0"
"충청남도 서산시 팔봉면(4421033000)","1,794","770","745","181","64","24","10","0","0","0","0"
"충청남도 서산시 지곡면(4421034000)","3,877","1,599","1,204","559","356","120","32","5","1","0","1"
"충청남도 서산시 성연면(4421036000)","6,745","2,027","1,683","1,428","1,290","260","49","7","1","0","0"
"충청남도 서산시 음암면(4421037000)","4,518","1,906","1,465","616","379","118","26","4","3","0","1"
"충청남도 서산시 운산면(4421038000)","2,706","1,274","957","283","115","58","15","3","0","1","0"
"충청남도 서산시 해미면(4421039000)","3,974","2,116","1,121","433","180","80","32","10","1","1","0"
"충청남도 서산시 고북면(4421040000)","3,007","1,233","1,088","367","215","81","18","4","1","0","0"
"충청남도 서산시 부춘동(4421051000)","8,960","4,131","2,117","1,333","1,023","283","57","13","2","1","0"
"충청남도 서산시 동문1동(4421052500)","7,729","2,681","2,114","1,397","1,151","314","60","8","2","1","1"
"충청남도 서산시 동문2동(4421053500)","4,352","2,216","1,038","530","429","105","27","2","4","0","1"
"충청남도 서산시 수석동(4421054000)","7,647","3,408","1,730","1,119","1,062","275","39","11","2","0","1"
"충청남도 서산시 석남동(4421055000)","14,796","4,897","3,579","2,892","2,717","599","84","20","6","1","1"
"충청남도 논산시 (4423000000)","57,648","27,851","16,375","7,039","4,494","1,415","335","93","21","7","18"
"충청남도 논산시 강경읍(4423025000)","4,174","2,145","1,243","465","217","69","28","4","2","1","0"
"충청남도 논산시 연무읍(4423025300)","6,734","3,313","1,894","777","512","179","39","12","4","0","4"
"충청남도 논산시 성동면(4423031000)","2,123","1,045","698","238","90","32","17","0","1","1","1"
"충청남도 논산시 광석면(4423032000)","2,210","1,103","698","236","110","42","17","1","3","0","0"
"충청남도 논산시 노성면(4423033000)","1,548","777","510","153","73","19","9","7","0","0","0"
"충청남도 논산시 상월면(4423034000)","1,917","1,047","575","181","85","18","5","2","1","1","2"
"충청남도 논산시 부적면(4423035000)","1,889","967","594","189","95","37","7","0","0","0","0"
"충청남도 논산시 연산면(4423036000)","3,360","1,875","985","303","114","45","24","10","1","0","3"
"충청남도 논산시 벌곡면(4423038000)","1,398","782","427","113","44","21","6","3","1","0","1"
"충청남도 논산시 양촌면(4423039000)","2,992","1,371","949","360","207","69","23","10","1","0","2"
"충청남도 논산시 가야곡면(4423040000)","1,862","957","622","173","72","26","9","3","0","0","0"
"충청남도 논산시 은진면(4423041000)","2,288","1,353","587","195","95","41","13","3","0","0","1"
"충청남도 논산시 채운면(4423042000)","1,127","546","363","121","61","20","12","3","1","0","0"
"충청남도 논산시 취암동(4423051000)","16,892","7,783","4,050","2,438","1,924","577","87","25","4","2","2"
"충청남도 논산시 부창동(4423052000)","7,134","2,787","2,180","1,097","795","220","39","10","2","2","2"
"충청남도 계룡시 (4425000000)","19,404","6,199","5,103","3,590","3,347","963","153","36","5","4","4"
"충청남도 계룡시 두마면(4425031000)","5,875","1,875","1,579","1,162","954","255","33","13","1","1","2"
"충청남도 계룡시 엄사면(4425031500)","7,679","2,935","2,126","1,291","954","307","50","10","3","2","1"
"충청남도 계룡시 신도안면(4425033000)","2,445","357","391","508","894","257","34","4","0","0","0"
"충청남도 계룡시 금암동(4425051000)","3,405","1,032","1,007","629","545","144","36","9","1","1","1"
"충청남도 당진시 (4427000000)","83,058","37,444","20,923","12,055","9,317","2,608","549","118","34","7","3"
"충청남도 당진시 합덕읍(4427025000)","4,487","2,231","1,398","511","225","75","37","6","3","1","0"
"충청남도 당진시 송악읍(4427025300)","14,616","6,903","3,275","2,047","1,795","481","89","19","7","0","0"
"충청남도 당진시 고대면(4427031000)","2,914","1,388","995","299","165","42","20","4","0","1","0"
"충청남도 당진시 석문면(4427032000)","5,473","3,377","1,301","474","211","68","27","11","2","2","0"
"충청남도 당진시 대호지면(4427033000)","1,237","565","455","133","48","25","5","5","0","1","0"
"충청남도 당진시 정미면(4427034000)","1,968","989","629","210","84","36","14","3","1","1","1"
"충청남도 당진시 면천면(4427035000)","1,827","829","637","226","78","35","17","3","1","0","1"
"충청남도 당진시 순성면(4427036000)","2,591","1,178","878","320","146","49","18","2","0","0","0"
"충청남도 당진시 우강면(4427037000)","2,783","1,210","950","359","179","60","21","3","0","0","1"
"충청남도 당진시 신평면(4427038000)","6,589","2,483","1,805","1,064","860","301","54","17","5","0","0"
"충청남도 당진시 송산면(4427039000)","6,351","3,489","1,381","724","533","172","34","15","2","1","0"
"충청남도 당진시 당진1동(4427051000)","15,633","7,009","3,232","2,641","2,133","515","81","16","6","0","0"
"충청남도 당진시 당진2동(4427052000)","9,522","3,293","2,361","1,732","1,634","412","82","4","4","0","0"
"충청남도 당진시 당진3동(4427053000)","7,067","2,500","1,626","1,315","1,226","337","50","10","3","0","0"
"충청남도 금산군 (4471000000)","26,562","12,860","8,056","3,028","1,767","617","175","40","6","4","9"
"충청남도 금산군 금산읍(4471025000)","10,907","4,460","3,256","1,575","1,116","382","90","21","3","2","2"
"충청남도 금산군 금성면(4471031000)","1,783","935","552","183","72","29","10","1","0","0","1"
"충청남도 금산군 제원면(4471032000)","1,601","848","516","147","59","20","8","3","0","0","0"
"충청남도 금산군 부리면(4471033000)","1,425","743","500","119","44","12","2","2","1","1","1"
"충청남도 금산군 군북면(4471034000)","1,376","738","420","120","60","24","11","3","0","0","0"
"충청남도 금산군 남일면(4471035000)","1,423","726","468","128","66","24","8","1","0","0","2"
"충청남도 금산군 남이면(4471036000)","1,153","603","373","116","43","12","4","1","0","0","1"
"충청남도 금산군 진산면(4471037000)","1,889","1,086","542","147","69","27","11","6","0","0","1"
"충청남도 금산군 복수면(4471038000)","1,707","932","514","143","83","25","10","0","0","0","0"
"충청남도 금산군 추부면(4471039000)","3,298","1,789","915","350","155","62","21","2","2","1","1"
"충청남도 부여군 (4476000000)","32,667","15,441","10,503","3,721","2,006","724","202","51","11","3","5"
"충청남도 부여군 부여읍(4476025000)","9,426","4,317","2,706","1,289","752","279","61","17","3","0","2"
"충청남도 부여군 규암면(4476031000)","5,700","2,491","1,593","813","547","195","50","9","2","0","0"
"충청남도 부여군 은산면(4476032000)","1,945","900","688","214","86","41","14","0","1","1","0"
"충청남도 부여군 외산면(4476033000)","1,306","662","465","116","46","11","5","1","0","0","0"
"충청남도 부여군 내산면(4476034000)","826","378","336","61","31","12","7","1","0","0","0"
"충청남도 부여군 구룡면(4476035000)","1,255","611","434","124","61","18","5","1","0","1","0"
"충청남도 부여군 홍산면(4476036000)","1,492","700","544","145","64","27","8","2","1","1","0"
"충청남도 부여군 옥산면(4476037000)","804","404","293","67","28","7","3","2","0","0","0"
"충청남도 부여군 남면(4476038000)","978","467","371","80","42","8","5","4","0","0","1"
"충청남도 부여군 충화면(4476039000)","669","365","224","53","19","6","2","0","0","0","0"
"충청남도 부여군 양화면(4476040000)","985","532","339","74","28","9","2","1","0","0","0"
"충청남도 부여군 임천면(4476041000)","1,558","814","517","132","58","22","9","4","1","0","1"
"충청남도 부여군 장암면(4476042000)","1,456","737","499","133","58","13","8","5","3","0","0"
"충청남도 부여군 세도면(4476043000)","1,668","808","599","150","76","29","4","2","0","0","0"
"충청남도 부여군 석성면(4476044000)","1,446","688","494","158","61","32","12","0","0","0","1"
"충청남도 부여군 초촌면(4476045000)","1,153","567","401","112","49","15","7","2","0","0","0"
"충청남도 서천군 (4477000000)","26,543","12,856","8,428","2,926","1,512","590","159","42","13","7","10"
"충청남도 서천군 장항읍(4477025000)","5,876","2,979","1,619","699","409","123","32","10","2","1","2"
"충청남도 서천군 서천읍(4477025300)","6,113","2,422","1,867","919","600","228","57","13","2","3","2"
"충청남도 서천군 마서면(4477031000)","2,582","1,298","862","243","113","47","13","2","2","0","2"
"충청남도 서천군 화양면(4477032000)","1,223","600","457","105","37","17","5","1","1","0","0"
"충청남도 서천군 기산면(4477033000)","904","470","316","74","31","10","1","2","0","0","0"
"충청남도 서천군 한산면(4477034000)","1,393","727","470","121","49","17","5","3","1","0","0"
"충청남도 서천군 마산면(4477035000)","801","411","285","53","23","18","6","2","2","1","0"
"충청남도 서천군 시초면(4477036000)","692","356","235","60","20","16","5","0","0","0","0"
"충청남도 서천군 문산면(4477037000)","726","388","251","60","18","5","3","1","0","0","0"
"충청남도 서천군 판교면(4477038000)","1,159","592","412","102","35","12","5","1","0","0","0"
"충청남도 서천군 종천면(4477039000)","1,180","656","358","100","32","25","5","2","0","1","1"
"충청남도 서천군 비인면(4477040000)","1,625","815","587","141","50","21","8","1","0","0","2"
"충청남도 서천군 서면(4477041000)","2,269","1,142","709","249","95","51","14","4","3","1","1"
"충청남도 청양군 (4479000000)","16,722","8,565","5,017","1,727","898","362","112","24","12","2","3"
"충청남도 청양군 청양읍(4479025000)","5,509","2,957","1,356","586","395","156","42","11","2","2","2"
"충청남도 청양군 운곡면(4479031000)","1,206","643","376","115","44","17","10","0","1","0","0"
"충청남도 청양군 대치면(4479032000)","1,244","628","405","123","53","24","8","2","1","0","0"
"충청남도 청양군 정산면(4479033000)","1,910","992","545","199","114","46","10","1","3","0","0"
"충청남도 청양군 목면(4479034000)","821","394","281","90","35","11","7","2","1","0","0"
"충청남도 청양군 청남면(4479035000)","1,004","475","350","103","54","17","5","0","0","0","0"
"충청남도 청양군 장평면(4479036000)","1,193","546","429","119","61","21","12","4","1","0","0"
"충청남도 청양군 남양면(4479037000)","1,479","745","507","135","49","30","10","2","1","0","0"
"충청남도 청양군 화성면(4479038000)","1,190","602","389","126","45","20","6","2","0","0","0"
"충청남도 청양군 비봉면(4479039000)","1,166","583","379","131","48","20","2","0","2","0","1"
"충청남도 홍성군 (4480000000)","47,463","20,308","13,587","6,779","4,887","1,488","309","75","17","4","9"
"충청남도 홍성군 홍성읍(4480025000)","17,456","7,862","4,622","2,486","1,777","568","100","30","7","2","2"
"충청남도 홍성군 광천읍(4480025300)","4,241","2,025","1,437","477","199","66","23","5","2","2","5"
"충청남도 홍성군 홍북읍(4480025600)","12,746","4,279","2,916","2,413","2,377","636","104","18","3","0","0"
"충청남도 홍성군 금마면(4480032000)","1,853","869","646","219","83","26","8","2","0","0","0"
"충청남도 홍성군 홍동면(4480033000)","1,750","748","611","224","109","35","18","3","2","0","0"
"충청남도 홍성군 장곡면(4480034000)","1,552","736","570","149","56","27","11","3","0","0","0"
"충청남도 홍성군 은하면(4480035000)","1,204","582","417","130","48","14","7","5","1","0","0"
"충청남도 홍성군 결성면(4480036000)","1,141","537","445","105","36","11","4","2","0","0","1"
"충청남도 홍성군 서부면(4480037000)","1,660","743","615","179","74","36","9","2","2","0","0"
"충청남도 홍성군 갈산면(4480038000)","1,963","998","673","192","53","32","12","3","0","0","0"
"충청남도 홍성군 구항면(4480039000)","1,897","929","635","205","75","37","13","2","0","0","1"
"충청남도 예산군 (4481000000)","40,245","18,009","12,614","5,326","2,968","990","235","78","15","3","7"
"충청남도 예산군 예산읍(4481025000)","15,121","6,351","4,448","2,248","1,500","453","92","24","3","1","1"
"충청남도 예산군 삽교읍(4481025300)","7,184","3,045","2,013","1,166","693","207","36","19","4","0","1"
"충청남도 예산군 대술면(4481031000)","1,325","623","505","124","49","18","4","2","0","0","0"
"충청남도 예산군 신양면(4481032000)","1,621","777","565","182","60","21","11","4","0","0","1"
"충청남도 예산군 광시면(4481033000)","1,663","805","577","178","70","24","6","3","0","0","0"
"충청남도 예산군 대흥면(4481034000)","973","484","353","86","24","21","2","2","1","0","0"
"충청남도 예산군 응봉면(4481035000)","1,316","649","420","150","63","20","7","5","2","0","0"
"충청남도 예산군 덕산면(4481036000)","3,407","1,667","1,071","372","178","83","22","8","1","2","3"
"충청남도 예산군 봉산면(4481037000)","1,308","615","460","134","58","27","11","1","1","0","1"
"충청남도 예산군 고덕면(4481038000)","2,295","1,060","808","251","108","40","23","5","0","0","0"
"충청남도 예산군 신암면(4481039000)","1,843","877","662","181","74","36","9","3","1","0","0"
"충청남도 예산군 오가면(4481040000)","2,189","1,056","732","254","91","40","12","2","2","0","0"
"충청남도 태안군 (4482500000)","33,318","16,563","10,176","3,618","2,094","657","153","44","10","1","2"
"충청남도 태안군 태안읍(4482525000)","14,577","6,539","4,126","1,991","1,428","393","75","21","3","1","0"
"충청남도 태안군 안면읍(4482525300)","4,678","2,484","1,436","432","217","77","22","9","0","0","1"
"충청남도 태안군 고남면(4482531000)","1,346","706","457","103","54","19","6","1","0","0","0"
"충청남도 태안군 남면(4482532000)","2,521","1,385","761","222","99","42","10","2","0","0","0"
"충청남도 태안군 근흥면(4482533000)","3,201","1,705","1,065","287","91","38","9","3","3","0","0"
"충청남도 태안군 소원면(4482534000)","3,131","1,675","1,068","249","81","41","13","3","1","0","0"
"충청남도 태안군 원북면(4482535000)","2,589","1,392","853","222","79","26","11","3","2","0","1"
"충청남도 태안군 이원면(4482536000)","1,275","677","410","112","45","21","7","2","1","0","0"
"전라북도  (4500000000)","861,193","387,076","226,464","123,083","90,163","27,002","5,533","1,292","301","102","177"
"전라북도 전주시 (4511000000)","296,394","121,670","72,682","49,004","39,844","10,810","1,897","360","78","25","24"
"전라북도 전주시 완산구 (4511100000)","153,376","64,013","38,828","24,846","19,290","5,176","958","195","39","18","13"
"전라북도 전주시 완산구 중앙동(4511151000)","4,934","2,299","1,295","697","477","133","28","3","1","1","0"
"전라북도 전주시 완산구 풍남동(4511153000)","2,294","1,426","537","214","78","25","14","0","0","0","0"
"전라북도 전주시 완산구 노송동(4511160500)","5,525","2,748","1,468","707","438","129","25","7","0","0","3"
"전라북도 전주시 완산구 완산동(4511163500)","2,628","1,323","687","324","210","58","21","3","1","0","1"
"전라북도 전주시 완산구 동서학동(4511165000)","3,126","1,568","834","381","225","92","21","4","0","0","1"
"전라북도 전주시 완산구 서서학동(4511166000)","4,356","2,153","1,264","536","288","91","18","4","1","0","1"
"전라북도 전주시 완산구 중화산1동(4511167100)","6,333","2,529","1,723","1,045","718","242","60","15","1","0","0"
"전라북도 전주시 완산구 중화산2동(4511167200)","9,227","4,407","1,881","1,308","1,244","306","56","20","2","1","2"
"전라북도 전주시 완산구 서신동(4511168000)","17,553","6,633","4,323","3,121","2,656","680","114","20","3","2","1"
"전라북도 전주시 완산구 평화1동(4511169100)","7,057","4,026","1,788","711","397","101","23","7","2","1","1"
"전라북도 전주시 완산구 평화2동(4511169200)","18,573","5,952","5,112","3,636","2,940","781","130","15","4","3","0"
"전라북도 전주시 완산구 삼천1동(4511170100)","5,314","1,974","1,523","929","667","185","25","8","2","1","0"
"전라북도 전주시 완산구 삼천2동(4511170200)","6,117","2,573","1,767","947","587","188","41","13","0","1","0"
"전라북도 전주시 완산구 삼천3동(4511170300)","9,122","3,086","2,525","1,743","1,348","343","59","11","5","2","0"
"전라북도 전주시 완산구 효자1동(4511171100)","5,960","2,214","1,745","1,008","705","236","40","9","1","1","1"
"전라북도 전주시 완산구 효자2동(4511171200)","4,449","1,827","1,306","707","445","127","32","4","1","0","0"
"전라북도 전주시 완산구 효자3동(4511171300)","5,952","1,752","1,834","1,257","829","213","52","9","6","0","0"
"전라북도 전주시 완산구 효자4동(4511171400)","16,561","6,079","3,760","2,973","2,851","756","108","26","4","3","1"
"전라북도 전주시 완산구 효자5동(4511173000)","18,295","9,444","3,456","2,602","2,187","490","91","17","5","2","1"
"전라북도 전주시 덕진구 (4511300000)","143,018","57,657","33,854","24,158","20,554","5,634","939","165","39","7","11"
"전라북도 전주시 덕진구 진북동(4511352500)","6,743","3,153","1,952","902","510","167","43","14","1","1","0"
"전라북도 전주시 덕진구 인후1동(4511354000)","7,414","2,517","1,973","1,320","1,149","356","76","19","4","0","0"
"전라북도 전주시 덕진구 인후2동(4511355000)","5,744","3,026","1,476","727","370","113","25","7","0","0","0"
"전라북도 전주시 덕진구 인후3동(4511356000)","14,397","6,304","3,371","2,310","1,796","507","86","17","4","0","2"
"전라북도 전주시 덕진구 덕진동(4511357000)","10,843","5,761","2,255","1,418","1,057","280","58","7","6","1","0"
"전라북도 전주시 덕진구 금암1동(4511358000)","5,569","4,207","793","335","173","45","12","4","0","0","0"
"전라북도 전주시 덕진구 금암2동(4511359000)","5,152","2,693","1,294","626","369","138","24","5","1","2","0"
"전라북도 전주시 덕진구 팔복동(4511360000)","4,611","2,814","1,102","397","204","68","18","6","1","0","1"
"전라북도 전주시 덕진구 우아1동(4511361100)","5,984","2,711","1,483","932","658","153","37","7","3","0","0"
"전라북도 전주시 덕진구 우아2동(4511361200)","7,646","4,189","1,701","928","597","184","36","9","2","0","0"
"전라북도 전주시 덕진구 호성동(4511362000)","7,880","2,390","2,283","1,542","1,233","349","73","8","1","0","1"
"전라북도 전주시 덕진구 송천1동(4511364100)","24,246","6,040","5,231","5,438","5,855","1,478","175","20","6","1","2"
"전라북도 전주시 덕진구 송천2동(4511364200)","10,349","3,251","2,743","2,026","1,672","541","99","14","2","0","1"
"전라북도 전주시 덕진구 조촌동(4511365000)","6,233","3,055","1,524","886","574","158","28","8","0","0","0"
"전라북도 전주시 덕진구 여의동(4511366500)","7,181","2,604","1,980","1,274","990","271","52","6","2","1","1"
"전라북도 전주시 덕진구 혁신동(4511367000)","13,026","2,942","2,693","3,097","3,347","826","97","14","6","1","3"
"전라북도 군산시 (4513000000)","123,996","52,726","32,561","19,374","14,388","3,894","773","190","47","17","26"
"전라북도 군산시 옥구읍(4513025000)","1,600","764","530","188","74","23","14","5","0","0","2"
"전라북도 군산시 옥산면(4513031000)","1,963","676","534","369","277","76","22","8","1","0","0"
"전라북도 군산시 회현면(4513032000)","1,534","641","455","218","129","71","12","3","4","0","1"
"전라북도 군산시 임피면(4513033000)","1,418","761","399","157","64","23","9","2","1","1","1"
"전라북도 군산시 서수면(4513034000)","1,311","677","408","128","66","20","6","2","1","0","3"
"전라북도 군산시 대야면(4513035000)","2,546","1,224","838","284","133","50","11","5","0","0","1"
"전라북도 군산시 개정면(4513036000)","1,468","630","509","187","90","37","11","1","2","0","1"
"전라북도 군산시 성산면(4513037000)","1,358","603","445","182","87","29","6","4","1","1","0"
"전라북도 군산시 나포면(4513038000)","1,176","615","371","123","42","16","5","2","0","0","2"
"전라북도 군산시 옥도면(4513039000)","1,729","970","442","189","89","31","5","3","0","0","0"
"전라북도 군산시 옥서면(4513040000)","1,496","751","438","183","82","32","9","1","0","0","0"
"전라북도 군산시 해신동(4513051500)","1,199","647","327","133","68","16","7","0","0","0","1"
"전라북도 군산시 월명동(4513053000)","2,690","1,332","851","316","142","35","12","1","0","0","1"
"전라북도 군산시 신풍동(4513055000)","3,272","1,499","966","458","248","70","21","7","2","0","1"
"전라북도 군산시 삼학동(4513056000)","2,898","1,477","838","335","168","61","17","2","0","0","0"
"전라북도 군산시 중앙동(4513060500)","2,271","1,147","640","307","138","30","7","0","1","0","1"
"전라북도 군산시 흥남동(4513064000)","5,553","2,175","1,646","920","603","169","31","6","1","1","1"
"전라북도 군산시 조촌동(4513065000)","11,492","4,057","2,736","2,225","1,933","456","65","12","3","4","1"
"전라북도 군산시 경암동(4513066000)","3,921","2,040","1,103","455","226","69","20","5","2","1","0"
"전라북도 군산시 구암동(4513067000)","4,595","2,173","1,236","632","401","111","34","6","1","1","0"
"전라북도 군산시 개정동(4513068000)","1,183","411","416","187","123","34","7","1","2","0","2"
"전라북도 군산시 수송동(4513069000)","21,130","6,435","4,751","4,332","4,281","1,084","187","46","7","4","3"
"전라북도 군산시 나운1동(4513070100)","6,663","2,821","1,944","1,050","625","168","32","15","6","0","2"
"전라북도 군산시 나운2동(4513070200)","9,470","3,233","2,586","1,728","1,434","387","79","17","6","0","0"
"전라북도 군산시 나운3동(4513070300)","14,205","5,922","3,506","2,359","1,797","513","85","19","3","1","0"
"전라북도 군산시 소룡동(4513071000)","9,254","4,973","2,175","1,135","720","196","35","14","1","3","2"
"전라북도 군산시 미성동(4513072000)","6,601","4,072","1,471","594","348","87","24","3","2","0","0"
"전라북도 익산시 (4514000000)","130,197","57,012","34,256","19,304","14,171","4,213","896","229","50","18","48"
"전라북도 익산시 함열읍(4514025000)","3,261","1,492","982","410","236","103","27","7","1","0","3"
"전라북도 익산시 오산면(4514031000)","3,719","1,635","1,205","497","269","72","30","9","0","1","1"
"전라북도 익산시 황등면(4514032000)","3,276","1,387","1,099","409","236","98","27","11","5","2","2"
"전라북도 익산시 함라면(4514033000)","1,169","564","398","123","44","27","11","2","0","0","0"
"전라북도 익산시 웅포면(4514034000)","817","394","280","93","30","14","3","3","0","0","0"
"전라북도 익산시 성당면(4514035000)","1,022","535","319","111","36","13","4","3","1","0","0"
"전라북도 익산시 용안면(4514036000)","1,440","758","467","140","39","23","7","1","2","0","3"
"전라북도 익산시 낭산면(4514037000)","1,564","799","465","183","69","26","16","5","1","0","0"
"전라북도 익산시 망성면(4514038000)","1,645","866","557","129","61","20","9","3","0","0","0"
"전라북도 익산시 여산면(4514039000)","1,752","924","531","166","85","34","7","4","1","0","0"
"전라북도 익산시 금마면(4514040000)","2,540","1,124","770","349","196","83","14","2","1","0","1"
"전라북도 익산시 왕궁면(4514041000)","2,665","1,401","796","287","123","40","13","4","0","0","1"
"전라북도 익산시 춘포면(4514042000)","2,415","1,279","671","272","126","48","16","2","0","0","1"
"전라북도 익산시 삼기면(4514043000)","1,304","611","416","161","79","20","7","6","2","0","2"
"전라북도 익산시 용동면(4514044000)","800","373","298","80","25","18","3","2","0","1","0"
"전라북도 익산시 중앙동(4514052000)","1,989","1,307","429","146","76","18","6","4","3","0","0"
"전라북도 익산시 평화동(4514053000)","2,307","1,171","570","286","199","67","10","3","1","0","0"
"전라북도 익산시 인화동(4514056000)","3,571","1,971","896","376","220","74","20","10","1","1","2"
"전라북도 익산시 동산동(4514057000)","10,132","4,161","2,814","1,607","1,134","317","73","20","2","2","2"
"전라북도 익산시 마동(4514058000)","4,712","2,175","1,248","703","416","124","38","7","0","1","0"
"전라북도 익산시 남중동(4514059500)","5,832","3,019","1,585","722","318","140","32","9","3","2","2"
"전라북도 익산시 모현동(4514061000)","16,473","5,652","4,415","3,002","2,538","694","136","23","8","2","3"
"전라북도 익산시 송학동(4514062000)","3,862","1,322","1,045","691","581","181","33","8","1","0","0"
"전라북도 익산시 영등1동(4514064600)","9,637","3,478","2,586","1,697","1,355","413","80","19","3","3","3"
"전라북도 익산시 영등2동(4514064700)","5,742","2,062","1,307","1,092","986","256","33","4","2","0","0"
"전라북도 익산시 어양동(4514065200)","10,611","4,161","2,519","1,837","1,583","420","60","26","3","2","0"
"전라북도 익산시 신동(4514065600)","9,493","6,422","1,609","757","486","167","32","6","3","1","10"
"전라북도 익산시 팔봉동(4514067000)","2,863","1,122","743","444","386","122","30","5","2","0","9"
"전라북도 익산시 삼성동(4514069000)","13,584","4,847","3,236","2,534","2,239","581","119","21","4","0","3"
"전라북도 정읍시 (4518000000)","54,734","27,039","15,129","6,583","4,118","1,451","314","64","18","4","14"
"전라북도 정읍시 신태인읍(4518025000)","2,947","1,607","865","271","137","47","15","3","1","0","1"
"전라북도 정읍시 북면(4518031000)","2,220","1,151","644","251","117","44","10","2","1","0","0"
"전라북도 정읍시 입암면(4518032000)","1,601","901","490","123","53","23","7","3","0","0","1"
"전라북도 정읍시 소성면(4518033000)","1,195","654","378","98","43","16","4","2","0","0","0"
"전라북도 정읍시 고부면(4518034000)","1,603","944","472","102","46","27","7","3","0","0","2"
"전라북도 정읍시 영원면(4518035000)","1,029","597","298","92","27","10","3","1","1","0","0"
"전라북도 정읍시 덕천면(4518036000)","985","534","298","89","42","16","4","0","1","0","1"
"전라북도 정읍시 이평면(4518037000)","1,246","772","353","85","23","11","1","1","0","0","0"
"전라북도 정읍시 정우면(4518038000)","1,435","818","424","116","53","11","8","5","0","0","0"
"전라북도 정읍시 태인면(4518039000)","1,991","1,127","604","161","61","27","8","2","0","1","0"
"전라북도 정읍시 감곡면(4518040000)","1,711","1,038","492","126","41","8","3","1","1","0","1"
"전라북도 정읍시 옹동면(4518041000)","986","589","269","80","25","20","2","1","0","0","0"
"전라북도 정읍시 칠보면(4518042000)","1,236","641","392","116","59","18","7","1","2","0","0"
"전라북도 정읍시 산내면(4518043000)","765","468","218","50","14","10","2","2","0","0","1"
"전라북도 정읍시 산외면(4518044000)","1,236","741","336","104","37","14","4","0","0","0","0"
"전라북도 정읍시 수성동(4518051000)","8,498","4,308","1,971","1,133","756","264","49","12","2","1","2"
"전라북도 정읍시 장명동(4518052000)","1,368","615","398","196","110","35","10","0","3","0","1"
"전라북도 정읍시 내장상동(4518053500)","9,130","3,153","2,621","1,574","1,242","441","80","13","5","1","0"
"전라북도 정읍시 시기동(4518054500)","1,672","871","459","180","109","37","9","4","0","1","2"
"전라북도 정읍시 초산동(4518056500)","4,224","1,419","1,115","816","618","210","41","4","1","0","0"
"전라북도 정읍시 연지동(4518057000)","2,937","1,412","755","394","284","74","16","1","0","0","1"
"전라북도 정읍시 농소동(4518058000)","2,120","1,096","614","226","126","49","9","0","0","0","0"
"전라북도 정읍시 상교동(4518059500)","2,599","1,583","663","200","95","39","15","3","0","0","1"
"전라북도 남원시 (4519000000)","39,839","19,238","11,157","4,925","3,034","1,121","248","85","13","4","14"
"전라북도 남원시 운봉읍(4519025000)","2,042","1,026","666","207","94","36","7","3","2","0","1"
"전라북도 남원시 주천면(4519031000)","1,362","677","407","162","63","34","13","6","0","0","0"
"전라북도 남원시 수지면(4519032000)","603","329","171","62","24","12","3","1","0","0","1"
"전라북도 남원시 송동면(4519033000)","1,063","542","330","122","50","12","5","1","0","1","0"
"전라북도 남원시 주생면(4519034000)","1,030","569","299","101","33","20","5","3","0","0","0"
"전라북도 남원시 금지면(4519035000)","1,280","690","422","98","43","20","5","2","0","0","0"
"전라북도 남원시 대강면(4519036000)","927","555","270","59","29","11","2","0","0","0","1"
"전라북도 남원시 대산면(4519037000)","766","404","231","60","40","18","8","1","1","0","3"
"전라북도 남원시 사매면(4519038000)","788","419","220","85","37","19","4","1","1","0","2"
"전라북도 남원시 덕과면(4519039000)","573","339","163","46","15","8","1","0","1","0","0"
"전라북도 남원시 보절면(4519040000)","835","460","275","60","28","9","2","0","1","0","0"
"전라북도 남원시 산동면(4519041000)","987","525","317","88","40","12","3","2","0","0","0"
"전라북도 남원시 이백면(4519042000)","1,177","603","344","116","66","34","10","4","0","0","0"
"전라북도 남원시 아영면(4519045000)","1,039","530","330","108","40","22","8","0","1","0","0"
"전라북도 남원시 산내면(4519046000)","1,180","641","336","116","60","24","2","1","0","0","0"
"전라북도 남원시 인월면(4519047000)","1,507","769","467","145","74","36","11","4","0","0","1"
"전라북도 남원시 동충동(4519051000)","1,632","808","443","213","113","34","13","6","1","1","0"
"전라북도 남원시 죽항동(4519052000)","1,747","978","454","170","104","30","7","3","0","1","0"
"전라북도 남원시 노암동(4519054000)","2,893","1,316","702","444","286","112","23","7","1","0","2"
"전라북도 남원시 금동(4519055000)","3,091","1,404","867","410","272","104","26","6","1","1","0"
"전라북도 남원시 왕정동(4519056000)","2,437","1,025","728","349","234","87","11","2","1","0","0"
"전라북도 남원시 향교동(4519057000)","3,660","1,936","946","430","243","74","21","8","1","0","1"
"전라북도 남원시 도통동(4519059000)","7,220","2,693","1,769","1,274","1,046","353","58","24","1","0","2"
"전라북도 김제시 (4521000000)","43,625","22,180","11,902","5,010","2,994","1,129","283","77","20","10","20"
"전라북도 김제시 만경읍(4521025000)","1,549","869","435","160","56","19","6","2","1","1","0"
"전라북도 김제시 죽산면(4521032000)","1,437","822","425","114","46","17","10","0","2","1","0"
"전라북도 김제시 백산면(4521033000)","1,787","954","522","174","88","36","6","5","1","0","1"
"전라북도 김제시 용지면(4521034000)","1,894","1,022","558","180","77","35","8","8","3","0","3"
"전라북도 김제시 백구면(4521035000)","2,078","1,096","613","201","110","47","8","2","1","0","0"
"전라북도 김제시 부량면(4521036000)","752","412","219","69","33","13","5","1","0","0","0"
"전라북도 김제시 공덕면(4521038000)","1,366","709","388","158","68","26","12","4","1","0","0"
"전라북도 김제시 청하면(4521039000)","973","516","308","87","40","12","5","3","1","1","0"
"전라북도 김제시 성덕면(4521040000)","1,011","562","285","103","39","18","4","0","0","0","0"
"전라북도 김제시 진봉면(4521041000)","1,512","884","419","132","55","18","2","1","0","0","1"
"전라북도 김제시 금구면(4521042000)","2,564","1,253","742","300","157","76","21","8","2","1","4"
"전라북도 김제시 봉남면(4521043000)","1,331","795","369","100","34","23","6","2","1","0","1"
"전라북도 김제시 황산면(4521044000)","1,120","648","303","92","55","12","7","1","0","1","1"
"전라북도 김제시 금산면(4521045000)","2,730","1,585","755","238","94","37","15","4","0","1","1"
"전라북도 김제시 광활면(4521046000)","750","388","258","53","33","14","1","2","0","0","1"
"전라북도 김제시 요촌동(4521051000)","5,479","2,691","1,391","675","456","193","57","8","3","0","5"
"전라북도 김제시 신풍동(4521052000)","6,174","2,710","1,608","927","637","228","47","14","1","2","0"
"전라북도 김제시 검산동(4521054000)","5,967","2,870","1,358","802","679","209","38","6","2","2","1"
"전라북도 김제시 교월동(4521058000)","3,151","1,394","946","445","237","96","25","6","1","0","1"
"전라북도 완주군 (4571000000)","48,652","22,212","13,223","6,596","4,547","1,570","373","88","25","8","10"
"전라북도 완주군 삼례읍(4571025000)","10,396","5,162","2,567","1,389","909","299","52","11","5","0","2"
"전라북도 완주군 봉동읍(4571025300)","10,918","4,208","2,787","1,694","1,548","528","127","19","4","2","1"
"전라북도 완주군 용진읍(4571025600)","5,218","2,288","1,592","716","424","146","34","12","3","3","0"
"전라북도 완주군 상관면(4571032000)","2,061","928","604","283","169","59","15","2","0","0","1"
"전라북도 완주군 이서면(4571033000)","7,203","3,232","1,786","1,052","841","238","40","11","3","0","0"
"전라북도 완주군 소양면(4571034000)","2,942","1,393","880","370","180","70","30","11","4","1","3"
"전라북도 완주군 구이면(4571035000)","2,944","1,433","885","349","154","81","31","6","3","1","1"
"전라북도 완주군 고산면(4571036000)","2,311","1,168","659","257","140","59","19","6","1","1","1"
"전라북도 완주군 비봉면(4571037000)","1,011","539","303","97","38","20","12","0","2","0","0"
"전라북도 완주군 운주면(4571038000)","1,157","634","382","97","23","16","3","2","0","0","0"
"전라북도 완주군 화산면(4571039000)","1,344","629","417","175","80","29","9","5","0","0","0"
"전라북도 완주군 동상면(4571040000)","591","317","171","63","21","14","1","3","0","0","1"
"전라북도 완주군 경천면(4571041000)","556","281","190","54","20","11","0","0","0","0","0"
"전라북도 진안군 (4572000000)","13,593","7,085","4,016","1,342","692","312","97","35","5","4","5"
"전라북도 진안군 진안읍(4572025000)","5,012","2,427","1,370","635","358","156","52","12","0","1","1"
"전라북도 진안군 용담면(4572031000)","556","336","172","39","6","0","2","1","0","0","0"
"전라북도 진안군 안천면(4572032000)","600","304","202","50","30","8","5","0","1","0","0"
"전라북도 진안군 동향면(4572033000)","807","458","249","53","30","9","6","1","1","0","0"
"전라북도 진안군 상전면(4572034000)","471","242","158","36","18","12","2","3","0","0","0"
"전라북도 진안군 백운면(4572035000)","1,173","687","320","109","38","12","2","1","1","1","2"
"전라북도 진안군 성수면(4572036000)","1,018","584","302","66","33","25","5","3","0","0","0"
"전라북도 진안군 마령면(4572037000)","971","496","307","100","39","16","6","7","0","0","0"
"전라북도 진안군 부귀면(4572038000)","1,532","768","480","138","77","48","13","5","1","1","1"
"전라북도 진안군 정천면(4572039000)","551","258","188","53","32","14","2","1","1","1","1"
"전라북도 진안군 주천면(4572040000)","902","525","268","63","31","12","2","1","0","0","0"
"전라북도 무주군 (4573000000)","13,008","6,855","3,742","1,246","785","287","69","16","6","1","1"
"전라북도 무주군 무주읍(4573025000)","4,678","2,200","1,220","586","470","155","37","7","3","0","0"
"전라북도 무주군 무풍면(4573031000)","1,299","717","424","102","40","14","1","1","0","0","0"
"전라북도 무주군 설천면(4573032000)","2,226","1,235","613","197","121","48","9","3","0","0","0"
"전라북도 무주군 적상면(4573033000)","1,544","891","459","114","44","27","4","4","1","0","0"
"전라북도 무주군 안성면(4573034000)","2,390","1,286","769","193","91","32","15","1","2","1","0"
"전라북도 무주군 부남면(4573035000)","871","526","257","54","19","11","3","0","0","0","1"
"전라북도 장수군 (4574000000)","11,542","5,946","3,405","1,117","656","295","101","16","4","0","2"
"전라북도 장수군 장수읍(4574025000)","3,545","1,648","1,030","398","271","147","42","7","1","0","1"
"전라북도 장수군 산서면(4574031000)","1,139","628","335","86","54","27","5","2","2","0","0"
"전라북도 장수군 번암면(4574032000)","1,329","743","414","107","40","16","8","1","0","0","0"
"전라북도 장수군 장계면(4574033500)","2,257","1,144","625","238","175","50","24","1","0","0","0"
"전라북도 장수군 천천면(4574034000)","1,201","667","367","108","35","17","3","2","1","0","1"
"전라북도 장수군 계남면(4574035000)","1,169","616","351","110","57","23","10","2","0","0","0"
"전라북도 장수군 계북면(4574036000)","902","500","283","70","24","15","9","1","0","0","0"
"전라북도 임실군 (4575000000)","14,916","8,168","4,176","1,448","724","282","76","27","9","4","2"
"전라북도 임실군 임실읍(4575025000)","3,663","1,823","908","432","325","127","35","7","3","3","0"
"전라북도 임실군 청웅면(4575031000)","756","440","211","75","17","8","2","2","0","1","0"
"전라북도 임실군 운암면(4575032000)","965","547","311","62","26","11","6","1","1","0","0"
"전라북도 임실군 신평면(4575033000)","848","489","238","73","31","12","1","0","3","0","1"
"전라북도 임실군 성수면(4575034000)","934","515","275","97","31","11","4","1","0","0","0"
"전라북도 임실군 오수면(4575035500)","1,991","1,081","585","196","91","26","8","3","1","0","0"
"전라북도 임실군 신덕면(4575036000)","782","464","200","78","25","11","2","2","0","0","0"
"전라북도 임실군 삼계면(4575037000)","911","541","287","45","23","10","3","1","1","0","0"
"전라북도 임실군 관촌면(4575038000)","1,761","919","508","194","89","37","5","8","0","0","1"
"전라북도 임실군 강진면(4575039000)","865","513","226","86","24","14","2","0","0","0","0"
"전라북도 임실군 덕치면(4575040000)","739","456","197","56","21","6","2","1","0","0","0"
"전라북도 임실군 지사면(4575041000)","701","380","230","54","21","9","6","1","0","0","0"
"전라북도 순창군 (4577000000)","14,332","7,131","4,231","1,493","944","375","110","30","13","3","2"
"전라북도 순창군 순창읍(4577025000)","4,744","1,969","1,215","697","566","218","56","15","7","1","0"
"전라북도 순창군 인계면(4577031000)","821","446","237","77","40","13","6","1","1","0","0"
"전라북도 순창군 동계면(4577032000)","1,132","623","348","89","46","18","5","2","0","0","1"
"전라북도 순창군 풍산면(4577033000)","959","542","270","78","44","16","7","2","0","0","0"
"전라북도 순창군 금과면(4577034000)","1,018","553","317","91","39","15","2","1","0","0","0"
"전라북도 순창군 팔덕면(4577035000)","787","420","244","69","30","16","5","2","1","0","0"
"전라북도 순창군 쌍치면(4577036000)","1,084","556","381","85","34","21","6","0","0","0","1"
"전라북도 순창군 복흥면(4577037000)","1,121","554","385","84","59","24","11","2","1","1","0"
"전라북도 순창군 적성면(4577038000)","738","404","234","71","19","5","2","1","2","0","0"
"전라북도 순창군 유등면(4577039000)","607","353","163","50","26","9","4","2","0","0","0"
"전라북도 순창군 구림면(4577040000)","1,321","711","437","102","41","20","6","2","1","1","0"
"전라북도 고창군 (4579000000)","28,733","15,096","8,263","2,844","1,685","625","162","43","6","1","8"
"전라북도 고창군 고창읍(4579025000)","9,704","4,171","2,573","1,385","1,053","398","95","20","5","1","3"
"전라북도 고창군 고수면(4579031000)","1,375","775","406","110","58","18","5","3","0","0","0"
"전라북도 고창군 아산면(4579032000)","1,562","919","441","138","43","16","5","0","0","0","0"
"전라북도 고창군 무장면(4579033000)","1,561","888","473","104","67","19","6","2","0","0","2"
"전라북도 고창군 공음면(4579034000)","1,430","828","433","91","47","22","5","4","0","0","0"
"전라북도 고창군 상하면(4579035000)","1,359","777","409","93","53","16","5","5","0","0","1"
"전라북도 고창군 해리면(4579036000)","1,574","906","477","112","55","13","10","1","0","0","0"
"전라북도 고창군 성송면(4579037000)","1,085","656","322","62","34","9","2","0","0","0","0"
"전라북도 고창군 대산면(4579038000)","1,888","1,111","552","143","55","20","5","2","0","0","0"
"전라북도 고창군 심원면(4579039000)","1,397","772","413","137","47","19","7","2","0","0","0"
"전라북도 고창군 흥덕면(4579040000)","1,754","974","521","157","69","24","8","0","0","0","1"
"전라북도 고창군 성내면(4579041000)","1,125","639","336","97","37","11","4","0","0","0","1"
"전라북도 고창군 신림면(4579042000)","1,302","765","388","91","33","20","1","4","0","0","0"
"전라북도 고창군 부안면(4579043000)","1,617","915","519","124","34","20","4","0","1","0","0"
"전라북도 부안군 (4580000000)","27,632","14,718","7,721","2,797","1,581","638","134","32","7","3","1"
"전라북도 부안군 부안읍(4580025000)","9,989","4,424","2,664","1,395","1,012","404","71","15","3","1","0"
"전라북도 부안군 주산면(4580031000)","1,103","639","338","77","34","13","2","0","0","0","0"
"전라북도 부안군 동진면(4580032000)","1,581","889","500","109","48","23","9","3","0","0","0"
"전라북도 부안군 행안면(4580033000)","1,240","729","327","117","42","16","7","2","0","0","0"
"전라북도 부안군 계화면(4580034000)","1,834","1,019","568","147","58","29","8","3","1","1","0"
"전라북도 부안군 보안면(4580035000)","1,477","895","432","93","39","12","5","1","0","0","0"
"전라북도 부안군 변산면(4580036000)","2,448","1,376","660","240","116","47","8","1","0","0","0"
"전라북도 부안군 진서면(4580037000)","1,368","800","391","110","45","14","6","1","1","0","0"
"전라북도 부안군 백산면(4580038000)","1,530","923","449","106","33","17","1","1","0","0","0"
"전라북도 부안군 상서면(4580039000)","1,270","745","345","123","32","14","6","3","1","1","0"
"전라북도 부안군 하서면(4580040000)","1,527","877","456","120","48","21","4","0","1","0","0"
"전라북도 부안군 줄포면(4580041000)","1,501","865","424","131","55","18","5","2","0","0","1"
"전라북도 부안군 위도면(4580042000)","764","537","167","29","19","10","2","0","0","0","0"
"전라남도  (4600000000)","911,442","428,967","241,021","120,405","86,746","26,796","5,597","1,310","356","94","150"
"전라남도 목포시 (4611000000)","104,375","47,118","25,808","15,769","11,494","3,439","584","118","27","5","13"
"전라남도 목포시 용당1동(4611051000)","5,555","3,057","1,462","610","292","97","27","8","1","0","1"
"전라남도 목포시 용당2동(4611052000)","2,770","1,581","719","295","130","34","10","0","0","1","0"
"전라남도 목포시 연동(4611053500)","2,560","1,616","582","221","89","38","12","2","0","0","0"
"전라남도 목포시 산정동(4611054500)","4,107","1,517","1,139","765","486","166","23","8","2","0","1"
"전라남도 목포시 연산동(4611055400)","4,172","1,337","943","882","737","226","38","7","0","0","2"
"전라남도 목포시 원산동(4611055800)","5,960","2,752","1,491","886","605","190","26","7","2","0","1"
"전라남도 목포시 대성동(4611056500)","2,430","1,167","589","335","249","73","15","1","0","0","1"
"전라남도 목포시 목원동(4611059500)","4,054","2,429","986","389","176","55","17","1","1","0","0"
"전라남도 목포시 동명동(4611064000)","2,761","1,517","752","285","134","63","7","3","0","0","0"
"전라남도 목포시 삼학동(4611064500)","2,702","1,080","793","428","273","102","16","7","2","1","0"
"전라남도 목포시 만호동(4611065500)","1,609","1,066","351","119","43","29","1","0","0","0","0"
"전라남도 목포시 유달동(4611066000)","2,561","1,704","545","205","71","23","9","1","2","0","1"
"전라남도 목포시 죽교동(4611069500)","1,709","1,089","372","128","85","22","9","2","1","0","1"
"전라남도 목포시 북항동(4611070500)","4,263","1,830","1,178","678","408","133","30","5","1","0","0"
"전라남도 목포시 용해동(4611074500)","7,530","3,003","1,968","1,226","962","303","55","8","2","1","2"
"전라남도 목포시 이로동(4611075000)","4,312","1,322","1,244","816","666","214","37","12","0","0","1"
"전라남도 목포시 상동(4611075600)","9,723","3,902","2,437","1,699","1,277","340","51","16","0","0","1"
"전라남도 목포시 하당동(4611075700)","7,665","4,331","1,488","895","700","213","30","6","1","1","0"
"전라남도 목포시 신흥동(4611075800)","7,454","2,966","1,945","1,286","967","239","37","10","4","0","0"
"전라남도 목포시 삼향동(4611078000)","2,274","1,059","605","310","217","73","7","2","1","0","0"
"전라남도 목포시 옥암동(4611079000)","4,553","1,416","1,197","906","797","206","27","3","1","0","0"
"전라남도 목포시 부흥동(4611080000)","4,127","1,963","1,001","596","423","122","19","2","1","0","0"
"전라남도 목포시 부주동(4611081000)","9,524","3,414","2,021","1,809","1,707","478","81","7","5","1","1"
"전라남도 여수시 (4613000000)","128,733","53,661","34,800","19,718","15,051","4,367","890","178","45","9","14"
"전라남도 여수시 돌산읍(4613025000)","1,416","743","442","156","46","26","3","0","0","0","0"
"전라남도 여수시 돌산읍우두출장소(4613025100)","4,173","1,965","1,199","528","330","115","26","6","1","1","2"
"전라남도 여수시 돌산읍죽포출장소(4613025200)","1,046","522","363","99","40","10","12","0","0","0","0"
"전라남도 여수시 소라면(4613031000)","9,617","3,469","2,620","1,614","1,405","406","86","10","6","1","0"
"전라남도 여수시 율촌면(4613032000)","3,191","1,553","1,002","367","167","69","25","6","2","0","0"
"전라남도 여수시 화양면(4613033000)","3,434","1,750","1,054","370","169","60","24","6","0","0","1"
"전라남도 여수시 남면(4613034000)","1,719","1,008","539","113","37","14","2","5","1","0","0"
"전라남도 여수시 화정면(4613035000)","806","450","267","61","17","8","3","0","0","0","0"
"전라남도 여수시 화정면개도출장소(4613035600)","478","271","153","38","8","6","1","1","0","0","0"
"전라남도 여수시 삼산면(4613036000)","1,241","744","339","91","48","14","4","1","0","0","0"
"전라남도 여수시 동문동(4613051500)","2,355","1,287","608","250","149","54","6","0","1","0","0"
"전라남도 여수시 한려동(4613053500)","1,635","956","400","174","66","26","9","1","1","1","1"
"전라남도 여수시 중앙동(4613057000)","2,152","1,103","633","244","110","45","12","5","0","0","0"
"전라남도 여수시 충무동(4613060000)","2,092","1,174","580","215","83","30","7","2","0","0","1"
"전라남도 여수시 광림동(4613062500)","3,072","1,559","926","345","165","63","9","2","1","0","2"
"전라남도 여수시 서강동(4613063500)","2,085","1,032","624","238","148","36","6","1","0","0","0"
"전라남도 여수시 대교동(4613065500)","2,761","1,521","762","293","130","39","13","2","1","0","0"
"전라남도 여수시 국동(4613067000)","5,101","2,041","1,670","788","423","137","34","7","0","0","1"
"전라남도 여수시 월호동(4613068500)","3,146","972","1,064","570","382","108","42","7","1","0","0"
"전라남도 여수시 여서동(4613070000)","7,630","2,828","2,352","1,238","897","252","49","11","1","0","2"
"전라남도 여수시 문수동(4613071000)","9,042","3,936","2,125","1,384","1,159","354","64","15","4","1","0"
"전라남도 여수시 미평동(4613073000)","5,916","3,026","1,388","763","537","168","29","4","1","0","0"
"전라남도 여수시 둔덕동(4613074000)","4,101","1,297","1,199","796","601","170","33","4","1","0","0"
"전라남도 여수시 만덕동(4613076500)","4,520","1,590","1,302","785","602","187","38","10","5","0","1"
"전라남도 여수시 쌍봉동(4613078000)","13,888","5,125","3,393","2,516","2,116","608","108","16","2","2","2"
"전라남도 여수시 시전동(4613079000)","16,822","4,602","3,962","3,561","3,645","864","145","32","10","0","1"
"전라남도 여수시 여천동(4613080000)","10,353","5,207","2,566","1,324","894","283","61","13","3","2","0"
"전라남도 여수시 주삼동(4613081000)","3,138","975","757","603","591","173","27","9","3","0","0"
"전라남도 여수시 삼일동(4613082000)","1,223","695","327","108","57","28","6","1","0","1","0"
"전라남도 여수시 묘도동(4613083000)","580","260","184","86","29","14","6","1","0","0","0"
"전라남도 순천시 (4615000000)","126,412","49,438","32,686","21,061","17,655","4,564","779","166","41","9","13"
"전라남도 순천시 승주읍(4615025000)","1,504","850","441","132","50","17","10","3","0","1","0"
"전라남도 순천시 해룡면(4615031000)","2,333","1,137","746","274","110","45","15","3","3","0","0"
"전라남도 순천시 해룡면상삼출장소(4615031500)","8,057","2,797","1,900","1,607","1,352","355","39","6","1","0","0"
"전라남도 순천시 해룡면신대출장소(4615031600)","11,631","2,470","2,076","2,776","3,544","671","72","17","5","0","0"
"전라남도 순천시 서면(4615032000)","7,390","3,123","2,009","1,116","840","246","41","13","2","0","0"
"전라남도 순천시 황전면(4615033000)","1,665","901","559","140","36","20","6","1","2","0","0"
"전라남도 순천시 월등면(4615034000)","1,012","560","309","97","31","10","3","2","0","0","0"
"전라남도 순천시 주암면(4615035000)","1,825","1,048","561","152","34","19","8","2","0","0","1"
"전라남도 순천시 송광면(4615036000)","848","511","254","53","23","6","0","0","0","0","1"
"전라남도 순천시 외서면(4615037000)","513","312","154","30","12","2","0","1","2","0","0"
"전라남도 순천시 낙안면(4615038000)","1,687","863","553","168","63","28","8","1","2","0","1"
"전라남도 순천시 별량면(4615039000)","2,933","1,447","964","327","112","52","20","7","2","0","2"
"전라남도 순천시 상사면(4615040000)","1,513","718","469","204","84","27","7","4","0","0","0"
"전라남도 순천시 향동(4615051500)","1,769","888","524","200","98","45","8","3","2","0","1"
"전라남도 순천시 매곡동(4615054000)","3,399","1,707","851","432","304","85","16","3","0","1","0"
"전라남도 순천시 삼산동(4615055000)","13,002","4,737","3,553","2,264","1,822","501","102","19","2","0","2"
"전라남도 순천시 조곡동(4615056000)","3,297","1,243","918","568","432","105","27","3","1","0","0"
"전라남도 순천시 덕연동(4615057000)","17,627","5,846","4,756","3,378","2,737","762","123","19","5","1","0"
"전라남도 순천시 풍덕동(4615058000)","3,639","1,697","1,071","471","283","86","23","5","3","0","0"
"전라남도 순천시 남제동(4615059000)","4,222","2,074","1,186","543","285","102","24","6","0","1","1"
"전라남도 순천시 저전동(4615060000)","1,367","635","399","209","82","35","5","1","1","0","0"
"전라남도 순천시 장천동(4615061000)","1,282","865","268","87","39","17","5","1","0","0","0"
"전라남도 순천시 중앙동(4615062000)","1,498","818","397","150","88","32","9","3","0","1","0"
"전라남도 순천시 도사동(4615063500)","7,731","2,946","1,988","1,242","1,159","311","64","14","3","3","1"
"전라남도 순천시 왕조1동(4615066100)","17,344","6,910","3,966","2,971","2,694","675","98","23","3","1","3"
"전라남도 순천시 왕조2동(4615066500)","7,324","2,335","1,814","1,470","1,341","310","46","6","2","0","0"
"전라남도 나주시 (4617000000)","60,419","30,076","14,753","7,825","5,654","1,681","319","65","23","5","18"
"전라남도 나주시 남평읍(4617025000)","5,953","2,751","1,574","859","563","163","35","5","2","0","1"
"전라남도 나주시 세지면(4617031000)","1,502","879","427","129","46","14","5","2","0","0","0"
"전라남도 나주시 왕곡면(4617032000)","1,594","882","463","156","63","19","6","3","2","0","0"
"전라남도 나주시 반남면(4617033000)","836","501","248","56","25","6","0","0","0","0","0"
"전라남도 나주시 공산면(4617034000)","1,324","768","373","107","50","19","7","0","0","0","0"
"전라남도 나주시 동강면(4617035000)","1,430","838","403","125","42","17","4","1","0","0","0"
"전라남도 나주시 다시면(4617036000)","2,120","1,282","571","161","71","23","6","3","2","1","0"
"전라남도 나주시 문평면(4617037000)","1,178","713","348","78","26","10","2","1","0","0","0"
"전라남도 나주시 노안면(4617038000)","2,532","1,438","743","229","82","22","12","3","1","0","2"
"전라남도 나주시 금천면(4617039000)","3,564","1,706","1,049","457","262","66","18","2","2","1","1"
"전라남도 나주시 산포면(4617040000)","1,892","1,073","519","196","74","22","8","0","0","0","0"
"전라남도 나주시 다도면(4617042000)","1,006","618","275","74","29","2","3","0","1","0","4"
"전라남도 나주시 봉황면(4617043000)","2,486","1,503","698","167","75","32","9","2","0","0","0"
"전라남도 나주시 송월동(4617051000)","4,144","2,173","889","563","367","128","17","4","3","0","0"
"전라남도 나주시 영강동(4617052000)","1,509","895","352","135","90","30","2","2","0","0","3"
"전라남도 나주시 금남동(4617054000)","2,525","1,391","653","282","137","43","11","2","2","1","3"
"전라남도 나주시 성북동(4617055000)","4,075","1,889","949","586","453","156","30","6","2","1","3"
"전라남도 나주시 영산동(4617058000)","1,854","1,184","435","143","66","19","4","1","2","0","0"
"전라남도 나주시 이창동(4617060000)","2,037","1,244","508","170","71","30","9","5","0","0","0"
"전라남도 나주시 빛가람동(4617062000)","16,858","6,348","3,276","3,152","3,062","860","131","23","4","1","1"
"전라남도 광양시 (4623000000)","70,162","28,576","17,676","11,263","9,421","2,600","446","125","35","10","10"
"전라남도 광양시 광양읍(4623025000)","22,131","9,290","5,372","3,427","2,895","904","179","42","15","3","4"
"전라남도 광양시 봉강면(4623031000)","1,130","568","349","118","64","17","9","4","1","0","0"
"전라남도 광양시 옥룡면(4623032000)","1,688","867","548","166","73","22","9","2","1","0","0"
"전라남도 광양시 옥곡면(4623033000)","2,404","977","753","372","224","62","11","4","0","1","0"
"전라남도 광양시 진상면(4623034000)","1,554","865","474","140","46","18","6","1","2","1","1"
"전라남도 광양시 진월면(4623035000)","1,478","764","475","130","70","21","12","3","1","1","1"
"전라남도 광양시 다압면(4623036000)","1,016","576","303","86","29","17","2","3","0","0","0"
"전라남도 광양시 골약동(4623051500)","2,875","840","664","620","602","130","16","2","1","0","0"
"전라남도 광양시 중마동(4623053000)","24,834","9,070","5,640","4,564","4,303","1,064","135","46","8","2","2"
"전라남도 광양시 광영동(4623054000)","5,254","2,313","1,379","785","550","171","41","10","4","1","0"
"전라남도 광양시 금호동(4623055000)","4,875","1,920","1,474","768","524","157","21","6","2","1","2"
"전라남도 광양시 태인동(4623057000)","923","526","245","87","41","17","5","2","0","0","0"
"전라남도 담양군 (4671000000)","24,557","12,586","6,791","2,749","1,622","580","158","42","15","5","9"
"전라남도 담양군 담양읍(4671025000)","7,625","3,538","2,016","1,020","728","254","51","9","4","2","3"
"전라남도 담양군 봉산면(4671031000)","1,496","791","440","163","66","22","9","2","3","0","0"
"전라남도 담양군 고서면(4671032000)","1,658","858","487","181","86","30","11","3","1","0","1"
"전라남도 담양군 가사문학면(4671033500)","730","437","190","61","29","10","3","0","0","0","0"
"전라남도 담양군 창평면(4671034000)","2,061","1,141","570","198","104","35","7","3","2","0","1"
"전라남도 담양군 대덕면(4671035000)","1,109","642","287","106","43","21","7","1","1","1","0"
"전라남도 담양군 무정면(4671036000)","1,497","914","390","111","61","10","6","2","1","2","0"
"전라남도 담양군 금성면(4671037000)","1,500","855","457","109","49","18","9","2","1","0","0"
"전라남도 담양군 용면(4671038000)","1,044","582","283","111","49","16","2","1","0","0","0"
"전라남도 담양군 월산면(4671039000)","1,272","677","388","114","53","21","13","4","0","0","2"
"전라남도 담양군 수북면(4671040000)","2,378","1,047","711","313","209","74","17","6","1","0","0"
"전라남도 담양군 대전면(4671041000)","2,187","1,104","572","262","145","69","23","9","1","0","2"
"전라남도 곡성군 (4672000000)","15,577","8,722","4,197","1,447","782","317","79","23","7","1","2"
"전라남도 곡성군 곡성읍(4672025000)","3,941","1,961","1,050","458","317","119","23","8","2","1","2"
"전라남도 곡성군 오곡면(4672031000)","1,029","568","293","87","46","23","9","3","0","0","0"
"전라남도 곡성군 삼기면(4672032000)","1,008","611","256","80","42","12","5","1","1","0","0"
"전라남도 곡성군 석곡면(4672033000)","1,336","762","384","112","48","28","2","0","0","0","0"
"전라남도 곡성군 목사동면(4672034000)","859","520","247","66","17","8","0","1","0","0","0"
"전라남도 곡성군 죽곡면(4672035000)","1,136","648","340","91","36","14","5","1","1","0","0"
"전라남도 곡성군 고달면(4672036000)","703","418","198","53","25","6","1","2","0","0","0"
"전라남도 곡성군 옥과면(4672037000)","2,252","1,240","557","238","137","57","15","6","2","0","0"
"전라남도 곡성군 입면(4672038000)","1,386","831","332","124","58","33","6","1","1","0","0"
"전라남도 곡성군 겸면(4672039000)","1,031","634","289","60","32","8","8","0","0","0","0"
"전라남도 곡성군 오산면(4672040000)","896","529","251","78","24","9","5","0","0","0","0"
"전라남도 구례군 (4673000000)","13,432","7,005","3,828","1,376","797","315","77","22","8","2","2"
"전라남도 구례군 구례읍(4673025000)","5,278","2,533","1,412","651","462","173","31","12","3","1","0"
"전라남도 구례군 문척면(4673031000)","731","391","226","63","32","11","5","2","1","0","0"
"전라남도 구례군 간전면(4673032000)","853","491","242","68","38","11","3","0","0","0","0"
"전라남도 구례군 토지면(4673033000)","1,470","822","445","119","51","20","10","1","1","0","1"
"전라남도 구례군 마산면(4673034000)","1,353","723","360","143","76","37","11","1","1","0","1"
"전라남도 구례군 광의면(4673035000)","1,292","712","415","94","37","25","7","1","1","0","0"
"전라남도 구례군 용방면(4673036000)","791","430","241","74","24","14","5","3","0","0","0"
"전라남도 구례군 산동면(4673037000)","1,664","903","487","164","77","24","5","2","1","1","0"
"전라남도 고흥군 (4677000000)","35,360","18,898","10,801","3,154","1,681","608","160","41","13","4","0"
"전라남도 고흥군 고흥읍(4677025000)","6,070","2,691","1,659","806","630","226","45","9","3","1","0"
"전라남도 고흥군 도양읍(4677025300)","5,057","2,459","1,540","574","324","116","31","10","2","1","0"
"전라남도 고흥군 도양읍소록출장소(4677025400)","398","310","54","19","12","3","0","0","0","0","0"
"전라남도 고흥군 도양읍시산출장소(4677025500)","132","92","26","9","4","1","0","0","0","0","0"
"전라남도 고흥군 풍양면(4677031000)","1,782","936","627","145","49","19","6","0","0","0","0"
"전라남도 고흥군 도덕면(4677032000)","1,700","929","568","124","54","13","8","3","0","1","0"
"전라남도 고흥군 금산면(4677033000)","2,519","1,399","825","169","82","32","9","3","0","0","0"
"전라남도 고흥군 도화면(4677034000)","2,221","1,234","711","173","59","31","8","3","1","1","0"
"전라남도 고흥군 포두면(4677035000)","2,853","1,602","900","216","93","23","15","1","3","0","0"
"전라남도 고흥군 봉래면(4677036000)","1,120","628","358","70","39","16","4","5","0","0","0"
"전라남도 고흥군 점암면(4677037000)","1,683","1,005","528","91","41","9","9","0","0","0","0"
"전라남도 고흥군 과역면(4677038000)","1,894","1,044","612","150","59","18","6","4","1","0","0"
"전라남도 고흥군 남양면(4677039000)","1,355","778","409","112","34","16","6","0","0","0","0"
"전라남도 고흥군 동강면(4677040000)","1,795","1,034","496","155","76","29","3","0","2","0","0"
"전라남도 고흥군 대서면(4677041000)","1,358","810","410","89","31","12","3","3","0","0","0"
"전라남도 고흥군 두원면(4677042000)","1,823","1,060","573","115","47","23","4","0","1","0","0"
"전라남도 고흥군 영남면(4677044000)","768","448","234","51","24","9","2","0","0","0","0"
"전라남도 고흥군 동일면(4677045000)","832","439","271","86","23","12","1","0","0","0","0"
"전라남도 보성군 (4678000000)","21,967","12,266","6,135","1,992","978","401","139","38","10","6","2"
"전라남도 보성군 보성읍(4678025000)","4,377","2,115","1,167","545","342","152","44","9","3","0","0"
"전라남도 보성군 벌교읍(4678025300)","6,238","3,324","1,826","611","304","119","38","13","2","1","0"
"전라남도 보성군 노동면(4678031000)","693","450","171","45","13","7","6","1","0","0","0"
"전라남도 보성군 미력면(4678032000)","829","503","217","66","27","13","3","0","0","0","0"
"전라남도 보성군 겸백면(4678033000)","719","460","182","49","14","11","3","0","0","0","0"
"전라남도 보성군 율어면(4678034000)","685","403","198","44","20","11","4","4","0","1","0"
"전라남도 보성군 복내면(4678035000)","974","590","275","73","19","6","7","1","1","0","2"
"전라남도 보성군 문덕면(4678036000)","597","382","158","30","15","5","3","1","0","3","0"
"전라남도 보성군 조성면(4678037000)","2,138","1,266","600","157","82","19","8","4","2","0","0"
"전라남도 보성군 득량면(4678038000)","1,605","951","452","120","56","17","9","0","0","0","0"
"전라남도 보성군 득량면예당출장소(4678038500)","670","386","187","55","22","13","4","2","1","0","0"
"전라남도 보성군 회천면(4678039000)","1,775","1,028","512","147","52","24","8","3","1","0","0"
"전라남도 보성군 웅치면(4678040000)","667","408","190","50","12","4","2","0","0","1","0"
"전라남도 화순군 (4679000000)","31,976","15,917","8,345","3,898","2,600","952","189","52","12","5","6"
"전라남도 화순군 화순읍(4679025000)","18,240","7,689","4,571","2,820","2,188","798","133","30","6","2","3"
"전라남도 화순군 한천면(4679031000)","563","346","140","45","20","11","1","0","0","0","0"
"전라남도 화순군 한천면영외출장소(4679031500)","276","174","80","14","5","3","0","0","0","0","0"
"전라남도 화순군 춘양면(4679032000)","1,102","689","295","80","20","10","5","1","1","0","1"
"전라남도 화순군 청풍면(4679033000)","686","463","162","46","11","3","1","0","0","0","0"
"전라남도 화순군 이양면(4679034000)","1,145","736","296","81","21","6","3","1","0","0","1"
"전라남도 화순군 능주면(4679035000)","1,620","807","470","199","86","38","11","5","2","2","0"
"전라남도 화순군 도곡면(4679036000)","1,640","913","480","142","69","20","12","4","0","0","0"
"전라남도 화순군 도암면(4679037000)","887","542","247","64","22","7","4","1","0","0","0"
"전라남도 화순군 이서면(4679038000)","590","357","170","41","16","2","0","2","1","1","0"
"전라남도 화순군 백아면(4679039500)","1,027","652","274","65","24","9","3","0","0","0","0"
"전라남도 화순군 동복면(4679040000)","981","599","285","56","29","8","4","0","0","0","0"
"전라남도 화순군 사평면(4679041500)","1,264","748","372","91","28","17","6","2","0","0","0"
"전라남도 화순군 동면(4679042000)","1,955","1,202","503","154","61","20","6","6","2","0","1"
"전라남도 장흥군 (4680000000)","19,691","10,520","5,506","1,961","1,087","474","106","23","10","4","0"
"전라남도 장흥군 장흥읍(4680025000)","7,232","3,458","1,809","964","650","277","53","14","6","1","0"
"전라남도 장흥군 관산읍(4680025300)","2,712","1,497","809","240","102","47","13","2","1","1","0"
"전라남도 장흥군 대덕읍(4680025600)","1,890","1,076","552","152","70","32","7","0","1","0","0"
"전라남도 장흥군 용산면(4680031000)","1,315","736","406","96","44","24","5","3","0","1","0"
"전라남도 장흥군 안양면(4680032000)","1,635","960","459","129","49","25","12","0","1","0","0"
"전라남도 장흥군 장동면(4680033000)","714","423","210","48","21","9","1","0","1","1","0"
"전라남도 장흥군 장평면(4680034000)","1,286","805","330","92","45","10","3","1","0","0","0"
"전라남도 장흥군 유치면(4680035000)","646","407","175","43","14","7","0","0","0","0","0"
"전라남도 장흥군 부산면(4680036000)","815","448","258","68","25","10","5","1","0","0","0"
"전라남도 장흥군 회진면(4680037000)","1,446","710","498","129","67","33","7","2","0","0","0"
"전라남도 강진군 (4681000000)","18,449","9,884","5,210","1,798","1,041","369","103","34","5","2","3"
"전라남도 강진군 강진읍(4681025000)","6,678","3,329","1,680","812","572","214","50","15","4","1","1"
"전라남도 강진군 군동면(4681031000)","2,300","1,099","707","263","159","57","10","4","0","0","1"
"전라남도 강진군 칠량면(4681032000)","1,279","708","411","88","45","16","7","4","0","0","0"
"전라남도 강진군 대구면(4681033000)","674","414","182","51","16","5","3","2","1","0","0"
"전라남도 강진군 도암면(4681034000)","1,461","845","459","101","34","13","7","0","0","1","1"
"전라남도 강진군 신전면(4681035000)","1,003","543","341","67","30","11","9","2","0","0","0"
"전라남도 강진군 성전면(4681036000)","1,611","921","476","130","60","15","6","3","0","0","0"
"전라남도 강진군 작천면(4681037000)","1,119","661","324","88","36","7","3","0","0","0","0"
"전라남도 강진군 병영면(4681038000)","942","563","252","72","42","9","2","2","0","0","0"
"전라남도 강진군 옴천면(4681039000)","384","250","80","37","10","3","2","2","0","0","0"
"전라남도 강진군 마량면(4681040000)","998","551","298","89","37","19","4","0","0","0","0"
"전라남도 해남군 (4682000000)","34,916","17,686","10,111","3,827","2,117","860","232","53","15","4","11"
"전라남도 해남군 해남읍(4682025000)","11,239","4,939","2,825","1,664","1,236","437","104","22","4","3","5"
"전라남도 해남군 삼산면(4682031000)","1,624","880","484","164","62","22","9","0","1","1","1"
"전라남도 해남군 화산면(4682032000)","1,687","853","576","154","55","36","8","2","2","0","1"
"전라남도 해남군 현산면(4682033000)","1,551","816","490","163","50","23","5","2","2","0","0"
"전라남도 해남군 송지면(4682034000)","3,208","1,668","985","312","148","61","19","12","2","0","1"
"전라남도 해남군 북평면(4682035000)","1,494","772","486","140","59","29","6","2","0","0","0"
"전라남도 해남군 북일면(4682036000)","1,149","608","386","85","39","24","7","0","0","0","0"
"전라남도 해남군 옥천면(4682037000)","1,683","964","485","133","55","32","9","1","2","0","2"
"전라남도 해남군 계곡면(4682038000)","1,259","738","350","112","37","15","6","1","0","0","0"
"전라남도 해남군 마산면(4682039000)","1,377","788","400","110","54","22","3","0","0","0","0"
"전라남도 해남군 황산면(4682040000)","2,533","1,336","811","235","80","54","13","3","1","0","0"
"전라남도 해남군 산이면(4682041000)","2,053","1,107","642","178","86","27","10","2","1","0","0"
"전라남도 해남군 문내면(4682042000)","2,079","1,047","657","210","96","46","20","3","0","0","0"
"전라남도 해남군 화원면(4682043000)","1,980","1,170","534","167","60","32","13","3","0","0","1"
"전라남도 영암군 (4683000000)","28,817","15,458","7,378","3,156","1,894","704","174","38","6","5","4"
"전라남도 영암군 영암읍(4683025000)","3,922","1,871","1,039","488","333","133","38","13","4","2","1"
"전라남도 영암군 삼호읍(4683025300)","7,640","3,695","1,720","1,093","777","279","63","10","0","1","2"
"전라남도 영암군 삼호읍서부출장소(4683025400)","3,527","1,999","703","383","312","111","14","4","0","0","1"
"전라남도 영암군 덕진면(4683031000)","1,068","638","288","86","32","16","7","1","0","0","0"
"전라남도 영암군 금정면(4683032000)","1,226","675","384","119","30","13","4","0","1","0","0"
"전라남도 영암군 신북면(4683033000)","2,219","1,351","598","162","82","21","3","2","0","0","0"
"전라남도 영암군 시종면(4683034000)","2,078","1,228","612","156","54","18","8","1","0","1","0"
"전라남도 영암군 도포면(4683035000)","1,287","759","330","119","50","23","5","1","0","0","0"
"전라남도 영암군 군서면(4683036000)","1,854","1,054","527","171","69","21","10","1","0","1","0"
"전라남도 영암군 서호면(4683037000)","1,117","655","312","91","35","15","7","2","0","0","0"
"전라남도 영암군 학산면(4683038000)","1,641","884","473","163","77","34","7","2","1","0","0"
"전라남도 영암군 미암면(4683039000)","1,238","649","392","125","43","20","8","1","0","0","0"
"전라남도 무안군 (4684000000)","43,436","19,710","10,638","6,093","5,100","1,493","300","68","20","6","8"
"전라남도 무안군 무안읍(4684025000)","5,599","2,770","1,437","672","483","179","42","11","2","2","1"
"전라남도 무안군 일로읍(4684025300)","6,666","2,193","1,567","1,228","1,289","324","52","9","2","0","2"
"전라남도 무안군 삼향읍(4684025600)","2,529","1,256","713","329","146","54","19","5","4","1","2"
"전라남도 무안군 삼향읍남악출장소(4684025800)","14,611","5,288","2,981","2,721","2,704","751","129","27","6","3","1"
"전라남도 무안군 몽탄면(4684032000)","1,806","1,066","508","148","60","15","6","1","2","0","0"
"전라남도 무안군 청계면(4684033000)","3,896","2,412","928","302","160","65","18","8","2","0","1"
"전라남도 무안군 현경면(4684034000)","2,753","1,606","821","214","69","26","13","2","1","0","1"
"전라남도 무안군 망운면(4684035000)","1,125","642","332","90","38","14","8","1","0","0","0"
"전라남도 무안군 해제면(4684036000)","2,812","1,576","858","248","82","35","9","4","0","0","0"
"전라남도 무안군 운남면(4684037000)","1,639","901","493","141","69","30","4","0","1","0","0"
"전라남도 함평군 (4686000000)","18,065","10,419","4,767","1,607","791","332","113","23","7","1","5"
"전라남도 함평군 함평읍(4686025000)","4,414","2,318","1,111","474","325","125","46","10","1","1","3"
"전라남도 함평군 손불면(4686031000)","1,956","1,125","569","168","59","28","5","1","1","0","0"
"전라남도 함평군 신광면(4686032000)","1,068","633","294","89","34","13","4","1","0","0","0"
"전라남도 함평군 학교면(4686033000)","2,180","1,339","546","178","65","39","8","3","0","0","2"
"전라남도 함평군 엄다면(4686034000)","1,153","696","299","89","46","16","6","1","0","0","0"
"전라남도 함평군 대동면(4686035000)","1,833","1,107","479","140","63","26","13","3","2","0","0"
"전라남도 함평군 나산면(4686036000)","1,697","1,012","472","138","38","23","11","1","2","0","0"
"전라남도 함평군 해보면(4686037000)","1,627","925","463","145","58","26","7","3","0","0","0"
"전라남도 함평군 월야면(4686038000)","2,137","1,264","534","186","103","36","13","0","1","0","0"
"전라남도 영광군 (4687000000)","27,602","14,230","7,295","2,975","2,039","758","219","56","16","3","11"
"전라남도 영광군 영광읍(4687025000)","10,539","4,695","2,653","1,482","1,133","417","123","20","10","1","5"
"전라남도 영광군 백수읍(4687025300)","2,597","1,465","736","213","110","46","18","6","1","0","2"
"전라남도 영광군 홍농읍(4687025600)","3,504","1,810","852","377","321","113","16","13","0","2","0"
"전라남도 영광군 대마면(4687031000)","1,008","630","252","72","32","16","4","1","0","0","1"
"전라남도 영광군 묘량면(4687032000)","992","549","285","88","41","21","6","2","0","0","0"
"전라남도 영광군 불갑면(4687033000)","799","432","246","58","36","16","8","2","1","0","0"
"전라남도 영광군 군서면(4687034000)","1,251","674","359","116","67","20","8","3","2","0","2"
"전라남도 영광군 군남면(4687035000)","1,405","818","420","105","34","18","7","3","0","0","0"
"전라남도 영광군 염산면(4687036000)","2,396","1,427","675","170","84","28","8","3","1","0","0"
"전라남도 영광군 법성면(4687037000)","2,690","1,428","737","276","166","58","20","3","1","0","1"
"전라남도 영광군 낙월면(4687038000)","282","204","49","15","9","4","1","0","0","0","0"
"전라남도 영광군 낙월면안마출장소(4687038500)","139","98","31","3","6","1","0","0","0","0","0"
"전라남도 장성군 (4688000000)","23,400","12,361","6,265","2,538","1,468","562","147","43","9","2","5"
"전라남도 장성군 장성읍(4688025000)","6,898","3,312","1,829","888","584","223","48","12","0","0","2"
"전라남도 장성군 진원면(4688031000)","1,820","844","520","224","142","59","15","11","4","0","1"
"전라남도 장성군 남면(4688032000)","2,255","1,387","561","167","98","32","6","3","1","0","0"
"전라남도 장성군 동화면(4688033000)","1,102","643","301","98","44","10","6","0","0","0","0"
"전라남도 장성군 삼서면(4688034000)","1,751","958","494","176","69","36","16","1","1","0","0"
"전라남도 장성군 삼계면(4688035000)","2,836","1,444","710","298","263","97","17","5","1","0","1"
"전라남도 장성군 황룡면(4688036000)","2,210","1,218","568","253","107","44","12","5","1","1","1"
"전라남도 장성군 서삼면(4688037000)","865","464","269","77","40","10","3","1","0","1","0"
"전라남도 장성군 북일면(4688038000)","816","458","245","70","30","9","3","1","0","0","0"
"전라남도 장성군 북이면(4688039000)","1,550","819","468","171","46","34","11","1","0","0","0"
"전라남도 장성군 북하면(4688040000)","1,297","814","300","116","45","8","10","3","1","0","0"
"전라남도 완도군 (4689000000)","25,602","13,094","7,494","2,620","1,560","626","151","39","14","2","2"
"전라남도 완도군 완도읍(4689025000)","8,796","4,208","2,314","1,125","787","282","59","13","6","1","1"
"전라남도 완도군 금일읍(4689025300)","2,051","1,133","617","162","84","43","8","3","1","0","0"
"전라남도 완도군 노화읍(4689025600)","2,166","1,086","616","219","151","73","14","6","1","0","0"
"전라남도 완도군 노화읍넙도출장소(4689029000)","420","221","136","39","16","7","1","0","0","0","0"
"전라남도 완도군 군외면(4689031000)","1,852","1,028","604","138","57","16","8","0","1","0","0"
"전라남도 완도군 신지면(4689032000)","1,838","975","551","195","80","22","11","3","1","0","0"
"전라남도 완도군 고금면(4689033000)","2,287","1,215","710","195","101","47","14","4","0","0","1"
"전라남도 완도군 약산면(4689034000)","1,308","727","413","95","43","19","6","5","0","0","0"
"전라남도 완도군 청산면(4689035000)","1,193","651","360","121","41","12","6","1","1","0","0"
"전라남도 완도군 청산면모도출장소(4689035500)","135","72","46","12","4","1","0","0","0","0","0"
"전라남도 완도군 소안면(4689036000)","1,281","621","443","116","62","30","6","1","1","1","0"
"전라남도 완도군 금당면(4689037000)","536","299","161","42","20","11","3","0","0","0","0"
"전라남도 완도군 보길면(4689038000)","1,265","563","403","130","94","57","14","3","1","0","0"
"전라남도 완도군 생일면(4689039000)","474","295","120","31","20","6","1","0","1","0","0"
"전라남도 진도군 (4690000000)","16,548","9,101","4,502","1,545","929","349","95","20","4","1","2"
"전라남도 진도군 진도읍(4690025000)","5,343","2,631","1,285","696","520","165","38","7","1","0","0"
"전라남도 진도군 군내면(4690031000)","1,664","922","490","153","56","28","8","3","2","1","1"
"전라남도 진도군 고군면(4690032000)","1,916","1,014","565","184","88","46","14","4","0","0","1"
"전라남도 진도군 의신면(4690033000)","2,061","1,237","568","149","69","23","12","3","0","0","0"
"전라남도 진도군 임회면(4690034000)","1,976","1,133","598","134","72","30","6","2","1","0","0"
"전라남도 진도군 지산면(4690035000)","1,845","1,084","556","111","56","31","6","1","0","0","0"
"전라남도 진도군 조도면(4690036000)","1,374","869","340","84","54","19","8","0","0","0","0"
"전라남도 진도군 조도면가사출장소(4690036500)","161","102","45","8","6","0","0","0","0","0","0"
"전라남도 진도군 조도면거차출장소(4690036600)","208","109","55","26","8","7","3","0","0","0","0"
"전라남도 신안군 (4691000000)","21,946","12,241","6,035","2,033","985","445","137","43","14","3","10"
"전라남도 신안군 지도읍(4691025000)","2,572","1,462","730","199","97","65","14","3","1","1","0"
"전라남도 신안군 지도읍선도출장소(4691025100)","147","94","30","17","6","0","0","0","0","0","0"
"전라남도 신안군 압해읍(4691025300)","2,760","1,230","898","347","167","75","24","7","6","0","6"
"전라남도 신안군 압해읍매화출장소(4691025400)","167","111","40","11","3","1","1","0","0","0","0"
"전라남도 신안군 압해읍고이도출장소(4691025500)","125","66","43","11","4","0","0","0","0","1","0"
"전라남도 신안군 증도면(4691031000)","900","547","233","73","32","8","7","0","0","0","0"
"전라남도 신안군 증도면병풍출장소(4691031500)","186","111","51","13","4","4","3","0","0","0","0"
"전라남도 신안군 임자면(4691032000)","1,775","940","495","164","102","49","17","5","3","0","0"
"전라남도 신안군 자은면(4691033000)","1,278","652","419","126","46","25","7","3","0","0","0"
"전라남도 신안군 비금면(4691034000)","1,938","1,016","530","213","107","54","15","2","0","0","1"
"전라남도 신안군 도초면(4691035000)","1,421","796","395","137","63","22","7","1","0","0","0"
"전라남도 신안군 도초면우이도출장소(4691035500)","146","101","27","10","5","2","0","1","0","0","0"
"전라남도 신안군 흑산면(4691036000)","1,392","950","277","89","48","22","3","2","1","0","0"
"전라남도 신안군 흑산면가거도출장소(4691036500)","287","229","33","14","8","1","2","0","0","0","0"
"전라남도 신안군 흑산면태도출장소(4691036600)","132","91","23","14","3","1","0","0","0","0","0"
"전라남도 신안군 흑산면홍도출장소(4691036700)","256","154","53","27","15","5","1","1","0","0","0"
"전라남도 신안군 흑산면대둔도출장소(4691036800)","185","122","44","12","5","1","0","0","1","0","0"
"전라남도 신안군 하의면(4691037000)","996","599","252","85","35","17","7","1","0","0","0"
"전라남도 신안군 신의면(4691038000)","797","422","200","90","52","25","7","1","0","0","0"
"전라남도 신안군 장산면(4691039000)","943","587","241","68","31","10","4","1","1","0","0"
"전라남도 신안군 안좌면(4691040000)","1,710","988","442","154","72","26","12","12","1","1","2"
"전라남도 신안군 안좌면자라출장소(4691040500)","177","94","49","18","8","5","1","2","0","0","0"
"전라남도 신안군 팔금면(4691041000)","572","334","178","35","16","8","0","0","0","0","1"
"전라남도 신안군 암태면(4691042000)","1,084","545","352","106","56","19","5","1","0","0","0"
"경상북도  (4700000000)","1,282,500","584,723","345,445","184,979","127,545","31,694","6,166","1,368","313","99","168"
"경상북도 포항시 (4711000000)","233,932","94,970","64,196","39,201","27,982","6,131","1,116","254","55","13","14"
"경상북도 포항시 남구 (4711100000)","110,639","48,070","29,614","17,246","12,325","2,758","496","100","17","8","5"
"경상북도 포항시 남구 구룡포읍(4711125000)","4,376","2,643","1,224","361","104","31","9","4","0","0","0"
"경상북도 포항시 남구 연일읍(4711125300)","12,363","3,742","3,643","2,473","1,964","442","78","16","4","1","0"
"경상북도 포항시 남구 오천읍(4711125600)","27,754","12,221","6,671","4,506","3,379","816","134","22","3","1","1"
"경상북도 포항시 남구 대송면(4711131000)","1,893","1,025","555","207","75","25","4","1","1","0","0"
"경상북도 포항시 남구 동해면(4711132000)","4,816","2,080","1,499","701","394","115","20","6","0","1","0"
"경상북도 포항시 남구 장기면(4711133000)","2,399","1,365","740","194","73","20","7","0","0","0","0"
"경상북도 포항시 남구 호미곶면(4711135000)","1,111","678","308","88","27","8","2","0","0","0","0"
"경상북도 포항시 남구 상대동(4711152500)","13,735","7,471","3,625","1,611","795","196","27","8","0","1","1"
"경상북도 포항시 남구 해도동(4711154500)","9,912","5,656","2,670","998","440","111","29","6","2","0","0"
"경상북도 포항시 남구 송도동(4711155000)","6,413","3,141","1,993","797","361","90","22","8","1","0","0"
"경상북도 포항시 남구 청림동(4711156000)","2,863","1,665","695","312","140","38","11","1","1","0","0"
"경상북도 포항시 남구 제철동(4711157000)","1,388","696","373","169","114","28","8","0","0","0","0"
"경상북도 포항시 남구 효곡동(4711158000)","11,179","2,308","2,969","2,641","2,667","487","87","15","3","2","0"
"경상북도 포항시 남구 대이동(4711159000)","10,437","3,379","2,649","2,188","1,792","351","58","13","2","2","3"
"경상북도 포항시 북구 (4711300000)","123,293","46,900","34,582","21,955","15,657","3,373","620","154","38","5","9"
"경상북도 포항시 북구 흥해읍(4711325000)","18,419","6,631","5,227","3,454","2,431","546","92","29","6","2","1"
"경상북도 포항시 북구 신광면(4711331000)","1,671","879","545","164","53","19","9","2","0","0","0"
"경상북도 포항시 북구 청하면(4711332000)","2,697","1,459","809","292","86","38","9","3","1","0","0"
"경상북도 포항시 북구 송라면(4711333000)","1,547","935","435","120","40","13","3","1","0","0","0"
"경상북도 포항시 북구 기계면(4711334000)","2,748","1,324","979","276","101","52","12","1","2","0","1"
"경상북도 포항시 북구 죽장면(4711335000)","1,362","819","429","82","22","6","2","2","0","0","0"
"경상북도 포항시 북구 죽장면상옥출장소(4711335500)","382","207","130","33","9","3","0","0","0","0","0"
"경상북도 포항시 북구 기북면(4711336000)","771","404","259","76","21","4","5","1","1","0","0"
"경상북도 포항시 북구 중앙동(4711352000)","8,511","4,740","2,209","984","442","103","24","6","3","0","0"
"경상북도 포항시 북구 양학동(4711363000)","7,341","2,241","2,234","1,509","1,115","211","22","5","2","1","1"
"경상북도 포항시 북구 죽도동(4711365500)","11,599","6,687","2,930","1,259","537","128","47","10","1","0","0"
"경상북도 포항시 북구 용흥동(4711366500)","9,426","2,934","3,196","1,836","1,143","240","61","12","4","0","0"
"경상북도 포항시 북구 우창동(4711368000)","14,257","4,656","3,873","3,004","2,263","384","62","11","4","0","0"
"경상북도 포항시 북구 두호동(4711369000)","9,131","2,285","2,973","2,055","1,435","306","58","16","1","2","0"
"경상북도 포항시 북구 장량동(4711370000)","29,538","9,479","7,225","6,018","5,359","1,201","191","48","12","0","5"
"경상북도 포항시 북구 환여동(4711371000)","3,893","1,220","1,129","793","600","119","23","7","1","0","1"
"경상북도 경주시 (4713000000)","124,577","56,225","34,365","18,372","11,842","2,964","618","141","30","12","8"
"경상북도 경주시 감포읍(4713025000)","3,158","1,805","872","298","130","32","17","4","0","0","0"
"경상북도 경주시 안강읍(4713025300)","12,202","5,721","3,665","1,591","880","270","54","17","1","1","2"
"경상북도 경주시 건천읍(4713025600)","5,106","2,655","1,523","550","265","94","14","4","1","0","0"
"경상북도 경주시 외동읍(4713025900)","11,816","5,753","3,491","1,538","751","221","47","12","1","2","0"
"경상북도 경주시 문무대왕면(4713031500)","2,341","1,207","678","286","125","34","11","0","0","0","0"
"경상북도 경주시 양남면(4713032000)","3,625","1,924","1,024","402","198","60","9","7","1","0","0"
"경상북도 경주시 내남면(4713033000)","2,633","1,392","828","258","90","44","16","4","1","0","0"
"경상북도 경주시 산내면(4713034000)","2,065","1,221","630","153","39","14","5","2","1","0","0"
"경상북도 경주시 서면(4713035000)","1,802","972","570","162","70","17","9","2","0","0","0"
"경상북도 경주시 현곡면(4713036000)","8,519","2,175","2,447","1,920","1,542","353","68","7","3","2","2"
"경상북도 경주시 강동면(4713037000)","3,515","1,891","1,042","346","163","55","15","0","1","2","0"
"경상북도 경주시 천북면(4713038000)","3,089","1,519","908","436","149","57","12","5","1","1","1"
"경상북도 경주시 중부동(4713051500)","2,700","1,483","700","306","158","41","10","2","0","0","0"
"경상북도 경주시 황오동(4713053000)","3,364","1,797","969","359","173","46","15","2","1","1","1"
"경상북도 경주시 성건동(4713055000)","8,089","4,770","1,947","857","373","105","32","3","2","0","0"
"경상북도 경주시 황남동(4713057000)","2,370","1,312","673","239","95","37","9","3","1","0","1"
"경상북도 경주시 선도동(4713059000)","6,682","2,739","1,617","1,162","903","212","35","10","3","1","0"
"경상북도 경주시 월성동(4713060500)","2,898","1,317","880","371","257","52","16","4","1","0","0"
"경상북도 경주시 용강동(4713061500)","10,429","3,183","2,501","2,284","1,991","387","64","15","4","0","0"
"경상북도 경주시 황성동(4713062100)","11,422","3,538","2,875","2,473","2,034","421","62","17","1","1","0"
"경상북도 경주시 동천동(4713063000)","10,484","4,627","2,789","1,620","1,068","296","65","14","4","1","0"
"경상북도 경주시 불국동(4713065000)","5,278","2,659","1,484","655","340","103","29","5","2","0","1"
"경상북도 경주시 보덕동(4713066000)","990","565","252","106","48","13","4","2","0","0","0"
"경상북도 김천시 (4715000000)","69,125","31,761","18,560","9,813","6,709","1,821","358","70","10","6","17"
"경상북도 김천시 아포읍(4715025000)","4,103","1,926","1,249","553","280","77","14","1","1","0","2"
"경상북도 김천시 농소면(4715031000)","1,625","799","444","199","117","45","15","5","0","1","0"
"경상북도 김천시 남면(4715032000)","1,724","941","496","171","75","32","5","2","0","1","1"
"경상북도 김천시 개령면(4715034000)","1,228","557","411","159","71","24","5","1","0","0","0"
"경상북도 김천시 감문면(4715035000)","1,838","934","633","162","64","36","9","0","0","0","0"
"경상북도 김천시 어모면(4715036000)","2,171","1,095","663","255","109","32","9","4","0","0","4"
"경상북도 김천시 봉산면(4715037000)","1,565","694","566","185","76","31","13","0","0","0","0"
"경상북도 김천시 대항면(4715038000)","1,771","855","567","209","87","35","12","3","0","1","2"
"경상북도 김천시 감천면(4715039000)","951","403","355","114","50","19","7","1","2","0","0"
"경상북도 김천시 조마면(4715040000)","1,177","552","413","125","55","23","7","1","1","0","0"
"경상북도 김천시 구성면(4715041000)","1,626","905","506","128","56","27","4","0","0","0","0"
"경상북도 김천시 지례면(4715042000)","869","474","287","58","37","7","4","2","0","0","0"
"경상북도 김천시 부항면(4715043000)","759","437","227","63","19","8","4","1","0","0","0"
"경상북도 김천시 대덕면(4715044000)","1,440","916","370","95","38","16","5","0","0","0","0"
"경상북도 김천시 증산면(4715045000)","607","360","193","35","11","3","3","0","0","0","2"
"경상북도 김천시 자산동(4715051600)","3,555","1,902","1,007","405","178","47","10","5","1","0","0"
"경상북도 김천시 평화남산동(4715053600)","4,222","2,393","1,130","433","179","65","18","2","2","0","0"
"경상북도 김천시 양금동(4715056500)","1,960","921","628","247","102","51","9","1","1","0","0"
"경상북도 김천시 대신동(4715057500)","11,507","4,943","2,773","1,857","1,477","374","64","13","1","2","3"
"경상북도 김천시 대곡동(4715059500)","9,540","4,136","2,480","1,566","1,027","270","50","10","0","1","0"
"경상북도 김천시 지좌동(4715061000)","5,334","2,408","1,401","770","538","180","30","5","0","0","2"
"경상북도 김천시 율곡동(4715064000)","9,553","3,210","1,761","2,024","2,063","419","61","13","1","0","1"
"경상북도 안동시 (4717000000)","78,283","36,767","21,459","10,458","7,109","1,946","418","96","14","6","10"
"경상북도 안동시 풍산읍(4717025000)","3,498","1,874","1,052","317","166","62","18","7","1","1","0"
"경상북도 안동시 와룡면(4717031000)","2,134","1,031","716","236","94","36","16","4","0","0","1"
"경상북도 안동시 북후면(4717032000)","1,731","998","514","147","47","17","6","2","0","0","0"
"경상북도 안동시 서후면(4717033000)","1,988","1,105","601","179","65","25","8","3","1","0","1"
"경상북도 안동시 풍천면(4717034000)","4,215","2,466","997","418","234","78","20","2","0","0","0"
"경상북도 안동시 일직면(4717035000)","1,453","762","476","134","53","19","8","1","0","0","0"
"경상북도 안동시 남후면(4717036000)","973","526","323","82","21","14","2","3","0","0","2"
"경상북도 안동시 남선면(4717037000)","1,137","574","373","111","59","14","5","1","0","0","0"
"경상북도 안동시 임하면(4717038000)","1,688","1,067","414","129","44","24","6","2","1","1","0"
"경상북도 안동시 길안면(4717039000)","1,595","893","501","144","37","17","3","0","0","0","0"
"경상북도 안동시 임동면(4717040000)","1,022","575","320","83","31","11","2","0","0","0","0"
"경상북도 안동시 예안면(4717041000)","1,035","543","367","81","33","7","3","1","0","0","0"
"경상북도 안동시 도산면(4717042000)","886","461","325","76","16","5","3","0","0","0","0"
"경상북도 안동시 녹전면(4717043000)","950","474","337","94","31","9","3","0","2","0","0"
"경상북도 안동시 중구동(4717051000)","2,817","1,665","636","282","161","48","19","4","1","1","0"
"경상북도 안동시 명륜동(4717052000)","2,435","1,148","696","322","202","51","10","5","0","0","1"
"경상북도 안동시 용상동(4717055500)","11,289","5,231","2,672","1,681","1,290","348","53","11","2","0","1"
"경상북도 안동시 서구동(4717058500)","4,228","2,008","1,094","541","411","130","32","9","2","1","0"
"경상북도 안동시 태화동(4717060000)","6,355","2,947","1,789","879","566","136","28","9","0","0","1"
"경상북도 안동시 평화동(4717062000)","2,975","1,255","923","453","245","76","19","3","1","0","0"
"경상북도 안동시 안기동(4717063000)","2,841","1,050","948","471","276","73","20","3","0","0","0"
"경상북도 안동시 옥동(4717065000)","9,520","3,804","2,491","1,541","1,309","313","57","5","0","0","0"
"경상북도 안동시 송하동(4717066000)","7,157","2,854","1,850","1,196","945","249","47","11","2","2","1"
"경상북도 안동시 강남동(4717069000)","4,361","1,456","1,044","861","773","184","30","10","1","0","2"
"경상북도 구미시 (4719000000)","187,139","77,345","43,181","32,880","27,016","5,642","843","158","44","17","13"
"경상북도 구미시 선산읍(4719025000)","6,734","2,660","2,151","1,052","606","191","58","9","4","0","3"
"경상북도 구미시 고아읍(4719025300)","15,341","3,927","4,508","3,453","2,765","570","96","15","4","2","1"
"경상북도 구미시 산동읍(4719025600)","10,330","2,941","1,912","2,402","2,554","455","53","9","2","2","0"
"경상북도 구미시 무을면(4719031000)","1,043","524","373","93","33","10","7","2","0","1","0"
"경상북도 구미시 옥성면(4719032000)","920","446","315","116","26","8","6","1","0","0","2"
"경상북도 구미시 도개면(4719033000)","1,156","559","406","119","34","23","9","3","1","0","2"
"경상북도 구미시 해평면(4719034000)","2,110","1,035","695","247","84","40","7","2","0","0","0"
"경상북도 구미시 장천면(4719036000)","1,525","686","522","196","91","22","8","0","0","0","0"
"경상북도 구미시 송정동(4719051000)","10,806","4,339","2,875","1,873","1,355","284","59","13","5","2","1"
"경상북도 구미시 원평동(4719053500)","4,818","3,195","914","412","237","50","7","2","1","0","0"
"경상북도 구미시 도량동(4719055100)","11,884","3,717","3,393","2,421","1,862","415","65","8","2","1","0"
"경상북도 구미시 지산동(4719055500)","1,009","444","336","134","70","19","2","3","1","0","0"
"경상북도 구미시 선주원남동(4719056500)","16,967","6,593","3,803","3,201","2,740","540","73","14","2","1","0"
"경상북도 구미시 형곡1동(4719058200)","5,734","1,877","1,612","1,189","836","191","18","8","1","1","1"
"경상북도 구미시 형곡2동(4719058300)","7,377","2,742","2,098","1,392","904","196","36","5","3","1","0"
"경상북도 구미시 신평1동(4719059000)","2,670","1,570","586","297","167","42","5","3","0","0","0"
"경상북도 구미시 신평2동(4719060000)","1,476","666","350","268","150","34","7","0","1","0","0"
"경상북도 구미시 비산동(4719061000)","5,513","1,868","1,328","1,177","916","197","22","3","1","1","0"
"경상북도 구미시 광평동(4719063000)","2,140","1,044","515","322","202","47","8","1","1","0","0"
"경상북도 구미시 상모사곡동(4719064500)","13,525","5,331","2,910","2,646","2,165","409","55","9","0","0","0"
"경상북도 구미시 임오동(4719066000)","7,509","2,458","1,686","1,617","1,382","322","28","10","3","3","0"
"경상북도 구미시 인동동(4719067000)","23,180","11,441","4,429","3,438","3,089","657","95","23","7","0","1"
"경상북도 구미시 진미동(4719068000)","11,825","8,856","1,615","738","491","102","20","2","0","1","0"
"경상북도 구미시 양포동(4719069000)","19,447","7,443","3,374","3,739","4,002","778","92","13","4","1","1"
"경상북도 구미시 공단동(4719070000)","2,100","983","475","338","255","40","7","0","1","0","1"
"경상북도 영주시 (4721000000)","51,423","23,667","14,962","6,806","4,340","1,306","257","59","13","7","6"
"경상북도 영주시 풍기읍(4721025000)","5,882","3,074","1,679","638","338","108","40","3","2","0","0"
"경상북도 영주시 이산면(4721031000)","1,185","535","424","135","59","24","7","1","0","0","0"
"경상북도 영주시 평은면(4721032000)","797","391","275","88","26","11","2","3","1","0","0"
"경상북도 영주시 문수면(4721033000)","1,126","617","347","85","53","12","6","4","1","1","0"
"경상북도 영주시 장수면(4721034000)","1,171","597","366","133","45","20","5","2","1","2","0"
"경상북도 영주시 안정면(4721035000)","1,597","788","534","168","65","27","14","1","0","0","0"
"경상북도 영주시 봉현면(4721036000)","1,401","618","541","149","62","19","10","1","0","1","0"
"경상북도 영주시 순흥면(4721037000)","1,096","539","408","97","35","12","3","2","0","0","0"
"경상북도 영주시 단산면(4721038000)","1,067","581","344","99","26","12","4","0","1","0","0"
"경상북도 영주시 부석면(4721039000)","1,643","795","622","138","62","18","6","1","0","0","1"
"경상북도 영주시 상망동(4721051000)","3,463","1,455","988","497","367","129","23","4","0","0","0"
"경상북도 영주시 하망동(4721052500)","2,905","1,276","825","433","271","85","14","1","0","0","0"
"경상북도 영주시 영주1동(4721055000)","2,128","1,226","547","188","109","44","8","4","0","1","1"
"경상북도 영주시 영주2동(4721056000)","2,463","1,149","784","313","149","50","14","3","0","0","1"
"경상북도 영주시 휴천1동(4721059000)","2,847","1,045","846","465","341","124","17","7","2","0","0"
"경상북도 영주시 휴천2동(4721060000)","5,252","2,596","1,531","654","352","96","15","7","0","1","0"
"경상북도 영주시 휴천3동(4721061000)","3,550","1,403","1,121","580","349","86","6","4","1","0","0"
"경상북도 영주시 가흥1동(4721062000)","7,039","3,001","1,463","1,173","1,078","270","42","9","2","1","0"
"경상북도 영주시 가흥2동(4721063000)","4,811","1,981","1,317","773","553","159","21","2","2","0","3"
"경상북도 영천시 (4723000000)","54,976","28,532","15,034","6,342","3,666","1,049","247","71","15","3","17"
"경상북도 영천시 금호읍(4723025000)","6,248","3,617","1,635","589","289","85","22","8","2","0","1"
"경상북도 영천시 청통면(4723031000)","2,428","1,413","701","193","80","21","9","7","3","0","1"
"경상북도 영천시 신녕면(4723032000)","2,310","1,390","629","188","76","17","9","1","0","0","0"
"경상북도 영천시 화산면(4723033000)","1,797","1,067","517","140","47","19","2","1","0","0","4"
"경상북도 영천시 화북면(4723034000)","1,384","818","417","93","31","15","5","2","1","0","2"
"경상북도 영천시 화남면(4723035000)","1,979","1,112","641","155","46","15","6","4","0","0","0"
"경상북도 영천시 자양면(4723036000)","876","547","249","58","12","6","2","1","1","0","0"
"경상북도 영천시 임고면(4723037000)","2,440","1,289","800","221","85","31","12","2","0","0","0"
"경상북도 영천시 고경면(4723038000)","3,515","2,123","902","282","141","53","13","1","0","0","0"
"경상북도 영천시 북안면(4723039000)","2,712","1,624","795","185","67","28","7","1","0","1","4"
"경상북도 영천시 대창면(4723040000)","1,865","1,096","519","171","47","21","6","3","1","0","1"
"경상북도 영천시 동부동(4723051000)","13,134","5,647","3,416","2,128","1,460","381","76","21","4","1","0"
"경상북도 영천시 중앙동(4723052000)","4,669","2,115","1,246","660","479","129","32","5","2","0","1"
"경상북도 영천시 서부동(4723053500)","2,710","1,566","713","246","126","49","7","1","0","1","1"
"경상북도 영천시 완산동(4723054000)","4,541","1,711","1,261","790","585","148","34","10","1","0","1"
"경상북도 영천시 남부동(4723055500)","2,368","1,397","593","243","95","31","5","3","0","0","1"
"경상북도 상주시 (4725000000)","49,493","23,830","14,669","5,971","3,481","1,153","281","76","11","9","12"
"경상북도 상주시 함창읍(4725025000)","3,425","1,771","1,030","363","173","63","18","4","1","0","2"
"경상북도 상주시 중동면(4725031000)","768","397","265","63","25","9","6","3","0","0","0"
"경상북도 상주시 사벌국면(4725032500)","2,086","1,073","658","203","85","50","13","3","0","1","0"
"경상북도 상주시 낙동면(4725033000)","1,631","870","506","150","73","22","4","4","0","1","1"
"경상북도 상주시 낙동면동부출장소(4725033500)","580","324","174","49","18","12","2","1","0","0","0"
"경상북도 상주시 청리면(4725034000)","1,395","684","473","144","59","23","10","2","0","0","0"
"경상북도 상주시 공성면(4725035000)","2,159","1,102","748","192","81","30","2","1","1","0","2"
"경상북도 상주시 외남면(4725036000)","862","409","297","102","34","12","5","3","0","0","0"
"경상북도 상주시 내서면(4725037000)","1,077","561","354","107","34","10","8","2","0","1","0"
"경상북도 상주시 모동면(4725038000)","1,413","682","475","141","81","24","9","1","0","0","0"
"경상북도 상주시 모서면(4725039000)","972","517","321","82","40","9","3","0","0","0","0"
"경상북도 상주시 모서면서부출장소(4725039500)","425","236","129","32","21","4","3","0","0","0","0"
"경상북도 상주시 화동면(4725040000)","1,077","544","372","89","47","16","5","2","1","1","0"
"경상북도 상주시 화서면(4725041000)","1,521","702","499","159","91","45","19","2","2","1","1"
"경상북도 상주시 화북면(4725042000)","655","338","214","57","33","12","1","0","0","0","0"
"경상북도 상주시 화북면서부출장소(4725042600)","204","124","57","18","2","3","0","0","0","0","0"
"경상북도 상주시 외서면(4725043000)","1,470","772","465","128","63","27","11","4","0","0","0"
"경상북도 상주시 은척면(4725044000)","665","352","230","50","22","10","0","1","0","0","0"
"경상북도 상주시 은척면북부출장소(4725044500)","217","111","83","15","6","0","1","1","0","0","0"
"경상북도 상주시 공검면(4725045000)","1,215","657","378","113","37","17","9","3","0","1","0"
"경상북도 상주시 이안면(4725046000)","1,166","627","389","87","33","18","6","4","0","0","2"
"경상북도 상주시 화남면(4725047000)","489","301","135","26","11","11","4","0","1","0","0"
"경상북도 상주시 남원동(4725052000)","5,389","2,238","1,511","872","540","186","29","11","0","1","1"
"경상북도 상주시 북문동(4725053000)","4,581","2,125","1,163","682","458","114","30","5","2","0","2"
"경상북도 상주시 계림동(4725054000)","4,384","1,998","1,104","663","448","139","26","5","0","0","1"
"경상북도 상주시 동문동(4725055000)","3,762","1,631","1,090","550","362","99","22","6","1","1","0"
"경상북도 상주시 동성동(4725056000)","1,698","776","499","218","141","49","11","4","0","0","0"
"경상북도 상주시 신흥동(4725057000)","4,207","1,908","1,050","616","463","139","24","4","2","1","0"
"경상북도 문경시 (4728000000)","36,814","18,288","10,544","4,239","2,568","868","227","54","17","3","6"
"경상북도 문경시 문경읍(4728025000)","3,202","1,656","963","353","146","55","17","9","2","0","1"
"경상북도 문경시 문경읍갈평출장소(4728025100)","596","285","204","58","32","14","2","1","0","0","0"
"경상북도 문경시 가은읍(4728025300)","1,820","1,000","559","145","70","33","10","1","0","1","1"
"경상북도 문경시 가은읍북부출장소(4728025400)","527","348","127","28","16","3","3","1","0","0","1"
"경상북도 문경시 영순면(4728031000)","1,451","858","415","112","40","19","5","1","1","0","0"
"경상북도 문경시 산양면(4728032000)","1,743","938","545","153","69","22","10","2","2","0","2"
"경상북도 문경시 호계면(4728033000)","1,449","858","406","104","56","17","7","0","1","0","0"
"경상북도 문경시 산북면(4728034000)","1,614","896","502","146","46","16","5","3","0","0","0"
"경상북도 문경시 동로면(4728035000)","1,163","644","358","92","35","23","10","1","0","0","0"
"경상북도 문경시 마성면(4728036000)","2,073","1,218","586","160","65","35","5","3","1","0","0"
"경상북도 문경시 농암면(4728037000)","1,586","906","501","115","36","19","6","3","0","0","0"
"경상북도 문경시 점촌1동(4728057000)","2,755","1,210","842","381","247","56","16","3","0","0","0"
"경상북도 문경시 점촌2동(4728058000)","3,527","1,712","1,037","411","239","95","22","7","2","1","1"
"경상북도 문경시 점촌3동(4728059000)","4,398","1,984","1,257","615","381","126","26","7","2","0","0"
"경상북도 문경시 점촌4동(4728060000)","1,707","914","510","162","81","27","7","3","2","1","0"
"경상북도 문경시 점촌5동(4728061000)","7,203","2,861","1,732","1,204","1,009","308","76","9","4","0","0"
"경상북도 경산시 (4729000000)","129,264","56,965","32,450","20,836","14,694","3,515","627","121","37","5","14"
"경상북도 경산시 하양읍(4729025000)","15,525","7,285","3,567","2,388","1,725","459","81","14","3","1","2"
"경상북도 경산시 진량읍(4729025300)","17,196","8,177","4,220","2,546","1,759","407","66","14","3","1","3"
"경상북도 경산시 압량읍(4729025600)","10,611","5,407","2,388","1,444","1,079","234","47","8","3","0","1"
"경상북도 경산시 와촌면(4729031000)","2,962","1,497","916","350","126","50","18","1","1","0","3"
"경상북도 경산시 자인면(4729033000)","2,938","1,474","893","339","164","47","16","3","1","0","1"
"경상북도 경산시 용성면(4729034000)","1,842","947","586","202","69","25","6","5","1","0","1"
"경상북도 경산시 남산면(4729035000)","1,983","951","630","248","94","46","10","3","0","0","1"
"경상북도 경산시 남천면(4729037000)","1,516","715","512","170","81","30","5","3","0","0","0"
"경상북도 경산시 중방동(4729051000)","5,375","2,364","1,442","872","545","126","20","3","2","0","1"
"경상북도 경산시 중앙동(4729052000)","3,450","1,941","813","430","206","46","12","2","0","0","0"
"경상북도 경산시 남부동(4729053000)","8,381","2,862","2,313","1,627","1,234","281","51","8","4","0","1"
"경상북도 경산시 서부1동(4729054100)","14,087","5,249","3,721","2,531","1,961","513","86","21","4","1","0"
"경상북도 경산시 서부2동(4729054200)","15,215","3,499","4,467","3,793","2,807","542","84","16","7","0","0"
"경상북도 경산시 북부동(4729055000)","10,499","7,104","1,689","954","599","123","25","4","1","0","0"
"경상북도 경산시 동부동(4729056000)","17,684","7,493","4,293","2,942","2,245","586","100","16","7","2","0"
"경상북도 의성군 (4773000000)","29,471","15,961","9,069","2,694","1,129","441","131","30","8","3","5"
"경상북도 의성군 의성읍(4773025000)","6,759","3,366","1,890","820","462","170","39","9","0","0","3"
"경상북도 의성군 단촌면(4773031000)","1,181","663","379","89","32","13","5","0","0","0","0"
"경상북도 의성군 점곡면(4773032000)","1,005","599","301","74","17","9","3","1","0","1","0"
"경상북도 의성군 옥산면(4773033000)","1,036","526","377","91","19","18","3","2","0","0","0"
"경상북도 의성군 사곡면(4773034000)","972","532","338","73","20","5","4","0","0","0","0"
"경상북도 의성군 춘산면(4773035000)","831","380","327","73","28","15","7","0","1","0","0"
"경상북도 의성군 가음면(4773036000)","912","505","309","66","16","10","4","1","0","1","0"
"경상북도 의성군 금성면(4773037000)","2,553","1,463","774","188","81","33","8","1","5","0","0"
"경상북도 의성군 봉양면(4773038000)","2,434","1,471","656","190","75","30","8","3","0","0","1"
"경상북도 의성군 비안면(4773039000)","1,563","861","501","128","51","14","6","2","0","0","0"
"경상북도 의성군 구천면(4773040000)","1,022","523","355","100","29","9","5","1","0","0","0"
"경상북도 의성군 단밀면(4773041000)","996","528","335","91","25","11","3","0","1","1","1"
"경상북도 의성군 단북면(4773042000)","1,037","563","327","95","31","14","5","2","0","0","0"
"경상북도 의성군 안계면(4773043000)","2,492","1,348","685","262","126","51","15","5","0","0","0"
"경상북도 의성군 다인면(4773044000)","2,248","1,221","743","179","69","24","9","2","1","0","0"
"경상북도 의성군 신평면(4773045000)","537","322","170","32","10","2","0","1","0","0","0"
"경상북도 의성군 안평면(4773046000)","1,300","701","448","113","26","7","5","0","0","0","0"
"경상북도 의성군 안사면(4773047000)","593","389","154","30","12","6","2","0","0","0","0"
"경상북도 청송군 (4775000000)","13,999","7,440","4,418","1,249","607","201","63","15","2","0","4"
"경상북도 청송군 청송읍(4775025000)","2,685","1,309","788","322","195","50","14","5","2","0","0"
"경상북도 청송군 주왕산면(4775031500)","1,083","586","368","80","36","10","3","0","0","0","0"
"경상북도 청송군 부남면(4775032000)","1,411","742","492","104","46","14","8","5","0","0","0"
"경상북도 청송군 현동면(4775033000)","1,183","624","378","111","40","20","7","1","0","0","2"
"경상북도 청송군 현서면(4775034000)","1,432","727","522","114","41","22","5","1","0","0","0"
"경상북도 청송군 안덕면(4775035000)","1,534","866","491","114","37","17","9","0","0","0","0"
"경상북도 청송군 파천면(4775036000)","1,021","568","320","84","30","12","5","2","0","0","0"
"경상북도 청송군 진보면(4775037000)","3,650","2,018","1,059","320","182","56","12","1","0","0","2"
"경상북도 영양군 (4776000000)","8,994","4,765","2,775","805","443","164","27","7","2","2","4"
"경상북도 영양군 영양읍(4776025000)","3,727","1,935","1,024","381","268","94","19","3","0","0","3"
"경상북도 영양군 입암면(4776031000)","1,217","647","425","96","28","16","2","1","0","2","0"
"경상북도 영양군 청기면(4776032000)","964","519","333","78","24","10","0","0","0","0","0"
"경상북도 영양군 일월면(4776033000)","958","487","321","93","39","17","0","1","0","0","0"
"경상북도 영양군 수비면(4776034000)","967","534","295","72","42","17","4","2","1","0","0"
"경상북도 영양군 석보면(4776035000)","1,161","643","377","85","42","10","2","0","1","0","1"
"경상북도 영덕군 (4777000000)","19,725","10,691","5,735","1,902","991","304","76","16","4","0","6"
"경상북도 영덕군 영덕읍(4777025000)","5,437","2,641","1,467","710","448","131","35","2","2","0","1"
"경상북도 영덕군 강구면(4777031000)","3,380","1,831","998","342","136","54","13","3","1","0","2"
"경상북도 영덕군 남정면(4777032000)","1,434","860","415","103","37","15","4","0","0","0","0"
"경상북도 영덕군 달산면(4777033000)","710","448","199","40","15","3","3","1","1","0","0"
"경상북도 영덕군 지품면(4777034000)","856","461","297","60","25","9","2","2","0","0","0"
"경상북도 영덕군 지품면원전출장소(4777034500)","315","169","108","26","5","4","1","1","0","0","1"
"경상북도 영덕군 축산면(4777035000)","529","287","174","42","21","2","2","1","0","0","0"
"경상북도 영덕군 축산면축산출장소(4777035500)","959","543","301","68","33","10","3","1","0","0","0"
"경상북도 영덕군 영해면(4777036000)","3,462","1,902","971","308","213","56","10","0","0","0","2"
"경상북도 영덕군 병곡면(4777037000)","1,641","972","476","127","44","14","3","5","0","0","0"
"경상북도 영덕군 창수면(4777038000)","1,002","577","329","76","14","6","0","0","0","0","0"
"경상북도 청도군 (4782000000)","23,525","12,440","7,035","2,327","1,192","393","104","24","4","0","6"
"경상북도 청도군 화양읍(4782025000)","3,517","1,522","1,060","474","311","116","29","3","1","0","1"
"경상북도 청도군 화양읍남성현출장소(4782025100)","654","363","182","67","29","10","2","1","0","0","0"
"경상북도 청도군 청도읍(4782025300)","5,148","2,499","1,456","649","379","121","31","8","2","0","3"
"경상북도 청도군 청도읍유호출장소(4782025400)","927","523","292","64","30","11","5","2","0","0","0"
"경상북도 청도군 각남면(4782031000)","1,295","717","387","132","42","12","5","0","0","0","0"
"경상북도 청도군 풍각면(4782032000)","2,274","1,296","661","200","88","25","3","0","0","0","1"
"경상북도 청도군 각북면(4782033000)","1,407","798","433","116","44","11","2","3","0","0","0"
"경상북도 청도군 이서면(4782034000)","2,580","1,310","830","263","128","39","9","0","1","0","0"
"경상북도 청도군 운문면(4782035000)","1,286","813","345","88","31","6","1","1","0","0","1"
"경상북도 청도군 금천면(4782036000)","2,046","1,199","648","123","43","19","11","3","0","0","0"
"경상북도 청도군 매전면(4782037000)","2,391","1,400","741","151","67","23","6","3","0","0","0"
"경상북도 고령군 (4783000000)","17,023","9,127","4,759","1,750","992","310","63","15","3","1","3"
"경상북도 고령군 대가야읍(4783025300)","5,153","2,627","1,315","659","382","133","27","9","1","0","0"
"경상북도 고령군 덕곡면(4783031000)","910","553","250","58","34","13","1","1","0","0","0"
"경상북도 고령군 운수면(4783032000)","1,120","640","350","95","24","5","6","0","0","0","0"
"경상북도 고령군 성산면(4783033000)","1,499","914","385","115","57","15","9","2","1","0","1"
"경상북도 고령군 다산면(4783034000)","4,187","1,933","1,261","517","360","104","10","2","0","0","0"
"경상북도 고령군 개진면(4783035000)","1,244","794","332","76","32","8","1","0","0","1","0"
"경상북도 고령군 우곡면(4783036000)","927","529","278","83","30","5","1","0","0","0","1"
"경상북도 고령군 쌍림면(4783037000)","1,983","1,137","588","147","73","27","8","1","1","0","1"
"경상북도 성주군 (4784000000)","24,059","12,967","6,836","2,442","1,220","422","125","33","9","3","2"
"경상북도 성주군 성주읍(4784025000)","6,802","3,327","1,687","905","615","200","57","6","5","0","0"
"경상북도 성주군 선남면(4784031000)","3,558","1,976","1,014","358","147","35","18","7","2","1","0"
"경상북도 성주군 용암면(4784032000)","2,228","1,304","652","178","57","24","11","2","0","0","0"
"경상북도 성주군 수륜면(4784033000)","2,035","1,250","568","137","51","17","7","2","0","1","2"
"경상북도 성주군 가천면(4784034000)","1,255","752","374","67","42","13","4","2","0","1","0"
"경상북도 성주군 금수면(4784035000)","802","517","209","50","19","5","2","0","0","0","0"
"경상북도 성주군 대가면(4784036000)","1,351","717","423","132","54","15","4","6","0","0","0"
"경상북도 성주군 벽진면(4784037000)","1,708","878","550","194","55","24","5","1","1","0","0"
"경상북도 성주군 초전면(4784038000)","2,456","1,275","762","240","106","56","12","4","1","0","0"
"경상북도 성주군 월항면(4784039000)","1,864","971","597","181","74","33","5","3","0","0","0"
"경상북도 칠곡군 (4785000000)","54,578","24,757","13,672","8,386","6,073","1,389","231","44","13","2","11"
"경상북도 칠곡군 왜관읍(4785025000)","14,916","6,135","4,063","2,485","1,718","424","70","14","3","1","3"
"경상북도 칠곡군 북삼읍(4785025300)","10,905","4,267","2,759","1,996","1,469","343","56","10","4","0","1"
"경상북도 칠곡군 석적읍(4785025600)","15,106","7,376","2,740","2,298","2,192","430","56","9","3","1","1"
"경상북도 칠곡군 지천면(4785031000)","2,364","1,331","707","230","71","15","5","3","1","0","1"
"경상북도 칠곡군 동명면(4785032000)","2,979","1,578","896","326","123","40","10","2","1","0","3"
"경상북도 칠곡군 가산면(4785033000)","1,940","1,091","568","189","70","16","2","2","0","0","2"
"경상북도 칠곡군 약목면(4785036000)","4,762","2,193","1,469","665","329","82","21","3","0","0","0"
"경상북도 칠곡군 기산면(4785037000)","1,606","786","470","197","101","39","11","1","1","0","0"
"경상북도 예천군 (4790000000)","28,145","12,727","8,390","3,559","2,499","764","158","35","9","1","3"
"경상북도 예천군 예천읍(4790025000)","7,328","3,394","2,250","888","538","210","40","5","3","0","0"
"경상북도 예천군 용문면(4790031000)","1,325","760","412","83","41","22","3","3","0","1","0"
"경상북도 예천군 감천면(4790034000)","1,491","788","520","123","34","17","5","4","0","0","0"
"경상북도 예천군 보문면(4790035000)","948","501","309","88","24","15","7","2","2","0","0"
"경상북도 예천군 호명면(4790036000)","8,502","2,651","2,052","1,699","1,614","401","70","13","2","0","0"
"경상북도 예천군 유천면(4790037000)","1,439","771","435","140","65","21","4","2","1","0","0"
"경상북도 예천군 용궁면(4790038000)","1,354","706","475","108","43","15","4","1","0","0","2"
"경상북도 예천군 개포면(4790039000)","915","507","317","56","24","7","3","1","0","0","0"
"경상북도 예천군 지보면(4790040000)","1,589","868","542","121","33","19","4","2","0","0","0"
"경상북도 예천군 풍양면(4790041000)","1,797","1,015","587","127","42","17","8","0","0","0","1"
"경상북도 예천군 효자면(4790042000)","712","395","226","60","18","7","4","2","0","0","0"
"경상북도 예천군 은풍면(4790043000)","745","371","265","66","23","13","6","0","1","0","0"
"경상북도 봉화군 (4792000000)","16,823","8,770","5,190","1,589","869","295","78","21","6","2","3"
"경상북도 봉화군 봉화읍(4792025000)","4,843","2,336","1,335","577","407","139","36","10","2","1","0"
"경상북도 봉화군 물야면(4792031000)","1,684","846","605","137","68","22","4","1","1","0","0"
"경상북도 봉화군 봉성면(4792032000)","1,115","555","370","117","52","18","3","0","0","0","0"
"경상북도 봉화군 법전면(4792033000)","1,122","576","379","102","40","19","4","2","0","0","0"
"경상북도 봉화군 춘양면(4792034000)","2,531","1,378","770","234","99","34","13","2","1","0","0"
"경상북도 봉화군 소천면(4792035000)","1,344","810","394","77","44","12","5","1","1","0","0"
"경상북도 봉화군 재산면(4792036000)","855","479","272","64","30","3","3","2","0","1","1"
"경상북도 봉화군 명호면(4792037000)","1,258","647","449","98","40","19","3","0","1","0","1"
"경상북도 봉화군 상운면(4792038000)","1,014","548","356","76","20","8","3","3","0","0","0"
"경상북도 봉화군 석포면(4792039000)","1,057","595","260","107","69","21","4","0","0","0","1"
"경상북도 울진군 (4793000000)","25,527","13,218","6,888","2,902","1,859","533","90","24","5","4","4"
"경상북도 울진군 울진읍(4793025000)","6,332","2,598","1,696","935","828","215","40","13","3","3","1"
"경상북도 울진군 평해읍(4793025300)","1,574","923","461","116","50","19","3","0","0","1","1"
"경상북도 울진군 북면(4793031000)","3,555","1,800","749","525","386","83","10","2","0","0","0"
"경상북도 울진군 북면하당출장소(4793031500)","399","217","139","29","7","7","0","0","0","0","0"
"경상북도 울진군 근남면(4793033000)","1,555","818","456","180","70","23","8","0","0","0","0"
"경상북도 울진군 기성면(4793035000)","1,576","1,003","423","103","30","12","3","2","0","0","0"
"경상북도 울진군 온정면(4793036000)","976","558","299","71","30","14","4","0","0","0","0"
"경상북도 울진군 죽변면(4793037000)","3,609","2,067","921","365","188","55","12","1","0","0","0"
"경상북도 울진군 후포면(4793038000)","3,970","2,064","1,140","443","228","85","5","4","0","0","1"
"경상북도 울진군 금강송면(4793039000)","773","450","255","50","11","2","2","1","1","0","1"
"경상북도 울진군 매화면(4793040000)","1,208","720","349","85","31","18","3","1","1","0","0"
"경상북도 울릉군 (4794000000)","5,605","3,510","1,258","456","264","83","28","4","2","0","0"
"경상북도 울릉군 울릉읍(4794025000)","3,946","2,491","842","324","202","60","23","2","2","0","0"
"경상북도 울릉군 서면(4794031000)","514","277","132","64","30","9","2","0","0","0","0"
"경상북도 울릉군 서면태하출장소(4794031500)","279","164","83","17","7","5","1","2","0","0","0"
"경상북도 울릉군 북면(4794032000)","866","578","201","51","25","9","2","0","0","0","0"
"경상남도  (4800000000)","1,525,502","623,016","400,419","254,247","192,044","45,323","8,053","1,692","405","119","184"
"경상남도 창원시 (4812000000)","456,830","173,078","117,818","84,514","64,723","13,784","2,301","440","98","39","35"
"경상남도 창원시 의창구 (4812100000)","96,997","36,921","25,088","18,123","13,400","2,855","480","97","17","9","7"
"경상남도 창원시 의창구 동읍(4812125000)","9,079","3,694","2,623","1,529","921","244","55","12","0","1","0"
"경상남도 창원시 의창구 북면(4812131000)","16,714","3,912","4,585","3,946","3,445","687","105","19","8","2","5"
"경상남도 창원시 의창구 대산면(4812132000)","3,671","1,740","1,141","512","190","62","21","5","0","0","0"
"경상남도 창원시 의창구 의창동(4812151000)","21,314","7,174","5,474","4,328","3,499","725","87","19","3","4","1"
"경상남도 창원시 의창구 팔룡동(4812152000)","11,205","4,022","2,638","2,343","1,852","286","50","10","3","1","0"
"경상남도 창원시 의창구 명곡동(4812153000)","18,163","6,966","4,827","3,369","2,332","542","104","20","2","0","1"
"경상남도 창원시 의창구 봉림동(4812154000)","16,851","9,413","3,800","2,096","1,161","309","58","12","1","1","0"
"경상남도 창원시 성산구 (4812300000)","106,216","36,831","25,956","21,908","17,671","3,230","495","94","19","9","3"
"경상남도 창원시 성산구 반송동(4812351000)","15,637","3,995","3,948","3,676","3,277","616","101","18","3","3","0"
"경상남도 창원시 성산구 용지동(4812351500)","12,263","4,762","3,009","2,371","1,721","339","49","8","4","0","0"
"경상남도 창원시 성산구 중앙동(4812352000)","18,725","10,491","3,399","2,525","1,890","346","58","13","1","2","0"
"경상남도 창원시 성산구 상남동(4812353000)","10,848","2,980","2,789","2,535","2,096","377","55","14","2","0","0"
"경상남도 창원시 성산구 사파동(4812354000)","19,838","6,567","5,280","4,151","3,153","579","89","13","4","1","1"
"경상남도 창원시 성산구 가음정동(4812355000)","15,594","4,431","3,961","3,590","3,053","490","58","7","2","2","0"
"경상남도 창원시 성산구 성주동(4812356000)","9,876","2,217","2,668","2,444","2,073","384","70","15","3","1","1"
"경상남도 창원시 성산구 웅남동(4812357000)","3,435","1,388","902","616","408","99","15","6","0","0","1"
"경상남도 창원시 마산합포구 (4812500000)","85,763","35,771","22,963","14,286","9,881","2,300","439","82","18","6","17"
"경상남도 창원시 마산합포구 구산면(4812531000)","2,325","1,240","706","245","101","23","5","2","0","1","2"
"경상남도 창원시 마산합포구 진동면(4812532000)","5,491","2,201","1,563","854","645","169","39","15","1","0","4"
"경상남도 창원시 마산합포구 진북면(4812533000)","1,830","983","551","177","89","18","8","2","0","0","2"
"경상남도 창원시 마산합포구 진전면(4812534000)","2,173","1,159","709","207","60","22","10","1","2","1","2"
"경상남도 창원시 마산합포구 현동(4812551000)","5,669","1,747","1,441","1,150","1,059","224","42","5","1","0","0"
"경상남도 창원시 마산합포구 가포동(4812552000)","1,628","941","417","179","66","23","1","1","0","0","0"
"경상남도 창원시 마산합포구 월영동(4812553000)","17,133","4,978","4,463","3,845","3,079","645","101","15","3","2","2"
"경상남도 창원시 마산합포구 문화동(4812554000)","6,063","3,222","1,509","768","432","102","23","3","2","1","1"
"경상남도 창원시 마산합포구 반월중앙동(4812556500)","6,299","2,411","1,762","1,137","765","179","36","8","1","0","0"
"경상남도 창원시 마산합포구 완월동(4812557000)","4,062","1,573","1,205","717","410","121","25","6","3","1","1"
"경상남도 창원시 마산합포구 자산동(4812558000)","4,489","1,750","1,377","748","454","130","19","9","1","0","1"
"경상남도 창원시 마산합포구 교방동(4812561000)","8,413","3,030","2,215","1,673","1,182","263","44","3","2","0","1"
"경상남도 창원시 마산합포구 오동동(4812563000)","10,459","5,747","2,554","1,216","719","183","31","7","2","0","0"
"경상남도 창원시 마산합포구 합포동(4812564000)","3,617","1,819","892","525","300","57","23","1","0","0","0"
"경상남도 창원시 마산합포구 산호동(4812565000)","6,112","2,970","1,599","845","520","141","32","4","0","0","1"
"경상남도 창원시 마산회원구 (4812700000)","82,225","31,062","22,247","14,972","11,045","2,398","396","79","17","6","3"
"경상남도 창원시 마산회원구 내서읍(4812725000)","25,260","7,464","6,775","5,354","4,537","970","122","26","8","3","1"
"경상남도 창원시 마산회원구 회원1동(4812751000)","5,165","2,456","1,480","717","392","91","26","2","1","0","0"
"경상남도 창원시 마산회원구 회원2동(4812752000)","4,532","1,729","1,288","839","522","122","28","3","1","0","0"
"경상남도 창원시 마산회원구 석전동(4812754500)","7,842","3,251","2,158","1,340","870","171","38","13","1","0","0"
"경상남도 창원시 마산회원구 회성동(4812755000)","2,931","1,406","865","404","188","53","14","1","0","0","0"
"경상남도 창원시 마산회원구 양덕1동(4812756000)","5,480","2,610","1,442","829","445","123","24","5","1","1","0"
"경상남도 창원시 마산회원구 양덕2동(4812757000)","11,842","2,836","3,242","2,710","2,448","498","84","20","2","1","1"
"경상남도 창원시 마산회원구 합성1동(4812758000)","4,486","2,092","1,103","723","456","94","16","2","0","0","0"
"경상남도 창원시 마산회원구 합성2동(4812759000)","4,167","2,399","992","415","269","71","14","4","2","1","0"
"경상남도 창원시 마산회원구 구암1동(4812760000)","4,321","1,880","1,297","681","357","94","10","1","1","0","0"
"경상남도 창원시 마산회원구 구암2동(4812761000)","4,426","1,875","1,238","755","448","94","14","1","0","0","1"
"경상남도 창원시 마산회원구 봉암동(4812762000)","1,773","1,064","367","205","113","17","6","1","0","0","0"
"경상남도 창원시 진해구 (4812900000)","85,629","32,493","21,564","15,225","12,726","3,001","491","88","27","9","5"
"경상남도 창원시 진해구 충무동(4812953000)","7,669","3,355","1,900","1,148","929","272","51","11","1","1","1"
"경상남도 창원시 진해구 여좌동(4812954000)","4,304","2,107","1,215","543","322","92","19","5","0","1","0"
"경상남도 창원시 진해구 태백동(4812955000)","1,895","917","540","242","146","38","10","2","0","0","0"
"경상남도 창원시 진해구 경화동(4812956000)","4,587","1,437","1,322","962","673","156","30","4","2","1","0"
"경상남도 창원시 진해구 병암동(4812957000)","3,371","1,388","925","530","417","81","25","4","1","0","0"
"경상남도 창원시 진해구 석동(4812958000)","7,391","2,749","1,573","1,308","1,400","290","54","9","6","2","0"
"경상남도 창원시 진해구 이동(4812959000)","4,817","2,704","1,233","472","295","84","21","7","1","0","0"
"경상남도 창원시 진해구 자은동(4812960000)","8,838","2,923","2,316","1,746","1,490","325","33","5","0","0","0"
"경상남도 창원시 진해구 덕산동(4812961000)","4,139","1,323","1,174","781","679","148","27","6","0","0","1"
"경상남도 창원시 진해구 풍호동(4812962000)","9,201","1,725","2,486","2,187","2,167","539","77","13","6","1","0"
"경상남도 창원시 진해구 웅천동(4812963000)","5,405","1,585","1,506","1,157","917","206","26","6","2","0","0"
"경상남도 창원시 진해구 웅동1동(4812964000)","3,590","1,301","1,112","664","391","98","18","3","1","0","2"
"경상남도 창원시 진해구 웅동2동(4812965000)","20,422","8,979","4,262","3,485","2,900","672","100","13","7","3","1"
"경상남도 진주시 (4817000000)","159,833","66,318","40,232","26,738","20,335","5,103","872","165","42","12","16"
"경상남도 진주시 문산읍(4817025000)","3,630","1,491","1,015","557","403","126","28","4","1","0","5"
"경상남도 진주시 내동면(4817031000)","1,649","526","436","319","255","90","15","5","1","2","0"
"경상남도 진주시 정촌면(4817032000)","4,010","1,491","1,088","819","468","120","16","7","1","0","0"
"경상남도 진주시 금곡면(4817033000)","1,227","651","389","115","43","21","6","1","1","0","0"
"경상남도 진주시 진성면(4817035000)","1,064","565","332","110","36","14","6","0","1","0","0"
"경상남도 진주시 일반성면(4817036000)","1,375","698","415","150","80","23","8","1","0","0","0"
"경상남도 진주시 이반성면(4817037000)","986","610","271","70","27","6","1","1","0","0","0"
"경상남도 진주시 사봉면(4817038000)","893","503","278","79","19","11","3","0","0","0","0"
"경상남도 진주시 지수면(4817039000)","818","476","223","65","33","15","4","1","1","0","0"
"경상남도 진주시 대곡면(4817040000)","1,762","929","568","172","65","22","2","1","1","0","2"
"경상남도 진주시 금산면(4817041000)","7,934","1,976","2,213","1,718","1,510","407","90","14","3","2","1"
"경상남도 진주시 집현면(4817042000)","2,130","861","634","334","208","73","15","2","2","1","0"
"경상남도 진주시 미천면(4817043000)","960","574","261","91","25","5","2","2","0","0","0"
"경상남도 진주시 명석면(4817044000)","2,148","1,080","688","239","101","33","7","0","0","0","0"
"경상남도 진주시 대평면(4817045000)","557","294","167","49","34","7","3","2","0","0","1"
"경상남도 진주시 수곡면(4817046000)","1,248","649","401","120","54","21","2","0","0","0","1"
"경상남도 진주시 천전동(4817051500)","13,791","6,467","3,468","2,008","1,398","373","64","10","2","1","0"
"경상남도 진주시 성북동(4817055500)","5,887","3,527","1,342","597","312","82","20","4","2","0","1"
"경상남도 진주시 중앙동(4817056500)","6,236","3,586","1,572","629","317","103","23","5","1","0","0"
"경상남도 진주시 상봉동(4817059500)","7,238","3,769","1,890","904","501","137","27","8","2","0","0"
"경상남도 진주시 상대동(4817067300)","9,957","4,952","2,622","1,333","788","211","32","14","2","1","2"
"경상남도 진주시 하대동(4817067800)","11,275","4,662","3,107","1,916","1,195","328","58","9","0","0","0"
"경상남도 진주시 상평동(4817068000)","5,418","2,387","1,466","795","590","142","29","6","2","0","1"
"경상남도 진주시 초장동(4817069500)","9,467","2,001","2,081","2,340","2,377","566","87","10","4","1","0"
"경상남도 진주시 평거동(4817071000)","11,440","3,928","2,937","2,319","1,788","387","65","11","4","1","0"
"경상남도 진주시 신안동(4817071500)","5,366","2,163","1,545","891","586","135","35","8","2","0","1"
"경상남도 진주시 이현동(4817072000)","5,098","1,915","1,418","963","600","164","29","6","3","0","0"
"경상남도 진주시 판문동(4817073000)","7,989","2,073","2,068","1,741","1,656","393","46","9","2","0","1"
"경상남도 진주시 가호동(4817074000)","15,595","8,249","2,911","2,229","1,757","379","54","13","2","1","0"
"경상남도 진주시 충무공동(4817075000)","12,685","3,265","2,426","3,066","3,109","709","95","11","2","2","0"
"경상남도 통영시 (4822000000)","59,466","26,204","16,445","8,586","6,151","1,639","350","64","14","3","10"
"경상남도 통영시 산양읍(4822025000)","2,526","1,374","752","227","116","33","20","4","0","0","0"
"경상남도 통영시 용남면(4822031000)","5,124","1,668","1,507","937","741","213","45","8","1","1","3"
"경상남도 통영시 도산면(4822033000)","1,564","835","475","158","61","22","9","4","0","0","0"
"경상남도 통영시 광도면(4822034000)","13,286","4,914","3,118","2,371","2,210","565","88","14","3","2","1"
"경상남도 통영시 욕지면(4822035000)","1,262","804","341","72","33","11","1","0","0","0","0"
"경상남도 통영시 한산면(4822036000)","1,251","795","352","66","26","5","6","0","1","0","0"
"경상남도 통영시 사량면(4822037000)","927","590","275","41","13","6","1","1","0","0","0"
"경상남도 통영시 도천동(4822051000)","4,475","2,182","1,300","560","302","101","25","3","1","0","1"
"경상남도 통영시 명정동(4822053000)","1,526","835","436","151","81","16","6","1","0","0","0"
"경상남도 통영시 중앙동(4822055000)","2,071","1,129","591","228","101","14","7","1","0","0","0"
"경상남도 통영시 정량동(4822059000)","4,292","2,029","1,285","548","310","88","26","4","0","0","2"
"경상남도 통영시 북신동(4822060000)","4,722","1,735","1,520","828","469","128","34","8","0","0","0"
"경상남도 통영시 미수동(4822066500)","4,833","1,773","1,488","816","580","148","23","5","0","0","0"
"경상남도 통영시 봉평동(4822067000)","5,277","2,829","1,393","591","336","95","23","3","5","0","2"
"경상남도 통영시 무전동(4822070000)","6,330","2,712","1,612","992","772","194","36","8","3","0","1"
"경상남도 사천시 (4824000000)","55,125","25,625","14,610","7,686","5,431","1,447","246","55","15","4","6"
"경상남도 사천시 사천읍(4824025000)","9,002","4,576","1,950","1,235","932","253","39","11","4","0","2"
"경상남도 사천시 정동면(4824031000)","6,106","2,271","1,523","1,159","883","228","33","8","0","1","0"
"경상남도 사천시 사남면(4824032000)","7,344","2,896","1,642","1,208","1,248","294","46","8","2","0","0"
"경상남도 사천시 용현면(4824033000)","3,688","1,757","1,041","453","307","111","17","2","0","0","0"
"경상남도 사천시 축동면(4824034000)","895","509","259","74","32","16","4","1","0","0","0"
"경상남도 사천시 곤양면(4824035000)","1,918","1,081","560","174","64","30","6","1","1","1","0"
"경상남도 사천시 곤명면(4824036000)","1,662","951","511","123","57","15","5","0","0","0","0"
"경상남도 사천시 서포면(4824037000)","1,995","1,082","619","174","84","27","2","5","2","0","0"
"경상남도 사천시 동서동(4824051000)","3,105","1,575","990","334","149","39","16","2","0","0","0"
"경상남도 사천시 선구동(4824052000)","2,666","1,364","796","300","146","44","10","4","0","0","2"
"경상남도 사천시 동서금동(4824053000)","3,096","1,392","872","465","272","76","16","1","0","1","1"
"경상남도 사천시 벌용동(4824055000)","7,464","3,256","2,102","1,148","747","170","27","8","5","1","0"
"경상남도 사천시 향촌동(4824057000)","3,500","1,712","912","467","300","89","16","2","1","0","1"
"경상남도 사천시 남양동(4824059500)","2,543","1,131","782","358","207","54","9","2","0","0","0"
"경상남도 사천시 신수출장소(4824089000)","141","72","51","14","3","1","0","0","0","0","0"
"경상남도 김해시 (4825000000)","231,783","81,796","57,522","45,385","37,237","8,152","1,301","278","76","16","20"
"경상남도 김해시 진영읍(4825025000)","24,123","8,937","5,926","4,555","3,683","856","126","28","8","2","2"
"경상남도 김해시 주촌면(4825032000)","7,846","2,146","1,930","1,900","1,539","281","38","10","0","1","1"
"경상남도 김해시 진례면(4825033000)","3,375","1,756","969","406","175","50","16","0","2","1","0"
"경상남도 김해시 한림면(4825034000)","3,934","2,130","1,167","378","169","67","17","2","3","0","1"
"경상남도 김해시 생림면(4825035000)","2,116","1,166","626","208","76","30","6","4","0","0","0"
"경상남도 김해시 상동면(4825036000)","1,684","913","502","159","68","25","12","2","0","0","3"
"경상남도 김해시 대동면(4825037000)","2,860","1,341","966","342","145","45","17","2","0","0","2"
"경상남도 김해시 동상동(4825051000)","4,631","2,179","1,197","727","390","107","24","6","1","0","0"
"경상남도 김해시 회현동(4825052000)","4,166","1,835","1,106","702","411","86","21","4","0","0","1"
"경상남도 김해시 부원동(4825053000)","4,791","2,347","1,195","701","422","90","26","7","2","0","1"
"경상남도 김해시 내외동(4825054000)","32,234","12,279","7,969","6,293","4,496","994","152","40","7","0","4"
"경상남도 김해시 북부동(4825055000)","33,213","9,659","8,260","7,242","6,331","1,421","232","52","13","3","0"
"경상남도 김해시 칠산서부동(4825056500)","4,515","2,038","1,208","676","415","130","37","5","5","1","0"
"경상남도 김해시 활천동(4825058000)","17,387","6,846","4,616","3,035","2,168","560","127","28","4","3","0"
"경상남도 김해시 삼안동(4825059000)","16,410","7,306","4,120","2,763","1,712","426","63","9","10","0","1"
"경상남도 김해시 불암동(4825060000)","2,949","919","862","596","447","108","14","2","1","0","0"
"경상남도 김해시 장유1동(4825061000)","22,321","6,179","5,547","4,959","4,515","944","142","21","10","3","1"
"경상남도 김해시 장유2동(4825062000)","15,678","5,159","3,584","3,255","2,994","578","75","28","2","2","1"
"경상남도 김해시 장유3동(4825063000)","27,550","6,661","5,772","6,488","7,081","1,354","156","28","8","0","2"
"경상남도 밀양시 (4827000000)","53,906","25,991","15,724","6,652","4,020","1,152","265","68","14","5","15"
"경상남도 밀양시 삼랑진읍(4827025000)","2,827","1,570","848","235","117","38","14","3","0","0","2"
"경상남도 밀양시 삼랑진임천출장소(4827025100)","766","458","195","71","27","10","5","0","0","0","0"
"경상남도 밀양시 하남읍(4827025300)","3,767","1,896","1,187","410","190","62","17","4","0","0","1"
"경상남도 밀양시 부북면(4827031000)","2,897","1,538","877","294","134","37","15","1","0","0","1"
"경상남도 밀양시 상동면(4827032000)","1,923","1,137","552","150","61","16","3","3","0","0","1"
"경상남도 밀양시 산외면(4827033000)","1,655","929","471","156","64","24","6","2","1","1","1"
"경상남도 밀양시 산내면(4827034000)","2,191","1,136","722","212","88","23","7","2","1","0","0"
"경상남도 밀양시 단장면(4827035000)","2,625","1,483","815","220","74","25","5","2","0","0","1"
"경상남도 밀양시 상남면(4827036000)","4,127","1,896","1,301","522","290","84","25","4","3","1","1"
"경상남도 밀양시 초동면(4827037000)","1,981","1,051","656","182","69","16","5","2","0","0","0"
"경상남도 밀양시 무안면(4827038000)","2,751","1,504","844","241","104","36","13","4","1","1","3"
"경상남도 밀양시 청도면(4827039000)","1,107","647","357","72","22","7","1","1","0","0","0"
"경상남도 밀양시 내일동(4827051000)","1,445","736","440","152","82","27","5","3","0","0","0"
"경상남도 밀양시 내이동(4827052000)","8,735","4,016","2,212","1,307","919","224","41","10","3","1","2"
"경상남도 밀양시 삼문동(4827053000)","8,348","2,737","2,341","1,543","1,265","363","76","18","4","1","0"
"경상남도 밀양시 가곡동(4827054000)","4,080","2,095","1,112","491","275","90","11","4","0","0","2"
"경상남도 밀양시 교동(4827055000)","2,681","1,162","794","394","239","70","16","5","1","0","0"
"경상남도 거제시 (4831000000)","104,565","39,812","25,902","18,617","15,881","3,623","588","104","16","8","14"
"경상남도 거제시 일운면(4831031000)","4,071","1,816","1,197","569","365","91","28","3","1","1","0"
"경상남도 거제시 동부면(4831032000)","1,639","818","547","179","61","25","6","2","0","0","1"
"경상남도 거제시 남부면(4831033000)","901","496","282","80","31","9","1","1","1","0","0"
"경상남도 거제시 거제면(4831034000)","3,417","1,367","1,146","515","282","74","21","5","1","1","5"
"경상남도 거제시 둔덕면(4831035000)","1,468","659","522","169","83","22","10","2","0","0","1"
"경상남도 거제시 사등면(4831036000)","5,105","1,904","1,462","835","704","170","25","5","0","0","0"
"경상남도 거제시 사등면가조출장소(4831036600)","581","276","198","68","28","9","1","1","0","0","0"
"경상남도 거제시 연초면(4831037000)","4,372","2,248","1,060","566","359","114","18","6","1","0","0"
"경상남도 거제시 하청면(4831038000)","1,730","816","524","222","111","44","7","5","0","0","1"
"경상남도 거제시 하청면칠천출장소(4831038500)","626","351","194","54","19","7","1","0","0","0","0"
"경상남도 거제시 장목면(4831039000)","1,666","853","521","207","53","23","7","2","0","0","0"
"경상남도 거제시 장목면외포출장소(4831039500)","744","385","236","69","33","16","5","0","0","0","0"
"경상남도 거제시 장승포동(4831051000)","2,860","1,537","662","351","213","79","16","1","0","0","1"
"경상남도 거제시 능포동(4831053000)","4,149","1,684","1,192","656","448","129","34","5","1","0","0"
"경상남도 거제시 아주동(4831054000)","10,339","3,341","1,914","2,249","2,254","493","74","11","2","1","0"
"경상남도 거제시 옥포1동(4831055000)","3,455","1,654","864","508","335","75","17","0","1","0","1"
"경상남도 거제시 옥포2동(4831056000)","11,288","4,333","2,993","1,980","1,521","386","58","15","0","1","1"
"경상남도 거제시 장평동(4831057000)","10,261","4,910","2,258","1,594","1,197","261","32","6","1","2","0"
"경상남도 거제시 고현동(4831058000)","15,782","6,082","3,846","2,851","2,421","493","75","9","3","2","0"
"경상남도 거제시 상문동(4831059000)","11,906","2,463","2,640","2,921","3,136","635","89","17","3","0","2"
"경상남도 거제시 수양동(4831060000)","8,205","1,819","1,644","1,974","2,227","468","63","8","1","0","1"
"경상남도 양산시 (4833000000)","158,640","58,402","41,358","29,573","23,034","5,213","828","175","34","10","13"
"경상남도 양산시 물금읍(4833025300)","49,115","15,582","11,238","10,484","9,367","2,061","308","60","11","3","1"
"경상남도 양산시 동면(4833031000)","19,814","6,219","5,485","4,278","3,080","635","84","29","4","0","0"
"경상남도 양산시 원동면(4833032000)","1,997","1,099","629","174","69","20","6","0","0","0","0"
"경상남도 양산시 상북면(4833033000)","6,251","2,915","1,900","833","438","127","22","11","2","0","3"
"경상남도 양산시 하북면(4833034000)","4,264","2,285","1,177","493","214","74","10","4","3","0","4"
"경상남도 양산시 중앙동(4833051000)","6,454","3,811","1,483","701","348","92","15","3","0","1","0"
"경상남도 양산시 양주동(4833051500)","12,815","3,516","3,790","2,635","2,299","485","72","14","1","2","1"
"경상남도 양산시 삼성동(4833052000)","10,394","4,840","2,610","1,616","988","264","61","11","1","2","1"
"경상남도 양산시 강서동(4833053000)","3,855","1,418","1,053","688","532","139","22","2","0","0","1"
"경상남도 양산시 서창동(4833054000)","12,936","5,489","3,158","2,049","1,718","439","70","8","5","0","0"
"경상남도 양산시 소주동(4833055000)","9,662","4,148","2,676","1,561","986","238","39","10","2","1","1"
"경상남도 양산시 평산동(4833056000)","13,339","4,762","3,848","2,409","1,813","405","84","13","3","1","1"
"경상남도 양산시 덕계동(4833057000)","7,744","2,318","2,311","1,652","1,182","234","35","10","2","0","0"
"경상남도 의령군 (4872000000)","14,923","8,429","4,150","1,340","674","231","66","16","5","3","9"
"경상남도 의령군 의령읍(4872025000)","4,611","2,206","1,209","608","406","128","34","9","4","2","5"
"경상남도 의령군 가례면(4872031000)","885","510","257","80","23","10","2","1","0","0","2"
"경상남도 의령군 칠곡면(4872032000)","719","414","225","53","20","5","1","1","0","0","0"
"경상남도 의령군 대의면(4872033000)","650","418","154","46","21","7","2","1","0","1","0"
"경상남도 의령군 화정면(4872034000)","910","517","284","72","19","13","4","1","0","0","0"
"경상남도 의령군 용덕면(4872035000)","891","512","269","64","29","10","7","0","0","0","0"
"경상남도 의령군 정곡면(4872036000)","866","516","264","53","18","11","2","1","0","0","1"
"경상남도 의령군 지정면(4872037000)","1,142","683","345","80","26","4","2","1","0","0","1"
"경상남도 의령군 낙서면(4872038000)","455","282","120","32","13","6","2","0","0","0","0"
"경상남도 의령군 부림면(4872039000)","1,679","1,031","425","136","59","20","6","1","1","0","0"
"경상남도 의령군 봉수면(4872040000)","639","417","170","26","19","7","0","0","0","0","0"
"경상남도 의령군 궁류면(4872041500)","756","483","219","42","7","4","1","0","0","0","0"
"경상남도 의령군 유곡면(4872042000)","720","440","209","48","14","6","3","0","0","0","0"
"경상남도 함안군 (4873000000)","30,566","14,063","8,601","4,094","2,758","793","196","46","11","0","4"
"경상남도 함안군 가야읍(4873025000)","8,271","3,398","2,314","1,310","904","270","58","14","1","0","2"
"경상남도 함안군 칠원읍(4873025300)","7,802","2,678","1,979","1,451","1,275","335","71","9","4","0","0"
"경상남도 함안군 함안면(4873031000)","1,387","746","429","137","49","15","6","4","1","0","0"
"경상남도 함안군 군북면(4873032000)","3,444","1,929","1,002","290","134","63","19","5","2","0","0"
"경상남도 함안군 법수면(4873033000)","1,699","966","520","147","43","10","9","4","0","0","0"
"경상남도 함안군 대산면(4873034000)","2,029","1,216","583","137","65","19","6","2","1","0","0"
"경상남도 함안군 칠서면(4873035000)","2,762","1,414","794","309","182","44","12","4","2","0","1"
"경상남도 함안군 칠북면(4873036000)","1,140","643","355","99","27","10","4","2","0","0","0"
"경상남도 함안군 산인면(4873038000)","1,491","791","425","177","64","24","8","1","0","0","1"
"경상남도 함안군 여항면(4873039000)","541","282","200","37","15","3","3","1","0","0","0"
"경상남도 창녕군 (4874000000)","32,027","16,720","9,349","3,284","1,864","588","176","30","10","3","3"
"경상남도 창녕군 창녕읍(4874025000)","7,913","3,637","2,165","1,069","734","225","65","11","5","1","1"
"경상남도 창녕군 남지읍(4874025300)","6,086","2,910","1,736","720","509","160","43","5","2","1","0"
"경상남도 창녕군 고암면(4874031000)","1,082","622","335","78","31","8","7","0","0","0","1"
"경상남도 창녕군 성산면(4874032000)","995","601","295","72","18","4","4","0","0","0","1"
"경상남도 창녕군 대합면(4874033000)","2,289","1,385","633","183","54","22","10","1","0","1","0"
"경상남도 창녕군 이방면(4874034000)","1,434","828","447","102","39","10","6","2","0","0","0"
"경상남도 창녕군 유어면(4874035000)","1,081","670","301","68","32","5","2","2","1","0","0"
"경상남도 창녕군 대지면(4874036000)","1,330","709","391","135","62","24","6","2","1","0","0"
"경상남도 창녕군 계성면(4874037000)","1,364","828","380","93","41","19","2","0","1","0","0"
"경상남도 창녕군 영산면(4874038000)","2,771","1,380","877","294","153","49","13","5","0","0","0"
"경상남도 창녕군 장마면(4874039000)","1,119","621","364","97","27","6","4","0","0","0","0"
"경상남도 창녕군 도천면(4874040000)","1,535","846","476","120","61","25","6","1","0","0","0"
"경상남도 창녕군 길곡면(4874041000)","927","518","306","69","25","5","3","1","0","0","0"
"경상남도 창녕군 부곡면(4874042000)","2,101","1,165","643","184","78","26","5","0","0","0","0"
"경상남도 고성군 (4882000000)","26,546","13,324","7,594","3,008","1,759","662","141","36","7","1","14"
"경상남도 고성군 고성읍(4882025000)","11,302","5,016","2,958","1,638","1,155","431","77","17","5","0","5"
"경상남도 고성군 삼산면(4882031000)","1,036","564","339","86","26","14","5","1","0","0","1"
"경상남도 고성군 하일면(4882032000)","1,033","541","357","79","34","13","6","1","1","0","1"
"경상남도 고성군 하이면(4882033000)","1,428","707","442","158","83","28","7","3","0","0","0"
"경상남도 고성군 상리면(4882034000)","940","505","296","85","36","11","4","2","0","0","1"
"경상남도 고성군 대가면(4882035000)","997","567","311","68","31","15","3","1","0","0","1"
"경상남도 고성군 영현면(4882036000)","543","324","158","38","17","4","2","0","0","0","0"
"경상남도 고성군 영오면(4882037000)","806","445","225","81","38","12","3","2","0","0","0"
"경상남도 고성군 개천면(4882038000)","653","373","207","47","17","3","0","4","0","0","2"
"경상남도 고성군 구만면(4882039000)","614","357","183","46","17","8","2","1","0","0","0"
"경상남도 고성군 회화면(4882040000)","1,935","1,015","564","182","115","46","10","1","1","0","1"
"경상남도 고성군 마암면(4882041000)","977","575","292","68","24","12","4","1","0","0","1"
"경상남도 고성군 동해면(4882042000)","1,846","1,035","548","166","67","19","8","1","0","1","1"
"경상남도 고성군 거류면(4882043000)","2,436","1,300","714","266","99","46","10","1","0","0","0"
"경상남도 남해군 (4884000000)","22,534","11,244","7,114","2,355","1,194","475","103","37","6","4","2"
"경상남도 남해군 남해읍(4884025000)","6,215","2,791","1,691","857","609","218","35","11","3","0","0"
"경상남도 남해군 이동면(4884031000)","2,040","1,011","721","179","73","44","9","2","0","0","1"
"경상남도 남해군 상주면(4884032000)","915","475","289","82","50","15","3","0","0","1","0"
"경상남도 남해군 삼동면(4884033000)","2,191","1,169","697","204","75","34","6","4","1","1","0"
"경상남도 남해군 미조면(4884034000)","1,197","637","347","123","61","18","5","5","0","1","0"
"경상남도 남해군 남면(4884035000)","2,033","1,147","641","147","65","24","8","1","0","0","0"
"경상남도 남해군 서면(4884036000)","1,481","814","483","121","42","13","5","3","0","0","0"
"경상남도 남해군 고현면(4884037000)","1,833","858","650","202","74","38","9","2","0","0","0"
"경상남도 남해군 설천면(4884038000)","1,556","787","526","157","53","20","10","3","0","0","0"
"경상남도 남해군 창선면(4884039000)","3,073","1,555","1,069","283","92","51","13","6","2","1","1"
"경상남도 하동군 (4885000000)","23,567","12,495","6,868","2,408","1,164","446","134","33","12","1","6"
"경상남도 하동군 하동읍(4885025000)","4,885","2,374","1,299","656","380","130","33","9","3","0","1"
"경상남도 하동군 화개면(4885031000)","1,667","914","475","175","61","26","9","4","1","1","1"
"경상남도 하동군 악양면(4885032000)","1,963","1,037","622","180","79","31","13","0","1","0","0"
"경상남도 하동군 적량면(4885033000)","1,084","615","309","81","51","15","11","1","0","0","1"
"경상남도 하동군 횡천면(4885034000)","1,060","580","310","114","32","17","7","0","0","0","0"
"경상남도 하동군 고전면(4885035000)","1,204","657","379","100","40","15","9","4","0","0","0"
"경상남도 하동군 금남면(4885036000)","1,980","1,145","571","163","64","25","10","2","0","0","0"
"경상남도 하동군 진교면(4885037000)","2,953","1,391","906","355","188","86","17","7","3","0","0"
"경상남도 하동군 양보면(4885038000)","1,000","559","318","84","28","8","1","2","0","0","0"
"경상남도 하동군 북천면(4885039000)","955","537","277","93","32","10","4","2","0","0","0"
"경상남도 하동군 청암면(4885040000)","835","516","225","50","22","10","6","1","3","0","2"
"경상남도 하동군 옥종면(4885041000)","2,356","1,248","743","205","118","32","8","1","0","0","1"
"경상남도 하동군 금성면(4885042000)","1,625","922","434","152","69","41","6","0","1","0","0"
"경상남도 산청군 (4886000000)","19,639","10,795","5,652","1,792","949","315","98","22","9","3","4"
"경상남도 산청군 산청읍(4886025000)","3,685","1,987","928","359","291","91","20","4","3","1","1"
"경상남도 산청군 차황면(4886031000)","858","500","268","56","20","10","4","0","0","0","0"
"경상남도 산청군 오부면(4886032000)","627","361","182","52","16","13","2","0","1","0","0"
"경상남도 산청군 생초면(4886033000)","1,179","680","372","78","36","8","3","1","0","0","1"
"경상남도 산청군 금서면(4886034000)","1,643","932","469","133","75","17","11","3","2","1","0"
"경상남도 산청군 삼장면(4886035000)","1,059","551","365","91","30","18","3","0","0","0","1"
"경상남도 산청군 시천면(4886036000)","2,319","1,268","658","239","109","30","12","2","0","1","0"
"경상남도 산청군 단성면(4886037000)","3,410","1,928","1,040","270","108","42","19","3","0","0","0"
"경상남도 산청군 신안면(4886038000)","2,867","1,377","799","384","212","63","21","8","2","0","1"
"경상남도 산청군 생비량면(4886039000)","742","475","201","38","19","8","0","0","1","0","0"
"경상남도 산청군 신등면(4886040000)","1,250","736","370","92","33","15","3","1","0","0","0"
"경상남도 함양군 (4887000000)","20,679","10,921","5,870","2,095","1,194","453","106","30","6","2","2"
"경상남도 함양군 함양읍(4887025000)","8,684","4,007","2,304","1,181","800","295","68","21","5","1","2"
"경상남도 함양군 마천면(4887031000)","1,314","809","365","96","28","10","5","0","0","1","0"
"경상남도 함양군 휴천면(4887032000)","975","626","262","53","22","10","1","1","0","0","0"
"경상남도 함양군 유림면(4887033000)","993","583","295","74","23","17","1","0","0","0","0"
"경상남도 함양군 수동면(4887034000)","1,409","817","409","114","45","17","5","2","0","0","0"
"경상남도 함양군 지곡면(4887035000)","1,189","651","364","103","51","16","3","1","0","0","0"
"경상남도 함양군 안의면(4887036000)","2,533","1,415","765","201","96","42","10","3","1","0","0"
"경상남도 함양군 서하면(4887037000)","829","477","244","68","29","7","4","0","0","0","0"
"경상남도 함양군 서상면(4887038000)","1,077","617","334","70","35","17","4","0","0","0","0"
"경상남도 함양군 백전면(4887039000)","931","522","296","62","34","11","4","2","0","0","0"
"경상남도 함양군 병곡면(4887040000)","745","397","232","73","31","11","1","0","0","0","0"
"경상남도 거창군 (4888000000)","30,934","14,715","8,610","3,871","2,594","871","184","64","18","4","3"
"경상남도 거창군 거창읍(4888025000)","18,749","7,999","4,817","2,827","2,185","706","143","52","15","4","1"
"경상남도 거창군 주상면(4888031000)","889","473","283","87","27","16","0","3","0","0","0"
"경상남도 거창군 웅양면(4888032000)","1,020","508","346","101","43","19","1","1","0","0","1"
"경상남도 거창군 고제면(4888033000)","836","464","266","70","22","7","5","1","1","0","0"
"경상남도 거창군 북상면(4888034000)","943","541","292","75","25","7","2","0","1","0","0"
"경상남도 거창군 위천면(4888035000)","1,144","626","334","104","51","18","9","2","0","0","0"
"경상남도 거창군 마리면(4888036000)","1,175","684","316","102","46","17","9","1","0","0","0"
"경상남도 거창군 남상면(4888037000)","1,378","731","454","125","43","22","3","0","0","0","0"
"경상남도 거창군 남하면(4888038000)","864","498","247","70","34","10","3","2","0","0","0"
"경상남도 거창군 신원면(4888039000)","939","522","305","72","25","11","3","1","0","0","0"
"경상남도 거창군 가조면(4888040000)","2,129","1,144","696","180","72","31","5","1","0","0","0"
"경상남도 거창군 가북면(4888041000)","868","525","254","58","21","7","1","0","1","0","1"
"경상남도 합천군 (4889000000)","23,939","13,084","7,000","2,249","1,082","376","98","29","12","1","8"
"경상남도 합천군 합천읍(4889025000)","5,248","2,247","1,463","778","547","165","38","7","2","0","1"
"경상남도 합천군 봉산면(4889031000)","898","539","262","69","19","6","2","1","0","0","0"
"경상남도 합천군 묘산면(4889032000)","918","517","300","75","15","8","1","2","0","0","0"
"경상남도 합천군 가야면(4889033000)","2,268","1,268","692","181","77","36","8","2","1","0","3"
"경상남도 합천군 야로면(4889034000)","1,388","813","393","109","42","20","5","2","1","1","2"
"경상남도 합천군 율곡면(4889035000)","1,289","745","388","99","36","13","6","2","0","0","0"
"경상남도 합천군 초계면(4889036000)","1,302","714","385","113","53","23","10","3","0","0","1"
"경상남도 합천군 쌍책면(4889037000)","767","447","246","51","16","3","2","1","1","0","0"
"경상남도 합천군 덕곡면(4889038000)","522","306","168","34","10","3","0","0","1","0","0"
"경상남도 합천군 청덕면(4889039000)","1,036","668","280","56","20","8","4","0","0","0","0"
"경상남도 합천군 적중면(4889040000)","815","467","243","78","18","8","1","0","0","0","0"
"경상남도 합천군 대양면(4889041000)","1,026","606","239","103","58","13","6","1","0","0","0"
"경상남도 합천군 쌍백면(4889042000)","1,084","675","293","79","27","6","1","2","1","0","0"
"경상남도 합천군 삼가면(4889043000)","1,843","1,055","540","163","46","26","7","3","3","0","0"
"경상남도 합천군 가회면(4889044000)","1,057","587","349","81","31","6","3","0","0","0","0"
"경상남도 합천군 대병면(4889045000)","1,168","674","359","76","43","14","1","1","0","0","0"
"경상남도 합천군 용주면(4889046000)","1,310","756","400","104","24","18","3","2","2","0","1"
"제주특별자치도  (5000000000)","313,155","134,017","74,424","49,369","38,076","13,228","3,043","749","172","48","29"
"제주특별자치도 제주시 (5011000000)","224,433","94,208","51,937","36,392","29,099","9,898","2,189","548","113","31","18"
"제주특별자치도 제주시 한림읍(5011025000)","10,737","5,259","2,724","1,444","877","306","90","23","10","0","4"
"제주특별자치도 제주시 애월읍(5011025300)","17,741","7,689","4,412","2,695","1,927","725","208","56","18","9","2"
"제주특별자치도 제주시 구좌읍(5011025600)","8,050","4,122","1,990","1,004","584","229","94","25","2","0","0"
"제주특별자치도 제주시 조천읍(5011025900)","11,994","4,960","3,227","1,818","1,330","471","125","48","10","3","2"
"제주특별자치도 제주시 한경면(5011031000)","5,153","2,593","1,421","627","334","126","42","6","2","0","2"
"제주특별자치도 제주시 추자면(5011032000)","949","554","259","72","42","15","7","0","0","0","0"
"제주특별자치도 제주시 우도면(5011033000)","862","452","212","101","62","25","6","3","0","1","0"
"제주특별자치도 제주시 일도1동(5011051000)","1,337","861","246","119","85","18","4","3","0","1","0"
"제주특별자치도 제주시 일도2동(5011052000)","13,401","4,651","3,357","2,522","2,003","678","155","24","7","4","0"
"제주특별자치도 제주시 이도1동(5011053000)","3,986","2,138","768","527","374","142","26","11","0","0","0"
"제주특별자치도 제주시 이도2동(5011054000)","21,362","8,465","4,714","3,692","3,184","1,041","209","45","8","4","0"
"제주특별자치도 제주시 삼도1동(5011055000)","6,055","2,589","1,499","963","674","251","63","16","0","0","0"
"제주특별자치도 제주시 삼도2동(5011056000)","4,142","2,241","845","548","346","127","25","9","1","0","0"
"제주특별자치도 제주시 용담1동(5011057000)","3,420","1,736","784","468","298","104","25","4","1","0","0"
"제주특별자치도 제주시 용담2동(5011058000)","6,373","2,644","1,626","1,024","698","280","71","27","3","0","0"
"제주특별자치도 제주시 건입동(5011059000)","4,175","1,817","1,061","627","462","150","40","13","5","0","0"
"제주특별자치도 제주시 화북동(5011060000)","9,676","3,146","2,416","1,908","1,567","512","91","31","5","0","0"
"제주특별자치도 제주시 삼양동(5011061000)","10,243","3,098","2,297","1,947","2,045","671","142","34","5","2","2"
"제주특별자치도 제주시 봉개동(5011062000)","2,429","994","615","419","267","111","17","5","0","0","1"
"제주특별자치도 제주시 아라동(5011063000)","17,198","6,747","3,526","2,988","2,771","944","169","41","8","3","1"
"제주특별자치도 제주시 오라동(5011064000)","6,380","1,924","1,460","1,358","1,214","347","55","19","3","0","0"
"제주특별자치도 제주시 연동(5011065000)","22,235","12,044","4,236","2,806","2,256","728","133","25","4","2","1"
"제주특별자치도 제주시 노형동(5011066000)","23,993","9,166","5,311","4,360","3,693","1,173","234","40","12","2","2"
"제주특별자치도 제주시 외도동(5011067000)","8,995","2,805","2,069","1,817","1,580","569","121","25","8","0","1"
"제주특별자치도 제주시 이호동(5011068000)","1,965","733","538","332","249","82","22","9","0","0","0"
"제주특별자치도 제주시 도두동(5011069000)","1,582","780","324","206","177","73","15","6","1","0","0"
"제주특별자치도 서귀포시 (5013000000)","88,722","39,809","22,487","12,977","8,977","3,330","854","201","59","17","11"
"제주특별자치도 서귀포시 대정읍(5013025000)","10,800","4,759","2,838","1,761","1,002","343","69","23","1","3","1"
"제주특별자치도 서귀포시 남원읍(5013025300)","8,841","3,815","2,501","1,226","841","333","96","18","6","3","2"
"제주특별자치도 서귀포시 성산읍(5013025900)","8,153","4,226","2,115","977","535","213","60","21","3","2","1"
"제주특별자치도 서귀포시 안덕면(5013031000)","6,452","3,244","1,575","835","518","195","60","14","8","2","1"
"제주특별자치도 서귀포시 표선면(5013032000)","6,329","3,005","1,628","862","531","224","54","16","6","2","1"
"제주특별자치도 서귀포시 송산동(5013051000)","1,901","874","498","255","165","83","21","2","3","0","0"
"제주특별자치도 서귀포시 정방동(5013052000)","1,346","864","282","110","61","23","5","1","0","0","0"
"제주특별자치도 서귀포시 중앙동(5013053000)","1,834","1,111","370","192","91","48","19","2","1","0","0"
"제주특별자치도 서귀포시 천지동(5013054000)","2,015","1,239","401","195","114","48","9","5","3","0","1"
"제주특별자치도 서귀포시 효돈동(5013055000)","2,419","879","720","429","263","95","23","7","1","1","1"
"제주특별자치도 서귀포시 영천동(5013056000)","2,570","1,207","616","362","242","95","35","9","4","0","0"
"제주특별자치도 서귀포시 동홍동(5013057000)","9,961","3,557","2,568","1,692","1,440","546","126","20","9","2","1"
"제주특별자치도 서귀포시 서홍동(5013058000)","4,616","1,597","1,069","806","794","272","61","12","5","0","0"
"제주특별자치도 서귀포시 대륜동(5013059000)","6,917","2,688","1,848","1,124","875","290","71","16","4","0","1"
"제주특별자치도 서귀포시 대천동(5013060000)","6,493","2,885","1,531","1,020","740","238","58","18","1","2","0"
"제주특별자치도 서귀포시 중문동(5013061000)","6,050","2,803","1,430","893","627","219","60","16","2","0","0"
"제주특별자치도 서귀포시 예래동(5013062000)","2,025","1,056","497","238","138","65","27","1","2","0","1"
