"행정구역","2021년12월_전체세대","2021년12월_1인세대","2021년12월_2인세대","2021년12월_3인세대","2021년12월_4인세대","2021년12월_5인세대","2021년12월_6인세대","2021년12월_7인세대","2021년12월_8인세대","2021년12월_9인세대","2021년12월_10인이상세대"
"전국  (1000000000)","23,472,895","9,461,695","5,613,943","3,998,644","3,369,721","817,794","160,409","36,020","9,249","2,748","2,672"
"서울특별시  (1100000000)","4,426,007","1,906,690","978,393","750,762","616,312","135,649","28,628","6,705","1,848","581","439"
"서울특별시 종로구 (1111000000)","73,494","37,857","14,520","10,424","7,973","2,050","475","133","40","10","12"
"서울특별시 종로구 청운효자동(1111051500)","5,241","2,000","1,175","1,011","778","210","47","11","7","2","0"
"서울특별시 종로구 사직동(1111053000)","4,696","2,356","955","697","520","115","32","17","1","0","3"
"서울특별시 종로구 삼청동(1111054000)","1,229","625","252","164","131","36","16","5","0","0","0"
"서울특별시 종로구 부암동(1111055000)","4,265","1,689","990","772","594","166","38","10","2","2","2"
"서울특별시 종로구 평창동(1111056000)","7,509","2,457","1,838","1,479","1,277","341","79","20","13","3","2"
"서울특별시 종로구 무악동(1111057000)","3,069","703","718","741","696","174","22","13","0","1","1"
"서울특별시 종로구 교남동(1111058000)","4,458","1,656","1,068","903","661","132","29","6","2","1","0"
"서울특별시 종로구 가회동(1111060000)","1,991","944","432","313","215","57","22","5","2","0","1"
"서울특별시 종로구 종로1.2.3.4가동(1111061500)","5,247","4,186","524","282","188","46","14","5","2","0","0"
"서울특별시 종로구 종로5.6가동(1111063000)","3,385","2,421","493","257","169","37","6","2","0","0","0"
"서울특별시 종로구 이화동(1111064000)","4,298","2,730","735","441","293","72","17","7","2","1","0"
"서울특별시 종로구 혜화동(1111065000)","9,187","5,596","1,486","1,009","815","201","56","17","4","0","3"
"서울특별시 종로구 창신제1동(1111067000)","2,823","1,691","560","311","182","59","16","4","0","0","0"
"서울특별시 종로구 창신제2동(1111068000)","4,043","1,994","965","533","405","116","24","4","2","0","0"
"서울특별시 종로구 창신제3동(1111069000)","2,798","928","707","602","407","129","23","0","2","0","0"
"서울특별시 종로구 숭인제1동(1111070000)","2,970","1,466","677","421","304","78","21","2","1","0","0"
"서울특별시 종로구 숭인제2동(1111071000)","6,285","4,415","945","488","338","81","13","5","0","0","0"
"서울특별시 중구 (1114000000)","63,519","32,752","13,879","8,846","6,080","1,453","371","91","24","6","17"
"서울특별시 중구 소공동(1114052000)","1,296","788","233","177","78","13","3","2","1","0","1"
"서울특별시 중구 회현동(1114054000)","2,748","1,702","464","287","217","56","12","8","1","1","0"
"서울특별시 중구 명동(1114055000)","1,539","1,077","223","128","79","20","4","3","2","0","3"
"서울특별시 중구 필동(1114057000)","2,479","1,656","399","234","137","42","9","0","1","0","1"
"서울특별시 중구 장충동(1114058000)","2,750","1,799","446","240","187","54","18","2","1","1","2"
"서울특별시 중구 광희동(1114059000)","3,390","2,338","543","298","148","41","19","1","1","0","1"
"서울특별시 중구 을지로동(1114060500)","1,345","1,096","160","51","25","10","2","1","0","0","0"
"서울특별시 중구 신당동(1114061500)","4,729","3,063","876","431","264","70","18","5","2","0","0"
"서울특별시 중구 다산동(1114062500)","6,886","3,240","1,672","1,019","733","170","36","11","3","0","2"
"서울특별시 중구 약수동(1114063500)","7,834","3,117","2,147","1,401","891","202","59","11","2","0","4"
"서울특별시 중구 청구동(1114064500)","6,287","2,513","1,629","1,096","802","183","52","6","3","2","1"
"서울특별시 중구 신당제5동(1114065000)","5,387","2,750","1,204","745","521","130","28","5","3","1","0"
"서울특별시 중구 동화동(1114066500)","4,090","1,173","1,044","854","751","197","50","16","4","0","1"
"서울특별시 중구 황학동(1114067000)","7,088","4,001","1,546","876","522","107","25","9","0","1","1"
"서울특별시 중구 중림동(1114068000)","5,671","2,439","1,293","1,009","725","158","36","11","0","0","0"
"서울특별시 용산구 (1117000000)","111,036","54,174","23,871","16,680","12,390","2,952","708","174","53","16","18"
"서울특별시 용산구 후암동(1117051000)","8,465","4,224","1,817","1,262","861","227","46","16","6","2","4"
"서울특별시 용산구 용산2가동(1117052000)","5,247","2,883","1,196","652","388","102","20","5","1","0","0"
"서울특별시 용산구 남영동(1117053000)","5,189","3,990","618","294","226","38","15","7","0","0","1"
"서울특별시 용산구 청파동(1117055500)","11,080","6,761","2,060","1,152","826","215","47","13","1","1","4"
"서울특별시 용산구 원효로제1동(1117056000)","8,105","4,039","1,705","1,231","909","180","26","8","4","2","1"
"서울특별시 용산구 원효로제2동(1117057000)","5,985","2,246","1,361","1,151","940","204","62","13","3","1","4"
"서울특별시 용산구 효창동(1117058000)","4,375","1,621","1,051","810","663","169","46","11","2","2","0"
"서울특별시 용산구 용문동(1117059000)","5,377","2,087","1,320","1,026","734","159","37","9","3","2","0"
"서울특별시 용산구 한강로동(1117062500)","11,713","6,338","2,450","1,573","1,067","204","59","15","6","0","1"
"서울특별시 용산구 이촌제1동(1117063000)","9,542","2,070","2,249","2,415","2,177","479","108","30","10","3","1"
"서울특별시 용산구 이촌제2동(1117064000)","3,693","1,318","1,007","724","477","126","29","9","3","0","0"
"서울특별시 용산구 이태원제1동(1117065000)","3,628","2,083","775","433","254","59","20","3","1","0","0"
"서울특별시 용산구 이태원제2동(1117066000)","4,918","2,673","1,103","641","361","103","29","5","1","1","1"
"서울특별시 용산구 한남동(1117068500)","10,970","5,977","2,311","1,423","915","249","69","15","8","2","1"
"서울특별시 용산구 서빙고동(1117069000)","5,322","1,799","1,188","935","1,017","310","60","11","2","0","0"
"서울특별시 용산구 보광동(1117070000)","7,427","4,065","1,660","958","575","128","35","4","2","0","0"
"서울특별시 성동구 (1120000000)","134,233","57,653","30,288","23,757","17,768","3,646","824","214","55","18","10"
"서울특별시 성동구 왕십리제2동(1120052000)","7,411","2,919","1,728","1,410","1,054","214","68","12","4","1","1"
"서울특별시 성동구 왕십리도선동(1120053500)","11,867","4,759","2,567","2,261","1,813","350","82","24","8","2","1"
"서울특별시 성동구 마장동(1120054000)","10,968","5,211","2,383","1,662","1,317","290","77","14","9","3","2"
"서울특별시 성동구 사근동(1120055000)","7,945","5,837","989","548","433","113","17","7","1","0","0"
"서울특별시 성동구 행당제1동(1120056000)","6,468","2,759","1,409","1,177","888","185","35","12","2","1","0"
"서울특별시 성동구 행당제2동(1120057000)","9,220","2,353","2,467","2,195","1,767","329","80","21","5","2","1"
"서울특별시 성동구 응봉동(1120058000)","6,063","1,658","1,413","1,447","1,237","242","47","12","5","1","1"
"서울특별시 성동구 금호1가동(1120059000)","6,552","2,176","1,674","1,425","1,012","209","45","10","1","0","0"
"서울특별시 성동구 금호2.3가동(1120061500)","10,118","3,645","2,605","2,074","1,419","298","53","20","3","0","1"
"서울특별시 성동구 금호4가동(1120062000)","6,370","2,283","1,609","1,361","910","160","31","13","3","0","0"
"서울특별시 성동구 옥수동(1120064500)","10,900","3,215","2,969","2,567","1,699","349","75","22","2","2","0"
"서울특별시 성동구 성수1가제1동(1120065000)","7,784","3,368","1,780","1,297","1,078","202","47","6","5","1","0"
"서울특별시 성동구 성수1가제2동(1120066000)","6,175","2,858","1,363","1,013","740","160","31","7","2","1","0"
"서울특별시 성동구 성수2가제1동(1120067000)","8,163","4,099","1,822","1,194","834","161","39","8","4","2","0"
"서울특별시 성동구 성수2가제3동(1120069000)","5,554","2,925","1,120","727","577","150","40","12","1","0","2"
"서울특별시 성동구 송정동(1120072000)","5,600","3,015","1,159","739","516","133","31","6","0","1","0"
"서울특별시 성동구 용답동(1120079000)","7,075","4,573","1,231","660","474","101","26","8","0","1","1"
"서울특별시 광진구 (1121500000)","167,949","81,256","34,893","25,510","20,777","4,248","935","241","56","17","16"
"서울특별시 광진구 화양동(1121571000)","17,777","14,496","1,969","710","482","88","22","8","1","0","1"
"서울특별시 광진구 군자동(1121573000)","11,323","6,869","2,069","1,294","843","185","46","12","3","1","1"
"서울특별시 광진구 중곡제1동(1121574000)","8,378","4,462","1,905","1,089","715","159","37","9","1","1","0"
"서울특별시 광진구 중곡제2동(1121575000)","10,645","4,961","2,531","1,645","1,163","275","54","10","5","1","0"
"서울특별시 광진구 중곡제3동(1121576000)","8,461","4,279","1,999","1,139","824","186","24","9","1","0","0"
"서울특별시 광진구 중곡제4동(1121577000)","13,174","5,220","3,313","2,477","1,675","375","85","21","5","2","1"
"서울특별시 광진구 능동(1121578000)","6,401","3,728","1,298","735","483","112","36","8","1","0","0"
"서울특별시 광진구 광장동(1121581000)","11,910","2,256","2,089","3,086","3,668","626","143","29","9","2","2"
"서울특별시 광진구 자양제1동(1121582000)","11,911","6,403","2,492","1,574","1,122","260","44","8","5","2","1"
"서울특별시 광진구 자양제2동(1121583000)","11,014","4,215","2,649","2,069","1,636","339","80","21","3","1","1"
"서울특별시 광진구 자양제3동(1121584000)","11,093","3,153","2,594","2,421","2,368","408","105","31","8","4","1"
"서울특별시 광진구 자양제4동(1121584700)","9,959","5,576","2,098","1,252","806","175","38","12","1","0","1"
"서울특별시 광진구 구의제1동(1121585000)","12,154","7,041","2,472","1,388","965","228","45","10","2","0","3"
"서울특별시 광진구 구의제2동(1121586000)","11,593","4,308","2,727","2,200","1,824","404","90","30","5","2","3"
"서울특별시 광진구 구의제3동(1121587000)","12,156","4,289","2,688","2,431","2,203","428","86","23","6","1","1"
"서울특별시 동대문구 (1123000000)","168,219","82,531","34,995","25,490","19,363","4,536","984","232","59","19","10"
"서울특별시 동대문구 용신동(1123053600)","18,938","12,046","3,294","1,915","1,293","296","74","16","4","0","0"
"서울특별시 동대문구 제기동(1123054500)","13,423","7,504","2,733","1,629","1,156","303","76","15","4","2","1"
"서울특별시 동대문구 전농제1동(1123056000)","14,863","7,452","3,100","2,285","1,572","365","61","20","5","1","2"
"서울특별시 동대문구 전농제2동(1123057000)","7,642","2,342","1,933","1,625","1,344","312","71","11","3","0","1"
"서울특별시 동대문구 답십리제1동(1123060000)","13,089","5,323","2,805","2,518","1,888","434","85","21","10","5","0"
"서울특별시 동대문구 답십리제2동(1123061000)","12,656","4,715","3,195","2,433","1,792","398","97","19","6","1","0"
"서울특별시 동대문구 장안제1동(1123065000)","18,428","8,304","4,197","3,032","2,201","566","94","25","7","2","0"
"서울특별시 동대문구 장안제2동(1123066000)","14,056","5,129","3,209","2,783","2,299","476","120","32","5","2","1"
"서울특별시 동대문구 청량리동(1123070500)","9,675","4,812","2,235","1,372","945","244","57","7","3","0","0"
"서울특별시 동대문구 회기동(1123071000)","6,549","4,491","924","554","447","101","24","5","2","1","0"
"서울특별시 동대문구 휘경제1동(1123072000)","7,624","4,435","1,326","903","729","183","38","9","0","1","0"
"서울특별시 동대문구 휘경제2동(1123073000)","12,114","6,230","2,223","1,764","1,463","341","72","15","4","0","2"
"서울특별시 동대문구 이문제1동(1123074000)","10,418","6,480","1,760","1,059","860","189","47","16","3","2","2"
"서울특별시 동대문구 이문제2동(1123075000)","8,744","3,268","2,061","1,618","1,374","328","68","21","3","2","1"
"서울특별시 중랑구 (1126000000)","185,712","81,201","44,753","30,834","22,529","5,083","1,003","235","48","17","9"
"서울특별시 중랑구 면목제2동(1126052000)","12,180","5,877","2,812","1,857","1,280","287","52","10","5","0","0"
"서울특별시 중랑구 면목제4동(1126054000)","9,137","3,929","2,269","1,580","1,053","241","50","15","0","0","0"
"서울특별시 중랑구 면목제5동(1126055000)","6,439","2,192","1,657","1,374","972","206","28","10","0","0","0"
"서울특별시 중랑구 면목본동(1126056500)","17,660","8,990","4,128","2,494","1,607","355","67","14","3","1","1"
"서울특별시 중랑구 면목제7동(1126057000)","10,600","4,663","2,655","1,747","1,224","242","54","9","5","1","0"
"서울특별시 중랑구 면목제3.8동(1126057500)","12,668","6,063","3,118","1,894","1,277","243","59","12","1","1","0"
"서울특별시 중랑구 상봉제1동(1126058000)","10,266","3,394","2,579","2,161","1,746","309","62","11","3","1","0"
"서울특별시 중랑구 상봉제2동(1126059000)","12,269","7,559","2,509","1,292","712","153","34","9","1","0","0"
"서울특별시 중랑구 중화제1동(1126060000)","9,085","3,565","2,395","1,647","1,164","249","47","14","2","2","0"
"서울특별시 중랑구 중화제2동(1126061000)","13,631","7,341","3,121","1,775","1,097","233","47","10","3","2","2"
"서울특별시 중랑구 묵제1동(1126062000)","14,854","5,338","3,530","2,854","2,389","585","117","33","3","5","0"
"서울특별시 중랑구 묵제2동(1126063000)","9,259","4,203","2,288","1,497","979","233","52","4","1","1","1"
"서울특별시 중랑구 망우본동(1126065500)","15,689","7,266","3,567","2,483","1,830","440","74","22","5","1","1"
"서울특별시 중랑구 망우제3동(1126066000)","8,238","3,865","1,992","1,322","819","187","42","8","2","1","0"
"서울특별시 중랑구 신내1동(1126068000)","14,704","3,795","3,732","3,045","3,039","862","172","46","9","1","3"
"서울특별시 중랑구 신내2동(1126069000)","9,033","3,161","2,401","1,812","1,341","258","46","8","5","0","1"
"서울특별시 성북구 (1129000000)","195,017","79,845","43,602","34,419","28,831","6,491","1,371","299","100","27","32"
"서울특별시 성북구 성북동(1129052500)","8,225","4,034","1,837","1,184","845","235","63","14","8","0","5"
"서울특별시 성북구 삼선동(1129055500)","11,531","5,842","2,341","1,583","1,363","306","71","18","5","1","1"
"서울특별시 성북구 동선동(1129057500)","9,534","6,335","1,522","873","609","151","30","8","4","1","1"
"서울특별시 성북구 돈암제1동(1129058000)","6,114","1,845","1,683","1,252","1,039","229","54","7","2","2","1"
"서울특별시 성북구 돈암제2동(1129059000)","8,594","1,777","1,986","2,151","2,067","465","110","25","9","2","2"
"서울특별시 성북구 안암동(1129060000)","9,385","6,410","1,411","798","611","120","28","4","1","0","2"
"서울특별시 성북구 보문동(1129061000)","7,739","3,812","1,621","1,188","866","213","27","8","2","1","1"
"서울특별시 성북구 정릉제1동(1129062000)","7,369","2,276","1,694","1,643","1,353","303","78","15","2","2","3"
"서울특별시 성북구 정릉제2동(1129063000)","9,902","3,375","2,554","1,958","1,555","343","81","24","8","3","1"
"서울특별시 성북구 정릉제3동(1129064000)","7,879","4,333","1,622","983","710","174","40","9","2","2","4"
"서울특별시 성북구 정릉제4동(1129065000)","10,860","3,860","2,760","2,121","1,624","385","76","23","8","2","1"
"서울특별시 성북구 길음제1동(1129066000)","12,519","2,524","2,518","3,121","3,516","671","128","24","9","2","6"
"서울특별시 성북구 길음제2동(1129068500)","6,905","2,284","1,567","1,425","1,284","269","60","11","3","2","0"
"서울특별시 성북구 종암동(1129070500)","17,149","6,643","3,858","3,131","2,734","631","117","20","12","2","1"
"서울특별시 성북구 월곡제1동(1129071500)","10,854","3,417","2,645","2,251","1,981","445","88","21","4","1","1"
"서울특별시 성북구 월곡제2동(1129072500)","9,617","4,668","2,030","1,442","1,122","268","65","9","11","1","1"
"서울특별시 성북구 장위제1동(1129076000)","10,777","4,060","2,622","1,973","1,642","387","70","17","4","2","0"
"서울특별시 성북구 장위제2동(1129077000)","6,716","2,952","1,751","1,084","680","191","49","8","0","1","0"
"서울특별시 성북구 장위제3동(1129078000)","6,499","2,121","1,401","1,379","1,277","255","52","12","2","0","0"
"서울특별시 성북구 석관동(1129081000)","16,849","7,277","4,179","2,879","1,953","450","84","22","4","0","1"
"서울특별시 강북구 (1130500000)","144,536","63,836","35,360","23,598","16,764","3,912","829","162","42","15","18"
"서울특별시 강북구 삼양동(1130553400)","11,126","4,657","2,766","1,923","1,353","334","73","13","4","2","1"
"서울특별시 강북구 미아동(1130553500)","11,687","6,334","2,553","1,531","971","241","43","7","5","1","1"
"서울특별시 강북구 송중동(1130554500)","13,975","6,137","3,344","2,306","1,694","382","84","21","3","1","3"
"서울특별시 강북구 송천동(1130555500)","13,549","6,559","3,307","1,975","1,347","296","51","9","2","1","2"
"서울특별시 강북구 삼각산동(1130557500)","11,577","2,633","2,616","2,753","2,835","589","113","30","8","0","0"
"서울특별시 강북구 번1동(1130559500)","10,279","5,783","2,200","1,264","834","152","41","4","1","0","0"
"서울특별시 강북구 번2동(1130560300)","7,597","3,116","2,123","1,289","806","207","44","8","2","0","2"
"서울특별시 강북구 번3동(1130560800)","7,478","2,527","2,245","1,385","1,011","242","58","8","2","0","0"
"서울특별시 강북구 수유1동(1130561500)","10,419","4,985","2,494","1,616","987","256","62","9","2","4","4"
"서울특별시 강북구 수유2동(1130562500)","9,866","3,873","2,653","1,757","1,202","301","60","14","3","2","1"
"서울특별시 강북구 수유3동(1130563500)","12,921","7,373","2,669","1,627","960","229","47","8","5","2","1"
"서울특별시 강북구 우이동(1130564500)","9,613","3,833","2,606","1,663","1,153","279","61","12","4","1","1"
"서울특별시 강북구 인수동(1130566000)","14,449","6,026","3,784","2,509","1,611","404","92","19","1","1","2"
"서울특별시 도봉구 (1132000000)","138,656","48,682","35,854","27,255","20,851","4,744","937","241","60","26","6"
"서울특별시 도봉구 창제1동(1132051100)","10,957","4,031","2,730","2,083","1,714","308","73","13","4","1","0"
"서울특별시 도봉구 창제2동(1132051200)","12,613","4,267","3,378","2,570","1,824","439","87","36","7","5","0"
"서울특별시 도봉구 창제3동(1132051300)","6,544","2,671","1,760","1,101","784","183","27","15","3","0","0"
"서울특별시 도봉구 창제4동(1132051400)","10,699","3,146","2,550","2,409","2,078","420","73","14","7","1","1"
"서울특별시 도봉구 창제5동(1132051500)","10,245","3,170","2,642","2,198","1,768","358","79","21","5","4","0"
"서울특별시 도봉구 도봉제1동(1132052100)","10,385","4,519","2,818","1,707","1,017","246","56","15","6","1","0"
"서울특별시 도봉구 도봉제2동(1132052200)","11,875","4,213","3,168","2,356","1,629","392","84","27","3","3","0"
"서울특별시 도봉구 쌍문제1동(1132066000)","9,407","3,308","2,521","1,859","1,272","348","74","21","2","2","0"
"서울특별시 도봉구 쌍문제2동(1132067000)","8,594","3,301","2,303","1,569","1,089","266","49","11","3","1","2"
"서울특별시 도봉구 쌍문제3동(1132068000)","7,890","3,312","1,968","1,387","963","217","34","8","1","0","0"
"서울특별시 도봉구 쌍문제4동(1132068100)","7,099","1,668","1,755","1,706","1,608","306","47","7","1","1","0"
"서울특별시 도봉구 방학제1동(1132069000)","12,938","5,079","3,175","2,265","1,826","465","96","19","8","3","2"
"서울특별시 도봉구 방학제2동(1132070000)","9,418","3,967","2,461","1,605","1,046","273","52","9","4","1","0"
"서울특별시 도봉구 방학제3동(1132071000)","9,992","2,030","2,625","2,440","2,233","523","106","25","6","3","1"
"서울특별시 노원구 (1135000000)","217,378","74,565","51,876","43,193","38,376","7,560","1,380","307","77","26","18"
"서울특별시 노원구 월계1동(1135056000)","10,228","4,540","2,262","1,649","1,383","329","46","15","3","1","0"
"서울특별시 노원구 월계2동(1135057000)","11,944","4,369","3,196","2,259","1,676","359","71","10","2","1","1"
"서울특별시 노원구 월계3동(1135058000)","12,991","4,304","3,559","2,726","1,874","414","89","19","4","1","1"
"서울특별시 노원구 공릉1동(1135059500)","18,190","8,843","3,804","2,760","2,200","454","105","18","2","3","1"
"서울특별시 노원구 공릉2동(1135060000)","17,045","6,124","3,532","3,340","3,283","615","115","25","6","4","1"
"서울특별시 노원구 하계1동(1135061100)","11,491","4,350","2,472","2,071","2,098","406","68","18","5","1","2"
"서울특별시 노원구 하계2동(1135061200)","8,211","1,871","1,905","1,966","2,038","361","55","11","2","2","0"
"서울특별시 노원구 중계본동(1135061900)","8,383","1,865","1,473","1,844","2,535","550","96","15","4","1","0"
"서울특별시 노원구 중계1동(1135062100)","8,956","1,468","1,468","2,367","3,100","474","59","11","9","0","0"
"서울특별시 노원구 중계4동(1135062400)","8,343","2,780","2,015","1,595","1,542","331","60","13","5","1","1"
"서울특별시 노원구 중계2.3동(1135062500)","15,269","5,413","4,140","2,949","2,293","402","58","11","1","1","1"
"서울특별시 노원구 상계1동(1135063000)","15,601","4,756","3,996","3,246","2,764","667","128","31","7","1","5"
"서울특별시 노원구 상계2동(1135064000)","8,657","3,317","1,781","1,643","1,532","285","79","16","3","1","0"
"서울특별시 노원구 상계3.4동(1135066500)","11,999","4,768","3,073","2,054","1,586","406","81","19","11","1","0"
"서울특별시 노원구 상계5동(1135067000)","10,926","4,219","2,825","2,012","1,450","325","70","17","5","2","1"
"서울특별시 노원구 상계6.7동(1135069500)","13,894","4,600","3,485","2,881","2,428","409","65","20","4","0","2"
"서울특별시 노원구 상계8동(1135070000)","9,219","2,532","2,494","2,184","1,665","283","43","12","1","3","2"
"서울특별시 노원구 상계9동(1135071000)","8,378","2,332","2,275","1,915","1,534","267","42","11","1","1","0"
"서울특별시 노원구 상계10동(1135072000)","7,653","2,114","2,121","1,732","1,395","223","50","15","2","1","0"
"서울특별시 은평구 (1138000000)","214,711","85,088","52,293","38,679","29,537","7,106","1,550","322","85","27","24"
"서울특별시 은평구 녹번동(1138051000)","17,601","7,477","4,414","3,066","2,077","443","93","26","4","1","0"
"서울특별시 은평구 불광제1동(1138052000)","17,756","6,982","4,577","3,258","2,287","500","113","31","7","1","0"
"서울특별시 은평구 불광제2동(1138053000)","13,989","6,686","3,361","2,187","1,331","323","81","12","6","1","1"
"서울특별시 은평구 갈현제1동(1138055100)","10,787","4,896","2,642","1,745","1,157","271","60","11","4","1","0"
"서울특별시 은평구 갈현제2동(1138055200)","12,650","4,734","3,217","2,409","1,757","419","93","12","4","3","2"
"서울특별시 은평구 구산동(1138056000)","13,325","4,480","3,449","2,658","2,067","516","116","27","6","1","5"
"서울특별시 은평구 대조동(1138057000)","14,546","7,849","3,188","1,875","1,266","271","78","12","4","2","1"
"서울특별시 은평구 응암제1동(1138058000)","14,952","5,980","3,631","2,621","2,111","491","84","15","5","7","7"
"서울특별시 은평구 응암제2동(1138059000)","11,263","3,289","2,695","2,623","2,090","445","88","21","8","1","3"
"서울특별시 은평구 응암제3동(1138060000)","12,494","6,096","3,023","1,804","1,188","301","59","15","7","0","1"
"서울특별시 은평구 역촌동(1138062500)","20,822","8,243","5,169","3,881","2,714","646","123","35","8","3","0"
"서울특별시 은평구 신사제1동(1138063100)","11,896","4,197","3,128","2,357","1,705","398","88","18","2","3","0"
"서울특별시 은평구 신사제2동(1138063200)","8,976","3,323","2,271","1,680","1,320","289","76","13","3","0","1"
"서울특별시 은평구 증산동(1138064000)","6,768","2,640","1,711","1,193","929","236","43","14","2","0","0"
"서울특별시 은평구 수색동(1138065000)","5,360","1,781","1,342","1,071","890","216","49","8","3","0","0"
"서울특별시 은평구 진관동(1138069000)","21,526","6,435","4,475","4,251","4,648","1,341","306","52","12","3","3"
"서울특별시 서대문구 (1141000000)","143,647","63,380","31,486","24,215","19,006","4,325","915","232","53","24","11"
"서울특별시 서대문구 천연동(1141052000)","7,749","3,080","1,818","1,439","1,107","247","44","10","2","1","1"
"서울특별시 서대문구 북아현동(1141055500)","7,209","2,812","1,653","1,447","1,072","181","32","11","0","1","0"
"서울특별시 서대문구 충현동(1141056500)","10,263","5,200","2,062","1,445","1,187","292","58","16","1","1","1"
"서울특별시 서대문구 신촌동(1141058500)","14,010","10,947","1,570","790","521","133","33","5","6","1","4"
"서울특별시 서대문구 연희동(1141061500)","18,600","10,170","3,633","2,427","1,787","446","101","20","9","7","0"
"서울특별시 서대문구 홍제제1동(1141062000)","10,409","3,830","2,563","1,977","1,576","367","69","17","8","1","1"
"서울특별시 서대문구 홍제제3동(1141064000)","7,046","2,809","1,743","1,292","925","214","49","11","3","0","0"
"서울특별시 서대문구 홍제제2동(1141065500)","5,805","1,892","1,465","1,239","954","206","33","11","3","1","1"
"서울특별시 서대문구 홍은제1동(1141066000)","9,731","3,353","2,409","1,963","1,531","372","78","17","6","2","0"
"서울특별시 서대문구 홍은제2동(1141068500)","12,316","5,141","2,946","2,138","1,597","358","93","34","6","3","0"
"서울특별시 서대문구 남가좌제1동(1141069000)","5,673","1,287","1,240","1,434","1,339","282","68","19","3","1","0"
"서울특별시 서대문구 남가좌제2동(1141070000)","13,344","5,318","2,949","2,455","2,061","447","89","19","2","3","1"
"서울특별시 서대문구 북가좌제1동(1141071000)","6,908","1,694","1,751","1,590","1,450","326","73","19","3","2","0"
"서울특별시 서대문구 북가좌제2동(1141072000)","14,584","5,847","3,684","2,579","1,899","454","95","23","1","0","2"
"서울특별시 마포구 (1144000000)","179,861","85,055","37,746","28,257","22,585","4,867","975","261","72","31","12"
"서울특별시 마포구 아현동(1144055500)","10,423","3,218","2,466","2,430","1,892","322","66","22","1","4","2"
"서울특별시 마포구 공덕동(1144056500)","18,507","8,927","3,993","2,871","2,123","462","93","29","6","3","0"
"서울특별시 마포구 도화동(1144058500)","9,305","3,554","2,089","1,799","1,427","337","75","19","0","4","1"
"서울특별시 마포구 용강동(1144059000)","9,393","3,539","1,986","1,899","1,563","314","64","21","5","2","0"
"서울특별시 마포구 대흥동(1144060000)","8,673","5,555","1,443","844","672","132","19","5","0","1","2"
"서울특별시 마포구 염리동(1144061000)","7,754","3,355","1,556","1,354","1,226","217","30","12","2","1","1"
"서울특별시 마포구 신수동(1144063000)","9,976","3,883","2,201","1,886","1,605","310","68","17","5","1","0"
"서울특별시 마포구 서강동(1144065500)","12,165","5,850","2,350","1,999","1,570","305","63","19","8","0","1"
"서울특별시 마포구 서교동(1144066000)","15,381","10,172","2,595","1,378","959","203","56","8","7","1","2"
"서울특별시 마포구 합정동(1144068000)","9,508","5,317","2,023","1,206","750","160","32","15","3","1","1"
"서울특별시 마포구 망원제1동(1144069000)","10,325","5,130","2,452","1,367","1,062","246","52","12","4","0","0"
"서울특별시 마포구 망원제2동(1144070000)","8,464","3,363","2,088","1,447","1,236","258","56","12","3","1","0"
"서울특별시 마포구 연남동(1144071000)","8,641","5,185","1,712","941","595","168","28","6","2","4","0"
"서울특별시 마포구 성산제1동(1144072000)","9,398","4,468","2,160","1,407","1,018","262","57","16","5","5","0"
"서울특별시 마포구 성산제2동(1144073000)","19,231","9,036","4,009","3,046","2,473","527","107","21","10","1","1"
"서울특별시 마포구 상암동(1144074000)","12,717","4,503","2,623","2,383","2,414","644","109","27","11","2","1"
"서울특별시 양천구 (1147000000)","181,404","56,418","41,461","37,921","36,409","7,360","1,380","312","97","25","21"
"서울특별시 양천구 목1동(1147051000)","10,403","1,694","1,901","2,861","3,260","547","102","25","8","5","0"
"서울특별시 양천구 목2동(1147052000)","13,396","5,254","3,141","2,411","2,028","427","98","26","8","1","2"
"서울특별시 양천구 목3동(1147053000)","10,027","3,981","2,511","1,810","1,376","258","61","23","4","1","2"
"서울특별시 양천구 목4동(1147054000)","10,152","3,273","2,021","2,082","2,222","440","84","23","6","0","1"
"서울특별시 양천구 목5동(1147055000)","13,465","1,774","2,417","3,711","4,596","773","135","41","11","6","1"
"서울특별시 양천구 신월1동(1147056000)","10,232","4,731","2,513","1,653","1,032","251","44","6","1","1","0"
"서울특별시 양천구 신월2동(1147057000)","8,465","2,579","2,137","1,795","1,489","361","75","22","4","0","3"
"서울특별시 양천구 신월3동(1147058000)","7,909","4,065","1,787","1,072","724","207","42","6","2","1","3"
"서울특별시 양천구 신월4동(1147059000)","6,890","1,681","1,778","1,602","1,388","347","71","16","5","2","0"
"서울특별시 양천구 신월5동(1147060000)","6,470","2,433","1,575","1,210","943","238","58","12","1","0","0"
"서울특별시 양천구 신월6동(1147061000)","5,356","1,284","1,338","1,299","1,175","227","30","3","0","0","0"
"서울특별시 양천구 신월7동(1147061100)","9,219","3,475","2,685","1,663","1,113","221","46","12","4","0","0"
"서울특별시 양천구 신정1동(1147062000)","7,103","1,421","1,335","1,709","2,158","391","67","16","4","0","2"
"서울특별시 양천구 신정2동(1147063000)","7,010","1,608","1,382","1,527","2,018","410","52","5","5","2","1"
"서울특별시 양천구 신정3동(1147064000)","19,369","5,212","4,768","4,162","4,023","996","161","31","12","1","3"
"서울특별시 양천구 신정4동(1147065000)","16,180","7,560","3,767","2,510","1,804","423","85","20","8","1","2"
"서울특별시 양천구 신정6동(1147067000)","8,265","1,193","1,637","2,335","2,589","407","82","10","7","4","1"
"서울특별시 양천구 신정7동(1147068000)","11,493","3,200","2,768","2,509","2,471","436","87","15","7","0","0"
"서울특별시 강서구 (1150000000)","271,175","118,270","61,743","45,135","35,921","8,003","1,601","369","86","29","18"
"서울특별시 강서구 염창동(1150051000)","16,309","4,712","3,314","3,769","3,736","653","100","20","4","1","0"
"서울특별시 강서구 등촌제1동(1150052000)","13,600","7,895","2,598","1,642","1,180","226","44","12","3","0","0"
"서울특별시 강서구 등촌제2동(1150053000)","8,668","2,979","2,138","1,753","1,350","335","84","24","3","2","0"
"서울특별시 강서구 등촌제3동(1150053500)","15,012","6,584","3,926","2,397","1,718","304","66","10","4","3","0"
"서울특별시 강서구 화곡제1동(1150054000)","27,678","14,378","6,396","3,926","2,279","534","116","31","12","2","4"
"서울특별시 강서구 화곡제2동(1150055000)","8,187","3,190","2,131","1,495","1,030","282","44","11","4","0","0"
"서울특별시 강서구 화곡제3동(1150056000)","9,657","3,758","2,342","1,730","1,378","340","89","15","3","2","0"
"서울특별시 강서구 화곡제4동(1150057000)","9,748","4,008","2,575","1,713","1,122","256","56","15","2","0","1"
"서울특별시 강서구 화곡본동(1150059000)","17,267","8,414","3,892","2,565","1,849","439","75","21","9","2","1"
"서울특별시 강서구 화곡제6동(1150059100)","12,586","6,347","2,582","1,875","1,388","297","68","18","6","3","2"
"서울특별시 강서구 화곡제8동(1150059300)","11,814","5,037","3,130","1,992","1,262","316","60","15","1","1","0"
"서울특별시 강서구 가양제1동(1150060300)","20,536","13,624","2,864","2,018","1,574","352","85","13","3","2","1"
"서울특별시 강서구 가양제2동(1150060400)","8,055","4,449","2,080","903","474","110","23","11","2","1","2"
"서울특별시 강서구 가양제3동(1150060500)","7,903","3,616","2,350","1,224","553","129","23","7","1","0","0"
"서울특별시 강서구 발산제1동(1150061100)","13,446","3,025","3,197","3,015","3,290","763","123","27","4","2","0"
"서울특별시 강서구 우장산동(1150061500)","16,100","4,055","3,436","3,654","3,998","773","137","28","15","2","2"
"서울특별시 강서구 공항동(1150062000)","14,081","5,894","3,084","2,451","1,996","526","103","22","4","1","0"
"서울특별시 강서구 방화제1동(1150063000)","17,256","5,245","4,018","3,591","3,381","823","159","33","3","1","2"
"서울특별시 강서구 방화제2동(1150064000)","11,994","5,973","2,782","1,696","1,165","280","75","17","1","2","3"
"서울특별시 강서구 방화제3동(1150064100)","11,278","5,087","2,908","1,726","1,198","265","71","19","2","2","0"
"서울특별시 구로구 (1153000000)","180,929","72,576","43,375","32,221","25,417","5,726","1,245","260","70","27","12"
"서울특별시 구로구 신도림동(1153051000)","13,730","3,363","3,206","3,321","3,114","555","134","25","7","5","0"
"서울특별시 구로구 구로제1동(1153052000)","8,343","2,380","2,031","1,841","1,691","327","55","13","3","2","0"
"서울특별시 구로구 구로제2동(1153053000)","12,608","6,465","2,987","1,745","1,058","265","59","22","2","3","2"
"서울특별시 구로구 구로제3동(1153054000)","13,338","7,979","2,393","1,550","1,076","262","55","17","3","3","0"
"서울특별시 구로구 구로제4동(1153055000)","10,630","5,552","2,526","1,451","869","180","36","11","4","1","0"
"서울특별시 구로구 구로제5동(1153056000)","15,130","7,824","3,143","2,135","1,575","353","76","19","3","1","1"
"서울특별시 구로구 가리봉동(1153059500)","5,999","4,286","979","436","232","54","8","3","0","0","1"
"서울특별시 구로구 고척제1동(1153072000)","9,462","3,182","2,320","1,868","1,661","340","76","10","4","1","0"
"서울특별시 구로구 고척제2동(1153073000)","11,508","4,010","2,898","2,216","1,870","399","105","8","2","0","0"
"서울특별시 구로구 개봉제1동(1153074000)","14,926","5,341","3,929","2,891","2,131","492","103","31","6","1","1"
"서울특별시 구로구 개봉제2동(1153075000)","12,575","3,468","3,550","2,770","2,141","479","126","31","8","1","1"
"서울특별시 구로구 개봉제3동(1153076000)","8,824","2,904","2,507","1,787","1,272","288","52","10","3","1","0"
"서울특별시 구로구 오류제1동(1153077000)","12,092","6,479","2,632","1,585","1,059","261","55","10","8","1","2"
"서울특별시 구로구 오류제2동(1153078000)","15,586","4,640","4,131","3,047","2,787","787","153","27","6","4","4"
"서울특별시 구로구 수궁동(1153079000)","10,034","3,217","2,803","2,022","1,495","376","101","11","7","2","0"
"서울특별시 구로구 항동(1153080000)","6,144","1,486","1,340","1,556","1,386","308","51","12","4","1","0"
"서울특별시 금천구 (1154500000)","117,595","58,395","26,113","17,059","12,328","2,910","591","136","43","14","6"
"서울특별시 금천구 가산동(1154551000)","16,824","12,861","2,105","1,060","618","144","32","3","0","0","1"
"서울특별시 금천구 독산제1동(1154561000)","23,295","12,283","4,621","3,167","2,499","571","114","26","9","4","1"
"서울특별시 금천구 독산제2동(1154562000)","9,519","4,528","2,339","1,430","963","210","40","4","5","0","0"
"서울특별시 금천구 독산제3동(1154563000)","12,718","6,437","3,016","1,788","1,155","259","44","14","3","2","0"
"서울특별시 금천구 독산제4동(1154564000)","7,668","3,673","1,818","1,177","759","194","37","7","2","1","0"
"서울특별시 금천구 시흥제1동(1154567000)","16,104","7,346","3,840","2,529","1,876","417","71","20","3","1","1"
"서울특별시 금천구 시흥제2동(1154568000)","8,255","2,138","2,190","1,790","1,597","397","102","27","11","2","1"
"서울특별시 금천구 시흥제3동(1154569000)","4,736","1,596","1,345","928","661","167","28","7","3","0","1"
"서울특별시 금천구 시흥제4동(1154570000)","9,129","3,408","2,434","1,678","1,233","281","71","17","6","1","0"
"서울특별시 금천구 시흥제5동(1154571000)","9,347","4,125","2,405","1,512","967","270","52","11","1","3","1"
"서울특별시 영등포구 (1156000000)","187,020","90,876","39,221","28,522","22,268","4,773","1,003","238","78","16","25"
"서울특별시 영등포구 영등포본동(1156051500)","10,460","4,972","2,223","1,644","1,290","271","46","10","1","1","2"
"서울특별시 영등포구 영등포동(1156053500)","20,390","15,434","2,486","1,335","913","180","34","4","2","0","2"
"서울특별시 영등포구 여의동(1156054000)","13,460","4,192","3,171","2,899","2,460","532","147","32","16","7","4"
"서울특별시 영등포구 당산제1동(1156055000)","10,792","5,726","2,320","1,444","1,008","226","49","13","3","1","2"
"서울특별시 영등포구 당산제2동(1156056000)","18,858","9,721","3,373","2,839","2,298","469","121","25","11","0","1"
"서울특별시 영등포구 도림동(1156058500)","9,372","4,823","2,170","1,284","840","198","40","12","4","1","0"
"서울특별시 영등포구 문래동(1156060500)","13,131","3,897","3,094","2,884","2,586","524","114","22","7","1","2"
"서울특별시 영등포구 양평제1동(1156061000)","9,666","5,130","2,029","1,357","902","186","43","10","9","0","0"
"서울특별시 영등포구 양평제2동(1156062000)","10,662","4,785","2,358","1,738","1,422","274","71","12","1","0","1"
"서울특별시 영등포구 신길제1동(1156063000)","10,599","6,814","1,916","1,001","688","145","29","6","0","0","0"
"서울특별시 영등포구 신길제3동(1156065000)","7,650","3,119","1,805","1,414","1,036","227","37","8","3","1","0"
"서울특별시 영등포구 신길제4동(1156066000)","5,746","2,366","1,369","1,036","796","152","21","6","0","0","0"
"서울특별시 영등포구 신길제5동(1156067000)","4,803","1,952","1,180","816","651","170","23","6","1","0","4"
"서울특별시 영등포구 신길제6동(1156068000)","9,118","4,146","2,020","1,440","1,176","263","46","18","5","0","4"
"서울특별시 영등포구 신길제7동(1156069000)","7,900","2,281","1,830","1,689","1,659","361","56","15","5","3","1"
"서울특별시 영등포구 대림제1동(1156070000)","7,123","3,258","1,726","1,093","823","173","36","10","3","0","1"
"서울특별시 영등포구 대림제2동(1156071000)","6,879","3,991","1,527","781","435","103","30","8","3","1","0"
"서울특별시 영등포구 대림제3동(1156072000)","10,411","4,269","2,624","1,828","1,285","319","60","21","4","0","1"
"서울특별시 동작구 (1159000000)","184,812","84,446","39,567","30,137","23,960","5,241","1,092","264","63","23","19"
"서울특별시 동작구 노량진제1동(1159051000)","16,187","8,153","3,342","2,366","1,792","425","83","19","5","0","2"
"서울특별시 동작구 노량진제2동(1159052000)","6,969","4,707","1,213","614","335","77","19","2","2","0","0"
"서울특별시 동작구 상도제1동(1159053000)","21,389","10,187","4,185","3,496","2,796","584","95","30","10","3","3"
"서울특별시 동작구 상도제2동(1159054000)","12,590","5,034","2,729","2,320","2,021","380","81","19","4","1","1"
"서울특별시 동작구 상도제3동(1159055000)","12,009","5,586","2,740","1,912","1,350","310","83","21","3","3","1"
"서울특별시 동작구 상도제4동(1159056000)","14,095","6,629","3,147","2,217","1,634","379","75","12","0","0","2"
"서울특별시 동작구 흑석동(1159060500)","14,065","5,513","3,133","2,704","2,129","468","94","19","4","1","0"
"서울특별시 동작구 사당제1동(1159062000)","13,492","8,235","2,637","1,453","923","189","41","8","5","1","0"
"서울특별시 동작구 사당제2동(1159063000)","12,200","4,337","3,142","2,424","1,755","422","96","15","5","4","0"
"서울특별시 동작구 사당제3동(1159064000)","10,472","3,696","2,504","2,128","1,667","342","90","31","7","6","1"
"서울특별시 동작구 사당제4동(1159065000)","7,155","3,476","1,635","1,062","772","163","30","12","4","0","1"
"서울특별시 동작구 사당제5동(1159065100)","6,621","2,600","1,635","1,244","906","193","33","8","0","0","2"
"서울특별시 동작구 대방동(1159066000)","17,267","7,457","3,393","2,892","2,783","580","121","32","2","3","4"
"서울특별시 동작구 신대방제1동(1159067000)","10,225","4,129","2,124","1,746","1,737","389","77","16","5","0","2"
"서울특별시 동작구 신대방제2동(1159068000)","10,076","4,707","2,008","1,559","1,360","340","74","20","7","1","0"
"서울특별시 관악구 (1162000000)","276,597","165,811","50,714","30,763","22,546","5,250","1,142","262","72","15","22"
"서울특별시 관악구 보라매동(1162052500)","12,941","6,852","2,795","1,716","1,229","272","58","13","2","3","1"
"서울특별시 관악구 청림동(1162054500)","6,450","2,103","1,682","1,369","1,031","196","53","8","7","0","1"
"서울특별시 관악구 성현동(1162056500)","12,332","4,144","3,007","2,435","2,161","469","81","22","8","4","1"
"서울특별시 관악구 행운동(1162057500)","17,656","11,530","2,945","1,674","1,147","277","70","8","5","0","0"
"서울특별시 관악구 낙성대동(1162058500)","11,239","8,159","1,574","752","552","155","36","9","0","0","2"
"서울특별시 관악구 청룡동(1162059500)","23,354","16,770","3,217","1,732","1,268","286","62","10","7","0","2"
"서울특별시 관악구 은천동(1162060500)","16,056","7,459","3,529","2,428","2,033","459","115","27","5","1","0"
"서울특별시 관악구 중앙동(1162061500)","9,801","6,815","1,545","756","534","121","23","5","0","1","1"
"서울특별시 관악구 인헌동(1162062500)","14,410","8,404","2,712","1,685","1,245","283","56","19","4","0","2"
"서울특별시 관악구 남현동(1162063000)","9,683","5,307","1,936","1,287","877","203","55","11","3","2","2"
"서울특별시 관악구 서원동(1162064500)","14,333","9,592","2,509","1,260","734","181","42","10","5","0","0"
"서울특별시 관악구 신원동(1162065500)","10,967","7,039","2,060","1,025","665","135","37","2","2","1","1"
"서울특별시 관악구 서림동(1162066500)","14,355","9,594","2,341","1,272","876","201","47","17","4","2","1"
"서울특별시 관악구 신사동(1162068500)","13,955","9,217","2,316","1,282","899","189","42","8","2","0","0"
"서울특별시 관악구 신림동(1162069500)","17,985","15,131","1,864","579","318","72","15","3","2","0","1"
"서울특별시 관악구 난향동(1162071500)","6,289","1,972","1,600","1,234","1,110","287","65","15","4","0","2"
"서울특별시 관악구 조원동(1162072500)","10,774","7,127","1,850","931","667","159","28","10","1","1","0"
"서울특별시 관악구 대학동(1162073500)","16,164","12,191","1,926","1,113","722","165","40","6","1","0","0"
"서울특별시 관악구 삼성동(1162074500)","10,453","4,448","2,695","1,681","1,238","308","62","17","1","0","3"
"서울특별시 관악구 미성동(1162076500)","14,284","6,066","3,364","2,450","1,802","488","86","22","5","0","1"
"서울특별시 관악구 난곡동(1162077500)","13,116","5,891","3,247","2,102","1,438","344","69","20","4","0","1"
"서울특별시 서초구 (1165000000)","170,244","59,336","35,350","33,403","32,357","7,349","1,789","440","146","48","26"
"서울특별시 서초구 서초1동(1165051000)","9,378","4,115","1,862","1,579","1,347","336","106","24","7","0","2"
"서울특별시 서초구 서초2동(1165052000)","11,390","4,486","2,230","2,128","2,003","414","94","25","5","4","1"
"서울특별시 서초구 서초3동(1165053000)","15,260","7,091","2,994","2,365","2,094","509","143","40","14","8","2"
"서울특별시 서초구 서초4동(1165053100)","10,896","2,377","2,001","2,608","3,146","606","113","30","9","5","1"
"서울특별시 서초구 잠원동(1165054000)","10,739","3,606","1,916","2,310","2,331","438","98","25","11","2","2"
"서울특별시 서초구 반포본동(1165055000)","826","288","180","167","147","35","6","3","0","0","0"
"서울특별시 서초구 반포1동(1165056000)","15,029","6,402","2,437","2,582","2,852","579","131","24","15","5","2"
"서울특별시 서초구 반포2동(1165057000)","4,981","629","888","1,268","1,656","422","86","18","7","5","2"
"서울특별시 서초구 반포3동(1165058000)","7,710","1,349","1,608","2,089","2,130","421","74","29","7","2","1"
"서울특별시 서초구 반포4동(1165058100)","7,209","1,829","1,544","1,791","1,528","380","105","19","7","4","2"
"서울특별시 서초구 방배본동(1165059000)","8,001","2,293","1,638","1,702","1,817","394","120","27","6","3","1"
"서울특별시 서초구 방배1동(1165060000)","7,541","2,963","1,790","1,313","1,132","260","60","12","7","2","2"
"서울특별시 서초구 방배2동(1165061000)","8,365","3,001","2,108","1,543","1,338","278","67","21","7","1","1"
"서울특별시 서초구 방배3동(1165062000)","7,118","1,709","1,741","1,692","1,527","327","91","25","4","1","1"
"서울특별시 서초구 방배4동(1165062100)","9,741","3,398","2,093","1,815","1,868","422","114","23","6","1","1"
"서울특별시 서초구 양재1동(1165065100)","17,916","6,160","4,176","3,384","2,974","916","231","57","15","1","2"
"서울특별시 서초구 양재2동(1165065200)","10,894","5,396","2,235","1,565","1,276","316","77","18","8","2","1"
"서울특별시 서초구 내곡동(1165066000)","7,250","2,244","1,909","1,502","1,191","296","73","20","11","2","2"
"서울특별시 강남구 (1168000000)","234,233","95,099","46,336","41,245","40,328","8,600","1,930","482","141","49","23"
"서울특별시 강남구 신사동(1168051000)","7,035","2,746","1,577","1,252","1,108","252","71","19","5","4","1"
"서울특별시 강남구 논현1동(1168052100)","14,033","9,543","2,388","1,095","711","199","69","17","9","0","2"
"서울특별시 강남구 논현2동(1168053100)","11,414","6,468","2,093","1,471","1,075","218","68","15","6","0","0"
"서울특별시 강남구 압구정동(1168054500)","10,265","2,806","2,467","2,309","2,027","476","134","31","9","4","2"
"서울특별시 강남구 청담동(1168056500)","11,272","4,504","2,310","2,071","1,820","414","104","30","12","4","3"
"서울특별시 강남구 삼성1동(1168058000)","5,483","2,033","1,212","1,016","875","255","63","18","7","3","1"
"서울특별시 강남구 삼성2동(1168059000)","13,555","5,815","2,402","2,368","2,358","458","108","32","11","1","2"
"서울특별시 강남구 대치1동(1168060000)","7,264","592","1,026","1,997","2,919","585","108","25","4","7","1"
"서울특별시 강남구 대치2동(1168061000)","12,851","2,639","2,462","3,165","3,720","684","134","36","7","3","1"
"서울특별시 강남구 대치4동(1168063000)","10,164","5,536","1,689","1,327","1,247","279","70","12","3","1","0"
"서울특별시 강남구 역삼1동(1168064000)","24,243","17,791","3,477","1,579","1,025","268","75","18","4","4","2"
"서울특별시 강남구 역삼2동(1168065000)","15,507","6,572","2,269","2,837","3,111","553","115","33","10","4","3"
"서울특별시 강남구 도곡1동(1168065500)","8,524","2,721","1,669","1,812","1,860","346","86","17","12","1","0"
"서울특별시 강남구 도곡2동(1168065600)","11,664","2,217","2,455","2,968","3,209","647","130","30","5","1","2"
"서울특별시 강남구 개포1동(1168066000)","2,572","752","637","504","513","133","23","5","3","2","0"
"서울특별시 강남구 개포2동(1168067000)","9,683","1,657","2,159","2,446","2,720","569","95","31","5","1","0"
"서울특별시 강남구 개포4동(1168069000)","10,024","3,501","2,284","1,963","1,824","351","71","18","6","4","2"
"서울특별시 강남구 세곡동(1168070000)","17,961","6,257","4,116","3,219","3,134","947","223","48","12","5","0"
"서울특별시 강남구 일원본동(1168072000)","8,058","1,501","1,651","2,031","2,373","407","71","20","3","0","1"
"서울특별시 강남구 일원1동(1168073000)","7,390","3,350","1,814","1,150","806","213","45","10","2","0","0"
"서울특별시 강남구 일원2동(1168074000)","7,471","2,454","1,880","1,567","1,307","216","36","9","2","0","0"
"서울특별시 강남구 수서동(1168075000)","7,800","3,644","2,299","1,098","586","130","31","8","4","0","0"
"서울특별시 송파구 (1171000000)","282,417","103,275","62,221","54,562","48,919","10,504","2,257","483","135","29","32"
"서울특별시 송파구 풍납1동(1171051000)","5,985","2,420","1,503","1,066","802","140","42","11","1","0","0"
"서울특별시 송파구 풍납2동(1171052000)","10,976","4,280","2,365","2,148","1,748","311","92","26","5","0","1"
"서울특별시 송파구 거여1동(1171053100)","5,647","2,166","1,406","1,027","818","181","41","7","1","0","0"
"서울특별시 송파구 거여2동(1171053200)","8,150","2,826","2,142","1,641","1,212","266","52","8","1","0","2"
"서울특별시 송파구 마천1동(1171054000)","8,814","3,698","2,135","1,476","1,106","317","66","13","3","0","0"
"서울특별시 송파구 마천2동(1171055000)","8,741","3,588","2,254","1,477","1,067","269","67","11","6","0","2"
"서울특별시 송파구 방이1동(1171056100)","6,229","1,931","1,314","1,295","1,320","277","72","19","1","0","0"
"서울특별시 송파구 방이2동(1171056200)","15,258","9,175","2,861","1,725","1,160","263","62","9","1","1","1"
"서울특별시 송파구 오륜동(1171056600)","5,929","702","1,292","1,575","1,896","365","63","29","4","2","1"
"서울특별시 송파구 오금동(1171057000)","15,640","4,705","3,793","3,469","2,845","647","147","26","4","3","1"
"서울특별시 송파구 송파1동(1171058000)","12,261","6,197","2,715","1,716","1,239","287","84","15","4","2","2"
"서울특별시 송파구 송파2동(1171059000)","7,209","1,769","1,616","1,725","1,657","360","59","13","9","1","0"
"서울특별시 송파구 석촌동(1171060000)","16,917","9,081","3,596","2,226","1,591","308","89","15","9","2","0"
"서울특별시 송파구 삼전동(1171061000)","16,080","8,554","3,390","2,167","1,504","361","75","18","7","3","1"
"서울특별시 송파구 가락본동(1171062000)","11,833","4,784","2,641","2,154","1,709","428","88","20","4","2","3"
"서울특별시 송파구 가락1동(1171063100)","9,786","1,685","2,495","2,591","2,430","462","94","22","2","1","4"
"서울특별시 송파구 가락2동(1171063200)","12,429","3,342","2,717","2,866","2,850","510","112","26","4","1","1"
"서울특별시 송파구 문정1동(1171064100)","8,494","2,988","1,948","1,648","1,487","335","67","13","6","0","2"
"서울특별시 송파구 문정2동(1171064200)","15,731","9,046","2,831","1,852","1,566","326","76","20","10","3","1"
"서울특별시 송파구 장지동(1171064600)","12,141","3,627","3,093","2,714","2,110","471","103","18","5","0","0"
"서울특별시 송파구 위례동(1171064700)","12,651","1,720","2,402","3,232","3,913","1,145","191","37","9","1","1"
"서울특별시 송파구 잠실본동(1171065000)","15,442","8,786","3,017","1,938","1,324","281","67","22","3","2","2"
"서울특별시 송파구 잠실2동(1171067000)","11,613","1,742","2,028","3,113","3,922","667","121","12","7","0","1"
"서울특별시 송파구 잠실3동(1171068000)","11,912","1,818","2,822","3,193","3,309","616","121","18","11","2","2"
"서울특별시 송파구 잠실4동(1171069000)","7,277","1,129","1,515","2,056","2,060","401","82","21","11","1","1"
"서울특별시 송파구 잠실6동(1171071000)","5,889","991","1,417","1,582","1,453","333","80","26","2","2","3"
"서울특별시 송파구 잠실7동(1171072000)","3,383","525","913","890","821","177","44","8","5","0","0"
"서울특별시 강동구 (1174000000)","201,613","74,313","46,876","38,637","33,029","6,960","1,341","315","93","27","22"
"서울특별시 강동구 강일동(1174051500)","12,857","3,332","3,460","2,764","2,427","741","104","24","2","2","1"
"서울특별시 강동구 상일제1동(1174052500)","13,496","2,268","2,958","3,544","3,862","701","130","21","6","2","4"
"서울특별시 강동구 상일제2동(1174052600)","3,944","1,209","858","725","786","288","68","8","1","0","1"
"서울특별시 강동구 명일제1동(1174053000)","10,117","2,605","2,493","2,440","2,077","411","67","13","10","1","0"
"서울특별시 강동구 명일제2동(1174054000)","6,511","1,718","1,255","1,421","1,689","334","63","23","6","1","1"
"서울특별시 강동구 고덕제1동(1174055000)","8,343","1,509","1,601","2,120","2,553","457","79","13","10","0","1"
"서울특별시 강동구 고덕제2동(1174056000)","8,781","2,390","2,146","2,038","1,825","311","48","16","3","2","2"
"서울특별시 강동구 암사제1동(1174057000)","15,964","6,515","3,826","2,886","2,187","433","82","26","7","2","0"
"서울특별시 강동구 암사제2동(1174058000)","6,353","2,000","1,585","1,382","1,128","206","37","9","2","2","2"
"서울특별시 강동구 암사제3동(1174059000)","6,267","1,109","1,479","1,560","1,654","354","72","22","9","4","4"
"서울특별시 강동구 천호제1동(1174060000)","12,917","5,673","3,204","2,131","1,476","334","79","10","7","0","3"
"서울특별시 강동구 천호제2동(1174061000)","17,473","8,961","3,983","2,471","1,616","338","81","13","7","3","0"
"서울특별시 강동구 천호제3동(1174062000)","14,368","7,760","3,083","1,934","1,227","282","64","13","3","1","1"
"서울특별시 강동구 성내제1동(1174064000)","8,352","2,692","2,055","1,783","1,458","279","63","19","1","2","0"
"서울특별시 강동구 성내제2동(1174065000)","12,810","6,893","2,807","1,803","1,016","222","46","16","7","0","0"
"서울특별시 강동구 성내제3동(1174066000)","10,670","4,383","2,566","1,831","1,490","317","62","15","5","1","0"
"서울특별시 강동구 길동(1174068500)","21,820","9,697","4,949","3,702","2,676","603","136","46","6","4","1"
"서울특별시 강동구 둔촌제1동(1174069000)","82","58","8","7","7","2","0","0","0","0","0"
"서울특별시 강동구 둔촌제2동(1174070000)","10,488","3,541","2,560","2,095","1,875","347","60","8","1","0","1"
"부산광역시  (2600000000)","1,544,663","615,618","394,176","270,214","206,023","46,762","9,122","1,958","478","169","143"
"부산광역시 중구 (2611000000)","23,925","14,166","5,349","2,615","1,324","359","83","20","5","2","2"
"부산광역시 중구 중앙동(2611051000)","2,226","1,755","312","105","41","11","1","0","0","0","1"
"부산광역시 중구 동광동(2611052000)","1,729","1,123","373","151","65","10","6","1","0","0","0"
"부산광역시 중구 대청동(2611053000)","3,502","1,928","828","442","211","71","16","3","1","2","0"
"부산광역시 중구 보수동(2611054500)","5,953","3,303","1,383","771","381","85","22","6","2","0","0"
"부산광역시 중구 부평동(2611056000)","2,745","1,667","636","264","126","39","11","1","1","0","0"
"부산광역시 중구 광복동(2611057000)","593","371","127","51","28","13","2","1","0","0","0"
"부산광역시 중구 남포동(2611058000)","634","454","120","32","18","7","3","0","0","0","0"
"부산광역시 중구 영주제1동(2611059000)","2,941","1,907","569","276","137","43","7","1","1","0","0"
"부산광역시 중구 영주제2동(2611060000)","3,602","1,658","1,001","523","317","80","15","7","0","0","1"
"부산광역시 서구 (2614000000)","52,960","25,123","13,140","7,861","5,125","1,328","294","59","15","4","11"
"부산광역시 서구 동대신제1동(2614051000)","2,752","1,184","741","457","291","65","11","2","1","0","0"
"부산광역시 서구 동대신제2동(2614052000)","3,617","1,568","1,042","531","342","96","29","7","1","1","0"
"부산광역시 서구 동대신제3동(2614053000)","3,906","1,869","949","574","387","102","21","3","1","0","0"
"부산광역시 서구 서대신제1동(2614054000)","6,193","2,365","1,542","1,179","870","184","46","6","1","0","0"
"부산광역시 서구 서대신제3동(2614056000)","3,329","1,032","854","671","570","155","32","10","2","1","2"
"부산광역시 서구 서대신제4동(2614057000)","3,165","971","794","652","571","129","37","8","1","1","1"
"부산광역시 서구 부민동(2614059000)","4,066","2,264","796","515","363","110","14","2","2","0","0"
"부산광역시 서구 아미동(2614061500)","3,872","2,361","862","391","182","53","15","3","2","0","3"
"부산광역시 서구 초장동(2614063000)","2,563","1,529","585","279","128","32","7","3","0","0","0"
"부산광역시 서구 충무동(2614064000)","5,570","3,129","1,238","688","383","106","19","6","0","1","0"
"부산광역시 서구 남부민제1동(2614065000)","2,745","1,477","709","338","166","40","10","3","2","0","0"
"부산광역시 서구 남부민제2동(2614066000)","4,840","2,349","1,395","656","337","83","18","2","0","0","0"
"부산광역시 서구 암남동(2614068000)","6,342","3,025","1,633","930","535","173","35","4","2","0","5"
"부산광역시 동구 (2617000000)","46,362","23,211","11,698","6,358","3,872","946","218","43","9","3","4"
"부산광역시 동구 초량제1동(2617051000)","2,996","1,811","661","286","179","37","20","1","1","0","0"
"부산광역시 동구 초량제2동(2617052000)","3,371","1,983","791","341","186","55","11","4","0","0","0"
"부산광역시 동구 초량제3동(2617053000)","6,489","3,121","1,378","1,048","747","162","26","4","2","0","1"
"부산광역시 동구 초량제6동(2617055000)","3,175","1,576","850","410","264","60","14","1","0","0","0"
"부산광역시 동구 수정제1동(2617056000)","2,037","868","574","321","209","48","15","1","1","0","0"
"부산광역시 동구 수정제2동(2617057000)","5,151","2,461","1,420","724","419","100","20","6","1","0","0"
"부산광역시 동구 수정제4동(2617059000)","2,239","1,240","581","247","122","35","8","2","2","2","0"
"부산광역시 동구 수정제5동(2617060000)","2,725","1,263","757","392","231","67","11","4","0","0","0"
"부산광역시 동구 좌천동(2617064500)","5,398","2,376","1,513","860","489","123","30","6","1","0","0"
"부산광역시 동구 범일제1동(2617065000)","6,278","3,105","1,716","846","441","123","36","7","1","0","3"
"부산광역시 동구 범일제2동(2617066000)","4,361","2,434","939","532","354","80","16","6","0","0","0"
"부산광역시 동구 범일제5동(2617068000)","2,142","973","518","351","231","56","11","1","0","1","0"
"부산광역시 영도구 (2620000000)","54,659","23,803","15,258","8,441","5,434","1,326","307","66","13","6","5"
"부산광역시 영도구 남항동(2620053000)","5,706","2,746","1,562","789","477","99","27","5","0","1","0"
"부산광역시 영도구 영선제1동(2620054000)","1,916","772","564","319","194","50","10","6","0","0","1"
"부산광역시 영도구 영선제2동(2620055000)","3,848","1,450","1,170","634","440","112","30","8","2","1","1"
"부산광역시 영도구 신선동(2620058500)","4,605","2,385","1,259","565","292","77","21","5","0","1","0"
"부산광역시 영도구 봉래제1동(2620059000)","3,337","1,518","847","539","307","88","28","7","2","0","1"
"부산광역시 영도구 봉래제2동(2620060500)","3,711","1,406","1,112","650","412","106","22","3","0","0","0"
"부산광역시 영도구 청학제1동(2620063000)","3,014","1,331","799","463","325","82","13","1","0","0","0"
"부산광역시 영도구 청학제2동(2620064000)","7,886","2,839","2,231","1,471","1,021","255","55","9","1","2","2"
"부산광역시 영도구 동삼제1동(2620065000)","12,938","5,081","3,688","2,172","1,548","355","75","11","7","1","0"
"부산광역시 영도구 동삼제2동(2620066000)","1,840","992","436","224","138","36","12","2","0","0","0"
"부산광역시 영도구 동삼제3동(2620067000)","5,858","3,283","1,590","615","280","66","14","9","1","0","0"
"부산광역시 부산진구 (2623000000)","173,353","78,075","42,934","27,276","19,460","4,493","864","189","42","14","6"
"부산광역시 부산진구 부전제1동(2623051000)","10,310","7,088","1,705","847","526","121","11","9","2","1","0"
"부산광역시 부산진구 부전제2동(2623052000)","5,626","3,301","1,098","664","418","112","24","7","2","0","0"
"부산광역시 부산진구 연지동(2623054000)","8,703","2,641","2,520","1,758","1,371","335","60","13","3","2","0"
"부산광역시 부산진구 초읍동(2623055000)","10,081","3,703","2,905","1,824","1,243","339","47","13","3","2","2"
"부산광역시 부산진구 양정제1동(2623056000)","9,215","3,579","2,428","1,658","1,223","255","59","9","1","3","0"
"부산광역시 부산진구 양정제2동(2623057000)","7,560","5,022","1,336","694","375","97","29","6","1","0","0"
"부산광역시 부산진구 전포제1동(2623060000)","12,050","6,812","2,441","1,483","1,012","239","53","8","2","0","0"
"부산광역시 부산진구 전포제2동(2623061000)","11,475","6,172","2,728","1,426","863","231","47","6","2","0","0"
"부산광역시 부산진구 부암제1동(2623064000)","9,858","3,319","2,538","1,972","1,575","360","73","18","3","0","0"
"부산광역시 부산진구 부암제3동(2623066000)","6,958","1,885","1,855","1,515","1,314","317","55","13","3","0","1"
"부산광역시 부산진구 당감제1동(2623067000)","10,377","3,717","2,929","1,934","1,403","319","56","16","0","2","1"
"부산광역시 부산진구 당감제2동(2623068000)","4,661","1,651","1,373","877","594","132","30","2","2","0","0"
"부산광역시 부산진구 당감제4동(2623070000)","5,139","1,894","1,404","972","682","152","29","5","1","0","0"
"부산광역시 부산진구 가야제1동(2623071000)","10,159","5,156","2,478","1,336","917","214","47","8","1","1","1"
"부산광역시 부산진구 가야제2동(2623072000)","7,322","2,441","2,061","1,407","1,103","235","57","14","3","1","0"
"부산광역시 부산진구 개금제1동(2623074000)","8,866","4,695","1,824","1,282","843","184","26","9","3","0","0"
"부산광역시 부산진구 개금제2동(2623075000)","4,995","1,878","1,388","876","655","157","31","6","3","1","0"
"부산광역시 부산진구 개금제3동(2623076000)","12,490","4,151","3,412","2,474","1,972","388","72","15","5","0","1"
"부산광역시 부산진구 범천제1동(2623077000)","7,167","4,327","1,558","754","416","84","23","3","1","1","0"
"부산광역시 부산진구 범천제2동(2623078000)","10,341","4,643","2,953","1,523","955","222","35","9","1","0","0"
"부산광역시 동래구 (2626000000)","115,718","40,390","29,737","21,910","18,656","4,060","724","167","41","16","17"
"부산광역시 동래구 수민동(2626051000)","13,661","4,235","3,718","2,735","2,340","520","85","18","5","4","1"
"부산광역시 동래구 복산동(2626052000)","4,753","2,154","1,277","694","475","108","31","9","2","2","1"
"부산광역시 동래구 명륜동(2626054500)","9,426","2,448","2,159","1,983","2,284","468","60","20","3","1","0"
"부산광역시 동래구 온천제1동(2626055000)","11,394","6,300","2,547","1,411","874","204","44","8","2","2","2"
"부산광역시 동래구 온천제2동(2626056000)","6,351","2,146","1,742","1,172","951","258","59","13","4","0","6"
"부산광역시 동래구 온천제3동(2626057000)","17,461","6,685","4,438","3,202","2,484","521","94","29","6","1","1"
"부산광역시 동래구 사직제1동(2626058000)","4,807","1,910","1,145","855","703","147","34","11","0","0","2"
"부산광역시 동래구 사직제2동(2626059000)","9,519","1,647","2,159","2,361","2,644","592","93","15","5","2","1"
"부산광역시 동래구 사직제3동(2626060000)","7,516","2,612","1,873","1,398","1,342","236","42","10","2","1","0"
"부산광역시 동래구 안락제1동(2626074000)","6,906","2,795","1,915","1,156","812","174","35","14","4","1","0"
"부산광역시 동래구 안락제2동(2626075000)","11,111","3,132","3,088","2,344","2,010","447","73","10","4","1","2"
"부산광역시 동래구 명장제1동(2626076100)","6,209","2,139","1,738","1,210","871","201","41","5","3","1","0"
"부산광역시 동래구 명장제2동(2626076200)","6,604","2,187","1,938","1,389","866","184","33","5","1","0","1"
"부산광역시 남구 (2629000000)","117,821","44,777","30,031","21,235","16,869","3,861","795","189","41","13","10"
"부산광역시 남구 대연제1동(2629051000)","8,998","5,277","1,836","1,030","608","180","51","13","1","2","0"
"부산광역시 남구 대연제3동(2629053000)","15,596","7,337","2,950","2,497","2,240","458","83","25","4","1","1"
"부산광역시 남구 대연제4동(2629054000)","5,496","1,929","1,499","1,091","766","161","39","9","2","0","0"
"부산광역시 남구 대연제5동(2629055000)","8,170","3,654","1,900","1,287","1,037","227","53","9","2","1","0"
"부산광역시 남구 대연제6동(2629056000)","5,926","1,515","1,444","1,334","1,276","293","47","12","4","0","1"
"부산광역시 남구 용호제1동(2629057000)","17,171","4,213","4,566","3,903","3,506","780","148","41","6","4","4"
"부산광역시 남구 용호제2동(2629058000)","6,684","1,747","1,898","1,413","1,213","306","79","17","8","2","1"
"부산광역시 남구 용호제3동(2629059000)","5,695","2,164","1,682","967","682","142","49","6","2","1","0"
"부산광역시 남구 용호제4동(2629060000)","3,849","1,320","1,172","716","509","109","15","6","1","1","0"
"부산광역시 남구 용당동(2629061000)","3,489","1,160","888","727","527","143","34","8","1","0","1"
"부산광역시 남구 감만제1동(2629062000)","6,148","2,457","1,732","1,061","693","177","21","5","1","0","1"
"부산광역시 남구 감만제2동(2629063000)","3,301","1,382","939","551","321","84","19","3","2","0","0"
"부산광역시 남구 우암동(2629064500)","5,765","1,999","1,772","1,015","733","205","33","5","1","1","1"
"부산광역시 남구 문현제1동(2629068000)","5,884","1,948","1,658","1,123","904","195","40","15","1","0","0"
"부산광역시 남구 문현제2동(2629069000)","5,046","2,959","1,148","548","309","65","15","2","0","0","0"
"부산광역시 남구 문현제3동(2629070000)","6,606","2,055","1,847","1,307","1,098","240","46","10","3","0","0"
"부산광역시 남구 문현제4동(2629071000)","3,997","1,661","1,100","665","447","96","23","3","2","0","0"
"부산광역시 북구 (2632000000)","123,316","41,799","33,441","23,978","19,086","4,113","729","120","35","11","4"
"부산광역시 북구 구포제1동(2632051000)","8,141","3,665","2,218","1,293","758","165","38","2","1","1","0"
"부산광역시 북구 구포제2동(2632052000)","11,793","4,639","3,131","2,166","1,504","284","55","10","2","1","1"
"부산광역시 북구 구포제3동(2632052100)","9,262","3,739","2,469","1,643","1,057","287","57","6","3","1","0"
"부산광역시 북구 금곡동(2632053000)","18,148","7,535","4,824","3,015","2,241","445","74","14","0","0","0"
"부산광역시 북구 화명제1동(2632054100)","14,477","2,068","3,713","3,877","3,822","830","135","22","7","3","0"
"부산광역시 북구 화명제2동(2632054200)","7,029","2,021","1,964","1,478","1,238","263","56","5","1","1","2"
"부산광역시 북구 화명제3동(2632054300)","10,795","2,182","2,621","2,491","2,810","573","93","15","8","1","1"
"부산광역시 북구 덕천제1동(2632055000)","6,077","3,115","1,613","770","453","107","16","2","1","0","0"
"부산광역시 북구 덕천제2동(2632056000)","6,660","3,564","1,642","836","486","91","34","5","1","1","0"
"부산광역시 북구 덕천제3동(2632056100)","5,660","2,774","1,472","769","514","110","15","5","0","1","0"
"부산광역시 북구 만덕제1동(2632057100)","7,165","2,122","2,198","1,553","1,036","208","36","9","3","0","0"
"부산광역시 북구 만덕제2동(2632057200)","10,660","2,693","3,180","2,340","1,904","464","62","13","4","0","0"
"부산광역시 북구 만덕제3동(2632057300)","7,449","1,682","2,396","1,747","1,263","286","58","12","4","1","0"
"부산광역시 해운대구 (2635000000)","172,397","60,095","44,250","33,755","27,094","5,668","1,151","268","79","24","13"
"부산광역시 해운대구 우제1동(2635051000)","10,903","4,822","2,706","1,803","1,204","281","65","14","5","2","1"
"부산광역시 해운대구 우제2동(2635052000)","11,855","2,834","3,162","2,846","2,375","499","104","24","7","2","2"
"부산광역시 해운대구 우제3동(2635052500)","10,989","2,502","2,939","2,657","2,215","505","108","42","13","7","1"
"부산광역시 해운대구 중제1동(2635053000)","12,241","4,531","2,915","2,406","1,923","364","79","12","9","0","2"
"부산광역시 해운대구 중제2동(2635054000)","7,536","3,148","1,880","1,352","884","213","38","17","4","0","0"
"부산광역시 해운대구 좌제1동(2635055100)","7,811","2,878","1,691","1,535","1,383","259","51","9","3","1","1"
"부산광역시 해운대구 좌제2동(2635055200)","14,180","5,262","3,442","2,728","2,170","461","83","22","10","2","0"
"부산광역시 해운대구 좌제3동(2635055300)","6,445","1,668","1,834","1,409","1,192","263","56","18","3","2","0"
"부산광역시 해운대구 좌제4동(2635055400)","8,641","1,876","2,152","2,134","1,957","427","74","16","4","1","0"
"부산광역시 해운대구 송정동(2635056000)","5,100","2,249","1,614","708","393","97","21","15","2","0","1"
"부산광역시 해운대구 반여제1동(2635057000)","13,113","3,035","3,345","3,071","2,908","594","132","22","3","2","1"
"부산광역시 해운대구 반여제2동(2635058000)","6,862","3,469","1,786","956","519","103","27","1","1","0","0"
"부산광역시 해운대구 반여제3동(2635059000)","4,614","2,280","1,280","614","353","62","21","3","1","0","0"
"부산광역시 해운대구 반여제4동(2635059500)","6,079","1,231","1,723","1,514","1,285","270","46","7","2","0","1"
"부산광역시 해운대구 반송제1동(2635061000)","7,905","4,331","2,065","869","487","123","25","5","0","0","0"
"부산광역시 해운대구 반송제2동(2635062000)","11,966","5,581","3,260","1,769","1,038","254","48","13","1","0","2"
"부산광역시 해운대구 재송제1동(2635065000)","14,664","4,046","3,203","3,249","3,412","612","109","18","10","5","0"
"부산광역시 해운대구 재송제2동(2635066000)","11,493","4,352","3,253","2,135","1,396","281","64","10","1","0","1"
"부산광역시 사하구 (2638000000)","139,604","53,404","36,989","25,065","18,848","4,281","811","136","38","17","15"
"부산광역시 사하구 괴정제1동(2638051000)","8,722","2,997","2,633","1,623","1,114","280","60","6","4","2","3"
"부산광역시 사하구 괴정제2동(2638052000)","6,306","2,209","1,846","1,174","840","198","31","5","0","2","1"
"부산광역시 사하구 괴정제3동(2638053000)","6,449","3,049","1,703","958","590","119","22","7","0","1","0"
"부산광역시 사하구 괴정제4동(2638054000)","5,553","2,015","1,602","965","761","167","36","7","0","0","0"
"부산광역시 사하구 당리동(2638055000)","11,445","3,686","3,260","2,307","1,676","408","80","23","2","1","2"
"부산광역시 사하구 하단제1동(2638056100)","10,401","4,614","2,538","1,612","1,287","274","56","14","3","2","1"
"부산광역시 사하구 하단제2동(2638056200)","12,871","6,366","2,791","1,901","1,442","306","53","8","3","1","0"
"부산광역시 사하구 신평제1동(2638057100)","8,258","3,625","2,128","1,308","930","217","41","5","3","0","1"
"부산광역시 사하구 신평제2동(2638057200)","6,733","2,187","1,792","1,393","1,078","229","42","9","2","1","0"
"부산광역시 사하구 장림제1동(2638058000)","4,963","2,009","1,218","883","676","146","27","3","0","1","0"
"부산광역시 사하구 장림제2동(2638059000)","11,876","4,019","3,166","2,431","1,787","387","76","7","2","0","1"
"부산광역시 사하구 다대제1동(2638060100)","17,011","6,124","4,322","3,107","2,707","616","112","15","6","2","0"
"부산광역시 사하구 다대제2동(2638060200)","12,153","4,492","3,139","2,242","1,752","421","85","10","6","3","3"
"부산광역시 사하구 구평동(2638061000)","5,228","1,366","1,504","1,200","921","199","28","6","2","1","1"
"부산광역시 사하구 감천제1동(2638062000)","8,294","2,882","2,423","1,576","1,089","263","46","8","5","0","2"
"부산광역시 사하구 감천제2동(2638063000)","3,341","1,764","924","385","198","51","16","3","0","0","0"
"부산광역시 금정구 (2641000000)","108,070","45,670","27,380","18,080","13,036","3,040","655","142","34","13","20"
"부산광역시 금정구 서제1동(2641051000)","3,174","1,869","779","300","167","37","19","3","0","0","0"
"부산광역시 금정구 서제2동(2641052000)","4,958","2,495","1,314","645","391","92","13","6","2","0","0"
"부산광역시 금정구 서제3동(2641053000)","5,957","2,853","1,678","863","437","95","22","6","1","1","1"
"부산광역시 금정구 금사회동동(2641055500)","4,168","1,999","1,170","584","303","91","20","1","0","0","0"
"부산광역시 금정구 부곡제1동(2641057000)","4,479","2,257","1,224","581","316","78","19","4","0","0","0"
"부산광역시 금정구 부곡제2동(2641058000)","7,954","2,868","2,091","1,479","1,171","277","57","5","5","0","1"
"부산광역시 금정구 부곡제3동(2641059000)","6,875","2,428","1,740","1,390","1,000","246","57","10","2","1","1"
"부산광역시 금정구 부곡제4동(2641059100)","6,124","2,408","1,790","1,073","675","144","26","8","0","0","0"
"부산광역시 금정구 장전제1동(2641060000)","10,811","7,040","1,636","1,065","855","174","33","6","2","0","0"
"부산광역시 금정구 장전제2동(2641061000)","11,715","4,536","2,731","2,100","1,866","373","82","14","3","0","10"
"부산광역시 금정구 선두구동(2641063500)","1,275","688","306","150","95","19","14","2","1","0","0"
"부산광역시 금정구 청룡노포동(2641066500)","4,398","1,597","1,322","793","510","119","34","9","5","4","5"
"부산광역시 금정구 남산동(2641067000)","14,174","6,278","3,681","2,294","1,436","362","84","28","8","3","0"
"부산광역시 금정구 구서제1동(2641068000)","8,075","2,328","2,197","1,773","1,353","333","70","16","2","2","1"
"부산광역시 금정구 구서제2동(2641069000)","13,457","3,834","3,602","2,910","2,403","580","100","22","3","2","1"
"부산광역시 금정구 금성동(2641070000)","476","192","119","80","58","20","5","2","0","0","0"
"부산광역시 강서구 (2644000000)","61,502","22,827","13,471","11,486","10,712","2,456","430","94","16","5","5"
"부산광역시 강서구 대저1동(2644051000)","3,740","2,142","913","373","198","83","22","6","1","0","2"
"부산광역시 강서구 대저2동(2644052000)","3,726","1,947","881","396","366","97","31","7","0","1","0"
"부산광역시 강서구 강동동(2644053000)","2,527","1,460","656","252","119","29","6","5","0","0","0"
"부산광역시 강서구 명지1동(2644053500)","20,640","5,631","4,456","4,922","4,571","901","134","19","3","2","1"
"부산광역시 강서구 명지2동(2644054500)","10,307","1,902","1,898","2,442","3,144","762","127","23","7","1","1"
"부산광역시 강서구 가락동(2644055000)","1,353","747","357","155","62","24","5","3","0","0","0"
"부산광역시 강서구 녹산동(2644056000)","16,742","7,481","3,681","2,742","2,163","542","99","28","5","1","0"
"부산광역시 강서구 가덕도동(2644058000)","2,467","1,517","629","204","89","18","6","3","0","0","1"
"부산광역시 연제구 (2647000000)","93,606","35,220","24,424","17,302","13,077","2,876","554","102","33","14","4"
"부산광역시 연제구 거제제1동(2647061000)","11,391","3,027","2,750","2,563","2,403","528","90","21","6","2","1"
"부산광역시 연제구 거제제2동(2647062000)","4,562","1,072","1,113","960","1,095","268","48","3","2","1","0"
"부산광역시 연제구 거제제3동(2647063000)","4,706","1,858","1,350","779","549","132","32","3","3","0","0"
"부산광역시 연제구 거제제4동(2647064000)","4,166","1,062","1,235","891","750","182","34","6","1","3","2"
"부산광역시 연제구 연산제1동(2647065000)","7,161","2,269","1,980","1,484","1,134","224","59","6","3","2","0"
"부산광역시 연제구 연산제2동(2647066000)","9,195","3,282","2,431","1,838","1,299","271","57","13","4","0","0"
"부산광역시 연제구 연산제3동(2647067000)","4,552","1,943","1,274","788","452","76","16","3","0","0","0"
"부산광역시 연제구 연산제4동(2647068000)","8,595","4,370","2,170","1,100","708","187","47","10","2","1","0"
"부산광역시 연제구 연산제5동(2647069000)","10,204","6,424","2,051","1,036","551","114","21","3","3","1","0"
"부산광역시 연제구 연산제6동(2647070000)","8,166","3,465","2,246","1,368","847","199","33","7","1","0","0"
"부산광역시 연제구 연산제8동(2647072000)","6,212","2,213","1,571","1,230","949","210","31","5","1","2","0"
"부산광역시 연제구 연산제9동(2647073000)","14,696","4,235","4,253","3,265","2,340","485","86","22","7","2","1"
"부산광역시 수영구 (2650000000)","85,896","38,195","22,038","13,858","9,002","2,195","453","111","27","11","6"
"부산광역시 수영구 남천제1동(2650066000)","6,326","2,447","1,693","1,113","788","219","44","12","5","4","1"
"부산광역시 수영구 남천제2동(2650067000)","4,929","1,350","1,424","1,089","800","208","34","15","5","3","1"
"부산광역시 수영구 수영동(2650073000)","7,896","3,949","2,120","1,078","565","146","30","6","2","0","0"
"부산광역시 수영구 망미제1동(2650074000)","12,415","4,419","3,621","2,374","1,520","376","83","16","3","3","0"
"부산광역시 수영구 망미제2동(2650075000)","4,950","1,837","1,425","929","603","126","23","7","0","0","0"
"부산광역시 수영구 광안제1동(2650076000)","14,239","7,921","3,070","1,707","1,165","296","57","17","4","0","2"
"부산광역시 수영구 광안제2동(2650077000)","9,632","4,755","2,269","1,405","911","231","50","8","2","1","0"
"부산광역시 수영구 광안제3동(2650078000)","5,986","3,817","1,198","594","301","63","9","3","1","0","0"
"부산광역시 수영구 광안제4동(2650079000)","6,284","2,551","1,614","1,170","740","168","34","4","1","0","2"
"부산광역시 수영구 민락동(2650080000)","13,239","5,149","3,604","2,399","1,609","362","89","23","4","0","0"
"부산광역시 사상구 (2653000000)","98,621","40,997","25,313","16,894","11,998","2,743","526","114","21","8","7"
"부산광역시 사상구 삼락동(2653058000)","3,144","1,650","753","420","231","74","14","2","0","0","0"
"부산광역시 사상구 모라제1동(2653059100)","12,502","4,372","3,558","2,431","1,631","394","93","19","4","0","0"
"부산광역시 사상구 모라제3동(2653059300)","6,718","4,186","1,715","539","221","48","8","1","0","0","0"
"부산광역시 사상구 덕포제1동(2653060000)","4,278","1,940","1,037","698","471","108","21","1","1","0","1"
"부산광역시 사상구 덕포제2동(2653061000)","5,766","2,026","1,624","1,114","761","198","32","10","0","1","0"
"부산광역시 사상구 괘법동(2653062000)","12,792","7,477","2,589","1,521","914","229","43","15","4","0","0"
"부산광역시 사상구 감전동(2653064500)","7,237","3,688","1,880","986","547","101","30","4","0","0","1"
"부산광역시 사상구 주례제1동(2653065000)","6,436","2,026","1,761","1,325","1,065","207","40","7","2","2","1"
"부산광역시 사상구 주례제2동(2653066000)","11,285","5,195","2,576","1,810","1,332","298","54","15","2","1","2"
"부산광역시 사상구 주례제3동(2653066100)","5,741","1,948","1,582","1,129","834","198","35","11","2","0","2"
"부산광역시 사상구 학장동(2653067000)","12,171","3,852","3,458","2,530","1,845","395","70","11","6","4","0"
"부산광역시 사상구 엄궁동(2653068000)","10,551","2,637","2,780","2,391","2,146","493","86","18","0","0","0"
"부산광역시 기장군 (2671000000)","76,853","27,866","18,723","14,100","12,430","3,017","528","138","29","8","14"
"부산광역시 기장군 기장읍(2671025000)","25,598","11,199","6,556","4,021","2,937","701","135","34","8","3","4"
"부산광역시 기장군 장안읍(2671025300)","4,732","2,616","1,092","540","364","91","15","6","2","0","6"
"부산광역시 기장군 정관읍(2671025600)","31,904","9,164","7,094","6,574","6,997","1,709","280","66","14","3","3"
"부산광역시 기장군 일광면(2671031000)","10,728","3,285","2,767","2,354","1,808","419","72","18","2","2","1"
"부산광역시 기장군 철마면(2671033000)","3,891","1,602","1,214","611","324","97","26","14","3","0","0"
"대구광역시  (2700000000)","1,063,893","402,159","262,917","194,256","161,374","35,298","6,206","1,243","289","62","89"
"대구광역시 중구 (2711000000)","38,370","19,506","8,286","5,399","4,018","895","214","37","11","0","4"
"대구광역시 중구 동인동(2711051700)","4,852","3,064","925","452","309","75","22","2","2","0","1"
"대구광역시 중구 삼덕동(2711054500)","4,091","2,729","656","379","246","67","9","4","1","0","0"
"대구광역시 중구 성내1동(2711056500)","3,314","2,421","494","220","127","42","6","4","0","0","0"
"대구광역시 중구 성내2동(2711057500)","2,818","1,905","519","217","135","23","15","3","1","0","0"
"대구광역시 중구 성내3동(2711058500)","2,334","1,076","509","382","297","59","10","0","1","0","0"
"대구광역시 중구 대신동(2711059500)","3,300","1,028","845","745","545","101","33","3","0","0","0"
"대구광역시 중구 남산1동(2711064000)","2,731","1,602","545","301","228","45","10","0","0","0","0"
"대구광역시 중구 남산2동(2711065000)","3,020","1,319","653","478","438","105","20","5","2","0","0"
"대구광역시 중구 남산3동(2711066000)","2,925","1,179","691","529","425","82","13","4","0","0","2"
"대구광역시 중구 남산4동(2711067000)","4,879","1,482","1,437","996","746","167","43","6","1","0","1"
"대구광역시 중구 대봉1동(2711068000)","3,105","1,200","775","545","440","107","30","5","3","0","0"
"대구광역시 중구 대봉2동(2711069000)","1,001","501","237","155","82","22","3","1","0","0","0"
"대구광역시 동구 (2714000000)","158,423","63,294","41,415","27,393","20,521","4,674","861","189","47","10","19"
"대구광역시 동구 신암1동(2714051000)","4,458","2,218","1,051","651","421","89","24","4","0","0","0"
"대구광역시 동구 신암2동(2714052000)","4,475","1,442","1,257","883","732","142","15","3","1","0","0"
"대구광역시 동구 신암3동(2714053000)","5,164","1,844","1,336","1,028","785","143","25","3","0","0","0"
"대구광역시 동구 신암4동(2714054000)","6,371","3,527","1,442","772","468","128","27","3","3","0","1"
"대구광역시 동구 신암5동(2714054100)","3,174","1,382","915","513","278","66","15","1","2","1","1"
"대구광역시 동구 신천1.2동(2714055500)","6,141","2,426","1,731","1,119","693","138","23","8","3","0","0"
"대구광역시 동구 신천3동(2714057000)","5,077","1,760","1,283","1,035","777","180","33","7","2","0","0"
"대구광역시 동구 신천4동(2714058000)","4,809","3,080","950","458","249","53","13","5","1","0","0"
"대구광역시 동구 효목1동(2714059000)","7,091","3,343","1,922","1,002","620","163","35","4","2","0","0"
"대구광역시 동구 효목2동(2714060000)","6,461","2,762","1,753","1,036","716","161","26","5","1","0","1"
"대구광역시 동구 도평동(2714061500)","2,055","972","561","273","172","60","15","2","0","0","0"
"대구광역시 동구 불로.봉무동(2714062000)","8,784","2,756","2,179","1,756","1,653","347","73","14","3","0","3"
"대구광역시 동구 지저동(2714064000)","6,989","2,855","1,995","1,175","765","159","33","7","0","0","0"
"대구광역시 동구 동촌동(2714065500)","7,817","3,559","2,049","1,216","762","180","28","13","6","2","2"
"대구광역시 동구 방촌동(2714067000)","8,380","2,827","2,566","1,533","1,116","277","45","13","3","0","0"
"대구광역시 동구 해안동(2714068500)","7,255","3,011","2,034","1,178","760","216","43","10","2","0","1"
"대구광역시 동구 안심1동(2714072000)","19,974","8,345","5,112","3,266","2,519","602","100","20","7","2","1"
"대구광역시 동구 안심2동(2714073000)","4,996","1,707","1,525","999","619","107","31","7","0","1","0"
"대구광역시 동구 안심3동(2714074200)","8,414","2,281","2,035","1,804","1,845","388","48","7","3","1","2"
"대구광역시 동구 안심4동(2714074700)","11,937","3,658","3,074","2,450","2,094","521","103","27","5","2","3"
"대구광역시 동구 혁신동(2714075500)","8,661","3,749","1,751","1,521","1,323","266","44","5","1","1","0"
"대구광역시 동구 공산동(2714076000)","9,940","3,790","2,894","1,725","1,154","288","62","21","2","0","4"
"대구광역시 서구 (2717000000)","82,301","37,337","21,521","12,810","8,162","2,015","362","77","11","4","2"
"대구광역시 서구 내당1동(2717051000)","4,216","1,899","1,101","691","415","82","22","5","1","0","0"
"대구광역시 서구 내당2.3동(2717052500)","5,064","2,387","1,373","725","445","111","19","1","3","0","0"
"대구광역시 서구 내당4동(2717054000)","8,106","3,470","2,191","1,325","866","197","44","13","0","0","0"
"대구광역시 서구 비산1동(2717055000)","4,951","2,275","1,333","770","428","116","25","4","0","0","0"
"대구광역시 서구 비산2.3동(2717056500)","5,102","2,672","1,315","656","338","94","22","3","0","2","0"
"대구광역시 서구 비산4동(2717058000)","4,753","1,958","1,342","811","511","109","20","2","0","0","0"
"대구광역시 서구 비산5동(2717059000)","3,416","1,862","805","471","198","66","11","2","1","0","0"
"대구광역시 서구 비산6동(2717060000)","3,826","1,703","1,045","589","378","96","10","5","0","0","0"
"대구광역시 서구 비산7동(2717061000)","5,627","3,092","1,319","706","415","78","15","2","0","0","0"
"대구광역시 서구 평리1동(2717062000)","4,018","1,886","1,050","614","372","75","16","4","1","0","0"
"대구광역시 서구 평리2동(2717063000)","3,649","1,381","969","690","443","134","28","3","1","0","0"
"대구광역시 서구 평리3동(2717064000)","5,107","2,407","1,369","751","423","134","16","7","0","0","0"
"대구광역시 서구 평리4동(2717065000)","8,554","3,627","2,149","1,380","1,084","264","40","8","1","1","0"
"대구광역시 서구 평리5동(2717066000)","913","439","239","145","68","19","1","2","0","0","0"
"대구광역시 서구 평리6동(2717066100)","2,023","955","543","300","170","49","3","1","1","0","1"
"대구광역시 서구 상중이동(2717067500)","8,915","3,291","2,346","1,626","1,260","317","57","14","2","1","1"
"대구광역시 서구 원대동(2717069500)","4,061","2,033","1,032","560","348","74","13","1","0","0","0"
"대구광역시 남구 (2720000000)","76,256","39,266","18,448","10,143","6,381","1,574","335","76","17","6","10"
"대구광역시 남구 이천동(2720051500)","5,602","2,262","1,467","918","757","151","36","8","2","0","1"
"대구광역시 남구 봉덕1동(2720053000)","5,266","3,027","1,179","604","347","88","15","5","1","0","0"
"대구광역시 남구 봉덕2동(2720054000)","5,526","1,914","1,537","1,108","723","176","55","9","1","1","2"
"대구광역시 남구 봉덕3동(2720055000)","8,417","4,012","2,124","1,172","815","222","54","9","4","2","3"
"대구광역시 남구 대명1동(2720056000)","5,869","2,836","1,488","861","522","133","21","6","1","1","0"
"대구광역시 남구 대명2동(2720057100)","6,079","3,698","1,275","607","363","114","20","1","0","1","0"
"대구광역시 남구 대명3동(2720058600)","6,269","3,628","1,426","690","406","98","18","2","1","0","0"
"대구광역시 남구 대명4동(2720059000)","6,016","3,133","1,508","776","461","105","21","10","0","1","1"
"대구광역시 남구 대명5동(2720060000)","3,639","2,119","794","411","237","58","16","3","1","0","0"
"대구광역시 남구 대명6동(2720061000)","5,220","2,775","1,228","673","425","92","20","5","2","0","0"
"대구광역시 남구 대명9동(2720064000)","8,523","4,671","1,930","1,058","643","176","28","12","2","0","3"
"대구광역시 남구 대명10동(2720065000)","5,051","2,677","1,251","658","371","78","15","1","0","0","0"
"대구광역시 남구 대명11동(2720066000)","4,779","2,514","1,241","607","311","83","16","5","2","0","0"
"대구광역시 북구 (2723000000)","190,956","69,607","46,238","35,788","31,278","6,666","1,104","201","53","9","12"
"대구광역시 북구 고성동(2723051000)","2,266","878","626","403","276","63","16","4","0","0","0"
"대구광역시 북구 칠성동(2723052600)","10,442","4,100","2,340","1,878","1,676","368","65","6","8","1","0"
"대구광역시 북구 침산1동(2723055000)","2,058","904","595","315","184","42","14","1","2","0","1"
"대구광역시 북구 침산2동(2723056000)","7,006","1,617","1,655","1,597","1,686","377","62","7","4","0","1"
"대구광역시 북구 침산3동(2723057000)","7,550","1,753","1,940","1,749","1,636","373","79","15","4","1","0"
"대구광역시 북구 산격1동(2723061000)","5,262","2,888","1,370","576","323","80","20","4","0","1","0"
"대구광역시 북구 산격2동(2723062000)","4,740","1,625","1,295","923","712","152","26","5","0","0","2"
"대구광역시 북구 산격3동(2723063000)","5,823","3,956","1,010","502","284","51","16","3","1","0","0"
"대구광역시 북구 산격4동(2723063100)","4,488","2,258","1,170","578","358","102","20","2","0","0","0"
"대구광역시 북구 대현동(2723064500)","9,070","4,478","2,033","1,336","969","206","36","11","1","0","0"
"대구광역시 북구 복현1동(2723067100)","4,895","3,366","815","397","241","58","15","3","0","0","0"
"대구광역시 북구 복현2동(2723067200)","12,212","3,481","2,998","2,676","2,461","496","82","13","2","0","3"
"대구광역시 북구 검단동(2723068000)","3,214","1,360","947","518","309","59","16","4","0","1","0"
"대구광역시 북구 무태조야동(2723069500)","15,255","4,972","3,747","3,055","2,750","607","95","27","2","0","0"
"대구광역시 북구 관문동(2723071500)","14,736","4,308","3,748","3,098","2,842","611","108","13","3","2","3"
"대구광역시 북구 태전1동(2723072500)","10,331","4,265","2,535","1,858","1,297","301","60","11","3","0","1"
"대구광역시 북구 태전2동(2723073500)","10,826","3,768","2,989","2,067","1,587","352","51","9","1","1","1"
"대구광역시 북구 구암동(2723074500)","13,487","3,484","3,105","3,077","3,089","632","77","15","8","0","0"
"대구광역시 북구 관음동(2723075000)","7,488","2,833","2,014","1,316","1,021","258","38","6","2","0","0"
"대구광역시 북구 읍내동(2723077000)","11,698","4,148","2,960","2,205","1,865","419","86","12","3","0","0"
"대구광역시 북구 동천동(2723078000)","10,529","2,606","2,278","2,436","2,696","447","50","13","3","0","0"
"대구광역시 북구 노원동(2723079000)","5,851","2,669","1,517","947","582","114","16","4","1","1","0"
"대구광역시 북구 국우동(2723080000)","11,729","3,890","2,551","2,281","2,434","498","56","13","5","1","0"
"대구광역시 수성구 (2726000000)","171,239","53,738","41,567","34,763","32,290","7,236","1,305","251","56","11","22"
"대구광역시 수성구 범어1동(2726051000)","6,427","1,737","1,421","1,387","1,493","328","52","6","2","1","0"
"대구광역시 수성구 범어2동(2726052000)","7,005","2,828","1,572","1,182","1,128","252","37","4","1","0","1"
"대구광역시 수성구 범어3동(2726053000)","6,010","1,451","1,237","1,462","1,529","268","43","16","3","0","1"
"대구광역시 수성구 범어4동(2726054000)","6,682","1,156","1,186","1,624","2,144","477","80","12","2","0","1"
"대구광역시 수성구 만촌1동(2726055000)","9,011","2,433","2,370","1,886","1,788","431","79","19","3","1","1"
"대구광역시 수성구 만촌2동(2726056000)","5,066","2,112","1,209","847","686","173","34","3","1","0","1"
"대구광역시 수성구 만촌3동(2726056100)","6,900","1,374","1,357","1,629","2,050","404","68","14","3","0","1"
"대구광역시 수성구 수성1가동(2726057000)","7,202","2,011","1,898","1,477","1,393","345","59","17","2","0","0"
"대구광역시 수성구 수성2.3가동(2726058000)","4,706","1,447","1,031","883","1,045","247","46","6","1","0","0"
"대구광역시 수성구 수성4가동(2726059000)","5,897","1,659","1,596","1,311","1,014","247","52","14","2","0","2"
"대구광역시 수성구 황금1동(2726060100)","8,338","1,548","1,827","2,009","2,279","552","102","16","3","0","2"
"대구광역시 수성구 황금2동(2726060200)","5,647","2,896","1,284","744","544","143","30","2","3","0","1"
"대구광역시 수성구 중동(2726061000)","5,738","2,895","1,334","804","561","105","31","6","0","0","2"
"대구광역시 수성구 상동(2726062000)","7,943","3,539","1,988","1,253","868","216","66","10","1","2","0"
"대구광역시 수성구 파동(2726063000)","5,553","1,833","1,670","1,111","712","182","33","9","0","1","2"
"대구광역시 수성구 두산동(2726064000)","7,038","3,335","1,604","1,105","759","194","35","2","3","0","1"
"대구광역시 수성구 지산1동(2726065100)","10,633","4,599","2,793","1,740","1,123","307","52","12","3","2","2"
"대구광역시 수성구 지산2동(2726065200)","7,984","2,542","2,214","1,613","1,259","287","52","14","3","0","0"
"대구광역시 수성구 범물1동(2726066100)","5,966","2,873","1,643","832","468","114","32","3","1","0","0"
"대구광역시 수성구 범물2동(2726066200)","6,663","1,569","1,838","1,562","1,334","280","62","11","6","1","0"
"대구광역시 수성구 고산1동(2726067000)","11,203","2,312","2,632","2,722","2,819","607","86","20","3","2","0"
"대구광역시 수성구 고산2동(2726068000)","11,053","2,670","2,813","2,558","2,399","506","82","16","7","1","1"
"대구광역시 수성구 고산3동(2726069000)","12,574","2,919","3,050","3,022","2,895","571","92","19","3","0","3"
"대구광역시 달서구 (2729000000)","234,950","81,863","57,934","45,586","39,774","8,086","1,347","276","61","16","7"
"대구광역시 달서구 성당동(2729051500)","10,708","4,259","2,763","1,799","1,467","336","69","10","4","1","0"
"대구광역시 달서구 두류1.2동(2729053500)","8,277","4,739","1,867","948","536","149","33","5","0","0","0"
"대구광역시 달서구 두류3동(2729055000)","4,119","1,889","1,119","586","396","97","23","6","2","0","1"
"대구광역시 달서구 감삼동(2729055500)","11,542","3,993","2,897","2,286","1,882","393","75","11","4","1","0"
"대구광역시 달서구 죽전동(2729056300)","6,903","3,280","1,688","1,047","691","158","32","5","1","1","0"
"대구광역시 달서구 장기동(2729056800)","7,196","2,269","1,867","1,451","1,314","242","46","6","1","0","0"
"대구광역시 달서구 용산1동(2729057100)","12,500","3,700","2,993","2,681","2,522","518","68","14","4","0","0"
"대구광역시 달서구 용산2동(2729057200)","11,455","3,023","2,850","2,780","2,336","399","58","5","2","2","0"
"대구광역시 달서구 이곡1동(2729057600)","9,301","2,708","2,223","2,061","1,860","374","59","14","2","0","0"
"대구광역시 달서구 이곡2동(2729057700)","7,114","2,238","2,005","1,529","1,107","194","33","5","3","0","0"
"대구광역시 달서구 신당동(2729058500)","17,357","9,740","3,433","2,185","1,567","356","61","11","2","2","0"
"대구광역시 달서구 본리동(2729059000)","8,389","2,408","1,998","1,902","1,650","362","56","9","2","1","1"
"대구광역시 달서구 월성1동(2729060100)","11,904","1,362","2,131","3,077","4,333","843","118","32","7","0","1"
"대구광역시 달서구 월성2동(2729060200)","8,508","4,248","2,231","1,124","701","169","25","8","1","1","0"
"대구광역시 달서구 진천동(2729061500)","20,961","5,978","5,591","4,442","3,933","802","159","43","8","3","2"
"대구광역시 달서구 유천동(2729061700)","10,220","1,103","1,846","2,925","3,625","633","71","10","5","2","0"
"대구광역시 달서구 상인1동(2729062400)","13,161","2,374","3,489","3,251","3,242","674","107","19","3","1","1"
"대구광역시 달서구 상인2동(2729062500)","9,374","3,888","2,346","1,687","1,152","239","52","10","0","0","0"
"대구광역시 달서구 상인3동(2729062600)","6,219","3,157","1,789","790","377","86","17","2","1","0","0"
"대구광역시 달서구 도원동(2729062800)","13,903","3,091","4,098","3,314","2,799","498","81","20","2","0","0"
"대구광역시 달서구 송현1동(2729063000)","10,288","5,162","2,600","1,420","839","215","39","8","5","0","0"
"대구광역시 달서구 송현2동(2729064000)","9,400","4,521","2,478","1,332","807","202","40","16","2","1","1"
"대구광역시 달서구 본동(2729065000)","6,151","2,733","1,632","969","638","147","25","7","0","0","0"
"대구광역시 달성군 (2771000000)","111,398","37,548","27,508","22,374","18,950","4,152","678","136","33","6","13"
"대구광역시 달성군 화원읍(2771025000)","19,227","5,701","5,295","4,050","3,244","746","143","33","9","2","4"
"대구광역시 달성군 논공읍(2771025300)","2,456","1,125","681","391","194","51","11","2","1","0","0"
"대구광역시 달성군 논공읍공단출장소(2771025400)","6,467","2,971","1,526","996","755","183","31","5","0","0","0"
"대구광역시 달성군 다사읍(2771025600)","19,521","4,716","4,837","4,590","4,298","890","144","38","7","0","1"
"대구광역시 달성군 다사읍서재출장소(2771025700)","14,549","3,542","3,267","3,622","3,360","653","84","15","4","1","1"
"대구광역시 달성군 유가읍(2771025900)","11,302","3,053","2,368","2,537","2,700","553","72","12","3","3","1"
"대구광역시 달성군 옥포읍(2771026200)","11,237","3,928","3,174","2,138","1,534","384","67","12","0","0","0"
"대구광역시 달성군 현풍읍(2771026500)","11,925","6,159","2,469","1,663","1,296","279","50","5","3","0","1"
"대구광역시 달성군 가창면(2771031000)","3,769","1,583","1,132","544","353","120","24","6","2","0","5"
"대구광역시 달성군 하빈면(2771033000)","2,030","1,073","574","225","106","39","11","1","1","0","0"
"대구광역시 달성군 구지면(2771038000)","8,915","3,697","2,185","1,618","1,110","254","41","7","3","0","0"
"인천광역시  (2800000000)","1,298,647","487,849","308,673","240,886","202,618","46,995","8,888","1,969","479","151","139"
"인천광역시 중구 (2811000000)","71,061","34,830","14,814","10,157","8,477","2,190","438","99","36","11","9"
"인천광역시 중구 연안동(2811052000)","3,392","1,848","800","405","243","75","14","5","2","0","0"
"인천광역시 중구 신포동(2811053000)","2,730","1,484","574","364","216","66","19","5","0","1","1"
"인천광역시 중구 신흥동(2811054000)","6,297","2,720","1,547","1,009","773","195","44","5","2","2","0"
"인천광역시 중구 도원동(2811056000)","2,073","1,013","563","279","161","39","16","2","0","0","0"
"인천광역시 중구 율목동(2811057000)","1,819","1,023","423","229","103","30","6","4","0","0","1"
"인천광역시 중구 동인천동(2811058500)","3,415","2,058","718","356","194","66","13","9","0","1","0"
"인천광역시 중구 개항동(2811061500)","3,645","1,747","973","524","283","91","24","0","2","0","1"
"인천광역시 중구 영종동(2811062000)","10,097","5,347","2,247","1,222","936","268","58","11","6","0","2"
"인천광역시 중구 영종1동(2811062200)","16,826","4,364","3,806","3,887","3,714","854","148","35","13","4","1"
"인천광역시 중구 운서동(2811062800)","18,171","11,544","2,542","1,710","1,752","489","96","21","11","3","3"
"인천광역시 중구 용유동(2811063000)","2,596","1,682","621","172","102","17","0","2","0","0","0"
"인천광역시 동구 (2814000000)","28,681","11,590","7,479","4,933","3,580","866","185","40","5","2","1"
"인천광역시 동구 만석동(2814051000)","3,229","1,333","803","533","441","83","30","5","1","0","0"
"인천광역시 동구 화수1.화평동(2814052500)","2,849","1,225","767","420","329","92","12","3","0","0","1"
"인천광역시 동구 화수2동(2814053000)","3,728","1,598","1,028","613","366","102","17","4","0","0","0"
"인천광역시 동구 송현1.2동(2814055500)","4,440","1,426","1,197","922","716","138","33","8","0","0","0"
"인천광역시 동구 송현3동(2814057000)","1,936","979","531","237","144","38","6","1","0","0","0"
"인천광역시 동구 송림1동(2814058000)","698","250","189","144","77","31","2","4","1","0","0"
"인천광역시 동구 송림2동(2814059000)","1,545","865","372","165","107","28","6","2","0","0","0"
"인천광역시 동구 송림3.5동(2814060500)","3,501","1,476","817","605","452","115","31","5","0","0","0"
"인천광역시 동구 송림4동(2814061000)","2,581","793","688","562","429","94","14","1","0","0","0"
"인천광역시 동구 송림6동(2814063000)","2,637","878","686","524","409","108","23","6","2","1","0"
"인천광역시 동구 금창동(2814064000)","1,537","767","401","208","110","37","11","1","1","1","0"
"인천광역시 미추홀구 (2817700000)","193,561","83,179","47,364","32,101","23,593","5,783","1,233","228","44","14","22"
"인천광역시 미추홀구 숭의2동(2817751000)","7,004","2,942","1,789","1,248","754","194","66","10","0","0","1"
"인천광역시 미추홀구 숭의1.3동(2817752000)","6,771","2,909","1,805","1,143","710","164","34","5","1","0","0"
"인천광역시 미추홀구 숭의4동(2817753000)","7,882","3,349","2,039","1,345","859","235","49","6","0","0","0"
"인천광역시 미추홀구 용현1.4동(2817754000)","10,523","6,594","2,089","1,052","580","158","38","10","1","0","1"
"인천광역시 미추홀구 용현2동(2817755000)","8,519","3,681","2,021","1,452","1,039","261","51","11","2","1","0"
"인천광역시 미추홀구 용현3동(2817756000)","4,414","2,509","1,063","485","264","70","18","4","0","0","1"
"인천광역시 미추홀구 용현5동(2817757000)","20,171","7,127","4,566","3,855","3,525","868","194","29","5","1","1"
"인천광역시 미추홀구 학익1동(2817758000)","12,927","3,933","3,142","2,577","2,513","565","160","28","4","3","2"
"인천광역시 미추홀구 학익2동(2817759000)","8,072","2,885","2,148","1,538","1,130","293","65","11","0","2","0"
"인천광역시 미추홀구 도화1동(2817760000)","11,206","4,732","2,996","1,858","1,210","327","63","17","2","0","1"
"인천광역시 미추홀구 도화2.3동(2817761000)","14,587","5,409","3,517","2,860","2,214","492","79","9","2","0","5"
"인천광역시 미추홀구 주안1동(2817762000)","11,922","7,051","2,495","1,364","778","181","40","10","2","0","1"
"인천광역시 미추홀구 주안2동(2817763000)","8,442","3,824","2,287","1,279","787","206","46","11","0","1","1"
"인천광역시 미추홀구 주안3동(2817764000)","4,470","2,156","1,085","677","395","130","21","2","2","1","1"
"인천광역시 미추홀구 주안4동(2817765000)","7,052","3,446","1,827","988","606","149","27","8","0","1","0"
"인천광역시 미추홀구 주안5동(2817766000)","10,199","4,543","2,629","1,632","1,106","244","33","6","4","0","2"
"인천광역시 미추홀구 주안6동(2817767000)","10,116","4,138","2,395","1,774","1,412","318","62","12","4","0","1"
"인천광역시 미추홀구 주안7동(2817768000)","6,071","2,549","1,675","1,018","641","143","32","7","4","1","1"
"인천광역시 미추홀구 주안8동(2817769000)","9,351","3,346","2,528","1,785","1,325","296","52","11","5","1","2"
"인천광역시 미추홀구 관교동(2817770000)","6,326","2,025","1,666","1,250","1,013","291","63","14","3","1","0"
"인천광역시 미추홀구 문학동(2817771000)","7,536","4,031","1,602","921","732","198","40","7","3","1","1"
"인천광역시 연수구 (2818500000)","155,984","48,414","32,933","33,909","32,274","6,871","1,172","283","80","25","23"
"인천광역시 연수구 옥련1동(2818563000)","8,292","2,826","2,057","1,694","1,342","313","47","11","0","2","0"
"인천광역시 연수구 옥련2동(2818564000)","7,971","2,146","1,911","1,835","1,621","367","74","12","2","1","2"
"인천광역시 연수구 선학동(2818575000)","8,205","3,574","1,994","1,352","973","230","62","18","1","0","1"
"인천광역시 연수구 연수1동(2818576100)","9,810","4,963","1,999","1,413","1,068","296","52","15","3","0","1"
"인천광역시 연수구 연수2동(2818576200)","9,887","4,191","2,311","1,661","1,359","296","42","18","6","1","2"
"인천광역시 연수구 연수3동(2818576300)","7,462","2,947","1,923","1,354","996","199","32","6","3","1","1"
"인천광역시 연수구 청학동(2818576600)","12,682","6,222","2,938","1,924","1,174","325","77","17","2","3","0"
"인천광역시 연수구 동춘1동(2818578000)","9,299","1,863","2,239","2,453","2,184","465","68","12","6","3","6"
"인천광역시 연수구 동춘2동(2818579000)","7,003","1,581","1,831","1,694","1,558","279","49","6","5","0","0"
"인천광역시 연수구 동춘3동(2818579500)","5,833","605","1,090","1,568","1,951","492","93","27","5","2","0"
"인천광역시 연수구 송도1동(2818582000)","14,547","4,777","2,350","2,911","3,441","814","188","46","17","2","1"
"인천광역시 연수구 송도2동(2818583000)","11,831","1,682","1,862","3,174","4,018","908","137","37","10","2","1"
"인천광역시 연수구 송도3동(2818584000)","18,832","5,458","3,329","4,487","4,559","836","114","30","10","5","4"
"인천광역시 연수구 송도4동(2818585000)","9,380","2,311","1,664","2,405","2,502","422","53","13","5","3","2"
"인천광역시 연수구 송도5동(2818586000)","14,950","3,268","3,435","3,984","3,528","629","84","15","5","0","2"
"인천광역시 남동구 (2820000000)","228,442","85,587","55,037","41,751","35,670","8,370","1,556","361","70","26","14"
"인천광역시 남동구 구월1동(2820051000)","13,181","4,479","3,043","2,606","2,368","565","93","21","4","1","1"
"인천광역시 남동구 구월2동(2820052000)","12,772","2,641","2,835","3,170","3,186","755","139","38","4","4","0"
"인천광역시 남동구 구월3동(2820052100)","17,430","10,508","3,297","1,929","1,314","304","62","10","3","3","0"
"인천광역시 남동구 구월4동(2820052200)","7,806","4,005","1,917","1,010","666","166","31","7","4","0","0"
"인천광역시 남동구 간석1동(2820053000)","10,384","4,671","2,559","1,655","1,132","300","53","13","1","0","0"
"인천광역시 남동구 간석2동(2820054000)","9,441","3,443","2,146","1,814","1,556","362","94","20","4","2","0"
"인천광역시 남동구 간석3동(2820055000)","13,121","5,432","3,485","2,225","1,508","380","74","15","1","0","1"
"인천광역시 남동구 간석4동(2820055100)","13,452","5,459","3,303","2,392","1,782","407","84","19","3","2","1"
"인천광역시 남동구 만수1동(2820056000)","9,023","4,378","2,379","1,320","740","167","37","1","1","0","0"
"인천광역시 남동구 만수2동(2820057000)","9,870","2,834","2,650","2,059","1,796","427","76","22","5","1","0"
"인천광역시 남동구 만수3동(2820058000)","7,438","2,374","1,945","1,506","1,238","300","61","11","1","0","2"
"인천광역시 남동구 만수4동(2820058100)","9,166","3,062","2,498","1,844","1,420","285","41","14","1","1","0"
"인천광역시 남동구 만수5동(2820058200)","7,646","3,426","2,029","1,247","711","178","42","10","2","0","1"
"인천광역시 남동구 만수6동(2820058300)","10,319","3,435","2,653","2,026","1,688","392","94","20","9","0","2"
"인천광역시 남동구 장수서창동(2820065000)","7,987","2,298","2,103","1,612","1,446","415","81","24","7","0","1"
"인천광역시 남동구 서창2동(2820065500)","15,837","4,840","3,480","3,334","3,354","708","92","19","7","2","1"
"인천광역시 남동구 남촌도림동(2820066000)","9,306","3,287","2,535","1,690","1,386","342","49","15","1","1","0"
"인천광역시 남동구 논현1동(2820069000)","13,475","4,605","3,199","2,542","2,455","532","104","29","5","2","2"
"인천광역시 남동구 논현2동(2820070000)","15,094","6,065","3,799","2,473","2,064","558","105","26","2","2","0"
"인천광역시 남동구 논현고잔동(2820071000)","15,694","4,345","3,182","3,297","3,860","827","144","27","5","5","2"
"인천광역시 부평구 (2823700000)","213,372","77,337","52,952","40,845","33,015","7,379","1,410","312","78","20","24"
"인천광역시 부평구 부평1동(2823751000)","16,748","6,671","4,035","3,076","2,326","490","109","30","6","4","1"
"인천광역시 부평구 부평2동(2823752000)","7,205","3,159","1,846","1,122","829","186","50","7","3","1","2"
"인천광역시 부평구 부평3동(2823753000)","6,300","2,872","1,540","1,106","594","142","34","5","2","2","3"
"인천광역시 부평구 부평4동(2823754000)","18,607","8,825","4,366","2,920","1,947","451","79","10","4","3","2"
"인천광역시 부평구 부평5동(2823755000)","15,476","6,858","3,804","2,591","1,736","395","63","25","3","0","1"
"인천광역시 부평구 부평6동(2823756000)","7,285","3,202","1,823","1,240","802","174","36","5","1","0","2"
"인천광역시 부평구 산곡1동(2823757000)","5,466","2,167","1,479","970","655","149","34","5","6","0","1"
"인천광역시 부평구 산곡2동(2823758000)","11,022","2,047","2,515","2,730","2,927","643","125","24","8","2","1"
"인천광역시 부평구 산곡3동(2823758100)","8,867","2,533","2,341","1,844","1,630","389","98","21","5","3","3"
"인천광역시 부평구 산곡4동(2823758200)","6,679","1,530","1,651","1,626","1,429","359","60","15","7","1","1"
"인천광역시 부평구 청천1동(2823759100)","3,466","1,602","868","541","352","78","23","0","2","0","0"
"인천광역시 부평구 청천2동(2823759200)","14,595","4,433","3,755","3,127","2,609","536","98","27","8","0","2"
"인천광역시 부평구 갈산1동(2823764100)","7,373","2,664","1,896","1,494","1,029","232","50","8","0","0","0"
"인천광역시 부평구 갈산2동(2823764200)","8,240","3,058","2,061","1,481","1,222","323","73","17","4","1","0"
"인천광역시 부평구 삼산1동(2823764600)","13,975","4,517","3,446","2,883","2,537","495","77","17","2","0","1"
"인천광역시 부평구 삼산2동(2823764800)","10,288","2,067","2,286","2,411","2,803","619","81","17","3","0","1"
"인천광역시 부평구 부개1동(2823765000)","7,750","3,235","2,123","1,268","853","213","45","8","3","1","1"
"인천광역시 부평구 부개2동(2823766000)","8,385","2,622","2,187","1,749","1,423","323","61","17","3","0","0"
"인천광역시 부평구 부개3동(2823766100)","12,442","3,622","3,074","2,713","2,462","462","83","21","3","2","0"
"인천광역시 부평구 일신동(2823767000)","5,228","1,585","1,451","1,098","825","226","33","7","1","0","2"
"인천광역시 부평구 십정1동(2823768000)","6,374","2,508","1,596","1,148","878","197","37","10","0","0","0"
"인천광역시 부평구 십정2동(2823769000)","11,601","5,560","2,809","1,707","1,147","297","61","16","4","0","0"
"인천광역시 계양구 (2824500000)","127,984","44,994","31,715","25,100","20,573","4,553","810","178","40","13","8"
"인천광역시 계양구 효성1동(2824560100)","11,625","3,762","3,073","2,358","1,894","443","79","14","2","0","0"
"인천광역시 계양구 효성2동(2824560200)","11,724","3,271","3,131","2,578","2,134","496","90","20","4","0","0"
"인천광역시 계양구 계산1동(2824561100)","10,034","5,031","2,356","1,431","950","210","48","8","0","0","0"
"인천광역시 계양구 계산2동(2824561200)","7,869","3,694","1,909","1,232","809","177","36","6","4","1","1"
"인천광역시 계양구 계산3동(2824561300)","8,630","3,154","2,320","1,681","1,176","256","33","8","2","0","0"
"인천광역시 계양구 계산4동(2824561400)","9,185","3,053","1,596","1,837","2,187","432","64","13","0","3","0"
"인천광역시 계양구 작전1동(2824562100)","11,279","3,250","2,860","2,468","2,174","438","74","10","4","1","0"
"인천광역시 계양구 작전2동(2824562200)","9,143","3,510","2,425","1,733","1,189","234","38","9","5","0","0"
"인천광역시 계양구 작전서운동(2824564000)","14,204","4,360","3,289","3,082","2,756","575","108","27","4","2","1"
"인천광역시 계양구 계양1동(2824571000)","8,571","2,636","2,197","1,787","1,481","361","75","20","8","2","4"
"인천광역시 계양구 계양2동(2824572000)","15,682","6,568","3,972","2,713","1,897","442","69","15","3","1","2"
"인천광역시 계양구 계양3동(2824573000)","10,038","2,705","2,587","2,200","1,926","489","96","28","4","3","0"
"인천광역시 서구 (2826000000)","232,834","79,560","52,795","46,525","42,041","9,728","1,692","357","89","30","17"
"인천광역시 서구 검암경서동(2826051500)","19,773","7,299","4,558","3,797","3,189","737","145","32","11","4","1"
"인천광역시 서구 연희동(2826053000)","19,054","8,061","4,471","3,276","2,533","601","88","15","7","1","1"
"인천광역시 서구 청라1동(2826053600)","11,943","3,440","2,128","2,719","2,835","666","113","28","11","2","1"
"인천광역시 서구 청라2동(2826053700)","18,069","4,788","3,305","3,993","4,685","1,082","153","45","8","8","2"
"인천광역시 서구 청라3동(2826053900)","11,193","2,528","1,989","2,724","3,048","742","125","25","8","3","1"
"인천광역시 서구 가정1동(2826054200)","12,006","4,206","2,770","2,450","2,097","401","59","20","3","0","0"
"인천광역시 서구 가정2동(2826054300)","3,036","1,177","824","571","375","70","16","3","0","0","0"
"인천광역시 서구 가정3동(2826054400)","4,406","1,739","1,108","798","590","129","35","4","3","0","0"
"인천광역시 서구 석남1동(2826055000)","10,922","4,825","2,763","1,797","1,175","306","44","11","0","1","0"
"인천광역시 서구 석남2동(2826056000)","6,239","2,562","1,694","1,082","708","151","34","7","1","0","0"
"인천광역시 서구 석남3동(2826056100)","6,608","2,767","1,736","1,133","765","167","29","5","4","0","2"
"인천광역시 서구 신현원창동(2826057500)","13,008","4,011","3,235","2,730","2,352","560","86","27","5","1","1"
"인천광역시 서구 가좌1동(2826058000)","6,190","2,763","1,628","1,012","592","166","22","4","1","1","1"
"인천광역시 서구 가좌2동(2826059000)","7,765","1,915","2,040","1,800","1,550","377","70","12","0","0","1"
"인천광역시 서구 가좌3동(2826060000)","8,046","3,363","2,193","1,375","899","171","39","4","1","1","0"
"인천광역시 서구 가좌4동(2826061000)","4,940","2,047","1,186","939","613","126","20","8","1","0","0"
"인천광역시 서구 검단동(2826068000)","14,702","5,891","3,281","2,559","2,284","558","108","19","2","0","0"
"인천광역시 서구 불로대곡동(2826069000)","9,193","2,904","2,159","1,791","1,818","427","77","9","5","2","1"
"인천광역시 서구 원당동(2826070000)","9,668","3,267","1,854","1,909","2,044","488","86","14","3","1","2"
"인천광역시 서구 당하동(2826071000)","10,859","3,088","2,324","2,469","2,378","491","83","19","6","0","1"
"인천광역시 서구 오류왕길동(2826072000)","10,316","3,211","2,383","2,095","2,021","472","108","18","3","3","2"
"인천광역시 서구 마전동(2826073000)","8,301","1,979","1,746","1,891","1,961","575","114","28","5","2","0"
"인천광역시 서구 아라동(2826074000)","6,597","1,729","1,420","1,615","1,529","265","38","0","1","0","0"
"인천광역시 강화군 (2871000000)","34,667","15,081","10,830","4,488","2,744","1,046","335","87","30","9","17"
"인천광역시 강화군 강화읍(2871025000)","10,638","4,357","2,931","1,627","1,163","414","99","29","9","5","4"
"인천광역시 강화군 선원면(2871031000)","3,615","1,382","1,064","509","450","152","48","6","4","0","0"
"인천광역시 강화군 불은면(2871032000)","2,621","1,206","895","284","144","61","25","3","2","0","1"
"인천광역시 강화군 길상면(2871033000)","3,608","1,615","1,112","468","247","108","39","11","4","1","3"
"인천광역시 강화군 화도면(2871034000)","2,443","1,196","754","263","135","62","25","4","3","0","1"
"인천광역시 강화군 양도면(2871035000)","2,188","956","748","279","117","63","16","5","1","0","3"
"인천광역시 강화군 내가면(2871036000)","1,654","760","587","175","87","24","16","4","0","1","0"
"인천광역시 강화군 하점면(2871037000)","2,077","923","727","243","106","40","19","13","3","0","3"
"인천광역시 강화군 양사면(2871038000)","1,001","470","339","103","51","21","11","5","0","0","1"
"인천광역시 강화군 송해면(2871039000)","1,664","689","600","208","101","36","23","4","1","2","0"
"인천광역시 강화군 교동면(2871040000)","1,559","721","555","173","66","31","9","2","2","0","0"
"인천광역시 강화군 삼산면(2871041000)","1,208","590","389","135","62","26","4","1","0","0","1"
"인천광역시 강화군 서도면(2871042000)","220","114","75","14","8","7","1","0","1","0","0"
"인천광역시 강화군 서도면볼음출장소(2871042500)","171","102","54","7","7","1","0","0","0","0","0"
"인천광역시 옹진군 (2872000000)","12,061","7,277","2,754","1,077","651","209","57","24","7","1","4"
"인천광역시 옹진군 북도면(2872031000)","664","362","194","55","28","15","7","2","1","0","0"
"인천광역시 옹진군 북도면장봉출장소(2872031500)","528","276","160","62","22","3","2","0","1","0","2"
"인천광역시 옹진군 백령면(2872033000)","2,926","1,831","560","240","209","65","14","5","1","0","1"
"인천광역시 옹진군 대청면(2872034000)","721","442","172","59","32","11","3","1","1","0","0"
"인천광역시 옹진군 대청면소청출장소(2872034500)","171","130","35","5","0","1","0","0","0","0","0"
"인천광역시 옹진군 덕적면(2872035000)","1,159","678","330","85","42","15","5","4","0","0","0"
"인천광역시 옹진군 영흥면(2872036000)","3,673","2,033","886","415","234","74","17","10","3","1","0"
"인천광역시 옹진군 자월면(2872037000)","563","322","158","47","25","5","4","1","0","0","1"
"인천광역시 옹진군 자월면이작출장소(2872037500)","228","137","57","20","10","2","2","0","0","0","0"
"인천광역시 옹진군 연평면(2872038000)","1,428","1,066","202","89","49","18","3","1","0","0","0"
"광주광역시  (2900000000)","645,712","256,675","150,484","110,029","96,982","26,040","4,362","815","206","51","68"
"광주광역시 동구 (2911000000)","52,362","25,455","12,430","7,452","5,164","1,449","317","59","22","2","12"
"광주광역시 동구 충장동(2911052500)","3,522","2,783","490","156","69","15","6","1","1","1","0"
"광주광역시 동구 동명동(2911054500)","2,497","1,689","490","177","96","31","10","2","1","0","1"
"광주광역시 동구 계림1동(2911056000)","6,016","3,326","1,242","795","501","113","32","6","0","0","1"
"광주광역시 동구 계림2동(2911057000)","4,151","1,368","1,090","762","725","166","29","8","3","0","0"
"광주광역시 동구 산수1동(2911059000)","4,503","2,312","1,046","601","391","120","27","3","2","1","0"
"광주광역시 동구 산수2동(2911060000)","4,865","1,879","1,375","839","558","171","35","6","2","0","0"
"광주광역시 동구 지산1동(2911062000)","2,429","1,460","477","252","164","53","18","4","0","0","1"
"광주광역시 동구 지산2동(2911063000)","2,438","1,328","524","297","197","69","18","2","2","0","1"
"광주광역시 동구 서남동(2911065500)","2,227","1,739","289","119","59","14","5","0","0","0","2"
"광주광역시 동구 학동(2911068500)","3,625","1,499","938","585","468","104","23","6","1","0","1"
"광주광역시 동구 학운동(2911071000)","5,234","1,930","1,599","905","539","196","51","8","4","0","2"
"광주광역시 동구 지원1동(2911073000)","3,651","1,470","963","615","460","114","22","6","1","0","0"
"광주광역시 동구 지원2동(2911074000)","7,204","2,672","1,907","1,349","937","283","41","7","5","0","3"
"광주광역시 서구 (2914000000)","132,808","54,617","30,658","22,231","19,287","4,981","817","162","38","5","12"
"광주광역시 서구 양동(2914057500)","2,121","1,165","575","213","118","42","6","2","0","0","0"
"광주광역시 서구 양3동(2914059000)","2,174","909","577","348","256","64","15","3","2","0","0"
"광주광역시 서구 농성1동(2914065000)","6,218","3,488","1,408","754","427","119","16","5","1","0","0"
"광주광역시 서구 농성2동(2914066000)","2,944","1,785","626","332","144","51","6","0","0","0","0"
"광주광역시 서구 광천동(2914073000)","4,234","2,205","932","555","393","121","24","3","1","0","0"
"광주광역시 서구 유덕동(2914074000)","4,898","2,030","1,024","810","776","212","36","8","1","0","1"
"광주광역시 서구 치평동(2914074500)","13,617","5,513","2,975","2,463","2,046","499","95","18","7","0","1"
"광주광역시 서구 상무1동(2914075100)","12,183","5,957","2,441","1,755","1,563","386","59","17","3","1","1"
"광주광역시 서구 상무2동(2914075200)","13,083","7,301","2,751","1,551","1,093","307","66","10","4","0","0"
"광주광역시 서구 화정1동(2914076000)","8,494","4,688","1,867","966","716","201","41","13","2","0","0"
"광주광역시 서구 화정2동(2914077000)","8,006","2,071","1,988","1,752","1,764","361","57","8","3","2","0"
"광주광역시 서구 화정3동(2914078000)","4,625","1,881","1,134","806","571","190","35","7","1","0","0"
"광주광역시 서구 화정4동(2914079000)","6,508","1,992","1,891","1,308","945","308","47","14","0","0","3"
"광주광역시 서구 서창동(2914080000)","2,698","1,147","652","456","313","100","25","1","1","1","2"
"광주광역시 서구 금호1동(2914082100)","8,816","3,214","2,276","1,600","1,282","371","61","8","2","0","2"
"광주광역시 서구 금호2동(2914082400)","10,554","2,442","2,386","2,388","2,618","617","88","13","1","0","1"
"광주광역시 서구 풍암동(2914083000)","15,243","5,157","3,371","2,959","2,946","681","99","23","5","1","1"
"광주광역시 서구 동천동(2914084000)","6,392","1,672","1,784","1,215","1,316","351","41","9","4","0","0"
"광주광역시 남구 (2915500000)","95,722","36,091","24,309","16,713","13,940","3,780","686","141","36","13","13"
"광주광역시 남구 양림동(2915551000)","3,166","1,089","1,035","492","400","122","25","1","2","0","0"
"광주광역시 남구 방림1동(2915552000)","2,930","1,054","773","540","426","114","17","4","1","1","0"
"광주광역시 남구 방림2동(2915553000)","4,082","1,519","1,184","715","483","145","29","7","0","0","0"
"광주광역시 남구 봉선1동(2915553700)","6,665","3,036","1,678","1,008","719","179","37","7","1","0","0"
"광주광역시 남구 봉선2동(2915553800)","9,990","1,903","2,275","2,279","2,681","668","138","32","3","5","6"
"광주광역시 남구 사직동(2915554500)","2,961","1,699","652","335","196","63","9","4","2","0","1"
"광주광역시 남구 월산동(2915560500)","4,583","2,291","1,089","630","432","106","28","5","2","0","0"
"광주광역시 남구 월산4동(2915563000)","4,779","2,618","1,187","553","302","101","14","3","0","1","0"
"광주광역시 남구 월산5동(2915564000)","3,528","1,853","891","456","246","68","11","3","0","0","0"
"광주광역시 남구 백운1동(2915567000)","5,182","1,517","1,625","1,041","750","194","44","6","3","2","0"
"광주광역시 남구 백운2동(2915568000)","3,336","1,712","770","434","307","92","18","1","2","0","0"
"광주광역시 남구 주월1동(2915569000)","9,620","3,542","2,376","1,768","1,452","404","58","14","6","0","0"
"광주광역시 남구 주월2동(2915570000)","4,040","1,896","1,048","548","397","119","22","8","2","0","0"
"광주광역시 남구 진월동(2915570500)","11,487","3,082","2,928","2,446","2,258","613","126","24","6","2","2"
"광주광역시 남구 효덕동(2915571000)","7,501","3,040","1,971","1,172","1,012","267","31","5","1","1","1"
"광주광역시 남구 송암동(2915572000)","8,580","2,637","1,932","1,868","1,647","415","60","13","4","1","3"
"광주광역시 남구 대촌동(2915573000)","3,292","1,603","895","428","232","110","19","4","1","0","0"
"광주광역시 북구 (2917000000)","195,695","80,063","46,828","32,887","27,071","7,262","1,254","239","65","13","13"
"광주광역시 북구 중흥1동(2917051000)","3,000","1,904","644","275","139","27","5","3","2","1","0"
"광주광역시 북구 중흥2동(2917052000)","3,779","2,096","840","449","262","108","16","6","1","0","1"
"광주광역시 북구 중흥3동(2917053000)","2,851","1,778","523","289","204","44","11","0","2","0","0"
"광주광역시 북구 중앙동(2917055500)","2,049","1,395","399","164","63","21","6","1","0","0","0"
"광주광역시 북구 임동(2917057000)","4,476","1,964","1,174","704","472","135","22","3","1","1","0"
"광주광역시 북구 신안동(2917058000)","7,227","4,341","1,458","807","463","124","26","6","0","0","2"
"광주광역시 북구 용봉동(2917059000)","17,773","7,472","4,155","2,865","2,443","679","126","23","9","1","0"
"광주광역시 북구 운암1동(2917060100)","7,441","1,801","2,048","1,577","1,485","418","91","17","3","1","0"
"광주광역시 북구 운암2동(2917060200)","6,102","2,899","1,542","881","568","161","33","13","4","1","0"
"광주광역시 북구 운암3동(2917060300)","5,077","1,406","1,382","1,065","908","256","40","15","4","1","0"
"광주광역시 북구 동림동(2917061500)","9,878","3,147","2,659","2,022","1,561","405","73","4","4","2","1"
"광주광역시 북구 우산동(2917062000)","5,643","3,082","1,317","645","415","136","39","7","2","0","0"
"광주광역시 북구 풍향동(2917063500)","2,774","1,281","592","448","360","73","16","4","0","0","0"
"광주광역시 북구 문화동(2917065000)","9,736","3,955","2,469","1,701","1,218","321","63","7","1","0","1"
"광주광역시 북구 문흥1동(2917065600)","6,483","1,906","1,661","1,363","1,167","331","43","11","1","0","0"
"광주광역시 북구 문흥2동(2917065700)","7,349","2,964","1,921","1,278","910","234","37","5","0","0","0"
"광주광역시 북구 두암1동(2917066100)","4,021","1,965","1,019","563","323","125","20","4","2","0","0"
"광주광역시 북구 두암2동(2917066200)","7,676","3,264","2,043","1,187","863","260","44","12","2","0","1"
"광주광역시 북구 두암3동(2917066300)","7,816","4,544","1,810","834","456","132","31","8","1","0","0"
"광주광역시 북구 삼각동(2917066600)","6,068","2,210","1,378","1,139","1,040","248","42","8","2","1","0"
"광주광역시 북구 일곡동(2917066900)","11,545","3,144","2,603","2,501","2,541","640","93","18","4","0","1"
"광주광역시 북구 매곡동(2917067300)","5,489","1,454","1,483","1,195","1,011","292","46","7","1","0","0"
"광주광역시 북구 오치1동(2917067600)","5,529","2,739","1,247","759","556","176","41","8","3","0","0"
"광주광역시 북구 오치2동(2917067700)","7,005","3,895","1,593","842","507","132","28","6","1","0","1"
"광주광역시 북구 석곡동(2917068500)","1,398","733","397","140","86","32","7","1","1","0","1"
"광주광역시 북구 건국동(2917069500)","9,282","3,129","2,117","1,783","1,762","415","62","7","4","0","3"
"광주광역시 북구 양산동(2917069600)","16,393","6,012","3,829","2,995","2,685","721","121","21","6","2","1"
"광주광역시 북구 신용동(2917069700)","11,835","3,583","2,525","2,416","2,603","616","72","14","4","2","0"
"광주광역시 광산구 (2920000000)","169,125","60,449","36,259","30,746","31,520","8,568","1,288","214","45","18","18"
"광주광역시 광산구 송정1동(2920051500)","4,879","1,908","1,207","826","684","205","41","8","0","0","0"
"광주광역시 광산구 송정2동(2920052500)","3,483","1,766","856","495","259","86","18","3","0","0","0"
"광주광역시 광산구 도산동(2920054000)","6,682","2,491","1,632","1,169","1,016","307","55","9","2","1","0"
"광주광역시 광산구 신흥동(2920055000)","2,056","740","607","348","248","81","25","7","0","0","0"
"광주광역시 광산구 어룡동(2920056500)","14,009","5,025","3,153","2,601","2,408","693","104","20","5","0","0"
"광주광역시 광산구 우산동(2920058000)","14,708","7,216","3,355","2,137","1,536","382","65","12","5","0","0"
"광주광역시 광산구 월곡1동(2920060000)","4,962","1,975","1,253","849","624","216","36","8","1","0","0"
"광주광역시 광산구 월곡2동(2920061000)","6,644","2,379","1,564","1,169","1,154","316","55","3","3","1","0"
"광주광역시 광산구 비아동(2920062000)","3,480","1,515","798","524","472","138","26","3","1","1","2"
"광주광역시 광산구 첨단1동(2920062400)","10,441","2,744","2,419","2,216","2,256","683","93","20","2","5","3"
"광주광역시 광산구 첨단2동(2920062600)","18,410","7,048","3,557","3,333","3,413","903","130","21","3","2","0"
"광주광역시 광산구 신가동(2920063000)","6,973","1,993","1,360","1,366","1,710","468","68","6","2","0","0"
"광주광역시 광산구 운남동(2920063500)","12,313","3,699","2,785","2,574","2,532","628","77","13","2","2","1"
"광주광역시 광산구 수완동(2920063700)","28,302","7,441","5,175","5,794","7,596","1,972","267","44","8","3","2"
"광주광역시 광산구 하남동(2920064000)","10,495","3,391","2,188","2,038","2,154","605","101","11","5","0","2"
"광주광역시 광산구 임곡동(2920065000)","1,273","757","327","123","48","12","3","0","0","1","2"
"광주광역시 광산구 동곡동(2920066000)","1,058","576","299","99","50","23","8","2","1","0","0"
"광주광역시 광산구 평동(2920067000)","2,522","1,562","592","213","111","33","8","2","1","0","0"
"광주광역시 광산구 삼도동(2920068000)","1,335","830","319","104","54","21","4","1","0","0","2"
"광주광역시 광산구 본량동(2920069000)","1,228","757","311","99","45","8","5","0","0","0","3"
"광주광역시 광산구 신창동(2920070000)","13,872","4,636","2,502","2,669","3,150","788","99","21","4","2","1"
"대전광역시  (3000000000)","664,417","273,933","155,302","110,887","95,231","23,402","4,366","935","232","57","72"
"대전광역시 동구 (3011000000)","107,832","48,519","26,429","16,203","12,442","3,401","652","142","27","10","7"
"대전광역시 동구 중앙동(3011051500)","3,124","2,244","542","205","99","25","4","4","0","0","1"
"대전광역시 동구 효동(3011053000)","9,638","2,567","2,471","1,971","1,996","514","92","23","3","1","0"
"대전광역시 동구 신인동(3011054500)","5,467","2,030","1,546","977","685","178","44","6","1","0","0"
"대전광역시 동구 판암1동(3011055100)","5,909","2,388","1,643","1,012","692","139","27","7","0","1","0"
"대전광역시 동구 판암2동(3011055200)","5,296","3,244","1,277","483","216","58","12","4","2","0","0"
"대전광역시 동구 용운동(3011056000)","10,281","4,321","2,531","1,663","1,355","336","61","9","4","1","0"
"대전광역시 동구 대동(3011058500)","6,417","2,208","1,663","1,194","1,033","261","45","9","3","1","0"
"대전광역시 동구 자양동(3011059000)","6,444","4,082","1,220","638","356","115","27","4","1","0","1"
"대전광역시 동구 가양1동(3011062000)","6,981","3,408","1,718","913","702","190","35","12","1","1","1"
"대전광역시 동구 가양2동(3011063000)","8,921","4,004","2,233","1,408","919","284","59","12","2","0","0"
"대전광역시 동구 용전동(3011064000)","11,453","6,606","2,295","1,310","927","254","44","13","3","0","1"
"대전광역시 동구 성남동(3011066500)","5,636","2,332","1,457","963","661","176","38","7","0","2","0"
"대전광역시 동구 홍도동(3011067000)","5,814","3,002","1,326","756","553","137","35","4","1","0","0"
"대전광역시 동구 삼성동(3011069500)","6,657","2,705","1,838","1,079","759","233","35","6","1","1","0"
"대전광역시 동구 대청동(3011072500)","1,265","595","382","148","100","31","6","3","0","0","0"
"대전광역시 동구 산내동(3011074000)","8,529","2,783","2,287","1,483","1,389","470","88","19","5","2","3"
"대전광역시 중구 (3014000000)","107,609","45,057","27,107","17,084","13,610","3,681","817","183","44","13","13"
"대전광역시 중구 은행선화동(3014053500)","9,200","5,691","1,718","948","613","181","35","8","5","0","1"
"대전광역시 중구 목동(3014055000)","4,922","939","1,014","1,096","1,442","339","74","10","4","2","2"
"대전광역시 중구 중촌동(3014056000)","5,998","2,529","1,616","950","673","177","39","10","2","1","1"
"대전광역시 중구 대흥동(3014057500)","7,520","4,327","1,423","874","659","191","35","8","0","0","3"
"대전광역시 중구 문창동(3014060500)","2,648","1,478","630","307","153","58","18","2","2","0","0"
"대전광역시 중구 석교동(3014062000)","7,764","3,327","2,345","1,162","655","210","55","8","0","0","2"
"대전광역시 중구 대사동(3014063000)","3,262","1,962","730","316","182","60","8","4","0","0","0"
"대전광역시 중구 부사동(3014064000)","3,509","1,717","910","465","307","83","19","6","1","1","0"
"대전광역시 중구 용두동(3014065500)","5,129","2,814","1,096","604","478","107","18","6","5","0","1"
"대전광역시 중구 오류동(3014067000)","4,979","2,041","1,318","806","636","138","33","6","1","0","0"
"대전광역시 중구 태평1동(3014068000)","5,217","1,347","1,382","1,150","1,035","249","41","8","3","1","1"
"대전광역시 중구 태평2동(3014069000)","9,611","2,065","2,754","2,058","2,022","539","140","25","6","1","1"
"대전광역시 중구 유천1동(3014070000)","3,663","2,005","869","453","252","64","15","5","0","0","0"
"대전광역시 중구 유천2동(3014071000)","6,465","2,656","1,786","1,027","694","221","55","18","7","1","0"
"대전광역시 중구 문화1동(3014072000)","8,836","2,475","2,207","1,831","1,765","445","89","19","2","2","1"
"대전광역시 중구 문화2동(3014073000)","6,104","2,615","1,677","946","599","193","57","15","2","0","0"
"대전광역시 중구 산성동(3014074000)","12,782","5,069","3,632","2,091","1,445","426","86","25","4","4","0"
"대전광역시 서구 (3017000000)","213,592","86,075","49,062","36,684","32,437","7,550","1,375","289","77","20","23"
"대전광역시 서구 복수동(3017051000)","8,792","2,552","2,060","1,807","1,784","473","93","15","6","1","1"
"대전광역시 서구 도마1동(3017052000)","8,111","4,103","2,039","1,073","635","206","42","9","3","1","0"
"대전광역시 서구 도마2동(3017053000)","8,305","3,503","2,260","1,319","879","263","58","17","4","2","0"
"대전광역시 서구 정림동(3017053500)","6,812","2,047","2,091","1,328","994","262","69","17","0","2","2"
"대전광역시 서구 변동(3017054000)","7,808","3,418","2,096","1,187","795","232","66","6","7","0","1"
"대전광역시 서구 용문동(3017055000)","7,150","4,217","1,550","768","475","106","25","6","3","0","0"
"대전광역시 서구 탄방동(3017055500)","14,566","7,910","2,898","1,901","1,508","273","60","11","4","1","0"
"대전광역시 서구 괴정동(3017056000)","11,407","7,013","2,311","1,081","747","202","38","7","4","1","3"
"대전광역시 서구 가장동(3017057000)","5,130","1,779","1,403","932","752","214","38","10","1","0","1"
"대전광역시 서구 내동(3017057500)","9,553","2,693","2,592","1,918","1,772","467","91","13","5","1","1"
"대전광역시 서구 갈마1동(3017058100)","11,439","6,023","2,499","1,526","1,040","277","53","18","2","1","0"
"대전광역시 서구 갈마2동(3017058200)","13,213","7,130","2,669","1,703","1,351","296","52","10","1","1","0"
"대전광역시 서구 월평1동(3017058600)","7,271","4,961","1,271","592","327","89","20","8","2","0","1"
"대전광역시 서구 월평2동(3017058700)","7,188","3,319","1,707","1,035","860","207","39","14","4","2","1"
"대전광역시 서구 월평3동(3017058800)","7,618","1,266","2,047","1,945","1,894","395","51","17","2","1","0"
"대전광역시 서구 가수원동(3017059000)","17,361","4,837","4,022","3,732","3,856","775","116","12","9","1","1"
"대전광역시 서구 관저1동(3017059600)","6,518","2,187","1,568","1,273","1,120","303","49","14","2","2","0"
"대전광역시 서구 관저2동(3017059700)","19,258","5,361","4,184","4,161","4,380","974","156","34","6","1","1"
"대전광역시 서구 기성동(3017060000)","1,954","1,103","494","194","99","35","14","5","1","0","9"
"대전광역시 서구 둔산1동(3017063000)","5,779","1,156","1,019","1,380","1,769","378","62","10","3","2","0"
"대전광역시 서구 둔산2동(3017064000)","14,407","4,368","3,166","3,265","2,970","545","83","9","1","0","0"
"대전광역시 서구 만년동(3017065000)","5,966","2,625","1,253","982","892","180","27","5","2","0","0"
"대전광역시 서구 둔산3동(3017066000)","7,986","2,504","1,863","1,582","1,538","398","73","22","5","0","1"
"대전광역시 유성구 (3020000000)","155,450","62,630","32,253","27,287","25,999","5,994","988","217","60","11","11"
"대전광역시 유성구 진잠동(3020052000)","11,309","4,628","2,537","1,908","1,660","472","80","22","1","0","1"
"대전광역시 유성구 학하동(3020052600)","7,583","2,928","1,826","1,391","1,078","299","45","15","0","0","1"
"대전광역시 유성구 상대동(3020052700)","8,065","1,754","1,901","1,863","1,992","458","78","12","5","1","1"
"대전광역시 유성구 온천1동(3020053000)","17,447","11,968","3,042","1,419","756","201","41","14","4","1","1"
"대전광역시 유성구 온천2동(3020054000)","20,033","10,187","3,783","2,915","2,450","551","116","22","5","2","2"
"대전광역시 유성구 노은1동(3020054600)","8,825","2,874","1,884","1,788","1,720","453","79","17","8","1","1"
"대전광역시 유성구 노은2동(3020054700)","9,482","2,683","2,127","1,972","2,104","502","77","13","3","0","1"
"대전광역시 유성구 노은3동(3020054800)","14,124","3,320","3,370","3,344","3,351","645","69","17","8","0","0"
"대전광역시 유성구 신성동(3020055000)","11,883","5,408","2,006","1,948","1,933","476","83","25","3","0","1"
"대전광역시 유성구 전민동(3020057000)","11,448","4,257","2,240","2,238","2,149","447","92","20","4","0","1"
"대전광역시 유성구 구즉동(3020058000)","11,855","4,525","2,645","1,989","2,081","524","75","13","3","0","0"
"대전광역시 유성구 관평동(3020060000)","10,749","3,065","1,819","2,320","2,819","600","93","16","12","5","0"
"대전광역시 유성구 원신흥동(3020061000)","12,647","5,033","3,073","2,192","1,906","366","60","11","4","1","1"
"대전광역시 대덕구 (3023000000)","79,934","31,652","20,451","13,629","10,743","2,776","534","104","24","3","18"
"대전광역시 대덕구 오정동(3023051000)","7,660","3,965","1,786","1,009","643","201","44","9","2","0","1"
"대전광역시 대덕구 대화동(3023052000)","3,529","1,775","962","425","261","78","13","6","2","0","7"
"대전광역시 대덕구 회덕동(3023052500)","5,663","2,173","1,627","957","677","168","45","12","3","0","1"
"대전광역시 대덕구 비래동(3023053300)","7,028","2,344","1,990","1,352","982","288","57","12","1","1","1"
"대전광역시 대덕구 송촌동(3023054300)","10,399","2,643","2,490","2,312","2,342","505","83","16","4","0","4"
"대전광역시 대덕구 중리동(3023054600)","10,330","5,322","2,434","1,384","838","268","73","7","3","0","1"
"대전광역시 대덕구 신탄진동(3023055000)","6,175","2,681","1,592","962","689","199","45","5","1","0","1"
"대전광역시 대덕구 석봉동(3023056000)","6,486","1,769","1,681","1,393","1,287","303","42","10","1","0","0"
"대전광역시 대덕구 덕암동(3023057000)","6,601","2,945","1,591","1,017","770","216","50","9","3","0","0"
"대전광역시 대덕구 목상동(3023058000)","3,185","1,498","716","467","398","91","12","1","1","1","0"
"대전광역시 대덕구 법1동(3023060000)","6,002","2,242","1,711","1,042","787","180","27","9","2","0","2"
"대전광역시 대덕구 법2동(3023061000)","6,876","2,295","1,871","1,309","1,069","279","43","8","1","1","0"
"울산광역시  (3100000000)","482,650","169,031","117,125","93,446","82,512","16,976","2,805","545","145","24","41"
"울산광역시 중구 (3111000000)","93,633","33,691","23,556","18,076","14,556","3,103","514","104","24","2","7"
"울산광역시 중구 학성동(3111051000)","5,862","2,862","1,524","819","483","138","25","7","3","0","1"
"울산광역시 중구 반구1동(3111052000)","7,850","3,241","1,859","1,459","1,035","214","38","2","2","0","0"
"울산광역시 중구 반구2동(3111053000)","4,312","1,953","1,103","690","438","98","23","7","0","0","0"
"울산광역시 중구 복산1동(3111054000)","2,038","769","580","391","228","59","10","0","1","0","0"
"울산광역시 중구 복산2동(3111055000)","4,788","1,604","1,179","999","797","180","23","6","0","0","0"
"울산광역시 중구 중앙동(3111058500)","7,057","3,859","1,669","877","494","119","28","11","0","0","0"
"울산광역시 중구 우정동(3111059000)","8,109","2,876","2,165","1,602","1,190","227","33","11","5","0","0"
"울산광역시 중구 태화동(3111060000)","12,715","2,995","3,242","3,039","2,803","546","70","11","7","1","1"
"울산광역시 중구 다운동(3111061000)","10,717","4,324","2,924","1,773","1,344","295","48","9","0","0","0"
"울산광역시 중구 병영1동(3111062000)","9,331","3,081","2,346","1,885","1,583","358","67","9","1","1","0"
"울산광역시 중구 병영2동(3111063000)","8,601","2,834","2,161","1,765","1,488","294","47","10","2","0","0"
"울산광역시 중구 약사동(3111064000)","3,814","678","834","1,003","1,076","193","23","7","0","0","0"
"울산광역시 중구 성안동(3111065000)","8,439","2,615","1,970","1,774","1,597","382","79","14","3","0","5"
"울산광역시 남구 (3114000000)","138,512","51,495","32,718","26,512","22,733","4,160","708","137","35","9","5"
"울산광역시 남구 신정1동(3114051000)","9,581","4,796","2,375","1,311","850","191","40","14","4","0","0"
"울산광역시 남구 신정2동(3114052000)","9,671","2,831","2,264","2,036","2,084","384","58","11","2","0","1"
"울산광역시 남구 신정3동(3114053000)","7,721","3,259","1,864","1,313","1,032","201","41","8","2","1","0"
"울산광역시 남구 신정4동(3114054000)","8,517","2,634","1,969","1,762","1,782","315","46","8","1","0","0"
"울산광역시 남구 신정5동(3114055000)","4,735","2,536","991","639","445","96","25","2","1","0","0"
"울산광역시 남구 달동(3114056000)","13,704","6,538","3,138","2,138","1,568","271","43","4","3","1","0"
"울산광역시 남구 삼산동(3114057000)","23,470","10,761","4,784","3,975","3,174","624","118","27","4","1","2"
"울산광역시 남구 삼호동(3114058500)","9,290","3,559","2,377","1,741","1,308","251","44","7","3","0","0"
"울산광역시 남구 무거동(3114059500)","13,369","4,477","2,999","2,836","2,551","427","66","11","0","1","1"
"울산광역시 남구 옥동(3114060000)","9,909","2,055","2,584","2,523","2,284","381","63","14","3","2","0"
"울산광역시 남구 대현동(3114062500)","11,323","2,662","2,795","2,613","2,702","447","79","16","8","0","1"
"울산광역시 남구 수암동(3114063500)","6,063","1,064","1,597","1,581","1,491","288","32","6","2","2","0"
"울산광역시 남구 선암동(3114064000)","6,039","1,818","1,680","1,322","986","190","33","7","2","1","0"
"울산광역시 남구 야음장생포동(3114067000)","5,120","2,505","1,301","722","476","94","20","2","0","0","0"
"울산광역시 동구 (3117000000)","66,201","23,107","16,463","12,332","11,253","2,470","463","78","26","4","5"
"울산광역시 동구 방어동(3117051000)","18,122","7,292","4,288","2,983","2,663","719","145","22","8","2","0"
"울산광역시 동구 일산동(3117052000)","3,159","1,662","823","358","226","65","18","4","2","1","0"
"울산광역시 동구 화정동(3117053000)","8,274","2,840","1,972","1,581","1,535","286","48","8","4","0","0"
"울산광역시 동구 대송동(3117054000)","5,096","1,861","1,248","1,013","767","159","39","6","2","0","1"
"울산광역시 동구 전하1동(3117055000)","6,459","2,368","1,604","1,170","1,021","242","40","12","2","0","0"
"울산광역시 동구 전하2동(3117056000)","7,832","1,935","1,904","1,677","1,875","359","70","7","4","0","1"
"울산광역시 동구 남목1동(3117058000)","3,680","1,153","1,024","721","612","143","20","5","1","0","1"
"울산광역시 동구 남목2동(3117059000)","8,702","2,638","2,254","1,817","1,622","307","52","7","3","1","1"
"울산광역시 동구 남목3동(3117060000)","4,877","1,358","1,346","1,012","932","190","31","7","0","0","1"
"울산광역시 북구 (3120000000)","85,815","23,513","20,072","19,255","18,578","3,763","501","90","33","6","4"
"울산광역시 북구 농소1동(3120051000)","14,419","4,000","3,323","3,190","3,165","613","98","17","10","2","1"
"울산광역시 북구 농소2동(3120052000)","15,518","3,364","3,720","3,860","3,668","771","119","12","3","0","1"
"울산광역시 북구 농소3동(3120053000)","13,147","2,275","2,811","3,188","3,889","852","99","20","11","2","0"
"울산광역시 북구 강동동(3120054000)","6,612","1,997","1,620","1,404","1,255","291","28","13","2","0","2"
"울산광역시 북구 효문동(3120056000)","13,017","4,674","3,125","2,764","2,038","358","48","7","2","1","0"
"울산광역시 북구 송정동(3120057000)","13,813","3,309","3,228","3,279","3,296","619","63","13","5","1","0"
"울산광역시 북구 양정동(3120058000)","4,773","2,169","1,041","802","609","129","16","7","0","0","0"
"울산광역시 북구 염포동(3120059000)","4,516","1,725","1,204","768","658","130","30","1","0","0","0"
"울산광역시 울주군 (3171000000)","98,489","37,225","24,316","17,271","15,392","3,480","619","136","27","3","20"
"울산광역시 울주군 온산읍(3171025000)","10,754","5,758","2,258","1,287","1,129","262","44","13","2","0","1"
"울산광역시 울주군 언양읍(3171025300)","12,318","4,465","3,130","2,221","1,880","497","90","25","7","0","3"
"울산광역시 울주군 온양읍(3171025600)","12,279","4,286","2,987","2,308","2,109","476","91","18","3","0","1"
"울산광역시 울주군 범서읍(3171025900)","25,164","5,190","5,669","5,947","6,742","1,355","209","42","5","1","4"
"울산광역시 울주군 청량읍(3171026200)","8,443","2,993","2,228","1,637","1,261","258","49","13","2","2","0"
"울산광역시 울주군 삼남읍(3171026500)","11,306","5,138","2,958","1,765","1,089","291","48","9","4","0","4"
"울산광역시 울주군 서생면(3171031000)","4,492","2,322","1,137","533","353","112","31","3","1","0","0"
"울산광역시 울주군 웅촌면(3171034000)","4,187","2,116","1,186","511","272","77","18","3","1","0","3"
"울산광역시 울주군 두동면(3171036000)","2,414","1,303","642","259","148","52","9","1","0","0","0"
"울산광역시 울주군 두서면(3171037000)","1,900","1,088","556","152","76","20","5","3","0","0","0"
"울산광역시 울주군 상북면(3171038000)","4,198","1,995","1,274","549","283","65","20","6","2","0","4"
"울산광역시 울주군 삼동면(3171040000)","1,034","571","291","102","50","15","5","0","0","0","0"
"세종특별자치시  (3600000000)","153,649","53,562","32,324","28,611","30,051","7,498","1,261","257","52","21","12"
"세종특별자치시  (3611000000)","153,649","53,562","32,324","28,611","30,051","7,498","1,261","257","52","21","12"
"세종특별자치시  조치원읍(3611025000)","20,972","9,880","4,664","2,950","2,482","764","183","40","4","4","1"
"세종특별자치시  연기면(3611031000)","1,695","1,061","345","164","80","28","12","4","0","1","0"
"세종특별자치시  연동면(3611032000)","1,749","952","453","194","94","42","12","2","0","0","0"
"세종특별자치시  부강면(3611033000)","3,382","1,773","893","398","227","65","18","7","0","1","0"
"세종특별자치시  금남면(3611034000)","4,946","2,552","1,393","576","281","100","30","11","1","1","1"
"세종특별자치시  장군면(3611035000)","4,252","2,660","924","344","212","75","30","5","2","0","0"
"세종특별자치시  연서면(3611036000)","3,971","2,044","1,079","443","253","106","34","7","4","0","1"
"세종특별자치시  전의면(3611037000)","3,033","1,626","785","307","204","85","18","7","1","0","0"
"세종특별자치시  전동면(3611038000)","1,980","1,133","518","188","92","33","11","4","1","0","0"
"세종특별자치시  소정면(3611039000)","1,165","565","315","134","98","43","6","2","2","0","0"
"세종특별자치시  한솔동(3611051000)","6,411","1,288","1,234","1,420","1,870","500","81","13","3","2","0"
"세종특별자치시  새롬동(3611051500)","15,296","5,307","2,671","2,897","3,439","835","118","26","2","1","0"
"세종특별자치시  도담동(3611052000)","14,229","5,628","2,525","2,512","2,836","622","86","16","2","1","1"
"세종특별자치시  해밀동(3611052500)","3,096","784","570","680","774","240","35","8","2","3","0"
"세종특별자치시  아름동(3611053000)","7,785","1,290","1,407","1,909","2,528","539","84","22","4","0","2"
"세종특별자치시  종촌동(3611054000)","10,861","2,843","2,114","2,438","2,728","623","90","16","8","0","1"
"세종특별자치시  고운동(3611055000)","11,896","2,169","2,606","2,872","3,286","800","132","20","5","5","1"
"세종특별자치시  소담동(3611055500)","7,361","1,554","1,591","1,775","1,948","426","52","12","2","0","1"
"세종특별자치시  반곡동(3611055600)","7,598","2,981","1,475","1,440","1,303","332","57","9","0","0","1"
"세종특별자치시  보람동(3611056000)","6,905","1,609","1,381","1,569","1,872","408","51","12","2","0","1"
"세종특별자치시  대평동(3611057000)","4,375","1,110","1,089","991","929","210","37","6","3","0","0"
"세종특별자치시  다정동(3611058000)","10,691","2,753","2,292","2,410","2,515","622","84","8","4","2","1"
"경기도  (4100000000)","5,841,995","2,146,747","1,330,604","1,080,963","991,399","232,452","45,198","10,447","2,759","826","600"
"경기도 수원시 (4111000000)","517,822","203,352","107,466","92,698","90,593","19,329","3,364","750","161","65","44"
"경기도 수원시 장안구 (4111100000)","118,432","44,998","25,352","21,350","21,225","4,491","767","168","46","16","19"
"경기도 수원시 장안구 파장동(4111156000)","10,701","4,413","2,548","1,854","1,462","342","57","15","4","0","6"
"경기도 수원시 장안구 율천동(4111156600)","20,029","9,675","3,426","2,989","3,183","621","109","20","5","1","0"
"경기도 수원시 장안구 정자1동(4111157100)","10,960","2,800","2,487","2,395","2,602","572","76","17","5","3","3"
"경기도 수원시 장안구 정자2동(4111157200)","14,922","4,964","3,325","2,989","2,967","562","82","22","6","4","1"
"경기도 수원시 장안구 정자3동(4111157300)","14,308","2,932","2,469","3,251","4,687","807","117","29","9","6","1"
"경기도 수원시 장안구 영화동(4111158000)","10,741","5,630","2,556","1,425","845","223","42","14","6","0","0"
"경기도 수원시 장안구 송죽동(4111159100)","8,936","3,679","2,100","1,550","1,210","315","68","8","4","1","1"
"경기도 수원시 장안구 조원1동(4111159700)","12,864","5,301","2,942","2,233","1,793","477","100","9","5","1","3"
"경기도 수원시 장안구 조원2동(4111159800)","6,516","1,149","1,528","1,641","1,746","357","82","10","0","0","3"
"경기도 수원시 장안구 연무동(4111160000)","8,455","4,455","1,971","1,023","730","215","34","24","2","0","1"
"경기도 수원시 권선구 (4111300000)","157,041","57,872","35,383","29,221","26,916","6,191","1,128","259","42","22","7"
"경기도 수원시 권선구 세류1동(4111352000)","4,442","1,604","1,116","873","652","155","37","3","2","0","0"
"경기도 수원시 권선구 세류2동(4111353000)","12,444","6,368","2,929","1,662","1,101","296","70","14","2","2","0"
"경기도 수원시 권선구 세류3동(4111354000)","9,163","4,115","2,321","1,370","1,020","268","48","15","3","3","0"
"경기도 수원시 권선구 평동(4111355000)","16,636","5,236","4,136","3,403","2,909","751","168","29","4","0","0"
"경기도 수원시 권선구 서둔동(4111356000)","17,247","6,863","4,210","3,047","2,344","608","128","37","4","5","1"
"경기도 수원시 권선구 구운동(4111365000)","10,753","4,117","2,519","1,979","1,674","369","69","22","2","2","0"
"경기도 수원시 권선구 금곡동(4111366200)","17,518","4,694","3,988","3,828","3,974","852","146","19","9","6","2"
"경기도 수원시 권선구 호매실동(4111366400)","17,286","4,224","3,772","3,998","4,194","930","137","26","4","0","1"
"경기도 수원시 권선구 권선1동(4111367000)","13,189","7,310","2,522","1,650","1,307","300","64","27","8","0","1"
"경기도 수원시 권선구 권선2동(4111368000)","17,314","3,390","3,882","4,295","4,582","964","157","39","2","3","0"
"경기도 수원시 권선구 곡선동(4111369000)","14,860","8,569","2,434","1,663","1,748","381","48","13","2","1","1"
"경기도 수원시 권선구 입북동(4111370000)","6,189","1,382","1,554","1,453","1,411","317","56","15","0","0","1"
"경기도 수원시 팔달구 (4111500000)","91,278","45,281","19,094","13,100","10,608","2,541","511","101","29","6","7"
"경기도 수원시 팔달구 매교동(4111565000)","3,305","1,897","694","384","249","56","17","6","1","0","1"
"경기도 수원시 팔달구 매산동(4111566000)","6,019","3,703","1,131","609","418","120","30","5","2","0","1"
"경기도 수원시 팔달구 고등동(4111567000)","9,477","4,109","2,219","1,564","1,209","324","43","7","2","0","0"
"경기도 수원시 팔달구 화서1동(4111568000)","10,019","3,737","2,541","1,888","1,413","347","76","12","4","0","1"
"경기도 수원시 팔달구 화서2동(4111569000)","9,625","2,267","2,226","2,260","2,298","472","78","18","3","3","0"
"경기도 수원시 팔달구 지동(4111570000)","5,619","3,007","1,264","718","458","129","36","3","0","2","2"
"경기도 수원시 팔달구 우만1동(4111571000)","10,862","5,800","2,549","1,326","883","245","47","3","6","1","2"
"경기도 수원시 팔달구 우만2동(4111572000)","7,614","3,343","1,380","1,245","1,270","296","59","20","1","0","0"
"경기도 수원시 팔달구 인계동(4111573000)","22,167","13,121","3,839","2,531","2,072","473","100","23","8","0","0"
"경기도 수원시 팔달구 행궁동(4111574000)","6,571","4,297","1,251","575","338","79","25","4","2","0","0"
"경기도 수원시 영통구 (4111700000)","151,071","55,201","27,637","29,027","31,844","6,106","958","222","44","21","11"
"경기도 수원시 영통구 매탄1동(4111751000)","7,669","3,002","1,539","1,386","1,416","269","40","13","2","2","0"
"경기도 수원시 영통구 매탄2동(4111752000)","6,541","2,610","1,475","1,108","969","297","57","16","2","4","3"
"경기도 수원시 영통구 매탄3동(4111753000)","15,859","6,840","2,585","2,582","3,184","553","89","19","6","0","1"
"경기도 수원시 영통구 매탄4동(4111754000)","9,466","3,573","2,218","1,730","1,573","305","55","11","1","0","0"
"경기도 수원시 영통구 원천동(4111755000)","18,109","8,450","3,075","2,987","2,905","561","106","19","4","1","1"
"경기도 수원시 영통구 영통1동(4111757000)","12,634","2,723","2,637","3,126","3,467","576","80","19","5","1","0"
"경기도 수원시 영통구 영통2동(4111758000)","13,192","6,818","2,232","2,041","1,780","282","27","8","2","1","1"
"경기도 수원시 영통구 영통3동(4111758500)","13,495","5,289","1,987","2,454","3,085","567","87","16","4","4","2"
"경기도 수원시 영통구 망포1동(4111759300)","10,916","2,369","1,882","2,647","3,247","644","99","25","2","1","0"
"경기도 수원시 영통구 망포2동(4111759600)","9,455","1,644","1,644","2,464","3,091","519","68","20","4","1","0"
"경기도 수원시 영통구 광교1동(4111760000)","22,070","8,613","3,497","3,950","4,788","993","175","39","8","6","1"
"경기도 수원시 영통구 광교2동(4111761000)","11,665","3,270","2,866","2,552","2,339","540","75","17","4","0","2"
"경기도 성남시 (4113000000)","409,320","157,586","90,760","75,765","66,945","14,309","2,920","748","182","73","32"
"경기도 성남시 수정구 (4113100000)","114,620","52,480","26,208","17,941","13,811","3,318","674","148","24","12","4"
"경기도 성남시 수정구 신흥1동(4113151000)","7,956","4,827","1,632","862","480","118","27","8","1","0","1"
"경기도 성남시 수정구 신흥2동(4113152000)","7,733","1,754","2,043","1,881","1,603","368","67","11","5","1","0"
"경기도 성남시 수정구 신흥3동(4113153000)","6,528","3,861","1,311","730","500","108","14","4","0","0","0"
"경기도 성남시 수정구 태평1동(4113154000)","8,896","5,230","1,868","1,003","610","147","26","8","3","1","0"
"경기도 성남시 수정구 태평2동(4113155000)","7,984","3,967","1,892","1,142","744","196","34","7","2","0","0"
"경기도 성남시 수정구 태평3동(4113156000)","6,909","3,462","1,570","1,006","692","139","30","8","1","1","0"
"경기도 성남시 수정구 태평4동(4113156100)","6,683","3,280","1,493","961","733","165","40","10","1","0","0"
"경기도 성남시 수정구 수진1동(4113157000)","7,353","4,362","1,658","795","406","105","19","5","2","0","1"
"경기도 성남시 수정구 수진2동(4113158000)","7,822","3,651","1,862","1,134","879","236","46","12","0","2","0"
"경기도 성남시 수정구 단대동(4113159000)","6,763","2,387","1,723","1,296","993","284","68","8","0","3","1"
"경기도 성남시 수정구 산성동(4113160000)","2,496","1,060","596","389","330","97","20","4","0","0","0"
"경기도 성남시 수정구 양지동(4113161000)","4,376","1,668","1,068","747","666","188","32","5","0","1","1"
"경기도 성남시 수정구 복정동(4113162000)","6,792","4,380","1,271","645","403","75","15","3","0","0","0"
"경기도 성남시 수정구 위례동(4113162500)","17,978","5,121","4,271","3,972","3,613","774","172","43","9","3","0"
"경기도 성남시 수정구 신촌동(4113163000)","2,041","795","454","352","324","93","20","3","0","0","0"
"경기도 성남시 수정구 고등동(4113164000)","4,686","1,818","1,131","820","695","180","36","6","0","0","0"
"경기도 성남시 수정구 시흥동(4113165000)","1,624","857","365","206","140","45","8","3","0","0","0"
"경기도 성남시 중원구 (4113300000)","100,328","43,872","23,676","16,492","12,466","3,002","623","143","34","14","6"
"경기도 성남시 중원구 성남동(4113351000)","18,455","10,239","3,791","2,331","1,622","376","65","21","7","3","0"
"경기도 성남시 중원구 중앙동(4113352500)","5,940","2,809","1,330","870","718","155","43","12","2","1","0"
"경기도 성남시 중원구 금광1동(4113353000)","3,284","1,438","828","560","377","63","14","1","2","1","0"
"경기도 성남시 중원구 금광2동(4113354000)","12,426","5,533","2,946","2,008","1,470","359","85","21","3","1","0"
"경기도 성남시 중원구 은행1동(4113355000)","4,524","1,664","1,114","823","698","181","35","6","2","1","0"
"경기도 성남시 중원구 은행2동(4113356000)","11,185","4,599","2,858","1,943","1,363","324","81","14","3","0","0"
"경기도 성남시 중원구 상대원1동(4113357000)","12,175","5,276","3,028","2,063","1,408","321","65","9","3","1","1"
"경기도 성남시 중원구 상대원2동(4113358000)","6,716","3,365","1,566","993","592","161","27","9","1","1","1"
"경기도 성남시 중원구 상대원3동(4113359000)","6,488","3,347","1,509","886","571","143","25","5","2","0","0"
"경기도 성남시 중원구 하대원동(4113366000)","8,319","2,547","2,001","1,781","1,488","392","78","20","5","4","3"
"경기도 성남시 중원구 도촌동(4113367000)","10,816","3,055","2,705","2,234","2,159","527","105","25","4","1","1"
"경기도 성남시 분당구 (4113500000)","194,372","61,234","40,876","41,332","40,668","7,989","1,623","457","124","47","22"
"경기도 성남시 분당구 분당동(4113551000)","10,276","3,225","2,119","2,204","2,174","428","94","24","5","2","1"
"경기도 성남시 분당구 수내1동(4113552000)","7,689","3,197","1,334","1,343","1,462","281","43","20","6","3","0"
"경기도 성남시 분당구 수내2동(4113553000)","3,204","286","488","878","1,271","211","52","14","3","1","0"
"경기도 성남시 분당구 수내3동(4113554000)","5,184","1,572","816","1,069","1,403","266","39","14","2","2","1"
"경기도 성남시 분당구 정자동(4113554500)","8,242","2,983","1,724","1,706","1,478","289","47","12","3","0","0"
"경기도 성남시 분당구 정자1동(4113555000)","13,975","6,227","2,621","2,295","2,248","431","109","37","4","2","1"
"경기도 성남시 분당구 정자2동(4113556000)","7,542","3,391","1,779","1,287","885","158","28","10","3","0","1"
"경기도 성남시 분당구 정자3동(4113557000)","6,477","1,881","1,307","1,454","1,513","264","45","11","2","0","0"
"경기도 성남시 분당구 서현1동(4113558000)","12,746","4,328","2,305","2,497","2,890","566","116","28","9","2","5"
"경기도 성남시 분당구 서현2동(4113559000)","6,717","1,630","1,295","1,617","1,767","314","66","23","3","1","1"
"경기도 성남시 분당구 이매1동(4113560000)","9,023","1,830","1,920","2,262","2,443","431","91","30","11","4","1"
"경기도 성남시 분당구 이매2동(4113561000)","4,449","678","970","1,065","1,338","309","66","14","5","4","0"
"경기도 성남시 분당구 야탑1동(4113562000)","7,675","3,067","1,641","1,412","1,237","243","54","15","2","2","2"
"경기도 성남시 분당구 야탑2동(4113563000)","6,155","1,554","1,405","1,349","1,394","333","87","22","8","2","1"
"경기도 성남시 분당구 야탑3동(4113564000)","12,939","5,181","3,040","2,526","1,761","336","73","17","3","1","1"
"경기도 성남시 분당구 판교동(4113565000)","8,963","1,481","1,750","2,392","2,641","537","113","38","7","4","0"
"경기도 성남시 분당구 삼평동(4113565500)","9,069","2,144","1,939","2,182","2,281","432","64","15","8","3","1"
"경기도 성남시 분당구 백현동(4113565700)","10,179","2,553","2,309","2,323","2,363","520","76","24","9","1","1"
"경기도 성남시 분당구 금곡동(4113566200)","12,314","4,543","2,996","2,372","1,910","377","78","22","10","4","2"
"경기도 성남시 분당구 구미1동(4113566500)","7,288","2,575","1,569","1,504","1,332","242","53","12","1","0","0"
"경기도 성남시 분당구 구미동(4113567000)","13,183","4,752","3,067","2,602","2,183","426","106","30","12","3","2"
"경기도 성남시 분당구 운중동(4113568000)","11,083","2,156","2,482","2,993","2,694","595","123","25","8","6","1"
"경기도 의정부시 (4115000000)","205,792","77,805","49,775","37,879","31,350","7,276","1,345","253","74","24","11"
"경기도 의정부시 의정부1동(4115051000)","20,214","13,141","3,748","1,850","1,101","299","61","8","4","2","0"
"경기도 의정부시 의정부2동(4115052000)","16,483","8,412","3,725","2,340","1,570","351","70","13","1","1","0"
"경기도 의정부시 호원1동(4115054500)","15,647","5,235","4,260","3,159","2,307","538","117","19","6","4","2"
"경기도 의정부시 호원2동(4115055500)","13,689","3,514","3,681","3,031","2,687","613","126","31","6","0","0"
"경기도 의정부시 장암동(4115056100)","8,595","2,854","2,222","1,645","1,450","346","61","9","5","3","0"
"경기도 의정부시 신곡1동(4115056700)","17,785","5,590","4,534","3,764","3,081","655","125","28","7","1","0"
"경기도 의정부시 신곡2동(4115056800)","19,263","5,484","5,085","4,098","3,543","862","156","28","3","4","0"
"경기도 의정부시 송산1동(4115057300)","19,085","6,913","4,790","3,568","3,029","650","103","23","6","1","2"
"경기도 의정부시 송산2동(4115057600)","13,225","3,894","2,998","2,752","2,795","633","121","21","6","3","2"
"경기도 의정부시 송산3동(4115057800)","18,062","4,758","4,084","4,078","4,074","904","126","24","12","2","0"
"경기도 의정부시 자금동(4115058000)","12,019","4,462","2,894","2,319","1,831","426","70","8","7","1","1"
"경기도 의정부시 가능동(4115059500)","12,589","5,521","3,158","2,068","1,420","334","74","8","6","0","0"
"경기도 의정부시 흥선동(4115061500)","9,567","4,395","2,237","1,521","1,041","293","62","13","3","1","1"
"경기도 의정부시 녹양동(4115062000)","9,569","3,632","2,359","1,686","1,421","372","73","20","2","1","3"
"경기도 안양시 (4117000000)","224,620","71,000","52,986","46,639","42,844","8,972","1,635","380","117","28","19"
"경기도 안양시 만안구 (4117100000)","103,012","36,367","25,507","19,915","16,435","3,791","747","178","51","13","8"
"경기도 안양시 만안구 안양1동(4117151000)","5,238","1,804","1,148","1,057","987","201","29","9","3","0","0"
"경기도 안양시 만안구 안양2동(4117152000)","10,087","4,290","2,503","1,694","1,245","285","55","9","3","2","1"
"경기도 안양시 만안구 안양3동(4117153000)","7,489","2,925","1,886","1,322","1,045","244","54","8","4","1","0"
"경기도 안양시 만안구 안양4동(4117154000)","3,609","1,835","836","454","364","101","14","5","0","0","0"
"경기도 안양시 만안구 안양5동(4117155000)","4,922","2,183","1,164","821","551","155","37","9","2","0","0"
"경기도 안양시 만안구 안양6동(4117156000)","12,422","5,349","2,861","2,174","1,571","369","70","19","5","2","2"
"경기도 안양시 만안구 안양7동(4117157000)","5,885","1,337","1,422","1,466","1,312","279","55","11","2","1","0"
"경기도 안양시 만안구 안양8동(4117158000)","5,286","2,437","1,312","813","558","137","20","6","2","1","0"
"경기도 안양시 만안구 안양9동(4117158100)","7,234","2,137","2,089","1,548","1,112","274","56","11","6","1","0"
"경기도 안양시 만안구 석수1동(4117159000)","7,554","1,871","2,084","1,696","1,487","320","74","14","2","2","4"
"경기도 안양시 만안구 석수2동(4117160000)","12,741","3,826","3,195","2,677","2,363","533","103","32","10","2","0"
"경기도 안양시 만안구 석수3동(4117161000)","5,540","1,836","1,380","1,073","975","227","35","10","4","0","0"
"경기도 안양시 만안구 박달1동(4117162100)","6,995","2,963","1,681","1,159","940","189","48","13","1","1","0"
"경기도 안양시 만안구 박달2동(4117163000)","8,010","1,574","1,946","1,961","1,925","477","97","22","7","0","1"
"경기도 안양시 동안구 (4117300000)","121,608","34,633","27,479","26,724","26,409","5,181","888","202","66","15","11"
"경기도 안양시 동안구 비산1동(4117351000)","7,452","1,295","1,749","1,960","1,934","417","76","9","9","2","1"
"경기도 안양시 동안구 비산2동(4117352000)","4,624","797","1,142","1,249","1,125","247","41","16","3","2","2"
"경기도 안양시 동안구 비산3동(4117353000)","5,489","2,052","1,382","1,022","808","187","28","8","1","0","1"
"경기도 안양시 동안구 부흥동(4117354000)","6,388","1,600","1,370","1,439","1,629","297","45","4","0","2","2"
"경기도 안양시 동안구 달안동(4117354600)","5,505","2,608","1,379","872","550","79","13","3","1","0","0"
"경기도 안양시 동안구 관양1동(4117355000)","15,689","5,621","4,019","2,984","2,302","610","108","35","9","1","0"
"경기도 안양시 동안구 관양2동(4117356000)","8,808","3,783","1,920","1,542","1,281","230","38","9","5","0","0"
"경기도 안양시 동안구 부림동(4117356600)","12,231","4,817","3,003","2,256","1,847","268","31","4","4","0","1"
"경기도 안양시 동안구 평촌동(4117357000)","4,975","816","995","1,382","1,462","247","55","14","3","1","0"
"경기도 안양시 동안구 평안동(4117357600)","8,077","1,368","1,551","2,237","2,542","319","46","9","3","2","0"
"경기도 안양시 동안구 귀인동(4117357800)","5,121","602","716","1,268","2,024","421","67","19","3","1","0"
"경기도 안양시 동안구 호계1동(4117358000)","6,999","1,919","1,489","1,598","1,677","260","42","13","1","0","0"
"경기도 안양시 동안구 호계2동(4117359000)","7,672","2,006","1,841","1,783","1,624","339","66","7","5","1","0"
"경기도 안양시 동안구 호계3동(4117360000)","8,353","2,192","1,814","1,925","1,878","426","90","21","6","0","1"
"경기도 안양시 동안구 범계동(4117361000)","5,789","1,419","1,262","1,276","1,441","312","64","8","6","0","1"
"경기도 안양시 동안구 신촌동(4117362000)","4,504","796","999","1,142","1,315","217","29","4","0","1","1"
"경기도 안양시 동안구 갈산동(4117363000)","3,932","942","848","789","970","305","49","19","7","2","1"
"경기도 부천시 (4119000000)","347,024","122,102","84,085","67,949","56,991","12,712","2,446","532","147","39","21"
"경기도 부천시 심곡동(4119060300)","33,377","17,372","7,533","4,537","2,963","755","159","45","9","0","4"
"경기도 부천시 부천동(4119060600)","39,121","14,052","9,912","7,600","5,795","1,374","303","61","14","8","2"
"경기도 부천시 중동(4119061000)","17,576","6,345","4,016","3,376","2,926","703","160","33","15","1","1"
"경기도 부천시 신중동(4119074200)","54,421","18,780","12,396","11,082","9,539","2,109","383","98","19","10","5"
"경기도 부천시 상동(4119074400)","31,246","6,957","6,610","7,693","8,218","1,459","245","41","16","7","0"
"경기도 부천시 대산동(4119074600)","37,076","14,172","9,448","6,961","5,076","1,131","235","42","9","0","2"
"경기도 부천시 소사본동(4119075000)","24,232","7,946","6,589","4,978","3,713","813","143","38","7","5","0"
"경기도 부천시 범안동(4119079500)","37,229","10,338","8,834","8,080","7,918","1,669","304","62","17","5","2"
"경기도 부천시 성곡동(4119080000)","36,363","13,030","9,561","6,795","5,324","1,313","260","58","18","1","3"
"경기도 부천시 오정동(4119083000)","36,383","13,110","9,186","6,847","5,519","1,386","254","54","23","2","2"
"경기도 광명시 (4121000000)","119,817","37,730","28,440","24,212","23,153","5,048","968","169","74","18","5"
"경기도 광명시 광명1동(4121051000)","122","107","8","2","5","0","0","0","0","0","0"
"경기도 광명시 광명2동(4121052000)","1,650","796","423","237","146","37","11","0","0","0","0"
"경기도 광명시 광명3동(4121054000)","4,937","2,251","1,274","766","483","128","30","5","0","0","0"
"경기도 광명시 광명4동(4121055000)","6,208","2,466","1,614","1,131","767","182","40","6","2","0","0"
"경기도 광명시 광명5동(4121056000)","5,769","1,926","1,524","1,098","945","227","38","5","5","0","1"
"경기도 광명시 광명6동(4121057000)","3,962","984","946","895","843","232","52","8","2","0","0"
"경기도 광명시 광명7동(4121058000)","8,542","2,389","2,192","1,936","1,518","386","90","18","9","2","2"
"경기도 광명시 철산1동(4121059000)","3,928","849","808","940","1,072","219","34","4","1","1","0"
"경기도 광명시 철산2동(4121060000)","3,119","1,728","618","387","306","65","13","2","0","0","0"
"경기도 광명시 철산3동(4121061000)","12,129","2,274","2,528","2,892","3,573","701","128","19","9","4","1"
"경기도 광명시 철산4동(4121062000)","5,503","1,817","1,322","1,164","938","215","37","8","2","0","0"
"경기도 광명시 하안1동(4121063100)","9,927","2,739","2,098","2,114","2,388","461","95","19","11","2","0"
"경기도 광명시 하안2동(4121063200)","6,563","2,627","1,756","1,208","821","126","21","4","0","0","0"
"경기도 광명시 하안3동(4121063300)","8,865","3,116","2,388","1,682","1,405","226","35","9","3","1","0"
"경기도 광명시 하안4동(4121063400)","5,062","1,544","1,204","1,094","1,028","169","18","4","1","0","0"
"경기도 광명시 소하1동(4121064000)","11,761","2,875","2,721","2,442","2,830","711","142","26","9","4","1"
"경기도 광명시 소하2동(4121065000)","11,565","3,288","3,116","2,370","2,107","549","100","19","14","2","0"
"경기도 광명시 일직동(4121065500)","9,119","3,424","1,625","1,691","1,902","383","76","11","5","2","0"
"경기도 광명시 학온동(4121066000)","1,086","530","275","163","76","31","8","2","1","0","0"
"경기도 평택시 (4122000000)","262,097","113,932","57,703","41,876","36,887","9,310","1,862","387","95","23","22"
"경기도 평택시 팽성읍(4122025000)","16,085","8,936","3,823","1,806","1,037","347","100","29","5","2","0"
"경기도 평택시 안중읍(4122025300)","19,034","7,499","4,057","3,102","3,338","857","139","29","9","0","4"
"경기도 평택시 포승읍(4122025600)","13,919","8,411","2,541","1,387","1,128","343","85","16","7","1","0"
"경기도 평택시 청북읍(4122025900)","11,185","3,962","2,337","1,954","2,201","594","110","23","2","2","0"
"경기도 평택시 진위면(4122031000)","6,082","3,174","1,436","764","510","158","31","8","1","0","0"
"경기도 평택시 서탄면(4122032000)","2,015","1,051","536","242","129","36","15","4","1","0","1"
"경기도 평택시 고덕면(4122033000)","6,340","2,704","1,643","994","739","194","52","11","3","0","0"
"경기도 평택시 오성면(4122034000)","3,275","1,493","883","454","297","104","31","6","6","0","1"
"경기도 평택시 현덕면(4122037000)","2,733","1,342","807","327","167","50","34","5","0","0","1"
"경기도 평택시 중앙동(4122051000)","20,528","8,951","4,558","3,164","2,942","743","137","22","5","4","2"
"경기도 평택시 서정동(4122052000)","12,894","6,348","3,023","1,766","1,264","377","88","21","5","0","2"
"경기도 평택시 송탄동(4122053500)","9,501","3,458","2,190","1,852","1,551","370","59","13","5","2","1"
"경기도 평택시 지산동(4122055000)","7,594","4,742","1,354","756","551","149","37","5","0","0","0"
"경기도 평택시 송북동(4122056000)","9,592","3,524","2,342","1,740","1,442","404","107","26","5","1","1"
"경기도 평택시 신장1동(4122057000)","3,890","2,163","848","435","331","93","16","3","0","1","0"
"경기도 평택시 신장2동(4122058000)","3,564","2,278","761","297","144","58","19","4","3","0","0"
"경기도 평택시 신평동(4122059000)","12,617","7,172","2,597","1,437","1,027","307","57","15","3","1","1"
"경기도 평택시 원평동(4122060000)","6,715","3,440","1,539","942","607","140","39","6","2","0","0"
"경기도 평택시 통복동(4122061000)","2,471","1,532","515","239","132","41","10","0","2","0","0"
"경기도 평택시 비전1동(4122062000)","21,328","7,395","4,507","4,044","4,244","937","165","26","6","4","0"
"경기도 평택시 비전2동(4122063000)","21,979","6,291","5,168","4,784","4,460","1,017","198","48","6","4","3"
"경기도 평택시 용이동(4122063500)","11,031","4,422","1,800","1,994","2,195","508","90","17","4","0","1"
"경기도 평택시 세교동(4122064000)","12,457","4,283","2,998","2,478","2,054","527","89","20","8","0","0"
"경기도 평택시 동삭동(4122065000)","15,812","5,606","3,342","3,268","2,863","610","97","20","3","0","3"
"경기도 평택시 고덕동(4122066000)","9,456","3,755","2,098","1,650","1,534","346","57","10","4","1","1"
"경기도 동두천시 (4125000000)","44,369","19,015","11,407","6,912","5,056","1,500","365","88","11","5","10"
"경기도 동두천시 생연1동(4125051000)","3,402","1,525","914","511","308","105","26","11","0","0","2"
"경기도 동두천시 생연2동(4125052000)","5,317","2,015","1,408","910","690","214","59","16","2","2","1"
"경기도 동두천시 중앙동(4125053500)","3,127","2,026","647","275","117","53","9","0","0","0","0"
"경기도 동두천시 보산동(4125055000)","1,677","943","382","222","91","29","7","2","1","0","0"
"경기도 동두천시 불현동(4125056500)","12,198","4,743","3,226","2,063","1,558","461","112","23","6","2","4"
"경기도 동두천시 송내동(4125056600)","11,329","4,169","2,853","2,009","1,704","474","101","17","2","0","0"
"경기도 동두천시 소요동(4125058000)","4,453","2,134","1,199","572","374","130","28","12","0","1","3"
"경기도 동두천시 상패동(4125060000)","2,866","1,460","778","350","214","34","23","7","0","0","0"
"경기도 안산시 (4127000000)","292,113","117,164","64,869","51,420","45,274","10,772","1,988","464","116","27","19"
"경기도 안산시 상록구 (4127100000)","156,527","62,512","34,834","27,660","24,145","5,882","1,125","278","59","18","14"
"경기도 안산시 상록구 일동(4127151000)","11,376","4,758","2,652","1,903","1,541","414","80","21","5","1","1"
"경기도 안산시 상록구 이동(4127151500)","13,520","7,922","2,664","1,531","1,073","261","52","16","0","0","1"
"경기도 안산시 상록구 사동(4127152500)","16,357","8,207","3,309","2,342","1,900","475","95","26","2","1","0"
"경기도 안산시 상록구 사이동(4127153200)","13,231","4,241","3,044","2,685","2,412","659","140","36","9","2","3"
"경기도 안산시 상록구 해양동(4127153700)","15,763","4,862","2,633","3,264","3,915","902","142","32","7","4","2"
"경기도 안산시 상록구 본오1동(4127154000)","17,726","8,079","3,808","2,788","2,277","616","125","25","6","2","0"
"경기도 안산시 상록구 본오2동(4127155000)","11,007","3,801","2,538","2,171","1,883","474","108","21","7","2","2"
"경기도 안산시 상록구 본오3동(4127156000)","9,169","3,905","2,136","1,555","1,226","283","48","9","4","2","1"
"경기도 안산시 상록구 부곡동(4127157000)","9,511","3,606","2,218","1,803","1,407","362","84","21","7","2","1"
"경기도 안산시 상록구 월피동(4127158000)","17,050","6,723","3,893","3,061","2,622","625","95","25","4","0","2"
"경기도 안산시 상록구 성포동(4127159000)","9,840","2,100","2,523","2,385","2,304","438","69","18","2","1","0"
"경기도 안산시 상록구 반월동(4127160000)","7,703","2,509","2,342","1,472","1,086","225","49","18","1","0","1"
"경기도 안산시 상록구 안산동(4127161000)","4,274","1,799","1,074","700","499","148","38","10","5","1","0"
"경기도 안산시 단원구 (4127300000)","135,586","54,652","30,035","23,760","21,129","4,890","863","186","57","9","5"
"경기도 안산시 단원구 와동(4127351000)","17,716","7,547","4,019","2,979","2,353","648","131","29","10","0","0"
"경기도 안산시 단원구 고잔동(4127352500)","10,174","4,449","2,309","1,707","1,312","315","60","16","5","0","1"
"경기도 안산시 단원구 중앙동(4127353200)","11,820","5,567","2,295","1,925","1,658","319","46","9","1","0","0"
"경기도 안산시 단원구 호수동(4127353500)","16,171","4,065","3,194","3,645","4,224","854","149","27","10","2","1"
"경기도 안산시 단원구 원곡동(4127354500)","4,201","2,991","775","279","115","39","2","0","0","0","0"
"경기도 안산시 단원구 백운동(4127355500)","8,198","1,983","2,125","1,915","1,652","414","81","22","6","0","0"
"경기도 안산시 단원구 신길동(4127356500)","10,097","4,143","2,278","1,597","1,537","448","74","14","4","1","1"
"경기도 안산시 단원구 초지동(4127357000)","20,351","7,731","4,322","3,766","3,590","797","118","22","4","1","0"
"경기도 안산시 단원구 선부1동(4127358000)","8,236","3,293","2,095","1,494","1,118","198","29","4","3","1","1"
"경기도 안산시 단원구 선부2동(4127359000)","8,025","3,941","1,743","1,205","850","227","48","6","4","1","0"
"경기도 안산시 단원구 선부3동(4127360000)","15,304","6,017","3,375","2,737","2,483","559","97","28","6","2","0"
"경기도 안산시 단원구 대부동(4127361000)","5,293","2,925","1,505","511","237","72","28","9","4","1","1"
"경기도 고양시 (4128000000)","456,852","158,862","104,962","90,559","80,174","17,621","3,510","825","228","61","50"
"경기도 고양시 덕양구 (4128100000)","210,486","76,849","50,234","40,138","33,871","7,466","1,456","339","91","20","22"
"경기도 고양시 덕양구 주교동(4128151000)","7,171","3,390","1,623","1,100","822","192","32","9","3","0","0"
"경기도 고양시 덕양구 원신동(4128152000)","9,540","2,705","2,483","2,072","1,799","392","64","19","5","1","0"
"경기도 고양시 덕양구 흥도동(4128153000)","20,856","7,371","4,973","4,039","3,573","719","142","29","6","1","3"
"경기도 고양시 덕양구 성사1동(4128154000)","10,162","4,336","2,340","1,714","1,337","337","79","18","0","0","1"
"경기도 고양시 덕양구 성사2동(4128155000)","4,839","1,630","1,265","921","767","202","41","10","1","2","0"
"경기도 고양시 덕양구 효자동(4128156000)","6,615","2,500","1,345","1,312","1,154","256","35","10","1","1","1"
"경기도 고양시 덕양구 삼송동(4128157500)","11,201","3,929","2,984","2,193","1,652","354","69","14","4","2","0"
"경기도 고양시 덕양구 창릉동(4128158000)","10,322","3,581","2,665","2,183","1,522","304","45","15","5","1","1"
"경기도 고양시 덕양구 고양동(4128159000)","12,694","4,564","3,031","2,277","2,085","571","125","26","10","3","2"
"경기도 고양시 덕양구 관산동(4128160000)","16,708","6,403","4,559","3,008","2,023","544","122","36","8","2","3"
"경기도 고양시 덕양구 능곡동(4128161000)","6,777","2,607","1,618","1,162","1,056","249","64","12","5","2","2"
"경기도 고양시 덕양구 화정1동(4128162100)","16,178","6,150","3,554","2,845","2,786","659","138","34","8","0","4"
"경기도 고양시 덕양구 화정2동(4128162200)","13,133","3,909","2,824","3,010","2,900","417","57","10","6","0","0"
"경기도 고양시 덕양구 행주동(4128163000)","9,874","5,176","2,170","1,347","879","225","58","13","3","2","1"
"경기도 고양시 덕양구 행신1동(4128164000)","8,846","2,658","2,265","1,906","1,587","359","56","11","3","0","1"
"경기도 고양시 덕양구 행신2동(4128165000)","13,177","4,221","3,200","2,765","2,362","482","105","29","11","0","2"
"경기도 고양시 덕양구 행신3동(4128165500)","19,023","6,503","4,463","3,706","3,438","735","141","28","5","3","1"
"경기도 고양시 덕양구 화전동(4128166000)","11,897","4,250","2,614","2,458","2,043","439","74","14","5","0","0"
"경기도 고양시 덕양구 대덕동(4128167000)","1,473","966","258","120","86","30","9","2","2","0","0"
"경기도 고양시 일산동구 (4128500000)","128,436","47,490","28,321","24,360","21,860","4,958","1,082","247","82","18","18"
"경기도 고양시 일산동구 식사동(4128551000)","13,271","3,019","2,579","3,173","3,358","882","192","47","11","6","4"
"경기도 고양시 일산동구 중산동(4128552000)","18,957","5,601","4,833","4,020","3,517","773","170","27","13","2","1"
"경기도 고양시 일산동구 정발산동(4128553000)","10,389","4,004","2,490","1,888","1,501","372","101","27","5","0","1"
"경기도 고양시 일산동구 풍산동(4128554000)","14,616","3,654","3,415","3,262","3,312","768","149","37","11","3","5"
"경기도 고양시 일산동구 백석1동(4128555100)","13,085","4,603","3,072","2,679","2,252","380","80","15","3","1","0"
"경기도 고양시 일산동구 백석2동(4128555200)","11,568","6,549","2,331","1,463","998","173","38","9","5","2","0"
"경기도 고양시 일산동구 마두1동(4128556000)","8,970","2,376","1,797","1,938","2,236","493","100","18","12","0","0"
"경기도 고양시 일산동구 마두2동(4128557000)","5,927","1,435","1,215","1,330","1,495","342","83","19","5","1","2"
"경기도 고양시 일산동구 장항1동(4128558000)","4,888","1,788","995","1,039","880","144","32","8","2","0","0"
"경기도 고양시 일산동구 장항2동(4128559000)","15,650","9,527","2,821","1,767","1,196","258","47","21","9","1","3"
"경기도 고양시 일산동구 고봉동(4128560000)","11,115","4,934","2,773","1,801","1,115","373","90","19","6","2","2"
"경기도 고양시 일산서구 (4128700000)","117,930","34,523","26,407","26,061","24,443","5,197","972","239","55","23","10"
"경기도 고양시 일산서구 일산1동(4128751000)","10,341","2,550","2,549","2,432","2,185","490","100","28","6","1","0"
"경기도 고양시 일산서구 일산2동(4128752000)","8,048","3,025","1,852","1,550","1,264","279","62","14","1","0","1"
"경기도 고양시 일산서구 일산3동(4128753000)","12,372","2,288","2,425","3,343","3,627","598","67","21","1","2","0"
"경기도 고양시 일산서구 탄현동(4128754000)","20,186","5,925","4,288","4,598","4,234","919","164","42","8","5","3"
"경기도 고양시 일산서구 주엽1동(4128755000)","11,083","3,156","2,667","2,372","2,344","433","81","23","3","2","2"
"경기도 고양시 일산서구 주엽2동(4128756000)","11,866","3,748","2,819","2,445","2,300","453","80","11","7","3","0"
"경기도 고양시 일산서구 대화동(4128757000)","16,521","6,866","3,559","3,077","2,361","535","90","27","5","1","0"
"경기도 고양시 일산서구 송포동(4128758000)","8,249","2,048","1,977","1,982","1,780","363","79","11","6","3","0"
"경기도 고양시 일산서구 송산동(4128759000)","19,264","4,917","4,271","4,262","4,348","1,127","249","62","18","6","4"
"경기도 과천시 (4129000000)","27,262","6,635","6,050","6,250","6,410","1,519","295","70","20","8","5"
"경기도 과천시 중앙동(4129051000)","3,976","862","877","973","1,018","189","37","12","6","1","1"
"경기도 과천시 갈현동(4129052000)","5,599","821","1,095","1,468","1,708","423","64","16","3","1","0"
"경기도 과천시 별양동(4129053000)","5,004","1,058","1,136","1,184","1,273","280","53","13","4","3","0"
"경기도 과천시 부림동(4129054000)","5,429","1,061","1,305","1,367","1,338","290","55","9","2","1","1"
"경기도 과천시 과천동(4129055000)","4,332","1,934","974","684","506","176","42","11","2","2","1"
"경기도 과천시 문원동(4129056000)","2,922","899","663","574","567","161","44","9","3","0","2"
"경기도 구리시 (4131000000)","80,616","27,542","18,431","16,076","14,583","3,207","599","123","28","18","9"
"경기도 구리시 갈매동(4131051000)","12,133","3,420","2,794","2,758","2,575","485","77","17","2","4","1"
"경기도 구리시 동구동(4131052000)","13,861","3,179","3,254","3,282","3,240","740","125","26","8","4","3"
"경기도 구리시 인창동(4131053000)","9,276","2,740","2,138","2,019","1,851","423","84","13","4","2","2"
"경기도 구리시 교문1동(4131054100)","8,482","4,337","1,917","1,182","773","211","49","7","4","1","1"
"경기도 구리시 교문2동(4131054200)","8,040","1,799","1,865","1,884","1,975","404","86","20","3","4","0"
"경기도 구리시 수택1동(4131057000)","7,755","3,761","1,671","1,098","961","221","35","6","1","0","1"
"경기도 구리시 수택2동(4131058000)","11,625","4,825","2,719","2,062","1,531","377","88","17","2","3","1"
"경기도 구리시 수택3동(4131059000)","9,444","3,481","2,073","1,791","1,677","346","55","17","4","0","0"
"경기도 남양주시 (4136000000)","299,156","93,971","72,162","59,330","55,961","14,007","2,839","656","157","49","24"
"경기도 남양주시 와부읍(4136025000)","23,199","6,072","5,702","4,944","4,961","1,173","271","48","17","6","5"
"경기도 남양주시 진접읍(4136025300)","37,895","11,751","9,432","7,228","7,021","1,919","420","96","19","6","3"
"경기도 남양주시 화도읍(4136025600)","43,308","14,070","10,759","8,606","7,395","1,991","375","83","21","5","3"
"경기도 남양주시 화도읍동부출장소(4136025700)","6,128","2,026","1,526","1,172","977","321","85","14","3","3","1"
"경기도 남양주시 진건읍(4136025900)","10,902","4,483","2,752","1,797","1,375","377","92","19","6","1","0"
"경기도 남양주시 오남읍(4136026200)","21,911","6,965","5,256","4,341","4,059","1,049","191","37","10","2","1"
"경기도 남양주시 퇴계원읍(4136026500)","12,029","3,697","3,256","2,452","2,008","477","105","25","7","1","1"
"경기도 남양주시 별내면(4136031000)","8,535","3,123","2,174","1,474","1,323","349","73","13","3","2","1"
"경기도 남양주시 수동면(4136034000)","4,862","2,597","1,277","480","315","128","43","11","6","2","3"
"경기도 남양주시 조안면(4136036000)","2,030","960","512","275","181","70","24","6","1","1","0"
"경기도 남양주시 호평동(4136051000)","21,856","5,557","5,070","4,894","4,938","1,119","213","53","8","4","0"
"경기도 남양주시 평내동(4136052000)","13,757","3,647","2,943","2,876","3,284","788","165","43","8","2","1"
"경기도 남양주시 금곡동(4136053000)","8,906","3,756","2,409","1,443","1,010","239","37","8","4","0","0"
"경기도 남양주시 양정동(4136054000)","2,452","1,446","549","240","146","59","8","3","1","0","0"
"경기도 남양주시 다산1동(4136054500)","35,000","9,664","7,441","7,613","7,809","1,973","371","101","21","7","0"
"경기도 남양주시 다산2동(4136056500)","13,388","3,307","3,029","3,032","3,261","616","105","29","6","2","1"
"경기도 남양주시 별내동(4136057000)","32,998","10,850","8,075","6,463","5,898","1,359","261","67","16","5","4"
"경기도 오산시 (4137000000)","102,161","42,058","21,020","16,866","17,061","4,230","697","163","52","9","5"
"경기도 오산시 중앙동(4137051000)","14,268","4,488","3,095","2,861","3,005","689","105","19","6","0","0"
"경기도 오산시 남촌동(4137053000)","13,924","10,195","1,903","912","708","169","31","4","2","0","0"
"경기도 오산시 신장동(4137054000)","25,424","8,620","5,991","4,658","4,672","1,242","176","45","17","3","0"
"경기도 오산시 세마동(4137055000)","13,014","4,284","2,841","2,540","2,579","621","110","30","5","3","1"
"경기도 오산시 초평동(4137056000)","7,311","3,042","1,599","1,165","1,155","286","48","13","3","0","0"
"경기도 오산시 대원동(4137057000)","28,220","11,429","5,591","4,730","4,942","1,223","227","52","19","3","4"
"경기도 시흥시 (4139000000)","220,421","82,790","47,145","40,753","38,710","9,033","1,511","344","94","25","16"
"경기도 시흥시 대야동(4139051000)","19,104","6,544","4,625","3,826","3,271","668","120","34","10","3","3"
"경기도 시흥시 신천동(4139052000)","16,506","6,621","4,045","2,893","2,189","615","105","30","7","1","0"
"경기도 시흥시 신현동(4139053100)","4,469","1,628","1,315","728","590","162","32","10","3","0","1"
"경기도 시흥시 은행동(4139054000)","20,946","5,036","4,445","4,988","5,105","1,135","181","43","8","5","0"
"경기도 시흥시 매화동(4139055000)","5,316","1,962","1,358","933","787","207","52","14","1","2","0"
"경기도 시흥시 목감동(4139057000)","17,291","5,323","4,204","3,670","3,228","724","106","23","8","2","3"
"경기도 시흥시 군자동(4139058100)","9,579","3,571","2,335","1,812","1,369","400","70","16","2","2","2"
"경기도 시흥시 월곶동(4139058200)","7,875","3,529","1,809","1,230","995","236","59","11","5","1","0"
"경기도 시흥시 정왕본동(4139058900)","13,638","9,941","1,924","904","658","155","41","7","3","2","3"
"경기도 시흥시 정왕1동(4139059100)","13,120","8,346","2,036","1,399","1,066","232","30","9","1","0","1"
"경기도 시흥시 정왕2동(4139059200)","13,960","5,464","2,858","2,517","2,417","571","102","22","6","3","0"
"경기도 시흥시 정왕3동(4139059300)","11,173","5,399","2,166","1,698","1,473","349","64","20","2","0","2"
"경기도 시흥시 정왕4동(4139059400)","7,475","1,484","1,686","1,821","1,935","433","94","17","5","0","0"
"경기도 시흥시 배곧1동(4139059600)","12,133","1,910","2,510","3,267","3,533","782","110","14","7","0","0"
"경기도 시흥시 배곧2동(4139059700)","15,212","6,338","2,455","2,575","3,031","701","85","23","3","0","1"
"경기도 시흥시 과림동(4139062100)","1,228","798","263","98","49","17","2","1","0","0","0"
"경기도 시흥시 연성동(4139063000)","9,137","2,472","2,096","1,957","2,009","499","74","21","6","3","0"
"경기도 시흥시 장곡동(4139063100)","12,279","3,188","2,673","2,594","3,007","693","102","14","7","1","0"
"경기도 시흥시 능곡동(4139064000)","9,980","3,236","2,342","1,843","1,998","454","82","15","10","0","0"
"경기도 군포시 (4141000000)","113,205","38,424","26,974","22,103","20,163","4,430","855","183","48","16","9"
"경기도 군포시 군포1동(4141051000)","15,783","7,038","3,406","2,538","2,105","559","99","27","7","3","1"
"경기도 군포시 군포2동(4141052000)","16,509","3,983","3,914","3,720","3,873","840","145","26","3","3","2"
"경기도 군포시 산본1동(4141054000)","8,553","4,484","2,084","1,089","718","141","27","6","2","2","0"
"경기도 군포시 산본2동(4141055000)","9,971","2,265","2,372","2,439","2,291","468","107","21","6","1","1"
"경기도 군포시 금정동(4141056000)","8,557","4,073","1,956","1,309","876","268","59","13","1","1","1"
"경기도 군포시 재궁동(4141057000)","8,485","3,210","2,375","1,516","1,038","254","69","16","6","1","0"
"경기도 군포시 오금동(4141058000)","8,696","2,419","2,297","1,991","1,630","291","48","14","6","0","0"
"경기도 군포시 수리동(4141059000)","7,170","2,593","1,885","1,261","1,119","249","50","8","5","0","0"
"경기도 군포시 궁내동(4141060000)","7,008","1,179","1,450","1,712","2,141","422","81","15","4","0","4"
"경기도 군포시 대야동(4141061000)","3,868","1,127","998","843","699","153","36","7","5","0","0"
"경기도 군포시 광정동(4141062000)","10,431","3,758","2,241","1,890","2,038","399","83","17","1","4","0"
"경기도 군포시 송부동(4141063000)","8,174","2,295","1,996","1,795","1,635","386","51","13","2","1","0"
"경기도 의왕시 (4143000000)","65,734","19,285","16,289","13,832","12,702","2,870","563","136","42","10","5"
"경기도 의왕시 고천동(4143051000)","6,737","2,899","1,722","1,020","801","220","60","8","3","4","0"
"경기도 의왕시 부곡동(4143052000)","12,656","4,336","3,301","2,418","1,941","522","101","28","7","1","1"
"경기도 의왕시 오전동(4143053000)","14,780","3,378","3,689","3,422","3,422","685","136","34","8","4","2"
"경기도 의왕시 내손1동(4143054000)","8,282","2,387","1,974","1,808","1,678","356","54","19","6","0","0"
"경기도 의왕시 내손2동(4143055000)","8,141","1,705","1,854","2,017","2,053","399","91","15","7","0","0"
"경기도 의왕시 청계동(4143056000)","15,138","4,580","3,749","3,147","2,807","688","121","32","11","1","2"
"경기도 하남시 (4145000000)","138,764","52,368","30,809","25,104","23,388","5,785","1,014","205","53","26","12"
"경기도 하남시 천현동(4145051000)","4,186","2,407","886","480","282","105","21","3","1","1","0"
"경기도 하남시 신장1동(4145052000)","3,654","1,997","801","506","251","72","20","4","2","1","0"
"경기도 하남시 신장2동(4145053000)","19,765","6,267","5,297","3,991","3,308","715","143","27","12","2","3"
"경기도 하남시 덕풍1동(4145054000)","7,006","2,629","1,845","1,263","976","228","54","9","0","2","0"
"경기도 하남시 덕풍2동(4145055000)","9,253","4,065","2,368","1,500","1,030","237","43","6","2","1","1"
"경기도 하남시 덕풍3동(4145056000)","10,747","3,447","2,977","2,030","1,738","439","88","17","7","3","1"
"경기도 하남시 풍산동(4145057000)","11,129","2,935","2,223","2,400","2,771","676","94","23","6","0","1"
"경기도 하남시 감북동(4145058000)","1,526","839","351","192","106","28","6","4","0","0","0"
"경기도 하남시 감일동(4145058200)","11,533","2,937","2,416","2,545","2,585","866","153","24","4","3","0"
"경기도 하남시 위례동(4145058500)","9,783","2,090","1,961","2,425","2,622","559","97","20","2","4","3"
"경기도 하남시 춘궁동(4145059000)","2,156","1,250","469","224","142","43","14","8","3","1","2"
"경기도 하남시 초이동(4145060000)","2,000","1,185","417","207","129","48","10","3","1","0","0"
"경기도 하남시 미사1동(4145061000)","27,428","14,894","4,738","3,396","3,384","838","128","37","6","6","1"
"경기도 하남시 미사2동(4145062000)","18,598","5,426","4,060","3,945","4,064","931","143","20","7","2","0"
"경기도 용인시 (4146000000)","429,492","131,198","96,598","88,135","87,987","19,936","4,180","1,019","291","81","67"
"경기도 용인시 처인구 (4146100000)","115,048","45,129","26,801","19,964","17,064","4,733","1,008","250","62","12","25"
"경기도 용인시 처인구 포곡읍(4146125000)","14,592","5,652","3,271","2,608","2,250","639","120","33","14","2","3"
"경기도 용인시 처인구 모현읍(4146125300)","12,407","5,120","2,918","2,073","1,699","468","102","22","4","0","1"
"경기도 용인시 처인구 이동읍(4146125600)","9,057","3,753","2,111","1,513","1,195","371","90","13","4","1","6"
"경기도 용인시 처인구 남사읍(4146125900)","9,873","3,038","2,622","2,002","1,648","423","111","22","6","0","1"
"경기도 용인시 처인구 원삼면(4146134000)","4,068","1,799","1,179","532","375","122","44","8","4","1","4"
"경기도 용인시 처인구 백암면(4146135000)","4,500","2,349","1,127","548","315","110","44","4","1","0","2"
"경기도 용인시 처인구 양지면(4146136000)","9,257","4,292","2,078","1,398","1,016","338","84","35","7","2","7"
"경기도 용인시 처인구 중앙동(4146151000)","12,250","5,993","2,516","1,724","1,429","468","93","19","6","2","0"
"경기도 용인시 처인구 역북동(4146152500)","13,834","5,466","2,704","2,488","2,489","578","82","21","5","1","0"
"경기도 용인시 처인구 삼가동(4146152600)","4,840","1,249","1,173","1,047","1,047","252","55","14","2","1","0"
"경기도 용인시 처인구 유림동(4146153000)","14,339","4,039","3,510","3,054","2,826","733","125","40","9","2","1"
"경기도 용인시 처인구 동부동(4146154000)","6,031","2,379","1,592","977","775","231","58","19","0","0","0"
"경기도 용인시 기흥구 (4146300000)","173,844","50,957","39,303","36,014","36,867","8,380","1,746","402","121","39","15"
"경기도 용인시 기흥구 신갈동(4146351000)","16,134","5,326","3,916","3,360","2,820","549","130","25","4","3","1"
"경기도 용인시 기흥구 영덕1동(4146351600)","11,721","3,180","2,682","2,488","2,657","579","103","19","10","3","0"
"경기도 용인시 기흥구 영덕2동(4146351700)","7,214","2,238","1,737","1,590","1,313","270","53","6","4","2","1"
"경기도 용인시 기흥구 구갈동(4146352000)","18,097","6,863","3,782","3,497","3,171","631","123","20","10","0","0"
"경기도 용인시 기흥구 상갈동(4146353000)","6,165","2,702","1,357","949","909","208","33","5","2","0","0"
"경기도 용인시 기흥구 보라동(4146353500)","12,434","3,178","2,840","2,500","2,940","761","166","33","11","4","1"
"경기도 용인시 기흥구 기흥동(4146354000)","8,953","2,868","2,316","1,733","1,461","437","95","26","10","6","1"
"경기도 용인시 기흥구 서농동(4146355000)","11,960","5,375","2,041","1,956","2,103","389","70","19","4","2","1"
"경기도 용인시 기흥구 구성동(4146356000)","15,483","3,891","4,079","3,255","3,159","860","184","43","6","5","1"
"경기도 용인시 기흥구 마북동(4146357000)","12,323","3,195","3,061","2,714","2,527","613","149","41","17","4","2"
"경기도 용인시 기흥구 동백1동(4146357200)","11,633","2,512","2,328","2,658","3,284","721","100","23","6","0","1"
"경기도 용인시 기흥구 동백2동(4146357500)","9,350","1,913","1,704","2,046","2,862","653","126","34","10","2","0"
"경기도 용인시 기흥구 동백3동(4146357700)","9,815","2,283","2,308","2,201","2,327","548","120","22","5","1","0"
"경기도 용인시 기흥구 상하동(4146358600)","9,215","2,293","2,175","2,019","2,042","515","129","30","7","2","3"
"경기도 용인시 기흥구 보정동(4146359000)","13,347","3,140","2,977","3,048","3,292","646","165","56","15","5","3"
"경기도 용인시 수지구 (4146500000)","140,600","35,112","30,494","32,157","34,056","6,823","1,426","367","108","30","27"
"경기도 용인시 수지구 풍덕천1동(4146551000)","15,833","5,829","3,714","3,008","2,652","515","89","22","1","1","2"
"경기도 용인시 수지구 풍덕천2동(4146552000)","14,951","3,705","2,646","3,487","4,237","716","120","28","9","2","1"
"경기도 용인시 수지구 신봉동(4146553000)","13,407","2,630","2,995","3,227","3,582","752","153","42","17","4","5"
"경기도 용인시 수지구 죽전1동(4146554000)","10,732","2,479","2,369","2,527","2,659","512","146","27","10","1","2"
"경기도 용인시 수지구 죽전2동(4146555000)","7,703","2,554","1,764","1,636","1,435","246","51","15","2","0","0"
"경기도 용인시 수지구 죽전3동(4146555500)","10,656","3,144","2,288","2,257","2,422","435","72","31","4","2","1"
"경기도 용인시 수지구 동천동(4146556000)","19,117","5,068","4,184","4,502","4,421","753","137","30","9","7","6"
"경기도 용인시 수지구 상현1동(4146557000)","6,754","1,024","1,392","1,627","2,040","508","121","32","7","3","0"
"경기도 용인시 수지구 상현2동(4146558000)","11,528","1,927","2,669","2,908","3,120","684","162","44","10","3","1"
"경기도 용인시 수지구 상현3동(4146558500)","11,114","3,658","2,045","2,327","2,447","510","89","22","12","1","3"
"경기도 용인시 수지구 성복동(4146559000)","18,805","3,094","4,428","4,651","5,041","1,192","286","74","27","6","6"
"경기도 파주시 (4148000000)","211,916","81,531","48,496","36,926","33,978","8,724","1,720","401","92","28","20"
"경기도 파주시 문산읍(4148025000)","21,923","8,893","5,273","3,550","3,014","941","198","40","9","3","2"
"경기도 파주시 파주읍(4148025300)","7,479","4,020","1,821","843","545","192","46","11","0","0","1"
"경기도 파주시 법원읍(4148025600)","5,621","2,920","1,452","679","400","110","41","14","3","0","2"
"경기도 파주시 조리읍(4148026200)","13,014","4,822","3,365","2,226","1,807","567","157","56","10","1","3"
"경기도 파주시 월롱면(4148031000)","7,138","5,792","767","339","151","61","13","13","1","1","0"
"경기도 파주시 탄현면(4148032000)","7,327","4,065","1,584","841","579","194","47","13","2","1","1"
"경기도 파주시 광탄면(4148035000)","6,032","3,188","1,448","747","439","146","45","13","5","0","1"
"경기도 파주시 파평면(4148036000)","2,125","1,107","586","238","128","43","15","4","2","2","0"
"경기도 파주시 적성면(4148037000)","3,734","1,782","964","479","349","118","30","8","1","1","2"
"경기도 파주시 장단면(4148039000)","302","110","75","55","31","13","11","5","0","2","0"
"경기도 파주시 금촌1동(4148051000)","12,466","7,156","2,627","1,389","971","243","56","14","8","1","1"
"경기도 파주시 금촌2동(4148052000)","13,187","4,076","3,037","2,595","2,700","651","105","19","3","1","0"
"경기도 파주시 금촌3동(4148053000)","11,585","3,916","2,839","2,187","1,935","556","121","24","4","1","2"
"경기도 파주시 교하동(4148054000)","20,678","6,587","4,668","4,064","3,986","1,096","224","41","10","1","1"
"경기도 파주시 운정1동(4148055000)","21,029","6,641","4,911","4,074","4,207","1,003","144","34","10","4","1"
"경기도 파주시 운정2동(4148056000)","23,886","6,268","5,232","5,377","5,552","1,211","194","37","9","5","1"
"경기도 파주시 운정3동(4148057000)","34,390","10,188","7,847","7,243","7,184","1,579","273","55","15","4","2"
"경기도 이천시 (4150000000)","101,417","42,590","22,790","16,208","14,574","4,024","912","214","67","22","16"
"경기도 이천시 장호원읍(4150025000)","6,653","2,577","1,879","1,053","807","241","65","18","9","1","3"
"경기도 이천시 부발읍(4150025300)","15,710","6,298","3,231","2,567","2,706","722","140","32","10","2","2"
"경기도 이천시 신둔면(4150031000)","6,497","2,701","1,676","1,052","737","242","75","9","2","3","0"
"경기도 이천시 백사면(4150032000)","5,056","1,770","1,492","888","652","175","58","14","3","3","1"
"경기도 이천시 호법면(4150033000)","3,068","1,551","734","412","235","90","35","5","2","2","2"
"경기도 이천시 마장면(4150034000)","7,784","3,965","1,638","1,069","790","242","57","19","2","1","1"
"경기도 이천시 대월면(4150035000)","7,735","4,396","1,364","868","794","236","53","18","4","0","2"
"경기도 이천시 모가면(4150036000)","2,307","1,121","671","285","130","68","23","9","0","0","0"
"경기도 이천시 설성면(4150037000)","2,529","1,276","703","304","155","60","22","6","2","1","0"
"경기도 이천시 율면(4150038000)","1,463","711","487","150","73","29","9","3","0","0","1"
"경기도 이천시 창전동(4150051000)","8,571","4,217","1,974","1,206","840","249","59","15","8","2","1"
"경기도 이천시 증포동(4150051500)","20,680","4,781","4,195","4,663","5,457","1,300","216","45","18","3","2"
"경기도 이천시 중리동(4150052000)","8,385","4,950","1,541","946","655","212","62","12","5","1","1"
"경기도 이천시 관고동(4150053000)","4,979","2,276","1,205","745","543","158","38","9","2","3","0"
"경기도 안성시 (4155000000)","89,118","38,680","21,764","13,442","11,015","3,205","733","187","50","12","30"
"경기도 안성시 공도읍(4155025000)","25,744","9,384","6,040","4,461","4,406","1,179","207","50","11","4","2"
"경기도 안성시 보개면(4155031000)","2,663","1,210","789","349","192","80","24","13","3","0","3"
"경기도 안성시 금광면(4155032000)","3,584","1,617","980","472","366","103","32","10","3","0","1"
"경기도 안성시 서운면(4155033000)","1,684","787","488","212","118","57","15","4","2","1","0"
"경기도 안성시 미양면(4155034000)","3,033","1,499","858","357","197","88","20","7","1","1","5"
"경기도 안성시 대덕면(4155035000)","8,347","4,663","1,690","979","750","201","43","14","5","1","1"
"경기도 안성시 양성면(4155036000)","2,717","1,379","736","328","166","60","30","10","4","0","4"
"경기도 안성시 원곡면(4155038000)","3,502","1,841","886","408","241","93","23","5","2","0","3"
"경기도 안성시 일죽면(4155039000)","3,935","1,891","1,152","489","256","102","34","9","2","0","0"
"경기도 안성시 죽산면(4155040000)","3,790","2,034","1,000","397","213","96","39","5","2","0","4"
"경기도 안성시 삼죽면(4155041000)","2,033","1,144","520","197","101","49","14","3","0","2","3"
"경기도 안성시 고삼면(4155042000)","1,041","530","301","107","59","27","13","2","2","0","0"
"경기도 안성시 안성1동(4155051000)","5,783","2,419","1,496","956","635","196","62","15","3","0","1"
"경기도 안성시 안성2동(4155052000)","11,936","5,205","2,523","1,947","1,701","450","87","20","3","0","0"
"경기도 안성시 안성3동(4155053000)","9,326","3,077","2,305","1,783","1,614","424","90","20","7","3","3"
"경기도 김포시 (4157000000)","200,846","66,678","45,612","39,875","37,577","8,812","1,721","403","121","30","17"
"경기도 김포시 통진읍(4157025000)","14,924","7,301","3,723","1,996","1,355","435","83","17","14","0","0"
"경기도 김포시 고촌읍(4157025300)","18,385","4,708","4,217","4,262","4,069","903","178","33","11","4","0"
"경기도 김포시 양촌읍(4157025600)","14,325","6,417","3,708","2,169","1,517","393","93","22","4","0","2"
"경기도 김포시 대곶면(4157034000)","5,631","3,254","1,299","567","324","130","40","12","4","0","1"
"경기도 김포시 월곶면(4157035000)","3,171","1,833","784","331","142","58","16","3","2","0","2"
"경기도 김포시 하성면(4157036000)","4,186","1,944","1,197","559","328","103","35","14","4","2","0"
"경기도 김포시 김포본동(4157051500)","23,137","5,744","5,489","5,245","5,159","1,209","225","48","10","5","3"
"경기도 김포시 장기본동(4157052500)","13,598","2,702","2,839","3,231","3,649","948","163","49","11","4","2"
"경기도 김포시 사우동(4157054000)","9,949","3,655","2,371","1,951","1,572","312","69","13","6","0","0"
"경기도 김포시 풍무동(4157055000)","23,614","6,608","4,984","5,124","5,201","1,314","275","78","21","8","1"
"경기도 김포시 장기동(4157056000)","16,040","4,598","3,362","3,431","3,775","707","125","25","14","1","2"
"경기도 김포시 구래동(4157057000)","20,028","8,099","4,010","3,678","3,318","757","134","25","4","2","1"
"경기도 김포시 마산동(4157057500)","15,157","5,161","3,565","2,962","2,736","588","112","28","3","2","0"
"경기도 김포시 운양동(4157058000)","18,701","4,654","4,064","4,369","4,432","955","173","36","13","2","3"
"경기도 화성시 (4159000000)","372,888","138,075","74,209","67,588","72,812","16,524","2,797","640","156","45","42"
"경기도 화성시 봉담읍(4159025300)","34,849","11,730","7,903","6,471","6,615","1,725","298","70","23","6","8"
"경기도 화성시 우정읍(4159025600)","9,065","4,529","2,246","1,147","763","291","64","23","2","0","0"
"경기도 화성시 향남읍(4159025900)","40,056","17,885","7,546","6,133","6,329","1,760","306","78","14","3","2"
"경기도 화성시 남양읍(4159026200)","21,048","10,108","4,500","2,966","2,507","746","160","45","9","2","5"
"경기도 화성시 매송면(4159031000)","3,541","1,653","977","488","287","96","28","9","2","0","1"
"경기도 화성시 비봉면(4159032000)","3,572","1,878","964","381","241","81","18","6","2","1","0"
"경기도 화성시 마도면(4159033000)","4,095","2,468","884","401","220","81","17","15","5","0","4"
"경기도 화성시 송산면(4159034000)","5,674","2,737","1,546","727","409","179","49","20","5","0","2"
"경기도 화성시 서신면(4159035000)","4,065","2,209","1,099","420","212","89","23","9","2","1","1"
"경기도 화성시 팔탄면(4159036000)","6,301","4,078","1,284","519","294","82","33","7","3","0","1"
"경기도 화성시 장안면(4159037000)","5,723","3,301","1,293","593","335","134","48","13","2","2","2"
"경기도 화성시 양감면(4159040000)","2,460","1,527","557","218","94","39","17","6","1","1","0"
"경기도 화성시 정남면(4159041000)","6,387","3,609","1,441","692","449","152","34","9","0","0","1"
"경기도 화성시 새솔동(4159051500)","8,273","1,187","1,623","2,298","2,548","515","77","20","4","1","0"
"경기도 화성시 진안동(4159052000)","20,765","9,971","3,731","3,111","3,058","728","121","34","8","1","2"
"경기도 화성시 병점1동(4159053000)","15,031","5,349","3,014","2,922","2,937","665","107","26","7","3","1"
"경기도 화성시 병점2동(4159054000)","8,792","2,171","1,878","1,769","2,331","536","84","15","5","3","0"
"경기도 화성시 반월동(4159055000)","11,027","2,153","2,122","2,642","3,191","768","119","23","9","0","0"
"경기도 화성시 기배동(4159056000)","4,944","1,124","1,168","1,054","1,201","314","66","13","2","1","1"
"경기도 화성시 화산동(4159057000)","10,101","3,877","2,416","1,713","1,554","412","108","12","8","1","0"
"경기도 화성시 동탄1동(4159058500)","20,791","7,902","2,908","3,970","4,966","884","118","34","8","0","1"
"경기도 화성시 동탄2동(4159058600)","11,821","2,176","2,081","2,599","3,966","836","136","14","6","5","2"
"경기도 화성시 동탄3동(4159058700)","17,448","6,569","3,063","3,213","3,725","738","106","27","6","1","0"
"경기도 화성시 동탄4동(4159058800)","16,490","1,856","2,501","4,319","6,467","1,177","142","21","4","1","2"
"경기도 화성시 동탄5동(4159059000)","19,835","7,875","4,031","3,533","3,589","671","109","19","5","2","1"
"경기도 화성시 동탄6동(4159060000)","16,376","6,667","2,688","2,893","3,292","692","117","17","5","4","1"
"경기도 화성시 동탄7동(4159061000)","32,192","8,343","6,218","7,439","8,339","1,582","219","38","7","5","2"
"경기도 화성시 동탄8동(4159062000)","12,166","3,143","2,527","2,957","2,893","551","73","17","2","1","2"
"경기도 광주시 (4161000000)","167,673","59,969","41,587","31,753","25,629","6,865","1,402","335","95","23","15"
"경기도 광주시 오포읍(4161025000)","49,069","17,507","12,325","9,427","7,257","1,981","440","95","30","5","2"
"경기도 광주시 초월읍(4161025300)","20,133","7,339","4,910","3,752","3,017","868","176","54","11","3","3"
"경기도 광주시 곤지암읍(4161025900)","11,537","5,478","2,685","1,715","1,236","329","69","16","4","3","2"
"경기도 광주시 도척면(4161033000)","5,108","2,700","1,205","625","394","133","38","11","1","0","1"
"경기도 광주시 퇴촌면(4161034000)","7,500","3,056","2,152","1,159","781","260","69","17","4","2","0"
"경기도 광주시 남종면(4161035000)","814","413","234","90","52","20","4","1","0","0","0"
"경기도 광주시 남한산성면(4161037000)","1,245","594","302","194","96","41","14","2","1","0","1"
"경기도 광주시 경안동(4161051000)","13,038","5,345","2,953","2,310","1,856","468","87","10","8","1","0"
"경기도 광주시 송정동(4161052000)","9,727","3,642","2,421","1,740","1,436","379","78","24","5","0","2"
"경기도 광주시 쌍령동(4161054000)","7,168","1,851","1,877","1,579","1,460","313","64","16","7","1","0"
"경기도 광주시 탄벌동(4161055000)","16,351","5,257","4,258","3,274","2,621","750","141","34","9","4","3"
"경기도 광주시 광남1동(4161056000)","14,289","4,813","3,744","2,821","2,153","613","102","31","9","3","0"
"경기도 광주시 광남2동(4161057000)","11,694","1,974","2,521","3,067","3,270","710","120","24","6","1","1"
"경기도 양주시 (4163000000)","102,314","37,208","25,310","18,150","15,942","4,541","863","218","48","20","14"
"경기도 양주시 백석읍(4163025000)","11,722","4,364","3,175","1,957","1,608","481","98","26","9","0","4"
"경기도 양주시 은현면(4163031000)","3,184","1,749","726","397","192","77","30","10","2","1","0"
"경기도 양주시 남면(4163032000)","3,880","2,168","917","392","288","86","23","4","0","0","2"
"경기도 양주시 광적면(4163033000)","6,029","3,030","1,436","795","520","164","56","24","3","0","1"
"경기도 양주시 장흥면(4163034000)","5,584","2,727","1,423","768","441","151","57","10","5","1","1"
"경기도 양주시 양주1동(4163051000)","2,710","1,341","692","359","203","85","22","6","0","2","0"
"경기도 양주시 양주2동(4163052000)","19,408","5,190","5,047","3,775","3,958","1,145","207","61","15","6","4"
"경기도 양주시 회천1동(4163053000)","4,763","2,178","1,124","741","542","140","29","8","1","0","0"
"경기도 양주시 회천2동(4163054000)","11,749","4,050","3,077","2,206","1,773","532","79","25","2","4","1"
"경기도 양주시 회천3동(4163055000)","11,058","3,344","2,760","2,168","2,074","610","83","14","3","2","0"
"경기도 양주시 회천4동(4163056000)","22,227","7,067","4,933","4,592","4,343","1,070","179","30","8","4","1"
"경기도 포천시 (4165000000)","73,584","34,095","18,464","10,459","7,478","2,335","556","143","32","13","9"
"경기도 포천시 소흘읍(4165025000)","19,803","7,174","5,059","3,508","2,945","873","178","53","8","4","1"
"경기도 포천시 군내면(4165031000)","4,334","2,072","1,047","632","392","139","39","9","3","0","1"
"경기도 포천시 내촌면(4165032000)","2,645","1,515","664","247","144","50","22","2","0","1","0"
"경기도 포천시 가산면(4165033000)","4,281","2,470","958","473","253","79","29","14","3","1","1"
"경기도 포천시 신북면(4165034000)","6,511","3,283","1,650","808","522","194","43","6","2","1","2"
"경기도 포천시 창수면(4165035000)","1,178","595","365","134","49","26","5","1","2","1","0"
"경기도 포천시 영중면(4165036000)","2,677","1,465","694","277","153","57","26","4","1","0","0"
"경기도 포천시 일동면(4165037000)","5,022","2,608","1,237","606","386","124","44","9","6","0","2"
"경기도 포천시 이동면(4165038000)","3,416","1,859","791","373","288","86","15","4","0","0","0"
"경기도 포천시 영북면(4165039000)","4,403","2,291","1,101","516","362","99","25","7","1","0","1"
"경기도 포천시 관인면(4165040000)","1,513","758","473","158","76","36","8","4","0","0","0"
"경기도 포천시 화현면(4165041000)","1,453","743","373","173","114","36","9","3","1","1","0"
"경기도 포천시 포천동(4165051000)","8,812","3,671","2,191","1,432","1,093","340","69","13","1","2","0"
"경기도 포천시 선단동(4165052000)","7,536","3,591","1,861","1,122","701","196","44","14","4","2","1"
"경기도 여주시 (4167000000)","52,731","22,242","14,112","7,811","5,857","1,945","555","156","32","8","13"
"경기도 여주시 가남읍(4167025000)","7,537","3,501","1,908","1,033","744","265","63","16","6","0","1"
"경기도 여주시 점동면(4167031000)","2,280","947","765","308","162","64","21","10","0","1","2"
"경기도 여주시 흥천면(4167032000)","2,496","1,047","798","341","185","88","27","8","2","0","0"
"경기도 여주시 금사면(4167033000)","1,616","812","491","171","90","37","9","4","1","0","1"
"경기도 여주시 세종대왕면(4167034500)","3,107","1,430","857","415","247","99","43","14","0","1","1"
"경기도 여주시 대신면(4167035000)","3,682","1,779","1,110","423","228","86","43","10","2","0","1"
"경기도 여주시 북내면(4167036000)","2,440","1,077","752","303","185","82","24","15","1","0","1"
"경기도 여주시 강천면(4167037000)","2,293","1,187","612","263","133","60","23","8","5","0","2"
"경기도 여주시 산북면(4167038000)","1,257","547","388","172","92","35","13","8","0","0","2"
"경기도 여주시 여흥동(4167051000)","10,169","4,279","2,625","1,543","1,190","391","103","26","7","4","1"
"경기도 여주시 중앙동(4167052000)","7,984","2,982","1,801","1,403","1,315","359","100","18","3","2","1"
"경기도 여주시 오학동(4167053000)","7,870","2,654","2,005","1,436","1,286","379","86","19","5","0","0"
"경기도 연천군 (4180000000)","22,002","10,936","5,608","2,619","1,890","695","185","44","17","2","6"
"경기도 연천군 연천읍(4180025000)","4,028","2,127","889","481","381","116","24","8","1","0","1"
"경기도 연천군 전곡읍(4180025300)","8,916","3,824","2,248","1,260","1,086","380","96","16","4","0","2"
"경기도 연천군 군남면(4180031000)","1,707","884","492","179","89","40","16","4","2","0","1"
"경기도 연천군 청산면(4180032000)","2,333","1,407","540","228","96","46","8","2","6","0","0"
"경기도 연천군 백학면(4180033000)","1,374","689","396","155","74","41","14","4","1","0","0"
"경기도 연천군 미산면(4180034000)","977","521","288","90","43","19","10","3","2","0","1"
"경기도 연천군 왕징면(4180035000)","566","294","183","50","18","14","3","2","0","1","1"
"경기도 연천군 신서면(4180036000)","1,626","967","420","128","71","27","7","5","0","1","0"
"경기도 연천군 중면(4180037000)","112","70","20","11","7","4","0","0","0","0","0"
"경기도 연천군 장남면(4180038000)","363","153","132","37","25","8","7","0","1","0","0"
"경기도 가평군 (4182000000)","31,775","15,704","8,254","3,881","2,685","904","248","70","12","6","11"
"경기도 가평군 가평읍(4182025000)","9,393","4,153","2,426","1,350","1,035","325","77","23","1","3","0"
"경기도 가평군 설악면(4182031000)","5,194","2,749","1,323","556","363","115","61","19","5","1","2"
"경기도 가평군 청평면(4182032500)","7,319","3,664","1,879","918","597","198","45","14","2","2","0"
"경기도 가평군 상면(4182033000)","3,218","1,742","921","308","161","60","18","5","1","0","2"
"경기도 가평군 조종면(4182034500)","4,405","2,153","1,068","548","425","167","30","5","2","0","7"
"경기도 가평군 북면(4182035000)","2,246","1,243","637","201","104","39","17","4","1","0","0"
"경기도 양평군 (4183000000)","59,094","26,220","16,467","7,893","5,730","2,012","550","141","47","12","22"
"경기도 양평군 양평읍(4183025000)","13,938","5,595","3,477","2,162","1,874","621","155","39","12","1","2"
"경기도 양평군 강상면(4183031000)","4,771","1,827","1,344","752","595","191","43","11","6","0","2"
"경기도 양평군 강하면(4183032000)","2,654","1,340","826","243","146","64","25","5","4","0","1"
"경기도 양평군 양서면(4183033000)","6,716","2,827","1,954","985","664","208","54","18","2","1","3"
"경기도 양평군 옥천면(4183034000)","4,243","2,051","1,112","551","351","121","44","8","2","2","1"
"경기도 양평군 서종면(4183035000)","5,107","2,476","1,357","610","447","155","46","9","4","2","1"
"경기도 양평군 단월면(4183036000)","2,090","1,060","644","211","101","49","12","7","3","0","3"
"경기도 양평군 청운면(4183037000)","2,129","1,117","650","202","103","30","18","5","1","1","2"
"경기도 양평군 양동면(4183038000)","2,425","1,148","822","253","123","50","13","10","2","0","4"
"경기도 양평군 지평면(4183039500)","3,774","1,860","1,125","419","237","89","34","7","2","1","0"
"경기도 양평군 용문면(4183040000)","8,556","3,680","2,334","1,174","906","355","79","16","6","3","3"
"경기도 양평군 개군면(4183041000)","2,691","1,239","822","331","183","79","27","6","3","1","0"
"강원도  (4200000000)","746,220","327,770","195,615","111,243","82,401","22,792","4,835","1,118","289","75","82"
"강원도 춘천시 (4211000000)","130,277","52,489","32,587","21,627","17,631","4,662","984","216","54","17","10"
"강원도 춘천시 신북읍(4211025000)","3,655","1,526","1,117","532","328","105","38","7","0","0","2"
"강원도 춘천시 동면(4211031000)","7,992","2,513","1,963","1,508","1,484","410","95","16","3","0","0"
"강원도 춘천시 동산면(4211032000)","794","388","245","101","38","17","4","1","0","0","0"
"강원도 춘천시 신동면(4211033000)","1,203","465","363","189","115","52","10","8","1","0","0"
"강원도 춘천시 남면(4211034000)","658","377","205","46","17","5","4","2","1","1","0"
"강원도 춘천시 서면(4211035000)","1,977","923","621","240","121","44","18","7","1","1","1"
"강원도 춘천시 사북면(4211036000)","1,454","809","414","121","71","28","8","1","1","1","0"
"강원도 춘천시 북산면(4211038000)","624","380","174","51","11","6","2","0","0","0","0"
"강원도 춘천시 동내면(4211039000)","7,777","3,053","2,014","1,237","1,079","307","64","14","6","1","2"
"강원도 춘천시 남산면(4211040000)","1,999","1,104","560","205","80","33","15","2","0","0","0"
"강원도 춘천시 교동(4211052000)","2,285","1,522","444","200","82","27","4","3","2","1","0"
"강원도 춘천시 조운동(4211053000)","1,615","982","351","164","80","30","4","2","2","0","0"
"강원도 춘천시 약사명동(4211054500)","1,622","689","443","264","169","47","9","1","0","0","0"
"강원도 춘천시 근화동(4211057000)","4,099","1,868","943","617","491","146","26","6","0","1","1"
"강원도 춘천시 소양동(4211058000)","4,207","1,638","1,062","704","622","146","31","2","2","0","0"
"강원도 춘천시 후평1동(4211060000)","6,207","3,228","1,523","792","477","143","33","9","2","0","0"
"강원도 춘천시 후평2동(4211061000)","6,372","2,261","1,637","1,217","948","254","43","8","3","1","0"
"강원도 춘천시 후평3동(4211061100)","9,081","3,138","2,443","1,742","1,325","348","64","14","6","1","0"
"강원도 춘천시 효자1동(4211062000)","1,963","697","543","362","276","73","10","1","1","0","0"
"강원도 춘천시 효자2동(4211063000)","7,632","5,062","1,434","647","359","93","26","9","1","1","0"
"강원도 춘천시 효자3동(4211064000)","2,662","1,682","535","241","153","36","10","5","0","0","0"
"강원도 춘천시 석사동(4211065000)","15,004","5,601","3,516","2,618","2,441","668","124","30","6","0","0"
"강원도 춘천시 퇴계동(4211066000)","19,869","5,966","4,986","4,119","3,731","855","174","32","4","2","0"
"강원도 춘천시 강남동(4211067500)","9,728","3,220","2,615","1,952","1,523","331","67","13","4","1","2"
"강원도 춘천시 신사우동(4211070500)","9,798","3,397","2,436","1,758","1,610","458","101","23","8","5","2"
"강원도 원주시 (4213000000)","164,895","66,957","41,028","27,932","22,122","5,517","1,032","220","49","14","24"
"강원도 원주시 문막읍(4213025000)","8,851","3,938","2,403","1,306","877","266","44","13","4","0","0"
"강원도 원주시 소초면(4213031000)","4,405","2,040","1,346","554","329","102","26","6","0","1","1"
"강원도 원주시 호저면(4213032000)","1,904","876","619","233","113","47","8","5","2","0","1"
"강원도 원주시 지정면(4213033000)","11,693","3,229","3,041","2,675","2,196","458","73","16","4","0","1"
"강원도 원주시 부론면(4213035000)","1,277","653","419","124","53","19","7","2","0","0","0"
"강원도 원주시 귀래면(4213036000)","1,208","593","405","131","47","20","8","3","0","0","1"
"강원도 원주시 흥업면(4213037000)","5,098","2,838","1,147","546","403","119","36","9","0","0","0"
"강원도 원주시 판부면(4213038000)","3,791","1,937","837","491","381","105","32","6","0","2","0"
"강원도 원주시 신림면(4213039000)","2,000","942","712","224","86","28","5","2","1","0","0"
"강원도 원주시 중앙동(4213051500)","1,668","1,122","322","129","61","27","6","0","0","1","0"
"강원도 원주시 원인동(4213052000)","2,446","1,258","589","336","206","50","5","2","0","0","0"
"강원도 원주시 개운동(4213053000)","5,777","2,201","1,528","1,050","724","224","39","8","1","1","1"
"강원도 원주시 명륜1동(4213054100)","3,745","1,300","1,069","734","481","135","23","3","0","0","0"
"강원도 원주시 명륜2동(4213054200)","7,595","3,561","1,739","1,094","902","234","46","11","6","1","1"
"강원도 원주시 단구동(4213055000)","19,820","7,552","4,672","3,634","3,091","705","134","20","7","2","3"
"강원도 원주시 일산동(4213056000)","4,520","2,326","1,067","597","384","100","36","8","1","1","0"
"강원도 원주시 학성동(4213057500)","2,475","1,204","661","351","198","46","13","2","0","0","0"
"강원도 원주시 단계동(4213059000)","13,184","5,022","3,468","2,561","1,686","353","83","6","2","1","2"
"강원도 원주시 우산동(4213060000)","6,532","2,954","1,476","1,047","808","198","39","10","0","0","0"
"강원도 원주시 태장1동(4213061000)","4,800","2,048","1,160","725","637","192","30","5","1","1","1"
"강원도 원주시 태장2동(4213062000)","11,335","4,354","3,094","1,971","1,452","371","75","11","4","0","3"
"강원도 원주시 봉산동(4213063500)","3,832","1,637","1,073","591","383","125","18","4","0","0","1"
"강원도 원주시 행구동(4213065000)","3,179","972","867","641","470","168","36","16","4","1","4"
"강원도 원주시 무실동(4213066000)","14,926","5,450","3,597","2,601","2,562","606","83","24","3","0","0"
"강원도 원주시 반곡관설동(4213067500)","18,834","6,950","3,717","3,586","3,592","819","127","28","9","2","4"
"강원도 강릉시 (4215000000)","102,879","44,073","27,814","15,667","11,495","2,984","645","140","46","8","7"
"강원도 강릉시 주문진읍(4215025000)","9,243","4,717","2,703","1,074","541","154","37","12","4","0","1"
"강원도 강릉시 성산면(4215031000)","1,722","739","544","235","134","47","18","3","1","1","0"
"강원도 강릉시 왕산면(4215032000)","911","455","313","94","37","9","3","0","0","0","0"
"강원도 강릉시 구정면(4215033000)","2,035","831","619","309","192","60","15","5","2","1","1"
"강원도 강릉시 강동면(4215034000)","2,266","1,135","644","274","131","49","25","6","1","1","0"
"강원도 강릉시 옥계면(4215035000)","1,935","949","625","203","111","40","6","1","0","0","0"
"강원도 강릉시 사천면(4215036000)","2,417","1,117","736","312","167","59","19","6","1","0","0"
"강원도 강릉시 연곡면(4215037000)","3,282","1,519","975","406","273","87","14","7","1","0","0"
"강원도 강릉시 홍제동(4215051000)","7,089","2,990","1,697","1,181","961","194","49","8","5","2","2"
"강원도 강릉시 중앙동(4215052000)","2,814","1,649","656","288","159","46","11","5","0","0","0"
"강원도 강릉시 옥천동(4215054000)","2,023","1,195","500","190","98","32","7","1","0","0","0"
"강원도 강릉시 교1동(4215055000)","11,714","4,562","2,980","2,019","1,621","411","94","20","5","1","1"
"강원도 강릉시 교2동(4215056000)","3,860","1,701","1,106","546","378","101","21","4","3","0","0"
"강원도 강릉시 포남1동(4215057100)","5,411","2,526","1,561","709","438","146","26","5","0","0","0"
"강원도 강릉시 포남2동(4215057200)","6,557","3,083","1,761","921","580","174","34","2","2","0","0"
"강원도 강릉시 초당동(4215058000)","2,379","1,079","645","346","234","57","11","7","0","0","0"
"강원도 강릉시 송정동(4215059000)","4,174","1,153","1,243","894","706","145","28","3","2","0","0"
"강원도 강릉시 내곡동(4215060000)","7,666","3,145","1,952","1,307","983","223","46","9","1","0","0"
"강원도 강릉시 강남동(4215061500)","8,314","3,270","2,418","1,356","904","290","60","11","4","1","0"
"강원도 강릉시 성덕동(4215064500)","11,957","4,099","3,014","2,164","2,089","490","77","15","8","0","1"
"강원도 강릉시 경포동(4215066500)","5,110","2,159","1,122","839","758","170","44","10","6","1","1"
"강원도 동해시 (4217000000)","42,916","17,829","11,746","6,703","4,945","1,376","246","57","11","2","1"
"강원도 동해시 천곡동(4217051000)","13,830","5,185","3,749","2,363","1,881","530","98","17","6","1","0"
"강원도 동해시 송정동(4217052000)","2,179","1,218","566","231","116","42","5","1","0","0","0"
"강원도 동해시 북삼동(4217053000)","8,731","3,155","2,158","1,630","1,371","354","53","6","4","0","0"
"강원도 동해시 부곡동(4217054000)","2,586","1,167","822","344","177","63","6","7","0","0","0"
"강원도 동해시 동호동(4217055000)","2,612","1,214","723","356","229","75","9","5","0","0","1"
"강원도 동해시 발한동(4217057000)","1,988","1,138","551","159","100","23","10","5","1","1","0"
"강원도 동해시 묵호동(4217059000)","1,824","997","542","173","82","22","8","0","0","0","0"
"강원도 동해시 북평동(4217060000)","5,763","2,090","1,597","1,061","779","192","34","10","0","0","0"
"강원도 동해시 망상동(4217063000)","1,859","895","563","221","114","49","13","4","0","0","0"
"강원도 동해시 삼화동(4217065000)","1,544","770","475","165","96","26","10","2","0","0","0"
"강원도 태백시 (4219000000)","20,731","9,650","5,654","2,767","1,929","562","135","26","6","1","1"
"강원도 태백시 황지동(4219051500)","2,929","1,265","756","440","344","96","22","5","1","0","0"
"강원도 태백시 황연동(4219052500)","2,362","1,282","605","247","147","54","19","7","1","0","0"
"강원도 태백시 삼수동(4219053500)","2,916","1,380","780","392","252","82","21","7","2","0","0"
"강원도 태백시 상장동(4219054000)","6,004","2,405","1,530","954","857","207","46","2","2","0","1"
"강원도 태백시 문곡소도동(4219058500)","2,047","987","619","245","138","50","8","0","0","0","0"
"강원도 태백시 장성동(4219059500)","1,757","792","570","241","106","39","5","3","0","1","0"
"강원도 태백시 구문소동(4219060500)","1,482","803","453","152","48","17","8","1","0","0","0"
"강원도 태백시 철암동(4219061500)","1,234","736","341","96","37","17","6","1","0","0","0"
"강원도 속초시 (4221000000)","40,706","18,094","10,622","6,295","4,276","1,145","206","45","19","4","0"
"강원도 속초시 영랑동(4221051000)","2,481","1,334","623","330","129","52","11","1","1","0","0"
"강원도 속초시 동명동(4221052000)","1,900","938","504","249","161","38","6","3","1","0","0"
"강원도 속초시 금호동(4221054000)","3,199","1,594","848","428","227","79","16","6","0","1","0"
"강원도 속초시 교동(4221056000)","4,916","2,360","1,245","712","455","113","26","3","2","0","0"
"강원도 속초시 노학동(4221057000)","10,614","4,709","2,669","1,628","1,203","327","57","16","4","1","0"
"강원도 속초시 조양동(4221058000)","13,108","4,777","3,525","2,452","1,809","453","71","14","7","0","0"
"강원도 속초시 청호동(4221059000)","2,712","1,424","688","342","205","40","9","1","2","1","0"
"강원도 속초시 대포동(4221060000)","1,776","958","520","154","87","43","10","1","2","1","0"
"강원도 삼척시 (4223000000)","33,184","16,413","8,574","4,287","2,854","824","173","46","9","2","2"
"강원도 삼척시 도계읍(4223025000)","5,773","3,531","1,308","509","303","90","23","8","1","0","0"
"강원도 삼척시 원덕읍(4223025300)","2,066","1,308","509","143","76","23","6","1","0","0","0"
"강원도 삼척시 원덕읍임원출장소(4223025400)","999","583","250","92","52","15","4","3","0","0","0"
"강원도 삼척시 근덕면(4223031000)","3,095","1,812","828","298","104","37","12","4","0","0","0"
"강원도 삼척시 하장면(4223032000)","729","362","232","89","32","11","1","2","0","0","0"
"강원도 삼척시 노곡면(4223033000)","437","246","136","35","13","5","1","0","1","0","0"
"강원도 삼척시 미로면(4223034000)","1,049","554","324","109","38","18","6","0","0","0","0"
"강원도 삼척시 가곡면(4223035000)","413","236","128","28","12","9","0","0","0","0","0"
"강원도 삼척시 신기면(4223036000)","413","235","130","30","12","5","0","1","0","0","0"
"강원도 삼척시 남양동(4223051000)","3,992","1,954","1,125","527","267","97","17","3","1","1","0"
"강원도 삼척시 교동(4223053000)","6,004","2,024","1,381","1,209","1,066","256","53","11","2","1","1"
"강원도 삼척시 정라동(4223054000)","4,435","2,049","1,129","623","473","123","27","9","2","0","0"
"강원도 삼척시 성내동(4223057000)","3,779","1,519","1,094","595","406","135","23","4","2","0","1"
"강원도 홍천군 (4272000000)","34,237","15,484","9,860","4,478","2,996","1,035","274","81","12","6","11"
"강원도 홍천군 홍천읍(4272025000)","15,633","6,294","4,071","2,431","2,015","626","148","37","4","3","4"
"강원도 홍천군 화촌면(4272031000)","2,568","1,341","774","264","124","44","16","5","0","0","0"
"강원도 홍천군 두촌면(4272032000)","1,340","648","456","143","48","29","11","3","0","0","2"
"강원도 홍천군 내촌면(4272033000)","1,353","672","463","134","56","16","10","1","0","0","1"
"강원도 홍천군 서석면(4272034000)","1,925","860","632","247","110","52","16","6","2","0","0"
"강원도 홍천군 영귀미면(4272035200)","2,130","943","738","257","121","49","14","6","1","0","1"
"강원도 홍천군 남면(4272036000)","3,288","1,686","886","370","218","94","23","5","2","2","2"
"강원도 홍천군 서면(4272037000)","2,250","1,245","675","201","85","30","10","4","0","0","0"
"강원도 홍천군 북방면(4272038000)","2,057","973","644","222","141","50","14","10","1","1","1"
"강원도 홍천군 내면(4272039000)","1,693","822","521","209","78","45","12","4","2","0","0"
"강원도 횡성군 (4273000000)","23,593","10,740","7,195","2,933","1,823","656","176","46","15","5","4"
"강원도 횡성군 횡성읍(4273025000)","9,556","3,800","2,523","1,519","1,174","420","93","18","6","2","1"
"강원도 횡성군 우천면(4273031000)","2,451","1,186","813","255","138","37","14","6","2","0","0"
"강원도 횡성군 안흥면(4273032000)","1,557","797","531","131","58","24","10","4","0","0","2"
"강원도 횡성군 둔내면(4273033000)","3,085","1,457","980","344","189","78","24","8","3","1","1"
"강원도 횡성군 갑천면(4273034000)","1,439","750","492","131","44","12","8","1","1","0","0"
"강원도 횡성군 청일면(4273035000)","1,387","707","481","125","48","19","4","1","1","1","0"
"강원도 횡성군 공근면(4273036000)","1,948","959","650","207","87","32","9","2","1","1","0"
"강원도 횡성군 서원면(4273037000)","1,147","561","362","143","48","18","10","4","1","0","0"
"강원도 횡성군 강림면(4273038000)","1,023","523","363","78","37","16","4","2","0","0","0"
"강원도 영월군 (4275000000)","21,143","11,128","5,842","2,303","1,349","393","94","23","8","1","2"
"강원도 영월군 영월읍(4275025000)","10,798","5,274","2,771","1,453","971","253","58","17","1","0","0"
"강원도 영월군 상동읍(4275025300)","689","444","179","48","15","1","1","0","1","0","0"
"강원도 영월군 산솔면(4275031200)","857","468","277","67","29","12","2","1","1","0","0"
"강원도 영월군 김삿갓면(4275032500)","1,025","571","315","88","32","13","3","2","1","0","0"
"강원도 영월군 북면(4275033000)","1,246","695","381","107","37","22","1","0","1","0","2"
"강원도 영월군 남면(4275034000)","1,353","778","390","104","55","21","5","0","0","0","0"
"강원도 영월군 한반도면(4275035500)","719","397","213","66","30","8","4","1","0","0","0"
"강원도 영월군 한반도면쌍용출장소(4275035900)","1,028","620","264","90","36","15","1","1","1","0","0"
"강원도 영월군 주천면(4275036000)","2,193","1,196","667","181","98","39","8","1","2","1","0"
"강원도 영월군 무릉도원면(4275038000)","1,235","685","385","99","46","9","11","0","0","0","0"
"강원도 평창군 (4276000000)","21,665","10,552","6,230","2,613","1,519","560","132","37","19","0","3"
"강원도 평창군 평창읍(4276025000)","4,203","1,859","1,214","587","378","129","20","11","4","0","1"
"강원도 평창군 미탄면(4276031000)","944","493","289","94","50","13","3","2","0","0","0"
"강원도 평창군 방림면(4276032000)","500","273","155","42","14","13","1","0","2","0","0"
"강원도 평창군 방림면계촌출장소(4276032500)","1,000","532","328","86","35","16","3","0","0","0","0"
"강원도 평창군 대화면(4276033000)","2,757","1,332","837","313","178","74","15","4","4","0","0"
"강원도 평창군 봉평면(4276034000)","3,016","1,472","860","366","206","82","24","4","2","0","0"
"강원도 평창군 용평면(4276035000)","1,628","795","499","166","105","43","16","4","0","0","0"
"강원도 평창군 진부면(4276036000)","4,197","1,773","1,318","576","351","131","34","6","6","0","2"
"강원도 평창군 대관령면(4276038000)","3,420","2,023","730","383","202","59","16","6","1","0","0"
"강원도 정선군 (4277000000)","19,713","10,413","5,251","2,221","1,259","426","115","19","5","2","2"
"강원도 정선군 정선읍(4277025000)","5,152","2,321","1,387","729","506","147","49","9","3","0","1"
"강원도 정선군 고한읍(4277025300)","2,751","1,771","578","239","111","38","13","1","0","0","0"
"강원도 정선군 사북읍(4277025600)","2,553","1,346","622","318","197","59","10","1","0","0","0"
"강원도 정선군 신동읍(4277025900)","1,006","505","304","114","55","22","5","1","0","0","0"
"강원도 정선군 신동읍함백출장소(4277026000)","964","580","232","91","39","16","4","1","1","0","0"
"강원도 정선군 남면(4277032000)","1,835","1,013","493","194","92","36","6","1","0","0","0"
"강원도 정선군 북평면(4277034000)","1,342","680","396","140","74","37","10","2","1","1","1"
"강원도 정선군 임계면(4277035000)","2,016","1,063","626","196","91","33","6","1","0","0","0"
"강원도 정선군 화암면(4277036000)","939","524","256","83","45","22","8","1","0","0","0"
"강원도 정선군 여량면(4277037000)","1,155","610","357","117","49","16","4","1","0","1","0"
"강원도 철원군 (4278000000)","20,862","9,281","5,428","2,967","2,204","731","186","44","10","5","6"
"강원도 철원군 철원읍(4278025000)","2,437","971","666","399","280","91","24","5","1","0","0"
"강원도 철원군 김화읍(4278025300)","1,657","742","390","251","198","58","11","5","0","2","0"
"강원도 철원군 갈말읍(4278025600)","5,743","2,708","1,404","754","613","209","40","8","3","1","3"
"강원도 철원군 동송읍(4278025900)","7,088","3,003","1,923","1,054","746","261","77","17","4","2","1"
"강원도 철원군 서면(4278031000)","1,050","617","216","113","82","16","4","0","0","0","2"
"강원도 철원군 서면와수출장소(4278031500)","1,717","701","485","255","184","63","20","8","1","0","0"
"강원도 철원군 근남면(4278032000)","1,111","515","316","137","98","33","10","1","1","0","0"
"강원도 철원군 근북면(4278033000)","59","24","28","4","3","0","0","0","0","0","0"
"강원도 화천군 (4279000000)","12,556","6,431","2,952","1,537","1,141","370","88","24","8","1","4"
"강원도 화천군 화천읍(4279025000)","3,976","1,801","925","578","463","166","36","5","1","1","0"
"강원도 화천군 간동면(4279031000)","1,534","844","414","154","79","30","5","6","2","0","0"
"강원도 화천군 하남면(4279032000)","1,375","613","366","217","120","41","13","3","1","0","1"
"강원도 화천군 상서면(4279033000)","2,477","1,566","495","225","133","43","12","1","1","0","1"
"강원도 화천군 사내면(4279034000)","3,194","1,607","752","363","346","90","22","9","3","0","2"
"강원도 양구군 (4280000000)","10,660","5,011","2,661","1,423","1,082","365","88","18","7","2","3"
"강원도 양구군 양구읍(4280025000)","6,172","2,553","1,487","952","824","276","64","9","4","1","2"
"강원도 양구군 국토정중앙면(4280031500)","1,877","998","508","218","97","42","8","4","1","1","0"
"강원도 양구군 동면(4280032000)","1,153","628","308","118","64","27","6","2","0","0","0"
"강원도 양구군 방산면(4280033000)","791","495","180","59","40","9","5","1","2","0","0"
"강원도 양구군 해안면(4280034000)","667","337","178","76","57","11","5","2","0","0","1"
"강원도 인제군 (4281000000)","16,380","8,042","4,004","2,081","1,597","505","111","31","6","2","1"
"강원도 인제군 인제읍(4281025000)","4,730","1,976","1,130","729","650","197","41","7","0","0","0"
"강원도 인제군 인제읍귀둔출장소(4281025100)","269","119","88","35","16","8","2","0","0","1","0"
"강원도 인제군 남면(4281031000)","2,027","1,072","496","239","155","44","12","6","2","0","1"
"강원도 인제군 북면(4281032000)","4,137","2,098","974","505","387","130","28","12","3","0","0"
"강원도 인제군 기린면(4281033000)","2,599","1,294","679","299","238","65","18","5","1","0","0"
"강원도 인제군 서화면(4281034000)","1,464","836","328","173","88","31","7","1","0","0","0"
"강원도 인제군 상남면(4281035000)","1,154","647","309","101","63","30","3","0","0","1","0"
"강원도 고성군 (4282000000)","15,064","7,998","3,952","1,638","1,060","333","58","21","3","1","0"
"강원도 고성군 간성읍(4282025000)","3,508","1,656","853","429","420","125","19","6","0","0","0"
"강원도 고성군 거진읍(4282025300)","3,524","1,967","984","328","169","63","12","1","0","0","0"
"강원도 고성군 현내면(4282031000)","1,360","763","388","127","53","20","3","6","0","0","0"
"강원도 고성군 죽왕면(4282032000)","1,995","1,097","537","212","102","35","8","2","2","0","0"
"강원도 고성군 토성면(4282033000)","4,677","2,515","1,190","542","316","90","16","6","1","1","0"
"강원도 양양군 (4283000000)","14,759","7,185","4,215","1,771","1,119","348","92","24","2","2","1"
"강원도 양양군 양양읍(4283025000)","6,242","2,811","1,647","863","670","203","39","8","1","0","0"
"강원도 양양군 서면(4283031000)","1,501","753","430","177","87","36","12","6","0","0","0"
"강원도 양양군 손양면(4283032000)","1,250","613","382","154","65","22","9","4","0","0","1"
"강원도 양양군 현북면(4283033000)","1,536","828","490","132","58","16","8","2","0","2","0"
"강원도 양양군 현남면(4283034000)","1,724","921","525","168","73","25","9","3","0","0","0"
"강원도 양양군 강현면(4283035000)","2,506","1,259","741","277","166","46","15","1","1","0","0"
"충청북도  (4300000000)","760,672","329,471","192,680","114,497","92,155","25,410","4,920","1,087","271","95","86"
"충청북도 청주시 (4311000000)","387,016","159,447","89,756","63,799","56,255","14,590","2,468","517","121","40","23"
"충청북도 청주시 상당구 (4311100000)","84,548","30,506","21,603","14,997","13,125","3,516","629","121","37","13","1"
"충청북도 청주시 상당구 낭성면(4311131000)","1,229","580","424","131","69","17","5","1","1","1","0"
"충청북도 청주시 상당구 미원면(4311132000)","2,863","1,500","933","272","99","39","16","3","1","0","0"
"충청북도 청주시 상당구 가덕면(4311133000)","2,087","948","729","251","115","28","12","4","0","0","0"
"충청북도 청주시 상당구 남일면(4311134000)","3,231","1,251","1,007","511","309","111","35","4","2","1","0"
"충청북도 청주시 상당구 문의면(4311135000)","2,049","949","668","234","121","53","18","3","2","0","1"
"충청북도 청주시 상당구 중앙동(4311152500)","3,487","1,645","870","506","340","99","22","5","0","0","0"
"충청북도 청주시 상당구 성안동(4311154500)","3,953","2,324","857","418","258","76","12","6","2","0","0"
"충청북도 청주시 상당구 탑대성동(4311162000)","4,154","1,771","1,170","609","426","138","29","5","4","2","0"
"충청북도 청주시 상당구 영운동(4311167000)","5,249","2,290","1,499","802","476","149","27","5","1","0","0"
"충청북도 청주시 상당구 금천동(4311168000)","12,641","3,823","3,257","2,481","2,315","643","98","17","4","3","0"
"충청북도 청주시 상당구 용담.명암.산성동(4311169000)","4,916","1,152","1,168","1,017","1,138","359","67","7","7","1","0"
"충청북도 청주시 상당구 용암1동(4311172000)","22,724","7,683","5,163","4,346","4,199","1,084","191","44","11","3","0"
"충청북도 청주시 상당구 용암2동(4311173000)","15,965","4,590","3,858","3,419","3,260","720","97","17","2","2","0"
"충청북도 청주시 서원구 (4311200000)","89,194","37,060","21,487","14,677","12,097","3,097","608","127","24","8","9"
"충청북도 청주시 서원구 남이면(4311231000)","4,724","1,852","1,367","793","527","133","34","15","2","0","1"
"충청북도 청주시 서원구 현도면(4311232000)","1,849","989","571","163","85","27","6","3","1","0","4"
"충청북도 청주시 서원구 사직1동(4311251000)","3,328","1,578","876","452","314","83","19","4","2","0","0"
"충청북도 청주시 서원구 사직2동(4311252000)","5,580","1,597","1,529","1,187","964","228","55","15","2","2","1"
"충청북도 청주시 서원구 사창동(4311253000)","8,458","5,071","1,724","871","553","173","52","12","1","1","0"
"충청북도 청주시 서원구 모충동(4311254000)","8,134","3,959","2,063","1,194","676","192","39","9","2","0","0"
"충청북도 청주시 서원구 산남동(4311255000)","10,624","3,453","2,293","2,008","2,177","574","98","17","2","2","0"
"충청북도 청주시 서원구 분평동(4311256000)","12,055","3,551","2,813","2,563","2,461","559","94","10","3","1","0"
"충청북도 청주시 서원구 수곡1동(4311257000)","7,059","3,624","1,768","897","533","180","45","9","1","0","2"
"충청북도 청주시 서원구 수곡2동(4311258000)","7,750","3,465","1,903","1,212","901","217","40","12","0","0","0"
"충청북도 청주시 서원구 성화.개신.죽림동(4311259000)","19,633","7,921","4,580","3,337","2,906","731","126","21","8","2","1"
"충청북도 청주시 흥덕구 (4311300000)","123,699","53,470","26,935","19,862","17,922","4,607","701","150","36","9","7"
"충청북도 청주시 흥덕구 오송읍(4311325000)","12,059","5,987","2,552","1,567","1,478","401","56","14","2","1","1"
"충청북도 청주시 흥덕구 강내면(4311331000)","5,098","2,240","1,252","762","587","197","47","10","1","1","1"
"충청북도 청주시 흥덕구 옥산면(4311332000)","7,837","2,743","2,073","1,522","1,167","269","47","7","6","1","2"
"충청북도 청주시 흥덕구 운천.신봉동(4311370000)","7,913","3,316","2,053","1,265","942","276","47","13","1","0","0"
"충청북도 청주시 흥덕구 복대1동(4311374100)","21,130","7,788","3,971","3,999","4,208","1,000","124","36","3","1","0"
"충청북도 청주시 흥덕구 복대2동(4311374200)","8,968","5,181","1,920","986","631","189","43","12","4","2","0"
"충청북도 청주시 흥덕구 가경동(4311374700)","22,142","6,292","5,493","4,639","4,434","1,106","147","22","9","0","0"
"충청북도 청주시 흥덕구 봉명1동(4311375100)","5,857","3,689","1,189","492","362","92","22","8","1","1","1"
"충청북도 청주시 흥덕구 봉명2.송정동(4311375600)","12,246","6,247","2,596","1,597","1,335","386","73","7","4","1","0"
"충청북도 청주시 흥덕구 강서제1동(4311376000)","14,715","7,735","2,920","1,950","1,583","441","68","11","5","1","1"
"충청북도 청주시 흥덕구 강서제2동(4311377000)","5,734","2,252","916","1,083","1,195","250","27","10","0","0","1"
"충청북도 청주시 청원구 (4311400000)","89,575","38,411","19,731","14,263","13,111","3,370","530","119","24","10","6"
"충청북도 청주시 청원구 내수읍(4311425000)","8,978","3,765","2,355","1,367","1,054","344","64","18","7","2","2"
"충청북도 청주시 청원구 오창읍(4311425300)","31,355","13,190","5,818","5,368","5,545","1,239","154","30","6","3","2"
"충청북도 청주시 청원구 북이면(4311431000)","2,613","1,410","757","267","109","51","15","4","0","0","0"
"충청북도 청주시 청원구 우암동(4311451000)","7,316","4,428","1,589","709","415","126","39","9","0","0","1"
"충청북도 청주시 청원구 내덕1동(4311452000)","4,340","1,999","1,207","661","327","114","24","8","0","0","0"
"충청북도 청주시 청원구 내덕2동(4311453000)","6,446","2,852","1,588","1,002","751","190","52","9","2","0","0"
"충청북도 청주시 청원구 율량.사천동(4311454000)","21,072","8,276","4,812","3,517","3,371","917","137","30","7","4","1"
"충청북도 청주시 청원구 오근장동(4311455000)","7,455","2,491","1,605","1,372","1,539","389","45","11","2","1","0"
"충청북도 충주시 (4313000000)","99,651","41,618","27,131","15,400","11,552","3,068","658","162","40","9","13"
"충청북도 충주시 주덕읍(4313025000)","2,627","1,286","817","319","131","56","10","7","0","0","1"
"충청북도 충주시 살미면(4313031000)","1,096","480","414","136","48","10","5","3","0","0","0"
"충청북도 충주시 수안보면(4313032500)","1,674","868","525","168","85","18","6","2","1","0","1"
"충청북도 충주시 대소원면(4313033500)","5,375","3,208","1,208","570","293","74","13","5","3","0","1"
"충청북도 충주시 신니면(4313035000)","1,606","736","593","169","70","22","8","4","3","1","0"
"충청북도 충주시 노은면(4313036000)","1,240","585","447","132","48","19","4","3","1","0","1"
"충청북도 충주시 앙성면(4313037000)","2,311","1,239","736","202","83","33","10","7","0","0","1"
"충청북도 충주시 중앙탑면(4313038500)","6,050","2,234","1,553","1,143","864","210","33","10","3","0","0"
"충청북도 충주시 금가면(4313039000)","1,773","727","495","260","203","65","19","3","0","1","0"
"충청북도 충주시 동량면(4313040000)","1,892","860","647","223","94","38","22","6","0","1","1"
"충청북도 충주시 산척면(4313041000)","1,210","551","431","150","44","24","6","3","0","0","1"
"충청북도 충주시 엄정면(4313042000)","1,638","720","595","188","81","38","12","3","1","0","0"
"충청북도 충주시 소태면(4313043000)","1,047","472","378","115","53","17","7","4","1","0","0"
"충청북도 충주시 성내.충인동(4313051500)","1,517","851","377","165","83","26","12","2","0","1","0"
"충청북도 충주시 교현.안림동(4313053500)","10,107","3,429","2,816","1,836","1,522","389","89","17","5","2","2"
"충청북도 충주시 교현2동(4313054000)","3,654","1,854","967","466","253","82","26","5","1","0","0"
"충청북도 충주시 용산동(4313055000)","6,259","1,960","1,584","1,263","1,113","268","60","8","2","1","0"
"충청북도 충주시 지현동(4313056000)","2,457","1,014","706","377","250","85","21","3","1","0","0"
"충청북도 충주시 문화동(4313057100)","4,681","2,013","1,420","673","405","132","33","2","3","0","0"
"충청북도 충주시 호암.직동(4313058000)","8,324","2,878","1,829","1,606","1,545","386","58","17","4","0","1"
"충청북도 충주시 달천동(4313060500)","2,244","1,351","536","209","110","17","14","5","1","1","0"
"충청북도 충주시 봉방동(4313061000)","4,704","2,273","1,151","665","461","115","29","6","4","0","0"
"충청북도 충주시 칠금.금릉동(4313062500)","6,232","2,113","1,703","1,116","976","273","38","11","1","0","1"
"충청북도 충주시 연수동(4313063000)","17,119","6,948","4,462","2,757","2,266","554","104","22","5","0","1"
"충청북도 충주시 목행.용탄동(4313064000)","2,814","968","741","492","471","117","19","4","0","1","1"
"충청북도 제천시 (4315000000)","64,540","28,083","18,190","9,203","6,642","1,894","397","86","26","10","9"
"충청북도 제천시 봉양읍(4315025000)","3,676","1,785","1,186","412","199","60","21","8","4","1","0"
"충청북도 제천시 금성면(4315031000)","1,065","547","325","114","53","18","6","0","1","0","1"
"충청북도 제천시 청풍면(4315032000)","780","448","242","50","22","12","4","2","0","0","0"
"충청북도 제천시 수산면(4315033000)","1,235","674","419","91","31","15","4","0","1","0","0"
"충청북도 제천시 덕산면(4315034000)","1,167","578","405","104","43","22","11","1","2","0","1"
"충청북도 제천시 한수면(4315035000)","403","214","124","41","14","7","1","1","0","0","1"
"충청북도 제천시 백운면(4315036000)","1,891","932","688","143","79","31","13","2","2","1","0"
"충청북도 제천시 송학면(4315038000)","2,539","1,185","884","291","118","46","10","2","2","1","0"
"충청북도 제천시 교동(4315051000)","7,774","2,426","2,139","1,531","1,229","376","61","11","1","0","0"
"충청북도 제천시 의림지동(4315051800)","4,348","1,584","1,119","778","653","170","33","6","2","1","2"
"충청북도 제천시 중앙동(4315052800)","3,089","1,553","868","364","197","79","23","3","2","0","0"
"충청북도 제천시 남현동(4315053700)","2,572","1,178","815","318","184","56","13","7","0","0","1"
"충청북도 제천시 영서동(4315054700)","4,932","2,140","1,377","673","545","156","28","8","2","2","1"
"충청북도 제천시 용두동(4315056000)","8,767","4,068","2,065","1,283","1,045","257","43","3","2","1","0"
"충청북도 제천시 신백동(4315057700)","5,223","2,118","1,423","836","634","171","31","6","1","2","1"
"충청북도 제천시 청전동(4315059000)","8,003","3,688","2,362","1,084","641","168","49","10","0","1","0"
"충청북도 제천시 화산동(4315060500)","7,076","2,965","1,749","1,090","955","250","46","16","4","0","1"
"충청북도 보은군 (4372000000)","17,039","8,248","5,289","1,883","1,005","438","128","30","10","5","3"
"충청북도 보은군 보은읍(4372025000)","7,192","3,135","2,062","984","639","280","71","12","5","3","1"
"충청북도 보은군 속리산면(4372031500)","1,095","624","326","78","40","17","5","3","1","0","1"
"충청북도 보은군 장안면(4372032500)","790","380","248","95","45","18","4","0","0","0","0"
"충청북도 보은군 마로면(4372033000)","1,223","601","437","116","35","22","9","3","0","0","0"
"충청북도 보은군 탄부면(4372034000)","958","496","328","90","27","7","10","0","0","0","0"
"충청북도 보은군 삼승면(4372035000)","1,303","670","418","122","52","26","11","3","1","0","0"
"충청북도 보은군 수한면(4372036000)","1,043","510","361","97","49","15","5","3","2","0","1"
"충청북도 보은군 회남면(4372037000)","465","276","137","35","9","5","3","0","0","0","0"
"충청북도 보은군 회인면(4372038500)","1,028","563","333","66","43","16","3","3","1","0","0"
"충청북도 보은군 내북면(4372039000)","982","553","283","96","27","17","4","1","0","1","0"
"충청북도 보은군 산외면(4372040000)","960","440","356","104","39","15","3","2","0","1","0"
"충청북도 옥천군 (4373000000)","25,104","11,170","7,584","3,256","2,058","784","172","49","17","9","5"
"충청북도 옥천군 옥천읍(4373025000)","13,047","4,899","3,671","2,139","1,581","582","130","27","12","4","2"
"충청북도 옥천군 동이면(4373031000)","1,792","906","570","189","72","35","9","7","2","2","0"
"충청북도 옥천군 안남면(4373032000)","803","421","260","67","30","17","6","2","0","0","0"
"충청북도 옥천군 안내면(4373033000)","1,125","582","386","99","39","16","2","1","0","0","0"
"충청북도 옥천군 청성면(4373034000)","1,454","788","509","98","45","12","1","1","0","0","0"
"충청북도 옥천군 청산면(4373035000)","1,764","941","584","143","64","23","6","2","0","1","0"
"충청북도 옥천군 이원면(4373036000)","2,292","1,174","724","234","97","50","10","0","2","0","1"
"충청북도 옥천군 군서면(4373037000)","1,264","665","399","122","51","18","3","6","0","0","0"
"충청북도 옥천군 군북면(4373038000)","1,563","794","481","165","79","31","5","3","1","2","2"
"충청북도 영동군 (4374000000)","23,813","11,288","7,050","2,818","1,751","641","203","45","9","2","6"
"충청북도 영동군 영동읍(4374025000)","9,450","4,045","2,395","1,384","1,112","391","99","18","3","1","2"
"충청북도 영동군 용산면(4374031000)","1,844","968","544","213","74","35","8","2","0","0","0"
"충청북도 영동군 황간면(4374032000)","2,187","993","734","251","131","47","25","3","1","0","2"
"충청북도 영동군 추풍령면(4374033500)","1,253","635","399","134","52","21","8","2","1","1","0"
"충청북도 영동군 매곡면(4374034000)","1,079","559","343","100","49","19","6","3","0","0","0"
"충청북도 영동군 상촌면(4374035000)","1,327","688","438","122","49","21","6","2","1","0","0"
"충청북도 영동군 양강면(4374036000)","1,634","766","518","194","87","38","23","5","3","0","0"
"충청북도 영동군 용화면(4374037000)","594","332","196","30","26","5","5","0","0","0","0"
"충청북도 영동군 학산면(4374038000)","1,607","847","526","138","67","19","7","3","0","0","0"
"충청북도 영동군 양산면(4374039000)","1,026","522","344","96","37","18","5","3","0","0","1"
"충청북도 영동군 심천면(4374040000)","1,812","933","613","156","67","27","11","4","0","0","1"
"충청북도 증평군 (4374500000)","17,832","8,139","4,441","2,555","1,947","596","115","32","6","0","1"
"충청북도 증평군 증평읍(4374525000)","16,832","7,645","4,120","2,447","1,899","575","110","30","5","0","1"
"충청북도 증평군 도안면(4374531000)","1,000","494","321","108","48","21","5","2","1","0","0"
"충청북도 진천군 (4375000000)","41,323","18,889","9,921","5,883","4,856","1,418","271","56","17","9","3"
"충청북도 진천군 진천읍(4375025000)","14,480","6,515","3,534","2,030","1,717","534","118","21","8","3","0"
"충청북도 진천군 덕산읍(4375025300)","13,124","5,298","2,721","2,322","2,141","532","88","14","5","2","1"
"충청북도 진천군 초평면(4375032000)","1,684","805","549","174","107","31","16","2","0","0","0"
"충청북도 진천군 문백면(4375033000)","1,905","970","578","185","114","45","8","2","0","1","2"
"충청북도 진천군 백곡면(4375034000)","1,242","687","384","95","48","23","2","2","0","1","0"
"충청북도 진천군 이월면(4375035000)","3,472","1,824","983","376","189","75","17","5","2","1","0"
"충청북도 진천군 광혜원면(4375037000)","5,416","2,790","1,172","701","540","178","22","10","2","1","0"
"충청북도 괴산군 (4376000000)","21,851","11,594","6,584","2,112","1,004","404","107","31","9","4","2"
"충청북도 괴산군 괴산읍(4376025000)","5,156","2,652","1,289","605","406","159","31","9","5","0","0"
"충청북도 괴산군 감물면(4376031000)","1,210","599","396","111","62","32","7","2","1","0","0"
"충청북도 괴산군 장연면(4376032000)","1,179","642","381","99","40","10","5","2","0","0","0"
"충청북도 괴산군 연풍면(4376033000)","1,478","826","458","120","52","16","4","2","0","0","0"
"충청북도 괴산군 칠성면(4376034000)","1,854","1,005","543","186","80","32","8","0","0","0","0"
"충청북도 괴산군 문광면(4376035000)","1,317","715","404","112","58","16","9","3","0","0","0"
"충청북도 괴산군 청천면(4376036000)","3,159","1,762","991","255","84","48","14","2","1","1","1"
"충청북도 괴산군 청안면(4376037000)","2,040","1,099","651","188","63","23","11","4","0","0","1"
"충청북도 괴산군 사리면(4376039000)","1,598","813","533","151","54","34","8","3","0","2","0"
"충청북도 괴산군 소수면(4376040000)","1,231","646","397","118","49","13","6","2","0","0","0"
"충청북도 괴산군 불정면(4376041000)","1,629","835","541","167","56","21","4","2","2","1","0"
"충청북도 음성군 (4377000000)","47,431","23,710","12,187","5,850","4,053","1,242","303","51","14","4","17"
"충청북도 음성군 음성읍(4377025000)","8,384","3,877","2,381","1,093","724","235","60","9","2","1","2"
"충청북도 음성군 금왕읍(4377025300)","10,046","4,953","2,462","1,313","966","259","80","10","1","1","1"
"충청북도 음성군 소이면(4377031000)","1,644","814","580","161","57","20","6","2","3","0","1"
"충청북도 음성군 원남면(4377032000)","1,769","961","525","185","63","28","6","1","0","0","0"
"충청북도 음성군 맹동면(4377033000)","6,007","3,199","1,146","750","690","175","31","3","1","0","12"
"충청북도 음성군 대소면(4377034000)","7,913","3,805","1,927","1,026","830","257","53","11","3","1","0"
"충청북도 음성군 삼성면(4377035000)","3,876","2,142","999","408","219","79","25","2","2","0","0"
"충청북도 음성군 생극면(4377036000)","2,552","1,402","697","252","125","59","9","7","0","0","1"
"충청북도 음성군 감곡면(4377037000)","5,240","2,557","1,470","662","379","130","33","6","2","1","0"
"충청북도 단양군 (4380000000)","15,072","7,285","4,547","1,738","1,032","335","98","28","2","3","4"
"충청북도 단양군 단양읍(4380025000)","5,011","2,145","1,413","735","499","170","38","10","0","1","0"
"충청북도 단양군 매포읍(4380025300)","2,638","1,174","806","331","227","72","21","6","1","0","0"
"충청북도 단양군 대강면(4380031000)","1,450","791","453","114","64","20","5","1","1","1","0"
"충청북도 단양군 가곡면(4380032000)","1,155","577","382","126","51","12","4","2","0","0","1"
"충청북도 단양군 영춘면(4380033000)","1,832","1,009","514","169","87","32","15","3","0","1","2"
"충청북도 단양군 어상천면(4380034000)","1,054","511","377","102","43","12","5","4","0","0","0"
"충청북도 단양군 적성면(4380035000)","917","502","309","71","23","3","7","1","0","0","1"
"충청북도 단양군 단성면(4380036000)","1,015","576","293","90","38","14","3","1","0","0","0"
"충청남도  (4400000000)","1,001,915","431,533","251,718","150,316","124,326","34,661","7,072","1,607","430","124","128"
"충청남도 천안시 (4413000000)","297,987","124,351","63,564","50,290","46,269","11,079","1,904","378","108","26","18"
"충청남도 천안시 동남구 (4413100000)","116,963","48,851","26,944","19,208","16,519","4,370","833","164","54","9","11"
"충청남도 천안시 동남구 목천읍(4413125000)","11,362","4,706","2,890","1,803","1,445","427","75","14","1","0","1"
"충청남도 천안시 동남구 풍세면(4413131000)","2,195","1,097","633","257","145","39","16","4","2","1","1"
"충청남도 천안시 동남구 광덕면(4413132000)","2,382","1,206","713","277","123","39","18","5","1","0","0"
"충청남도 천안시 동남구 북면(4413133000)","2,471","1,322","686","275","126","48","12","2","0","0","0"
"충청남도 천안시 동남구 성남면(4413134000)","1,620","794","490","191","94","35","11","3","0","1","1"
"충청남도 천안시 동남구 수신면(4413135000)","1,303","712","377","127","46","27","10","4","0","0","0"
"충청남도 천안시 동남구 병천면(4413136000)","3,449","1,862","889","388","231","63","12","1","2","0","1"
"충청남도 천안시 동남구 동면(4413137000)","1,174","638","357","106","48","16","5","3","0","0","1"
"충청남도 천안시 동남구 중앙동(4413151000)","3,153","1,881","699","332","150","62","22","5","2","0","0"
"충청남도 천안시 동남구 문성동(4413152000)","2,543","1,595","501","267","135","32","10","1","1","0","1"
"충청남도 천안시 동남구 원성1동(4413153000)","4,240","1,936","1,073","638","422","122","37","8","2","1","1"
"충청남도 천안시 동남구 원성2동(4413154000)","4,858","2,456","1,217","640","387","119","35","4","0","0","0"
"충청남도 천안시 동남구 봉명동(4413155000)","9,178","4,524","2,072","1,370","909","238","49","10","5","0","1"
"충청남도 천안시 동남구 일봉동(4413156000)","8,689","2,239","1,988","1,811","1,997","539","91","18","5","1","0"
"충청남도 천안시 동남구 신방동(4413157000)","18,571","6,821","3,676","3,343","3,643","905","145","27","9","1","1"
"충청남도 천안시 동남구 청룡동(4413158000)","21,425","6,190","4,751","4,554","4,515","1,164","190","38","17","4","2"
"충청남도 천안시 동남구 신안동(4413159000)","18,350","8,872","3,932","2,829","2,103","495","95","17","7","0","0"
"충청남도 천안시 서북구 (4413300000)","181,024","75,500","36,620","31,082","29,750","6,709","1,071","214","54","17","7"
"충청남도 천안시 서북구 성환읍(4413325000)","11,208","4,684","3,004","1,708","1,250","431","97","30","2","2","0"
"충청남도 천안시 서북구 성거읍(4413325300)","9,655","3,897","2,271","1,516","1,482","404","76","5","1","1","2"
"충청남도 천안시 서북구 직산읍(4413325600)","9,791","4,509","2,307","1,454","1,150","294","54","15","3","4","1"
"충청남도 천안시 서북구 입장면(4413331000)","4,490","2,282","1,154","574","338","111","22","4","4","1","0"
"충청남도 천안시 서북구 성정1동(4413351000)","9,726","5,283","2,173","1,229","804","185","41","11","0","0","0"
"충청남도 천안시 서북구 성정2동(4413352000)","17,609","12,708","2,762","1,209","695","191","36","6","2","0","0"
"충청남도 천안시 서북구 쌍용1동(4413353000)","6,304","2,552","1,509","1,113","839","237","36","14","4","0","0"
"충청남도 천안시 서북구 쌍용2동(4413354000)","14,682","4,163","3,423","3,130","3,126","697","118","18","5","1","1"
"충청남도 천안시 서북구 쌍용3동(4413355000)","8,116","3,017","1,870","1,482","1,315","367","53","8","1","2","1"
"충청남도 천안시 서북구 백석동(4413356000)","14,584","3,487","2,726","3,243","4,026","930","136","30","5","1","0"
"충청남도 천안시 서북구 불당1동(4413356600)","13,124","3,955","2,624","2,958","2,956","532","75","16","6","2","0"
"충청남도 천안시 서북구 불당2동(4413356700)","13,533","3,466","2,110","3,216","3,903","735","79","19","3","2","0"
"충청남도 천안시 서북구 부성1동(4413358000)","23,422","11,674","4,460","3,452","3,054","639","109","22","11","0","1"
"충청남도 천안시 서북구 부성2동(4413359000)","24,780","9,823","4,227","4,798","4,812","956","139","16","7","1","1"
"충청남도 공주시 (4415000000)","51,580","23,606","14,510","6,936","4,451","1,519","405","109","22","5","17"
"충청남도 공주시 유구읍(4415025000)","3,804","1,646","1,360","469","208","82","29","10","0","0","0"
"충청남도 공주시 이인면(4415031000)","1,658","738","558","201","102","39","15","5","0","0","0"
"충청남도 공주시 탄천면(4415032000)","1,630","860","514","148","62","29","12","2","0","0","3"
"충청남도 공주시 계룡면(4415033000)","3,052","1,587","955","287","136","56","21","8","2","0","0"
"충청남도 공주시 반포면(4415034000)","2,187","1,092","622","256","144","50","17","3","1","0","2"
"충청남도 공주시 의당면(4415036000)","2,413","1,142","713","304","157","71","19","5","2","0","0"
"충청남도 공주시 정안면(4415037000)","2,457","1,173","792","291","111","54","24","9","1","0","2"
"충청남도 공주시 우성면(4415038000)","2,735","1,293","868","327","145","63","26","9","3","1","0"
"충청남도 공주시 사곡면(4415039000)","1,514","693","528","163","67","39","21","1","2","0","0"
"충청남도 공주시 신풍면(4415040000)","1,551","770","506","156","75","30","8","2","2","0","2"
"충청남도 공주시 중학동(4415051000)","2,537","1,351","655","297","154","55","21","3","1","0","0"
"충청남도 공주시 웅진동(4415054000)","4,047","1,809","1,077","596","381","144","30","8","0","1","1"
"충청남도 공주시 금학동(4415055000)","2,548","1,162","624","348","294","86","23","9","1","0","1"
"충청남도 공주시 옥룡동(4415056000)","4,193","2,138","1,098","532","295","94","24","9","0","0","3"
"충청남도 공주시 신관동(4415057000)","9,461","4,305","2,267","1,442","1,077","298","56","9","3","1","3"
"충청남도 공주시 월송동(4415059000)","5,793","1,847","1,373","1,119","1,043","329","59","17","4","2","0"
"충청남도 보령시 (4418000000)","49,419","22,369","14,151","6,606","4,466","1,378","318","97","24","5","5"
"충청남도 보령시 웅천읍(4418025000)","3,466","1,814","1,064","365","159","45","14","4","1","0","0"
"충청남도 보령시 주포면(4418031000)","954","524","275","91","43","13","8","0","0","0","0"
"충청남도 보령시 오천면(4418032000)","1,190","572","410","114","66","20","6","1","1","0","0"
"충청남도 보령시 오천면어항출장소(4418032500)","860","441","242","83","63","20","6","3","0","1","1"
"충청남도 보령시 원산도출장소(4418032800)","589","290","182","55","31","20","8","2","1","0","0"
"충청남도 보령시 천북면(4418033000)","1,837","859","618","199","101","39","17","3","0","1","0"
"충청남도 보령시 청소면(4418034000)","1,470","734","494","153","51","25","10","2","0","1","0"
"충청남도 보령시 청라면(4418035000)","2,092","989","712","222","102","46","14","6","1","0","0"
"충청남도 보령시 남포면(4418036000)","2,783","1,338","914","314","137","49","21","8","1","0","1"
"충청남도 보령시 주산면(4418038000)","1,439","762","496","110","51","12","6","2","0","0","0"
"충청남도 보령시 미산면(4418039000)","1,013","553","310","94","40","11","3","2","0","0","0"
"충청남도 보령시 성주면(4418040000)","1,201","628","342","137","60","25","6","0","3","0","0"
"충청남도 보령시 주교면(4418041000)","2,515","1,149","768","322","179","67","20","7","1","1","1"
"충청남도 보령시 대천1동(4418051500)","6,687","2,795","1,834","1,018","752","231","38","13","5","1","0"
"충청남도 보령시 대천2동(4418052500)","3,230","1,381","875","488","350","103","22","9","2","0","0"
"충청남도 보령시 대천3동(4418053500)","7,345","2,968","1,768","1,188","1,052","309","47","11","2","0","0"
"충청남도 보령시 대천4동(4418054500)","7,267","2,780","1,837","1,247","1,043","284","49","23","3","0","1"
"충청남도 보령시 대천5동(4418056500)","3,481","1,792","1,010","406","186","59","23","1","3","0","1"
"충청남도 아산시 (4420000000)","145,869","60,741","31,672","23,229","22,614","6,139","1,138","230","75","15","16"
"충청남도 아산시 염치읍(4420025000)","3,196","1,405","921","452","290","92","25","6","2","2","1"
"충청남도 아산시 배방읍(4420025300)","35,128","13,920","6,811","5,963","6,418","1,665","283","52","12","3","1"
"충청남도 아산시 송악면(4420031000)","1,936","742","612","268","191","87","29","6","0","1","0"
"충청남도 아산시 탕정면(4420033000)","10,769","4,869","1,392","1,559","2,302","544","79","18","3","2","1"
"충청남도 아산시 음봉면(4420035000)","9,415","4,199","1,941","1,388","1,395","398","74","12","7","1","0"
"충청남도 아산시 둔포면(4420036000)","11,747","6,110","2,474","1,625","1,134","307","81","10","6","0","0"
"충청남도 아산시 영인면(4420037000)","2,789","1,265","870","364","169","70","34","13","2","0","2"
"충청남도 아산시 인주면(4420038000)","3,476","1,864","930","354","223","79","16","6","4","0","0"
"충청남도 아산시 선장면(4420039000)","1,631","733","590","193","70","26","13","3","2","0","1"
"충청남도 아산시 도고면(4420040000)","2,357","1,106","747","296","128","54","19","4","2","0","1"
"충청남도 아산시 신창면(4420041000)","9,425","4,217","2,365","1,312","1,108","338","61","16","6","1","1"
"충청남도 아산시 온양1동(4420057000)","4,548","2,133","1,003","724","524","125","22","12","4","0","1"
"충청남도 아산시 온양2동(4420058000)","5,847","3,173","1,318","738","424","149","37","4","4","0","0"
"충청남도 아산시 온양3동(4420059000)","14,668","4,799","3,085","2,734","3,079","802","130","24","10","3","2"
"충청남도 아산시 온양4동(4420060000)","7,889","2,675","2,052","1,460","1,250","371","66","11","2","0","2"
"충청남도 아산시 온양5동(4420061000)","8,810","3,005","1,925","1,637","1,668","476","78","16","3","1","1"
"충청남도 아산시 온양6동(4420062000)","12,238","4,526","2,636","2,162","2,241","556","91","17","6","1","2"
"충청남도 서산시 (4421000000)","81,407","32,589","21,532","12,977","10,682","2,891","561","118","40","11","6"
"충청남도 서산시 대산읍(4421025000)","7,152","3,671","1,754","907","593","168","42","8","8","1","0"
"충청남도 서산시 인지면(4421031000)","3,392","1,316","988","556","386","113","21","4","4","4","0"
"충청남도 서산시 부석면(4421032000)","2,814","1,212","1,063","333","136","43","20","5","2","0","0"
"충청남도 서산시 팔봉면(4421033000)","1,801","755","735","188","83","24","15","1","0","0","0"
"충청남도 서산시 지곡면(4421034000)","3,860","1,555","1,142","591","387","131","41","11","1","0","1"
"충청남도 서산시 성연면(4421036000)","6,215","1,779","1,521","1,400","1,209","256","42","6","2","0","0"
"충청남도 서산시 음암면(4421037000)","4,456","1,835","1,375","639","440","136","24","3","2","1","1"
"충청남도 서산시 운산면(4421038000)","2,701","1,253","922","300","145","59","17","2","3","0","0"
"충청남도 서산시 해미면(4421039000)","3,973","2,014","1,161","436","226","91","34","10","1","0","0"
"충청남도 서산시 고북면(4421040000)","2,912","1,114","1,007","410","252","103","19","7","0","0","0"
"충청남도 서산시 부춘동(4421051000)","8,922","3,894","2,020","1,396","1,204","330","61","12","4","1","0"
"충청남도 서산시 동문1동(4421052500)","7,751","2,523","1,972","1,495","1,322","359","65","12","1","1","1"
"충청남도 서산시 동문2동(4421053500)","4,422","2,199","997","557","491","143","27","4","3","1","0"
"충청남도 서산시 수석동(4421054000)","7,294","3,110","1,662","1,090","1,088","288","44","9","1","1","1"
"충청남도 서산시 석남동(4421055000)","13,742","4,359","3,213","2,679","2,720","647","89","24","8","1","2"
"충청남도 논산시 (4423000000)","58,048","27,162","16,090","7,593","5,017","1,655","380","106","20","8","17"
"충청남도 논산시 강경읍(4423025000)","4,286","2,119","1,231","543","268","88","27","6","2","1","1"
"충청남도 논산시 연무읍(4423025300)","6,782","3,208","1,874","868","538","219","53","14","4","1","3"
"충청남도 논산시 성동면(4423031000)","2,154","995","737","247","109","46","17","1","1","0","1"
"충청남도 논산시 광석면(4423032000)","2,232","1,087","705","243","122","52","18","2","2","0","1"
"충청남도 논산시 노성면(4423033000)","1,612","789","512","175","92","32","10","2","0","0","0"
"충청남도 논산시 상월면(4423034000)","1,923","1,017","575","200","89","29","10","1","0","0","2"
"충청남도 논산시 부적면(4423035000)","1,945","968","604","216","103","47","6","1","0","0","0"
"충청남도 논산시 연산면(4423036000)","3,389","1,832","998","330","145","42","23","12","3","1","3"
"충청남도 논산시 벌곡면(4423038000)","1,427","787","433","113","56","27","7","3","0","0","1"
"충청남도 논산시 양촌면(4423039000)","3,006","1,331","920","406","227","85","22","9","3","1","2"
"충청남도 논산시 가야곡면(4423040000)","1,930","984","626","186","93","32","9","0","0","0","0"
"충청남도 논산시 은진면(4423041000)","2,311","1,329","582","229","101","53","10","3","2","1","1"
"충청남도 논산시 채운면(4423042000)","1,171","574","363","130","61","20","18","5","0","0","0"
"충청남도 논산시 취암동(4423051000)","16,561","7,370","3,821","2,517","2,078","629","106","36","1","3","0"
"충청남도 논산시 부창동(4423052000)","7,319","2,772","2,109","1,190","935","254","44","11","2","0","2"
"충청남도 계룡시 (4425000000)","17,152","5,042","4,253","3,167","3,451","1,014","185","30","5","3","2"
"충청남도 계룡시 두마면(4425031000)","3,255","1,056","828","597","555","176","32","8","1","1","1"
"충청남도 계룡시 엄사면(4425031500)","7,812","2,676","2,074","1,384","1,221","363","74","16","2","1","1"
"충청남도 계룡시 신도안면(4425033000)","2,669","371","391","539","1,036","296","33","3","0","0","0"
"충청남도 계룡시 금암동(4425051000)","3,416","939","960","647","639","179","46","3","2","1","0"
"충청남도 당진시 (4427000000)","79,526","35,096","19,417","11,621","9,796","2,792","609","131","47","13","4"
"충청남도 당진시 합덕읍(4427025000)","4,624","2,216","1,404","569","280","99","43","9","3","1","0"
"충청남도 당진시 송악읍(4427025300)","14,449","6,577","3,093","2,183","1,964","524","82","19","7","0","0"
"충청남도 당진시 고대면(4427031000)","2,761","1,203","962","330","190","48","21","5","1","1","0"
"충청남도 당진시 석문면(4427032000)","5,837","3,575","1,331","541","260","84","26","14","4","2","0"
"충청남도 당진시 대호지면(4427033000)","1,255","549","463","131","68","27","10","6","0","1","0"
"충청남도 당진시 정미면(4427034000)","1,955","960","608","227","97","41","16","4","0","1","1"
"충청남도 당진시 면천면(4427035000)","1,843","830","625","221","101","43","18","4","0","0","1"
"충청남도 당진시 순성면(4427036000)","2,605","1,144","880","325","166","57","25","4","2","2","0"
"충청남도 당진시 우강면(4427037000)","2,623","1,093","860","377","200","60","25","7","0","0","1"
"충청남도 당진시 신평면(4427038000)","6,647","2,378","1,775","1,093","956","345","78","11","9","2","0"
"충청남도 당진시 송산면(4427039000)","6,034","3,112","1,302","742","622","200","39","13","4","0","0"
"충청남도 당진시 당진1동(4427051000)","12,050","5,847","2,331","1,798","1,593","388","70","16","7","0","0"
"충청남도 당진시 당진2동(4427052000)","9,668","3,298","2,263","1,715","1,801","474","98","10","6","2","1"
"충청남도 당진시 당진3동(4427053000)","7,175","2,314","1,520","1,369","1,498","402","58","9","4","1","0"
"충청남도 금산군 (4471000000)","25,893","12,104","7,679","3,126","1,981","724","201","56","8","4","10"
"충청남도 금산군 금산읍(4471025000)","10,286","4,042","2,906","1,584","1,195","424","102","25","4","1","3"
"충청남도 금산군 금성면(4471031000)","1,804","909","572","182","91","35","14","0","0","0","1"
"충청남도 금산군 제원면(4471032000)","1,590","834","501","147","67","27","10","4","0","0","0"
"충청남도 금산군 부리면(4471033000)","1,422","700","525","119","52","15","4","4","1","2","0"
"충청남도 금산군 군북면(4471034000)","1,359","672","427","137","74","28","16","4","1","0","0"
"충청남도 금산군 남일면(4471035000)","1,434","706","474","131","79","29","10","2","1","0","2"
"충청남도 금산군 남이면(4471036000)","1,165","589","373","120","59","17","5","0","1","0","1"
"충청남도 금산군 진산면(4471037000)","1,859","1,023","530","171","76","35","18","5","0","0","1"
"충청남도 금산군 복수면(4471038000)","1,697","894","505","153","105","29","7","4","0","0","0"
"충청남도 금산군 추부면(4471039000)","3,277","1,735","866","382","183","85","15","8","0","1","2"
"충청남도 부여군 (4476000000)","33,257","15,397","10,426","3,966","2,245","894","241","61","13","10","4"
"충청남도 부여군 부여읍(4476025000)","9,641","4,319","2,634","1,352","894","337","80","16","3","5","1"
"충청남도 부여군 규암면(4476031000)","5,760","2,506","1,564","818","588","226","49","9","0","0","0"
"충청남도 부여군 은산면(4476032000)","1,923","837","695","228","89","49","18","2","3","2","0"
"충청남도 부여군 외산면(4476033000)","1,324","651","457","138","52","15","9","1","0","1","0"
"충청남도 부여군 내산면(4476034000)","839","373","321","87","35","14","7","1","1","0","0"
"충청남도 부여군 구룡면(4476035000)","1,274","590","445","135","69","28","5","1","0","1","0"
"충청남도 부여군 홍산면(4476036000)","1,515","696","538","166","67","28","12","6","1","1","0"
"충청남도 부여군 옥산면(4476037000)","799","371","303","82","30","8","3","2","0","0","0"
"충청남도 부여군 남면(4476038000)","1,010","486","366","86","48","14","5","3","1","0","1"
"충청남도 부여군 충화면(4476039000)","675","335","254","60","19","5","1","1","0","0","0"
"충청남도 부여군 양화면(4476040000)","1,010","543","353","72","26","12","3","1","0","0","0"
"충청남도 부여군 임천면(4476041000)","1,594","822","506","140","71","33","15","5","1","0","1"
"충청남도 부여군 장암면(4476042000)","1,522","761","508","150","64","27","4","5","3","0","0"
"충청남도 부여군 세도면(4476043000)","1,730","843","593","176","73","31","11","3","0","0","0"
"충청남도 부여군 석성면(4476044000)","1,466","679","501","157","69","42","13","4","0","0","1"
"충청남도 부여군 초촌면(4476045000)","1,175","585","388","119","51","25","6","1","0","0","0"
"충청남도 서천군 (4477000000)","26,646","12,438","8,418","3,137","1,716","670","188","51","13","6","9"
"충청남도 서천군 장항읍(4477025000)","5,801","2,833","1,604","742","426","149","38","6","2","0","1"
"충청남도 서천군 서천읍(4477025300)","6,090","2,314","1,801","930","705","258","56","17","4","3","2"
"충청남도 서천군 마서면(4477031000)","2,627","1,273","863","290","123","53","19","2","2","0","2"
"충청남도 서천군 화양면(4477032000)","1,256","591","465","123","44","23","6","3","1","0","0"
"충청남도 서천군 기산면(4477033000)","932","472","324","84","31","13","7","1","0","0","0"
"충청남도 서천군 한산면(4477034000)","1,410","709","489","126","53","23","7","2","0","0","1"
"충청남도 서천군 마산면(4477035000)","811","404","281","62","35","14","9","3","2","1","0"
"충청남도 서천군 시초면(4477036000)","709","354","250","62","22","15","3","2","1","0","0"
"충청남도 서천군 문산면(4477037000)","726","372","245","80","20","5","3","1","0","0","0"
"충청남도 서천군 판교면(4477038000)","1,194","577","447","107","36","20","5","2","0","0","0"
"충청남도 서천군 종천면(4477039000)","1,172","627","364","106","43","21","9","1","0","0","1"
"충청남도 서천군 비인면(4477040000)","1,612","800","549","169","61","23","6","2","0","1","1"
"충청남도 서천군 서면(4477041000)","2,306","1,112","736","256","117","53","20","9","1","1","1"
"충청남도 청양군 (4479000000)","16,426","8,178","4,874","1,832","946","425","120","30","15","4","2"
"충청남도 청양군 청양읍(4479025000)","5,092","2,536","1,281","628","407","178","38","14","7","1","2"
"충청남도 청양군 운곡면(4479031000)","1,219","651","368","124","46","22","6","1","1","0","0"
"충청남도 청양군 대치면(4479032000)","1,227","607","399","131","46","34","9","0","0","1","0"
"충청남도 청양군 정산면(4479033000)","1,946","1,023","520","210","122","54","12","3","2","0","0"
"충청남도 청양군 목면(4479034000)","813","384","273","88","43","14","9","2","0","0","0"
"충청남도 청양군 청남면(4479035000)","1,021","465","356","115","60","19","4","2","0","0","0"
"충청남도 청양군 장평면(4479036000)","1,216","562","419","138","51","27","12","5","1","1","0"
"충청남도 청양군 남양면(4479037000)","1,522","782","475","144","76","29","13","2","1","0","0"
"충청남도 청양군 화성면(4479038000)","1,198","577","404","130","50","25","9","1","1","1","0"
"충청남도 청양군 비봉면(4479039000)","1,172","591","379","124","45","23","8","0","2","0","0"
"충청남도 홍성군 (4480000000)","46,746","18,990","13,307","6,943","5,363","1,658","358","92","17","9","9"
"충청남도 홍성군 홍성읍(4480025000)","17,885","7,730","4,593","2,640","2,054","689","133","32","6","5","3"
"충청남도 홍성군 광천읍(4480025300)","4,373","1,959","1,526","518","244","91","18","8","2","1","6"
"충청남도 홍성군 홍북읍(4480025600)","11,397","3,332","2,543","2,320","2,433","637","105","19","7","1","0"
"충청남도 홍성군 금마면(4480032000)","1,879","856","655","210","108","30","16","4","0","0","0"
"충청남도 홍성군 홍동면(4480033000)","1,706","696","599","225","122","37","20","7","0","0","0"
"충청남도 홍성군 장곡면(4480034000)","1,568","732","572","159","60","29","13","3","0","0","0"
"충청남도 홍성군 은하면(4480035000)","1,225","564","438","144","49","17","7","6","0","0","0"
"충청남도 홍성군 결성면(4480036000)","1,163","536","456","109","37","18","6","1","0","0","0"
"충청남도 홍성군 서부면(4480037000)","1,682","729","617","192","86","37","14","4","2","1","0"
"충청남도 홍성군 갈산면(4480038000)","1,951","942","659","221","72","36","17","4","0","0","0"
"충청남도 홍성군 구항면(4480039000)","1,917","914","649","205","98","37","9","4","0","1","0"
"충청남도 예산군 (4481000000)","39,051","17,512","11,923","5,129","3,053","1,060","271","79","14","3","7"
"충청남도 예산군 예산읍(4481025000)","15,497","6,387","4,329","2,364","1,752","522","113","24","2","1","3"
"충청남도 예산군 삽교읍(4481025300)","5,253","2,490","1,471","716","384","137","38","12","3","2","0"
"충청남도 예산군 대술면(4481031000)","1,342","642","475","148","50","16","6","5","0","0","0"
"충청남도 예산군 신양면(4481032000)","1,622","763","547","186","76","29","16","4","0","0","1"
"충청남도 예산군 광시면(4481033000)","1,695","781","602","179","99","21","9","4","0","0","0"
"충청남도 예산군 대흥면(4481034000)","986","484","343","96","30","25","4","3","1","0","0"
"충청남도 예산군 응봉면(4481035000)","1,350","644","448","140","73","29","8","5","3","0","0"
"충청남도 예산군 덕산면(4481036000)","3,470","1,678","1,044","410","204","92","30","6","4","0","2"
"충청남도 예산군 봉산면(4481037000)","1,329","619","444","152","66","35","7","5","0","0","1"
"충청남도 예산군 고덕면(4481038000)","2,328","1,040","818","268","115","61","20","6","0","0","0"
"충청남도 예산군 신암면(4481039000)","1,891","908","646","201","90","36","9","1","0","0","0"
"충청남도 예산군 오가면(4481040000)","2,288","1,076","756","269","114","57","11","4","1","0","0"
"충청남도 태안군 (4482500000)","32,908","15,958","9,902","3,764","2,276","763","193","39","9","2","2"
"충청남도 태안군 태안읍(4482525000)","14,294","6,211","3,910","2,059","1,532","468","89","19","4","2","0"
"충청남도 태안군 안면읍(4482525300)","4,792","2,533","1,449","450","226","96","29","8","0","0","1"
"충청남도 태안군 고남면(4482531000)","1,343","687","456","107","63","25","3","1","1","0","0"
"충청남도 태안군 남면(4482532000)","2,421","1,282","745","235","97","43","16","3","0","0","0"
"충청남도 태안군 근흥면(4482533000)","3,125","1,613","1,053","296","105","37","14","5","2","0","0"
"충청남도 태안군 소원면(4482534000)","3,111","1,605","1,073","269","105","35","22","1","1","0","0"
"충청남도 태안군 원북면(4482535000)","2,558","1,376","795","239","95","38","13","1","0","0","1"
"충청남도 태안군 이원면(4482536000)","1,264","651","421","109","53","21","7","1","1","0","0"
"전라북도  (4500000000)","849,001","366,791","218,708","125,561","98,397","31,027","6,369","1,484","368","105","191"
"전라북도 전주시 (4511000000)","293,207","114,958","70,011","49,908","43,087","12,412","2,245","420","111","28","27"
"전라북도 전주시 완산구 (4511100000)","152,056","60,705","37,196","25,565","21,124","6,019","1,140","206","65","18","18"
"전라북도 전주시 완산구 중앙동(4511151000)","3,888","1,996","939","470","336","121","22","1","2","0","1"
"전라북도 전주시 완산구 풍남동(4511153000)","2,424","1,440","592","241","93","45","12","1","0","0","0"
"전라북도 전주시 완산구 노송동(4511160500)","6,196","3,101","1,580","794","532","149","28","7","2","0","3"
"전라북도 전주시 완산구 완산동(4511163500)","2,818","1,410","703","372","220","85","24","1","2","0","1"
"전라북도 전주시 완산구 동서학동(4511165000)","3,188","1,507","868","421","245","113","26","6","1","0","1"
"전라북도 전주시 완산구 서서학동(4511166000)","4,483","2,134","1,260","581","363","111","28","3","2","0","1"
"전라북도 전주시 완산구 중화산1동(4511167100)","6,395","2,420","1,690","1,086","828","290","60","15","4","2","0"
"전라북도 전주시 완산구 중화산2동(4511167200)","9,129","4,154","1,798","1,403","1,315","360","71","19","7","0","2"
"전라북도 전주시 완산구 서신동(4511168000)","17,418","6,208","4,041","3,235","2,975","800","134","20","4","1","0"
"전라북도 전주시 완산구 평화1동(4511169100)","7,231","3,930","1,828","839","472","129","21","6","5","0","1"
"전라북도 전주시 완산구 평화2동(4511169200)","18,806","5,698","4,940","3,770","3,287","912","172","20","5","1","1"
"전라북도 전주시 완산구 삼천1동(4511170100)","5,086","1,804","1,424","904","696","210","37","7","3","1","0"
"전라북도 전주시 완산구 삼천2동(4511170200)","6,236","2,471","1,730","1,041","681","241","54","16","1","1","0"
"전라북도 전주시 완산구 삼천3동(4511170300)","9,128","2,894","2,383","1,796","1,542","414","75","15","5","2","2"
"전라북도 전주시 완산구 효자1동(4511171100)","4,880","1,831","1,401","824","559","213","44","5","2","0","1"
"전라북도 전주시 완산구 효자2동(4511171200)","4,622","1,781","1,298","798","521","171","43","8","2","0","0"
"전라북도 전주시 완산구 효자3동(4511171300)","6,001","1,622","1,810","1,291","934","264","58","12","8","1","1"
"전라북도 전주시 완산구 효자4동(4511171400)","16,332","5,576","3,702","3,000","3,068","820","130","21","7","6","2"
"전라북도 전주시 완산구 효자5동(4511173000)","17,795","8,728","3,209","2,699","2,457","571","101","23","3","3","1"
"전라북도 전주시 덕진구 (4511300000)","141,151","54,253","32,815","24,343","21,963","6,393","1,105","214","46","10","9"
"전라북도 전주시 덕진구 진북동(4511352500)","6,931","3,026","1,959","1,021","638","214","59","12","1","1","0"
"전라북도 전주시 덕진구 인후1동(4511354000)","7,560","2,497","1,964","1,300","1,249","427","90","28","5","0","0"
"전라북도 전주시 덕진구 인후2동(4511355000)","5,905","2,999","1,518","757","424","158","38","11","0","0","0"
"전라북도 전주시 덕진구 인후3동(4511356000)","14,633","6,141","3,331","2,424","1,998","617","91","26","4","0","1"
"전라북도 전주시 덕진구 덕진동(4511357000)","10,473","5,226","2,224","1,433","1,201","312","57","11","6","3","0"
"전라북도 전주시 덕진구 금암1동(4511358000)","5,314","3,818","865","360","193","60","17","1","0","0","0"
"전라북도 전주시 덕진구 금암2동(4511359000)","5,078","2,519","1,246","713","415","146","35","2","1","0","1"
"전라북도 전주시 덕진구 팔복동(4511360000)","4,259","2,380","1,055","460","253","82","21","7","0","0","1"
"전라북도 전주시 덕진구 우아1동(4511361100)","5,984","2,633","1,476","941","689","188","45","9","2","1","0"
"전라북도 전주시 덕진구 우아2동(4511361200)","7,623","3,988","1,708","972","698","193","53","5","5","0","1"
"전라북도 전주시 덕진구 호성동(4511362000)","7,959","2,194","2,218","1,580","1,425","440","83","16","2","0","1"
"전라북도 전주시 덕진구 송천1동(4511364100)","23,406","5,648","4,820","5,254","5,939","1,539","179","22","3","0","2"
"전라북도 전주시 덕진구 송천2동(4511364200)","10,420","3,062","2,639","2,081","1,860","634","110","26","6","1","1"
"전라북도 전주시 덕진구 조촌동(4511365000)","6,336","2,998","1,568","928","616","173","45","8","0","0","0"
"전라북도 전주시 덕진구 여의동(4511366500)","12,469","3,866","3,034","2,529","2,269","627","116","18","6","4","0"
"전라북도 전주시 덕진구 혁신동(4511367000)","6,801","1,258","1,190","1,590","2,096","583","66","12","5","0","1"
"전라북도 군산시 (4513000000)","122,250","49,772","31,146","19,773","15,829","4,561","850","226","50","12","31"
"전라북도 군산시 옥구읍(4513025000)","1,672","819","521","190","90","31","15","3","1","0","2"
"전라북도 군산시 옥산면(4513031000)","2,003","665","553","364","302","95","19","5","0","0","0"
"전라북도 군산시 회현면(4513032000)","1,549","626","454","217","156","70","17","5","2","0","2"
"전라북도 군산시 임피면(4513033000)","1,443","762","400","159","68","35","10","7","0","1","1"
"전라북도 군산시 서수면(4513034000)","1,325","660","410","135","73","32","9","3","0","0","3"
"전라북도 군산시 대야면(4513035000)","2,633","1,274","820","310","152","59","12","5","0","0","1"
"전라북도 군산시 개정면(4513036000)","1,491","639","489","203","105","40","12","2","1","0","0"
"전라북도 군산시 성산면(4513037000)","1,414","602","450","187","112","44","12","6","0","1","0"
"전라북도 군산시 나포면(4513038000)","1,153","545","382","139","55","17","8","4","0","0","3"
"전라북도 군산시 옥도면(4513039000)","1,824","1,000","436","217","120","35","8","7","0","0","1"
"전라북도 군산시 옥서면(4513040000)","1,553","740","462","203","101","36","11","0","0","0","0"
"전라북도 군산시 해신동(4513051500)","1,229","622","357","143","74","25","7","0","0","0","1"
"전라북도 군산시 월명동(4513053000)","2,844","1,415","848","349","169","49","11","2","0","0","1"
"전라북도 군산시 신풍동(4513055000)","3,414","1,491","985","483","313","107","24","8","1","1","1"
"전라북도 군산시 삼학동(4513056000)","2,888","1,389","850","356","201","76","14","2","0","0","0"
"전라북도 군산시 중앙동(4513060500)","2,441","1,281","657","305","153","35","9","1","0","0","0"
"전라북도 군산시 흥남동(4513064000)","5,761","2,179","1,603","1,047","670","211","43","5","0","1","2"
"전라북도 군산시 조촌동(4513065000)","10,492","3,816","2,477","2,030","1,689","389","68","15","5","1","2"
"전라북도 군산시 경암동(4513066000)","3,960","1,997","1,094","493","251","94","19","8","3","0","1"
"전라북도 군산시 구암동(4513067000)","3,761","1,458","1,082","606","436","147","24","8","0","0","0"
"전라북도 군산시 개정동(4513068000)","1,219","399","401","206","142","56","8","1","2","0","4"
"전라북도 군산시 수송동(4513069000)","21,081","6,078","4,410","4,306","4,763","1,234","215","53","13","6","3"
"전라북도 군산시 나운1동(4513070100)","5,866","2,355","1,666","1,004","597","186","38","14","4","0","2"
"전라북도 군산시 나운2동(4513070200)","9,691","3,213","2,467","1,792","1,628","493","73","21","4","0","0"
"전라북도 군산시 나운3동(4513070300)","13,922","5,200","3,363","2,506","2,121","604","100","21","7","0","0"
"전라북도 군산시 소룡동(4513071000)","8,961","4,581","2,057","1,175","842","251","38","12","3","1","1"
"전라북도 군산시 미성동(4513072000)","6,660","3,966","1,452","648","446","110","26","8","4","0","0"
"전라북도 익산시 (4514000000)","129,962","54,792","33,273","19,909","15,774","4,862","995","240","56","17","44"
"전라북도 익산시 함열읍(4514025000)","3,342","1,508","965","444","259","128","26","6","1","2","3"
"전라북도 익산시 오산면(4514031000)","3,871","1,665","1,218","543","317","89","29","7","1","2","0"
"전라북도 익산시 황등면(4514032000)","3,407","1,448","1,057","467","270","118","32","9","2","1","3"
"전라북도 익산시 함라면(4514033000)","1,217","585","398","127","65","21","18","3","0","0","0"
"전라북도 익산시 웅포면(4514034000)","850","424","272","99","32","14","6","3","0","0","0"
"전라북도 익산시 성당면(4514035000)","1,052","526","326","124","50","14","6","4","2","0","0"
"전라북도 익산시 용안면(4514036000)","1,470","745","472","163","54","22","8","1","2","0","3"
"전라북도 익산시 낭산면(4514037000)","1,600","782","474","190","95","37","18","3","1","0","0"
"전라북도 익산시 망성면(4514038000)","1,689","858","569","155","70","24","10","3","0","0","0"
"전라북도 익산시 여산면(4514039000)","1,789","903","527","193","119","31","10","5","1","0","0"
"전라북도 익산시 금마면(4514040000)","2,520","1,133","727","331","215","87","17","7","2","0","1"
"전라북도 익산시 왕궁면(4514041000)","2,504","1,367","755","226","103","37","12","2","1","0","1"
"전라북도 익산시 춘포면(4514042000)","2,344","1,185","654","267","158","60","14","4","1","0","1"
"전라북도 익산시 삼기면(4514043000)","1,316","591","437","161","78","28","12","7","0","0","2"
"전라북도 익산시 용동면(4514044000)","830","388","288","91","39","18","4","0","0","2","0"
"전라북도 익산시 중앙동(4514052000)","2,047","1,303","454","167","77","31","7","5","1","2","0"
"전라북도 익산시 평화동(4514053000)","2,426","1,225","581","310","209","79","18","3","1","0","0"
"전라북도 익산시 인화동(4514056000)","3,745","2,026","904","433","252","90","24","11","2","1","2"
"전라북도 익산시 동산동(4514057000)","10,331","4,153","2,773","1,671","1,250","390","67","19","6","0","2"
"전라북도 익산시 마동(4514058000)","4,646","2,170","1,180","692","433","128","34","8","0","1","0"
"전라북도 익산시 남중동(4514059500)","5,965","2,927","1,622","780","420","162","39","11","3","0","1"
"전라북도 익산시 모현동(4514061000)","16,091","5,065","4,248","3,030","2,714","828","162","29","10","1","4"
"전라북도 익산시 송학동(4514062000)","3,579","1,164","960","639","589","192","28","4","3","0","0"
"전라북도 익산시 영등1동(4514064600)","9,620","3,214","2,479","1,792","1,570","452","84","19","5","2","3"
"전라북도 익산시 영등2동(4514064700)","5,696","1,836","1,233","1,140","1,147","294","39","5","2","0","0"
"전라북도 익산시 어양동(4514065200)","10,493","3,762","2,371","1,947","1,811","497","80","21","2","1","1"
"전라북도 익산시 신동(4514065600)","9,120","5,965","1,544","797","572","174","49","8","3","0","8"
"전라북도 익산시 팔봉동(4514067000)","2,808","1,139","700","413","381","127","27","12","1","0","8"
"전라북도 익산시 삼성동(4514069000)","13,594","4,735","3,085","2,517","2,425","690","115","21","3","2","1"
"전라북도 정읍시 (4518000000)","54,242","25,619","14,896","6,911","4,633","1,687","373","83","21","7","12"
"전라북도 정읍시 신태인읍(4518025000)","2,972","1,537","887","295","166","65","17","2","1","0","2"
"전라북도 정읍시 북면(4518031000)","2,229","1,090","655","262","142","57","18","5","0","0","0"
"전라북도 정읍시 입암면(4518032000)","1,647","906","498","138","66","28","7","3","0","1","0"
"전라북도 정읍시 소성면(4518033000)","1,237","677","383","103","48","20","5","1","0","0","0"
"전라북도 정읍시 고부면(4518034000)","1,585","885","472","138","46","28","9","4","1","0","2"
"전라북도 정읍시 영원면(4518035000)","1,045","591","301","95","39","13","4","2","0","0","0"
"전라북도 정읍시 덕천면(4518036000)","1,000","541","279","95","57","18","8","1","0","0","1"
"전라북도 정읍시 이평면(4518037000)","1,267","728","391","99","29","15","2","3","0","0","0"
"전라북도 정읍시 정우면(4518038000)","1,468","797","450","130","52","29","5","3","2","0","0"
"전라북도 정읍시 태인면(4518039000)","2,022","1,111","624","183","67","26","9","1","1","0","0"
"전라북도 정읍시 감곡면(4518040000)","1,727","997","516","143","53","10","6","0","0","1","1"
"전라북도 정읍시 옹동면(4518041000)","1,010","594","277","79","33","24","3","0","0","0","0"
"전라북도 정읍시 칠보면(4518042000)","1,254","645","375","132","66","25","9","1","0","0","1"
"전라북도 정읍시 산내면(4518043000)","731","431","206","52","24","11","5","1","0","0","1"
"전라북도 정읍시 산외면(4518044000)","1,261","729","352","107","49","14","8","1","1","0","0"
"전라북도 정읍시 수성동(4518051000)","8,336","3,912","1,902","1,230","903","312","55","15","5","1","1"
"전라북도 정읍시 장명동(4518052000)","1,443","639","379","231","134","44","11","2","2","1","0"
"전라북도 정읍시 내장상동(4518053500)","8,633","2,867","2,396","1,517","1,277","462","89","21","3","1","0"
"전라북도 정읍시 시기동(4518054500)","1,663","818","468","192","117","46","13","3","3","1","2"
"전라북도 정읍시 초산동(4518056500)","4,229","1,354","1,062","832","688","244","43","5","1","0","0"
"전라북도 정읍시 연지동(4518057000)","3,005","1,388","773","413","314","92","18","5","1","1","0"
"전라북도 정읍시 농소동(4518058000)","2,155","1,051","637","237","152","64","13","1","0","0","0"
"전라북도 정읍시 상교동(4518059500)","2,323","1,331","613","208","111","40","16","3","0","0","1"
"전라북도 남원시 (4519000000)","39,670","18,380","10,922","5,086","3,475","1,347","322","96","21","3","18"
"전라북도 남원시 운봉읍(4519025000)","2,094","1,038","660","213","114","50","12","4","1","1","1"
"전라북도 남원시 주천면(4519031000)","1,358","642","418","156","80","46","10","4","1","0","1"
"전라북도 남원시 수지면(4519032000)","606","323","164","73","27","13","3","3","0","0","0"
"전라북도 남원시 송동면(4519033000)","1,075","524","327","126","66","18","11","2","0","0","1"
"전라북도 남원시 주생면(4519034000)","1,030","541","322","92","48","18","4","5","0","0","0"
"전라북도 남원시 금지면(4519035000)","1,279","647","426","117","46","27","11","2","3","0","0"
"전라북도 남원시 대강면(4519036000)","934","523","295","55","37","17","5","1","0","0","1"
"전라북도 남원시 대산면(4519037000)","778","395","227","78","44","19","10","1","1","0","3"
"전라북도 남원시 사매면(4519038000)","809","433","235","70","41","20","7","1","0","0","2"
"전라북도 남원시 덕과면(4519039000)","577","346","151","51","19","9","1","0","0","0","0"
"전라북도 남원시 보절면(4519040000)","858","459","284","68","30","11","4","1","0","1","0"
"전라북도 남원시 산동면(4519041000)","1,026","531","311","109","50","20","4","1","0","0","0"
"전라북도 남원시 이백면(4519042000)","1,183","575","343","131","83","36","10","5","0","0","0"
"전라북도 남원시 아영면(4519045000)","1,021","504","320","105","49","30","12","0","1","0","0"
"전라북도 남원시 산내면(4519046000)","1,176","623","327","122","67","30","5","1","0","0","1"
"전라북도 남원시 인월면(4519047000)","1,486","751","454","153","79","35","9","3","1","0","1"
"전라북도 남원시 동충동(4519051000)","1,683","798","437","210","160","53","15","7","2","0","1"
"전라북도 남원시 죽항동(4519052000)","1,819","980","470","187","124","47","7","1","2","0","1"
"전라북도 남원시 노암동(4519054000)","2,864","1,253","690","430","320","129","33","4","3","1","1"
"전라북도 남원시 금동(4519055000)","3,124","1,330","862","412","351","125","33","9","1","0","1"
"전라북도 남원시 왕정동(4519056000)","2,058","879","598","306","188","68","13","5","1","0","0"
"전라북도 남원시 향교동(4519057000)","3,681","1,868","938","466","272","101","22","13","0","0","1"
"전라북도 남원시 도통동(4519059000)","7,151","2,417","1,663","1,356","1,180","425","81","23","4","0","2"
"전라북도 김제시 (4521000000)","42,509","20,990","11,721","5,043","3,199","1,145","282","80","23","8","18"
"전라북도 김제시 만경읍(4521025000)","1,527","842","435","149","65","27","7","1","1","0","0"
"전라북도 김제시 죽산면(4521032000)","1,404","765","438","113","55","19","9","2","1","1","1"
"전라북도 김제시 백산면(4521033000)","1,445","792","430","140","56","18","4","4","0","0","1"
"전라북도 김제시 용지면(4521034000)","1,904","996","562","198","94","32","11","4","3","0","4"
"전라북도 김제시 백구면(4521035000)","2,038","1,034","605","216","122","46","12","2","1","0","0"
"전라북도 김제시 부량면(4521036000)","727","374","223","75","28","21","3","3","0","0","0"
"전라북도 김제시 공덕면(4521038000)","1,375","725","388","152","66","32","9","2","1","0","0"
"전라북도 김제시 청하면(4521039000)","962","476","326","90","46","15","4","2","2","1","0"
"전라북도 김제시 성덕면(4521040000)","1,014","558","289","98","47","14","7","1","0","0","0"
"전라북도 김제시 진봉면(4521041000)","1,525","860","436","146","56","19","4","2","2","0","0"
"전라북도 김제시 금구면(4521042000)","2,586","1,297","707","298","179","69","22","8","3","1","2"
"전라북도 김제시 봉남면(4521043000)","1,320","746","396","104","42","21","9","1","0","1","0"
"전라북도 김제시 황산면(4521044000)","1,077","586","308","105","55","13","6","2","0","1","1"
"전라북도 김제시 금산면(4521045000)","2,672","1,500","753","253","108","41","12","4","0","0","1"
"전라북도 김제시 광활면(4521046000)","742","353","267","76","31","12","1","1","0","1","0"
"전라북도 김제시 요촌동(4521051000)","5,482","2,658","1,363","705","491","190","54","11","5","0","5"
"전라북도 김제시 신풍동(4521052000)","6,032","2,594","1,540","900","694","242","46","12","3","1","0"
"전라북도 김제시 검산동(4521054000)","5,555","2,499","1,293","792","706","218","34","10","0","1","2"
"전라북도 김제시 교월동(4521058000)","3,122","1,335","962","433","258","96","28","8","1","0","1"
"전라북도 완주군 (4571000000)","44,020","19,715","11,512","5,983","4,558","1,687","415","105","24","7","14"
"전라북도 완주군 삼례읍(4571025000)","7,526","3,843","1,880","908","562","258","56","14","5","0","0"
"전라북도 완주군 봉동읍(4571025300)","11,222","4,169","2,596","1,799","1,829","659","137","26","4","1","2"
"전라북도 완주군 용진읍(4571025600)","3,450","1,522","1,030","421","312","112","35","13","2","2","1"
"전라북도 완주군 상관면(4571032000)","2,123","954","566","304","210","69","17","1","0","0","2"
"전라북도 완주군 이서면(4571033000)","6,663","2,871","1,603","1,003","881","243","47","11","2","2","0"
"전라북도 완주군 소양면(4571034000)","2,982","1,386","855","388","213","84","30","17","5","0","4"
"전라북도 완주군 구이면(4571035000)","2,954","1,402","857","367","186","93","40","4","1","2","2"
"전라북도 완주군 고산면(4571036000)","2,336","1,133","663","277","158","69","23","9","2","0","2"
"전라북도 완주군 비봉면(4571037000)","1,023","537","290","112","47","22","11","2","2","0","0"
"전라북도 완주군 운주면(4571038000)","1,176","650","380","92","34","15","4","1","0","0","0"
"전라북도 완주군 화산면(4571039000)","1,408","669","418","184","80","41","10","5","1","0","0"
"전라북도 완주군 동상면(4571040000)","596","293","189","69","28","12","3","1","0","0","1"
"전라북도 완주군 경천면(4571041000)","561","286","185","59","18","10","2","1","0","0","0"
"전라북도 진안군 (4572000000)","13,494","6,854","3,905","1,435","780","352","113","32","14","4","5"
"전라북도 진안군 진안읍(4572025000)","4,988","2,350","1,333","656","383","183","61","13","6","1","2"
"전라북도 진안군 용담면(4572031000)","536","308","173","38","15","0","2","0","0","0","0"
"전라북도 진안군 안천면(4572032000)","586","291","182","62","38","6","6","0","0","1","0"
"전라북도 진안군 동향면(4572033000)","793","433","244","59","39","11","5","1","0","0","1"
"전라북도 진안군 상전면(4572034000)","483","251","150","49","20","10","1","1","1","0","0"
"전라북도 진안군 백운면(4572035000)","1,139","639","313","112","45","23","1","2","3","0","1"
"전라북도 진안군 성수면(4572036000)","1,003","551","286","85","42","25","12","2","0","0","0"
"전라북도 진안군 마령면(4572037000)","997","508","303","103","45","22","9","5","2","0","0"
"전라북도 진안군 부귀면(4572038000)","1,519","771","453","149","80","48","11","4","1","1","1"
"전라북도 진안군 정천면(4572039000)","553","253","190","56","35","13","2","2","1","1","0"
"전라북도 진안군 주천면(4572040000)","897","499","278","66","38","11","3","2","0","0","0"
"전라북도 무주군 (4573000000)","12,823","6,482","3,710","1,331","830","350","90","20","4","3","3"
"전라북도 무주군 무주읍(4573025000)","4,570","2,066","1,179","614","466","194","40","7","2","1","1"
"전라북도 무주군 무풍면(4573031000)","1,282","663","436","112","46","20","4","1","0","0","0"
"전라북도 무주군 설천면(4573032000)","2,228","1,225","579","215","129","60","14","6","0","0","0"
"전라북도 무주군 적상면(4573033000)","1,518","828","479","120","49","26","12","3","0","0","1"
"전라북도 무주군 안성면(4573034000)","2,390","1,235","766","217","115","37","14","3","1","2","0"
"전라북도 무주군 부남면(4573035000)","835","465","271","53","25","13","6","0","1","0","1"
"전라북도 장수군 (4574000000)","11,584","5,809","3,354","1,197","736","343","113","20","9","0","3"
"전라북도 장수군 장수읍(4574025000)","3,579","1,647","986","437","300","150","46","6","5","0","2"
"전라북도 장수군 산서면(4574031000)","1,154","615","342","100","54","29","11","2","1","0","0"
"전라북도 장수군 번암면(4574032000)","1,324","705","408","124","54","22","8","3","0","0","0"
"전라북도 장수군 장계면(4574033500)","2,255","1,101","638","234","184","71","25","1","1","0","0"
"전라북도 장수군 천천면(4574034000)","1,201","647","371","115","41","19","4","2","1","0","1"
"전라북도 장수군 계남면(4574035000)","1,169","600","349","101","70","36","9","3","1","0","0"
"전라북도 장수군 계북면(4574036000)","902","494","260","86","33","16","10","3","0","0","0"
"전라북도 임실군 (4575000000)","14,899","7,896","4,194","1,505","820","338","102","30","10","2","2"
"전라북도 임실군 임실읍(4575025000)","3,675","1,787","913","450","336","129","47","6","5","2","0"
"전라북도 임실군 청웅면(4575031000)","757","422","227","67","33","4","1","3","0","0","0"
"전라북도 임실군 운암면(4575032000)","949","523","290","83","31","15","6","1","0","0","0"
"전라북도 임실군 신평면(4575033000)","850","493","229","79","27","16","1","3","1","0","1"
"전라북도 임실군 성수면(4575034000)","947","511","281","91","42","15","4","3","0","0","0"
"전라북도 임실군 오수면(4575035500)","1,998","1,031","609","205","94","44","8","6","1","0","0"
"전라북도 임실군 신덕면(4575036000)","776","446","200","83","27","14","3","2","1","0","0"
"전라북도 임실군 삼계면(4575037000)","908","519","278","60","28","14","5","3","1","0","0"
"전라북도 임실군 관촌면(4575038000)","1,729","861","507","191","103","50","12","3","1","0","1"
"전라북도 임실군 강진면(4575039000)","895","513","236","87","41","14","4","0","0","0","0"
"전라북도 임실군 덕치면(4575040000)","731","428","205","54","33","8","3","0","0","0","0"
"전라북도 임실군 지사면(4575041000)","684","362","219","55","25","15","8","0","0","0","0"
"전라북도 순창군 (4577000000)","13,996","6,755","4,134","1,505","977","449","117","43","8","5","3"
"전라북도 순창군 순창읍(4577025000)","4,526","1,828","1,139","691","556","226","59","20","4","3","0"
"전라북도 순창군 인계면(4577031000)","831","436","248","73","41","23","7","2","1","0","0"
"전라북도 순창군 동계면(4577032000)","1,140","618","347","98","43","27","3","3","0","0","1"
"전라북도 순창군 풍산면(4577033000)","955","526","266","87","43","25","7","0","0","0","1"
"전라북도 순창군 금과면(4577034000)","971","514","304","87","42","17","4","3","0","0","0"
"전라북도 순창군 팔덕면(4577035000)","751","371","249","62","39","23","4","2","0","1","0"
"전라북도 순창군 쌍치면(4577036000)","1,057","515","367","91","52","22","7","2","0","0","1"
"전라북도 순창군 복흥면(4577037000)","1,120","536","363","109","59","34","12","5","1","1","0"
"전라북도 순창군 적성면(4577038000)","720","373","247","55","28","12","3","2","0","0","0"
"전라북도 순창군 유등면(4577039000)","601","330","177","51","26","10","4","3","0","0","0"
"전라북도 순창군 구림면(4577040000)","1,324","708","427","101","48","30","7","1","2","0","0"
"전라북도 고창군 (4579000000)","28,757","14,648","8,219","2,994","1,870","747","196","59","8","6","10"
"전라북도 고창군 고창읍(4579025000)","9,581","3,982","2,417","1,439","1,124","469","110","31","5","1","3"
"전라북도 고창군 고수면(4579031000)","1,308","721","388","116","52","20","8","1","0","2","0"
"전라북도 고창군 아산면(4579032000)","1,582","905","466","117","65","20","7","1","0","1","0"
"전라북도 고창군 무장면(4579033000)","1,523","821","463","125","71","30","9","1","1","0","2"
"전라북도 고창군 공음면(4579034000)","1,475","832","444","107","54","25","8","5","0","0","0"
"전라북도 고창군 상하면(4579035000)","1,371","745","419","114","59","23","5","4","1","0","1"
"전라북도 고창군 해리면(4579036000)","1,604","866","523","131","52","22","6","4","0","0","0"
"전라북도 고창군 성송면(4579037000)","1,117","648","352","69","34","12","2","0","0","0","0"
"전라북도 고창군 대산면(4579038000)","1,955","1,118","583","149","63","31","8","2","0","0","1"
"전라북도 고창군 심원면(4579039000)","1,429","766","441","130","63","18","7","4","0","0","0"
"전라북도 고창군 흥덕면(4579040000)","1,783","962","516","175","88","28","9","1","0","2","2"
"전라북도 고창군 성내면(4579041000)","1,148","641","342","111","37","12","4","0","0","0","1"
"전라북도 고창군 신림면(4579042000)","1,293","729","382","94","51","26","7","4","0","0","0"
"전라북도 고창군 부안면(4579043000)","1,588","912","483","117","57","11","6","1","1","0","0"
"전라북도 부안군 (4580000000)","27,588","14,121","7,711","2,981","1,829","747","156","30","9","3","1"
"전라북도 부안군 부안읍(4580025000)","9,804","4,169","2,544","1,456","1,087","447","82","15","4","0","0"
"전라북도 부안군 주산면(4580031000)","1,130","618","360","93","38","17","3","0","0","1","0"
"전라북도 부안군 동진면(4580032000)","1,658","927","504","127","62","28","7","3","0","0","0"
"전라북도 부안군 행안면(4580033000)","1,261","709","343","119","60","25","4","1","0","0","0"
"전라북도 부안군 계화면(4580034000)","1,872","965","600","171","79","41","10","4","2","0","0"
"전라북도 부안군 보안면(4580035000)","1,479","848","447","113","46","18","7","0","0","0","0"
"전라북도 부안군 변산면(4580036000)","2,448","1,310","669","253","151","50","11","3","0","1","0"
"전라북도 부안군 진서면(4580037000)","1,334","753","384","115","51","22","6","2","1","0","0"
"전라북도 부안군 백산면(4580038000)","1,524","883","455","110","49","22","4","1","0","0","0"
"전라북도 부안군 상서면(4580039000)","1,293","751","336","128","51","20","4","1","1","1","0"
"전라북도 부안군 하서면(4580040000)","1,551","862","467","123","68","24","6","0","1","0","0"
"전라북도 부안군 줄포면(4580041000)","1,481","822","426","135","63","27","7","0","0","0","1"
"전라북도 부안군 위도면(4580042000)","753","504","176","38","24","6","5","0","0","0","0"
"전라남도  (4600000000)","903,108","413,950","235,062","121,850","93,301","30,270","6,513","1,530","367","104","161"
"전라남도 목포시 (4611000000)","103,162","44,713","25,143","16,025","12,418","3,924","722","160","37","7","13"
"전라남도 목포시 용당1동(4611051000)","5,689","3,039","1,496","666","312","134","27","12","2","1","0"
"전라남도 목포시 용당2동(4611052000)","2,884","1,569","786","318","152","48","10","0","0","0","1"
"전라남도 목포시 연동(4611053500)","2,758","1,679","635","248","123","53","14","4","2","0","0"
"전라남도 목포시 산정동(4611054500)","4,095","1,441","1,107","766","563","170","36","9","2","0","1"
"전라남도 목포시 연산동(4611055400)","4,168","1,293","938","882","755","244","48","6","0","0","2"
"전라남도 목포시 원산동(4611055800)","5,955","2,540","1,512","918","712","227","36","6","3","1","0"
"전라남도 목포시 대성동(4611056500)","2,401","1,093","561","382","269","81","11","2","2","0","0"
"전라남도 목포시 목원동(4611059500)","4,411","2,616","1,039","444","216","72","20","3","1","0","0"
"전라남도 목포시 동명동(4611064000)","2,923","1,564","796","318","148","83","8","5","1","0","0"
"전라남도 목포시 삼학동(4611064500)","2,712","1,028","775","463","304","105","26","8","2","1","0"
"전라남도 목포시 만호동(4611065500)","1,769","1,159","379","142","55","29","4","0","1","0","0"
"전라남도 목포시 유달동(4611066000)","2,542","1,658","562","203","78","25","11","2","2","0","1"
"전라남도 목포시 죽교동(4611069500)","1,788","1,085","409","166","80","35","8","3","1","0","1"
"전라남도 목포시 북항동(4611070500)","4,323","1,796","1,203","676","457","150","30","9","2","0","0"
"전라남도 목포시 용해동(4611074500)","7,307","2,665","1,884","1,272","1,054","349","65","14","2","0","2"
"전라남도 목포시 이로동(4611075000)","4,278","1,185","1,235","822","729","234","53","14","2","2","2"
"전라남도 목포시 상동(4611075600)","9,562","3,739","2,360","1,637","1,341","402","68","13","0","1","1"
"전라남도 목포시 하당동(4611075700)","6,428","3,698","1,213","722","576","178","32","6","2","0","1"
"전라남도 목포시 신흥동(4611075800)","7,284","2,811","1,721","1,325","1,075","290","50","11","1","0","0"
"전라남도 목포시 삼향동(4611078000)","2,261","1,023","559","339","236","82","15","5","1","0","1"
"전라남도 목포시 옥암동(4611079000)","4,529","1,318","1,112","951","878","227","34","5","4","0","0"
"전라남도 목포시 부흥동(4611080000)","3,839","1,635","943","618","469","149","21","3","0","1","0"
"전라남도 목포시 부주동(4611081000)","9,256","3,079","1,918","1,747","1,836","557","95","20","4","0","0"
"전라남도 여수시 (4613000000)","128,169","52,302","33,662","19,675","16,299","4,937","1,009","214","47","10","14"
"전라남도 여수시 돌산읍(4613025000)","1,485","752","483","151","69","22","7","0","1","0","0"
"전라남도 여수시 돌산읍우두출장소(4613025100)","4,268","1,916","1,222","566","377","137","38","9","1","0","2"
"전라남도 여수시 돌산읍죽포출장소(4613025200)","1,064","532","350","98","48","19","14","3","0","0","0"
"전라남도 여수시 소라면(4613031000)","9,381","3,442","2,425","1,507","1,454","450","82","14","6","1","0"
"전라남도 여수시 율촌면(4613032000)","3,294","1,599","999","386","192","87","19","8","3","1","0"
"전라남도 여수시 화양면(4613033000)","3,563","1,861","1,049","357","185","75","28","6","1","0","1"
"전라남도 여수시 남면(4613034000)","1,669","929","537","125","46","24","2","4","2","0","0"
"전라남도 여수시 화정면(4613035000)","811","440","264","77","20","8","2","0","0","0","0"
"전라남도 여수시 화정면개도출장소(4613035600)","473","259","147","45","13","7","1","1","0","0","0"
"전라남도 여수시 삼산면(4613036000)","1,269","772","329","100","43","21","4","0","0","0","0"
"전라남도 여수시 동문동(4613051500)","2,552","1,368","661","286","172","52","10","2","0","1","0"
"전라남도 여수시 한려동(4613053500)","1,767","992","458","180","86","36","11","2","0","1","1"
"전라남도 여수시 중앙동(4613057000)","2,315","1,187","652","250","155","49","17","5","0","0","0"
"전라남도 여수시 충무동(4613060000)","2,202","1,180","622","240","113","32","12","2","0","0","1"
"전라남도 여수시 광림동(4613062500)","3,189","1,555","957","371","217","66","16","6","0","1","0"
"전라남도 여수시 서강동(4613063500)","1,878","870","565","228","146","49","19","1","0","0","0"
"전라남도 여수시 대교동(4613065500)","3,011","1,633","849","310","152","42","19","4","2","0","0"
"전라남도 여수시 국동(4613067000)","5,297","2,057","1,674","826","520","176","37","5","1","0","1"
"전라남도 여수시 월호동(4613068500)","2,886","879","925","529","399","112","35","6","1","0","0"
"전라남도 여수시 여서동(4613070000)","7,984","2,710","2,299","1,409","1,160","335","57","12","2","0","0"
"전라남도 여수시 문수동(4613071000)","9,546","4,051","2,139","1,496","1,335","426","76","23","0","0","0"
"전라남도 여수시 미평동(4613073000)","5,879","2,919","1,364","773","602","186","27","8","0","0","0"
"전라남도 여수시 둔덕동(4613074000)","4,090","1,175","1,145","797","705","218","39","9","2","0","0"
"전라남도 여수시 만덕동(4613076500)","4,516","1,519","1,268","827","634","208","41","15","3","0","1"
"전라남도 여수시 쌍봉동(4613078000)","13,576","4,911","3,094","2,467","2,291","656","117","28","6","2","4"
"전라남도 여수시 시전동(4613079000)","14,732","4,044","3,328","3,050","3,270","868","144","21","7","0","0"
"전라남도 여수시 여천동(4613080000)","10,446","4,898","2,569","1,417","1,128","333","77","15","4","3","2"
"전라남도 여수시 주삼동(4613081000)","3,130","868","754","590","675","193","41","4","5","0","0"
"전라남도 여수시 삼일동(4613082000)","1,280","691","340","140","62","36","9","1","0","0","1"
"전라남도 여수시 묘도동(4613083000)","616","293","194","77","30","14","8","0","0","0","0"
"전라남도 순천시 (4615000000)","124,029","46,619","30,904","21,270","18,860","5,234","870","198","44","12","18"
"전라남도 순천시 승주읍(4615025000)","1,524","837","441","141","55","33","9","7","0","0","1"
"전라남도 순천시 해룡면(4615031000)","2,385","1,153","736","272","132","65","20","6","1","0","0"
"전라남도 순천시 해룡면상삼출장소(4615031500)","7,261","2,331","1,584","1,486","1,418","390","42","9","1","0","0"
"전라남도 순천시 해룡면신대출장소(4615031600)","11,424","2,218","2,031","2,752","3,561","756","81","20","4","1","0"
"전라남도 순천시 서면(4615032000)","6,355","2,858","1,735","872","619","220","42","8","1","0","0"
"전라남도 순천시 황전면(4615033000)","1,730","928","559","153","52","27","7","3","1","0","0"
"전라남도 순천시 월등면(4615034000)","1,031","544","306","121","38","15","4","3","0","0","0"
"전라남도 순천시 주암면(4615035000)","1,897","1,080","559","173","49","25","8","3","0","0","0"
"전라남도 순천시 송광면(4615036000)","888","545","241","70","20","11","0","0","0","0","1"
"전라남도 순천시 외서면(4615037000)","523","305","152","42","14","7","1","0","2","0","0"
"전라남도 순천시 낙안면(4615038000)","1,756","875","567","183","73","39","14","2","2","0","1"
"전라남도 순천시 별량면(4615039000)","2,964","1,421","941","372","137","59","25","5","2","0","2"
"전라남도 순천시 상사면(4615040000)","1,483","674","463","203","96","28","11","6","1","0","1"
"전라남도 순천시 향동(4615051500)","1,885","918","550","223","123","56","9","2","2","0","2"
"전라남도 순천시 매곡동(4615054000)","3,464","1,676","872","447","350","92","21","4","2","0","0"
"전라남도 순천시 삼산동(4615055000)","11,109","3,897","2,930","2,034","1,634","500","87","17","5","3","2"
"전라남도 순천시 조곡동(4615056000)","2,927","1,200","827","433","336","105","19","4","3","0","0"
"전라남도 순천시 덕연동(4615057000)","17,851","5,434","4,526","3,563","3,256","891","150","25","4","2","0"
"전라남도 순천시 풍덕동(4615058000)","3,830","1,702","1,121","521","337","116","27","5","1","0","0"
"전라남도 순천시 남제동(4615059000)","4,419","2,093","1,186","607","368","126","30","7","0","1","1"
"전라남도 순천시 저전동(4615060000)","1,378","622","406","209","94","40","7","0","0","0","0"
"전라남도 순천시 장천동(4615061000)","1,411","921","300","112","54","13","8","3","0","0","0"
"전라남도 순천시 중앙동(4615062000)","1,618","904","383","186","86","43","8","6","1","0","1"
"전라남도 순천시 도사동(4615063500)","7,789","2,752","1,921","1,378","1,293","351","68","18","4","1","3"
"전라남도 순천시 왕조1동(4615066100)","17,530","6,525","3,864","3,153","3,014","816","120","27","5","3","3"
"전라남도 순천시 왕조2동(4615066500)","7,597","2,206","1,703","1,564","1,651","410","52","8","2","1","0"
"전라남도 나주시 (4617000000)","59,292","29,198","14,321","7,675","5,819","1,835","336","67","17","7","17"
"전라남도 나주시 남평읍(4617025000)","6,024","2,794","1,568","828","599","195","31","6","2","0","1"
"전라남도 나주시 세지면(4617031000)","1,560","893","455","130","53","20","6","2","1","0","0"
"전라남도 나주시 왕곡면(4617032000)","1,627","864","486","172","61","27","13","3","1","0","0"
"전라남도 나주시 반남면(4617033000)","880","519","252","66","28","13","2","0","0","0","0"
"전라남도 나주시 공산면(4617034000)","1,341","764","376","112","60","21","7","1","0","0","0"
"전라남도 나주시 동강면(4617035000)","1,475","841","431","137","43","19","3","1","0","0","0"
"전라남도 나주시 다시면(4617036000)","2,142","1,238","582","195","88","31","3","2","2","1","0"
"전라남도 나주시 문평면(4617037000)","1,203","720","339","96","33","8","6","1","0","0","0"
"전라남도 나주시 노안면(4617038000)","2,625","1,493","746","243","91","35","12","3","0","0","2"
"전라남도 나주시 금천면(4617039000)","2,375","1,269","697","244","114","37","12","1","0","0","1"
"전라남도 나주시 산포면(4617040000)","1,990","1,155","510","200","89","30","6","0","0","0","0"
"전라남도 나주시 다도면(4617042000)","1,032","628","277","81","32","6","2","1","0","1","4"
"전라남도 나주시 봉황면(4617043000)","2,520","1,474","705","189","94","43","10","4","1","0","0"
"전라남도 나주시 송월동(4617051000)","3,887","1,884","866","564","407","134","23","6","2","1","0"
"전라남도 나주시 영강동(4617052000)","1,446","807","328","165","101","35","6","1","0","0","3"
"전라남도 나주시 금남동(4617054000)","2,638","1,406","695","310","151","52","16","2","2","1","3"
"전라남도 나주시 성북동(4617055000)","4,100","1,833","947","578","521","177","34","6","3","1","0"
"전라남도 나주시 영산동(4617058000)","1,972","1,243","450","158","81","30","7","2","1","0","0"
"전라남도 나주시 이창동(4617060000)","2,012","1,207","468","218","75","32","8","3","1","0","0"
"전라남도 나주시 빛가람동(4617062000)","16,443","6,166","3,143","2,989","3,098","890","129","22","1","2","3"
"전라남도 광양시 (4623000000)","67,103","26,380","16,211","11,034","9,996","2,792","501","142","28","10","9"
"전라남도 광양시 광양읍(4623025000)","21,611","8,769","5,010","3,436","3,161","954","201","61","13","3","3"
"전라남도 광양시 봉강면(4623031000)","1,147","578","318","135","73","29","8","5","1","0","0"
"전라남도 광양시 옥룡면(4623032000)","1,714","894","512","177","94","21","11","3","1","1","0"
"전라남도 광양시 옥곡면(4623033000)","2,408","984","721","380","224","82","14","1","2","0","0"
"전라남도 광양시 진상면(4623034000)","1,587","866","482","138","63","25","8","1","2","0","2"
"전라남도 광양시 진월면(4623035000)","1,520","770","480","148","69","31","15","5","1","1","0"
"전라남도 광양시 다압면(4623036000)","1,014","551","297","94","43","21","5","3","0","0","0"
"전라남도 광양시 골약동(4623051500)","1,756","764","404","275","245","56","9","3","0","0","0"
"전라남도 광양시 중마동(4623053000)","23,007","7,724","4,919","4,400","4,604","1,151","158","40","6","3","2"
"전라남도 광양시 광영동(4623054000)","5,429","2,238","1,370","886","665","216","40","12","1","1","0"
"전라남도 광양시 금호동(4623055000)","4,967","1,743","1,443","867","689","190","26","5","1","1","2"
"전라남도 광양시 태인동(4623057000)","943","499","255","98","66","16","6","3","0","0","0"
"전라남도 담양군 (4671000000)","24,773","12,673","6,730","2,791","1,672","663","173","45","11","5","10"
"전라남도 담양군 담양읍(4671025000)","7,513","3,461","1,974","1,032","697","273","56","13","2","1","4"
"전라남도 담양군 봉산면(4671031000)","1,541","830","417","170","74","31","14","1","3","0","1"
"전라남도 담양군 고서면(4671032000)","1,753","929","508","173","92","40","6","3","0","1","1"
"전라남도 담양군 가사문학면(4671033500)","736","437","196","58","29","13","3","0","0","0","0"
"전라남도 담양군 창평면(4671034000)","2,050","1,121","563","191","125","34","14","0","2","0","0"
"전라남도 담양군 대덕면(4671035000)","1,103","618","314","90","45","26","8","1","0","1","0"
"전라남도 담양군 무정면(4671036000)","1,652","1,049","374","128","67","19","7","5","1","2","0"
"전라남도 담양군 금성면(4671037000)","1,499","823","441","132","66","23","11","2","1","0","0"
"전라남도 담양군 용면(4671038000)","1,024","527","305","115","58","15","1","3","0","0","0"
"전라남도 담양군 월산면(4671039000)","1,313","691","391","127","56","31","9","6","0","0","2"
"전라남도 담양군 수북면(4671040000)","2,320","1,031","675","305","197","85","22","4","1","0","0"
"전라남도 담양군 대전면(4671041000)","2,269","1,156","572","270","166","73","22","7","1","0","2"
"전라남도 곡성군 (4672000000)","15,536","8,452","4,236","1,474","887","348","101","26","7","3","2"
"전라남도 곡성군 곡성읍(4672025000)","4,010","1,976","1,040","491","324","135","33","7","2","1","1"
"전라남도 곡성군 오곡면(4672031000)","1,029","538","312","83","55","28","10","3","0","0","0"
"전라남도 곡성군 삼기면(4672032000)","1,015","617","249","84","43","12","5","3","1","1","0"
"전라남도 곡성군 석곡면(4672033000)","1,363","780","373","111","66","28","5","0","0","0","0"
"전라남도 곡성군 목사동면(4672034000)","839","494","262","55","18","8","2","0","0","0","0"
"전라남도 곡성군 죽곡면(4672035000)","1,125","626","341","92","43","14","7","2","0","0","0"
"전라남도 곡성군 고달면(4672036000)","701","395","214","54","28","5","3","1","1","0","0"
"전라남도 곡성군 옥과면(4672037000)","2,213","1,183","536","250","160","58","18","4","2","1","1"
"전라남도 곡성군 입면(4672038000)","1,359","763","350","110","87","38","9","1","1","0","0"
"전라남도 곡성군 겸면(4672039000)","1,031","602","305","72","32","9","8","3","0","0","0"
"전라남도 곡성군 오산면(4672040000)","851","478","254","72","31","13","1","2","0","0","0"
"전라남도 구례군 (4673000000)","13,462","6,851","3,728","1,462","878","368","130","28","9","4","4"
"전라남도 구례군 구례읍(4673025000)","5,288","2,467","1,359","674","520","190","61","11","4","2","0"
"전라남도 구례군 문척면(4673031000)","707","366","218","68","30","16","6","2","0","0","1"
"전라남도 구례군 간전면(4673032000)","894","518","242","76","37","16","4","0","0","1","0"
"전라남도 구례군 토지면(4673033000)","1,456","798","432","135","50","22","13","3","1","0","2"
"전라남도 구례군 마산면(4673034000)","1,373","719","358","153","80","41","18","2","1","0","1"
"전라남도 구례군 광의면(4673035000)","1,285","686","404","102","45","31","13","2","2","0","0"
"전라남도 구례군 용방면(4673036000)","819","440","244","77","28","22","5","3","0","0","0"
"전라남도 구례군 산동면(4673037000)","1,640","857","471","177","88","30","10","5","1","1","0"
"전라남도 고흥군 (4677000000)","35,379","18,348","10,799","3,400","1,873","710","188","44","15","2","0"
"전라남도 고흥군 고흥읍(4677025000)","5,910","2,571","1,553","789","680","250","54","10","3","0","0"
"전라남도 고흥군 도양읍(4677025300)","5,002","2,311","1,525","626","370","130","28","6","4","2","0"
"전라남도 고흥군 도양읍소록출장소(4677025400)","450","351","61","20","14","4","0","0","0","0","0"
"전라남도 고흥군 도양읍시산출장소(4677025500)","142","94","26","13","7","2","0","0","0","0","0"
"전라남도 고흥군 풍양면(4677031000)","1,839","964","635","154","55","21","7","2","1","0","0"
"전라남도 고흥군 도덕면(4677032000)","1,733","937","555","150","61","19","9","2","0","0","0"
"전라남도 고흥군 금산면(4677033000)","2,534","1,367","824","200","95","35","9","4","0","0","0"
"전라남도 고흥군 도화면(4677034000)","2,281","1,243","736","183","75","33","9","1","1","0","0"
"전라남도 고흥군 포두면(4677035000)","2,870","1,558","919","230","102","41","15","2","3","0","0"
"전라남도 고흥군 봉래면(4677036000)","1,097","595","353","82","42","14","6","4","1","0","0"
"전라남도 고흥군 점암면(4677037000)","1,686","1,004","505","114","41","14","8","0","0","0","0"
"전라남도 고흥군 과역면(4677038000)","1,894","996","602","180","71","26","13","4","2","0","0"
"전라남도 고흥군 남양면(4677039000)","1,366","759","425","115","41","17","6","3","0","0","0"
"전라남도 고흥군 동강면(4677040000)","1,805","992","536","154","73","44","4","2","0","0","0"
"전라남도 고흥군 대서면(4677041000)","1,373","785","417","115","35","12","6","3","0","0","0"
"전라남도 고흥군 두원면(4677042000)","1,798","977","591","144","51","29","6","0","0","0","0"
"전라남도 고흥군 영남면(4677044000)","762","414","260","56","18","8","5","1","0","0","0"
"전라남도 고흥군 동일면(4677045000)","837","430","276","75","42","11","3","0","0","0","0"
"전라남도 보성군 (4678000000)","22,511","12,370","6,230","2,068","1,162","466","163","41","6","2","3"
"전라남도 보성군 보성읍(4678025000)","4,479","2,189","1,115","567","379","159","57","11","2","0","0"
"전라남도 보성군 벌교읍(4678025300)","6,416","3,372","1,856","619","381","134","42","9","3","0","0"
"전라남도 보성군 노동면(4678031000)","709","462","171","43","16","10","7","0","0","0","0"
"전라남도 보성군 미력면(4678032000)","844","479","239","68","39","15","3","1","0","0","0"
"전라남도 보성군 겸백면(4678033000)","718","449","176","56","19","11","6","1","0","0","0"
"전라남도 보성군 율어면(4678034000)","702","411","186","57","29","11","4","4","0","0","0"
"전라남도 보성군 복내면(4678035000)","999","595","275","72","35","9","9","0","0","1","3"
"전라남도 보성군 문덕면(4678036000)","588","380","153","30","15","7","1","1","0","1","0"
"전라남도 보성군 조성면(4678037000)","2,229","1,309","629","164","77","38","8","4","0","0","0"
"전라남도 보성군 득량면(4678038000)","1,681","973","485","140","55","20","8","0","0","0","0"
"전라남도 보성군 득량면예당출장소(4678038500)","706","392","205","49","37","13","6","4","0","0","0"
"전라남도 보성군 회천면(4678039000)","1,772","975","534","153","59","35","10","5","1","0","0"
"전라남도 보성군 웅치면(4678040000)","668","384","206","50","21","4","2","1","0","0","0"
"전라남도 화순군 (4679000000)","32,012","15,661","8,194","3,981","2,806","1,046","236","61","16","3","8"
"전라남도 화순군 화순읍(4679025000)","18,030","7,438","4,327","2,854","2,324","865","171","38","10","1","2"
"전라남도 화순군 한천면(4679031000)","572","354","133","51","23","8","2","1","0","0","0"
"전라남도 화순군 한천면영외출장소(4679031500)","277","173","76","17","7","4","0","0","0","0","0"
"전라남도 화순군 춘양면(4679032000)","1,097","666","306","81","22","13","6","0","1","0","2"
"전라남도 화순군 청풍면(4679033000)","711","466","184","41","17","3","0","0","0","0","0"
"전라남도 화순군 이양면(4679034000)","1,140","704","321","76","24","11","2","1","0","0","1"
"전라남도 화순군 능주면(4679035000)","1,716","869","494","192","90","48","16","3","1","2","1"
"전라남도 화순군 도곡면(4679036000)","1,671","919","490","152","74","22","10","3","1","0","0"
"전라남도 화순군 도암면(4679037000)","883","505","272","69","22","10","3","2","0","0","0"
"전라남도 화순군 이서면(4679038000)","598","359","166","48","19","2","1","2","1","0","0"
"전라남도 화순군 백아면(4679039500)","1,027","666","249","63","31","11","4","3","0","0","0"
"전라남도 화순군 동복면(4679040000)","995","587","293","65","31","11","8","0","0","0","0"
"전라남도 화순군 사평면(4679041500)","1,306","775","352","109","46","16","6","2","0","0","0"
"전라남도 화순군 동면(4679042000)","1,989","1,180","531","163","76","22","7","6","2","0","2"
"전라남도 장흥군 (4680000000)","20,103","10,536","5,568","2,022","1,304","495","143","26","4","4","1"
"전라남도 장흥군 장흥읍(4680025000)","7,356","3,460","1,833","939","756","280","71","15","1","0","1"
"전라남도 장흥군 관산읍(4680025300)","2,825","1,544","830","255","127","49","15","2","2","1","0"
"전라남도 장흥군 대덕읍(4680025600)","1,922","1,050","579","162","88","32","11","0","0","0","0"
"전라남도 장흥군 용산면(4680031000)","1,336","732","394","113","59","25","10","2","0","1","0"
"전라남도 장흥군 안양면(4680032000)","1,654","931","475","133","75","28","9","3","0","0","0"
"전라남도 장흥군 장동면(4680033000)","722","407","208","64","24","13","4","0","1","1","0"
"전라남도 장흥군 장평면(4680034000)","1,316","817","340","89","51","12","6","0","0","1","0"
"전라남도 장흥군 유치면(4680035000)","664","407","183","50","16","7","1","0","0","0","0"
"전라남도 장흥군 부산면(4680036000)","837","486","227","78","28","10","6","2","0","0","0"
"전라남도 장흥군 회진면(4680037000)","1,471","702","499","139","80","39","10","2","0","0","0"
"전라남도 강진군 (4681000000)","18,592","9,696","5,312","1,809","1,171","441","118","33","5","4","3"
"전라남도 강진군 강진읍(4681025000)","6,662","3,222","1,691","789","654","235","52","11","4","3","1"
"전라남도 강진군 군동면(4681031000)","2,307","1,098","699","258","158","72","17","4","0","0","1"
"전라남도 강진군 칠량면(4681032000)","1,323","718","435","85","52","21","8","4","0","0","0"
"전라남도 강진군 대구면(4681033000)","693","404","205","53","18","6","6","0","0","1","0"
"전라남도 강진군 도암면(4681034000)","1,459","809","471","112","37","18","8","3","0","0","1"
"전라남도 강진군 신전면(4681035000)","1,034","555","338","73","38","20","7","3","0","0","0"
"전라남도 강진군 성전면(4681036000)","1,604","869","484","138","84","17","9","2","1","0","0"
"전라남도 강진군 작천면(4681037000)","1,118","627","351","93","34","11","2","0","0","0","0"
"전라남도 강진군 병영면(4681038000)","970","562","273","79","36","16","2","2","0","0","0"
"전라남도 강진군 옴천면(4681039000)","395","260","80","33","14","5","1","2","0","0","0"
"전라남도 강진군 마량면(4681040000)","1,027","572","285","96","46","20","6","2","0","0","0"
"전라남도 해남군 (4682000000)","35,225","17,273","10,117","4,042","2,407","991","295","65","23","2","10"
"전라남도 해남군 해남읍(4682025000)","11,134","4,727","2,722","1,660","1,350","513","126","22","8","2","4"
"전라남도 해남군 삼산면(4682031000)","1,609","821","490","184","73","25","11","3","1","0","1"
"전라남도 해남군 화산면(4682032000)","1,748","878","572","172","70","36","14","2","3","0","1"
"전라남도 해남군 현산면(4682033000)","1,583","811","505","176","59","22","7","2","1","0","0"
"전라남도 해남군 송지면(4682034000)","3,250","1,596","1,014","354","172","75","25","12","1","0","1"
"전라남도 해남군 북평면(4682035000)","1,548","775","509","140","79","33","11","1","0","0","0"
"전라남도 해남군 북일면(4682036000)","1,115","565","385","87","48","22","6","1","1","0","0"
"전라남도 해남군 옥천면(4682037000)","1,686","925","518","123","66","42","7","2","1","0","2"
"전라남도 해남군 계곡면(4682038000)","1,255","699","375","110","46","17","8","0","0","0","0"
"전라남도 해남군 마산면(4682039000)","1,387","785","378","139","48","33","4","0","0","0","0"
"전라남도 해남군 황산면(4682040000)","2,596","1,317","826","262","109","49","24","7","2","0","0"
"전라남도 해남군 산이면(4682041000)","2,102","1,109","637","214","91","30","15","3","3","0","0"
"전라남도 해남군 문내면(4682042000)","2,139","1,076","638","227","115","55","25","3","0","0","0"
"전라남도 해남군 화원면(4682043000)","2,073","1,189","548","194","81","39","12","7","2","0","1"
"전라남도 영암군 (4683000000)","28,197","14,632","7,204","3,160","2,090","835","208","50","9","4","5"
"전라남도 영암군 영암읍(4683025000)","3,880","1,787","1,002","486","374","170","44","9","5","1","2"
"전라남도 영암군 삼호읍(4683025300)","7,248","3,409","1,592","1,033","835","294","67","14","1","1","2"
"전라남도 영암군 삼호읍서부출장소(4683025400)","3,237","1,699","644","399","335","134","21","4","0","1","0"
"전라남도 영암군 덕진면(4683031000)","1,082","616","305","92","38","20","8","3","0","0","0"
"전라남도 영암군 금정면(4683032000)","1,222","680","363","115","42","17","5","0","0","0","0"
"전라남도 영암군 신북면(4683033000)","2,230","1,307","610","177","94","33","6","2","0","1","0"
"전라남도 영암군 시종면(4683034000)","2,158","1,292","603","164","66","21","7","3","1","0","1"
"전라남도 영암군 도포면(4683035000)","1,339","783","345","127","47","26","8","3","0","0","0"
"전라남도 영암군 군서면(4683036000)","1,848","1,020","533","170","77","33","13","2","0","0","0"
"전라남도 영암군 서호면(4683037000)","1,099","613","320","91","43","19","8","3","2","0","0"
"전라남도 영암군 학산면(4683038000)","1,603","783","494","178","85","44","14","5","0","0","0"
"전라남도 영암군 미암면(4683039000)","1,251","643","393","128","54","24","7","2","0","0","0"
"전라남도 무안군 (4684000000)","42,739","18,775","10,393","6,101","5,367","1,661","340","69","19","7","7"
"전라남도 무안군 무안읍(4684025000)","5,500","2,660","1,371","692","512","201","45","14","1","2","2"
"전라남도 무안군 일로읍(4684025300)","6,734","2,242","1,569","1,206","1,292","339","72","9","4","0","1"
"전라남도 무안군 삼향읍(4684025600)","2,535","1,223","720","308","178","74","21","5","3","1","2"
"전라남도 무안군 삼향읍남악출장소(4684025800)","14,190","4,989","2,785","2,621","2,828","801","138","18","7","2","1"
"전라남도 무안군 몽탄면(4684032000)","1,872","1,091","507","171","64","26","7","6","0","0","0"
"전라남도 무안군 청계면(4684033000)","3,601","2,074","895","343","169","87","20","8","3","1","1"
"전라남도 무안군 현경면(4684034000)","2,733","1,538","827","220","98","37","8","5","0","0","0"
"전라남도 무안군 망운면(4684035000)","1,108","596","328","114","37","22","10","0","1","0","0"
"전라남도 무안군 해제면(4684036000)","2,837","1,520","894","251","113","44","12","3","0","0","0"
"전라남도 무안군 운남면(4684037000)","1,629","842","497","175","76","30","7","1","0","1","0"
"전라남도 함평군 (4686000000)","17,980","10,118","4,750","1,653","890","405","118","30","9","1","6"
"전라남도 함평군 함평읍(4686025000)","4,305","2,207","1,079","484","340","131","47","12","1","0","4"
"전라남도 함평군 손불면(4686031000)","1,964","1,093","558","186","76","40","10","1","0","0","0"
"전라남도 함평군 신광면(4686032000)","1,092","638","307","88","38","13","5","2","1","0","0"
"전라남도 함평군 학교면(4686033000)","2,238","1,356","563","180","81","46","7","2","1","0","2"
"전라남도 함평군 엄다면(4686034000)","1,134","680","291","84","58","17","3","1","0","0","0"
"전라남도 함평군 대동면(4686035000)","1,831","1,077","484","138","73","39","13","5","1","1","0"
"전라남도 함평군 나산면(4686036000)","1,686","983","465","143","55","25","10","2","3","0","0"
"전라남도 함평군 해보면(4686037000)","1,602","879","448","165","55","42","9","3","1","0","0"
"전라남도 함평군 월야면(4686038000)","2,128","1,205","555","185","114","52","14","2","1","0","0"
"전라남도 영광군 (4687000000)","27,112","13,558","7,216","3,138","2,010","841","248","67","17","7","10"
"전라남도 영광군 영광읍(4687025000)","10,130","4,367","2,551","1,489","1,102","461","115","31","7","3","4"
"전라남도 영광군 백수읍(4687025300)","2,659","1,484","762","239","100","49","17","6","0","0","2"
"전라남도 영광군 홍농읍(4687025600)","3,378","1,712","794","406","318","103","29","12","2","2","0"
"전라남도 영광군 대마면(4687031000)","1,036","613","277","78","40","18","6","2","0","1","1"
"전라남도 영광군 묘량면(4687032000)","991","545","281","83","43","29","10","0","0","0","0"
"전라남도 영광군 불갑면(4687033000)","737","381","213","83","35","12","9","3","0","0","1"
"전라남도 영광군 군서면(4687034000)","1,240","627","372","128","67","27","11","3","3","1","1"
"전라남도 영광군 군남면(4687035000)","1,420","794","431","124","41","25","3","2","0","0","0"
"전라남도 영광군 염산면(4687036000)","2,389","1,363","700","194","80","35","14","2","1","0","0"
"전라남도 영광군 법성면(4687037000)","2,732","1,385","758","295","172","78","33","6","4","0","1"
"전라남도 영광군 낙월면(4687038000)","273","205","44","13","7","3","1","0","0","0","0"
"전라남도 영광군 낙월면안마출장소(4687038500)","127","82","33","6","5","1","0","0","0","0","0"
"전라남도 장성군 (4688000000)","23,160","11,864","6,146","2,650","1,620","636","174","53","8","3","6"
"전라남도 장성군 장성읍(4688025000)","6,632","3,094","1,743","868","618","237","51","16","3","0","2"
"전라남도 장성군 진원면(4688031000)","1,804","834","502","230","137","65","23","9","1","1","2"
"전라남도 장성군 남면(4688032000)","2,219","1,331","532","205","96","36","10","8","0","1","0"
"전라남도 장성군 동화면(4688033000)","1,060","584","313","104","38","17","3","0","1","0","0"
"전라남도 장성군 삼서면(4688034000)","1,768","959","501","167","81","39","17","3","1","0","0"
"전라남도 장성군 삼계면(4688035000)","2,880","1,356","700","348","327","114","26","8","0","0","1"
"전라남도 장성군 황룡면(4688036000)","2,190","1,164","558","260","140","50","12","3","1","1","1"
"전라남도 장성군 서삼면(4688037000)","878","457","267","97","42","11","2","2","0","0","0"
"전라남도 장성군 북일면(4688038000)","824","461","235","82","31","9","5","0","1","0","0"
"전라남도 장성군 북이면(4688039000)","1,571","803","486","165","63","35","16","3","0","0","0"
"전라남도 장성군 북하면(4688040000)","1,334","821","309","124","47","23","9","1","0","0","0"
"전라남도 완도군 (4689000000)","26,029","12,962","7,564","2,779","1,754","731","177","40","15","3","4"
"전라남도 완도군 완도읍(4689025000)","8,957","4,221","2,263","1,196","862","321","71","18","3","0","2"
"전라남도 완도군 금일읍(4689025300)","2,074","1,098","639","174","105","46","7","2","2","1","0"
"전라남도 완도군 노화읍(4689025600)","2,203","1,049","656","223","170","78","18","6","2","0","1"
"전라남도 완도군 노화읍넙도출장소(4689029000)","422","214","132","40","21","12","2","1","0","0","0"
"전라남도 완도군 군외면(4689031000)","1,903","1,070","576","160","61","27","7","2","0","0","0"
"전라남도 완도군 신지면(4689032000)","1,852","948","572","177","106","34","12","2","0","1","0"
"전라남도 완도군 고금면(4689033000)","2,352","1,225","741","202","110","54","15","4","0","0","1"
"전라남도 완도군 약산면(4689034000)","1,320","704","420","106","53","21","13","2","1","0","0"
"전라남도 완도군 청산면(4689035000)","1,207","645","375","117","47","17","4","0","2","0","0"
"전라남도 완도군 청산면모도출장소(4689035500)","134","72","45","13","3","0","0","0","1","0","0"
"전라남도 완도군 소안면(4689036000)","1,287","576","450","143","74","33","9","0","2","0","0"
"전라남도 완도군 금당면(4689037000)","551","294","164","50","24","14","4","1","0","0","0"
"전라남도 완도군 보길면(4689038000)","1,263","535","407","138","98","69","12","2","1","1","0"
"전라남도 완도군 생일면(4689039000)","504","311","124","40","20","5","3","0","1","0","0"
"전라남도 진도군 (4690000000)","16,700","8,935","4,575","1,595","992","452","108","31","9","1","2"
"전라남도 진도군 진도읍(4690025000)","5,314","2,545","1,252","716","532","211","44","9","4","0","1"
"전라남도 진도군 군내면(4690031000)","1,714","942","505","138","75","42","8","2","1","1","0"
"전라남도 진도군 고군면(4690032000)","1,944","1,002","555","205","107","48","19","5","2","0","1"
"전라남도 진도군 의신면(4690033000)","2,066","1,178","614","148","75","31","14","5","1","0","0"
"전라남도 진도군 임회면(4690034000)","2,008","1,119","612","139","83","43","4","7","1","0","0"
"전라남도 진도군 지산면(4690035000)","1,858","1,054","575","123","53","41","9","3","0","0","0"
"전라남도 진도군 조도면(4690036000)","1,420","883","359","91","54","26","7","0","0","0","0"
"전라남도 진도군 조도면가사출장소(4690036500)","165","97","49","11","7","1","0","0","0","0","0"
"전라남도 진도군 조도면거차출장소(4690036600)","211","115","54","24","6","9","3","0","0","0","0"
"전라남도 신안군 (4691000000)","21,843","12,034","6,059","2,046","1,026","459","155","40","12","3","9"
"전라남도 신안군 지도읍(4691025000)","2,422","1,329","695","214","108","55","18","2","1","0","0"
"전라남도 신안군 지도읍선도출장소(4691025100)","152","98","33","14","7","0","0","0","0","0","0"
"전라남도 신안군 압해읍(4691025300)","2,810","1,268","861","363","191","79","29","10","2","1","6"
"전라남도 신안군 압해읍매화출장소(4691025400)","152","100","37","11","2","1","1","0","0","0","0"
"전라남도 신안군 압해읍고이도출장소(4691025500)","130","71","41","14","3","0","0","0","0","0","1"
"전라남도 신안군 증도면(4691031000)","907","550","241","68","29","13","5","0","1","0","0"
"전라남도 신안군 증도면병풍출장소(4691031500)","179","101","50","16","4","3","3","2","0","0","0"
"전라남도 신안군 임자면(4691032000)","1,816","1,032","461","155","98","49","15","4","2","0","0"
"전라남도 신안군 자은면(4691033000)","1,313","674","426","124","64","20","4","1","0","0","0"
"전라남도 신안군 비금면(4691034000)","1,922","1,027","535","184","107","43","20","3","2","0","1"
"전라남도 신안군 도초면(4691035000)","1,449","805","420","123","61","33","6","0","1","0","0"
"전라남도 신안군 도초면우이도출장소(4691035500)","146","102","29","6","6","2","0","1","0","0","0"
"전라남도 신안군 흑산면(4691036000)","1,359","871","305","94","50","31","3","3","2","0","0"
"전라남도 신안군 흑산면가거도출장소(4691036500)","303","235","36","17","10","2","3","0","0","0","0"
"전라남도 신안군 흑산면태도출장소(4691036600)","131","92","24","8","6","1","0","0","0","0","0"
"전라남도 신안군 흑산면홍도출장소(4691036700)","250","146","55","25","11","7","4","2","0","0","0"
"전라남도 신안군 흑산면대둔도출장소(4691036800)","193","128","37","19","6","2","0","1","0","0","0"
"전라남도 신안군 하의면(4691037000)","1,007","595","255","84","39","24","6","3","0","1","0"
"전라남도 신안군 신의면(4691038000)","797","398","212","89","60","29","8","1","0","0","0"
"전라남도 신안군 장산면(4691039000)","939","542","283","68","29","11","5","1","0","0","0"
"전라남도 신안군 안좌면(4691040000)","1,631","930","452","151","56","22","13","5","1","0","1"
"전라남도 신안군 안좌면자라출장소(4691040500)","157","87","37","20","5","5","2","1","0","0","0"
"전라남도 신안군 팔금면(4691041000)","600","350","176","46","17","8","2","0","0","1","0"
"전라남도 신안군 암태면(4691042000)","1,078","503","358","133","57","19","8","0","0","0","0"
"경상북도  (4700000000)","1,276,846","558,483","338,453","190,484","143,848","36,136","7,203","1,554","380","123","182"
"경상북도 포항시 (4711000000)","232,201","90,704","61,967","39,732","31,372","6,833","1,250","254","51","23","15"
"경상북도 포항시 남구 (4711100000)","109,419","45,648","28,727","17,392","13,881","3,069","554","103","24","14","7"
"경상북도 포항시 남구 구룡포읍(4711125000)","4,563","2,693","1,252","429","122","46","15","5","1","0","0"
"경상북도 포항시 남구 연일읍(4711125300)","12,332","3,467","3,420","2,548","2,298","495","83","13","3","3","2"
"경상북도 포항시 남구 오천읍(4711125600)","26,311","11,242","6,149","4,289","3,583","878","142","21","6","1","0"
"경상북도 포항시 남구 대송면(4711131000)","1,902","968","567","225","103","31","7","0","0","0","1"
"경상북도 포항시 남구 동해면(4711132000)","4,733","1,894","1,475","735","473","122","29","3","1","1","0"
"경상북도 포항시 남구 장기면(4711133000)","2,425","1,311","772","229","84","19","6","3","1","0","0"
"경상북도 포항시 남구 호미곶면(4711135000)","1,176","706","321","98","33","12","5","1","0","0","0"
"경상북도 포항시 남구 상대동(4711152500)","13,571","7,004","3,615","1,680","991","226","44","7","2","1","1"
"경상북도 포항시 남구 해도동(4711154500)","9,873","5,351","2,725","1,082","535","141","30","5","3","1","0"
"경상북도 포항시 남구 송도동(4711155000)","6,537","3,060","2,059","848","437","106","21","4","0","2","0"
"경상북도 포항시 남구 청림동(4711156000)","2,660","1,426","687","318","175","44","9","0","1","0","0"
"경상북도 포항시 남구 제철동(4711157000)","1,722","1,010","354","190","130","30","7","1","0","0","0"
"경상북도 포항시 남구 효곡동(4711158000)","11,327","2,373","2,878","2,629","2,813","513","92","22","4","3","0"
"경상북도 포항시 남구 대이동(4711159000)","10,287","3,143","2,453","2,092","2,104","406","64","18","2","2","3"
"경상북도 포항시 북구 (4711300000)","122,782","45,056","33,240","22,340","17,491","3,764","696","151","27","9","8"
"경상북도 포항시 북구 흥해읍(4711325000)","18,142","6,369","5,013","3,401","2,623","596","106","26","3","4","1"
"경상북도 포항시 북구 신광면(4711331000)","1,696","884","545","157","81","18","8","3","0","0","0"
"경상북도 포항시 북구 청하면(4711332000)","2,772","1,491","804","315","112","38","7","4","1","0","0"
"경상북도 포항시 북구 송라면(4711333000)","1,551","912","427","146","44","15","5","2","0","0","0"
"경상북도 포항시 북구 기계면(4711334000)","2,724","1,290","943","296","117","53","22","2","0","0","1"
"경상북도 포항시 북구 죽장면(4711335000)","1,382","818","428","100","24","7","1","3","1","0","0"
"경상북도 포항시 북구 죽장면상옥출장소(4711335500)","359","176","135","33","11","4","0","0","0","0","0"
"경상북도 포항시 북구 기북면(4711336000)","760","388","255","77","25","9","6","0","0","0","0"
"경상북도 포항시 북구 중앙동(4711352000)","8,793","4,761","2,281","1,062","521","133","24","8","2","0","1"
"경상북도 포항시 북구 양학동(4711363000)","6,926","1,904","2,022","1,497","1,208","251","33","7","2","1","1"
"경상북도 포항시 북구 죽도동(4711365500)","11,528","6,407","2,937","1,350","628","145","44","17","0","0","0"
"경상북도 포항시 북구 용흥동(4711366500)","9,526","2,884","3,019","1,918","1,351","284","58","10","0","2","0"
"경상북도 포항시 북구 우창동(4711368000)","14,151","4,418","3,762","2,997","2,468","426","67","9","3","0","1"
"경상북도 포항시 북구 두호동(4711369000)","9,227","2,251","2,792","2,086","1,637","378","69","10","3","1","0"
"경상북도 포항시 북구 장량동(4711370000)","29,299","8,944","6,762","6,084","5,954","1,278","219","45","10","1","2"
"경상북도 포항시 북구 환여동(4711371000)","3,946","1,159","1,115","821","687","129","27","5","2","0","1"
"경상북도 경주시 (4713000000)","123,071","53,763","33,004","18,590","13,477","3,349","690","149","29","12","8"
"경상북도 경주시 감포읍(4713025000)","3,189","1,798","871","319","138","42","16","4","1","0","0"
"경상북도 경주시 안강읍(4713025300)","12,102","5,371","3,519","1,695","1,111","313","74","17","1","1","0"
"경상북도 경주시 건천읍(4713025600)","5,085","2,544","1,528","570","320","100","19","3","1","0","0"
"경상북도 경주시 외동읍(4713025900)","11,853","5,818","3,331","1,547","849","225","68","13","0","2","0"
"경상북도 경주시 문무대왕면(4713031500)","2,307","1,170","639","303","137","40","17","1","0","0","0"
"경상북도 경주시 양남면(4713032000)","3,489","1,816","971","394","228","62","12","5","1","0","0"
"경상북도 경주시 내남면(4713033000)","2,674","1,406","813","272","112","45","20","5","1","0","0"
"경상북도 경주시 산내면(4713034000)","2,048","1,193","631","159","38","20","3","4","0","0","0"
"경상북도 경주시 서면(4713035000)","1,813","953","569","187","74","18","7","4","1","0","0"
"경상북도 경주시 현곡면(4713036000)","8,469","2,102","2,302","1,877","1,694","406","74","6","5","1","2"
"경상북도 경주시 강동면(4713037000)","3,452","1,807","1,020","372","178","57","13","2","2","0","1"
"경상북도 경주시 천북면(4713038000)","2,975","1,424","841","440","189","58","14","6","1","1","1"
"경상북도 경주시 중부동(4713051500)","2,870","1,546","746","335","181","48","9","5","0","0","0"
"경상북도 경주시 황오동(4713053000)","3,536","1,866","966","419","207","53","20","4","0","0","1"
"경상북도 경주시 성건동(4713055000)","7,701","4,221","1,921","889","493","133","32","10","0","2","0"
"경상북도 경주시 황남동(4713057000)","2,550","1,376","692","292","135","40","8","3","1","1","2"
"경상북도 경주시 선도동(4713059000)","6,519","2,547","1,463","1,183","1,029","247","39","10","1","0","0"
"경상북도 경주시 월성동(4713060500)","2,911","1,276","854","399","285","72","20","5","0","0","0"
"경상북도 경주시 용강동(4713061500)","9,700","2,883","2,304","2,036","2,002","402","61","8","3","1","0"
"경상북도 경주시 황성동(4713062100)","11,238","3,201","2,660","2,421","2,361","505","77","10","2","1","0"
"경상북도 경주시 동천동(4713063000)","10,449","4,360","2,687","1,704","1,283","337","56","15","6","1","0"
"경상북도 경주시 불국동(4713065000)","5,140","2,519","1,423","669","380","113","26","6","2","1","1"
"경상북도 경주시 보덕동(4713066000)","1,001","566","253","108","53","13","5","3","0","0","0"
"경상북도 김천시 (4715000000)","68,393","30,274","18,088","10,044","7,411","2,023","418","88","21","8","18"
"경상북도 김천시 아포읍(4715025000)","3,990","1,789","1,190","587","310","82","23","5","1","1","2"
"경상북도 김천시 농소면(4715031000)","1,578","740","448","215","104","52","15","3","1","0","0"
"경상북도 김천시 남면(4715032000)","1,715","900","483","203","84","31","9","2","1","1","1"
"경상북도 김천시 개령면(4715034000)","1,251","551","409","174","82","26","6","2","1","0","0"
"경상북도 김천시 감문면(4715035000)","1,852","932","619","173","80","40","7","1","0","0","0"
"경상북도 김천시 어모면(4715036000)","2,106","1,049","626","256","120","35","11","4","1","0","4"
"경상북도 김천시 봉산면(4715037000)","1,572","657","561","205","95","37","13","4","0","0","0"
"경상북도 김천시 대항면(4715038000)","1,754","810","563","205","110","44","13","3","2","2","2"
"경상북도 김천시 감천면(4715039000)","981","421","323","130","72","24","7","3","1","0","0"
"경상북도 김천시 조마면(4715040000)","1,160","530","397","135","56","30","11","0","0","1","0"
"경상북도 김천시 구성면(4715041000)","1,632","892","498","146","61","27","6","2","0","0","0"
"경상북도 김천시 지례면(4715042000)","905","481","300","72","35","9","7","1","0","0","0"
"경상북도 김천시 부항면(4715043000)","740","408","230","59","27","14","1","1","0","0","0"
"경상북도 김천시 대덕면(4715044000)","1,420","860","380","105","55","12","8","0","0","0","0"
"경상북도 김천시 증산면(4715045000)","632","369","194","49","13","3","2","0","0","0","2"
"경상북도 김천시 자산동(4715051600)","3,671","1,909","1,043","428","213","55","19","2","1","1","0"
"경상북도 김천시 평화남산동(4715053600)","4,190","2,223","1,132","499","236","72","20","6","2","0","0"
"경상북도 김천시 양금동(4715056500)","2,001","913","643","243","141","44","16","0","1","0","0"
"경상북도 김천시 대신동(4715057500)","11,457","4,663","2,661","1,907","1,701","426","75","14","5","2","3"
"경상북도 김천시 대곡동(4715059500)","9,493","3,988","2,403","1,549","1,157","314","68","13","0","0","1"
"경상북도 김천시 지좌동(4715061000)","5,249","2,277","1,353","799","589","193","27","9","0","0","2"
"경상북도 김천시 율곡동(4715064000)","9,044","2,912","1,632","1,905","2,070","453","54","13","4","0","1"
"경상북도 안동시 (4717000000)","77,666","34,949","21,144","10,709","7,902","2,293","506","113","31","7","12"
"경상북도 안동시 풍산읍(4717025000)","3,550","1,821","1,099","341","171","77","26","11","3","0","1"
"경상북도 안동시 와룡면(4717031000)","2,115","986","713","236","113","46","13","4","2","0","2"
"경상북도 안동시 북후면(4717032000)","1,735","946","524","171","60","21","10","2","0","0","1"
"경상북도 안동시 서후면(4717033000)","1,912","1,014","587","190","71","34","10","3","1","0","2"
"경상북도 안동시 풍천면(4717034000)","4,042","2,312","998","372","247","86","20","6","1","0","0"
"경상북도 안동시 일직면(4717035000)","1,508","745","508","157","65","21","10","1","1","0","0"
"경상북도 안동시 남후면(4717036000)","988","506","335","92","34","8","9","2","0","0","2"
"경상북도 안동시 남선면(4717037000)","1,128","524","384","128","68","15","6","3","0","0","0"
"경상북도 안동시 임하면(4717038000)","1,728","1,062","430","132","57","34","11","1","1","0","0"
"경상북도 안동시 길안면(4717039000)","1,629","913","495","143","45","22","9","1","1","0","0"
"경상북도 안동시 임동면(4717040000)","1,031","563","325","98","27","14","3","1","0","0","0"
"경상북도 안동시 예안면(4717041000)","1,066","556","358","86","45","15","4","2","0","0","0"
"경상북도 안동시 도산면(4717042000)","939","479","335","86","27","7","5","0","0","0","0"
"경상북도 안동시 녹전면(4717043000)","972","456","352","116","33","9","4","1","1","0","0"
"경상북도 안동시 중구동(4717051000)","2,911","1,695","643","312","174","62","18","5","1","0","1"
"경상북도 안동시 명륜동(4717052000)","2,464","1,095","708","347","236","58","13","4","2","1","0"
"경상북도 안동시 용상동(4717055500)","10,459","4,616","2,466","1,602","1,333","364","64","7","4","2","1"
"경상북도 안동시 서구동(4717058500)","4,354","1,988","1,109","565","483","153","38","15","2","1","0"
"경상북도 안동시 태화동(4717060000)","6,490","2,879","1,808","945","653","159","36","8","1","1","0"
"경상북도 안동시 평화동(4717062000)","2,993","1,208","875","483","298","102","20","5","2","0","0"
"경상북도 안동시 안기동(4717063000)","2,820","990","895","496","326","90","17","4","2","0","0"
"경상북도 안동시 옥동(4717065000)","9,523","3,622","2,433","1,583","1,447","365","66","6","1","0","0"
"경상북도 안동시 송하동(4717066000)","7,089","2,657","1,775","1,226","1,047","312","55","11","3","2","1"
"경상북도 안동시 강남동(4717069000)","4,220","1,316","989","802","842","219","39","10","2","0","1"
"경상북도 구미시 (4719000000)","182,645","71,258","40,095","33,328","30,402","6,332","962","178","59","19","12"
"경상북도 구미시 선산읍(4719025000)","6,757","2,543","2,034","1,158","715","229","57","14","2","1","4"
"경상북도 구미시 고아읍(4719025300)","14,879","3,611","4,022","3,394","3,094","641","90","15","9","3","0"
"경상북도 구미시 산동읍(4719025600)","10,413","2,975","2,007","2,422","2,492","450","50","11","3","2","1"
"경상북도 구미시 무을면(4719031000)","1,026","495","366","99","40","16","7","2","0","1","0"
"경상북도 구미시 옥성면(4719032000)","925","446","308","117","35","12","3","1","0","1","2"
"경상북도 구미시 도개면(4719033000)","1,155","527","410","133","37","27","14","3","3","1","0"
"경상북도 구미시 해평면(4719034000)","2,153","992","724","268","107","49","11","2","0","0","0"
"경상북도 구미시 장천면(4719036000)","1,575","705","497","223","102","34","9","4","0","1","0"
"경상북도 구미시 송정동(4719051000)","10,790","4,030","2,740","2,025","1,584","331","60","13","5","1","1"
"경상북도 구미시 원평동(4719053500)","4,282","3,030","751","320","135","34","10","2","0","0","0"
"경상북도 구미시 도량동(4719055100)","11,875","3,325","3,230","2,576","2,201","461","75","5","2","0","0"
"경상북도 구미시 지산동(4719055500)","1,070","447","345","147","96","27","4","2","2","0","0"
"경상북도 구미시 선주원남동(4719056500)","16,395","5,799","3,480","3,214","3,157","634","91","17","0","2","1"
"경상북도 구미시 형곡1동(4719058200)","5,882","1,801","1,542","1,243","1,029","225","30","5","6","0","1"
"경상북도 구미시 형곡2동(4719058300)","7,169","2,401","1,880","1,484","1,132","214","42","10","4","2","0"
"경상북도 구미시 신평1동(4719059000)","1,938","1,190","393","189","129","29","7","0","1","0","0"
"경상북도 구미시 신평2동(4719060000)","1,503","658","358","270","170","42","5","0","0","0","0"
"경상북도 구미시 비산동(4719061000)","5,509","1,791","1,285","1,204","1,011","191","22","3","2","0","0"
"경상북도 구미시 광평동(4719063000)","2,098","965","491","316","264","48","12","0","2","0","0"
"경상북도 구미시 상모사곡동(4719064500)","13,145","4,757","2,661","2,653","2,519","468","69","15","3","0","0"
"경상북도 구미시 임오동(4719066000)","7,433","2,262","1,510","1,632","1,619","357","42","7","4","0","0"
"경상북도 구미시 인동동(4719067000)","22,562","10,551","4,078","3,493","3,523","769","115","25","6","1","1"
"경상북도 구미시 진미동(4719068000)","11,243","8,250","1,525","757","555","129","20","5","0","2","0"
"경상북도 구미시 양포동(4719069000)","18,699","6,679","3,016","3,638","4,364","867","111","17","5","1","1"
"경상북도 구미시 공단동(4719070000)","2,169","1,028","442","353","292","48","6","0","0","0","0"
"경상북도 영주시 (4721000000)","50,271","21,889","14,561","6,962","4,899","1,566","302","64","18","5","5"
"경상북도 영주시 풍기읍(4721025000)","5,473","2,567","1,662","652","391","148","41","8","4","0","0"
"경상북도 영주시 이산면(4721031000)","1,197","531","395","167","61","32","8","3","0","0","0"
"경상북도 영주시 평은면(4721032000)","787","377","269","89","32","12","5","2","1","0","0"
"경상북도 영주시 문수면(4721033000)","1,116","611","325","97","48","22","9","3","0","1","0"
"경상북도 영주시 장수면(4721034000)","1,163","563","365","141","60","25","5","1","2","1","0"
"경상북도 영주시 안정면(4721035000)","1,583","739","520","201","65","34","19","4","1","0","0"
"경상북도 영주시 봉현면(4721036000)","1,404","591","521","161","89","28","12","1","0","1","0"
"경상북도 영주시 순흥면(4721037000)","1,121","527","407","130","43","7","5","1","1","0","0"
"경상북도 영주시 단산면(4721038000)","1,075","560","358","98","38","17","4","0","0","0","0"
"경상북도 영주시 부석면(4721039000)","1,688","800","622","165","69","24","5","2","0","0","1"
"경상북도 영주시 상망동(4721051000)","3,467","1,405","960","507","421","149","20","5","0","0","0"
"경상북도 영주시 하망동(4721052500)","2,889","1,222","808","432","293","110","21","1","1","0","1"
"경상북도 영주시 영주1동(4721055000)","2,228","1,252","561","220","128","48","14","2","2","0","1"
"경상북도 영주시 영주2동(4721056000)","2,549","1,163","792","316","193","64","19","2","0","0","0"
"경상북도 영주시 휴천1동(4721059000)","2,796","947","783","487","402","147","19","8","3","0","0"
"경상북도 영주시 휴천2동(4721060000)","5,030","2,250","1,519","684","425","125","19","7","0","1","0"
"경상북도 영주시 휴천3동(4721061000)","3,549","1,328","1,082","601","414","103","15","5","1","0","0"
"경상북도 영주시 가흥1동(4721062000)","6,735","2,693","1,414","1,127","1,167","282","43","7","2","0","0"
"경상북도 영주시 가흥2동(4721063000)","4,421","1,763","1,198","687","560","189","19","2","0","1","2"
"경상북도 영천시 (4723000000)","53,904","26,711","14,685","6,772","4,177","1,184","272","67","18","4","14"
"경상북도 영천시 금호읍(4723025000)","6,162","3,448","1,591","643","344","101","25","7","2","1","0"
"경상북도 영천시 청통면(4723031000)","2,311","1,218","709","224","103","40","10","2","4","0","1"
"경상북도 영천시 신녕면(4723032000)","2,275","1,313","625","213","84","28","10","1","1","0","0"
"경상북도 영천시 화산면(4723033000)","1,816","1,037","517","173","62","14","7","1","0","1","4"
"경상북도 영천시 화북면(4723034000)","1,312","744","398","101","42","18","4","3","1","0","1"
"경상북도 영천시 화남면(4723035000)","1,880","974","635","176","63","22","4","4","1","0","1"
"경상북도 영천시 자양면(4723036000)","758","446","225","57","20","6","3","0","1","0","0"
"경상북도 영천시 임고면(4723037000)","2,351","1,134","828","220","126","27","11","5","0","0","0"
"경상북도 영천시 고경면(4723038000)","3,363","1,957","895","292","140","62","16","1","0","0","0"
"경상북도 영천시 북안면(4723039000)","2,622","1,504","782","216","73","30","8","5","0","0","4"
"경상북도 영천시 대창면(4723040000)","1,848","1,028","532","186","63","23","9","2","3","0","2"
"경상북도 영천시 동부동(4723051000)","13,096","5,338","3,259","2,253","1,713","426","90","14","3","0","0"
"경상북도 영천시 중앙동(4723052000)","4,628","1,981","1,227","704","507","160","35","11","1","2","0"
"경상북도 영천시 서부동(4723053500)","2,732","1,565","665","305","136","52","8","1","0","0","0"
"경상북도 영천시 완산동(4723054000)","4,354","1,647","1,202","759","569","143","27","7","0","0","0"
"경상북도 영천시 남부동(4723055500)","2,396","1,377","595","250","132","32","5","3","1","0","1"
"경상북도 상주시 (4725000000)","48,965","22,713","14,453","6,141","3,863","1,322","325","104","21","7","16"
"경상북도 상주시 함창읍(4725025000)","3,392","1,672","1,026","384","207","67","22","8","3","1","2"
"경상북도 상주시 중동면(4725031000)","785","400","258","72","36","12","4","3","0","0","0"
"경상북도 상주시 사벌국면(4725032500)","2,072","1,028","671","191","103","49","20","9","0","0","1"
"경상북도 상주시 낙동면(4725033000)","1,657","865","516","158","78","29","5","3","0","1","2"
"경상북도 상주시 낙동면동부출장소(4725033500)","562","305","170","51","21","9","4","2","0","0","0"
"경상북도 상주시 청리면(4725034000)","1,409","690","453","157","68","27","10","3","1","0","0"
"경상북도 상주시 공성면(4725035000)","2,141","1,039","731","228","95","33","9","3","1","0","2"
"경상북도 상주시 외남면(4725036000)","880","428","266","118","45","16","4","2","1","0","0"
"경상북도 상주시 내서면(4725037000)","1,062","527","349","117","48","10","5","3","2","0","1"
"경상북도 상주시 모동면(4725038000)","1,328","578","477","141","88","32","9","3","0","0","0"
"경상북도 상주시 모서면(4725039000)","959","472","321","97","43","22","3","1","0","0","0"
"경상북도 상주시 모서면서부출장소(4725039500)","426","228","127","35","22","11","2","1","0","0","0"
"경상북도 상주시 화동면(4725040000)","1,071","508","375","112","46","23","3","3","1","0","0"
"경상북도 상주시 화서면(4725041000)","1,489","713","477","155","85","37","15","5","1","1","0"
"경상북도 상주시 화북면(4725042000)","671","334","213","75","30","15","4","0","0","0","0"
"경상북도 상주시 화북면서부출장소(4725042600)","203","124","59","13","3","3","0","0","1","0","0"
"경상북도 상주시 외서면(4725043000)","1,475","731","497","132","67","29","16","3","0","0","0"
"경상북도 상주시 은척면(4725044000)","669","343","232","61","22","9","1","1","0","0","0"
"경상북도 상주시 은척면북부출장소(4725044500)","224","115","83","13","10","0","3","0","0","0","0"
"경상북도 상주시 공검면(4725045000)","1,200","617","391","112","46","18","12","3","0","1","0"
"경상북도 상주시 이안면(4725046000)","1,154","608","386","87","45","18","3","5","0","0","2"
"경상북도 상주시 화남면(4725047000)","486","291","134","32","17","7","2","2","0","1","0"
"경상북도 상주시 남원동(4725052000)","5,368","2,105","1,488","894","642","186","42","8","2","0","1"
"경상북도 상주시 북문동(4725053000)","4,427","1,907","1,173","648","510","148","24","11","3","0","3"
"경상북도 상주시 계림동(4725054000)","4,273","1,937","1,073","625","435","160","35","4","2","1","1"
"경상북도 상주시 동문동(4725055000)","3,791","1,609","1,049","584","379","137","26","7","0","0","0"
"경상북도 상주시 동성동(4725056000)","1,732","789","468","236","165","57","14","3","0","0","0"
"경상북도 상주시 신흥동(4725057000)","4,059","1,750","990","613","507","158","28","8","3","1","1"
"경상북도 문경시 (4728000000)","37,069","17,911","10,472","4,427","2,868","1,050","243","65","19","7","7"
"경상북도 문경시 문경읍(4728025000)","3,188","1,620","956","353","157","73","17","10","1","0","1"
"경상북도 문경시 문경읍갈평출장소(4728025100)","581","266","191","65","34","21","3","1","0","0","0"
"경상북도 문경시 가은읍(4728025300)","1,858","995","570","167","74","43","7","0","1","1","0"
"경상북도 문경시 가은읍북부출장소(4728025400)","536","347","135","24","17","8","2","1","0","1","1"
"경상북도 문경시 영순면(4728031000)","1,495","855","441","113","63","15","7","1","0","0","0"
"경상북도 문경시 산양면(4728032000)","1,743","902","561","163","60","39","10","4","2","0","2"
"경상북도 문경시 호계면(4728033000)","1,497","901","390","111","66","20","7","2","0","0","0"
"경상북도 문경시 산북면(4728034000)","1,649","901","492","165","61","21","6","2","1","0","0"
"경상북도 문경시 동로면(4728035000)","1,171","626","380","91","34","28","11","1","0","0","0"
"경상북도 문경시 마성면(4728036000)","2,147","1,241","601","166","92","36","8","3","0","0","0"
"경상북도 문경시 농암면(4728037000)","1,595","891","513","113","48","22","5","1","1","1","0"
"경상북도 문경시 점촌1동(4728057000)","2,828","1,206","853","411","250","75","23","4","4","0","2"
"경상북도 문경시 점촌2동(4728058000)","3,648","1,771","1,032","437","257","108","35","6","0","1","1"
"경상북도 문경시 점촌3동(4728059000)","4,346","1,790","1,272","650","442","161","20","6","4","1","0"
"경상북도 문경시 점촌4동(4728060000)","1,792","947","525","185","88","32","8","5","1","1","0"
"경상북도 문경시 점촌5동(4728061000)","6,995","2,652","1,560","1,213","1,125","348","74","18","4","1","0"
"경상북도 경산시 (4729000000)","124,869","51,541","30,939","21,141","16,356","3,964","719","154","29","11","15"
"경상북도 경산시 하양읍(4729025000)","12,757","5,141","3,049","2,214","1,746","488","97","16","2","2","2"
"경상북도 경산시 진량읍(4729025300)","17,042","7,589","4,064","2,675","2,115","504","73","18","1","0","3"
"경상북도 경산시 압량읍(4729025600)","10,506","5,166","2,299","1,557","1,165","250","54","11","2","1","1"
"경상북도 경산시 와촌면(4729031000)","3,004","1,431","926","393","171","52","24","1","2","0","4"
"경상북도 경산시 자인면(4729033000)","2,936","1,431","879","350","201","50","18","5","1","1","0"
"경상북도 경산시 용성면(4729034000)","1,825","922","572","217","66","27","15","5","0","0","1"
"경상북도 경산시 남산면(4729035000)","1,950","904","618","243","119","50","11","3","1","0","1"
"경상북도 경산시 남천면(4729037000)","1,541","715","499","174","102","40","7","2","0","1","1"
"경상북도 경산시 중방동(4729051000)","4,738","2,103","1,203","782","507","113","18","10","1","1","0"
"경상북도 경산시 중앙동(4729052000)","3,520","1,905","825","445","276","52","15","1","1","0","0"
"경상북도 경산시 남부동(4729053000)","8,522","2,757","2,300","1,724","1,351","326","47","14","2","1","0"
"경상북도 경산시 서부1동(4729054100)","15,329","5,361","3,862","2,911","2,420","621","125","25","3","1","0"
"경상북도 경산시 서부2동(4729054200)","14,033","3,148","3,963","3,394","2,871","548","85","18","5","1","0"
"경상북도 경산시 북부동(4729055000)","9,766","6,178","1,723","1,000","694","140","23","6","2","0","0"
"경상북도 경산시 동부동(4729056000)","17,400","6,790","4,157","3,062","2,552","703","107","19","6","2","2"
"경상북도 군위군 (4772000000)","13,258","6,970","4,123","1,339","558","204","53","5","1","0","5"
"경상북도 군위군 군위읍(4772025000)","4,292","2,051","1,236","559","310","109","24","1","1","0","1"
"경상북도 군위군 소보면(4772031000)","1,410","815","429","109","37","16","3","1","0","0","0"
"경상북도 군위군 효령면(4772032000)","2,154","1,111","685","227","83","31","15","2","0","0","0"
"경상북도 군위군 부계면(4772033000)","1,184","645","380","112","30","10","3","0","0","0","4"
"경상북도 군위군 우보면(4772034000)","1,210","678","405","84","26","13","4","0","0","0","0"
"경상북도 군위군 의흥면(4772035000)","1,416","737","491","132","41","13","2","0","0","0","0"
"경상북도 군위군 산성면(4772036000)","748","434","230","59","16","8","0","1","0","0","0"
"경상북도 군위군 삼국유사면(4772038000)","844","499","267","57","15","4","2","0","0","0","0"
"경상북도 의성군 (4773000000)","28,798","14,812","9,196","2,782","1,310","497","149","39","8","1","4"
"경상북도 의성군 의성읍(4773025000)","6,673","3,158","1,928","811","520","197","43","12","0","0","4"
"경상북도 의성군 단촌면(4773031000)","1,163","621","393","102","30","12","4","1","0","0","0"
"경상북도 의성군 점곡면(4773032000)","988","552","315","74","33","7","6","1","0","0","0"
"경상북도 의성군 옥산면(4773033000)","999","484","364","100","30","14","6","1","0","0","0"
"경상북도 의성군 사곡면(4773034000)","956","512","338","75","21","6","4","0","0","0","0"
"경상북도 의성군 춘산면(4773035000)","806","372","312","69","28","17","7","0","1","0","0"
"경상북도 의성군 가음면(4773036000)","859","448","300","67","22","15","5","2","0","0","0"
"경상북도 의성군 금성면(4773037000)","2,491","1,350","796","208","78","43","8","4","4","0","0"
"경상북도 의성군 봉양면(4773038000)","2,259","1,252","646","215","99","31","12","3","0","1","0"
"경상북도 의성군 비안면(4773039000)","1,537","813","525","124","49","18","4","4","0","0","0"
"경상북도 의성군 구천면(4773040000)","1,004","501","339","106","38","13","7","0","0","0","0"
"경상북도 의성군 단밀면(4773041000)","977","485","341","98","38","9","4","0","2","0","0"
"경상북도 의성군 단북면(4773042000)","1,028","517","350","101","41","16","2","1","0","0","0"
"경상북도 의성군 안계면(4773043000)","2,525","1,324","713","267","143","55","17","5","1","0","0"
"경상북도 의성군 다인면(4773044000)","2,202","1,133","755","187","90","24","10","3","0","0","0"
"경상북도 의성군 신평면(4773045000)","514","281","185","33","8","3","3","1","0","0","0"
"경상북도 의성군 안평면(4773046000)","1,275","670","440","113","31","14","6","1","0","0","0"
"경상북도 의성군 안사면(4773047000)","542","339","156","32","11","3","1","0","0","0","0"
"경상북도 청송군 (4775000000)","14,029","7,345","4,326","1,365","690","211","67","15","5","0","5"
"경상북도 청송군 청송읍(4775025000)","2,665","1,266","755","350","221","51","16","4","1","0","1"
"경상북도 청송군 주왕산면(4775031500)","1,086","583","355","97","35","12","4","0","0","0","0"
"경상북도 청송군 부남면(4775032000)","1,429","733","492","123","49","21","5","4","2","0","0"
"경상북도 청송군 현동면(4775033000)","1,189","631","358","116","56","19","6","1","0","0","2"
"경상북도 청송군 현서면(4775034000)","1,435","703","532","118","46","28","7","1","0","0","0"
"경상북도 청송군 안덕면(4775035000)","1,576","884","504","111","49","17","9","2","0","0","0"
"경상북도 청송군 파천면(4775036000)","1,050","588","313","99","32","9","7","1","1","0","0"
"경상북도 청송군 진보면(4775037000)","3,599","1,957","1,017","351","202","54","13","2","1","0","2"
"경상북도 영양군 (4776000000)","9,055","4,599","2,834","841","522","197","43","9","4","0","6"
"경상북도 영양군 영양읍(4776025000)","3,713","1,819","1,037","403","312","108","26","5","1","0","2"
"경상북도 영양군 입암면(4776031000)","1,210","615","435","91","40","21","5","1","0","0","2"
"경상북도 영양군 청기면(4776032000)","1,011","535","345","85","26","13","6","1","0","0","0"
"경상북도 영양군 일월면(4776033000)","991","490","331","98","45","25","1","1","0","0","0"
"경상북도 영양군 수비면(4776034000)","954","523","281","69","54","19","4","1","2","0","1"
"경상북도 영양군 석보면(4776035000)","1,176","617","405","95","45","11","1","0","1","0","1"
"경상북도 영덕군 (4777000000)","19,895","10,452","5,799","2,074","1,062","370","98","28","6","2","4"
"경상북도 영덕군 영덕읍(4777025000)","5,457","2,584","1,433","763","470","154","38","11","3","0","1"
"경상북도 영덕군 강구면(4777031000)","3,431","1,807","1,030","363","148","57","19","4","2","1","0"
"경상북도 영덕군 남정면(4777032000)","1,458","840","442","119","43","11","2","1","0","0","0"
"경상북도 영덕군 달산면(4777033000)","714","437","200","52","13","8","2","1","0","1","0"
"경상북도 영덕군 지품면(4777034000)","883","477","289","70","33","8","3","2","1","0","0"
"경상북도 영덕군 지품면원전출장소(4777034500)","309","159","109","29","7","2","1","2","0","0","0"
"경상북도 영덕군 축산면(4777035000)","534","291","163","47","24","6","1","2","0","0","0"
"경상북도 영덕군 축산면축산출장소(4777035500)","986","539","301","96","32","15","2","1","0","0","0"
"경상북도 영덕군 영해면(4777036000)","3,406","1,773","966","343","217","86","18","0","0","0","3"
"경상북도 영덕군 병곡면(4777037000)","1,677","953","518","124","53","17","8","4","0","0","0"
"경상북도 영덕군 창수면(4777038000)","1,040","592","348","68","22","6","4","0","0","0","0"
"경상북도 청도군 (4782000000)","23,251","11,980","6,892","2,447","1,340","427","131","21","5","2","6"
"경상북도 청도군 화양읍(4782025000)","3,452","1,448","974","504","369","125","27","3","0","1","1"
"경상북도 청도군 화양읍남성현출장소(4782025100)","647","358","176","63","31","17","2","0","0","0","0"
"경상북도 청도군 청도읍(4782025300)","5,197","2,522","1,416","656","434","117","38","8","2","1","3"
"경상북도 청도군 청도읍유호출장소(4782025400)","926","498","298","72","34","17","5","2","0","0","0"
"경상북도 청도군 각남면(4782031000)","1,288","694","407","125","40","16","6","0","0","0","0"
"경상북도 청도군 풍각면(4782032000)","2,274","1,252","664","220","98","32","7","0","0","0","1"
"경상북도 청도군 각북면(4782033000)","1,366","771","416","114","42","16","5","1","1","0","0"
"경상북도 청도군 이서면(4782034000)","2,518","1,236","822","273","139","35","9","3","1","0","0"
"경상북도 청도군 운문면(4782035000)","1,293","794","356","99","31","9","3","0","0","0","1"
"경상북도 청도군 금천면(4782036000)","2,004","1,128","637","148","51","20","17","3","0","0","0"
"경상북도 청도군 매전면(4782037000)","2,286","1,279","726","173","71","23","12","1","1","0","0"
"경상북도 고령군 (4783000000)","16,556","8,376","4,706","1,868","1,147","345","92","12","5","2","3"
"경상북도 고령군 대가야읍(4783025300)","5,019","2,388","1,310","667","446","165","36","4","3","0","0"
"경상북도 고령군 덕곡면(4783031000)","850","464","268","74","34","7","1","1","1","0","0"
"경상북도 고령군 운수면(4783032000)","1,101","600","362","96","24","10","9","0","0","0","0"
"경상북도 고령군 성산면(4783033000)","1,450","853","371","129","62","21","10","2","1","0","1"
"경상북도 고령군 다산면(4783034000)","4,138","1,809","1,201","572","435","100","19","2","0","0","0"
"경상북도 고령군 개진면(4783035000)","1,214","738","329","97","40","8","1","0","0","1","0"
"경상북도 고령군 우곡면(4783036000)","892","492","275","83","27","9","5","0","0","0","1"
"경상북도 고령군 쌍림면(4783037000)","1,892","1,032","590","150","79","25","11","3","0","1","1"
"경상북도 성주군 (4784000000)","23,621","12,291","6,619","2,596","1,394","501","157","46","12","3","2"
"경상북도 성주군 성주읍(4784025000)","6,672","3,131","1,630","930","672","229","61","14","5","0","0"
"경상북도 성주군 선남면(4784031000)","3,485","1,863","990","385","167","53","16","7","2","2","0"
"경상북도 성주군 용암면(4784032000)","2,163","1,186","667","190","70","34","14","2","0","0","0"
"경상북도 성주군 수륜면(4784033000)","1,940","1,161","547","142","56","17","10","4","1","0","2"
"경상북도 성주군 가천면(4784034000)","1,224","706","354","99","43","16","4","1","0","1","0"
"경상북도 성주군 금수면(4784035000)","772","480","200","64","20","5","2","1","0","0","0"
"경상북도 성주군 대가면(4784036000)","1,372","712","426","133","59","29","9","3","1","0","0"
"경상북도 성주군 벽진면(4784037000)","1,698","865","508","206","74","30","11","2","2","0","0"
"경상북도 성주군 초전면(4784038000)","2,437","1,249","713","255","139","54","17","9","1","0","0"
"경상북도 성주군 월항면(4784039000)","1,858","938","584","192","94","34","13","3","0","0","0"
"경상북도 칠곡군 (4785000000)","53,883","23,261","13,005","8,595","7,053","1,594","298","44","14","6","13"
"경상북도 칠곡군 왜관읍(4785025000)","15,023","5,926","3,913","2,602","1,983","483","95","11","3","2","5"
"경상북도 칠곡군 북삼읍(4785025300)","10,587","3,871","2,484","2,000","1,741","396","80","8","3","2","2"
"경상북도 칠곡군 석적읍(4785025600)","14,471","6,661","2,579","2,220","2,455","478","67","5","4","1","1"
"경상북도 칠곡군 지천면(4785031000)","2,401","1,304","697","267","93","27","8","3","1","0","1"
"경상북도 칠곡군 동명면(4785032000)","2,965","1,498","916","337","156","39","12","4","0","1","2"
"경상북도 칠곡군 가산면(4785033000)","1,993","1,091","570","218","80","21","9","1","1","0","2"
"경상북도 칠곡군 약목면(4785036000)","4,807","2,116","1,402","733","414","113","21","7","1","0","0"
"경상북도 칠곡군 기산면(4785037000)","1,636","794","444","218","131","37","6","5","1","0","0"
"경상북도 예천군 (4790000000)","27,771","12,170","8,326","3,570","2,652","826","172","40","9","2","4"
"경상북도 예천군 예천읍(4790025000)","7,362","3,322","2,185","940","617","236","51","8","1","2","0"
"경상북도 예천군 용문면(4790031000)","1,347","743","423","98","48","23","8","2","2","0","0"
"경상북도 예천군 감천면(4790034000)","1,492","724","552","133","53","19","7","4","0","0","0"
"경상북도 예천군 보문면(4790035000)","963","504","313","86","34","15","8","1","1","0","1"
"경상북도 예천군 호명면(4790036000)","7,961","2,344","1,933","1,606","1,581","407","71","17","2","0","0"
"경상북도 예천군 유천면(4790037000)","1,448","768","433","132","82","24","6","3","0","0","0"
"경상북도 예천군 용궁면(4790038000)","1,383","713","481","111","55","16","5","0","0","0","2"
"경상북도 예천군 개포면(4790039000)","921","497","327","57","31","7","1","1","0","0","0"
"경상북도 예천군 지보면(4790040000)","1,603","840","553","138","44","23","3","2","0","0","0"
"경상북도 예천군 풍양면(4790041000)","1,847","994","620","143","55","27","6","0","1","0","1"
"경상북도 예천군 효자면(4790042000)","692","365","235","60","21","8","1","1","1","0","0"
"경상북도 예천군 은풍면(4790043000)","752","356","271","66","31","21","5","1","1","0","0"
"경상북도 봉화군 (4792000000)","16,882","8,439","5,234","1,714","1,003","341","107","33","6","1","4"
"경상북도 봉화군 봉화읍(4792025000)","4,796","2,187","1,304","622","454","166","49","12","2","0","0"
"경상북도 봉화군 물야면(4792031000)","1,750","873","616","149","75","27","3","4","2","0","1"
"경상북도 봉화군 봉성면(4792032000)","1,139","551","364","126","78","14","4","2","0","0","0"
"경상북도 봉화군 법전면(4792033000)","1,149","598","370","104","44","27","2","4","0","0","0"
"경상북도 봉화군 춘양면(4792034000)","2,491","1,298","789","228","118","34","21","2","1","0","0"
"경상북도 봉화군 소천면(4792035000)","1,341","778","399","92","47","16","7","1","0","0","1"
"경상북도 봉화군 재산면(4792036000)","873","446","310","77","22","7","4","5","1","1","0"
"경상북도 봉화군 명호면(4792037000)","1,259","625","452","107","46","20","7","1","0","0","1"
"경상북도 봉화군 상운면(4792038000)","1,010","511","371","95","20","7","4","2","0","0","0"
"경상북도 봉화군 석포면(4792039000)","1,074","572","259","114","99","23","6","0","0","0","1"
"경상북도 울진군 (4793000000)","25,535","12,914","6,792","2,977","2,093","600","125","21","8","1","4"
"경상북도 울진군 울진읍(4793025000)","6,263","2,457","1,638","935","909","261","47","13","2","0","1"
"경상북도 울진군 평해읍(4793025300)","1,671","972","492","112","73","16","4","0","0","1","1"
"경상북도 울진군 북면(4793031000)","3,398","1,728","669","504","396","88","12","1","0","0","0"
"경상북도 울진군 북면하당출장소(4793031500)","396","197","145","31","18","3","2","0","0","0","0"
"경상북도 울진군 근남면(4793033000)","1,563","827","456","170","72","25","13","0","0","0","0"
"경상북도 울진군 기성면(4793035000)","1,601","994","436","111","33","16","7","3","1","0","0"
"경상북도 울진군 온정면(4793036000)","1,009","560","303","81","43","20","2","0","0","0","0"
"경상북도 울진군 죽변면(4793037000)","3,589","1,990","887","418","216","64","13","1","0","0","0"
"경상북도 울진군 후포면(4793038000)","4,014","2,013","1,146","472","278","82","18","3","1","0","1"
"경상북도 울진군 금강송면(4793039000)","783","432","265","62","14","5","2","0","2","0","1"
"경상북도 울진군 매화면(4793040000)","1,248","744","355","81","41","20","5","0","2","0","0"
"경상북도 울릉군 (4794000000)","5,258","3,161","1,193","470","297","107","24","5","1","0","0"
"경상북도 울릉군 울릉읍(4794025000)","3,699","2,229","812","329","231","77","18","3","0","0","0"
"경상북도 울릉군 서면(4794031000)","463","228","124","66","28","11","3","2","1","0","0"
"경상북도 울릉군 서면태하출장소(4794031500)","278","169","77","17","8","5","2","0","0","0","0"
"경상북도 울릉군 북면(4794032000)","818","535","180","58","30","14","1","0","0","0","0"
"경상남도  (4800000000)","1,505,971","591,541","381,435","256,095","213,067","51,759","9,323","1,938","483","130","200"
"경상남도 창원시 (4812000000)","451,940","163,621","111,428","85,451","72,394","15,797","2,554","503","113","40","39"
"경상남도 창원시 의창구 (4812100000)","95,630","34,624","23,655","18,295","15,111","3,283","508","116","24","5","9"
"경상남도 창원시 의창구 동읍(4812125000)","9,069","3,508","2,453","1,569","1,150","309","59","19","2","0","0"
"경상남도 창원시 의창구 북면(4812131000)","16,676","3,945","4,343","3,943","3,600","718","92","18","7","3","7"
"경상남도 창원시 의창구 대산면(4812132000)","3,673","1,658","1,105","544","247","89","25","5","0","0","0"
"경상남도 창원시 의창구 의창동(4812151000)","21,116","6,871","5,154","4,281","3,879","810","92","25","3","1","0"
"경상남도 창원시 의창구 팔룡동(4812152000)","11,008","3,761","2,491","2,315","2,033","355","42","8","3","0","0"
"경상남도 창원시 의창구 명곡동(4812153000)","18,171","6,608","4,544","3,456","2,752","647","128","27","6","1","2"
"경상남도 창원시 의창구 봉림동(4812154000)","15,917","8,273","3,565","2,187","1,450","355","70","14","3","0","0"
"경상남도 창원시 성산구 (4812300000)","105,052","34,805","23,780","22,004","20,087","3,704","528","98","31","11","4"
"경상남도 창원시 성산구 반송동(4812351000)","15,461","3,647","3,638","3,631","3,705","696","114","16","11","3","0"
"경상남도 창원시 성산구 용지동(4812351500)","13,296","5,166","3,123","2,507","2,053","383","56","7","1","0","0"
"경상남도 창원시 성산구 중앙동(4812352000)","17,890","9,522","3,218","2,604","2,096","374","59","10","5","1","1"
"경상남도 창원시 성산구 상남동(4812353000)","10,693","2,726","2,492","2,541","2,397","465","56","12","3","1","0"
"경상남도 창원시 성산구 사파동(4812354000)","18,521","5,863","4,447","3,950","3,483","657","96","20","2","2","1"
"경상남도 창원시 성산구 가음정동(4812355000)","16,000","4,420","3,737","3,725","3,476","561","61","16","4","0","0"
"경상남도 창원시 성산구 성주동(4812356000)","9,719","2,127","2,254","2,422","2,377","455","65","12","4","2","1"
"경상남도 창원시 성산구 웅남동(4812357000)","3,472","1,334","871","624","500","113","21","5","1","2","1"
"경상남도 창원시 마산합포구 (4812500000)","84,087","33,630","22,104","14,400","10,723","2,590","497","103","17","7","16"
"경상남도 창원시 마산합포구 구산면(4812531000)","2,322","1,174","703","280","109","36","13","4","0","1","2"
"경상남도 창원시 마산합포구 진동면(4812532000)","5,528","2,168","1,483","892","721","203","46","11","1","1","2"
"경상남도 창원시 마산합포구 진북면(4812533000)","1,757","871","552","196","97","31","6","1","0","1","2"
"경상남도 창원시 마산합포구 진전면(4812534000)","2,180","1,110","716","229","78","27","15","0","2","1","2"
"경상남도 창원시 마산합포구 현동(4812551000)","5,681","1,641","1,420","1,191","1,135","246","37","10","1","0","0"
"경상남도 창원시 마산합포구 가포동(4812552000)","942","567","232","83","41","15","4","0","0","0","0"
"경상남도 창원시 마산합포구 월영동(4812553000)","16,851","4,515","4,301","3,899","3,316","693","101","18","4","1","3"
"경상남도 창원시 마산합포구 문화동(4812554000)","5,767","2,829","1,501","795","496","108","28","9","0","0","1"
"경상남도 창원시 마산합포구 반월중앙동(4812556500)","6,465","2,389","1,719","1,152","927","223","42","12","0","0","1"
"경상남도 창원시 마산합포구 완월동(4812557000)","4,065","1,460","1,210","727","493","128","35","6","4","1","1"
"경상남도 창원시 마산합포구 자산동(4812558000)","4,795","1,824","1,405","839","543","150","26","7","1","0","0"
"경상남도 창원시 마산합포구 교방동(4812561000)","7,247","2,737","1,862","1,345","969","279","49","5","0","0","1"
"경상남도 창원시 마산합포구 오동동(4812563000)","10,552","5,624","2,511","1,306","847","216","38","7","2","1","0"
"경상남도 창원시 마산합포구 합포동(4812564000)","3,811","1,881","921","565","345","73","19","5","2","0","0"
"경상남도 창원시 마산합포구 산호동(4812565000)","6,124","2,840","1,568","901","606","162","38","8","0","0","1"
"경상남도 창원시 마산회원구 (4812700000)","82,405","29,567","21,383","15,501","12,538","2,845","455","88","15","10","3"
"경상남도 창원시 마산회원구 내서읍(4812725000)","25,042","6,830","6,195","5,399","5,293","1,146","139","30","7","3","0"
"경상남도 창원시 마산회원구 회원1동(4812751000)","5,170","2,333","1,455","791","440","122","26","2","1","0","0"
"경상남도 창원시 마산회원구 회원2동(4812752000)","4,598","1,699","1,311","819","596","145","20","7","1","0","0"
"경상남도 창원시 마산회원구 석전동(4812754500)","7,894","3,144","2,144","1,408","919","231","34","12","2","0","0"
"경상남도 창원시 마산회원구 회성동(4812755000)","3,098","1,418","902","476","216","57","26","1","0","1","1"
"경상남도 창원시 마산회원구 양덕1동(4812756000)","5,436","2,457","1,387","862","543","152","25","9","1","0","0"
"경상남도 창원시 마산회원구 양덕2동(4812757000)","11,884","2,738","3,088","2,741","2,657","538","102","16","0","4","0"
"경상남도 창원시 마산회원구 합성1동(4812758000)","4,553","2,024","1,145","725","513","127","15","3","0","0","1"
"경상남도 창원시 마산회원구 합성2동(4812759000)","4,193","2,328","975","500","282","77","23","5","2","1","0"
"경상남도 창원시 마산회원구 구암1동(4812760000)","4,315","1,777","1,244","730","438","106","19","0","0","1","0"
"경상남도 창원시 마산회원구 구암2동(4812761000)","4,374","1,763","1,128","819","523","117","21","2","0","0","1"
"경상남도 창원시 마산회원구 봉암동(4812762000)","1,848","1,056","409","231","118","27","5","1","1","0","0"
"경상남도 창원시 진해구 (4812900000)","84,766","30,995","20,506","15,251","13,935","3,375","566","98","26","7","7"
"경상남도 창원시 진해구 충무동(4812953000)","7,793","3,342","1,798","1,197","1,036","336","63","15","3","1","2"
"경상남도 창원시 진해구 여좌동(4812954000)","4,362","2,046","1,214","588","377","108","22","6","0","1","0"
"경상남도 창원시 진해구 태백동(4812955000)","2,188","1,067","611","279","169","47","12","3","0","0","0"
"경상남도 창원시 진해구 경화동(4812956000)","4,624","1,353","1,313","971","765","190","30","1","1","0","0"
"경상남도 창원시 진해구 병암동(4812957000)","3,403","1,333","903","559","469","100","35","3","1","0","0"
"경상남도 창원시 진해구 석동(4812958000)","7,136","2,439","1,458","1,304","1,495","359","64","10","5","1","1"
"경상남도 창원시 진해구 이동(4812959000)","4,729","2,524","1,200","540","327","102","31","5","0","0","0"
"경상남도 창원시 진해구 자은동(4812960000)","8,849","2,829","2,157","1,814","1,647","356","41","4","1","0","0"
"경상남도 창원시 진해구 덕산동(4812961000)","4,204","1,282","1,133","808","777","168","27","7","1","0","1"
"경상남도 창원시 진해구 풍호동(4812962000)","9,136","1,607","2,300","2,200","2,383","546","78","16","4","2","0"
"경상남도 창원시 진해구 웅천동(4812963000)","5,398","1,643","1,422","1,146","925","224","29","7","1","1","0"
"경상남도 창원시 진해구 웅동1동(4812964000)","3,113","1,127","891","551","419","99","19","5","0","0","2"
"경상남도 창원시 진해구 웅동2동(4812965000)","19,831","8,403","4,106","3,294","3,146","740","115","16","9","1","1"
"경상남도 진주시 (4817000000)","157,292","62,119","38,917","26,913","22,225","5,825","1,038","190","38","10","17"
"경상남도 진주시 문산읍(4817025000)","3,650","1,471","986","582","437","129","33","7","0","0","5"
"경상남도 진주시 내동면(4817031000)","1,634","507","422","299","285","100","16","4","1","0","0"
"경상남도 진주시 정촌면(4817032000)","4,031","1,555","1,075","745","492","130","25","8","1","0","0"
"경상남도 진주시 금곡면(4817033000)","1,235","637","393","112","56","27","6","2","2","0","0"
"경상남도 진주시 진성면(4817035000)","1,078","558","348","104","46","12","8","2","0","0","0"
"경상남도 진주시 일반성면(4817036000)","1,362","660","404","165","83","39","10","1","0","0","0"
"경상남도 진주시 이반성면(4817037000)","1,013","623","273","72","33","9","2","1","0","0","0"
"경상남도 진주시 사봉면(4817038000)","888","480","284","84","25","12","3","0","0","0","0"
"경상남도 진주시 지수면(4817039000)","827","462","225","78","37","17","5","3","0","0","0"
"경상남도 진주시 대곡면(4817040000)","1,813","930","570","196","80","28","5","2","0","0","2"
"경상남도 진주시 금산면(4817041000)","7,911","1,857","2,122","1,673","1,678","455","101","18","3","2","2"
"경상남도 진주시 집현면(4817042000)","2,162","862","621","335","228","89","20","5","1","1","0"
"경상남도 진주시 미천면(4817043000)","936","516","291","81","31","11","4","1","0","0","1"
"경상남도 진주시 명석면(4817044000)","2,149","1,019","692","245","137","42","12","2","0","0","0"
"경상남도 진주시 대평면(4817045000)","568","290","168","62","32","9","5","1","0","0","1"
"경상남도 진주시 수곡면(4817046000)","1,236","630","390","123","63","26","4","0","0","0","0"
"경상남도 진주시 천전동(4817051500)","13,374","5,868","3,309","2,072","1,574","453","85","10","2","0","1"
"경상남도 진주시 성북동(4817055500)","5,956","3,431","1,363","674","358","103","20","4","2","0","1"
"경상남도 진주시 중앙동(4817056500)","6,270","3,488","1,554","697","369","124","35","3","0","0","0"
"경상남도 진주시 상봉동(4817059500)","7,312","3,633","1,910","987","569","164","35","10","3","1","0"
"경상남도 진주시 상대동(4817067300)","9,877","4,682","2,572","1,401","911","256","39","11","2","1","2"
"경상남도 진주시 하대동(4817067800)","11,055","4,243","2,956","1,988","1,406","380","67","13","2","0","0"
"경상남도 진주시 상평동(4817068000)","5,498","2,356","1,435","840","651","174","29","10","2","0","1"
"경상남도 진주시 초장동(4817069500)","9,459","1,888","1,966","2,273","2,589","634","91","14","4","0","0"
"경상남도 진주시 평거동(4817071000)","11,338","3,619","2,758","2,316","2,050","500","80","10","5","0","0"
"경상남도 진주시 신안동(4817071500)","5,312","2,024","1,479","925","651","178","42","7","4","2","0"
"경상남도 진주시 이현동(4817072000)","5,236","1,845","1,404","1,025","709","214","33","5","1","0","0"
"경상남도 진주시 판문동(4817073000)","7,959","1,954","1,892","1,838","1,769","421","70","12","1","1","1"
"경상남도 진주시 가호동(4817074000)","13,855","6,819","2,686","2,147","1,747","386","58","11","1","0","0"
"경상남도 진주시 충무공동(4817075000)","12,298","3,212","2,369","2,774","3,129","703","95","13","1","2","0"
"경상남도 통영시 (4822000000)","59,738","25,139","16,193","8,996","6,971","1,942","388","73","22","4","10"
"경상남도 통영시 산양읍(4822025000)","2,584","1,366","760","264","125","41","22","5","1","0","0"
"경상남도 통영시 용남면(4822031000)","5,182","1,640","1,447","969","809","248","54","9","3","0","3"
"경상남도 통영시 도산면(4822033000)","1,588","802","497","174","70","32","10","3","0","0","0"
"경상남도 통영시 광도면(4822034000)","13,088","4,680","2,960","2,332","2,376","620","92","17","7","3","1"
"경상남도 통영시 욕지면(4822035000)","1,257","779","321","92","48","17","0","0","0","0","0"
"경상남도 통영시 한산면(4822036000)","1,269","783","358","88","23","9","6","1","1","0","0"
"경상남도 통영시 사량면(4822037000)","944","576","276","65","18","7","1","1","0","0","0"
"경상남도 통영시 도천동(4822051000)","4,394","1,966","1,311","591","365","129","25","5","1","0","1"
"경상남도 통영시 명정동(4822053000)","1,595","839","449","172","99","26","9","1","0","0","0"
"경상남도 통영시 중앙동(4822055000)","2,178","1,136","609","274","126","26","5","2","0","0","0"
"경상남도 통영시 정량동(4822059000)","4,449","2,023","1,322","588","380","97","31","4","1","1","2"
"경상남도 통영시 북신동(4822060000)","4,704","1,638","1,459","869","533","166","34","5","0","0","0"
"경상남도 통영시 미수동(4822066500)","4,854","1,656","1,408","855","717","177","32","8","0","0","1"
"경상남도 통영시 봉평동(4822067000)","5,377","2,725","1,424","643","428","121","26","4","5","0","1"
"경상남도 통영시 무전동(4822070000)","6,275","2,530","1,592","1,020","854","226","41","8","3","0","1"
"경상남도 사천시 (4824000000)","53,944","24,210","14,046","7,756","5,918","1,607","314","66","17","2","8"
"경상남도 사천시 사천읍(4824025000)","8,700","4,187","1,893","1,240","1,028","286","48","9","7","0","2"
"경상남도 사천시 정동면(4824031000)","5,960","2,189","1,429","1,076","950","261","44","10","0","0","1"
"경상남도 사천시 사남면(4824032000)","6,564","2,510","1,381","1,093","1,218","299","55","6","2","0","0"
"경상남도 사천시 용현면(4824033000)","3,703","1,686","1,037","488","343","122","20","6","1","0","0"
"경상남도 사천시 축동면(4824034000)","895","483","264","83","41","18","4","2","0","0","0"
"경상남도 사천시 곤양면(4824035000)","1,966","1,091","551","201","78","32","12","0","1","0","0"
"경상남도 사천시 곤명면(4824036000)","1,678","941","508","139","63","21","5","1","0","0","0"
"경상남도 사천시 서포면(4824037000)","1,952","985","619","219","93","25","5","4","2","0","0"
"경상남도 사천시 동서동(4824051000)","3,244","1,574","1,054","370","176","54","14","2","0","0","0"
"경상남도 사천시 선구동(4824052000)","2,641","1,322","762","308","186","42","13","6","0","0","2"
"경상남도 사천시 동서금동(4824053000)","3,170","1,445","875","449","302","76","20","1","0","0","2"
"경상남도 사천시 벌용동(4824055000)","7,453","3,086","2,014","1,238","867","189","42","12","3","2","0"
"경상남도 사천시 향촌동(4824057000)","3,319","1,524","860","474","321","113","20","5","1","0","1"
"경상남도 사천시 남양동(4824059500)","2,551","1,111","752","358","248","68","12","2","0","0","0"
"경상남도 사천시 신수출장소(4824089000)","148","76","47","20","4","1","0","0","0","0","0"
"경상남도 김해시 (4825000000)","225,984","76,694","52,850","44,614","40,605","9,232","1,549","301","97","22","20"
"경상남도 김해시 진영읍(4825025000)","24,039","8,764","5,603","4,472","4,045","972","134","34","12","1","2"
"경상남도 김해시 주촌면(4825032000)","7,357","1,959","1,720","1,816","1,539","262","49","10","1","0","1"
"경상남도 김해시 진례면(4825033000)","3,540","1,859","940","432","221","67","18","3","0","0","0"
"경상남도 김해시 한림면(4825034000)","4,088","2,142","1,179","463","192","85","22","1","3","0","1"
"경상남도 김해시 생림면(4825035000)","2,220","1,224","611","232","96","45","10","2","0","0","0"
"경상남도 김해시 상동면(4825036000)","1,690","897","467","173","98","35","13","4","0","0","3"
"경상남도 김해시 대동면(4825037000)","2,978","1,371","977","377","173","47","24","6","1","0","2"
"경상남도 김해시 동상동(4825051000)","4,773","2,162","1,217","743","478","135","30","6","2","0","0"
"경상남도 김해시 회현동(4825052000)","4,324","1,835","1,135","767","449","111","19","4","2","0","2"
"경상남도 김해시 부원동(4825053000)","4,886","2,262","1,188","755","536","103","31","9","0","2","0"
"경상남도 김해시 내외동(4825054000)","31,917","11,634","7,563","6,258","5,051","1,155","211","37","6","0","2"
"경상남도 김해시 북부동(4825055000)","30,947","8,431","7,071","6,799","6,741","1,559","267","53","22","3","1"
"경상남도 김해시 칠산서부동(4825056500)","4,452","1,869","1,128","735","499","156","51","7","6","0","1"
"경상남도 김해시 활천동(4825058000)","17,544","6,501","4,251","3,280","2,664","672","145","25","3","3","0"
"경상남도 김해시 삼안동(4825059000)","15,308","6,512","3,614","2,677","1,882","523","75","17","7","1","0"
"경상남도 김해시 불암동(4825060000)","3,124","961","823","635","552","124","24","3","2","0","0"
"경상남도 김해시 장유1동(4825061000)","21,825","5,755","5,044","4,787","4,953","1,087","155","25","11","5","3"
"경상남도 김해시 장유2동(4825062000)","14,404","4,446","2,996","3,010","3,160","670","90","24","5","2","1"
"경상남도 김해시 장유3동(4825063000)","26,568","6,110","5,323","6,203","7,276","1,424","181","31","14","5","1"
"경상남도 밀양시 (4827000000)","53,120","24,855","15,209","6,773","4,500","1,380","278","85","21","4","15"
"경상남도 밀양시 삼랑진읍(4827025000)","2,876","1,570","848","264","127","47","13","3","1","0","3"
"경상남도 밀양시 삼랑진임천출장소(4827025100)","747","426","200","70","35","13","1","2","0","0","0"
"경상남도 밀양시 하남읍(4827025300)","3,819","1,869","1,186","424","234","79","19","6","1","0","1"
"경상남도 밀양시 부북면(4827031000)","2,858","1,474","860","300","165","38","17","3","0","1","0"
"경상남도 밀양시 상동면(4827032000)","1,869","1,069","562","150","62","20","3","2","0","0","1"
"경상남도 밀양시 산외면(4827033000)","1,612","863","479","164","68","27","6","2","1","0","2"
"경상남도 밀양시 산내면(4827034000)","2,138","1,061","705","215","106","43","5","2","1","0","0"
"경상남도 밀양시 단장면(4827035000)","2,531","1,375","776","242","91","34","9","3","0","0","1"
"경상남도 밀양시 상남면(4827036000)","4,151","1,810","1,294","554","345","109","22","9","6","0","2"
"경상남도 밀양시 초동면(4827037000)","1,983","1,063","620","196","62","30","9","2","1","0","0"
"경상남도 밀양시 무안면(4827038000)","2,809","1,517","832","266","130","40","15","5","1","0","3"
"경상남도 밀양시 청도면(4827039000)","1,098","628","343","79","29","14","4","1","0","0","0"
"경상남도 밀양시 내일동(4827051000)","1,446","740","423","158","84","33","5","3","0","0","0"
"경상남도 밀양시 내이동(4827052000)","8,021","3,635","2,010","1,190","889","246","35","12","1","2","1"
"경상남도 밀양시 삼문동(4827053000)","8,259","2,567","2,170","1,549","1,443","420","84","19","6","1","0"
"경상남도 밀양시 가곡동(4827054000)","4,144","2,094","1,080","518","326","103","18","4","0","0","1"
"경상남도 밀양시 교동(4827055000)","2,759","1,094","821","434","304","84","13","7","2","0","0"
"경상남도 거제시 (4831000000)","103,674","37,712","24,079","18,719","18,095","4,211","682","128","30","7","11"
"경상남도 거제시 일운면(4831031000)","3,990","1,740","1,107","580","420","108","28","6","1","0","0"
"경상남도 거제시 동부면(4831032000)","1,660","800","551","180","85","33","8","1","1","0","1"
"경상남도 거제시 남부면(4831033000)","916","497","267","97","38","16","0","0","1","0","0"
"경상남도 거제시 거제면(4831034000)","3,431","1,363","1,073","516","342","97","28","4","3","0","5"
"경상남도 거제시 둔덕면(4831035000)","1,520","696","512","184","84","31","11","1","0","1","0"
"경상남도 거제시 사등면(4831036000)","5,140","1,798","1,369","901","829","202","33","4","3","0","1"
"경상남도 거제시 사등면가조출장소(4831036600)","590","282","183","78","35","9","2","1","0","0","0"
"경상남도 거제시 연초면(4831037000)","4,127","2,049","970","573","376","126","28","4","1","0","0"
"경상남도 거제시 하청면(4831038000)","1,788","812","539","231","139","55","9","2","1","0","0"
"경상남도 거제시 하청면칠천출장소(4831038500)","629","351","181","61","25","7","3","1","0","0","0"
"경상남도 거제시 장목면(4831039000)","1,728","864","541","197","84","31","8","2","1","0","0"
"경상남도 거제시 장목면외포출장소(4831039500)","751","369","241","73","44","18","4","2","0","0","0"
"경상남도 거제시 장승포동(4831051000)","2,933","1,533","618","358","306","95","15","5","2","0","1"
"경상남도 거제시 능포동(4831053000)","4,128","1,542","1,138","697","557","143","39","10","2","0","0"
"경상남도 거제시 아주동(4831054000)","10,325","3,085","1,821","2,263","2,492","557","88","17","2","0","0"
"경상남도 거제시 옥포1동(4831055000)","3,640","1,754","831","553","391","86","19","4","1","0","1"
"경상남도 거제시 옥포2동(4831056000)","11,183","3,920","2,828","2,102","1,809","440","69","13","0","1","1"
"경상남도 거제시 장평동(4831057000)","9,956","4,643","2,012","1,547","1,392","305","51","4","0","2","0"
"경상남도 거제시 고현동(4831058000)","15,013","5,695","3,410","2,646","2,572","585","85","15","3","2","0"
"경상남도 거제시 상문동(4831059000)","12,004","2,267","2,400","2,998","3,479","744","97","15","3","0","1"
"경상남도 거제시 수양동(4831060000)","8,222","1,652","1,487","1,884","2,596","523","57","17","5","1","0"
"경상남도 양산시 (4833000000)","153,732","54,170","38,720","29,098","24,874","5,686","934","182","37","11","20"
"경상남도 양산시 물금읍(4833025300)","48,191","14,468","10,791","10,458","9,869","2,191","322","67","18","3","4"
"경상남도 양산시 동면(4833031000)","15,463","4,601","4,053","3,311","2,809","569","92","23","2","1","2"
"경상남도 양산시 원동면(4833032000)","2,021","1,123","609","182","74","22","8","3","0","0","0"
"경상남도 양산시 상북면(4833033000)","6,385","2,829","1,922","894","558","139","31","7","1","0","4"
"경상남도 양산시 하북면(4833034000)","4,265","2,212","1,104","556","278","82","19","8","1","0","5"
"경상남도 양산시 중앙동(4833051000)","6,561","3,728","1,530","741","433","110","15","2","1","1","0"
"경상남도 양산시 양주동(4833051500)","12,870","3,236","3,516","2,720","2,710","587","80","16","2","2","1"
"경상남도 양산시 삼성동(4833052000)","10,616","4,749","2,605","1,675","1,185","312","75","12","1","1","1"
"경상남도 양산시 강서동(4833053000)","3,852","1,344","1,021","678","610","167","27","3","1","0","1"
"경상남도 양산시 서창동(4833054000)","12,911","5,238","3,043","2,135","1,913","487","80","11","3","1","0"
"경상남도 양산시 소주동(4833055000)","9,656","3,908","2,665","1,607","1,132","288","48","6","1","0","1"
"경상남도 양산시 평산동(4833056000)","13,315","4,523","3,664","2,482","2,043","488","97","12","4","1","1"
"경상남도 양산시 덕계동(4833057000)","7,626","2,211","2,197","1,659","1,260","244","40","12","2","1","0"
"경상남도 의령군 (4872000000)","15,010","8,248","4,156","1,434","786","290","59","23","6","1","7"
"경상남도 의령군 의령읍(4872025000)","4,714","2,244","1,165","664","432","158","26","16","4","1","4"
"경상남도 의령군 가례면(4872031000)","877","486","257","77","37","14","2","2","1","0","1"
"경상남도 의령군 칠곡면(4872032000)","693","371","227","59","26","9","0","1","0","0","0"
"경상남도 의령군 대의면(4872033000)","658","423","155","44","23","11","1","1","0","0","0"
"경상남도 의령군 화정면(4872034000)","891","479","280","81","31","17","3","0","0","0","0"
"경상남도 의령군 용덕면(4872035000)","894","494","266","76","38","11","9","0","0","0","0"
"경상남도 의령군 정곡면(4872036000)","879","506","273","56","28","12","3","0","0","0","1"
"경상남도 의령군 지정면(4872037000)","1,120","634","362","82","30","9","1","1","0","0","1"
"경상남도 의령군 낙서면(4872038000)","459","274","123","39","15","5","3","0","0","0","0"
"경상남도 의령군 부림면(4872039000)","1,670","973","451","136","76","25","8","1","0","0","0"
"경상남도 의령군 봉수면(4872040000)","649","423","161","38","14","10","2","0","1","0","0"
"경상남도 의령군 궁류면(4872041500)","769","499","216","35","14","4","0","1","0","0","0"
"경상남도 의령군 유곡면(4872042000)","737","442","220","47","22","5","1","0","0","0","0"
"경상남도 함안군 (4873000000)","30,978","14,009","8,371","4,226","3,169","917","209","58","12","3","4"
"경상남도 함안군 가야읍(4873025000)","8,365","3,363","2,203","1,327","1,064","320","69","15","1","1","2"
"경상남도 함안군 칠원읍(4873025300)","7,919","2,650","1,890","1,488","1,419","385","67","15","5","0","0"
"경상남도 함안군 함안면(4873031000)","1,376","734","408","143","60","22","5","2","2","0","0"
"경상남도 함안군 군북면(4873032000)","3,547","1,986","1,002","312","150","62","22","9","3","1","0"
"경상남도 함안군 법수면(4873033000)","1,723","968","527","155","55","12","3","3","0","0","0"
"경상남도 함안군 대산면(4873034000)","2,049","1,187","592","158","76","22","12","2","0","0","0"
"경상남도 함안군 칠서면(4873035000)","2,840","1,446","770","337","214","48","17","7","0","0","1"
"경상남도 함안군 칠북면(4873036000)","1,139","618","365","100","39","13","2","1","1","0","0"
"경상남도 함안군 산인면(4873038000)","1,487","775","436","160","77","26","7","4","0","1","1"
"경상남도 함안군 여항면(4873039000)","533","282","178","46","15","7","5","0","0","0","0"
"경상남도 창녕군 (4874000000)","32,469","16,228","9,491","3,544","2,222","705","209","38","19","6","7"
"경상남도 창녕군 창녕읍(4874025000)","7,994","3,448","2,155","1,152","860","281","76","12","6","3","1"
"경상남도 창녕군 남지읍(4874025300)","6,081","2,828","1,728","722","571","177","44","6","5","0","0"
"경상남도 창녕군 고암면(4874031000)","1,126","625","353","77","50","10","9","0","1","0","1"
"경상남도 창녕군 성산면(4874032000)","1,013","592","308","84","16","8","3","0","1","0","1"
"경상남도 창녕군 대합면(4874033000)","2,350","1,332","712","190","77","27","7","3","0","1","1"
"경상남도 창녕군 이방면(4874034000)","1,499","849","463","109","53","14","6","2","1","1","1"
"경상남도 창녕군 유어면(4874035000)","1,095","651","309","84","35","8","4","3","1","0","0"
"경상남도 창녕군 대지면(4874036000)","1,378","710","390","155","70","33","14","4","2","0","0"
"경상남도 창녕군 계성면(4874037000)","1,413","820","389","113","60","23","7","0","1","0","0"
"경상남도 창녕군 영산면(4874038000)","2,879","1,409","851","328","205","61","20","2","1","0","2"
"경상남도 창녕군 장마면(4874039000)","1,112","592","377","96","33","8","5","1","0","0","0"
"경상남도 창녕군 도천면(4874040000)","1,558","807","494","143","81","24","8","0","0","1","0"
"경상남도 창녕군 길곡면(4874041000)","887","457","304","86","27","9","3","1","0","0","0"
"경상남도 창녕군 부곡면(4874042000)","2,084","1,108","658","205","84","22","3","4","0","0","0"
"경상남도 고성군 (4882000000)","26,318","12,832","7,372","3,158","1,982","731","180","39","11","1","12"
"경상남도 고성군 고성읍(4882025000)","11,339","4,919","2,873","1,653","1,303","467","97","16","7","0","4"
"경상남도 고성군 삼산면(4882031000)","1,029","545","331","90","40","12","8","2","0","0","1"
"경상남도 고성군 하일면(4882032000)","1,042","549","339","95","31","17","8","2","0","0","1"
"경상남도 고성군 하이면(4882033000)","1,377","631","419","180","97","32","14","3","0","1","0"
"경상남도 고성군 상리면(4882034000)","922","490","295","76","40","16","1","3","0","0","1"
"경상남도 고성군 대가면(4882035000)","982","552","293","86","32","12","6","0","0","0","1"
"경상남도 고성군 영현면(4882036000)","538","313","161","40","18","3","2","1","0","0","0"
"경상남도 고성군 영오면(4882037000)","806","423","244","84","37","11","4","3","0","0","0"
"경상남도 고성군 개천면(4882038000)","644","364","198","49","22","7","0","2","1","0","1"
"경상남도 고성군 구만면(4882039000)","614","340","188","58","12","12","4","0","0","0","0"
"경상남도 고성군 회화면(4882040000)","1,935","1,013","532","200","120","53","13","1","2","0","1"
"경상남도 고성군 마암면(4882041000)","944","552","261","75","35","13","6","1","0","0","1"
"경상남도 고성군 동해면(4882042000)","1,761","932","548","174","66","27","9","3","1","0","1"
"경상남도 고성군 거류면(4882043000)","2,385","1,209","690","298","129","49","8","2","0","0","0"
"경상남도 남해군 (4884000000)","22,786","11,164","7,011","2,501","1,398","509","140","43","11","2","7"
"경상남도 남해군 남해읍(4884025000)","6,276","2,754","1,652","885","682","227","56","13","5","0","2"
"경상남도 남해군 이동면(4884031000)","2,007","979","692","203","86","31","12","3","0","0","1"
"경상남도 남해군 상주면(4884032000)","923","488","266","96","53","16","2","1","1","0","0"
"경상남도 남해군 삼동면(4884033000)","2,217","1,153","695","216","101","37","13","1","1","0","0"
"경상남도 남해군 미조면(4884034000)","1,222","632","336","131","77","33","3","8","1","1","0"
"경상남도 남해군 남면(4884035000)","2,094","1,177","636","180","66","23","12","0","0","0","0"
"경상남도 남해군 서면(4884036000)","1,488","766","493","144","54","19","8","3","1","0","0"
"경상남도 남해군 고현면(4884037000)","1,906","914","647","195","95","38","12","3","0","0","2"
"경상남도 남해군 설천면(4884038000)","1,587","795","530","168","55","25","10","4","0","0","0"
"경상남도 남해군 창선면(4884039000)","3,066","1,506","1,064","283","129","60","12","7","2","1","2"
"경상남도 하동군 (4885000000)","23,769","12,193","6,837","2,575","1,387","544","164","48","7","4","10"
"경상남도 하동군 하동읍(4885025000)","4,877","2,310","1,252","662","450","148","36","16","1","0","2"
"경상남도 하동군 화개면(4885031000)","1,705","926","459","185","75","43","9","5","1","1","1"
"경상남도 하동군 악양면(4885032000)","1,991","1,040","627","178","87","43","11","4","1","0","0"
"경상남도 하동군 적량면(4885033000)","1,092","582","322","106","52","18","12","0","0","0","0"
"경상남도 하동군 횡천면(4885034000)","1,037","531","328","111","41","21","4","1","0","0","0"
"경상남도 하동군 고전면(4885035000)","1,221","635","376","111","58","21","15","3","1","0","1"
"경상남도 하동군 금남면(4885036000)","1,979","1,069","591","203","71","31","13","1","0","0","0"
"경상남도 하동군 진교면(4885037000)","3,021","1,404","883","368","242","90","24","8","0","1","1"
"경상남도 하동군 양보면(4885038000)","1,006","534","324","95","31","15","5","2","0","0","0"
"경상남도 하동군 북천면(4885039000)","976","538","277","94","43","13","8","2","1","0","0"
"경상남도 하동군 청암면(4885040000)","839","508","216","67","22","14","1","3","2","2","4"
"경상남도 하동군 옥종면(4885041000)","2,353","1,203","743","216","127","44","17","2","0","0","1"
"경상남도 하동군 금성면(4885042000)","1,672","913","439","179","88","43","9","1","0","0","0"
"경상남도 산청군 (4886000000)","19,600","10,610","5,579","1,824","1,056","372","118","28","8","2","3"
"경상남도 산청군 산청읍(4886025000)","3,632","1,912","922","380","292","95","25","4","1","0","1"
"경상남도 산청군 차황면(4886031000)","873","503","270","56","28","8","7","1","0","0","0"
"경상남도 산청군 오부면(4886032000)","631","364","173","58","19","11","5","0","0","1","0"
"경상남도 산청군 생초면(4886033000)","1,220","690","377","92","42","17","1","1","0","0","0"
"경상남도 산청군 금서면(4886034000)","1,676","938","477","133","84","28","11","3","2","0","0"
"경상남도 산청군 삼장면(4886035000)","1,062","563","347","99","32","19","1","0","0","0","1"
"경상남도 산청군 시천면(4886036000)","2,315","1,250","647","223","126","48","12","8","1","0","0"
"경상남도 산청군 단성면(4886037000)","3,357","1,885","992","268","138","48","21","4","0","1","0"
"경상남도 산청군 신안면(4886038000)","2,827","1,308","816","361","233","68","31","6","3","0","1"
"경상남도 산청군 생비량면(4886039000)","753","482","191","45","23","10","1","0","1","0","0"
"경상남도 산청군 신등면(4886040000)","1,254","715","367","109","39","20","3","1","0","0","0"
"경상남도 함양군 (4887000000)","20,840","10,797","5,708","2,269","1,315","567","139","34","6","3","2"
"경상남도 함양군 함양읍(4887025000)","8,698","3,885","2,235","1,207","912","343","83","26","3","2","2"
"경상남도 함양군 마천면(4887031000)","1,341","822","349","103","39","17","9","1","0","1","0"
"경상남도 함양군 휴천면(4887032000)","1,011","646","252","69","25","15","3","1","0","0","0"
"경상남도 함양군 유림면(4887033000)","998","593","282","85","16","19","2","1","0","0","0"
"경상남도 함양군 수동면(4887034000)","1,396","770","401","141","47","27","9","0","1","0","0"
"경상남도 함양군 지곡면(4887035000)","1,178","626","356","110","55","27","2","1","1","0","0"
"경상남도 함양군 안의면(4887036000)","2,615","1,465","743","236","101","53","14","2","1","0","0"
"경상남도 함양군 서하면(4887037000)","846","478","256","69","32","8","3","0","0","0","0"
"경상남도 함양군 서상면(4887038000)","1,094","621","327","83","34","23","5","1","0","0","0"
"경상남도 함양군 백전면(4887039000)","933","511","295","78","28","17","3","1","0","0","0"
"경상남도 함양군 병곡면(4887040000)","730","380","212","88","26","18","6","0","0","0","0"
"경상남도 거창군 (4888000000)","30,564","14,042","8,452","3,891","2,891","971","225","66","18","5","3"
"경상남도 거창군 거창읍(4888025000)","18,544","7,641","4,635","2,812","2,426","791","166","53","14","5","1"
"경상남도 거창군 주상면(4888031000)","882","446","297","84","36","12","5","2","0","0","0"
"경상남도 거창군 웅양면(4888032000)","1,027","501","341","101","55","25","3","0","0","0","1"
"경상남도 거창군 고제면(4888033000)","829","459","248","82","23","9","6","1","1","0","0"
"경상남도 거창군 북상면(4888034000)","923","510","290","74","39","7","2","0","1","0","0"
"경상남도 거창군 위천면(4888035000)","1,131","600","344","105","52","20","8","2","0","0","0"
"경상남도 거창군 마리면(4888036000)","1,176","663","334","107","43","20","7","2","0","0","0"
"경상남도 거창군 남상면(4888037000)","1,325","657","454","133","51","20","8","1","1","0","0"
"경상남도 거창군 남하면(4888038000)","831","455","257","75","26","13","3","1","1","0","0"
"경상남도 거창군 신원면(4888039000)","920","513","297","74","23","8","4","1","0","0","0"
"경상남도 거창군 가조면(4888040000)","2,138","1,121","690","191","84","38","12","2","0","0","0"
"경상남도 거창군 가북면(4888041000)","838","476","265","53","33","8","1","1","0","0","1"
"경상남도 합천군 (4889000000)","24,213","12,898","7,016","2,353","1,279","473","143","33","10","3","5"
"경상남도 합천군 합천읍(4889025000)","5,168","2,152","1,343","786","616","208","49","11","2","0","1"
"경상남도 합천군 봉산면(4889031000)","888","522","268","63","22","11","2","0","0","0","0"
"경상남도 합천군 묘산면(4889032000)","932","494","308","89","25","12","1","3","0","0","0"
"경상남도 합천군 가야면(4889033000)","2,306","1,272","686","179","109","43","11","3","0","1","2"
"경상남도 합천군 야로면(4889034000)","1,401","800","387","122","58","24","7","2","0","0","1"
"경상남도 합천군 율곡면(4889035000)","1,335","729","432","96","48","18","11","1","0","0","0"
"경상남도 합천군 초계면(4889036000)","1,362","746","385","123","69","20","16","2","1","0","0"
"경상남도 합천군 쌍책면(4889037000)","778","451","249","52","17","5","2","1","1","0","0"
"경상남도 합천군 덕곡면(4889038000)","528","293","179","40","10","4","1","0","1","0","0"
"경상남도 합천군 청덕면(4889039000)","1,065","689","274","62","22","13","4","1","0","0","0"
"경상남도 합천군 적중면(4889040000)","821","440","266","72","25","13","5","0","0","0","0"
"경상남도 합천군 대양면(4889041000)","1,056","607","251","116","50","22","9","1","0","0","0"
"경상남도 합천군 쌍백면(4889042000)","1,125","692","321","69","25","11","3","3","1","0","0"
"경상남도 합천군 삼가면(4889043000)","1,867","1,032","539","190","66","24","11","2","3","0","0"
"경상남도 합천군 가회면(4889044000)","1,040","564","339","87","39","8","3","0","0","0","0"
"경상남도 합천군 대병면(4889045000)","1,199","671","369","88","49","15","5","1","0","1","0"
"경상남도 합천군 용주면(4889046000)","1,342","744","420","119","29","22","3","2","1","1","1"
"제주특별자치도  (5000000000)","307,529","129,892","70,274","48,544","39,724","14,667","3,338","828","173","50","39"
"제주특별자치도 제주시 (5011000000)","219,978","90,714","48,843","35,746","30,456","11,036","2,419","576","131","31","26"
"제주특별자치도 제주시 한림읍(5011025000)","10,641","5,175","2,558","1,429","961","373","93","34","12","3","3"
"제주특별자치도 제주시 애월읍(5011025300)","17,276","7,422","4,081","2,688","1,991","781","227","65","14","3","4"
"제주특별자치도 제주시 구좌읍(5011025600)","7,945","4,042","1,900","1,008","606","257","105","25","1","1","0"
"제주특별자치도 제주시 조천읍(5011025900)","11,654","4,739","3,016","1,818","1,351","535","141","44","10","0","0"
"제주특별자치도 제주시 한경면(5011031000)","5,009","2,599","1,300","595","327","145","35","5","1","0","2"
"제주특별자치도 제주시 추자면(5011032000)","947","546","261","77","37","18","7","1","0","0","0"
"제주특별자치도 제주시 우도면(5011033000)","920","507","216","89","70","27","8","2","0","1","0"
"제주특별자치도 제주시 일도1동(5011051000)","1,408","877","258","134","101","28","5","4","0","1","0"
"제주특별자치도 제주시 일도2동(5011052000)","13,402","4,503","3,228","2,480","2,198","780","160","38","12","2","1"
"제주특별자치도 제주시 이도1동(5011053000)","3,815","2,001","721","520","387","153","26","6","0","1","0"
"제주특별자치도 제주시 이도2동(5011054000)","21,143","8,117","4,461","3,695","3,364","1,199","245","50","7","5","0"
"제주특별자치도 제주시 삼도1동(5011055000)","6,050","2,448","1,469","972","769","297","76","17","2","0","0"
"제주특별자치도 제주시 삼도2동(5011056000)","4,134","2,198","842","542","365","142","39","5","1","0","0"
"제주특별자치도 제주시 용담1동(5011057000)","3,420","1,701","740","466","350","125","32","5","1","0","0"
"제주특별자치도 제주시 용담2동(5011058000)","6,461","2,578","1,599","1,069","786","318","74","27","10","0","0"
"제주특별자치도 제주시 건입동(5011059000)","4,100","1,731","1,004","660","476","164","50","12","1","1","1"
"제주특별자치도 제주시 화북동(5011060000)","9,655","3,001","2,320","1,899","1,692","598","114","25","3","3","0"
"제주특별자치도 제주시 삼양동(5011061000)","9,892","2,942","2,109","1,889","2,051","705","151","28","11","2","4"
"제주특별자치도 제주시 봉개동(5011062000)","2,387","975","573","411","282","110","29","4","0","1","2"
"제주특별자치도 제주시 아라동(5011063000)","16,278","6,270","3,284","2,802","2,701","969","197","43","8","1","3"
"제주특별자치도 제주시 오라동(5011064000)","6,251","1,941","1,329","1,254","1,227","415","55","22","5","2","1"
"제주특별자치도 제주시 연동(5011065000)","21,571","11,526","3,963","2,737","2,352","809","149","28","5","1","1"
"제주특별자치도 제주시 노형동(5011066000)","23,321","8,625","4,872","4,243","3,986","1,289","238","47","17","2","2"
"제주특별자치도 제주시 외도동(5011067000)","8,798","2,809","1,912","1,721","1,579","616","120","30","10","0","1"
"제주특별자치도 제주시 이호동(5011068000)","1,935","703","512","327","260","101","26","4","0","1","1"
"제주특별자치도 제주시 도두동(5011069000)","1,565","738","315","221","187","82","17","5","0","0","0"
"제주특별자치도 서귀포시 (5013000000)","87,551","39,178","21,431","12,798","9,268","3,631","919","252","42","19","13"
"제주특별자치도 서귀포시 대정읍(5013025000)","10,691","4,631","2,761","1,804","1,023","364","83","19","3","1","2"
"제주특별자치도 서귀포시 남원읍(5013025300)","8,769","3,697","2,417","1,231","885","389","117","25","5","1","2"
"제주특별자치도 서귀포시 성산읍(5013025900)","8,210","4,221","2,094","969","590","232","74","25","1","3","1"
"제주특별자치도 서귀포시 안덕면(5013031000)","6,371","3,327","1,456","777","507","224","61","13","3","1","2"
"제주특별자치도 서귀포시 표선면(5013032000)","6,217","2,983","1,580","812","515","247","48","27","3","2","0"
"제주특별자치도 서귀포시 송산동(5013051000)","1,949","919","480","254","177","89","25","4","1","0","0"
"제주특별자치도 서귀포시 정방동(5013052000)","1,311","841","261","115","56","29","5","3","1","0","0"
"제주특별자치도 서귀포시 중앙동(5013053000)","1,918","1,187","349","209","106","43","19","4","1","0","0"
"제주특별자치도 서귀포시 천지동(5013054000)","1,975","1,203","376","207","119","51","9","5","3","1","1"
"제주특별자치도 서귀포시 효돈동(5013055000)","2,373","857","695","401","281","104","19","11","2","3","0"
"제주특별자치도 서귀포시 영천동(5013056000)","2,484","1,144","586","340","266","99","39","8","1","0","1"
"제주특별자치도 서귀포시 동홍동(5013057000)","9,637","3,309","2,372","1,680","1,514","575","146","33","4","2","2"
"제주특별자치도 서귀포시 서홍동(5013058000)","4,545","1,606","1,004","770","782","305","57","16","4","1","0"
"제주특별자치도 서귀포시 대륜동(5013059000)","6,835","2,667","1,733","1,135","895","299","82","18","3","2","1"
"제주특별자치도 서귀포시 대천동(5013060000)","6,459","2,841","1,447","1,035","798","261","55","20","1","1","0"
"제주특별자치도 서귀포시 중문동(5013061000)","5,783","2,713","1,324","825","599","250","50","16","5","1","0"
"제주특별자치도 서귀포시 예래동(5013062000)","2,024","1,032","496","234","155","70","30","5","1","0","1"
