"행정구역","2024년12월_계_총세대수","2024년12월_계_연령구간세대수","2024년12월_계_0~9세","2024년12월_계_10~19세","2024년12월_계_20~29세","2024년12월_계_30~39세","2024년12월_계_40~49세","2024년12월_계_50~59세","2024년12월_계_60~69세","2024년12월_계_70~79세","2024년12월_계_80~89세","2024년12월_계_90~99세","2024년12월_계_100세 이상","2024년12월_남_총세대수","2024년12월_남_연령구간세대수","2024년12월_남_0~9세","2024년12월_남_10~19세","2024년12월_남_20~29세","2024년12월_남_30~39세","2024년12월_남_40~49세","2024년12월_남_50~59세","2024년12월_남_60~69세","2024년12월_남_70~79세","2024년12월_남_80~89세","2024년12월_남_90~99세","2024년12월_남_100세 이상","2024년12월_여_총세대수","2024년12월_여_연령구간세대수","2024년12월_여_0~9세","2024년12월_여_10~19세","2024년12월_여_20~29세","2024년12월_여_30~39세","2024년12월_여_40~49세","2024년12월_여_50~59세","2024년12월_여_60~69세","2024년12월_여_70~79세","2024년12월_여_80~89세","2024년12월_여_90~99세","2024년12월_여_100세 이상"
"전국  (1000000000)","10,122,587","10,122,587","2,621","39,781","1,487,502","1,716,023","1,268,011","1,641,788","1,895,855","1,165,260","764,776","137,604","3,366","5,198,574","5,198,574","1,317","19,094","753,714","1,076,949","817,761","992,379","947,852","410,179","156,852","21,922","555","4,924,013","4,924,013","1,304","20,687","733,788","639,074","450,250","649,409","948,003","755,081","607,924","115,682","2,811"
"서울특별시  (1100000000)","2,012,137","2,012,137","454","9,072","441,351","469,503","249,361","250,290","281,033","187,793","106,209","16,585","486","959,998","959,998","244","3,667","186,643","257,542","140,689","145,768","134,247","63,276","24,581","3,222","119","1,052,139","1,052,139","210","5,405","254,708","211,961","108,672","104,522","146,786","124,517","81,628","13,363","367"
"서울특별시 종로구 (1111000000)","38,032","38,032","8","238","8,723","7,572","4,345","5,196","5,650","3,520","2,327","426","27","18,671","18,671","3","87","3,771","4,050","2,316","3,061","3,143","1,489","642","99","10","19,361","19,361","5","151","4,952","3,522","2,029","2,135","2,507","2,031","1,685","327","17"
"서울특별시 종로구 청운효자동(1111051500)","1,934","1,934","0","2","206","458","338","279","255","202","149","43","2","718","718","0","0","76","208","123","118","89","59","35","8","2","1,216","1,216","0","2","130","250","215","161","166","143","114","35","0"
"서울특별시 종로구 사직동(1111053000)","2,321","2,321","0","10","315","664","387","301","264","187","152","35","6","892","892","0","2","105","280","141","136","109","64","42","9","4","1,429","1,429","0","8","210","384","246","165","155","123","110","26","2"
"서울특별시 종로구 삼청동(1111054000)","547","547","0","1","63","96","81","83","94","67","49","13","0","266","266","0","1","35","54","44","42","51","25","12","2","0","281","281","0","0","28","42","37","41","43","42","37","11","0"
"서울특별시 종로구 부암동(1111055000)","1,675","1,675","0","7","205","354","288","245","282","154","114","26","0","687","687","0","2","92","170","123","90","115","62","31","2","0","988","988","0","5","113","184","165","155","167","92","83","24","0"
"서울특별시 종로구 평창동(1111056000)","2,268","2,268","0","20","172","387","320","381","393","272","246","69","8","869","869","0","5","66","215","136","141","153","83","56","13","1","1,399","1,399","0","15","106","172","184","240","240","189","190","56","7"
"서울특별시 종로구 무악동(1111057000)","704","704","0","1","15","85","73","109","163","132","107","18","1","278","278","0","0","9","51","40","57","55","42","18","6","0","426","426","0","1","6","34","33","52","108","90","89","12","1"
"서울특별시 종로구 교남동(1111058000)","1,603","1,603","0","5","192","357","235","256","235","189","115","19","0","627","627","0","3","71","162","99","127","79","53","29","4","0","976","976","0","2","121","195","136","129","156","136","86","15","0"
"서울특별시 종로구 가회동(1111060000)","898","898","0","2","77","186","145","169","132","108","63","16","0","381","381","0","2","31","96","61","89","56","32","13","1","0","517","517","0","0","46","90","84","80","76","76","50","15","0"
"서울특별시 종로구 종로1.2.3.4가동(1111061500)","3,911","3,911","0","9","658","619","432","646","843","459","210","32","3","2,657","2,657","0","1","312","406","305","512","671","317","116","15","2","1,254","1,254","0","8","346","213","127","134","172","142","94","17","1"
"서울특별시 종로구 종로5.6가동(1111063000)","2,533","2,533","0","10","727","554","233","335","348","201","109","16","0","1,435","1,435","0","7","317","324","150","238","245","106","44","4","0","1,098","1,098","0","3","410","230","83","97","103","95","65","12","0"
"서울특별시 종로구 이화동(1111064000)","2,856","2,856","0","19","975","719","287","278","269","165","127","17","0","1,305","1,305","0","9","390","377","151","159","127","66","24","2","0","1,551","1,551","0","10","585","342","136","119","142","99","103","15","0"
"서울특별시 종로구 혜화동(1111065000)","5,716","5,716","2","119","2,795","974","426","456","385","261","252","41","5","2,859","2,859","1","45","1,401","573","242","261","192","80","53","10","1","2,857","2,857","1","74","1,394","401","184","195","193","181","199","31","4"
"서울특별시 종로구 창신제1동(1111067000)","1,591","1,591","0","7","178","205","137","269","423","239","122","11","0","915","915","0","3","72","123","85","185","281","123","41","2","0","676","676","0","4","106","82","52","84","142","116","81","9","0"
"서울특별시 종로구 창신제2동(1111068000)","2,009","2,009","1","3","145","250","218","430","517","270","156","19","0","1,102","1,102","0","1","76","155","151","282","299","101","33","4","0","907","907","1","2","69","95","67","148","218","169","123","15","0"
"서울특별시 종로구 창신제3동(1111069000)","927","927","0","1","63","171","109","159","187","129","91","17","0","475","475","0","0","29","109","69","102","100","39","17","10","0","452","452","0","1","34","62","40","57","87","90","74","7","0"
"서울특별시 종로구 숭인제1동(1111070000)","1,504","1,504","3","3","182","228","213","262","312","170","111","19","1","748","748","1","1","81","119","128","153","170","67","27","1","0","756","756","2","2","101","109","85","109","142","103","84","18","1"
"서울특별시 종로구 숭인제2동(1111071000)","5,035","5,035","2","19","1,755","1,265","423","538","548","315","154","15","1","2,457","2,457","1","5","608","628","268","369","351","170","51","6","0","2,578","2,578","1","14","1,147","637","155","169","197","145","103","9","1"
"서울특별시 중구 (1114000000)","34,974","34,974","7","183","6,690","8,216","4,404","4,539","5,150","3,431","2,007","339","8","17,292","17,292","3","76","2,721","4,413","2,391","2,815","2,859","1,463","492","56","3","17,682","17,682","4","107","3,969","3,803","2,013","1,724","2,291","1,968","1,515","283","5"
"서울특별시 중구 소공동(1114052000)","749","749","0","4","84","243","183","110","71","31","19","4","0","343","343","0","0","31","112","82","55","38","19","4","2","0","406","406","0","4","53","131","101","55","33","12","15","2","0"
"서울특별시 중구 회현동(1114054000)","1,507","1,507","1","7","105","194","148","288","401","236","105","22","0","926","926","1","3","54","106","87","199","295","128","47","6","0","581","581","0","4","51","88","61","89","106","108","58","16","0"
"서울특별시 중구 명동(1114055000)","911","911","0","18","179","173","131","144","142","78","40","6","0","492","492","0","4","79","103","77","97","78","40","13","1","0","419","419","0","14","100","70","54","47","64","38","27","5","0"
"서울특별시 중구 필동(1114057000)","1,907","1,907","0","28","505","466","236","229","221","124","77","19","2","1,034","1,034","0","13","228","261","136","156","149","62","26","3","0","873","873","0","15","277","205","100","73","72","62","51","16","2"
"서울특별시 중구 장충동(1114058000)","1,971","1,971","1","55","871","348","159","159","152","123","84","19","0","1,094","1,094","1","21","485","221","95","101","91","55","20","4","0","877","877","0","34","386","127","64","58","61","68","64","15","0"
"서울특별시 중구 광희동(1114059000)","2,906","2,906","0","17","800","826","309","295","326","213","106","14","0","1,463","1,463","0","9","290","447","179","202","208","93","32","3","0","1,443","1,443","0","8","510","379","130","93","118","120","74","11","0"
"서울특별시 중구 을지로동(1114060500)","1,468","1,468","0","1","203","467","230","170","206","123","61","7","0","899","899","0","1","94","285","124","123","159","82","27","4","0","569","569","0","0","109","182","106","47","47","41","34","3","0"
"서울특별시 중구 신당동(1114061500)","3,125","3,125","1","7","667","713","416","444","444","275","141","16","1","1,576","1,576","0","3","229","380","235","293","258","133","41","4","0","1,549","1,549","1","4","438","333","181","151","186","142","100","12","1"
"서울특별시 중구 다산동(1114062500)","3,302","3,302","0","8","651","800","402","387","480","341","208","25","0","1,589","1,589","0","7","272","432","219","241","227","145","44","2","0","1,713","1,713","0","1","379","368","183","146","253","196","164","23","0"
"서울특별시 중구 약수동(1114063500)","3,206","3,206","1","14","333","519","364","438","594","506","356","79","2","1,289","1,289","1","5","130","270","173","219","239","165","72","14","1","1,917","1,917","0","9","203","249","191","219","355","341","284","65","1"
"서울특별시 중구 청구동(1114064500)","2,439","2,439","0","2","249","470","297","327","441","366","242","43","2","1,050","1,050","0","0","99","255","163","171","192","124","41","4","1","1,389","1,389","0","2","150","215","134","156","249","242","201","39","1"
"서울특별시 중구 신당제5동(1114065000)","2,822","2,822","2","9","460","646","370","430","474","266","144","21","0","1,382","1,382","0","4","157","321","215","288","249","108","36","4","0","1,440","1,440","2","5","303","325","155","142","225","158","108","17","0"
"서울특별시 중구 동화동(1114066500)","1,143","1,143","0","3","81","187","138","220","230","140","121","23","0","537","537","0","2","28","120","82","119","113","53","19","1","0","606","606","0","1","53","67","56","101","117","87","102","22","0"
"서울특별시 중구 황학동(1114067000)","4,762","4,762","1","9","1,144","1,536","575","473","522","328","152","22","0","2,228","2,228","0","3","418","788","284","272","298","131","31","3","0","2,534","2,534","1","6","726","748","291","201","224","197","121","19","0"
"서울특별시 중구 중림동(1114068000)","2,756","2,756","0","1","358","628","446","425","446","281","151","19","1","1,390","1,390","0","1","127","312","240","279","265","125","39","1","1","1,366","1,366","0","0","231","316","206","146","181","156","112","18","0"
"서울특별시 용산구 (1117000000)","51,128","51,128","28","182","8,993","14,461","7,199","6,654","6,465","3,934","2,657","536","19","24,486","24,486","18","49","3,460","7,677","3,966","3,797","3,399","1,397","604","112","7","26,642","26,642","10","133","5,533","6,784","3,233","2,857","3,066","2,537","2,053","424","12"
"서울특별시 용산구 후암동(1117051000)","4,328","4,328","6","22","651","1,225","576","553","608","398","242","45","2","2,047","2,047","3","6","280","653","306","312","302","134","44","6","1","2,281","2,281","3","16","371","572","270","241","306","264","198","39","1"
"서울특별시 용산구 용산2가동(1117052000)","2,809","2,809","3","12","533","811","393","283","347","221","175","31","0","1,415","1,415","2","7","279","466","229","151","169","68","41","3","0","1,394","1,394","1","5","254","345","164","132","178","153","134","28","0"
"서울특별시 용산구 남영동(1117053000)","3,691","3,691","3","3","370","585","410","820","933","379","164","22","2","2,610","2,610","1","2","153","348","297","678","769","271","81","9","1","1,081","1,081","2","1","217","237","113","142","164","108","83","13","1"
"서울특별시 용산구 청파동(1117055500)","7,156","7,156","0","60","2,177","1,760","821","834","744","474","247","37","2","3,261","3,261","0","6","641","943","473","531","416","174","65","10","2","3,895","3,895","0","54","1,536","817","348","303","328","300","182","27","0"
"서울특별시 용산구 원효로제1동(1117056000)","5,282","5,282","1","11","1,325","2,056","677","474","386","198","126","27","1","2,299","2,299","1","2","394","987","333","263","203","75","28","13","0","2,983","2,983","0","9","931","1,069","344","211","183","123","98","14","1"
"서울특별시 용산구 원효로제2동(1117057000)","2,632","2,632","0","4","468","763","304","314","339","232","171","35","2","1,246","1,246","0","2","184","408","200","181","148","78","39","6","0","1,386","1,386","0","2","284","355","104","133","191","154","132","29","2"
"서울특별시 용산구 효창동(1117058000)","1,758","1,758","1","2","342","552","255","196","161","140","92","17","0","734","734","1","0","108","282","123","84","73","43","18","2","0","1,024","1,024","0","2","234","270","132","112","88","97","74","15","0"
"서울특별시 용산구 용문동(1117059000)","2,164","2,164","0","1","353","617","244","251","294","229","148","25","2","935","935","0","1","141","329","128","128","128","53","26","1","0","1,229","1,229","0","0","212","288","116","123","166","176","122","24","2"
"서울특별시 용산구 한강로동(1117062500)","6,047","6,047","5","18","1,124","2,262","941","625","514","304","199","53","2","2,805","2,805","3","3","430","1,071","494","344","268","126","53","13","0","3,242","3,242","2","15","694","1,191","447","281","246","178","146","40","2"
"서울특별시 용산구 이촌제1동(1117063000)","1,757","1,757","1","13","55","232","247","326","297","242","255","87","2","590","590","1","5","19","135","104","118","102","56","35","14","1","1,167","1,167","0","8","36","97","143","208","195","186","220","73","1"
"서울특별시 용산구 이촌제2동(1117064000)","1,336","1,336","1","3","72","282","235","192","233","168","126","24","0","585","585","1","2","32","170","132","96","85","41","19","7","0","751","751","0","1","40","112","103","96","148","127","107","17","0"
"서울특별시 용산구 이태원제1동(1117065000)","1,923","1,923","0","4","291","564","289","267","237","153","97","21","0","1,049","1,049","0","2","171","353","186","152","123","38","19","5","0","874","874","0","2","120","211","103","115","114","115","78","16","0"
"서울특별시 용산구 이태원제2동(1117066000)","2,674","2,674","4","3","452","857","409","304","287","181","150","26","1","1,259","1,259","3","1","223","476","214","137","115","53","32","4","1","1,415","1,415","1","2","229","381","195","167","172","128","118","22","0"
"서울특별시 용산구 한남동(1117068500)","3,581","3,581","2","12","362","1,031","772","582","415","227","148","30","0","1,667","1,667","1","5","162","523","398","275","191","70","38","4","0","1,914","1,914","1","7","200","508","374","307","224","157","110","26","0"
"서울특별시 용산구 서빙고동(1117069000)","1,674","1,674","1","8","150","345","243","265","279","165","185","30","3","795","795","1","2","78","203","133","132","145","56","34","10","1","879","879","0","6","72","142","110","133","134","109","151","20","2"
"서울특별시 용산구 보광동(1117070000)","2,316","2,316","0","6","268","519","383","368","391","223","132","26","0","1,189","1,189","0","3","165","330","216","215","162","61","32","5","0","1,127","1,127","0","3","103","189","167","153","229","162","100","21","0"
"서울특별시 성동구 (1120000000)","58,419","58,419","20","432","13,537","13,053","7,157","7,417","8,137","5,048","3,153","459","6","28,902","28,902","14","182","6,501","7,177","3,939","4,412","4,198","1,707","682","87","3","29,517","29,517","6","250","7,036","5,876","3,218","3,005","3,939","3,341","2,471","372","3"
"서울특별시 성동구 왕십리제2동(1120052000)","2,993","2,993","0","8","519","692","394","411","475","284","180","28","2","1,397","1,397","0","3","206","380","209","241","222","89","41","5","1","1,596","1,596","0","5","313","312","185","170","253","195","139","23","1"
"서울특별시 성동구 왕십리도선동(1120053500)","5,108","5,108","2","14","1,144","1,380","562","622","616","432","295","41","0","2,195","2,195","2","3","410","645","288","342","281","159","63","2","0","2,913","2,913","0","11","734","735","274","280","335","273","232","39","0"
"서울특별시 성동구 마장동(1120054000)","5,315","5,315","4","76","1,828","980","442","544","651","450","309","31","0","2,754","2,754","3","35","912","584","281","345","347","175","67","5","0","2,561","2,561","1","41","916","396","161","199","304","275","242","26","0"
"서울특별시 성동구 사근동(1120055000)","6,190","6,190","1","243","3,918","967","287","254","217","179","109","15","0","3,464","3,464","1","101","2,218","620","184","146","109","48","31","6","0","2,726","2,726","0","142","1,700","347","103","108","108","131","78","9","0"
"서울특별시 성동구 행당제1동(1120056000)","2,856","2,856","1","14","732","711","352","335","321","226","142","21","1","1,350","1,350","1","7","322","386","205","159","163","68","36","3","0","1,506","1,506","0","7","410","325","147","176","158","158","106","18","1"
"서울특별시 성동구 행당제2동(1120057000)","2,450","2,450","0","2","147","416","347","377","488","403","238","32","0","1,024","1,024","0","1","62","242","172","193","192","110","45","7","0","1,426","1,426","0","1","85","174","175","184","296","293","193","25","0"
"서울특별시 성동구 응봉동(1120058000)","1,601","1,601","1","1","124","306","277","247","265","204","152","24","0","703","703","1","0","65","192","130","118","109","54","26","8","0","898","898","0","1","59","114","147","129","156","150","126","16","0"
"서울특별시 성동구 금호1가동(1120059000)","2,218","2,218","2","3","166","401","345","321","427","316","207","30","0","918","918","1","2","62","206","181","163","165","90","39","9","0","1,300","1,300","1","1","104","195","164","158","262","226","168","21","0"
"서울특별시 성동구 금호2.3가동(1120061500)","3,462","3,462","1","1","318","769","560","543","611","372","255","32","0","1,562","1,562","1","0","158","429","268","280","281","100","37","8","0","1,900","1,900","0","1","160","340","292","263","330","272","218","24","0"
"서울특별시 성동구 금호4가동(1120062000)","2,360","2,360","1","5","176","468","397","365","447","301","166","34","0","991","991","0","1","84","245","183","177","176","89","35","1","0","1,369","1,369","1","4","92","223","214","188","271","212","131","33","0"
"서울특별시 성동구 옥수동(1120064500)","3,130","3,130","2","7","190","642","649","490","519","352","230","48","1","1,229","1,229","1","2","60","323","286","228","185","96","42","5","1","1,901","1,901","1","5","130","319","363","262","334","256","188","43","0"
"서울특별시 성동구 성수1가제1동(1120065000)","3,254","3,254","1","4","511","916","429","495","505","244","131","18","0","1,729","1,729","1","3","240","513","245","305","299","93","28","2","0","1,525","1,525","0","1","271","403","184","190","206","151","103","16","0"
"서울특별시 성동구 성수1가제2동(1120066000)","2,714","2,714","1","6","560","827","379","320","293","189","126","13","0","1,356","1,356","0","2","272","435","193","201","159","66","28","0","0","1,358","1,358","1","4","288","392","186","119","134","123","98","13","0"
"서울특별시 성동구 성수2가제1동(1120067000)","3,814","3,814","1","13","462","848","457","622","853","358","170","30","0","2,196","2,196","1","5","226","496","287","429","545","155","43","9","0","1,618","1,618","0","8","236","352","170","193","308","203","127","21","0"
"서울특별시 성동구 성수2가제3동(1120069000)","2,612","2,612","1","11","570","812","370","295","282","150","108","12","1","1,374","1,374","0","7","250","422","217","207","182","60","26","3","0","1,238","1,238","1","4","320","390","153","88","100","90","82","9","1"
"서울특별시 성동구 송정동(1120072000)","2,944","2,944","0","8","546","630","393","480","527","222","123","15","0","1,712","1,712","0","4","274","374","266","341","338","79","31","5","0","1,232","1,232","0","4","272","256","127","139","189","143","92","10","0"
"서울특별시 성동구 용답동(1120079000)","5,398","5,398","1","16","1,626","1,288","517","696","640","366","212","35","1","2,948","2,948","1","6","680","685","344","537","445","176","64","9","1","2,450","2,450","0","10","946","603","173","159","195","190","148","26","0"
"서울특별시 광진구 (1121500000)","85,851","85,851","11","344","24,342","21,512","9,831","9,748","10,274","5,866","3,379","529","15","40,995","40,995","6","138","10,457","11,411","5,338","5,721","5,002","2,046","779","93","4","44,856","44,856","5","206","13,885","10,101","4,493","4,027","5,272","3,820","2,600","436","11"
"서울특별시 광진구 화양동(1121571000)","14,938","14,938","0","162","8,357","3,547","1,039","789","553","299","172","18","2","7,098","7,098","0","61","3,509","1,905","588","543","334","104","51","3","0","7,840","7,840","0","101","4,848","1,642","451","246","219","195","121","15","2"
"서울특별시 광진구 군자동(1121573000)","7,056","7,056","0","48","2,490","1,760","695","650","758","362","258","34","1","3,585","3,585","0","23","1,191","936","395","425","404","154","52","5","0","3,471","3,471","0","25","1,299","824","300","225","354","208","206","29","1"
"서울특별시 광진구 중곡제1동(1121574000)","4,957","4,957","1","12","1,270","1,382","564","591","598","343","167","28","1","2,287","2,287","0","9","455","686","311","363","283","143","34","3","0","2,670","2,670","1","3","815","696","253","228","315","200","133","25","1"
"서울특별시 광진구 중곡제2동(1121575000)","5,310","5,310","1","12","1,159","1,418","606","645","817","443","181","28","0","2,469","2,469","1","6","476","722","332","345","386","149","48","4","0","2,841","2,841","0","6","683","696","274","300","431","294","133","24","0"
"서울특별시 광진구 중곡제3동(1121576000)","4,530","4,530","0","5","679","1,050","560","715","815","448","232","26","0","2,293","2,293","0","0","303","568","340","425","433","160","59","5","0","2,237","2,237","0","5","376","482","220","290","382","288","173","21","0"
"서울특별시 광진구 중곡제4동(1121577000)","5,414","5,414","0","7","683","1,091","666","923","1,092","598","314","39","1","2,622","2,622","0","2","316","624","367","519","504","210","74","5","1","2,792","2,792","0","5","367","467","299","404","588","388","240","34","0"
"서울특별시 광진구 능동(1121578000)","3,957","3,957","0","12","1,239","1,242","510","353","306","170","110","15","0","1,759","1,759","0","2","502","570","237","208","147","64","25","4","0","2,198","2,198","0","10","737","672","273","145","159","106","85","11","0"
"서울특별시 광진구 광장동(1121581000)","2,345","2,345","1","3","287","459","327","358","403","225","226","53","3","1,033","1,033","1","2","147","256","161","167","169","72","45","11","2","1,312","1,312","0","1","140","203","166","191","234","153","181","42","1"
"서울특별시 광진구 자양제1동(1121582000)","6,777","6,777","1","15","1,834","1,694","820","787","806","494","285","40","1","3,326","3,326","0","4","855","939","451","469","394","150","63","1","0","3,451","3,451","1","11","979","755","369","318","412","344","222","39","1"
"서울특별시 광진구 자양제2동(1121583000)","4,547","4,547","2","7","748","1,190","644","642","667","412","204","30","1","2,136","2,136","1","3","285","668","341","358","301","126","44","9","0","2,411","2,411","1","4","463","522","303","284","366","286","160","21","1"
"서울특별시 광진구 자양제3동(1121584000)","3,258","3,258","2","8","556","681","446","440","476","319","264","65","1","1,515","1,515","2","5","273","401","240","236","198","94","51","14","1","1,743","1,743","0","3","283","280","206","204","278","225","213","51","0"
"서울특별시 광진구 자양제4동(1121584700)","6,068","6,068","1","11","1,267","1,444","697","853","965","522","259","48","1","3,151","3,151","0","7","562","828","388","559","533","206","59","9","0","2,917","2,917","1","4","705","616","309","294","432","316","200","39","1"
"서울특별시 광진구 구의제1동(1121585000)","7,812","7,812","0","20","2,329","2,249","1,009","830","687","429","225","34","0","3,734","3,734","0","6","992","1,151","544","486","338","153","57","7","0","4,078","4,078","0","14","1,337","1,098","465","344","349","276","168","27","0"
"서울특별시 광진구 구의제2동(1121586000)","4,474","4,474","2","12","560","978","630","690","815","491","266","27","3","2,053","2,053","1","5","245","486","327","373","365","176","71","4","0","2,421","2,421","1","7","315","492","303","317","450","315","195","23","3"
"서울특별시 광진구 구의제3동(1121587000)","4,408","4,408","0","10","884","1,327","618","482","516","311","216","44","0","1,934","1,934","0","3","346","671","316","245","213","85","46","9","0","2,474","2,474","0","7","538","656","302","237","303","226","170","35","0"
"서울특별시 동대문구 (1123000000)","86,681","86,681","14","790","25,584","15,928","8,988","10,107","11,841","7,956","4,807","651","15","43,317","43,317","7","312","11,499","9,080","5,405","6,390","6,369","2,947","1,180","123","5","43,364","43,364","7","478","14,085","6,848","3,583","3,717","5,472","5,009","3,627","528","10"
"서울특별시 동대문구 용신동(1123053600)","12,838","12,838","3","47","3,653","3,136","1,466","1,409","1,582","917","564","61","0","6,516","6,516","2","20","1,536","1,646","845","930","957","381","181","18","0","6,322","6,322","1","27","2,117","1,490","621","479","625","536","383","43","0"
"서울특별시 동대문구 제기동(1123054500)","7,718","7,718","2","70","2,381","1,140","648","859","1,176","855","520","66","1","4,329","4,329","0","33","1,293","730","443","605","695","367","152","11","0","3,389","3,389","2","37","1,088","410","205","254","481","488","368","55","1"
"서울특별시 동대문구 전농제1동(1123056000)","8,056","8,056","1","65","1,829","1,431","838","1,141","1,363","825","487","75","1","4,325","4,325","1","31","893","871","508","742","802","335","129","13","0","3,731","3,731","0","34","936","560","330","399","561","490","358","62","1"
"서울특별시 동대문구 전농제2동(1123057000)","2,367","2,367","1","15","176","287","259","414","553","377","259","26","0","1,018","1,018","0","6","69","177","155","226","215","108","55","7","0","1,349","1,349","1","9","107","110","104","188","338","269","204","19","0"
"서울특별시 동대문구 답십리제1동(1123060000)","5,455","5,455","0","17","1,354","1,346","682","593","719","432","272","38","2","2,443","2,443","0","3","443","656","381","355","363","167","69","6","0","3,012","3,012","0","14","911","690","301","238","356","265","203","32","2"
"서울특별시 동대문구 답십리제2동(1123061000)","4,744","4,744","0","3","507","916","543","720","968","628","400","58","1","2,153","2,153","0","1","213","506","310","404","436","199","74","10","0","2,591","2,591","0","2","294","410","233","316","532","429","326","48","1"
"서울특별시 동대문구 장안제1동(1123065000)","8,537","8,537","0","19","1,496","2,037","1,267","1,258","1,290","768","352","49","1","4,277","4,277","0","10","521","1,122","755","807","682","284","88","7","1","4,260","4,260","0","9","975","915","512","451","608","484","264","42","0"
"서울특별시 동대문구 장안제2동(1123066000)","5,561","5,561","1","13","798","1,111","844","870","979","598","299","46","2","2,848","2,848","1","6","325","654","499","548","524","219","66","6","0","2,713","2,713","0","7","473","457","345","322","455","379","233","40","2"
"서울특별시 동대문구 청량리동(1123070500)","5,408","5,408","1","18","697","664","511","779","1,209","926","512","88","3","2,694","2,694","1","7","298","384","316","499","667","376","127","16","3","2,714","2,714","0","11","399","280","195","280","542","550","385","72","0"
"서울특별시 동대문구 회기동(1123071000)","4,597","4,597","0","109","2,522","791","298","286","248","180","138","25","0","2,192","2,192","0","37","1,128","476","167","173","127","54","26","4","0","2,405","2,405","0","72","1,394","315","131","113","121","126","112","21","0"
"서울특별시 동대문구 휘경제1동(1123072000)","4,546","4,546","0","100","2,389","764","338","317","269","214","135","18","2","2,010","2,010","0","27","894","426","194","205","153","71","35","5","0","2,536","2,536","0","73","1,495","338","144","112","116","143","100","13","2"
"서울특별시 동대문구 휘경제2동(1123073000)","6,936","6,936","1","143","3,458","1,057","502","527","501","447","271","29","0","3,728","3,728","0","69","1,924","656","326","322","237","131","59","4","0","3,208","3,208","1","74","1,534","401","176","205","264","316","212","25","0"
"서울특별시 동대문구 이문제1동(1123074000)","6,661","6,661","3","152","3,618","854","467","469","451","330","281","35","1","3,318","3,318","1","54","1,715","538","299","295","248","104","55","8","1","3,343","3,343","2","98","1,903","316","168","174","203","226","226","27","0"
"서울특별시 동대문구 이문제2동(1123075000)","3,257","3,257","1","19","706","394","325","465","533","459","317","37","1","1,466","1,466","1","8","247","238","207","279","263","151","64","8","0","1,791","1,791","0","11","459","156","118","186","270","308","253","29","1"
"서울특별시 중랑구 (1126000000)","86,282","86,282","18","194","12,476","16,323","10,535","14,053","17,032","9,879","5,056","698","18","42,746","42,746","8","72","4,906","8,972","6,322","8,696","8,803","3,608","1,220","134","5","43,536","43,536","10","122","7,570","7,351","4,213","5,357","8,229","6,271","3,836","564","13"
"서울특별시 중랑구 면목제2동(1126052000)","5,987","5,987","1","10","580","982","797","1,136","1,349","697","380","54","1","3,115","3,115","1","6","256","545","507","727","721","242","95","15","0","2,872","2,872","0","4","324","437","290","409","628","455","285","39","1"
"서울특별시 중랑구 면목제4동(1126054000)","4,065","4,065","1","7","431","637","581","709","811","576","279","32","1","2,086","2,086","0","2","196","381","347","490","431","175","54","10","0","1,979","1,979","1","5","235","256","234","219","380","401","225","22","1"
"서울특별시 중랑구 면목제5동(1126055000)","2,224","2,224","0","4","168","367","311","472","478","272","131","21","0","1,138","1,138","0","1","84","205","193","273","259","95","27","1","0","1,086","1,086","0","3","84","162","118","199","219","177","104","20","0"
"서울특별시 중랑구 면목본동(1126056500)","9,489","9,489","2","28","1,543","1,917","1,122","1,621","1,773","971","438","73","1","4,789","4,789","1","14","633","1,066","676","998","944","341","107","8","1","4,700","4,700","1","14","910","851","446","623","829","630","331","65","0"
"서울특별시 중랑구 면목제7동(1126057000)","4,762","4,762","0","8","673","875","642","860","869","529","268","38","0","2,435","2,435","0","1","293","489","386","561","432","196","68","9","0","2,327","2,327","0","7","380","386","256","299","437","333","200","29","0"
"서울특별시 중랑구 면목제3.8동(1126057500)","6,378","6,378","5","21","902","1,084","832","1,080","1,269","753","382","50","0","3,203","3,203","3","11","401","630","493","668","631","277","80","9","0","3,175","3,175","2","10","501","454","339","412","638","476","302","41","0"
"서울특별시 중랑구 상봉제1동(1126058000)","3,544","3,544","1","6","385","648","377","495","803","514","280","34","1","1,629","1,629","1","3","154","353","237","291","348","177","61","4","0","1,915","1,915","0","3","231","295","140","204","455","337","219","30","1"
"서울특별시 중랑구 상봉제2동(1126059000)","8,500","8,500","1","22","2,441","2,431","949","953","944","492","235","29","3","3,951","3,951","1","6","822","1,169","517","624","540","199","67","4","2","4,549","4,549","0","16","1,619","1,262","432","329","404","293","168","25","1"
"서울특별시 중랑구 중화제1동(1126060000)","3,680","3,680","2","8","472","701","491","592","726","465","203","18","2","1,906","1,906","0","2","222","437","315","357","353","165","51","3","1","1,774","1,774","2","6","250","264","176","235","373","300","152","15","1"
"서울특별시 중랑구 중화제2동(1126061000)","7,558","7,558","1","13","951","1,292","915","1,376","1,701","815","437","56","1","4,181","4,181","0","4","402","759","568","917","1,031","355","136","9","0","3,377","3,377","1","9","549","533","347","459","670","460","301","47","1"
"서울특별시 중랑구 묵제1동(1126062000)","5,684","5,684","0","20","1,164","1,234","670","769","886","591","317","31","2","2,469","2,469","0","1","367","626","397","444","373","183","70","8","0","3,215","3,215","0","19","797","608","273","325","513","408","247","23","2"
"서울특별시 중랑구 묵제2동(1126063000)","4,329","4,329","0","7","647","791","570","737","816","469","264","27","1","2,195","2,195","0","2","276","471","360","433","404","177","64","7","1","2,134","2,134","0","5","371","320","210","304","412","292","200","20","0"
"서울특별시 중랑구 망우본동(1126065500)","8,725","8,725","1","21","1,248","1,619","1,014","1,391","1,911","983","471","65","1","4,397","4,397","0","10","429","885","613","876","1,045","421","105","13","0","4,328","4,328","1","11","819","734","401","515","866","562","366","52","1"
"서울특별시 중랑구 망우제3동(1126066000)","4,088","4,088","2","13","342","560","459","806","1,047","539","250","69","1","2,217","2,217","1","8","176","323","291","490","621","222","72","13","0","1,871","1,871","1","5","166","237","168","316","426","317","178","56","1"
"서울특별시 중랑구 신내1동(1126068000)","4,000","4,000","0","3","337","710","413","551","896","661","379","49","1","1,708","1,708","0","1","130","381","233","294","374","196","91","8","0","2,292","2,292","0","2","207","329","180","257","522","465","288","41","1"
"서울특별시 중랑구 신내2동(1126069000)","3,269","3,269","1","3","192","475","392","505","753","552","342","52","2","1,327","1,327","0","0","65","252","189","253","296","187","72","13","0","1,942","1,942","1","3","127","223","203","252","457","365","270","39","2"
"서울특별시 성북구 (1129000000)","83,576","83,576","12","865","22,313","14,037","8,973","10,672","12,018","8,340","5,485","835","26","38,437","38,437","5","319","9,507","7,971","5,052","6,137","5,488","2,587","1,193","174","4","45,139","45,139","7","546","12,806","6,066","3,921","4,535","6,530","5,753","4,292","661","22"
"서울특별시 성북구 성북동(1129052500)","4,099","4,099","0","25","914","1,025","553","500","464","315","252","50","1","1,772","1,772","0","9","359","521","250","250","207","111","53","11","1","2,327","2,327","0","16","555","504","303","250","257","204","199","39","0"
"서울특별시 성북구 삼선동(1129055500)","6,030","6,030","1","64","1,823","1,219","667","707","710","461","331","45","2","2,766","2,766","1","19","733","660","357","430","329","153","75","8","1","3,264","3,264","0","45","1,090","559","310","277","381","308","256","37","1"
"서울특별시 성북구 동선동(1129057500)","6,819","6,819","0","142","3,312","1,372","622","473","414","255","189","35","5","2,385","2,385","0","17","781","666","326","258","205","88","35","9","0","4,434","4,434","0","125","2,531","706","296","215","209","167","154","26","5"
"서울특별시 성북구 돈암제1동(1129058000)","1,918","1,918","0","10","176","278","201","295","396","324","213","24","1","758","758","0","3","76","139","112","147","142","85","50","4","0","1,160","1,160","0","7","100","139","89","148","254","239","163","20","1"
"서울특별시 성북구 돈암제2동(1129059000)","1,792","1,792","0","3","82","306","261","300","363","243","198","36","0","721","721","0","0","40","179","124","137","137","57","39","8","0","1,071","1,071","0","3","42","127","137","163","226","186","159","28","0"
"서울특별시 성북구 안암동(1129060000)","7,286","7,286","1","176","4,261","1,121","428","428","383","267","182","38","1","3,833","3,833","0","83","2,219","693","262","257","192","78","39","10","0","3,453","3,453","1","93","2,042","428","166","171","191","189","143","28","1"
"서울특별시 성북구 보문동(1129061000)","3,953","3,953","1","14","977","851","514","532","497","337","191","38","1","1,868","1,868","0","4","411","466","300","298","234","101","43","11","0","2,085","2,085","1","10","566","385","214","234","263","236","148","27","1"
"서울특별시 성북구 정릉제1동(1129062000)","2,286","2,286","1","22","428","356","282","318","369","299","188","23","0","1,035","1,035","0","4","201","214","154","190","150","79","36","7","0","1,251","1,251","1","18","227","142","128","128","219","220","152","16","0"
"서울특별시 성북구 정릉제2동(1129063000)","3,500","3,500","0","15","547","598","415","475","622","464","321","42","1","1,607","1,607","0","8","244","339","250","265","276","153","66","6","0","1,893","1,893","0","7","303","259","165","210","346","311","255","36","1"
"서울특별시 성북구 정릉제3동(1129064000)","4,780","4,780","1","152","2,193","530","293","407","491","381","278","52","2","2,603","2,603","1","87","1,270","361","190","249","235","146","56","8","0","2,177","2,177","0","65","923","169","103","158","256","235","222","44","2"
"서울특별시 성북구 정릉제4동(1129065000)","4,029","4,029","0","51","670","483","496","601","756","579","345","46","2","1,800","1,800","0","18","337","287","264","329","309","176","71","9","0","2,229","2,229","0","33","333","196","232","272","447","403","274","37","2"
"서울특별시 성북구 길음제1동(1129066000)","2,636","2,636","1","5","157","349","418","480","485","420","284","36","1","1,001","1,001","1","1","65","184","212","212","158","100","60","8","0","1,635","1,635","0","4","92","165","206","268","327","320","224","28","1"
"서울특별시 성북구 길음제2동(1129068500)","2,356","2,356","0","14","309","322","356","407","469","311","150","18","0","1,019","1,019","0","6","130","168","174","220","198","91","25","7","0","1,337","1,337","0","8","179","154","182","187","271","220","125","11","0"
"서울특별시 성북구 종암동(1129070500)","6,868","6,868","1","62","1,701","1,047","715","896","1,022","711","572","137","4","3,420","3,420","0","21","919","660","412","541","490","217","130","29","1","3,448","3,448","1","41","782","387","303","355","532","494","442","108","3"
"서울특별시 성북구 월곡제1동(1129071500)","3,532","3,532","1","10","368","518","405","561","769","532","334","33","1","1,609","1,609","1","4","138","295","232","321","368","171","71","8","0","1,923","1,923","0","6","230","223","173","240","401","361","263","25","1"
"서울특별시 성북구 월곡제2동(1129072500)","4,831","4,831","0","43","1,711","820","413","514","606","416","270","38","0","2,076","2,076","0","7","513","481","246","322","298","131","73","5","0","2,755","2,755","0","36","1,198","339","167","192","308","285","197","33","0"
"서울특별시 성북구 장위제1동(1129076000)","4,183","4,183","1","4","455","694","503","757","897","554","286","32","0","2,024","2,024","0","2","185","425","298","440","413","184","72","5","0","2,159","2,159","1","2","270","269","205","317","484","370","214","27","0"
"서울특별시 성북구 장위제2동(1129077000)","3,046","3,046","0","7","387","521","355","492","603","401","240","39","1","1,469","1,469","0","5","175","292","220","309","291","121","53","3","0","1,577","1,577","0","2","212","229","135","183","312","280","187","36","1"
"서울특별시 성북구 장위제3동(1129078000)","2,106","2,106","1","11","384","430","252","315","362","224","111","16","0","966","966","0","6","129","237","152","195","155","62","27","3","0","1,140","1,140","1","5","255","193","100","120","207","162","84","13","0"
"서울특별시 성북구 석관동(1129081000)","7,526","7,526","2","35","1,458","1,197","824","1,214","1,340","846","550","57","3","3,705","3,705","1","15","582","704","517","767","701","283","119","15","1","3,821","3,821","1","20","876","493","307","447","639","563","431","42","2"
"서울특별시 강북구 (1130500000)","67,218","67,218","6","311","10,299","9,726","7,730","10,806","13,140","9,157","5,336","688","19","31,798","31,798","5","68","3,980","5,619","4,734","6,425","6,520","3,102","1,204","136","5","35,420","35,420","1","243","6,319","4,107","2,996","4,381","6,620","6,055","4,132","552","14"
"서울특별시 강북구 삼양동(1130553400)","4,835","4,835","1","6","381","640","597","873","1,122","760","404","50","1","2,437","2,437","1","2","197","393","368","495","573","297","104","7","0","2,398","2,398","0","4","184","247","229","378","549","463","300","43","1"
"서울특별시 강북구 미아동(1130553500)","6,734","6,734","0","62","1,598","1,065","751","941","1,139","706","420","52","0","3,143","3,143","0","9","525","605","463","595","586","244","104","12","0","3,591","3,591","0","53","1,073","460","288","346","553","462","316","40","0"
"서울특별시 강북구 송중동(1130554500)","6,304","6,304","0","25","1,073","988","760","1,022","1,206","770","411","48","1","3,065","3,065","0","6","471","551","439","631","588","258","109","11","1","3,239","3,239","0","19","602","437","321","391","618","512","302","37","0"
"서울특별시 강북구 송천동(1130555500)","6,203","6,203","0","14","630","786","681","1,177","1,468","877","501","67","2","3,182","3,182","0","3","277","461","418","735","832","339","103","13","1","3,021","3,021","0","11","353","325","263","442","636","538","398","54","1"
"서울특별시 강북구 삼각산동(1130557500)","2,824","2,824","0","2","79","281","344","482","702","553","335","45","1","1,107","1,107","0","0","37","176","192","216","269","147","64","6","0","1,717","1,717","0","2","42","105","152","266","433","406","271","39","1"
"서울특별시 강북구 번1동(1130559500)","5,866","5,866","1","55","1,313","1,124","794","896","857","524","265","36","1","3,049","3,049","0","17","557","651","509","572","455","208","77","3","0","2,817","2,817","1","38","756","473","285","324","402","316","188","33","1"
"서울특별시 강북구 번2동(1130560300)","3,300","3,300","0","6","334","364","323","499","678","667","382","45","2","1,469","1,469","0","3","156","203","216","296","330","189","64","12","0","1,831","1,831","0","3","178","161","107","203","348","478","318","33","2"
"서울특별시 강북구 번3동(1130560800)","2,986","2,986","0","3","141","209","245","364","636","850","490","46","2","1,139","1,139","0","1","54","120","146","208","262","223","114","10","1","1,847","1,847","0","2","87","89","99","156","374","627","376","36","1"
"서울특별시 강북구 수유1동(1130561500)","5,407","5,407","1","26","973","837","630","872","1,043","620","353","52","0","2,642","2,642","1","5","370","485","392","536","536","224","80","13","0","2,765","2,765","0","21","603","352","238","336","507","396","273","39","0"
"서울특별시 강북구 수유2동(1130562500)","4,010","4,010","1","21","560","485","485","655","807","538","404","54","0","1,758","1,758","1","3","172","283","296","365","389","162","77","10","0","2,252","2,252","0","18","388","202","189","290","418","376","327","44","0"
"서울특별시 강북구 수유3동(1130563500)","8,388","8,388","0","68","2,086","1,613","967","1,257","1,259","693","392","51","2","4,148","4,148","0","14","791","928","592","772","676","269","99","7","0","4,240","4,240","0","54","1,295","685","375","485","583","424","293","44","2"
"서울특별시 강북구 우이동(1130564500)","4,133","4,133","0","14","516","516","457","675","851","635","399","65","5","1,748","1,748","0","2","138","282","279","358","386","204","84","13","2","2,385","2,385","0","12","378","234","178","317","465","431","315","52","3"
"서울특별시 강북구 인수동(1130566000)","6,228","6,228","2","9","615","818","696","1,093","1,372","964","580","77","2","2,911","2,911","2","3","235","481","424","646","638","338","125","19","0","3,317","3,317","0","6","380","337","272","447","734","626","455","58","2"
"서울특별시 도봉구 (1132000000)","52,729","52,729","9","147","5,669","8,018","6,369","8,624","11,061","7,405","4,667","738","22","24,394","24,394","7","57","2,228","4,498","3,748","4,947","5,152","2,523","1,078","153","3","28,335","28,335","2","90","3,441","3,520","2,621","3,677","5,909","4,882","3,589","585","19"
"서울특별시 도봉구 창제1동(1132051100)","4,238","4,238","0","15","556","780","560","651","754","521","351","48","2","1,866","1,866","0","8","233","421","325","333","317","153","71","5","0","2,372","2,372","0","7","323","359","235","318","437","368","280","43","2"
"서울특별시 도봉구 창제2동(1132051200)","4,615","4,615","1","5","535","882","619","700","906","569","348","50","0","2,143","2,143","1","2","212","497","364","402","392","174","88","11","0","2,472","2,472","0","3","323","385","255","298","514","395","260","39","0"
"서울특별시 도봉구 창제3동(1132051300)","2,736","2,736","1","4","193","328","358","566","627","381","247","29","2","1,389","1,389","0","1","96","205","228","347","318","145","43","6","0","1,347","1,347","1","3","97","123","130","219","309","236","204","23","2"
"서울특별시 도봉구 창제4동(1132051400)","3,874","3,874","0","10","608","874","502","541","612","388","284","55","0","1,675","1,675","0","3","225","487","267","275","226","109","67","16","0","2,199","2,199","0","7","383","387","235","266","386","279","217","39","0"
"서울특별시 도봉구 창제5동(1132051500)","3,551","3,551","2","7","417","773","482","518","563","461","286","40","2","1,540","1,540","1","3","167","386","263","260","252","136","66","5","1","2,011","2,011","1","4","250","387","219","258","311","325","220","35","1"
"서울특별시 도봉구 도봉제1동(1132052100)","4,811","4,811","0","7","299","467","491","874","1,236","853","496","86","2","2,528","2,528","0","2","152","286","303","568","714","346","135","21","1","2,283","2,283","0","5","147","181","188","306","522","507","361","65","1"
"서울특별시 도봉구 도봉제2동(1132052200)","4,359","4,359","0","5","296","636","527","641","962","756","459","73","4","2,050","2,050","0","3","115","371","318","386","488","248","107","14","0","2,309","2,309","0","2","181","265","209","255","474","508","352","59","4"
"서울특별시 도봉구 쌍문제1동(1132066000)","3,740","3,740","0","30","634","461","383","608","761","497","326","39","1","1,605","1,605","0","4","131","277","247","350","346","160","80","10","0","2,135","2,135","0","26","503","184","136","258","415","337","246","29","1"
"서울특별시 도봉구 쌍문제2동(1132067000)","3,400","3,400","2","10","298","439","442","549","789","480","322","66","3","1,543","1,543","2","6","149","255","251","299","340","170","57","14","0","1,857","1,857","0","4","149","184","191","250","449","310","265","52","3"
"서울특별시 도봉구 쌍문제3동(1132068000)","3,827","3,827","0","30","761","728","467","522","598","429","267","22","3","1,727","1,727","0","10","297","380","271","291","269","139","68","2","0","2,100","2,100","0","20","464","348","196","231","329","290","199","20","3"
"서울특별시 도봉구 쌍문제4동(1132068100)","1,804","1,804","0","5","133","276","235","273","404","241","195","42","0","658","658","0","3","51","132","117","119","128","71","30","7","0","1,146","1,146","0","2","82","144","118","154","276","170","165","35","0"
"서울특별시 도봉구 방학제1동(1132069000)","5,493","5,493","1","16","637","748","678","982","1,239","743","387","61","1","2,743","2,743","1","10","240","404","415","614","647","287","110","14","1","2,750","2,750","0","6","397","344","263","368","592","456","277","47","0"
"서울특별시 도봉구 방학제2동(1132070000)","4,100","4,100","1","1","229","418","403","858","1,055","704","384","47","0","2,153","2,153","1","1","119","271","260","542","556","294","98","11","0","1,947","1,947","0","0","110","147","143","316","499","410","286","36","0"
"서울특별시 도봉구 방학제3동(1132071000)","2,181","2,181","1","2","73","208","222","341","555","382","315","80","2","774","774","1","1","41","126","119","161","159","91","58","17","0","1,407","1,407","0","1","32","82","103","180","396","291","257","63","2"
"서울특별시 노원구 (1135000000)","80,081","80,081","18","774","13,017","11,485","9,020","11,161","14,643","11,742","7,069","1,123","29","35,343","35,343","13","362","6,319","6,594","4,940","5,850","6,070","3,522","1,456","213","4","44,738","44,738","5","412","6,698","4,891","4,080","5,311","8,573","8,220","5,613","910","25"
"서울특별시 노원구 월계1동(1135056000)","4,705","4,705","1","63","1,678","561","438","549","631","469","283","30","2","2,732","2,732","1","38","1,076","386","284","349","354","176","62","6","0","1,973","1,973","0","25","602","175","154","200","277","293","221","24","2"
"서울특별시 노원구 월계2동(1135057000)","4,490","4,490","3","27","264","419","481","689","1,108","946","471","81","1","1,936","1,936","2","9","131","242","292","374","450","312","112","12","0","2,554","2,554","1","18","133","177","189","315","658","634","359","69","1"
"서울특별시 노원구 월계3동(1135058000)","4,600","4,600","3","2","328","705","565","589","958","853","507","88","2","1,901","1,901","1","0","155","390","326","302","355","244","110","18","0","2,699","2,699","2","2","173","315","239","287","603","609","397","70","2"
"서울특별시 노원구 공릉1동(1135059500)","9,772","9,772","1","127","3,312","1,537","973","1,020","1,314","957","461","68","2","4,671","4,671","1","53","1,515","846","553","647","613","324","106","13","0","5,101","5,101","0","74","1,797","691","420","373","701","633","355","55","2"
"서울특별시 노원구 공릉2동(1135060000)","6,695","6,695","0","161","2,626","951","578","635","846","533","305","60","0","3,108","3,108","0","54","1,201","600","316","333","356","177","54","17","0","3,587","3,587","0","107","1,425","351","262","302","490","356","251","43","0"
"서울특별시 노원구 하계1동(1135061100)","5,651","5,651","3","329","1,611","498","426","564","856","838","458","66","2","2,342","2,342","3","175","805","266","184","272","322","212","86","17","0","3,309","3,309","0","154","806","232","242","292","534","626","372","49","2"
"서울특별시 노원구 하계2동(1135061200)","2,031","2,031","0","2","103","298","205","283","426","397","279","38","0","722","722","0","2","44","166","102","124","145","88","43","8","0","1,309","1,309","0","0","59","132","103","159","281","309","236","30","0"
"서울특별시 노원구 중계본동(1135061900)","1,703","1,703","0","4","140","217","254","352","341","219","155","21","0","761","761","0","1","78","128","129","177","160","60","28","0","0","942","942","0","3","62","89","125","175","181","159","127","21","0"
"서울특별시 노원구 중계1동(1135062100)","1,508","1,508","2","5","57","182","177","274","346","264","173","27","1","550","550","1","1","24","89","84","129","121","69","28","3","1","958","958","1","4","33","93","93","145","225","195","145","24","0"
"서울특별시 노원구 중계4동(1135062400)","2,907","2,907","0","1","115","287","278","471","645","656","398","56","0","1,249","1,249","0","0","54","164","177","270","284","192","98","10","0","1,658","1,658","0","1","61","123","101","201","361","464","300","46","0"
"서울특별시 노원구 중계2.3동(1135062500)","5,655","5,655","1","4","194","718","642","775","1,148","1,234","800","138","1","2,042","2,042","1","2","68","393","325","362","411","318","138","24","0","3,613","3,613","0","2","126","325","317","413","737","916","662","114","1"
"서울특별시 노원구 상계1동(1135063000)","5,061","5,061","0","7","385","678","622","879","1,167","763","498","60","2","2,285","2,285","0","5","161","386","357","486","489","257","124","20","0","2,776","2,776","0","2","224","292","265","393","678","506","374","40","2"
"서울특별시 노원구 상계2동(1135064000)","3,379","3,379","0","8","517","516","435","548","653","413","246","39","4","1,794","1,794","0","3","272","331","289","354","331","156","52","6","0","1,585","1,585","0","5","245","185","146","194","322","257","194","33","4"
"서울특별시 노원구 상계3.4동(1135066500)","4,937","4,937","1","2","205","459","530","883","1,238","974","582","60","3","2,397","2,397","1","1","107","302","347","503","633","343","146","14","0","2,540","2,540","0","1","98","157","183","380","605","631","436","46","3"
"서울특별시 노원구 상계5동(1135067000)","4,614","4,614","1","11","374","558","533","858","1,042","700","466","68","3","2,223","2,223","1","8","190","342","323","486","518","238","106","11","0","2,391","2,391","0","3","184","216","210","372","524","462","360","57","3"
"서울특별시 노원구 상계6.7동(1135069500)","5,058","5,058","1","14","614","1,124","717","758","785","569","384","90","2","1,897","1,897","1","7","249","606","310","286","231","132","64","11","0","3,161","3,161","0","7","365","518","407","472","554","437","320","79","2"
"서울특별시 노원구 상계8동(1135070000)","2,463","2,463","0","1","165","691","426","295","322","329","193","39","2","979","979","0","1","71","394","196","124","75","79","31","6","2","1,484","1,484","0","0","94","297","230","171","247","250","162","33","0"
"서울특별시 노원구 상계9동(1135071000)","2,578","2,578","0","1","142","517","381","399","449","382","242","65","0","920","920","0","1","44","276","173","158","128","85","43","12","0","1,658","1,658","0","0","98","241","208","241","321","297","199","53","0"
"서울특별시 노원구 상계10동(1135072000)","2,274","2,274","1","5","187","569","359","340","368","246","168","29","2","834","834","0","1","74","287","173","114","94","60","25","5","1","1,440","1,440","1","4","113","282","186","226","274","186","143","24","1"
"서울특별시 은평구 (1138000000)","88,471","88,471","17","244","14,394","17,980","11,217","12,433","14,851","10,381","6,071","861","22","38,596","38,596","9","77","5,166","9,211","6,002","6,758","6,506","3,268","1,427","168","4","49,875","49,875","8","167","9,228","8,769","5,215","5,675","8,345","7,113","4,644","693","18"
"서울특별시 은평구 녹번동(1138051000)","7,698","7,698","0","22","1,046","1,497","994","1,114","1,381","983","559","101","1","3,317","3,317","0","5","367","764","513","589","620","309","137","13","0","4,381","4,381","0","17","679","733","481","525","761","674","422","88","1"
"서울특별시 은평구 불광제1동(1138052000)","7,578","7,578","1","14","1,156","1,402","898","1,034","1,375","1,001","605","89","3","3,274","3,274","0","9","455","758","472","551","564","308","133","23","1","4,304","4,304","1","5","701","644","426","483","811","693","472","66","2"
"서울특별시 은평구 불광제2동(1138053000)","7,120","7,120","1","12","1,024","1,236","854","1,046","1,410","923","548","64","2","3,361","3,361","1","1","430","703","494","597","654","331","141","9","0","3,759","3,759","0","11","594","533","360","449","756","592","407","55","2"
"서울특별시 은평구 갈현제1동(1138055100)","3,445","3,445","1","12","608","668","428","529","569","394","201","34","1","1,615","1,615","1","2","240","366","250","297","270","132","47","10","0","1,830","1,830","0","10","368","302","178","232","299","262","154","24","1"
"서울특별시 은평구 갈현제2동(1138055200)","5,082","5,082","1","20","836","963","610","801","878","606","332","35","0","2,254","2,254","1","6","315","522","338","422","385","175","85","5","0","2,828","2,828","0","14","521","441","272","379","493","431","247","30","0"
"서울특별시 은평구 구산동(1138056000)","4,984","4,984","6","36","708","865","604","767","970","615","360","53","0","2,123","2,123","1","5","261","450","342","420","361","193","77","13","0","2,861","2,861","5","31","447","415","262","347","609","422","283","40","0"
"서울특별시 은평구 대조동(1138057000)","8,751","8,751","3","34","2,260","2,070","996","1,054","1,104","733","440","53","4","3,820","3,820","2","13","745","1,041","509","595","541","248","112","12","2","4,931","4,931","1","21","1,515","1,029","487","459","563","485","328","41","2"
"서울특별시 은평구 응암제1동(1138058000)","6,264","6,264","0","18","1,202","1,489","885","850","834","589","344","52","1","2,541","2,541","0","3","351","704","433","446","368","153","72","11","0","3,723","3,723","0","15","851","785","452","404","466","436","272","41","1"
"서울특별시 은평구 응암제2동(1138059000)","3,125","3,125","0","3","239","577","516","506","579","415","255","34","1","1,333","1,333","0","2","105","309","255","260","222","124","51","5","0","1,792","1,792","0","1","134","268","261","246","357","291","204","29","1"
"서울특별시 은평구 응암제3동(1138060000)","6,551","6,551","0","17","985","1,174","763","936","1,193","846","549","86","2","3,079","3,079","0","7","429","633","431","584","588","276","114","17","0","3,472","3,472","0","10","556","541","332","352","605","570","435","69","2"
"서울특별시 은평구 역촌동(1138062500)","8,661","8,661","1","21","1,219","1,709","1,174","1,318","1,503","1,036","604","73","3","3,779","3,779","1","11","467","873","639","681","609","333","149","16","0","4,882","4,882","0","10","752","836","535","637","894","703","455","57","3"
"서울특별시 은평구 신사제1동(1138063100)","4,524","4,524","0","9","745","919","605","635","731","548","299","32","1","2,007","2,007","0","4","290","475","334","335","307","182","73","7","0","2,517","2,517","0","5","455","444","271","300","424","366","226","25","1"
"서울특별시 은평구 신사제2동(1138063200)","3,444","3,444","0","8","463","640","446","465","669","430","271","49","3","1,658","1,658","0","2","202","358","261","289","337","133","67","8","1","1,786","1,786","0","6","261","282","185","176","332","297","204","41","2"
"서울특별시 은평구 증산동(1138064000)","2,389","2,389","2","2","265","504","328","369","440","313","148","18","0","1,135","1,135","2","0","92","268","183","223","217","102","43","5","0","1,254","1,254","0","2","173","236","145","146","223","211","105","13","0"
"서울특별시 은평구 수색동(1138065000)","2,312","2,312","0","3","243","472","334","325","418","299","186","32","0","1,045","1,045","0","0","112","280","184","169","183","87","29","1","0","1,267","1,267","0","3","131","192","150","156","235","212","157","31","0"
"서울특별시 은평구 진관동(1138069000)","6,543","6,543","1","13","1,395","1,795","782","684","797","650","370","56","0","2,255","2,255","0","7","305","707","364","300","280","182","97","13","0","4,288","4,288","1","6","1,090","1,088","418","384","517","468","273","43","0"
"서울특별시 서대문구 (1141000000)","66,364","66,364","6","418","18,375","13,181","7,176","7,781","8,589","6,012","4,188","610","28","29,843","29,843","3","154","7,610","7,109","3,843","4,222","3,929","1,926","907","137","3","36,521","36,521","3","264","10,765","6,072","3,333","3,559","4,660","4,086","3,281","473","25"
"서울특별시 서대문구 천연동(1141052000)","3,084","3,084","1","6","329","487","383","468","612","423","332","41","2","1,406","1,406","1","3","159","271","186","257","297","156","66","10","0","1,678","1,678","0","3","170","216","197","211","315","267","266","31","2"
"서울특별시 서대문구 북아현동(1141055500)","2,796","2,796","1","6","395","632","356","453","490","251","182","29","1","1,353","1,353","0","1","159","340","207","271","261","75","34","5","0","1,443","1,443","1","5","236","292","149","182","229","176","148","24","1"
"서울특별시 서대문구 충현동(1141056500)","5,093","5,093","0","20","1,083","1,329","627","655","681","394","243","56","5","2,419","2,419","0","9","403","699","337","385","347","145","84","9","1","2,674","2,674","0","11","680","630","290","270","334","249","159","47","4"
"서울특별시 서대문구 신촌동(1141058500)","12,119","12,119","1","148","6,992","2,617","841","583","443","253","206","32","3","4,935","4,935","1","44","2,384","1,380","433","314","232","80","56","11","0","7,184","7,184","0","104","4,608","1,237","408","269","211","173","150","21","3"
"서울특별시 서대문구 연희동(1141061500)","10,661","10,661","1","55","4,265","2,369","1,088","899","807","609","488","78","2","5,081","5,081","0","17","2,152","1,249","547","449","344","188","119","15","1","5,580","5,580","1","38","2,113","1,120","541","450","463","421","369","63","1"
"서울특별시 서대문구 홍제제1동(1141062000)","4,170","4,170","0","11","559","793","556","604","763","502","333","46","3","1,762","1,762","0","4","226","407","285","291","304","161","74","9","1","2,408","2,408","0","7","333","386","271","313","459","341","259","37","2"
"서울특별시 서대문구 홍제제3동(1141064000)","3,040","3,040","0","13","361","485","322","508","558","407","341","43","2","1,336","1,336","0","5","154","275","178","276","243","118","76","11","0","1,704","1,704","0","8","207","210","144","232","315","289","265","32","2"
"서울특별시 서대문구 홍제제2동(1141065500)","1,876","1,876","0","7","163","284","196","280","392","306","217","30","1","766","766","0","2","73","164","102","135","158","85","39","8","0","1,110","1,110","0","5","90","120","94","145","234","221","178","22","1"
"서울특별시 서대문구 홍은제1동(1141066000)","3,409","3,409","0","17","286","555","441","528","677","477","371","54","3","1,522","1,522","0","5","125","309","245","293","309","168","54","14","0","1,887","1,887","0","12","161","246","196","235","368","309","317","40","3"
"서울특별시 서대문구 홍은제2동(1141068500)","5,290","5,290","0","47","1,104","1,043","632","756","792","518","342","54","2","2,442","2,442","0","15","498","562","348","431","353","148","80","7","0","2,848","2,848","0","32","606","481","284","325","439","370","262","47","2"
"서울특별시 서대문구 남가좌제1동(1141069000)","1,397","1,397","2","5","195","256","165","170","248","224","118","13","1","575","575","1","4","61","128","94","91","107","61","25","3","0","822","822","1","1","134","128","71","79","141","163","93","10","1"
"서울특별시 서대문구 남가좌제2동(1141070000)","5,558","5,558","0","68","1,506","886","555","710","779","626","378","48","2","2,630","2,630","0","36","720","494","317","380","379","212","79","13","0","2,928","2,928","0","32","786","392","238","330","400","414","299","35","2"
"서울특별시 서대문구 북가좌제1동(1141071000)","1,709","1,709","0","2","123","297","225","250","347","273","166","26","0","742","742","0","2","69","165","118","134","129","85","32","8","0","967","967","0","0","54","132","107","116","218","188","134","18","0"
"서울특별시 서대문구 북가좌제2동(1141072000)","6,162","6,162","0","13","1,014","1,148","789","917","1,000","749","471","60","1","2,874","2,874","0","7","427","666","446","515","466","244","89","14","0","3,288","3,288","0","6","587","482","343","402","534","505","382","46","1"
"서울특별시 마포구 (1144000000)","87,948","87,948","22","398","23,160","24,311","11,773","9,317","8,381","5,914","3,991","664","17","38,468","38,468","11","156","8,981","12,152","5,889","4,966","3,614","1,690","870","135","4","49,480","49,480","11","242","14,179","12,159","5,884","4,351","4,767","4,224","3,121","529","13"
"서울특별시 마포구 아현동(1144055500)","3,941","3,941","0","5","508","1,129","655","529","530","333","224","28","0","1,662","1,662","0","4","148","539","332","280","215","97","44","3","0","2,279","2,279","0","1","360","590","323","249","315","236","180","25","0"
"서울특별시 마포구 공덕동(1144056500)","9,171","9,171","4","24","2,013","2,420","1,104","1,156","1,135","730","523","59","3","3,844","3,844","3","4","574","1,171","572","645","517","235","114","8","1","5,327","5,327","1","20","1,439","1,249","532","511","618","495","409","51","2"
"서울특별시 마포구 도화동(1144058500)","3,750","3,750","0","4","555","1,012","489","459","540","351","289","50","1","1,662","1,662","0","3","233","531","261","236","222","107","59","10","0","2,088","2,088","0","1","322","481","228","223","318","244","230","40","1"
"서울특별시 마포구 용강동(1144059000)","3,409","3,409","4","9","405","898","600","538","412","294","198","49","2","1,496","1,496","0","2","167","441","264","286","192","78","55","10","1","1,913","1,913","4","7","238","457","336","252","220","216","143","39","1"
"서울특별시 마포구 대흥동(1144060000)","5,611","5,611","0","51","2,204","1,256","561","552","478","289","183","35","2","2,770","2,770","0","26","994","715","289","320","260","104","48","14","0","2,841","2,841","0","25","1,210","541","272","232","218","185","135","21","2"
"서울특별시 마포구 염리동(1144061000)","3,272","3,272","1","15","835","860","380","398","332","257","173","21","0","1,515","1,515","1","9","353","470","196","216","147","80","36","7","0","1,757","1,757","0","6","482","390","184","182","185","177","137","14","0"
"서울특별시 마포구 신수동(1144063000)","4,030","4,030","1","28","1,052","944","503","498","443","305","217","38","1","2,011","2,011","0","16","598","556","240","267","188","87","46","12","1","2,019","2,019","1","12","454","388","263","231","255","218","171","26","0"
"서울특별시 마포구 서강동(1144065500)","6,035","6,035","0","56","2,313","1,520","680","488","420","296","225","37","0","2,905","2,905","0","22","1,106","858","364","234","181","83","50","7","0","3,130","3,130","0","34","1,207","662","316","254","239","213","175","30","0"
"서울특별시 마포구 서교동(1144066000)","10,325","10,325","0","85","3,531","3,162","1,452","903","550","357","226","59","0","4,746","4,746","0","25","1,474","1,605","723","491","256","114","44","14","0","5,579","5,579","0","60","2,057","1,557","729","412","294","243","182","45","0"
"서울특별시 마포구 합정동(1144068000)","5,141","5,141","3","14","1,229","1,751","738","471","423","285","187","38","2","2,307","2,307","3","5","512","882","362","238","173","88","38","6","0","2,834","2,834","0","9","717","869","376","233","250","197","149","32","2"
"서울특별시 마포구 망원제1동(1144069000)","5,262","5,262","1","12","1,114","1,557","764","584","549","394","255","32","0","2,333","2,333","0","8","462","776","368","325","228","111","51","4","0","2,929","2,929","1","4","652","781","396","259","321","283","204","28","0"
"서울특별시 마포구 망원제2동(1144070000)","3,433","3,433","0","7","639","933","546","389","372","299","214","34","0","1,431","1,431","0","3","227","440","262","205","159","76","54","5","0","2,002","2,002","0","4","412","493","284","184","213","223","160","29","0"
"서울특별시 마포구 연남동(1144071000)","5,098","5,098","2","17","1,541","1,549","771","462","347","227","159","22","1","2,334","2,334","1","8","648","786","406","234","145","71","33","2","0","2,764","2,764","1","9","893","763","365","228","202","156","126","20","1"
"서울특별시 마포구 성산제1동(1144072000)","4,838","4,838","3","17","1,071","1,399","779","546","499","309","187","27","1","2,170","2,170","1","4","436","703","381","290","220","82","47","5","1","2,668","2,668","2","13","635","696","398","256","279","227","140","22","0"
"서울특별시 마포구 성산제2동(1144073000)","9,806","9,806","2","35","2,831","2,681","1,100","817","875","832","531","99","3","3,344","3,344","1","8","649","1,070","533","421","348","182","109","23","0","6,462","6,462","1","27","2,182","1,611","567","396","527","650","422","76","3"
"서울특별시 마포구 상암동(1144074000)","4,826","4,826","1","19","1,319","1,240","651","527","476","356","200","36","1","1,938","1,938","1","9","400","609","336","278","163","95","42","5","0","2,888","2,888","0","10","919","631","315","249","313","261","158","31","1"
"서울특별시 양천구 (1147000000)","59,218","59,218","17","113","6,553","11,263","7,797","8,869","11,690","8,067","4,170","659","20","27,921","27,921","10","50","2,837","6,388","4,515","5,090","5,328","2,691","887","120","5","31,297","31,297","7","63","3,716","4,875","3,282","3,779","6,362","5,376","3,283","539","15"
"서울특별시 양천구 목1동(1147051000)","1,671","1,671","1","6","101","278","244","263","337","247","169","25","0","649","649","0","4","43","136","124","127","110","75","27","3","0","1,022","1,022","1","2","58","142","120","136","227","172","142","22","0"
"서울특별시 양천구 목2동(1147052000)","5,600","5,600","2","4","956","1,757","861","612","677","474","224","32","1","2,646","2,646","2","2","399","942","468","326","305","152","46","3","1","2,954","2,954","0","2","557","815","393","286","372","322","178","29","0"
"서울특별시 양천구 목3동(1147053000)","4,358","4,358","0","7","769","1,144","572","569","647","418","196","35","1","1,950","1,950","0","0","295","612","295","296","273","136","36","7","0","2,408","2,408","0","7","474","532","277","273","374","282","160","28","1"
"서울특별시 양천구 목4동(1147054000)","3,358","3,358","1","4","473","768","470","467","509","404","226","36","0","1,566","1,566","0","0","203","426","273","258","235","122","42","7","0","1,792","1,792","1","4","270","342","197","209","274","282","184","29","0"
"서울특별시 양천구 목5동(1147055000)","1,782","1,782","2","7","201","371","217","207","311","260","149","56","1","655","655","1","3","52","190","102","83","110","71","30","12","1","1,127","1,127","1","4","149","181","115","124","201","189","119","44","0"
"서울특별시 양천구 신월1동(1147056000)","4,836","4,836","1","4","413","679","619","915","1,198","660","306","39","2","2,678","2,678","1","1","191","443","417","591","678","264","90","2","0","2,158","2,158","0","3","222","236","202","324","520","396","216","37","2"
"서울특별시 양천구 신월2동(1147057000)","2,804","2,804","1","7","245","444","369","392","631","470","213","32","0","1,335","1,335","1","4","120","255","216","239","275","163","55","7","0","1,469","1,469","0","3","125","189","153","153","356","307","158","25","0"
"서울특별시 양천구 신월3동(1147058000)","4,113","4,113","2","8","317","534","481","880","1,019","567","275","29","1","2,415","2,415","1","3","187","334","319","617","628","249","72","5","0","1,698","1,698","1","5","130","200","162","263","391","318","203","24","1"
"서울특별시 양천구 신월4동(1147059000)","1,770","1,770","1","2","108","228","253","240","431","308","169","28","2","811","811","1","1","52","145","161","135","183","96","32","4","1","959","959","0","1","56","83","92","105","248","212","137","24","1"
"서울특별시 양천구 신월5동(1147060000)","2,529","2,529","0","5","326","475","322","406","555","275","141","24","0","1,299","1,299","0","3","158","299","193","238","272","99","31","6","0","1,230","1,230","0","2","168","176","129","168","283","176","110","18","0"
"서울특별시 양천구 신월6동(1147061000)","1,288","1,288","1","3","76","271","193","184","273","206","71","9","1","565","565","1","1","32","145","112","94","102","65","13","0","0","723","723","0","2","44","126","81","90","171","141","58","9","1"
"서울특별시 양천구 신월7동(1147061100)","3,790","3,790","1","2","294","550","479","581","831","609","390","52","1","1,734","1,734","1","1","132","325","301","328","366","205","63","12","0","2,056","2,056","0","1","162","225","178","253","465","404","327","40","1"
"서울특별시 양천구 신정1동(1147062000)","1,373","1,373","1","2","117","174","155","232","294","220","148","29","1","602","602","0","0","54","115","89","130","119","65","26","4","0","771","771","1","2","63","59","66","102","175","155","122","25","1"
"서울특별시 양천구 신정2동(1147063000)","1,614","1,614","0","5","97","220","174","239","366","299","179","34","1","709","709","0","3","48","132","85","145","163","91","37","5","0","905","905","0","2","49","88","89","94","203","208","142","29","1"
"서울특별시 양천구 신정3동(1147064000)","5,524","5,524","1","8","367","861","747","897","1,283","871","428","57","4","2,456","2,456","0","5","164","465","446","495","505","272","91","12","1","3,068","3,068","1","3","203","396","301","402","778","599","337","45","3"
"서울특별시 양천구 신정4동(1147065000)","8,236","8,236","1","32","1,518","1,934","1,106","1,128","1,242","834","383","56","2","4,063","4,063","1","14","634","1,095","620","680","618","299","90","12","0","4,173","4,173","0","18","884","839","486","448","624","535","293","44","2"
"서울특별시 양천구 신정6동(1147067000)","1,134","1,134","1","0","59","233","176","166","204","168","101","25","1","415","415","0","0","22","134","86","60","45","44","18","6","0","719","719","1","0","37","99","90","106","159","124","83","19","1"
"서울특별시 양천구 신정7동(1147068000)","3,438","3,438","0","7","116","342","359","491","882","777","402","61","1","1,373","1,373","0","5","51","195","208","248","341","223","88","13","1","2,065","2,065","0","2","65","147","151","243","541","554","314","48","0"
"서울특별시 강서구 (1150000000)","126,940","126,940","27","214","25,431","34,295","16,151","14,416","17,474","11,878","5,962","1,064","28","58,706","58,706","12","74","9,445","18,164","9,223","8,234","7,793","4,196","1,375","181","9","68,234","68,234","15","140","15,986","16,131","6,928","6,182","9,681","7,682","4,587","883","19"
"서울특별시 강서구 염창동(1150051000)","5,108","5,108","1","6","1,174","1,915","660","410","439","324","159","19","1","2,073","2,073","1","2","361","883","343","201","158","87","35","2","0","3,035","3,035","0","4","813","1,032","317","209","281","237","124","17","1"
"서울특별시 강서구 등촌제1동(1150052000)","8,588","8,588","1","10","2,391","3,346","1,123","621","435","280","276","100","5","3,613","3,613","1","2","780","1,533","598","349","185","87","55","19","4","4,975","4,975","0","8","1,611","1,813","525","272","250","193","221","81","1"
"서울특별시 강서구 등촌제2동(1150053000)","3,218","3,218","1","2","587","975","466","311","446","255","144","30","1","1,524","1,524","0","0","253","555","258","172","170","72","39","5","0","1,694","1,694","1","2","334","420","208","139","276","183","105","25","1"
"서울특별시 강서구 등촌제3동(1150053500)","7,402","7,402","0","5","513","1,231","654","920","1,795","1,304","797","180","3","3,250","3,250","0","2","181","661","347","471","827","539","183","38","1","4,152","4,152","0","3","332","570","307","449","968","765","614","142","2"
"서울특별시 강서구 화곡제1동(1150054000)","15,440","15,440","6","30","3,865","4,299","2,028","1,816","1,818","1,064","450","60","4","7,666","7,666","1","12","1,597","2,462","1,170","1,057","857","384","108","17","1","7,774","7,774","5","18","2,268","1,837","858","759","961","680","342","43","3"
"서울특별시 강서구 화곡제2동(1150055000)","3,491","3,491","0","5","498","772","507","543","594","371","175","25","1","1,696","1,696","0","2","239","466","289","292","241","123","42","2","0","1,795","1,795","0","3","259","306","218","251","353","248","133","23","1"
"서울특별시 강서구 화곡제3동(1150056000)","3,982","3,982","3","4","828","924","539","501","551","399","192","40","1","1,825","1,825","1","1","312","488","306","290","257","130","36","4","0","2,157","2,157","2","3","516","436","233","211","294","269","156","36","1"
"서울특별시 강서구 화곡제4동(1150057000)","4,230","4,230","3","3","486","791","671","731","797","486","238","24","0","2,032","2,032","2","1","206","490","396","377","352","160","42","6","0","2,198","2,198","1","2","280","301","275","354","445","326","196","18","0"
"서울특별시 강서구 화곡본동(1150059000)","8,969","8,969","2","14","2,023","2,546","1,229","1,049","1,104","648","302","49","3","4,384","4,384","1","6","857","1,436","685","621","478","220","73","7","0","4,585","4,585","1","8","1,166","1,110","544","428","626","428","229","42","3"
"서울특별시 강서구 화곡제6동(1150059100)","7,117","7,117","2","17","1,928","2,008","884","703","852","477","196","48","2","3,188","3,188","1","10","598","1,023","535","409","378","174","52","8","0","3,929","3,929","1","7","1,330","985","349","294","474","303","144","40","2"
"서울특별시 강서구 화곡제8동(1150059300)","5,182","5,182","1","7","930","1,186","778","741","761","529","223","26","0","2,565","2,565","0","1","427","689","475","410","313","181","65","4","0","2,617","2,617","1","6","503","497","303","331","448","348","158","22","0"
"서울특별시 강서구 가양제1동(1150060300)","14,434","14,434","1","37","5,124","5,843","1,688","853","518","246","113","11","0","5,847","5,847","0","9","1,364","2,703","929","525","215","79","21","2","0","8,587","8,587","1","28","3,760","3,140","759","328","303","167","92","9","0"
"서울특별시 강서구 가양제2동(1150060400)","4,747","4,747","0","7","386","875","394","468","1,116","944","470","86","1","2,126","2,126","0","3","121","430","200","258","583","402","115","14","0","2,621","2,621","0","4","265","445","194","210","533","542","355","72","1"
"서울특별시 강서구 가양제3동(1150060500)","3,803","3,803","0","3","231","733","464","474","793","700","360","45","0","1,557","1,557","0","1","90","352","226","269","316","223","75","5","0","2,246","2,246","0","2","141","381","238","205","477","477","285","40","0"
"서울특별시 강서구 발산제1동(1150061100)","3,375","3,375","1","13","405","520","394","513","704","525","247","53","0","1,399","1,399","0","5","207","301","214","248","237","137","42","8","0","1,976","1,976","1","8","198","219","180","265","467","388","205","45","0"
"서울특별시 강서구 우장산동(1150061500)","4,446","4,446","1","11","797","1,052","586","590","664","480","226","37","2","2,018","2,018","1","5","355","612","327","281","248","125","57","6","1","2,428","2,428","0","6","442","440","259","309","416","355","169","31","1"
"서울특별시 강서구 공항동(1150062000)","6,133","6,133","1","11","1,164","1,553","859","856","931","520","206","32","0","3,522","3,522","0","3","604","996","576","571","496","211","61","4","0","2,611","2,611","1","8","560","557","283","285","435","309","145","28","0"
"서울특별시 강서구 방화제1동(1150063000)","5,427","5,427","2","12","702","1,280","719","758","993","630","285","45","1","2,686","2,686","2","3","288","710","459","475","466","227","50","6","0","2,741","2,741","0","9","414","570","260","283","527","403","235","39","1"
"서울특별시 강서구 방화제2동(1150064000)","6,528","6,528","0","14","1,066","1,510","769","828","1,089","770","417","63","2","3,267","3,267","0","4","452","855","475","529","544","298","97","11","2","3,261","3,261","0","10","614","655","294","299","545","472","320","52","0"
"서울특별시 강서구 방화제3동(1150064100)","5,320","5,320","1","3","333","936","739","730","1,074","926","486","91","1","2,468","2,468","1","2","153","519","415","429","472","337","127","13","0","2,852","2,852","0","1","180","417","324","301","602","589","359","78","1"
"서울특별시 구로구 (1153000000)","77,660","77,660","26","257","13,599","17,529","9,775","10,720","12,220","8,337","4,541","635","21","38,484","38,484","15","116","5,734","10,056","5,901","6,596","5,964","2,836","1,147","112","7","39,176","39,176","11","141","7,865","7,473","3,874","4,124","6,256","5,501","3,394","523","14"
"서울특별시 구로구 신도림동(1153051000)","4,080","4,080","3","6","687","1,333","690","428","419","294","188","32","0","1,795","1,795","2","5","229","660","358","234","188","76","36","7","0","2,285","2,285","1","1","458","673","332","194","231","218","152","25","0"
"서울특별시 구로구 구로제1동(1153052000)","2,512","2,512","0","6","387","772","421","307","305","189","105","20","0","1,166","1,166","0","2","144","449","247","165","89","44","23","3","0","1,346","1,346","0","4","243","323","174","142","216","145","82","17","0"
"서울특별시 구로구 구로제2동(1153053000)","6,426","6,426","5","20","819","983","677","1,231","1,379","793","461","58","0","3,366","3,366","4","11","358","616","434","782","762","264","124","11","0","3,060","3,060","1","9","461","367","243","449","617","529","337","47","0"
"서울특별시 구로구 구로제3동(1153054000)","8,412","8,412","7","29","2,548","2,466","1,235","862","621","397","215","32","0","4,758","4,758","3","7","1,286","1,581","789","578","323","129","53","9","0","3,654","3,654","4","22","1,262","885","446","284","298","268","162","23","0"
"서울특별시 구로구 구로제4동(1153055000)","5,476","5,476","2","17","853","992","622","845","1,011","676","409","46","3","2,527","2,527","0","10","293","557","367","485","474","232","98","9","2","2,949","2,949","2","7","560","435","255","360","537","444","311","37","1"
"서울특별시 구로구 구로제5동(1153056000)","8,598","8,598","0","22","2,330","2,448","1,083","939","883","543","296","53","1","4,223","4,223","0","12","878","1,361","626","586","456","202","90","12","0","4,375","4,375","0","10","1,452","1,087","457","353","427","341","206","41","1"
"서울특별시 구로구 가리봉동(1153059500)","4,387","4,387","3","23","1,014","901","381","698","761","363","202","39","2","2,676","2,676","3","12","532","629","251","518","490","177","61","2","1","1,711","1,711","0","11","482","272","130","180","271","186","141","37","1"
"서울특별시 구로구 고척제1동(1153072000)","3,974","3,974","0","32","617","905","512","513","629","440","284","39","3","2,140","2,140","0","16","337","557","337","345","318","161","65","4","0","1,834","1,834","0","16","280","348","175","168","311","279","219","35","3"
"서울특별시 구로구 고척제2동(1153073000)","4,177","4,177","0","6","346","579","473","749","938","646","391","47","2","2,057","2,057","0","1","149","345","280","460","483","210","119","9","1","2,120","2,120","0","5","197","234","193","289","455","436","272","38","1"
"서울특별시 구로구 개봉제1동(1153074000)","5,654","5,654","2","8","493","959","688","986","1,198","869","393","57","1","2,919","2,919","1","6","232","558","424","634","626","331","95","12","0","2,735","2,735","1","2","261","401","264","352","572","538","298","45","1"
"서울특별시 구로구 개봉제2동(1153075000)","3,488","3,488","1","7","250","502","487","522","759","612","297","49","2","1,592","1,592","1","4","107","297","297","300","317","191","71","5","2","1,896","1,896","0","3","143","205","190","222","442","421","226","44","0"
"서울특별시 구로구 개봉제3동(1153076000)","2,888","2,888","0","7","171","392","387","514","677","475","240","23","2","1,341","1,341","0","4","82","238","221","308","279","148","56","5","0","1,547","1,547","0","3","89","154","166","206","398","327","184","18","2"
"서울특별시 구로구 오류제1동(1153077000)","7,417","7,417","1","45","2,086","2,051","875","760","721","533","305","38","2","3,389","3,389","0","11","679","1,044","523","474","362","216","75","4","1","4,028","4,028","1","34","1,407","1,007","352","286","359","317","230","34","1"
"서울특별시 구로구 오류제2동(1153078000)","5,032","5,032","1","11","543","1,116","577","677","859","776","416","56","0","2,126","2,126","1","4","206","558","361","361","326","202","94","13","0","2,906","2,906","0","7","337","558","216","316","533","574","322","43","0"
"서울특별시 구로구 수궁동(1153079000)","3,471","3,471","0","17","288","563","430","496","809","547","277","41","3","1,662","1,662","0","10","152","320","255","272","391","190","67","5","0","1,809","1,809","0","7","136","243","175","224","418","357","210","36","3"
"서울특별시 구로구 항동(1153080000)","1,668","1,668","1","1","167","567","237","193","251","184","62","5","0","747","747","0","1","70","286","131","94","80","63","20","2","0","921","921","1","0","97","281","106","99","171","121","42","3","0"
"서울특별시 금천구 (1154500000)","64,321","64,321","45","184","13,825","15,583","7,109","8,925","9,725","5,547","2,966","405","7","34,158","34,158","25","70","6,204","9,502","4,597","5,633","5,309","2,010","723","83","2","30,163","30,163","20","114","7,621","6,081","2,512","3,292","4,416","3,537","2,243","322","5"
"서울특별시 금천구 가산동(1154551000)","14,518","14,518","1","40","5,345","4,929","1,530","1,192","854","400","204","22","1","8,289","8,289","1","15","2,419","3,085","1,045","878","602","182","57","5","0","6,229","6,229","0","25","2,926","1,844","485","314","252","218","147","17","1"
"서울특별시 금천구 독산제1동(1154561000)","14,703","14,703","3","39","4,431","4,735","1,714","1,400","1,220","729","393","38","1","7,986","7,986","3","13","1,917","2,849","1,124","980","718","268","108","5","1","6,717","6,717","0","26","2,514","1,886","590","420","502","461","285","33","0"
"서울특별시 금천구 독산제2동(1154562000)","4,681","4,681","11","16","533","812","521","907","1,013","559","270","39","0","2,491","2,491","4","9","254","492","329","539","579","208","68","9","0","2,190","2,190","7","7","279","320","192","368","434","351","202","30","0"
"서울특별시 금천구 독산제3동(1154563000)","6,786","6,786","2","23","1,209","1,378","707","1,126","1,316","620","344","59","2","3,608","3,608","1","6","546","854","479","673","704","248","82","15","0","3,178","3,178","1","17","663","524","228","453","612","372","262","44","2"
"서울특별시 금천구 독산제4동(1154564000)","3,745","3,745","5","10","399","604","419","812","918","390","165","23","0","1,991","1,991","4","1","182","367","252","507","508","129","36","5","0","1,754","1,754","1","9","217","237","167","305","410","261","129","18","0"
"서울특별시 금천구 시흥제1동(1154567000)","8,167","8,167","8","26","1,215","1,690","973","1,315","1,464","909","479","87","1","4,091","4,091","4","10","533","968","610","781","734","316","116","19","0","4,076","4,076","4","16","682","722","363","534","730","593","363","68","1"
"서울특별시 금천구 시흥제2동(1154568000)","2,298","2,298","0","3","61","206","236","370","642","454","284","40","2","947","947","0","1","33","122","132","178","263","144","65","8","1","1,351","1,351","0","2","28","84","104","192","379","310","219","32","1"
"서울특별시 금천구 시흥제3동(1154569000)","1,696","1,696","2","1","110","241","193","319","407","262","148","13","0","865","865","2","0","58","154","132","201","199","90","27","2","0","831","831","0","1","52","87","61","118","208","172","121","11","0"
"서울특별시 금천구 시흥제4동(1154570000)","3,493","3,493","8","7","219","455","361","690","901","541","280","31","0","1,750","1,750","4","6","120","282","214","389","468","190","72","5","0","1,743","1,743","4","1","99","173","147","301","433","351","208","26","0"
"서울특별시 금천구 시흥제5동(1154571000)","4,234","4,234","5","19","303","533","455","794","990","683","399","53","0","2,140","2,140","2","9","142","329","280","507","534","235","92","10","0","2,094","2,094","3","10","161","204","175","287","456","448","307","43","0"
"서울특별시 영등포구 (1156000000)","97,361","97,361","21","233","23,216","28,362","11,443","11,014","11,238","7,103","4,045","665","21","48,416","48,416","10","104","9,146","15,733","6,725","6,880","6,067","2,627","968","152","4","48,945","48,945","11","129","14,070","12,629","4,718","4,134","5,171","4,476","3,077","513","17"
"서울특별시 영등포구 영등포본동(1156051500)","5,033","5,033","3","14","706","925","627","854","981","591","294","37","1","2,850","2,850","1","2","350","572","399","583","599","241","96","7","0","2,183","2,183","2","12","356","353","228","271","382","350","198","30","1"
"서울특별시 영등포구 영등포동(1156053500)","17,249","17,249","0","27","5,836","6,115","1,643","1,375","1,302","655","243","51","2","9,136","9,136","0","14","2,155","3,406","1,004","1,086","983","378","92","18","0","8,113","8,113","0","13","3,681","2,709","639","289","319","277","151","33","2"
"서울특별시 영등포구 여의동(1156054000)","4,572","4,572","4","8","505","1,391","769","589","502","370","342","88","4","1,964","1,964","2","5","182","719","386","278","222","94","54","21","1","2,608","2,608","2","3","323","672","383","311","280","276","288","67","3"
"서울특별시 영등포구 당산제1동(1156055000)","6,663","6,663","1","16","1,668","2,204","774","663","679","401","221","36","0","3,301","3,301","0","9","654","1,220","428","412","350","150","68","10","0","3,362","3,362","1","7","1,014","984","346","251","329","251","153","26","0"
"서울특별시 영등포구 당산제2동(1156056000)","10,144","10,144","1","32","3,421","3,908","1,086","630","487","319","222","36","2","4,358","4,358","0","15","1,132","1,888","564","361","253","96","39","9","1","5,786","5,786","1","17","2,289","2,020","522","269","234","223","183","27","1"
"서울특별시 영등포구 도림동(1156058500)","5,434","5,434","0","16","1,062","1,360","705","772","776","429","280","32","2","2,929","2,929","0","8","480","800","426","512","456","172","69","5","1","2,505","2,505","0","8","582","560","279","260","320","257","211","27","1"
"서울특별시 영등포구 문래동(1156060500)","4,050","4,050","0","8","670","1,197","637","467","419","365","242","43","2","1,883","1,883","0","4","258","639","350","258","192","111","60","10","1","2,167","2,167","0","4","412","558","287","209","227","254","182","33","1"
"서울특별시 영등포구 양평제1동(1156061000)","5,574","5,574","1","13","1,546","1,898","735","506","390","270","188","27","0","2,605","2,605","1","5","554","975","428","314","201","77","46","4","0","2,969","2,969","0","8","992","923","307","192","189","193","142","23","0"
"서울특별시 영등포구 양평제2동(1156062000)","5,404","5,404","0","8","1,448","2,064","720","390","385","234","131","24","0","2,610","2,610","0","6","526","1,118","400","243","214","78","20","5","0","2,794","2,794","0","2","922","946","320","147","171","156","111","19","0"
"서울특별시 영등포구 신길제1동(1156063000)","7,464","7,464","0","26","1,930","1,945","844","929","865","573","301","49","2","3,999","3,999","0","12","878","1,202","532","601","477","214","71","12","0","3,465","3,465","0","14","1,052","743","312","328","388","359","230","37","2"
"서울특별시 영등포구 신길제3동(1156065000)","3,204","3,204","1","6","426","614","354","512","649","379","229","33","1","1,592","1,592","0","3","172","370","232","303","319","139","50","4","0","1,612","1,612","1","3","254","244","122","209","330","240","179","29","1"
"서울특별시 영등포구 신길제4동(1156066000)","2,415","2,415","0","6","264","422","275","377","530","343","170","27","1","1,170","1,170","0","2","118","246","170","225","246","119","40","4","0","1,245","1,245","0","4","146","176","105","152","284","224","130","23","1"
"서울특별시 영등포구 신길제5동(1156067000)","1,838","1,838","0","4","175","292","227","316","398","280","130","16","0","944","944","0","2","85","183","149","186","208","98","30","3","0","894","894","0","2","90","109","78","130","190","182","100","13","0"
"서울특별시 영등포구 신길제6동(1156068000)","4,499","4,499","0","10","1,197","1,232","488","461","527","353","198","33","0","2,078","2,078","0","5","461","653","283","264","241","129","34","8","0","2,421","2,421","0","5","736","579","205","197","286","224","164","25","0"
"서울특별시 영등포구 신길제7동(1156069000)","2,238","2,238","0","5","420","595","296","279","294","191","130","28","0","1,149","1,149","0","3","206","382","179","167","118","63","22","9","0","1,089","1,089","0","2","214","213","117","112","176","128","108","19","0"
"서울특별시 영등포구 대림제1동(1156070000)","3,206","3,206","1","6","537","521","339","520","606","428","207","40","1","1,570","1,570","1","1","253","323","216","302","282","131","53","8","0","1,636","1,636","0","5","284","198","123","218","324","297","154","32","1"
"서울특별시 영등포구 대림제2동(1156071000)","4,025","4,025","6","17","864","874","452","615","561","392","209","33","2","1,975","1,975","3","6","413","505","278","339","249","123","51","8","0","2,050","2,050","3","11","451","369","174","276","312","269","158","25","2"
"서울특별시 영등포구 대림제3동(1156072000)","4,349","4,349","3","11","541","805","472","759","887","530","308","32","1","2,303","2,303","2","2","269","532","301","446","457","214","73","7","0","2,046","2,046","1","9","272","273","171","313","430","316","235","25","1"
"서울특별시 동작구 (1159000000)","90,069","90,069","13","557","27,367","21,731","9,936","8,907","9,640","7,103","4,104","688","23","43,383","43,383","4","246","12,527","12,458","5,711","5,086","4,246","2,065","907","127","6","46,686","46,686","9","311","14,840","9,273","4,225","3,821","5,394","5,038","3,197","561","17"
"서울특별시 동작구 노량진제1동(1159051000)","9,842","9,842","1","36","3,264","2,706","1,057","800","854","624","433","67","0","5,438","5,438","0","24","1,727","1,806","697","519","388","186","81","10","0","4,404","4,404","1","12","1,537","900","360","281","466","438","352","57","0"
"서울특별시 동작구 노량진제2동(1159052000)","4,165","4,165","0","8","1,167","1,086","438","432","527","334","142","30","1","2,326","2,326","0","6","577","675","301","287","285","141","45","9","0","1,839","1,839","0","2","590","411","137","145","242","193","97","21","1"
"서울특별시 동작구 상도제1동(1159053000)","11,959","11,959","3","264","6,233","1,779","843","776","845","703","446","65","2","5,857","5,857","1","130","3,297","1,039","430","374","317","178","81","10","0","6,102","6,102","2","134","2,936","740","413","402","528","525","365","55","2"
"서울특별시 동작구 상도제2동(1159054000)","5,085","5,085","0","21","1,436","1,226","664","536","533","366","239","58","6","2,228","2,228","0","11","571","646","354","287","199","103","44","11","2","2,857","2,857","0","10","865","580","310","249","334","263","195","47","4"
"서울특별시 동작구 상도제3동(1159055000)","6,087","6,087","1","19","1,592","1,562","675","669","721","508","300","38","2","2,816","2,816","0","9","620","861","384","378","332","163","64","5","0","3,271","3,271","1","10","972","701","291","291","389","345","236","33","2"
"서울특별시 동작구 상도제4동(1159056000)","7,169","7,169","1","16","1,510","1,737","895","888","977","695","401","48","1","3,433","3,433","1","5","633","974","544","535","442","190","100","9","0","3,736","3,736","0","11","877","763","351","353","535","505","301","39","1"
"서울특별시 동작구 흑석동(1159060500)","4,603","4,603","0","56","1,438","750","505","545","514","412","316","67","0","2,202","2,202","0","21","747","465","300","287","196","113","63","10","0","2,401","2,401","0","35","691","285","205","258","318","299","253","57","0"
"서울특별시 동작구 사당제1동(1159062000)","9,022","9,022","1","40","3,071","2,720","995","729","772","453","210","29","2","4,383","4,383","0","11","1,304","1,518","560","417","353","143","70","7","0","4,639","4,639","1","29","1,767","1,202","435","312","419","310","140","22","2"
"서울특별시 동작구 사당제2동(1159063000)","4,580","4,580","1","7","665","980","683","628","682","573","306","53","2","2,040","2,040","0","2","277","539","384","322","294","148","64","9","1","2,540","2,540","1","5","388","441","299","306","388","425","242","44","1"
"서울특별시 동작구 사당제3동(1159064000)","3,824","3,824","0","9","706","938","501","473","547","417","206","27","0","1,811","1,811","0","1","283","516","277","288","257","136","45","8","0","2,013","2,013","0","8","423","422","224","185","290","281","161","19","0"
"서울특별시 동작구 사당제4동(1159065000)","3,847","3,847","0","14","1,031","963","453","371","454","345","183","33","0","1,768","1,768","0","2","406","525","263","230","200","92","42","8","0","2,079","2,079","0","12","625","438","190","141","254","253","141","25","0"
"서울특별시 동작구 사당제5동(1159065100)","2,850","2,850","1","9","626","722","381","331","353","264","135","26","2","1,260","1,260","0","3","231","389","203","188","153","58","30","5","0","1,590","1,590","1","6","395","333","178","143","200","206","105","21","2"
"서울특별시 동작구 대방동(1159066000)","7,635","7,635","3","24","2,152","2,128","819","726","738","629","344","69","3","3,347","3,347","1","9","806","1,109","449","420","315","157","65","14","2","4,288","4,288","2","15","1,346","1,019","370","306","423","472","279","55","1"
"서울특별시 동작구 신대방제1동(1159067000)","4,310","4,310","1","12","918","965","490","526","653","452","245","48","0","2,081","2,081","1","2","404","576","288","296","288","158","59","9","0","2,229","2,229","0","10","514","389","202","230","365","294","186","39","0"
"서울특별시 동작구 신대방제2동(1159068000)","5,091","5,091","0","22","1,558","1,469","537","477","470","328","198","30","2","2,393","2,393","0","10","644","820","277","258","227","99","54","3","1","2,698","2,698","0","12","914","649","260","219","243","229","144","27","1"
"서울특별시 관악구 (1162000000)","180,426","180,426","20","1,003","64,207","49,060","18,236","15,826","15,641","10,216","5,473","727","17","95,962","95,962","14","472","30,716","29,962","11,714","10,142","7,931","3,550","1,311","147","3","84,464","84,464","6","531","33,491","19,098","6,522","5,684","7,710","6,666","4,162","580","14"
"서울특별시 관악구 보라매동(1162052500)","7,295","7,295","0","24","2,123","1,991","767","717","745","577","289","61","1","3,708","3,708","0","9","942","1,226","483","429","360","193","58","8","0","3,587","3,587","0","15","1,181","765","284","288","385","384","231","53","1"
"서울특별시 관악구 청림동(1162054500)","2,147","2,147","0","1","231","408","297","273","400","305","198","34","0","959","959","0","0","114","247","176","137","151","87","39","8","0","1,188","1,188","0","1","117","161","121","136","249","218","159","26","0"
"서울특별시 관악구 성현동(1162056500)","4,363","4,363","0","6","656","770","430","569","830","648","401","52","1","1,871","1,871","0","3","300","448","260","281","303","171","97","8","0","2,492","2,492","0","3","356","322","170","288","527","477","304","44","1"
"서울특별시 관악구 행운동(1162057500)","12,374","12,374","0","71","4,996","3,751","1,120","752","820","537","289","37","1","6,079","6,079","0","29","2,148","2,118","653","461","426","170","67","7","0","6,295","6,295","0","42","2,848","1,633","467","291","394","367","222","30","1"
"서울특별시 관악구 낙성대동(1162058500)","9,320","9,320","3","110","4,460","2,743","706","476","406","246","155","15","0","4,933","4,933","3","61","2,196","1,571","428","312","233","93","31","5","0","4,387","4,387","0","49","2,264","1,172","278","164","173","153","124","10","0"
"서울특별시 관악구 청룡동(1162059500)","18,005","18,005","2","125","8,748","4,924","1,246","961","972","654","329","42","2","8,724","8,724","1","64","3,800","2,710","730","575","507","240","86","10","1","9,281","9,281","1","61","4,948","2,214","516","386","465","414","243","32","1"
"서울특별시 관악구 은천동(1162060500)","7,814","7,814","0","26","2,075","1,959","771","830","956","759","395","43","0","3,767","3,767","0","10","898","1,142","460","479","407","255","104","12","0","4,047","4,047","0","16","1,177","817","311","351","549","504","291","31","0"
"서울특별시 관악구 중앙동(1162061500)","7,567","7,567","3","51","3,229","2,205","611","443","464","350","180","31","0","3,574","3,574","3","22","1,297","1,206","350","261","243","139","42","11","0","3,993","3,993","0","29","1,932","999","261","182","221","211","138","20","0"
"서울특별시 관악구 인헌동(1162062500)","9,016","9,016","1","52","3,259","2,721","899","687","633","467","273","23","1","4,476","4,476","1","31","1,524","1,498","538","404","282","124","68","5","1","4,540","4,540","0","21","1,735","1,223","361","283","351","343","205","18","0"
"서울특별시 관악구 남현동(1162063000)","5,807","5,807","1","25","1,984","1,841","614","429","454","309","130","20","0","2,945","2,945","0","7","929","1,069","352","241","197","109","37","4","0","2,862","2,862","1","18","1,055","772","262","188","257","200","93","16","0"
"서울특별시 관악구 서원동(1162064500)","10,838","10,838","1","62","4,357","3,317","1,089","723","637","416","214","22","0","6,130","6,130","1","21","2,236","2,184","711","447","313","153","58","6","0","4,708","4,708","0","41","2,121","1,133","378","276","324","263","156","16","0"
"서울특별시 관악구 신원동(1162065500)","7,683","7,683","0","40","2,539","2,122","765","727","718","470","274","27","1","4,234","4,234","0","15","1,317","1,390","483","446","361","159","59","4","0","3,449","3,449","0","25","1,222","732","282","281","357","311","215","23","1"
"서울특별시 관악구 서림동(1162066500)","10,695","10,695","3","59","3,635","3,056","1,412","1,064","807","402","219","36","2","6,805","6,805","1","25","2,122","2,144","1,027","782","489","161","51","3","0","3,890","3,890","2","34","1,513","912","385","282","318","241","168","33","2"
"서울특별시 관악구 신사동(1162068500)","10,279","10,279","3","74","4,102","2,667","953","871","822","506","248","31","2","5,235","5,235","3","35","1,796","1,590","587","544","424","184","64","8","0","5,044","5,044","0","39","2,306","1,077","366","327","398","322","184","23","2"
"서울특별시 관악구 신림동(1162069500)","16,596","16,596","0","112","7,401","5,332","1,628","1,002","653","323","128","17","0","9,311","9,311","0","54","3,577","3,356","1,049","681","405","140","46","3","0","7,285","7,285","0","58","3,824","1,976","579","321","248","183","82","14","0"
"서울특별시 관악구 난향동(1162071500)","1,994","1,994","0","1","108","222","334","412","436","282","170","29","0","977","977","0","1","55","148","212","250","204","76","29","2","0","1,017","1,017","0","0","53","74","122","162","232","206","141","27","0"
"서울특별시 관악구 조원동(1162072500)","8,097","8,097","1","50","2,773","2,357","832","733","749","375","198","28","1","4,178","4,178","0","19","1,169","1,348","513","484","433","159","47","6","0","3,919","3,919","1","31","1,604","1,009","319","249","316","216","151","22","1"
"서울특별시 관악구 대학동(1162073500)","13,907","13,907","0","76","5,000","3,710","1,876","1,650","930","405","231","29","0","9,686","9,686","0","50","3,092","2,771","1,487","1,378","653","188","63","4","0","4,221","4,221","0","26","1,908","939","389","272","277","217","168","25","0"
"서울특별시 관악구 삼성동(1162074500)","4,114","4,114","0","6","258","467","466","744","951","733","440","47","2","2,005","2,005","0","2","124","297","311","473","438","255","95","10","0","2,109","2,109","0","4","134","170","155","271","513","478","345","37","2"
"서울특별시 관악구 미성동(1162076500)","6,318","6,318","1","18","1,343","1,382","677","824","1,031","688","305","47","2","3,180","3,180","1","7","640","829","431","499","475","220","70","7","1","3,138","3,138","0","11","703","553","246","325","556","468","235","40","1"
"서울특별시 관악구 난곡동(1162077500)","6,197","6,197","1","14","930","1,115","743","939","1,227","764","407","56","1","3,185","3,185","0","7","440","670","473","578","627","274","100","16","0","3,012","3,012","1","7","490","445","270","361","600","490","307","40","1"
"서울특별시 서초구 (1165000000)","60,284","60,284","23","238","10,431","17,059","9,850","7,570","6,976","5,088","2,558","475","16","27,209","27,209","10","85","4,120","8,768","5,027","3,938","2,991","1,547","618","100","5","33,075","33,075","13","153","6,311","8,291","4,823","3,632","3,985","3,541","1,940","375","11"
"서울특별시 서초구 서초1동(1165051000)","4,422","4,422","1","18","740","1,334","815","582","457","280","153","40","2","2,037","2,037","0","9","309","655","378","310","216","106","40","12","2","2,385","2,385","1","9","431","679","437","272","241","174","113","28","0"
"서울특별시 서초구 서초2동(1165052000)","5,108","5,108","0","16","1,248","2,034","787","411","305","200","82","24","1","2,192","2,192","0","6","401","966","367","216","147","54","28","7","0","2,916","2,916","0","10","847","1,068","420","195","158","146","54","17","1"
"서울특별시 서초구 서초3동(1165053000)","7,434","7,434","0","32","1,988","2,343","1,060","785","599","389","198","37","3","3,195","3,195","0","10","619","1,095","530","436","306","145","48","4","2","4,239","4,239","0","22","1,369","1,248","530","349","293","244","150","33","1"
"서울특별시 서초구 서초4동(1165053100)","2,210","2,210","3","11","282","599","370","277","262","231","147","28","0","994","994","1","3","98","323","203","140","115","65","39","7","0","1,216","1,216","2","8","184","276","167","137","147","166","108","21","0"
"서울특별시 서초구 잠원동(1165054000)","3,410","3,410","2","8","488","910","584","509","455","272","148","33","1","1,551","1,551","1","4","216","475","297","261","190","77","28","2","0","1,859","1,859","1","4","272","435","287","248","265","195","120","31","1"
"서울특별시 서초구 반포본동(1165055000)","54","54","0","3","7","6","7","15","9","3","4","0","0","26","26","0","0","3","3","4","8","5","2","1","0","0","28","28","0","3","4","3","3","7","4","1","3","0","0"
"서울특별시 서초구 반포1동(1165056000)","6,108","6,108","0","21","1,242","1,882","1,140","765","520","356","150","32","0","3,157","3,157","0","7","567","1,050","644","493","242","118","32","4","0","2,951","2,951","0","14","675","832","496","272","278","238","118","28","0"
"서울특별시 서초구 반포2동(1165057000)","980","980","2","5","45","167","199","161","144","153","95","9","0","354","354","1","2","21","89","99","64","40","22","14","2","0","626","626","1","3","24","78","100","97","104","131","81","7","0"
"서울특별시 서초구 반포3동(1165058000)","1,292","1,292","2","4","59","234","211","195","205","218","133","30","1","408","408","1","0","18","116","96","64","46","45","16","6","0","884","884","1","4","41","118","115","131","159","173","117","24","1"
"서울특별시 서초구 반포4동(1165058100)","1,787","1,787","1","12","202","412","314","279","231","204","103","27","2","702","702","0","6","73","209","144","112","73","54","23","7","1","1,085","1,085","1","6","129","203","170","167","158","150","80","20","1"
"서울특별시 서초구 방배본동(1165059000)","2,402","2,402","1","4","300","611","392","347","330","241","142","33","1","1,050","1,050","1","1","109","294","208","184","134","73","34","12","0","1,352","1,352","0","3","191","317","184","163","196","168","108","21","1"
"서울특별시 서초구 방배1동(1165060000)","3,063","3,063","1","35","508","858","543","360","342","266","135","15","0","1,272","1,272","0","9","189","408","233","172","146","82","31","2","0","1,791","1,791","1","26","319","450","310","188","196","184","104","13","0"
"서울특별시 서초구 방배2동(1165061000)","2,899","2,899","1","7","444","702","446","346","413","320","190","29","1","1,294","1,294","0","2","207","361","229","172","165","95","59","4","0","1,605","1,605","1","5","237","341","217","174","248","225","131","25","1"
"서울특별시 서초구 방배3동(1165062000)","1,290","1,290","1","12","192","267","185","160","202","162","85","23","1","570","570","1","3","75","150","110","71","83","52","20","5","0","720","720","0","9","117","117","75","89","119","110","65","18","1"
"서울특별시 서초구 방배4동(1165062100)","3,444","3,444","0","13","477","994","608","463","367","310","182","30","0","1,411","1,411","0","6","162","456","266","222","148","95","47","9","0","2,033","2,033","0","7","315","538","342","241","219","215","135","21","0"
"서울특별시 서초구 양재1동(1165065100)","6,357","6,357","2","20","840","1,496","942","837","1,065","799","298","56","2","2,895","2,895","0","10","408","840","520","403","404","228","73","9","0","3,462","3,462","2","10","432","656","422","434","661","571","225","47","2"
"서울특별시 서초구 양재2동(1165065200)","5,800","5,800","1","10","1,123","1,753","900","744","700","390","164","14","1","3,085","3,085","1","3","541","1,028","518","432","370","144","43","5","0","2,715","2,715","0","7","582","725","382","312","330","246","121","9","1"
"서울특별시 서초구 내곡동(1165066000)","2,224","2,224","5","7","246","457","347","334","370","294","149","15","0","1,016","1,016","3","4","104","250","181","178","161","90","42","3","0","1,208","1,208","2","3","142","207","166","156","209","204","107","12","0"
"서울특별시 강남구 (1168000000)","97,772","97,772","35","380","16,959","28,864","17,158","11,400","10,565","7,841","3,822","720","28","43,924","43,924","15","164","6,598","14,461","8,567","6,157","4,534","2,412","881","129","6","53,848","53,848","20","216","10,361","14,403","8,591","5,243","6,031","5,429","2,941","591","22"
"서울특별시 강남구 신사동(1168051000)","2,525","2,525","0","11","394","691","423","342","253","218","156","37","0","1,107","1,107","0","4","161","336","220","178","102","59","37","10","0","1,418","1,418","0","7","233","355","203","164","151","159","119","27","0"
"서울특별시 강남구 논현1동(1168052100)","9,309","9,309","1","29","2,105","3,281","1,790","999","588","331","162","21","2","4,503","4,503","0","14","851","1,734","848","570","301","117","61","7","0","4,806","4,806","1","15","1,254","1,547","942","429","287","214","101","14","2"
"서울특별시 강남구 논현2동(1168053100)","6,499","6,499","3","13","1,266","2,194","1,338","774","446","289","141","32","3","2,925","2,925","1","4","449","1,053","667","422","216","80","30","2","1","3,574","3,574","2","9","817","1,141","671","352","230","209","111","30","2"
"서울특별시 강남구 압구정동(1168054500)","2,679","2,679","1","14","250","512","459","392","387","345","254","62","3","1,085","1,085","0","3","106","258","232","200","129","92","53","11","1","1,594","1,594","1","11","144","254","227","192","258","253","201","51","2"
"서울특별시 강남구 청담동(1168056500)","4,173","4,173","7","13","673","1,165","889","557","437","261","147","22","2","1,661","1,661","5","3","182","510","403","274","171","79","29","4","1","2,512","2,512","2","10","491","655","486","283","266","182","118","18","1"
"서울특별시 강남구 삼성1동(1168058000)","1,959","1,959","0","11","258","567","359","281","221","153","90","19","0","939","939","0","6","114","297","197","151","99","48","22","5","0","1,020","1,020","0","5","144","270","162","130","122","105","68","14","0"
"서울특별시 강남구 삼성2동(1168059000)","6,067","6,067","2","9","1,051","2,031","1,268","733","436","320","181","35","1","2,600","2,600","2","4","393","928","549","379","201","95","43","6","0","3,467","3,467","0","5","658","1,103","719","354","235","225","138","29","1"
"서울특별시 강남구 대치1동(1168060000)","547","547","0","4","38","61","74","62","130","103","69","5","1","203","203","0","3","16","37","34","32","45","23","12","1","0","344","344","0","1","22","24","40","30","85","80","57","4","1"
"서울특별시 강남구 대치2동(1168061000)","2,473","2,473","1","41","391","646","348","294","325","282","122","20","3","1,096","1,096","0","23","173","341","185","157","121","66","26","4","0","1,377","1,377","1","18","218","305","163","137","204","216","96","16","3"
"서울특별시 강남구 대치4동(1168063000)","5,362","5,362","3","82","1,006","1,701","1,105","722","414","213","103","12","1","2,561","2,561","0","35","461","877","509","395","189","64","27","4","0","2,801","2,801","3","47","545","824","596","327","225","149","76","8","1"
"서울특별시 강남구 역삼1동(1168064000)","17,811","17,811","4","65","4,227","6,702","3,375","1,749","1,065","422","175","26","1","8,992","8,992","1","27","1,736","3,500","1,795","1,101","585","187","56","4","0","8,819","8,819","3","38","2,491","3,202","1,580","648","480","235","119","22","1"
"서울특별시 강남구 역삼2동(1168065000)","6,459","6,459","2","20","1,408","2,101","1,222","749","479","297","151","30","0","2,923","2,923","1","10","514","1,007","618","417","240","82","31","3","0","3,536","3,536","1","10","894","1,094","604","332","239","215","120","27","0"
"서울특별시 강남구 도곡1동(1168065500)","2,601","2,601","0","11","470","806","395","287","290","218","108","16","0","1,230","1,230","0","9","222","430","198","169","109","70","19","4","0","1,371","1,371","0","2","248","376","197","118","181","148","89","12","0"
"서울특별시 강남구 도곡2동(1168065600)","2,169","2,169","1","10","171","419","332","319","388","298","189","42","0","902","902","1","4","74","219","150","134","154","105","51","10","0","1,267","1,267","0","6","97","200","182","185","234","193","138","32","0"
"서울특별시 강남구 개포1동(1168066000)","1,399","1,399","3","2","56","204","219","208","295","301","97","14","0","589","589","0","1","21","123","105","105","113","89","26","6","0","810","810","3","1","35","81","114","103","182","212","71","8","0"
"서울특별시 강남구 개포2동(1168067000)","2,569","2,569","0","13","247","622","449","305","431","351","126","24","1","1,031","1,031","0","5","87","290","224","140","148","106","30","0","1","1,538","1,538","0","8","160","332","225","165","283","245","96","24","0"
"서울특별시 강남구 개포3동(1168067500)","2,543","2,543","0","2","151","447","336","255","463","601","245","41","2","915","915","0","1","66","239","168","115","150","128","41","6","1","1,628","1,628","0","1","85","208","168","140","313","473","204","35","1"
"서울특별시 강남구 개포4동(1168069000)","3,725","3,725","2","13","481","960","630","560","584","328","139","28","0","1,780","1,780","1","3","216","532","338","278","264","107","37","4","0","1,945","1,945","1","10","265","428","292","282","320","221","102","24","0"
"서울특별시 강남구 세곡동(1168070000)","7,848","7,848","4","9","1,541","2,346","1,113","777","893","663","407","89","6","3,180","3,180","3","0","459","1,064","575","412","333","237","83","13","1","4,668","4,668","1","9","1,082","1,282","538","365","560","426","324","76","5"
"서울특별시 강남구 일원본동(1168072000)","1,455","1,455","0","2","108","313","232","182","256","223","102","37","0","519","519","0","1","36","147","103","66","87","59","16","4","0","936","936","0","1","72","166","129","116","169","164","86","33","0"
"서울특별시 강남구 일원1동(1168073000)","3,649","3,649","0","5","575","739","455","433","649","528","226","38","1","1,622","1,622","0","4","235","356","261","250","291","179","40","6","0","2,027","2,027","0","1","340","383","194","183","358","349","186","32","1"
"서울특별시 강남구 수서동(1168075000)","3,951","3,951","1","1","92","356","347","420","1,135","1,096","432","70","1","1,561","1,561","0","0","26","183","188","212","486","340","111","15","0","2,390","2,390","1","1","66","173","159","208","649","756","321","55","1"
"서울특별시 송파구 (1171000000)","109,656","109,656","18","213","19,013","31,787","16,349","13,117","14,539","9,342","4,488","771","19","50,169","50,169","8","95","7,241","16,225","8,643","7,261","6,409","3,087","1,067","127","6","59,487","59,487","10","118","11,772","15,562","7,706","5,856","8,130","6,255","3,421","644","13"
"서울특별시 송파구 풍납1동(1171051000)","2,222","2,222","0","1","172","339","286","356","544","349","163","11","1","1,069","1,069","0","1","81","201","162","194","277","109","41","2","1","1,153","1,153","0","0","91","138","124","162","267","240","122","9","0"
"서울특별시 송파구 풍납2동(1171052000)","3,963","3,963","0","5","907","921","517","490","533","373","178","39","0","1,711","1,711","0","3","280","465","273","270","250","130","38","2","0","2,252","2,252","0","2","627","456","244","220","283","243","140","37","0"
"서울특별시 송파구 거여1동(1171053100)","2,310","2,310","0","2","256","447","299","379","449","289","166","23","0","1,155","1,155","0","0","108","236","187","236","239","96","49","4","0","1,155","1,155","0","2","148","211","112","143","210","193","117","19","0"
"서울특별시 송파구 거여2동(1171053200)","3,373","3,373","0","2","173","484","467","614","786","540","257","48","2","1,502","1,502","0","1","81","290","247","313","334","170","62","4","0","1,871","1,871","0","1","92","194","220","301","452","370","195","44","2"
"서울특별시 송파구 마천1동(1171054000)","3,309","3,309","1","4","198","431","345","642","863","531","266","28","0","1,845","1,845","0","2","107","263","237","446","489","236","63","2","0","1,464","1,464","1","2","91","168","108","196","374","295","203","26","0"
"서울특별시 송파구 마천2동(1171055000)","3,707","3,707","2","2","223","456","433","693","993","594","275","35","1","1,980","1,980","2","1","129","306","281","433","527","228","69","4","0","1,727","1,727","0","1","94","150","152","260","466","366","206","31","1"
"서울특별시 송파구 방이1동(1171056100)","2,011","2,011","0","6","320","557","291","229","302","181","98","27","0","970","970","0","1","144","320","169","123","119","67","22","5","0","1,041","1,041","0","5","176","237","122","106","183","114","76","22","0"
"서울특별시 송파구 방이2동(1171056200)","10,187","10,187","1","15","2,730","3,794","1,340","881","774","446","176","30","0","4,270","4,270","1","7","871","1,686","643","469","370","163","55","5","0","5,917","5,917","0","8","1,859","2,108","697","412","404","283","121","25","0"
"서울특별시 송파구 오륜동(1171056600)","675","675","0","2","28","108","83","75","151","128","73","27","0","247","247","0","1","18","65","44","30","40","31","11","7","0","428","428","0","1","10","43","39","45","111","97","62","20","0"
"서울특별시 송파구 오금동(1171057000)","5,157","5,157","1","11","502","1,006","766","806","1,036","645","321","63","0","2,360","2,360","1","5","208","587","430","429","401","222","65","12","0","2,797","2,797","0","6","294","419","336","377","635","423","256","51","0"
"서울특별시 송파구 송파1동(1171058000)","6,771","6,771","0","20","1,596","2,567","936","576","544","359","151","21","1","2,995","2,995","0","4","583","1,295","424","291","233","116","43","5","1","3,776","3,776","0","16","1,013","1,272","512","285","311","243","108","16","0"
"서울특별시 송파구 송파2동(1171059000)","1,864","1,864","1","5","279","523","270","209","284","185","93","15","0","844","844","0","3","121","282","139","115","104","62","17","1","0","1,020","1,020","1","2","158","241","131","94","180","123","76","14","0"
"서울특별시 송파구 석촌동(1171060000)","9,740","9,740","1","16","1,953","3,360","1,480","1,010","1,074","561","243","41","1","4,620","4,620","0","8","757","1,669","788","567","537","213","74","7","0","5,120","5,120","1","8","1,196","1,691","692","443","537","348","169","34","1"
"서울특별시 송파구 삼전동(1171061000)","9,197","9,197","1","16","1,907","3,066","1,484","981","929","534","226","49","4","4,211","4,211","1","10","781","1,477","747","551","398","196","44","6","0","4,986","4,986","0","6","1,126","1,589","737","430","531","338","182","43","4"
"서울특별시 송파구 가락본동(1171062000)","4,842","4,842","0","8","753","1,220","780","752","728","377","192","31","1","2,625","2,625","0","4","363","744","469","473","358","149","59","6","0","2,217","2,217","0","4","390","476","311","279","370","228","133","25","1"
"서울특별시 송파구 가락1동(1171063100)","1,607","1,607","0","2","78","453","314","150","234","256","110","10","0","636","636","0","2","33","229","165","45","70","63","27","2","0","971","971","0","0","45","224","149","105","164","193","83","8","0"
"서울특별시 송파구 가락2동(1171063200)","3,672","3,672","2","5","666","986","489","462","520","326","179","36","1","1,751","1,751","1","2","276","555","283","275","211","101","39","8","0","1,921","1,921","1","3","390","431","206","187","309","225","140","28","1"
"서울특별시 송파구 문정1동(1171064100)","3,602","3,602","0","8","905","1,087","461","384","414","218","105","20","0","1,799","1,799","0","3","376","637","272","231","183","74","19","4","0","1,803","1,803","0","5","529","450","189","153","231","144","86","16","0"
"서울특별시 송파구 문정2동(1171064200)","9,138","9,138","1","12","2,103","4,050","1,651","634","317","200","137","33","0","3,824","3,824","0","6","628","1,834","780","355","119","64","29","9","0","5,314","5,314","1","6","1,475","2,216","871","279","198","136","108","24","0"
"서울특별시 송파구 장지동(1171064600)","4,077","4,077","1","36","466","952","607","578","720","466","207","43","1","1,898","1,898","0","15","239","542","338","312","268","132","45","7","0","2,179","2,179","1","21","227","410","269","266","452","334","162","36","1"
"서울특별시 송파구 위례동(1171064700)","2,224","2,224","1","3","222","515","415","335","388","243","85","16","1","917","917","1","1","76","266","234","149","115","53","21","1","0","1,307","1,307","0","2","146","249","181","186","273","190","64","15","1"
"서울특별시 송파구 잠실본동(1171065000)","10,006","10,006","2","12","2,317","3,450","1,538","1,051","963","463","182","26","2","4,773","4,773","1","4","883","1,780","807","605","462","174","50","6","1","5,233","5,233","1","8","1,434","1,670","731","446","501","289","132","20","1"
"서울특별시 송파구 잠실2동(1171067000)","1,591","1,591","1","2","72","318","331","231","239","244","139","14","0","554","554","0","1","25","133","143","105","74","50","20","3","0","1,037","1,037","1","1","47","185","188","126","165","194","119","11","0"
"서울특별시 송파구 잠실3동(1171068000)","1,853","1,853","0","5","71","277","326","260","323","378","182","30","1","685","685","0","3","29","128","178","114","92","91","45","4","1","1,168","1,168","0","2","42","149","148","146","231","287","137","26","0"
"서울특별시 송파구 잠실4동(1171069000)","1,030","1,030","1","2","55","162","184","155","169","191","102","9","0","335","335","0","2","16","84","77","52","54","33","16","1","0","695","695","1","0","39","78","107","103","115","158","86","8","0"
"서울특별시 송파구 잠실6동(1171071000)","986","986","1","8","50","184","177","123","167","155","101","19","1","381","381","0","5","24","98","90","50","52","36","22","3","1","605","605","1","3","26","86","87","73","115","119","79","16","0"
"서울특별시 송파구 잠실7동(1171072000)","542","542","0","3","11","74","79","61","95","110","81","27","1","212","212","0","0","4","53","36","28","33","28","22","7","1","330","330","0","3","7","21","43","33","62","82","59","20","0"
"서울특별시 강동구 (1174000000)","80,676","80,676","13","160","13,178","18,167","10,840","11,018","14,093","8,686","3,887","619","15","38,378","38,378","9","82","4,969","9,891","6,181","6,554","6,623","2,980","963","124","2","42,298","42,298","4","78","8,209","8,276","4,659","4,464","7,470","5,706","2,924","495","13"
"서울특별시 강동구 강일동(1174051500)","3,771","3,771","0","2","309","564","427","543","973","637","266","50","0","1,547","1,547","0","2","138","293","236","278","316","204","66","14","0","2,224","2,224","0","0","171","271","191","265","657","433","200","36","0"
"서울특별시 강동구 상일제1동(1174052500)","2,064","2,064","1","1","128","325","324","320","501","308","135","19","2","978","978","1","1","61","206","203","176","205","90","33","2","0","1,086","1,086","0","0","67","119","121","144","296","218","102","17","2"
"서울특별시 강동구 상일제2동(1174052600)","1,688","1,688","1","0","269","482","168","173","235","251","92","17","0","649","649","0","0","78","234","87","77","75","69","23","6","0","1,039","1,039","1","0","191","248","81","96","160","182","69","11","0"
"서울특별시 강동구 명일제1동(1174053000)","2,726","2,726","0","6","257","460","403","414","585","394","176","31","0","1,203","1,203","0","2","115","263","236","215","229","101","38","4","0","1,523","1,523","0","4","142","197","167","199","356","293","138","27","0"
"서울특별시 강동구 명일제2동(1174054000)","1,724","1,724","0","4","385","485","221","156","210","165","78","20","0","685","685","0","1","104","245","112","79","78","48","13","5","0","1,039","1,039","0","3","281","240","109","77","132","117","65","15","0"
"서울특별시 강동구 고덕제1동(1174055000)","1,380","1,380","1","1","82","230","193","216","321","216","100","20","0","720","720","1","1","51","150","122","140","149","75","26","5","0","660","660","0","0","31","80","71","76","172","141","74","15","0"
"서울특별시 강동구 고덕제2동(1174056000)","2,449","2,449","0","3","231","457","405","375","505","321","128","23","1","1,266","1,266","0","3","107","274","237","221","261","120","37","6","0","1,183","1,183","0","0","124","183","168","154","244","201","91","17","1"
"서울특별시 강동구 암사제1동(1174057000)","6,820","6,820","2","13","749","1,276","945","1,147","1,355","860","404","69","0","3,520","3,520","2","9","357","749","585","714","692","295","105","12","0","3,300","3,300","0","4","392","527","360","433","663","565","299","57","0"
"서울특별시 강동구 암사제2동(1174058000)","2,127","2,127","0","4","313","541","341","270","286","228","129","15","0","1,005","1,005","0","3","113","317","207","156","114","66","27","2","0","1,122","1,122","0","1","200","224","134","114","172","162","102","13","0"
"서울특별시 강동구 암사제3동(1174059000)","1,064","1,064","0","3","67","179","136","159","229","186","87","16","2","443","443","0","3","31","107","70","76","78","48","26","3","1","621","621","0","0","36","72","66","83","151","138","61","13","1"
"서울특별시 강동구 천호제1동(1174060000)","5,969","5,969","1","6","704","1,112","834","949","1,229","765","318","49","2","2,984","2,984","0","3","292","642","475","604","599","278","88","3","0","2,985","2,985","1","3","412","470","359","345","630","487","230","46","2"
"서울특별시 강동구 천호제2동(1174061000)","9,484","9,484","0","6","1,713","2,363","1,299","1,261","1,511","905","374","51","1","4,647","4,647","0","2","640","1,263","727","740","811","359","95","10","0","4,837","4,837","0","4","1,073","1,100","572","521","700","546","279","41","1"
"서울특별시 강동구 천호제3동(1174062000)","8,521","8,521","0","20","2,036","2,192","1,049","960","1,230","681","313","38","2","3,987","3,987","0","10","661","1,091","576","608","682","264","88","7","0","4,534","4,534","0","10","1,375","1,101","473","352","548","417","225","31","2"
"서울특별시 강동구 성내제1동(1174064000)","2,745","2,745","1","11","448","669","438","355","395","289","123","15","1","1,240","1,240","1","7","192","354","214","194","159","87","29","3","0","1,505","1,505","0","4","256","315","224","161","236","202","94","12","1"
"서울특별시 강동구 성내제2동(1174065000)","8,013","8,013","3","27","1,960","1,998","904","985","1,166","607","316","47","0","3,918","3,918","2","11","728","1,100","498","619","625","243","78","14","0","4,095","4,095","1","16","1,232","898","406","366","541","364","238","33","0"
"서울특별시 강동구 성내제3동(1174066000)","4,716","4,716","2","24","836","1,050","642","674","822","427","212","27","0","2,201","2,201","1","7","341","536","361","408","367","130","45","5","0","2,515","2,515","1","17","495","514","281","266","455","297","167","22","0"
"서울특별시 강동구 길동(1174068500)","10,844","10,844","1","17","2,137","2,569","1,461","1,466","1,738","958","420","73","4","5,159","5,159","1","9","743","1,351","869","896","839","337","98","15","1","5,685","5,685","0","8","1,394","1,218","592","570","899","621","322","58","3"
"서울특별시 강동구 둔촌제1동(1174069000)","959","959","0","0","64","377","198","109","127","68","15","1","0","489","489","0","0","31","245","100","49","40","21","3","0","0","470","470","0","0","33","132","98","60","87","47","12","1","0"
"서울특별시 강동구 둔촌제2동(1174070000)","3,612","3,612","0","12","490","838","452","486","675","420","201","38","0","1,737","1,737","0","8","186","471","266","304","304","145","45","8","0","1,875","1,875","0","4","304","367","186","182","371","275","156","30","0"
"부산광역시  (2600000000)","661,868","661,868","99","2,519","97,030","94,318","73,446","98,773","135,343","97,321","55,347","7,539","133","310,372","310,372","48","1,101","45,209","55,880","45,176","56,810","61,762","31,630","11,436","1,296","24","351,496","351,496","51","1,418","51,821","38,438","28,270","41,963","73,581","65,691","43,911","6,243","109"
"부산광역시 중구 (2611000000)","14,865","14,865","1","41","2,709","2,037","1,365","2,212","3,081","2,112","1,124","179","4","7,154","7,154","0","18","1,094","1,161","840","1,340","1,597","815","260","28","1","7,711","7,711","1","23","1,615","876","525","872","1,484","1,297","864","151","3"
"부산광역시 중구 중앙동(2611051000)","2,007","2,007","0","2","713","578","206","179","177","93","47","12","0","887","887","0","0","226","264","108","116","109","47","15","2","0","1,120","1,120","0","2","487","314","98","63","68","46","32","10","0"
"부산광역시 중구 동광동(2611052000)","1,036","1,036","1","1","89","96","94","168","296","190","89","12","0","556","556","0","1","46","72","56","102","168","84","25","2","0","480","480","1","0","43","24","38","66","128","106","64","10","0"
"부산광역시 중구 대청동(2611053000)","2,052","2,052","0","1","352","283","192","315","439","278","160","31","1","939","939","0","0","136","164","109","186","206","103","31","4","0","1,113","1,113","0","1","216","119","83","129","233","175","129","27","1"
"부산광역시 중구 보수동(2611054500)","3,744","3,744","0","23","837","421","302","513","764","545","292","45","2","1,697","1,697","0","8","335","237","193","298","370","184","63","9","0","2,047","2,047","0","15","502","184","109","215","394","361","229","36","2"
"부산광역시 중구 부평동(2611056000)","1,644","1,644","0","1","184","157","160","277","421","288","135","21","0","752","752","0","0","69","87","103","161","195","111","26","0","0","892","892","0","1","115","70","57","116","226","177","109","21","0"
"부산광역시 중구 광복동(2611057000)","326","326","0","0","13","26","43","69","83","53","33","6","0","174","174","0","0","6","16","24","48","42","24","13","1","0","152","152","0","0","7","10","19","21","41","29","20","5","0"
"부산광역시 중구 남포동(2611058000)","420","420","0","0","10","28","29","99","153","68","30","3","0","284","284","0","0","6","17","20","81","108","39","11","2","0","136","136","0","0","4","11","9","18","45","29","19","1","0"
"부산광역시 중구 영주제1동(2611059000)","1,949","1,949","0","8","417","328","202","282","312","257","126","17","0","1,081","1,081","0","6","217","226","137","170","179","110","35","1","0","868","868","0","2","200","102","65","112","133","147","91","16","0"
"부산광역시 중구 영주제2동(2611060000)","1,687","1,687","0","5","94","120","137","310","436","340","212","32","1","784","784","0","3","53","78","90","178","220","113","41","7","1","903","903","0","2","41","42","47","132","216","227","171","25","0"
"부산광역시 서구 (2614000000)","26,172","26,172","4","141","4,044","2,599","2,326","3,777","5,668","4,473","2,738","395","7","11,746","11,746","3","48","1,601","1,437","1,402","2,267","2,809","1,541","569","68","1","14,426","14,426","1","93","2,443","1,162","924","1,510","2,859","2,932","2,169","327","6"
"부산광역시 서구 동대신제1동(2614051000)","1,230","1,230","0","10","136","128","122","191","250","225","140","28","0","541","541","0","2","53","74","80","110","125","74","20","3","0","689","689","0","8","83","54","42","81","125","151","120","25","0"
"부산광역시 서구 동대신제2동(2614052000)","1,595","1,595","0","3","89","91","137","263","424","329","219","38","2","733","733","0","2","31","56","92","160","209","123","50","9","1","862","862","0","1","58","35","45","103","215","206","169","29","1"
"부산광역시 서구 동대신제3동(2614053000)","1,927","1,927","0","6","529","198","156","233","340","259","178","27","1","798","798","0","2","192","110","85","136","151","84","34","4","0","1,129","1,129","0","4","337","88","71","97","189","175","144","23","1"
"부산광역시 서구 서대신제1동(2614054000)","2,686","2,686","0","15","466","355","319","346","489","389","274","33","0","1,112","1,112","0","4","185","202","161","185","208","111","47","9","0","1,574","1,574","0","11","281","153","158","161","281","278","227","24","0"
"부산광역시 서구 서대신제3동(2614056000)","1,013","1,013","0","3","95","100","100","173","220","173","126","22","1","389","389","0","2","36","54","54","88","78","49","23","5","0","624","624","0","1","59","46","46","85","142","124","103","17","1"
"부산광역시 서구 서대신제4동(2614057000)","916","916","1","2","118","69","79","110","223","175","117","22","0","353","353","0","1","51","36","49","55","89","49","22","1","0","563","563","1","1","67","33","30","55","134","126","95","21","0"
"부산광역시 서구 부민동(2614059000)","2,420","2,420","0","66","957","346","165","221","289","230","126","20","0","1,060","1,060","0","21","378","182","98","139","134","79","27","2","0","1,360","1,360","0","45","579","164","67","82","155","151","99","18","0"
"부산광역시 서구 아미동(2614061500)","2,617","2,617","0","11","366","326","189","355","538","489","298","45","0","1,235","1,235","0","3","147","175","120","237","308","176","61","8","0","1,382","1,382","0","8","219","151","69","118","230","313","237","37","0"
"부산광역시 서구 초장동(2614063000)","1,473","1,473","0","0","60","83","126","254","399","306","224","21","0","711","711","0","0","31","53","67","166","221","127","43","3","0","762","762","0","0","29","30","59","88","178","179","181","18","0"
"부산광역시 서구 충무동(2614064000)","3,193","3,193","0","17","556","384","273","487","668","505","275","28","0","1,467","1,467","0","6","186","194","166","311","346","178","75","5","0","1,726","1,726","0","11","370","190","107","176","322","327","200","23","0"
"부산광역시 서구 남부민제1동(2614065000)","1,409","1,409","0","1","47","64","119","222","408","331","187","30","0","700","700","0","0","29","45","69","151","223","134","44","5","0","709","709","0","1","18","19","50","71","185","197","143","25","0"
"부산광역시 서구 남부민제2동(2614066000)","2,265","2,265","0","0","76","118","170","378","642","538","304","37","2","1,072","1,072","0","0","37","62","120","235","358","181","74","5","0","1,193","1,193","0","0","39","56","50","143","284","357","230","32","2"
"부산광역시 서구 암남동(2614068000)","3,428","3,428","3","7","549","337","371","544","778","524","270","44","1","1,575","1,575","3","5","245","194","241","294","359","176","49","9","0","1,853","1,853","0","2","304","143","130","250","419","348","221","35","1"
"부산광역시 동구 (2617000000)","24,341","24,341","6","26","2,591","3,304","2,554","3,772","5,145","3,949","2,602","387","5","11,504","11,504","4","13","1,031","1,858","1,597","2,395","2,656","1,393","498","58","1","12,837","12,837","2","13","1,560","1,446","957","1,377","2,489","2,556","2,104","329","4"
"부산광역시 동구 초량제1동(2617051000)","2,020","2,020","0","4","371","370","216","306","335","264","140","14","0","1,033","1,033","0","3","152","217","136","211","176","111","26","1","0","987","987","0","1","219","153","80","95","159","153","114","13","0"
"부산광역시 동구 초량제2동(2617052000)","1,933","1,933","1","2","162","188","182","356","478","331","197","36","0","995","995","1","1","73","122","131","232","263","132","33","7","0","938","938","0","1","89","66","51","124","215","199","164","29","0"
"부산광역시 동구 초량제3동(2617053000)","3,140","3,140","2","8","722","797","403","413","384","257","123","29","2","1,454","1,454","1","4","248","390","220","264","205","87","28","6","1","1,686","1,686","1","4","474","407","183","149","179","170","95","23","1"
"부산광역시 동구 초량제6동(2617055000)","1,540","1,540","1","3","55","91","143","260","397","322","225","43","0","701","701","1","2","28","55","90","164","203","110","45","3","0","839","839","0","1","27","36","53","96","194","212","180","40","0"
"부산광역시 동구 수정제1동(2617056000)","997","997","0","1","136","122","104","150","187","163","108","26","0","453","453","0","0","63","68","69","101","84","47","17","4","0","544","544","0","1","73","54","35","49","103","116","91","22","0"
"부산광역시 동구 수정제2동(2617057000)","2,328","2,328","0","0","138","266","229","378","540","458","279","40","0","1,047","1,047","0","0","60","160","142","233","251","138","59","4","0","1,281","1,281","0","0","78","106","87","145","289","320","220","36","0"
"부산광역시 동구 수정제4동(2617059000)","1,159","1,159","0","1","22","61","92","167","286","272","232","26","0","516","516","0","1","12","31","60","117","164","90","40","1","0","643","643","0","0","10","30","32","50","122","182","192","25","0"
"부산광역시 동구 수정제5동(2617060000)","1,311","1,311","1","1","36","65","90","204","366","307","208","32","1","557","557","1","0","20","41","56","123","179","96","38","3","0","754","754","0","1","16","24","34","81","187","211","170","29","1"
"부산광역시 동구 좌천동(2617064500)","2,597","2,597","1","0","200","242","276","403","577","488","365","45","0","1,175","1,175","0","0","92","141","177","243","292","156","65","9","0","1,422","1,422","1","0","108","101","99","160","285","332","300","36","0"
"부산광역시 동구 범일제1동(2617065000)","3,198","3,198","0","1","223","294","295","504","814","597","418","52","0","1,475","1,475","0","0","85","154","205","303","419","212","87","10","0","1,723","1,723","0","1","138","140","90","201","395","385","331","42","0"
"부산광역시 동구 범일제2동(2617066000)","2,530","2,530","0","5","378","443","280","419","534","287","160","24","0","1,302","1,302","0","2","134","233","163","284","295","145","40","6","0","1,228","1,228","0","3","244","210","117","135","239","142","120","18","0"
"부산광역시 동구 범일제5동(2617068000)","1,588","1,588","0","0","148","365","244","212","247","203","147","20","2","796","796","0","0","64","246","148","120","125","69","20","4","0","792","792","0","0","84","119","96","92","122","134","127","16","2"
"부산광역시 영도구 (2620000000)","24,844","24,844","1","71","1,720","1,890","2,384","4,084","6,242","4,981","3,082","385","4","11,991","11,991","0","39","1,022","1,216","1,540","2,552","3,253","1,670","624","75","0","12,853","12,853","1","32","698","674","844","1,532","2,989","3,311","2,458","310","4"
"부산광역시 영도구 남항동(2620053000)","2,852","2,852","0","3","183","220","275","525","778","502","316","50","0","1,439","1,439","0","2","80","135","184","370","449","153","60","6","0","1,413","1,413","0","1","103","85","91","155","329","349","256","44","0"
"부산광역시 영도구 영선제1동(2620054000)","788","788","0","0","60","58","67","133","228","141","86","14","1","343","343","0","0","25","38","42","77","92","40","26","3","0","445","445","0","0","35","20","25","56","136","101","60","11","1"
"부산광역시 영도구 영선제2동(2620055000)","1,374","1,374","0","1","45","101","117","206","333","335","212","24","0","590","590","0","0","22","60","72","123","165","97","46","5","0","784","784","0","1","23","41","45","83","168","238","166","19","0"
"부산광역시 영도구 신선동(2620058500)","2,274","2,274","0","5","64","124","211","402","580","480","355","53","0","1,076","1,076","0","4","28","82","144","263","335","161","52","7","0","1,198","1,198","0","1","36","42","67","139","245","319","303","46","0"
"부산광역시 영도구 봉래제1동(2620059000)","1,541","1,541","0","4","94","134","155","250","416","287","173","26","2","750","750","0","1","50","86","110","160","216","98","25","4","0","791","791","0","3","44","48","45","90","200","189","148","22","2"
"부산광역시 영도구 봉래제2동(2620060500)","1,379","1,379","0","0","37","117","156","241","338","273","202","15","0","659","659","0","0","24","77","104","152","172","83","44","3","0","720","720","0","0","13","40","52","89","166","190","158","12","0"
"부산광역시 영도구 청학제1동(2620063000)","1,215","1,215","0","0","38","75","120","202","308","262","184","26","0","565","565","0","0","21","48","82","137","159","79","34","5","0","650","650","0","0","17","27","38","65","149","183","150","21","0"
"부산광역시 영도구 청학제2동(2620064000)","2,968","2,968","1","2","101","251","323","516","719","616","388","51","0","1,408","1,408","0","2","54","169","202","320","372","206","76","7","0","1,560","1,560","1","0","47","82","121","196","347","410","312","44","0"
"부산광역시 영도구 동삼제1동(2620065000)","5,879","5,879","0","43","572","534","570","951","1,366","1,142","626","74","1","2,763","2,763","0","23","344","333","351","528","656","376","132","20","0","3,116","3,116","0","20","228","201","219","423","710","766","494","54","1"
"부산광역시 영도구 동삼제2동(2620066000)","1,275","1,275","0","9","414","122","150","164","180","138","87","11","0","774","774","0","4","308","88","94","104","96","57","19","4","0","501","501","0","5","106","34","56","60","84","81","68","7","0"
"부산광역시 영도구 동삼제3동(2620067000)","3,299","3,299","0","4","112","154","240","494","996","805","453","41","0","1,624","1,624","0","3","66","100","155","318","541","320","110","11","0","1,675","1,675","0","1","46","54","85","176","455","485","343","30","0"
"부산광역시 부산진구 (2623000000)","87,566","87,566","8","369","18,993","16,010","9,350","11,186","14,381","10,286","6,128","839","16","39,845","39,845","4","148","7,858","8,778","5,441","6,406","6,498","3,355","1,185","169","3","47,721","47,721","4","221","11,135","7,232","3,909","4,780","7,883","6,931","4,943","670","13"
"부산광역시 부산진구 부전제1동(2623051000)","7,454","7,454","1","48","2,614","1,579","678","797","944","517","240","35","1","3,736","3,736","0","14","987","857","408","559","582","255","69","5","0","3,718","3,718","1","34","1,627","722","270","238","362","262","171","30","1"
"부산광역시 부산진구 부전제2동(2623052000)","5,015","5,015","0","23","1,907","1,339","561","469","402","206","95","12","1","2,527","2,527","0","7","796","796","346","277","201","77","22","5","0","2,488","2,488","0","16","1,111","543","215","192","201","129","73","7","1"
"부산광역시 부산진구 연지동(2623054000)","3,137","3,137","0","0","166","381","347","512","719","624","339","49","0","1,213","1,213","0","0","64","232","184","251","245","175","55","7","0","1,924","1,924","0","0","102","149","163","261","474","449","284","42","0"
"부산광역시 부산진구 초읍동(2623055000)","3,981","3,981","0","3","147","370","412","676","970","815","512","75","1","1,781","1,781","0","2","85","236","256","396","429","258","101","18","0","2,200","2,200","0","1","62","134","156","280","541","557","411","57","1"
"부산광역시 부산진구 양정제1동(2623056000)","4,042","4,042","0","15","657","706","448","594","672","548","352","50","0","1,648","1,648","0","6","253","359","243","309","257","148","59","14","0","2,394","2,394","0","9","404","347","205","285","415","400","293","36","0"
"부산광역시 부산진구 양정제2동(2623057000)","5,843","5,843","1","42","1,955","1,470","676","609","522","362","183","22","1","2,557","2,557","0","9","681","678","371","372","266","133","41","5","1","3,286","3,286","1","33","1,274","792","305","237","256","229","142","17","0"
"부산광역시 부산진구 전포제1동(2623060000)","7,208","7,208","0","33","2,559","1,991","786","586","567","377","261","46","2","3,422","3,422","0","9","1,058","1,118","430","327","279","134","58","8","1","3,786","3,786","0","24","1,501","873","356","259","288","243","203","38","1"
"부산광역시 부산진구 전포제2동(2623061000)","7,057","7,057","0","24","1,682","1,513","789","757","993","753","487","58","1","3,088","3,088","0","10","679","797","404","415","425","242","98","18","0","3,969","3,969","0","14","1,003","716","385","342","568","511","389","40","1"
"부산광역시 부산진구 부암제1동(2623064000)","3,862","3,862","0","3","503","709","465","511","738","562","328","40","3","1,749","1,749","0","1","195","384","271","303","312","203","74","5","1","2,113","2,113","0","2","308","325","194","208","426","359","254","35","2"
"부산광역시 부산진구 부암제3동(2623066000)","2,394","2,394","0","3","111","327","270","410","607","423","217","25","1","1,048","1,048","0","1","54","202","174","217","243","115","36","6","0","1,346","1,346","0","2","57","125","96","193","364","308","181","19","1"
"부산광역시 부산진구 당감제1동(2623067000)","3,909","3,909","1","3","184","371","361","687","1,008","707","503","83","1","1,572","1,572","1","1","85","215","218","331","426","202","77","16","0","2,337","2,337","0","2","99","156","143","356","582","505","426","67","1"
"부산광역시 부산진구 당감제2동(2623068000)","1,884","1,884","0","3","251","381","226","225","349","265","169","15","0","800","800","0","1","92","204","139","128","135","66","27","8","0","1,084","1,084","0","2","159","177","87","97","214","199","142","7","0"
"부산광역시 부산진구 당감제4동(2623070000)","1,968","1,968","0","0","76","184","196","409","520","361","197","25","0","888","888","0","0","48","109","131","221","236","113","28","2","0","1,080","1,080","0","0","28","75","65","188","284","248","169","23","0"
"부산광역시 부산진구 가야제1동(2623071000)","5,101","5,101","0","81","1,286","550","470","707","980","637","354","35","1","2,737","2,737","0","49","792","338","330","455","486","218","64","5","0","2,364","2,364","0","32","494","212","140","252","494","419","290","30","1"
"부산광역시 부산진구 가야제2동(2623072000)","2,879","2,879","1","16","409","338","275","422","632","469","284","33","0","1,268","1,268","1","7","220","200","153","224","267","128","62","6","0","1,611","1,611","0","9","189","138","122","198","365","341","222","27","0"
"부산광역시 부산진구 개금제1동(2623074000)","5,368","5,368","1","47","1,821","971","558","632","627","446","238","26","1","2,599","2,599","0","23","794","556","353","377","295","144","52","5","0","2,769","2,769","1","24","1,027","415","205","255","332","302","186","21","1"
"부산광역시 부산진구 개금제2동(2623075000)","1,996","1,996","0","0","333","178","154","284","436","357","236","18","0","817","817","0","0","127","106","92","156","186","107","39","4","0","1,179","1,179","0","0","206","72","62","128","250","250","197","14","0"
"부산광역시 부산진구 개금제3동(2623076000)","4,426","4,426","1","3","256","473","431","703","1,180","783","506","90","0","1,862","1,862","1","1","108","250","249","384","492","267","97","13","0","2,564","2,564","0","2","148","223","182","319","688","516","409","77","0"
"부산광역시 부산진구 범천제1동(2623077000)","4,876","4,876","0","16","1,428","1,264","584","532","500","318","201","32","1","2,231","2,231","0","5","516","663","315","308","266","107","42","9","0","2,645","2,645","0","11","912","601","269","224","234","211","159","23","1"
"부산광역시 부산진구 범천제2동(2623078000)","5,166","5,166","2","6","648","915","663","664","1,015","756","426","70","1","2,302","2,302","1","2","224","478","374","396","470","263","84","10","0","2,864","2,864","1","4","424","437","289","268","545","493","342","60","1"
"부산광역시 동래구 (2626000000)","43,960","43,960","7","64","4,894","6,573","5,339","6,600","9,338","6,823","3,816","501","5","19,432","19,432","2","29","2,091","3,801","3,111","3,617","3,846","2,056","797","82","0","24,528","24,528","5","35","2,803","2,772","2,228","2,983","5,492","4,767","3,019","419","5"
"부산광역시 동래구 수민동(2626051000)","4,534","4,534","0","5","328","627","499","672","1,043","803","490","66","1","1,862","1,862","0","1","149","330","286","368","388","228","103","9","0","2,672","2,672","0","4","179","297","213","304","655","575","387","57","1"
"부산광역시 동래구 복산동(2626052000)","1,934","1,934","0","0","58","148","173","309","515","411","271","49","0","877","877","0","0","28","104","107","190","257","139","46","6","0","1,057","1,057","0","0","30","44","66","119","258","272","225","43","0"
"부산광역시 동래구 명륜동(2626054500)","2,509","2,509","0","6","225","383","361","420","470","354","257","33","0","1,142","1,142","0","4","92","225","222","223","182","125","63","6","0","1,367","1,367","0","2","133","158","139","197","288","229","194","27","0"
"부산광역시 동래구 온천제1동(2626055000)","7,732","7,732","3","18","1,621","1,692","1,141","1,065","1,066","674","395","55","2","3,525","3,525","0","6","620","917","609","547","494","222","98","12","0","4,207","4,207","3","12","1,001","775","532","518","572","452","297","43","2"
"부산광역시 동래구 온천제2동(2626056000)","2,769","2,769","0","5","243","433","359","383","584","446","268","48","0","1,221","1,221","0","3","124","289","203","209","208","129","49","7","0","1,548","1,548","0","2","119","144","156","174","376","317","219","41","0"
"부산광역시 동래구 온천제3동(2626057000)","7,104","7,104","0","11","1,219","1,265","871","978","1,343","921","453","43","0","3,306","3,306","0","3","518","735","517","560","573","277","116","7","0","3,798","3,798","0","8","701","530","354","418","770","644","337","36","0"
"부산광역시 동래구 사직제1동(2626058000)","2,025","2,025","1","2","226","311","253","303","393","312","202","22","0","855","855","0","1","97","175","140","168","148","82","38","6","0","1,170","1,170","1","1","129","136","113","135","245","230","164","16","0"
"부산광역시 동래구 사직제2동(2626059000)","1,484","1,484","0","2","48","160","198","245","366","293","158","14","0","574","574","0","0","25","106","125","111","121","58","27","1","0","910","910","0","2","23","54","73","134","245","235","131","13","0"
"부산광역시 동래구 사직제3동(2626060000)","2,973","2,973","0","3","345","387","295","469","684","475","285","30","0","1,303","1,303","0","2","145","212","180","258","301","140","59","6","0","1,670","1,670","0","1","200","175","115","211","383","335","226","24","0"
"부산광역시 동래구 안락제1동(2626074000)","2,921","2,921","0","2","217","335","289","482","754","538","264","40","0","1,344","1,344","0","1","105","193","184","288","342","163","63","5","0","1,577","1,577","0","1","112","142","105","194","412","375","201","35","0"
"부산광역시 동래구 안락제2동(2626075000)","3,291","3,291","1","3","134","352","370","531","851","675","329","45","0","1,366","1,366","1","2","64","222","207","282","317","207","57","7","0","1,925","1,925","0","1","70","130","163","249","534","468","272","38","0"
"부산광역시 동래구 명장제1동(2626076100)","2,305","2,305","0","1","116","252","268","362","597","458","215","34","2","1,033","1,033","0","1","62","162","160","211","259","138","35","5","0","1,272","1,272","0","0","54","90","108","151","338","320","180","29","2"
"부산광역시 동래구 명장제2동(2626076200)","2,379","2,379","2","6","114","228","262","381","672","463","229","22","0","1,024","1,024","1","5","62","131","171","202","256","148","43","5","0","1,355","1,355","1","1","52","97","91","179","416","315","186","17","0"
"부산광역시 남구 (2629000000)","48,517","48,517","4","553","10,974","5,936","4,752","6,374","8,500","6,787","4,088","541","8","22,507","22,507","3","243","5,563","3,625","2,957","3,613","3,651","1,977","783","90","2","26,010","26,010","1","310","5,411","2,311","1,795","2,761","4,849","4,810","3,305","451","6"
"부산광역시 남구 대연제1동(2629051000)","5,975","5,975","1","157","2,651","813","447","595","551","448","277","34","1","3,249","3,249","1","65","1,522","542","291","379","247","146","50","6","0","2,726","2,726","0","92","1,129","271","156","216","304","302","227","28","1"
"부산광역시 남구 대연제3동(2629053000)","9,206","9,206","2","297","4,766","1,142","755","776","721","462","237","47","1","4,464","4,464","1","137","2,467","681","400","351","261","111","51","4","0","4,742","4,742","1","160","2,299","461","355","425","460","351","186","43","1"
"부산광역시 남구 대연제4동(2629054000)","2,299","2,299","0","4","137","267","279","335","549","436","257","35","0","1,024","1,024","0","3","69","168","177","184","243","127","48","5","0","1,275","1,275","0","1","68","99","102","151","306","309","209","30","0"
"부산광역시 남구 대연제5동(2629055000)","4,157","4,157","0","41","1,402","701","345","448","502","404","276","38","0","1,830","1,830","0","15","548","412","200","258","218","115","55","9","0","2,327","2,327","0","26","854","289","145","190","284","289","221","29","0"
"부산광역시 남구 대연제6동(2629056000)","1,631","1,631","0","5","214","304","181","234","297","239","135","22","0","655","655","0","4","78","159","100","106","107","64","33","4","0","976","976","0","1","136","145","81","128","190","175","102","18","0"
"부산광역시 남구 용호제1동(2629057000)","4,658","4,658","1","13","243","383","501","815","1,119","878","616","88","1","1,853","1,853","1","5","126","229","294","400","433","235","115","15","0","2,805","2,805","0","8","117","154","207","415","686","643","501","73","1"
"부산광역시 남구 용호제2동(2629058000)","2,262","2,262","0","2","161","291","284","353","481","425","236","29","0","936","936","0","1","75","160","170","183","172","123","49","3","0","1,326","1,326","0","1","86","131","114","170","309","302","187","26","0"
"부산광역시 남구 용호제3동(2629059000)","2,183","2,183","0","6","146","167","203","339","552","456","280","34","0","927","927","0","0","73","98","132","195","227","151","45","6","0","1,256","1,256","0","6","73","69","71","144","325","305","235","28","0"
"부산광역시 남구 용호제4동(2629060000)","1,424","1,424","0","4","74","123","164","236","344","323","130","25","1","607","607","0","0","31","76","113","134","139","84","26","3","1","817","817","0","4","43","47","51","102","205","239","104","22","0"
"부산광역시 남구 용당동(2629061000)","1,274","1,274","0","5","137","129","138","223","293","208","122","19","0","705","705","0","4","102","97","102","153","144","69","30","4","0","569","569","0","1","35","32","36","70","149","139","92","15","0"
"부산광역시 남구 감만제1동(2629062000)","1,256","1,256","0","2","83","143","158","204","304","253","96","13","0","687","687","0","2","63","101","116","139","157","81","27","1","0","569","569","0","0","20","42","42","65","147","172","69","12","0"
"부산광역시 남구 감만제2동(2629063000)","1,486","1,486","0","1","47","89","131","241","400","318","232","27","0","618","618","0","1","28","54","78","134","182","95","40","6","0","868","868","0","0","19","35","53","107","218","223","192","21","0"
"부산광역시 남구 우암동(2629064500)","2,061","2,061","0","3","47","112","179","302","572","502","297","46","1","896","896","0","2","26","62","131","205","279","133","53","5","0","1,165","1,165","0","1","21","50","48","97","293","369","244","41","1"
"부산광역시 남구 문현제1동(2629068000)","1,554","1,554","0","1","66","116","165","254","427","323","189","13","0","672","672","0","0","31","80","109","154","180","87","30","1","0","882","882","0","1","35","36","56","100","247","236","159","12","0"
"부산광역시 남구 문현제2동(2629069000)","3,066","3,066","0","7","561","647","331","355","499","367","263","34","2","1,533","1,533","0","2","220","384","205","236","282","146","50","7","1","1,533","1,533","0","5","341","263","126","119","217","221","213","27","1"
"부산광역시 남구 문현제3동(2629070000)","2,248","2,248","0","2","155","317","289","376","479","385","226","19","0","1,035","1,035","0","0","66","205","204","216","202","103","35","4","0","1,213","1,213","0","2","89","112","85","160","277","282","191","15","0"
"부산광역시 남구 문현제4동(2629071000)","1,777","1,777","0","3","84","192","202","288","410","360","219","18","1","816","816","0","2","38","117","135","186","178","107","46","7","0","961","961","0","1","46","75","67","102","232","253","173","11","1"
"부산광역시 북구 (2632000000)","44,405","44,405","6","52","3,139","5,149","4,612","7,398","11,587","7,611","4,263","576","12","20,708","20,708","3","30","1,580","3,287","2,984","4,204","5,090","2,526","904","99","1","23,697","23,697","3","22","1,559","1,862","1,628","3,194","6,497","5,085","3,359","477","11"
"부산광역시 북구 구포제1동(2632051000)","3,816","3,816","1","3","369","492","422","626","985","576","305","35","2","1,979","1,979","0","1","156","329","291","398","508","217","73","6","0","1,837","1,837","1","2","213","163","131","228","477","359","232","29","2"
"부산광역시 북구 구포제2동(2632052000)","4,801","4,801","0","11","423","578","599","892","1,186","716","354","41","1","2,589","2,589","0","7","231","369","412","580","628","259","94","9","0","2,212","2,212","0","4","192","209","187","312","558","457","260","32","1"
"부산광역시 북구 구포제3동(2632052100)","3,862","3,862","2","11","278","332","454","825","1,100","564","266","29","1","1,991","1,991","1","7","159","209","310","516","522","207","52","7","1","1,871","1,871","1","4","119","123","144","309","578","357","214","22","0"
"부산광역시 북구 금곡동(2632053000)","7,919","7,919","1","2","172","462","560","1,283","2,291","1,730","1,228","186","4","3,435","3,435","0","2","99","307","368","684","1,078","646","226","25","0","4,484","4,484","1","0","73","155","192","599","1,213","1,084","1,002","161","4"
"부산광역시 북구 화명제1동(2632054100)","2,222","2,222","0","5","104","336","263","404","590","370","139","11","0","868","868","0","2","58","215","145","160","165","92","30","1","0","1,354","1,354","0","3","46","121","118","244","425","278","109","10","0"
"부산광역시 북구 화명제2동(2632054200)","2,225","2,225","0","2","146","325","260","345","574","347","198","28","0","973","973","0","2","67","216","167","166","214","98","34","9","0","1,252","1,252","0","0","79","109","93","179","360","249","164","19","0"
"부산광역시 북구 화명제3동(2632054300)","2,395","2,395","0","3","276","418","268","353","449","357","242","29","0","986","986","0","0","131","253","140","183","133","76","59","11","0","1,409","1,409","0","3","145","165","128","170","316","281","183","18","0"
"부산광역시 북구 덕천제1동(2632055000)","3,629","3,629","0","3","354","514","336","544","889","608","333","48","0","1,761","1,761","0","3","186","333","211","340","392","215","75","6","0","1,868","1,868","0","0","168","181","125","204","497","393","258","42","0"
"부산광역시 북구 덕천제2동(2632056000)","3,676","3,676","1","4","496","539","382","637","867","445","256","47","2","1,819","1,819","1","1","226","331","238","389","414","155","60","4","0","1,857","1,857","0","3","270","208","144","248","453","290","196","43","2"
"부산광역시 북구 덕천제3동(2632056100)","2,799","2,799","0","2","241","262","219","429","735","567","294","49","1","1,272","1,272","0","1","115","163","156","256","327","180","67","7","0","1,527","1,527","0","1","126","99","63","173","408","387","227","42","1"
"부산광역시 북구 만덕제1동(2632057100)","2,111","2,111","0","2","71","361","316","292","520","362","174","13","0","960","960","0","1","35","235","190","145","213","102","38","1","0","1,151","1,151","0","1","36","126","126","147","307","260","136","12","0"
"부산광역시 북구 만덕제2동(2632057200)","3,070","3,070","1","3","127","349","326","500","845","590","292","36","1","1,352","1,352","1","3","73","212","219","259","335","190","55","5","0","1,718","1,718","0","0","54","137","107","241","510","400","237","31","1"
"부산광역시 북구 만덕제3동(2632057300)","1,880","1,880","0","1","82","181","207","268","556","379","182","24","0","723","723","0","0","44","115","137","128","161","89","41","8","0","1,157","1,157","0","1","38","66","70","140","395","290","141","16","0"
"부산광역시 해운대구 (2635000000)","62,085","62,085","14","124","5,815","8,791","8,003","10,287","12,948","9,521","5,777","786","19","26,580","26,580","6","63","2,534","4,974","4,395","5,176","5,385","2,795","1,097","149","6","35,505","35,505","8","61","3,281","3,817","3,608","5,111","7,563","6,726","4,680","637","13"
"부산광역시 해운대구 우제1동(2635051000)","4,910","4,910","0","17","680","901","745","774","813","606","328","45","1","2,147","2,147","0","7","258","469","396","393","344","197","73","10","0","2,763","2,763","0","10","422","432","349","381","469","409","255","35","1"
"부산광역시 해운대구 우제2동(2635052000)","2,958","2,958","2","4","153","438","436","503","604","471","298","48","1","1,067","1,067","1","3","61","227","208","191","201","104","62","9","0","1,891","1,891","1","1","92","211","228","312","403","367","236","39","1"
"부산광역시 해운대구 우제3동(2635052500)","2,546","2,546","5","8","155","336","418","475","508","364","234","40","3","910","910","0","4","60","171","204","168","155","91","45","9","3","1,636","1,636","5","4","95","165","214","307","353","273","189","31","0"
"부산광역시 해운대구 중제1동(2635053000)","4,745","4,745","3","13","676","962","723","764","756","510","304","31","3","2,039","2,039","2","6","273","506","358","362","303","160","63","6","0","2,706","2,706","1","7","403","456","365","402","453","350","241","25","3"
"부산광역시 해운대구 중제2동(2635054000)","3,106","3,106","0","5","208","505","511","658","660","371","160","26","2","1,452","1,452","0","2","118","301","288","329","270","99","39","6","0","1,654","1,654","0","3","90","204","223","329","390","272","121","20","2"
"부산광역시 해운대구 좌제1동(2635055100)","2,987","2,987","1","4","613","611","419","426","357","264","253","37","2","1,155","1,155","1","4","216","324","188","183","125","60","42","11","1","1,832","1,832","0","0","397","287","231","243","232","204","211","26","1"
"부산광역시 해운대구 좌제2동(2635055200)","5,654","5,654","0","9","1,184","1,294","782","773","745","479","318","69","1","2,202","2,202","0","5","439","673","343","323","255","99","49","15","1","3,452","3,452","0","4","745","621","439","450","490","380","269","54","0"
"부산광역시 해운대구 좌제3동(2635055300)","1,854","1,854","0","2","82","208","180","311","401","326","297","47","0","629","629","0","0","48","113","83","122","127","82","47","7","0","1,225","1,225","0","2","34","95","97","189","274","244","250","40","0"
"부산광역시 해운대구 좌제4동(2635055400)","2,008","2,008","1","4","175","320","228","323","422","268","229","37","1","691","691","0","3","85","171","109","116","118","49","33","7","0","1,317","1,317","1","1","90","149","119","207","304","219","196","30","1"
"부산광역시 해운대구 송정동(2635056000)","2,212","2,212","1","3","138","264","278","415","540","351","197","25","0","1,010","1,010","1","2","79","151","172","219","231","119","34","2","0","1,202","1,202","0","1","59","113","106","196","309","232","163","23","0"
"부산광역시 해운대구 반여제1동(2635057000)","3,401","3,401","0","3","152","452","435","555","820","619","314","51","0","1,526","1,526","0","2","79","287","259","291","348","186","60","14","0","1,875","1,875","0","1","73","165","176","264","472","433","254","37","0"
"부산광역시 해운대구 반여제2동(2635058000)","3,491","3,491","0","3","137","278","409","615","950","653","411","34","1","1,591","1,591","0","3","80","168","245","353","445","210","82","5","0","1,900","1,900","0","0","57","110","164","262","505","443","329","29","1"
"부산광역시 해운대구 반여제3동(2635059000)","2,311","2,311","0","3","85","166","231","405","660","432","291","37","1","1,027","1,027","0","1","44","108","134","240","316","125","51","8","0","1,284","1,284","0","2","41","58","97","165","344","307","240","29","1"
"부산광역시 해운대구 반여제4동(2635059500)","1,150","1,150","1","0","38","141","135","179","313","239","97","7","0","459","459","1","0","21","78","97","88","93","65","14","2","0","691","691","0","0","17","63","38","91","220","174","83","5","0"
"부산광역시 해운대구 반송제1동(2635061000)","4,337","4,337","0","13","262","264","451","805","1,024","870","574","73","1","2,130","2,130","0","6","151","177","309","515","554","293","116","8","1","2,207","2,207","0","7","111","87","142","290","470","577","458","65","0"
"부산광역시 해운대구 반송제2동(2635062000)","5,757","5,757","0","6","99","255","500","829","1,583","1,482","891","111","1","2,528","2,528","0","3","51","170","338","503","780","489","173","21","0","3,229","3,229","0","3","48","85","162","326","803","993","718","90","1"
"부산광역시 해운대구 재송제1동(2635065000)","4,206","4,206","0","20","700","825","557","644","703","510","219","27","1","2,021","2,021","0","9","329","532","327","353","281","134","52","4","0","2,185","2,185","0","11","371","293","230","291","422","376","167","23","1"
"부산광역시 해운대구 재송제2동(2635066000)","4,452","4,452","0","7","278","571","565","833","1,089","706","362","41","0","1,996","1,996","0","3","142","348","337","427","439","233","62","5","0","2,456","2,456","0","4","136","223","228","406","650","473","300","36","0"
"부산광역시 사하구 (2638000000)","58,035","58,035","7","250","6,841","6,514","6,563","9,570","13,367","9,334","4,941","634","14","28,842","28,842","5","126","3,797","4,250","4,349","5,763","6,229","3,175","1,041","105","2","29,193","29,193","2","124","3,044","2,264","2,214","3,807","7,138","6,159","3,900","529","12"
"부산광역시 사하구 괴정제1동(2638051000)","3,218","3,218","0","13","247","314","360","491","749","609","357","75","3","1,325","1,325","0","4","112","177","207","267","292","189","69","8","0","1,893","1,893","0","9","135","137","153","224","457","420","288","67","3"
"부산광역시 사하구 괴정제2동(2638052000)","2,532","2,532","0","7","156","260","270","422","628","509","245","35","0","1,186","1,186","0","0","73","173","172","243","297","160","62","6","0","1,346","1,346","0","7","83","87","98","179","331","349","183","29","0"
"부산광역시 사하구 괴정제3동(2638053000)","3,158","3,158","1","10","292","302","330","495","774","583","327","43","1","1,383","1,383","0","2","138","181","201","286","330","170","69","6","0","1,775","1,775","1","8","154","121","129","209","444","413","258","37","1"
"부산광역시 사하구 괴정제4동(2638054000)","2,215","2,215","0","5","151","255","287","335","526","412","218","25","1","1,013","1,013","0","2","91","159","183","184","211","134","44","5","0","1,202","1,202","0","3","60","96","104","151","315","278","174","20","1"
"부산광역시 사하구 당리동(2638055000)","3,793","3,793","0","8","380","462","467","643","813","624","358","38","0","1,711","1,711","0","3","180","287","296","335","346","189","69","6","0","2,082","2,082","0","5","200","175","171","308","467","435","289","32","0"
"부산광역시 사하구 하단제1동(2638056100)","5,406","5,406","1","34","1,264","1,054","689","696","808","544","284","32","0","2,816","2,816","1","9","620","677","461","436","371","176","56","9","0","2,590","2,590","0","25","644","377","228","260","437","368","228","23","0"
"부산광역시 사하구 하단제2동(2638056200)","7,489","7,489","0","136","3,062","1,024","716","761","919","564","269","38","0","4,097","4,097","0","85","1,842","699","472","448","350","150","44","7","0","3,392","3,392","0","51","1,220","325","244","313","569","414","225","31","0"
"부산광역시 사하구 신평제1동(2638057100)","3,601","3,601","0","3","125","300","463","769","974","619","316","30","2","1,941","1,941","0","1","74","206","340","517","516","217","64","6","0","1,660","1,660","0","2","51","94","123","252","458","402","252","24","2"
"부산광역시 사하구 신평제2동(2638057200)","2,490","2,490","1","7","141","372","385","453","634","312","159","25","1","1,320","1,320","1","5","74","268","265","268","267","120","45","6","1","1,170","1,170","0","2","67","104","120","185","367","192","114","19","0"
"부산광역시 사하구 장림제1동(2638058000)","2,374","2,374","2","4","122","334","368","447","557","369","155","16","0","1,352","1,352","2","2","88","233","266","308","275","140","35","3","0","1,022","1,022","0","2","34","101","102","139","282","229","120","13","0"
"부산광역시 사하구 장림제2동(2638059000)","4,210","4,210","1","9","333","590","519","792","1,013","628","300","25","0","2,240","2,240","1","5","183","404","351","501","483","242","67","3","0","1,970","1,970","0","4","150","186","168","291","530","386","233","22","0"
"부산광역시 사하구 다대제1동(2638060100)","6,626","6,626","0","10","256","555","621","1,257","1,904","1,254","678","89","2","3,272","3,272","0","6","141","331","414","738","971","502","152","16","1","3,354","3,354","0","4","115","224","207","519","933","752","526","73","1"
"부산광역시 사하구 다대제2동(2638060200)","4,833","4,833","1","0","115","254","409","840","1,468","1,106","557","81","2","2,211","2,211","0","0","66","163","236","495","713","402","124","12","0","2,622","2,622","1","0","49","91","173","345","755","704","433","69","2"
"부산광역시 사하구 구평동(2638061000)","1,385","1,385","0","2","66","183","232","264","333","199","96","10","0","749","749","0","1","37","125","175","160","148","75","28","0","0","636","636","0","1","29","58","57","104","185","124","68","10","0"
"부산광역시 사하구 감천제1동(2638062000)","2,895","2,895","0","1","80","171","301","548","809","624","324","37","0","1,334","1,334","0","0","43","110","213","324","401","182","56","5","0","1,561","1,561","0","1","37","61","88","224","408","442","268","32","0"
"부산광역시 사하구 감천제2동(2638063000)","1,810","1,810","0","1","51","84","146","357","458","378","298","35","2","892","892","0","1","35","57","97","253","258","127","57","7","0","918","918","0","0","16","27","49","104","200","251","241","28","2"
"부산광역시 금정구 (2641000000)","47,526","47,526","8","325","10,146","5,242","4,302","6,508","9,430","6,967","4,035","556","7","22,691","22,691","4","134","5,484","3,312","2,644","3,741","4,200","2,210","862","98","2","24,835","24,835","4","191","4,662","1,930","1,658","2,767","5,230","4,757","3,173","458","5"
"부산광역시 금정구 서제1동(2641051000)","1,669","1,669","0","1","42","119","182","299","506","310","185","25","0","869","869","0","1","20","77","127","194","290","116","40","4","0","800","800","0","0","22","42","55","105","216","194","145","21","0"
"부산광역시 금정구 서제2동(2641052000)","2,362","2,362","0","2","85","210","227","417","760","426","208","27","0","1,180","1,180","0","1","48","131","153","253","385","156","49","4","0","1,182","1,182","0","1","37","79","74","164","375","270","159","23","0"
"부산광역시 금정구 서제3동(2641053000)","2,806","2,806","0","3","117","223","277","525","800","538","293","30","0","1,338","1,338","0","1","58","133","175","325","400","183","58","5","0","1,468","1,468","0","2","59","90","102","200","400","355","235","25","0"
"부산광역시 금정구 금사회동동(2641055500)","2,050","2,050","1","2","50","161","220","376","630","384","207","19","0","1,138","1,138","1","0","28","108","162","260","368","160","47","4","0","912","912","0","2","22","53","58","116","262","224","160","15","0"
"부산광역시 금정구 부곡제1동(2641057000)","2,225","2,225","0","1","91","149","217","337","581","516","296","37","0","972","972","0","1","49","96","142","203","255","162","59","5","0","1,253","1,253","0","0","42","53","75","134","326","354","237","32","0"
"부산광역시 금정구 부곡제2동(2641058000)","3,025","3,025","1","27","669","390","320","388","490","433","268","39","0","1,256","1,256","1","10","278","236","174","202","185","112","53","5","0","1,769","1,769","0","17","391","154","146","186","305","321","215","34","0"
"부산광역시 금정구 부곡제3동(2641059000)","2,630","2,630","4","22","524","347","288","357","445","380","224","38","1","1,166","1,166","2","6","259","216","170","195","157","114","38","9","0","1,464","1,464","2","16","265","131","118","162","288","266","186","29","1"
"부산광역시 금정구 부곡제4동(2641059100)","2,537","2,537","0","3","195","268","231","381","632","525","266","34","2","1,054","1,054","0","0","79","153","141","212","248","156","60","4","1","1,483","1,483","0","3","116","115","90","169","384","369","206","30","1"
"부산광역시 금정구 장전제1동(2641060000)","7,944","7,944","0","135","5,077","867","391","424","470","334","211","33","2","4,506","4,506","0","60","2,952","610","269","266","208","90","45","6","0","3,438","3,438","0","75","2,125","257","122","158","262","244","166","27","2"
"부산광역시 금정구 장전제2동(2641061000)","4,669","4,669","0","33","1,138","760","504","595","708","568","314","48","1","2,113","2,113","0","12","591","442","273","299","268","151","70","6","1","2,556","2,556","0","21","547","318","231","296","440","417","244","42","0"
"부산광역시 금정구 선두구동(2641063500)","629","629","0","0","13","51","59","128","186","114","67","10","1","350","350","0","0","6","31","43","95","112","45","18","0","0","279","279","0","0","7","20","16","33","74","69","49","10","1"
"부산광역시 금정구 청룡노포동(2641066500)","1,706","1,706","0","5","107","125","142","289","427","349","228","34","0","778","778","0","1","57","87","74","170","195","136","49","9","0","928","928","0","4","50","38","68","119","232","213","179","25","0"
"부산광역시 금정구 남산동(2641067000)","6,639","6,639","0","71","1,289","727","544","1,026","1,354","962","592","74","0","3,203","3,203","0","33","694","463","344","601","602","318","131","17","0","3,436","3,436","0","38","595","264","200","425","752","644","461","57","0"
"부산광역시 금정구 구서제1동(2641068000)","2,441","2,441","0","3","196","331","315","385","517","400","259","35","0","1,010","1,010","0","1","92","210","178","180","181","108","53","7","0","1,431","1,431","0","2","104","121","137","205","336","292","206","28","0"
"부산광역시 금정구 구서제2동(2641069000)","3,987","3,987","2","17","545","504","373","553","850","681","392","70","0","1,652","1,652","0","7","271","312","213","265","307","176","88","13","0","2,335","2,335","2","10","274","192","160","288","543","505","304","57","0"
"부산광역시 금정구 금성동(2641070000)","207","207","0","0","8","10","12","28","74","47","25","3","0","106","106","0","0","2","7","6","21","39","27","4","0","0","101","101","0","0","6","3","6","7","35","20","21","3","0"
"부산광역시 강서구 (2644000000)","23,590","23,590","2","40","2,923","4,953","3,795","3,666","4,479","2,417","1,147","167","1","14,415","14,415","1","22","1,784","3,474","2,831","2,442","2,502","1,063","272","23","1","9,175","9,175","1","18","1,139","1,479","964","1,224","1,977","1,354","875","144","0"
"부산광역시 강서구 대저1동(2644051000)","1,937","1,937","0","5","64","150","169","332","578","398","204","37","0","1,188","1,188","0","3","38","103","122","253","400","205","58","6","0","749","749","0","2","26","47","47","79","178","193","146","31","0"
"부산광역시 강서구 대저2동(2644052000)","1,759","1,759","0","2","258","194","162","290","454","242","136","21","0","1,168","1,168","0","2","212","143","127","226","315","107","34","2","0","591","591","0","0","46","51","35","64","139","135","102","19","0"
"부산광역시 강서구 강동동(2644053000)","1,553","1,553","0","0","40","134","152","282","472","304","149","20","0","886","886","0","0","22","91","110","201","295","133","31","3","0","667","667","0","0","18","43","42","81","177","171","118","17","0"
"부산광역시 강서구 명지1동(2644053500)","6,139","6,139","1","13","1,127","2,034","1,098","632","713","358","144","19","0","3,489","3,489","1","4","555","1,323","782","367","298","131","27","1","0","2,650","2,650","0","9","572","711","316","265","415","227","117","18","0"
"부산광역시 강서구 명지2동(2644054500)","2,117","2,117","0","2","363","493","416","313","321","162","42","5","0","1,148","1,148","0","2","188","340","285","155","117","49","8","4","0","969","969","0","0","175","153","131","158","204","113","34","1","0"
"부산광역시 강서구 가락동(2644055000)","710","710","0","0","15","50","44","116","208","153","105","19","0","408","408","0","0","8","39","38","83","129","83","27","1","0","302","302","0","0","7","11","6","33","79","70","78","18","0"
"부산광역시 강서구 녹산동(2644056000)","7,790","7,790","1","13","977","1,699","1,551","1,364","1,304","584","263","34","0","5,247","5,247","0","6","706","1,299","1,238","961","714","253","65","5","0","2,543","2,543","1","7","271","400","313","403","590","331","198","29","0"
"부산광역시 강서구 가덕도동(2644058000)","1,585","1,585","0","5","79","199","203","337","429","216","104","12","1","881","881","0","5","55","136","129","196","234","102","22","1","1","704","704","0","0","24","63","74","141","195","114","82","11","0"
"부산광역시 연제구 (2647000000)","39,429","39,429","8","87","5,329","6,844","4,527","5,562","7,704","5,782","3,173","409","4","17,213","17,213","4","32","2,141","3,750","2,575","2,948","3,245","1,759","704","55","0","22,216","22,216","4","55","3,188","3,094","1,952","2,614","4,459","4,023","2,469","354","4"
"부산광역시 연제구 거제제1동(2647061000)","3,241","3,241","0","15","476","454","347","392","579","562","369","47","0","1,257","1,257","0","9","194","259","189","194","218","119","70","5","0","1,984","1,984","0","6","282","195","158","198","361","443","299","42","0"
"부산광역시 연제구 거제제2동(2647062000)","1,793","1,793","1","3","165","442","313","221","266","240","130","12","0","769","769","0","1","63","268","169","103","71","64","28","2","0","1,024","1,024","1","2","102","174","144","118","195","176","102","10","0"
"부산광역시 연제구 거제제3동(2647063000)","2,007","2,007","0","6","275","298","173","228","393","350","249","35","0","803","803","0","2","109","161","107","121","163","80","55","5","0","1,204","1,204","0","4","166","137","66","107","230","270","194","30","0"
"부산광역시 연제구 거제제4동(2647064000)","1,209","1,209","0","0","48","114","107","205","335","240","139","20","1","511","511","0","0","29","76","72","103","124","82","23","2","0","698","698","0","0","19","38","35","102","211","158","116","18","1"
"부산광역시 연제구 연산제1동(2647065000)","2,292","2,292","0","1","183","321","301","349","533","403","183","18","0","950","950","0","0","71","190","178","172","191","108","36","4","0","1,342","1,342","0","1","112","131","123","177","342","295","147","14","0"
"부산광역시 연제구 연산제2동(2647066000)","4,425","4,425","0","4","727","1,057","480","514","696","592","321","33","1","1,868","1,868","0","0","255","494","254","282","282","209","85","7","0","2,557","2,557","0","4","472","563","226","232","414","383","236","26","1"
"부산광역시 연제구 연산제3동(2647067000)","2,066","2,066","0","2","86","260","237","332","514","402","210","23","0","928","928","0","0","43","169","127","163","234","145","43","4","0","1,138","1,138","0","2","43","91","110","169","280","257","167","19","0"
"부산광역시 연제구 연산제4동(2647068000)","4,911","4,911","1","14","874","814","574","699","982","594","322","36","1","2,292","2,292","0","6","322","442","355","397","489","194","82","5","0","2,619","2,619","1","8","552","372","219","302","493","400","240","31","1"
"부산광역시 연제구 연산제5동(2647069000)","7,180","7,180","0","23","1,890","1,837","848","947","851","496","253","35","0","3,435","3,435","0","4","761","926","480","541","438","194","85","6","0","3,745","3,745","0","19","1,129","911","368","406","413","302","168","29","0"
"부산광역시 연제구 연산제6동(2647070000)","3,520","3,520","0","3","237","428","343","533","832","682","406","56","0","1,496","1,496","0","0","115","247","196","303","347","203","80","5","0","2,024","2,024","0","3","122","181","147","230","485","479","326","51","0"
"부산광역시 연제구 연산제8동(2647072000)","2,262","2,262","0","10","141","231","247","379","640","414","179","20","1","1,055","1,055","0","7","72","150","152","213","302","122","35","2","0","1,207","1,207","0","3","69","81","95","166","338","292","144","18","1"
"부산광역시 연제구 연산제9동(2647073000)","4,523","4,523","6","6","227","588","557","763","1,083","807","412","74","0","1,849","1,849","4","3","107","368","296","356","386","239","82","8","0","2,674","2,674","2","3","120","220","261","407","697","568","330","66","0"
"부산광역시 수영구 (2650000000)","41,708","41,708","7","97","7,817","8,453","4,778","5,252","6,642","5,168","3,007","474","13","17,741","17,741","4","40","3,087","4,496","2,647","2,680","2,531","1,502","666","86","2","23,967","23,967","3","57","4,730","3,957","2,131","2,572","4,111","3,666","2,341","388","11"
"부산광역시 수영구 남천제1동(2650066000)","2,949","2,949","0","9","421","629","375","392","507","353","226","37","0","1,177","1,177","0","4","162","348","197","167","167","74","49","9","0","1,772","1,772","0","5","259","281","178","225","340","279","177","28","0"
"부산광역시 수영구 남천제2동(2650067000)","1,613","1,613","2","6","74","213","245","302","363","251","134","22","1","611","611","1","4","38","130","115","122","102","64","32","3","0","1,002","1,002","1","2","36","83","130","180","261","187","102","19","1"
"부산광역시 수영구 수영동(2650073000)","4,085","4,085","0","4","567","626","407","564","791","677","397","52","0","1,820","1,820","0","2","226","342","252","334","340","228","90","6","0","2,265","2,265","0","2","341","284","155","230","451","449","307","46","0"
"부산광역시 수영구 망미제1동(2650074000)","4,655","4,655","0","5","303","537","468","627","1,086","908","585","135","1","1,933","1,933","0","1","124","307","284","335","420","295","141","26","0","2,722","2,722","0","4","179","230","184","292","666","613","444","109","1"
"부산광역시 수영구 망미제2동(2650075000)","1,929","1,929","1","1","133","250","222","301","449","364","185","23","0","827","827","1","1","58","143","134","158","182","101","45","4","0","1,102","1,102","0","0","75","107","88","143","267","263","140","19","0"
"부산광역시 수영구 광안제1동(2650076000)","8,766","8,766","2","35","2,666","2,205","902","862","936","706","393","59","0","3,655","3,655","1","10","983","1,100","479","430","356","199","86","11","0","5,111","5,111","1","25","1,683","1,105","423","432","580","507","307","48","0"
"부산광역시 수영구 광안제2동(2650077000)","5,270","5,270","1","14","1,277","1,289","599","578","640","502","313","47","10","2,240","2,240","1","6","499","670","319","290","255","138","53","7","2","3,030","3,030","0","8","778","619","280","288","385","364","260","40","8"
"부산광역시 수영구 광안제3동(2650078000)","4,171","4,171","0","8","1,187","998","434","436","496","380","208","24","0","1,875","1,875","0","3","447","501","261","256","234","124","45","4","0","2,296","2,296","0","5","740","497","173","180","262","256","163","20","0"
"부산광역시 수영구 광안제4동(2650079000)","2,767","2,767","0","3","432","629","378","352","390","343","214","25","1","1,083","1,083","0","2","157","338","165","156","124","83","51","7","0","1,684","1,684","0","1","275","291","213","196","266","260","163","18","1"
"부산광역시 수영구 민락동(2650080000)","5,503","5,503","1","12","757","1,077","748","838","984","684","352","50","0","2,520","2,520","0","7","393","617","441","432","351","196","74","9","0","2,983","2,983","1","5","364","460","307","406","633","488","278","41","0"
"부산광역시 사상구 (2653000000)","44,558","44,558","12","239","6,421","5,639","4,563","7,358","10,503","6,529","2,944","346","4","22,705","22,705","4","96","3,131","3,562","3,074","4,651","5,334","2,198","608","46","1","21,853","21,853","8","143","3,290","2,077","1,489","2,707","5,169","4,331","2,336","300","3"
"부산광역시 사상구 삼락동(2653058000)","1,592","1,592","4","11","55","114","131","384","497","253","131","12","0","898","898","0","6","33","65","99","278","308","90","19","0","0","694","694","4","5","22","49","32","106","189","163","112","12","0"
"부산광역시 사상구 모라제1동(2653059100)","4,680","4,680","5","5","393","571","484","775","1,249","796","361","41","0","2,247","2,247","2","2","196","337","304","477","588","248","85","8","0","2,433","2,433","3","3","197","234","180","298","661","548","276","33","0"
"부산광역시 사상구 모라제3동(2653059300)","4,177","4,177","0","1","43","126","290","728","1,281","1,119","531","58","0","1,893","1,893","0","1","30","85","194","441","669","353","113","7","0","2,284","2,284","0","0","13","41","96","287","612","766","418","51","0"
"부산광역시 사상구 덕포제1동(2653060000)","2,280","2,280","2","10","206","283","244","427","586","334","165","22","1","1,172","1,172","1","6","133","180","158","253","294","115","30","2","0","1,108","1,108","1","4","73","103","86","174","292","219","135","20","1"
"부산광역시 사상구 덕포제2동(2653061000)","2,169","2,169","0","6","175","240","206","425","605","338","157","16","1","1,105","1,105","0","2","97","152","142","265","278","132","34","3","0","1,064","1,064","0","4","78","88","64","160","327","206","123","13","1"
"부산광역시 사상구 괘법동(2653062000)","9,080","9,080","0","62","2,665","1,831","959","1,245","1,419","633","237","29","0","5,012","5,012","0","32","1,217","1,113","632","860","847","251","55","5","0","4,068","4,068","0","30","1,448","718","327","385","572","382","182","24","0"
"부산광역시 사상구 감전동(2653064500)","3,730","3,730","0","16","262","389","412","762","1,040","589","231","28","1","2,142","2,142","0","5","140","261","297","549","619","227","41","3","0","1,588","1,588","0","11","122","128","115","213","421","362","190","25","1"
"부산광역시 사상구 주례제1동(2653065000)","2,198","2,198","0","1","126","304","249","379","590","382","142","25","0","1,171","1,171","0","1","61","211","182","228","298","140","46","4","0","1,027","1,027","0","0","65","93","67","151","292","242","96","21","0"
"부산광역시 사상구 주례제2동(2653066000)","5,849","5,849","0","115","1,943","897","594","673","803","507","285","31","1","2,957","2,957","0","39","936","589","386","408","376","165","54","3","1","2,892","2,892","0","76","1,007","308","208","265","427","342","231","28","0"
"부산광역시 사상구 주례제3동(2653066100)","2,064","2,064","0","5","288","243","189","317","454","354","183","31","0","911","911","0","1","131","144","139","167","180","100","44","5","0","1,153","1,153","0","4","157","99","50","150","274","254","139","26","0"
"부산광역시 사상구 학장동(2653067000)","4,299","4,299","0","2","164","362","502","783","1,269","824","360","33","0","2,015","2,015","0","0","90","225","342","461","581","258","53","5","0","2,284","2,284","0","2","74","137","160","322","688","566","307","28","0"
"부산광역시 사상구 엄궁동(2653068000)","2,440","2,440","1","5","101","279","303","460","710","400","161","20","0","1,182","1,182","1","1","67","200","199","264","296","119","34","1","0","1,258","1,258","0","4","34","79","104","196","414","281","127","19","0"
"부산광역시 기장군 (2671000000)","30,267","30,267","4","40","2,674","4,384","4,233","5,167","6,328","4,581","2,482","364","10","15,298","15,298","1","20","1,411","2,899","2,789","3,015","2,936","1,595","566","65","1","14,969","14,969","3","20","1,263","1,485","1,444","2,152","3,392","2,986","1,916","299","9"
"부산광역시 기장군 기장읍(2671025000)","11,675","11,675","1","11","914","1,366","1,420","2,054","2,563","1,941","1,232","167","6","5,441","5,441","0","7","477","882","891","1,150","1,121","623","266","24","0","6,234","6,234","1","4","437","484","529","904","1,442","1,318","966","143","6"
"부산광역시 기장군 장안읍(2671025300)","2,827","2,827","0","6","205","330","335","545","725","410","231","40","0","1,682","1,682","0","4","144","245","254","360","430","182","54","9","0","1,145","1,145","0","2","61","85","81","185","295","228","177","31","0"
"부산광역시 기장군 정관읍(2671025600)","9,628","9,628","1","20","1,003","1,700","1,779","1,618","1,657","1,258","514","77","1","5,092","5,092","0","8","524","1,157","1,191","949","720","397","128","18","0","4,536","4,536","1","12","479","543","588","669","937","861","386","59","1"
"부산광역시 기장군 일광읍(2671025900)","4,474","4,474","2","3","511","907","597","660","879","567","301","46","1","2,248","2,248","1","1","239","559","381","379","407","208","65","8","0","2,226","2,226","1","2","272","348","216","281","472","359","236","38","1"
"부산광역시 기장군 철마면(2671033000)","1,663","1,663","0","0","41","81","102","290","504","405","204","34","2","835","835","0","0","27","56","72","177","258","185","53","6","1","828","828","0","0","14","25","30","113","246","220","151","28","1"
"대구광역시  (2700000000)","443,045","443,045","135","1,388","57,469","64,019","50,312","74,200","92,379","59,319","37,735","5,988","101","210,743","210,743","61","551","27,783","40,909","31,753","42,151","40,981","18,363","7,239","937","15","232,302","232,302","74","837","29,686","23,110","18,559","32,049","51,398","40,956","30,496","5,051","86"
"대구광역시 중구 (2711000000)","23,109","23,109","4","86","5,853","4,924","2,508","2,573","3,000","2,314","1,580","258","9","10,805","10,805","3","27","2,465","2,926","1,474","1,427","1,369","721","349","43","1","12,304","12,304","1","59","3,388","1,998","1,034","1,146","1,631","1,593","1,231","215","8"
"대구광역시 중구 동인동(2711051700)","3,508","3,508","0","9","805","783","410","391","471","366","226","45","2","1,789","1,789","0","5","382","447","262","247","250","130","56","9","1","1,719","1,719","0","4","423","336","148","144","221","236","170","36","1"
"대구광역시 중구 삼덕동(2711054500)","2,879","2,879","0","12","1,302","682","241","235","200","113","80","13","1","1,443","1,443","0","2","624","414","135","127","85","37","17","2","0","1,436","1,436","0","10","678","268","106","108","115","76","63","11","1"
"대구광역시 중구 성내1동(2711056500)","2,840","2,840","0","12","1,298","652","203","195","210","152","99","19","0","1,322","1,322","0","2","494","369","130","119","128","54","23","3","0","1,518","1,518","0","10","804","283","73","76","82","98","76","16","0"
"대구광역시 중구 성내2동(2711057500)","2,737","2,737","0","32","986","537","232","253","316","228","140","13","0","1,319","1,319","0","6","351","327","144","166","187","93","43","2","0","1,418","1,418","0","26","635","210","88","87","129","135","97","11","0"
"대구광역시 중구 성내3동(2711058500)","1,895","1,895","0","3","260","612","290","221","238","159","99","13","0","1,017","1,017","0","2","123","426","163","116","97","64","24","2","0","878","878","0","1","137","186","127","105","141","95","75","11","0"
"대구광역시 중구 대신동(2711059500)","1,067","1,067","0","3","60","165","124","160","229","185","121","19","1","487","487","0","2","36","109","75","90","99","50","22","4","0","580","580","0","1","24","56","49","70","130","135","99","15","1"
"대구광역시 중구 남산1동(2711064000)","1,524","1,524","1","1","397","290","149","162","228","163","121","11","1","679","679","1","1","155","152","83","96","110","50","29","2","0","845","845","0","0","242","138","66","66","118","113","92","9","1"
"대구광역시 중구 남산2동(2711065000)","1,367","1,367","0","3","248","329","161","168","172","171","86","27","2","606","606","0","0","86","173","95","97","76","48","26","5","0","761","761","0","3","162","156","66","71","96","123","60","22","2"
"대구광역시 중구 남산3동(2711066000)","1,135","1,135","0","2","97","123","126","200","206","185","167","29","0","491","491","0","1","52","76","84","103","91","54","28","2","0","644","644","0","1","45","47","42","97","115","131","139","27","0"
"대구광역시 중구 남산4동(2711067000)","2,041","2,041","1","1","109","339","287","274","412","331","255","30","2","732","732","1","1","36","200","146","125","116","63","39","5","0","1,309","1,309","0","0","73","139","141","149","296","268","216","25","2"
"대구광역시 중구 대봉1동(2711068000)","1,359","1,359","1","8","241","259","166","185","183","152","131","33","0","565","565","1","5","99","128","94","87","72","43","29","7","0","794","794","0","3","142","131","72","98","111","109","102","26","0"
"대구광역시 중구 대봉2동(2711069000)","757","757","1","0","50","153","119","129","135","109","55","6","0","355","355","0","0","27","105","63","54","58","35","13","0","0","402","402","1","0","23","48","56","75","77","74","42","6","0"
"대구광역시 동구 (2714000000)","68,552","68,552","7","110","7,254","10,262","7,653","11,013","14,627","10,247","6,419","937","23","32,248","32,248","3","51","3,436","6,513","4,757","6,324","6,510","3,208","1,287","156","3","36,304","36,304","4","59","3,818","3,749","2,896","4,689","8,117","7,039","5,132","781","20"
"대구광역시 동구 신암1동(2714051000)","2,439","2,439","0","6","275","320","234","377","495","377","314","39","2","1,158","1,158","0","2","146","214","156","228","234","117","52","9","0","1,281","1,281","0","4","129","106","78","149","261","260","262","30","2"
"대구광역시 동구 신암2동(2714052000)","1,734","1,734","0","0","86","217","189","268","349","316","264","44","1","626","626","0","0","46","132","97","126","121","57","41","6","0","1,108","1,108","0","0","40","85","92","142","228","259","223","38","1"
"대구광역시 동구 신암3동(2714053000)","1,696","1,696","0","1","129","364","199","246","341","255","137","23","1","808","808","0","0","64","229","126","135","153","70","25","6","0","888","888","0","1","65","135","73","111","188","185","112","17","1"
"대구광역시 동구 신암4동(2714054000)","4,451","4,451","0","8","738","946","526","739","790","429","244","29","2","2,283","2,283","0","4","316","610","302","473","376","146","46","9","1","2,168","2,168","0","4","422","336","224","266","414","283","198","20","1"
"대구광역시 동구 신암5동(2714054100)","1,632","1,632","0","0","97","219","147","271","418","265","197","18","0","710","710","0","0","51","141","84","157","157","74","43","3","0","922","922","0","0","46","78","63","114","261","191","154","15","0"
"대구광역시 동구 신천1.2동(2714055500)","2,571","2,571","0","4","229","315","271","350","552","465","342","43","0","974","974","0","3","81","189","140","173","223","101","59","5","0","1,597","1,597","0","1","148","126","131","177","329","364","283","38","0"
"대구광역시 동구 신천3동(2714057000)","2,219","2,219","0","3","260","510","293","295","365","272","184","36","1","1,008","1,008","0","3","111","295","172","167","153","64","37","6","0","1,211","1,211","0","0","149","215","121","128","212","208","147","30","1"
"대구광역시 동구 신천4동(2714058000)","3,523","3,523","1","6","773","844","464","467","485","284","170","29","0","1,701","1,701","1","1","266","495","282","286","234","88","45","3","0","1,822","1,822","0","5","507","349","182","181","251","196","125","26","0"
"대구광역시 동구 효목1동(2714059000)","3,326","3,326","1","9","279","300","330","524","824","642","378","38","1","1,584","1,584","0","7","124","207","206","333","410","208","81","8","0","1,742","1,742","1","2","155","93","124","191","414","434","297","30","1"
"대구광역시 동구 효목2동(2714060000)","2,997","2,997","0","5","342","466","283","456","675","445","281","44","0","1,312","1,312","0","3","138","305","163","241","285","119","51","7","0","1,685","1,685","0","2","204","161","120","215","390","326","230","37","0"
"대구광역시 동구 도평동(2714061500)","1,069","1,069","0","5","238","109","74","153","223","151","101","15","0","647","647","0","3","190","80","60","110","120","61","21","2","0","422","422","0","2","48","29","14","43","103","90","80","13","0"
"대구광역시 동구 불로.봉무동(2714062000)","2,839","2,839","0","6","258","354","347","527","636","445","226","40","0","1,342","1,342","0","1","133","220","221","287","270","155","46","9","0","1,497","1,497","0","5","125","134","126","240","366","290","180","31","0"
"대구광역시 동구 지저동(2714064000)","2,874","2,874","1","3","150","247","265","533","816","518","293","47","1","1,397","1,397","1","3","74","160","178","334","406","169","60","12","0","1,477","1,477","0","0","76","87","87","199","410","349","233","35","1"
"대구광역시 동구 동촌동(2714065500)","3,653","3,653","0","5","368","430","387","659","891","534","326","53","0","1,919","1,919","0","3","247","287","260","410","443","197","66","6","0","1,734","1,734","0","2","121","143","127","249","448","337","260","47","0"
"대구광역시 동구 방촌동(2714067000)","2,918","2,918","0","3","156","229","277","494","747","546","397","67","2","1,205","1,205","0","0","78","158","177","258","295","148","82","9","0","1,713","1,713","0","3","78","71","100","236","452","398","315","58","2"
"대구광역시 동구 해안동(2714068500)","2,992","2,992","0","2","200","239","263","557","753","562","362","51","3","1,445","1,445","0","2","118","166","188","367","351","178","66","8","1","1,547","1,547","0","0","82","73","75","190","402","384","296","43","2"
"대구광역시 동구 안심1동(2714072000)","8,632","8,632","2","17","975","1,010","923","1,391","2,037","1,365","795","115","2","4,000","4,000","1","6","458","640","575","785","892","464","161","18","0","4,632","4,632","1","11","517","370","348","606","1,145","901","634","97","2"
"대구광역시 동구 안심2동(2714073000)","2,443","2,443","1","2","140","408","304","449","534","388","191","26","0","1,196","1,196","0","1","69","259","205","246","242","119","49","6","0","1,247","1,247","1","1","71","149","99","203","292","269","142","20","0"
"대구광역시 동구 안심3동(2714074200)","2,629","2,629","0","7","265","515","393","389","422","378","227","32","1","1,245","1,245","0","3","137","340","240","212","161","95","50","7","0","1,384","1,384","0","4","128","175","153","177","261","283","177","25","1"
"대구광역시 동구 안심4동(2714074700)","4,129","4,129","1","10","562","692","481","679","787","546","334","36","1","1,948","1,948","0","2","262","457","315","365","302","179","61","4","1","2,181","2,181","1","8","300","235","166","314","485","367","273","32","0"
"대구광역시 동구 혁신동(2714075500)","3,970","3,970","0","8","638","1,177","621","511","499","357","139","18","2","1,996","1,996","0","4","282","701","393","245","200","139","31","1","0","1,974","1,974","0","4","356","476","228","266","299","218","108","17","2"
"대구광역시 동구 공산동(2714076000)","3,816","3,816","0","0","96","351","382","678","988","707","517","94","3","1,744","1,744","0","0","45","228","217","386","482","260","114","12","0","2,072","2,072","0","0","51","123","165","292","506","447","403","82","3"
"대구광역시 서구 (2717000000)","39,117","39,117","22","58","2,539","4,130","3,996","7,509","10,128","6,341","3,881","500","13","19,085","19,085","8","28","1,241","2,752","2,591","4,788","4,885","1,980","755","57","0","20,032","20,032","14","30","1,298","1,378","1,405","2,721","5,243","4,361","3,126","443","13"
"대구광역시 서구 내당1동(2717051000)","2,093","2,093","0","2","251","296","260","312","482","280","174","36","0","935","935","0","0","103","177","163","181","193","82","33","3","0","1,158","1,158","0","2","148","119","97","131","289","198","141","33","0"
"대구광역시 서구 내당2.3동(2717052500)","2,321","2,321","0","2","123","172","203","400","628","454","307","31","1","1,029","1,029","0","1","63","110","139","242","288","125","56","5","0","1,292","1,292","0","1","60","62","64","158","340","329","251","26","1"
"대구광역시 서구 내당4동(2717054000)","3,619","3,619","2","1","428","546","391","586","784","530","301","49","1","1,582","1,582","0","1","185","335","221","324","314","140","59","3","0","2,037","2,037","2","0","243","211","170","262","470","390","242","46","1"
"대구광역시 서구 비산1동(2717055000)","2,284","2,284","2","2","76","140","189","512","629","452","262","20","0","1,114","1,114","2","2","40","92","113","346","317","144","54","4","0","1,170","1,170","0","0","36","48","76","166","312","308","208","16","0"
"대구광역시 서구 비산2.3동(2717056500)","2,599","2,599","1","2","83","129","178","477","733","554","397","44","1","1,182","1,182","0","2","46","95","120","304","367","166","73","9","0","1,417","1,417","1","0","37","34","58","173","366","388","324","35","1"
"대구광역시 서구 비산4동(2717058000)","2,010","2,010","0","1","82","134","180","375","575","412","225","25","1","867","867","0","1","45","87","116","218","234","128","33","5","0","1,143","1,143","0","0","37","47","64","157","341","284","192","20","1"
"대구광역시 서구 비산5동(2717059000)","1,747","1,747","3","6","71","95","157","344","504","344","194","29","0","884","884","0","1","34","61","103","242","305","99","35","4","0","863","863","3","5","37","34","54","102","199","245","159","25","0"
"대구광역시 서구 비산6동(2717060000)","1,716","1,716","0","2","75","94","122","353","539","290","217","23","1","780","780","0","2","40","62","72","226","233","100","42","3","0","936","936","0","0","35","32","50","127","306","190","175","20","1"
"대구광역시 서구 비산7동(2717061000)","2,834","2,834","9","14","117","226","300","651","770","434","279","32","2","1,599","1,599","3","5","69","135","207","482","465","165","68","0","0","1,235","1,235","6","9","48","91","93","169","305","269","211","32","2"
"대구광역시 서구 평리1동(2717062000)","1,838","1,838","1","3","97","136","161","377","517","300","212","32","2","901","901","0","2","50","85","109","258","267","94","35","1","0","937","937","1","1","47","51","52","119","250","206","177","31","2"
"대구광역시 서구 평리2동(2717063000)","1,404","1,404","0","0","72","119","129","271","418","244","139","12","0","641","641","0","0","31","78","83","157","191","75","23","3","0","763","763","0","0","41","41","46","114","227","169","116","9","0"
"대구광역시 서구 평리3동(2717064000)","2,754","2,754","1","4","156","315","352","555","700","387","251","32","1","1,386","1,386","1","0","84","220","208","340","357","125","49","2","0","1,368","1,368","0","4","72","95","144","215","343","262","202","30","1"
"대구광역시 서구 평리4동(2717065000)","3,727","3,727","0","8","305","430","420","769","946","535","270","43","1","1,887","1,887","0","4","140","282","286","497","453","175","46","4","0","1,840","1,840","0","4","165","148","134","272","493","360","224","39","1"
"대구광역시 서구 평리5동(2717066000)","1,175","1,175","1","1","119","358","169","171","173","107","72","3","1","644","644","0","1","70","259","112","84","71","25","22","0","0","531","531","1","0","49","99","57","87","102","82","50","3","1"
"대구광역시 서구 평리6동(2717066100)","1,148","1,148","0","2","58","216","133","243","265","147","75","9","0","682","682","0","1","31","160","95","178","143","53","21","0","0","466","466","0","1","27","56","38","65","122","94","54","9","0"
"대구광역시 서구 상중이동(2717067500)","3,398","3,398","2","6","241","396","375","639","914","493","284","48","0","1,695","1,695","2","4","121","279","252","409","409","154","58","7","0","1,703","1,703","0","2","120","117","123","230","505","339","226","41","0"
"대구광역시 서구 원대동(2717069500)","2,450","2,450","0","2","185","328","277","474","551","378","222","32","1","1,277","1,277","0","1","89","235","192","300","278","130","48","4","0","1,173","1,173","0","1","96","93","85","174","273","248","174","28","1"
"대구광역시 남구 (2720000000)","39,964","39,964","8","150","6,319","5,475","4,390","6,341","7,820","5,255","3,547","648","11","18,032","18,032","6","63","2,547","3,137","2,545","3,662","3,605","1,658","708","99","2","21,932","21,932","2","87","3,772","2,338","1,845","2,679","4,215","3,597","2,839","549","9"
"대구광역시 남구 이천동(2720051500)","2,592","2,592","0","3","140","340","326","413","483","446","362","78","1","1,061","1,061","0","0","74","223","177","219","201","98","59","9","1","1,531","1,531","0","3","66","117","149","194","282","348","303","69","0"
"대구광역시 남구 봉덕1동(2720053000)","2,848","2,848","0","8","322","371","389","509","561","374","258","56","0","1,349","1,349","0","2","134","215","227","307","286","118","51","9","0","1,499","1,499","0","6","188","156","162","202","275","256","207","47","0"
"대구광역시 남구 봉덕2동(2720054000)","2,025","2,025","2","3","85","281","258","353","457","301","225","58","2","831","831","2","2","39","156","139","155","190","89","47","12","0","1,194","1,194","0","1","46","125","119","198","267","212","178","46","2"
"대구광역시 남구 봉덕3동(2720055000)","3,877","3,877","1","6","391","420","475","703","832","558","415","76","0","1,714","1,714","1","4","161","253","261","408","346","173","92","15","0","2,163","2,163","0","2","230","167","214","295","486","385","323","61","0"
"대구광역시 남구 대명1동(2720056000)","2,825","2,825","0","12","499","393","307","477","530","354","219","34","0","1,343","1,343","0","7","216","226","195","287","240","119","47","6","0","1,482","1,482","0","5","283","167","112","190","290","235","172","28","0"
"대구광역시 남구 대명2동(2720057100)","4,438","4,438","0","44","1,357","776","427","495","611","414","267","46","1","2,000","2,000","0","19","545","454","242","269","294","128","48","1","0","2,438","2,438","0","25","812","322","185","226","317","286","219","45","1"
"대구광역시 남구 대명3동(2720058600)","3,601","3,601","0","29","660","379","315","578","712","538","334","55","1","1,688","1,688","0","10","263","216","214","375","369","163","70","8","0","1,913","1,913","0","19","397","163","101","203","343","375","264","47","1"
"대구광역시 남구 대명4동(2720059000)","3,055","3,055","0","5","495","316","229","511","704","449","300","45","1","1,336","1,336","0","2","173","179","147","299","330","146","53","7","0","1,719","1,719","0","3","322","137","82","212","374","303","247","38","1"
"대구광역시 남구 대명5동(2720060000)","2,052","2,052","0","17","691","295","194","236","280","184","129","26","0","907","907","0","6","265","165","110","144","133","59","20","5","0","1,145","1,145","0","11","426","130","84","92","147","125","109","21","0"
"대구광역시 남구 대명6동(2720061000)","3,017","3,017","2","8","418","499","402","477","588","356","220","45","2","1,385","1,385","1","4","160","290","234","264","253","125","49","4","1","1,632","1,632","1","4","258","209","168","213","335","231","171","41","1"
"대구광역시 남구 대명9동(2720064000)","4,487","4,487","1","11","688","752","586","730","850","507","314","47","1","2,199","2,199","0","3","288","402","335","448","433","204","74","12","0","2,288","2,288","1","8","400","350","251","282","417","303","240","35","1"
"대구광역시 남구 대명10동(2720065000)","2,728","2,728","0","3","402","378","259","439","568","385","255","38","1","1,180","1,180","0","3","153","206","142","251","258","121","39","7","0","1,548","1,548","0","0","249","172","117","188","310","264","216","31","1"
"대구광역시 남구 대명11동(2720066000)","2,419","2,419","2","1","171","275","223","420","644","389","249","44","1","1,039","1,039","2","1","76","152","122","236","272","115","59","4","0","1,380","1,380","0","0","95","123","101","184","372","274","190","40","1"
"대구광역시 북구 (2723000000)","76,836","76,836","10","366","13,485","10,661","8,655","13,245","14,658","9,070","5,742","929","15","38,198","38,198","4","139","7,190","7,098","5,706","7,733","6,502","2,641","1,042","140","3","38,638","38,638","6","227","6,295","3,563","2,949","5,512","8,156","6,429","4,700","789","12"
"대구광역시 북구 고성동(2723051000)","1,769","1,769","0","1","180","556","306","200","230","170","103","23","0","918","918","0","1","89","379","186","115","84","39","18","7","0","851","851","0","0","91","177","120","85","146","131","85","16","0"
"대구광역시 북구 칠성동(2723052600)","4,136","4,136","0","12","653","918","480","527","616","509","352","67","2","1,797","1,797","0","3","245","497","280","260","269","160","75","8","0","2,339","2,339","0","9","408","421","200","267","347","349","277","59","2"
"대구광역시 북구 침산1동(2723055000)","920","920","0","2","40","79","100","195","257","134","100","11","2","517","517","0","1","25","56","70","146","150","51","18","0","0","403","403","0","1","15","23","30","49","107","83","82","11","2"
"대구광역시 북구 침산2동(2723056000)","1,804","1,804","0","2","174","350","236","285","328","243","159","27","0","767","767","0","1","68","218","142","140","109","52","34","3","0","1,037","1,037","0","1","106","132","94","145","219","191","125","24","0"
"대구광역시 북구 침산3동(2723057000)","1,882","1,882","0","1","79","192","198","331","431","371","242","37","0","696","696","0","1","38","124","118","144","147","81","39","4","0","1,186","1,186","0","0","41","68","80","187","284","290","203","33","0"
"대구광역시 북구 산격1동(2723061000)","2,835","2,835","0","2","85","150","197","514","835","646","353","53","0","1,322","1,322","0","1","45","99","137","315","445","192","76","12","0","1,513","1,513","0","1","40","51","60","199","390","454","277","41","0"
"대구광역시 북구 산격2동(2723062000)","1,759","1,759","0","4","186","203","194","309","406","244","189","24","0","773","773","0","3","96","126","117","175","174","58","19","5","0","986","986","0","1","90","77","77","134","232","186","170","19","0"
"대구광역시 북구 산격3동(2723063000)","4,265","4,265","0","77","2,011","628","319","395","400","243","160","32","0","2,342","2,342","0","19","1,076","463","233","279","187","64","18","3","0","1,923","1,923","0","58","935","165","86","116","213","179","142","29","0"
"대구광역시 북구 산격4동(2723063100)","2,255","2,255","0","4","350","328","249","376","481","259","174","34","0","1,229","1,229","0","2","210","244","182","238","227","85","36","5","0","1,026","1,026","0","2","140","84","67","138","254","174","138","29","0"
"대구광역시 북구 대현동(2723064500)","4,687","4,687","0","29","1,597","423","412","576","723","501","363","63","0","2,571","2,571","0","16","1,081","314","271","348","330","142","59","10","0","2,116","2,116","0","13","516","109","141","228","393","359","304","53","0"
"대구광역시 북구 복현1동(2723067100)","3,754","3,754","0","42","1,955","556","293","362","313","139","78","16","0","2,278","2,278","0","18","1,161","411","205","262","153","51","13","4","0","1,476","1,476","0","24","794","145","88","100","160","88","65","12","0"
"대구광역시 북구 복현2동(2723067200)","4,280","4,280","1","48","976","677","454","572","759","465","281","46","1","2,058","2,058","0","17","578","446","282","295","279","114","42","5","0","2,222","2,222","1","31","398","231","172","277","480","351","239","41","1"
"대구광역시 북구 검단동(2723068000)","1,412","1,412","1","2","59","159","155","243","371","250","149","23","0","648","648","0","1","32","104","99","146","163","70","29","4","0","764","764","1","1","27","55","56","97","208","180","120","19","0"
"대구광역시 북구 무태조야동(2723069500)","5,265","5,265","1","2","337","655","819","1,345","1,068","666","333","39","0","2,971","2,971","0","1","189","463","582","889","542","234","65","6","0","2,294","2,294","1","1","148","192","237","456","526","432","268","33","0"
"대구광역시 북구 관문동(2723071500)","4,533","4,533","0","2","179","585","777","943","1,122","625","243","56","1","2,326","2,326","0","0","92","391","525","560","502","204","46","6","0","2,207","2,207","0","2","87","194","252","383","620","421","197","50","1"
"대구광역시 북구 태전1동(2723072500)","5,087","5,087","0","92","1,597","615","472","746","726","427","333","78","1","2,429","2,429","0","34","698","411","327","451","310","126","61","11","0","2,658","2,658","0","58","899","204","145","295","416","301","272","67","1"
"대구광역시 북구 태전2동(2723073500)","3,927","3,927","0","9","628","466","411","744","841","500","296","32","0","1,861","1,861","0","2","315","328","271","414","325","134","68","4","0","2,066","2,066","0","7","313","138","140","330","516","366","228","28","0"
"대구광역시 북구 구암동(2723074500)","3,877","3,877","1","4","270","477","473","928","850","467","364","42","1","1,701","1,701","0","1","136","313","280","479","318","103","66","5","0","2,176","2,176","1","3","134","164","193","449","532","364","298","37","1"
"대구광역시 북구 관음동(2723075000)","2,977","2,977","0","7","210","270","302","656","785","417","288","39","3","1,487","1,487","0","3","118","184","214","389","369","150","52","8","0","1,490","1,490","0","4","92","86","88","267","416","267","236","31","3"
"대구광역시 북구 읍내동(2723077000)","4,422","4,422","0","12","564","606","476","815","984","534","362","69","0","2,076","2,076","0","9","257","397","306","443","427","160","71","6","0","2,346","2,346","0","3","307","209","170","372","557","374","291","63","0"
"대구광역시 북구 동천동(2723078000)","3,004","3,004","1","4","238","399","394","709","541","379","292","45","2","1,232","1,232","0","1","122","241","224","326","187","79","42","8","2","1,772","1,772","1","3","116","158","170","383","354","300","250","37","0"
"대구광역시 북구 노원동(2723079000)","2,587","2,587","3","5","138","296","294","490","733","401","203","23","1","1,480","1,480","3","3","71","218","225","362","417","137","38","5","1","1,107","1,107","0","2","67","78","69","128","316","264","165","18","0"
"대구광역시 북구 국우동(2723080000)","5,399","5,399","2","3","979","1,073","644","984","858","480","325","50","1","2,719","2,719","1","1","448","671","430","557","388","155","57","11","0","2,680","2,680","1","2","531","402","214","427","470","325","268","39","1"
"대구광역시 수성구 (2726000000)","57,816","57,816","30","160","6,181","8,792","6,786","9,544","11,616","8,132","5,559","1,003","13","23,984","23,984","11","68","2,648","5,082","3,700","4,577","4,480","2,263","976","176","3","33,832","33,832","19","92","3,533","3,710","3,086","4,967","7,136","5,869","4,583","827","10"
"대구광역시 수성구 범어1동(2726051000)","2,022","2,022","2","4","253","449","269","316","299","244","157","28","1","828","828","0","2","92","241","141","146","113","56","31","6","0","1,194","1,194","2","2","161","208","128","170","186","188","126","22","1"
"대구광역시 수성구 범어2동(2726052000)","2,838","2,838","0","14","643","676","332","367","380","223","174","28","1","1,206","1,206","0","4","225","361","157","182","160","72","37","8","0","1,632","1,632","0","10","418","315","175","185","220","151","137","20","1"
"대구광역시 수성구 범어3동(2726053000)","1,691","1,691","3","10","324","418","209","243","231","128","107","18","0","715","715","1","1","127","227","115","108","74","35","22","5","0","976","976","2","9","197","191","94","135","157","93","85","13","0"
"대구광역시 수성구 범어4동(2726054000)","1,144","1,144","0","4","124","148","148","203","210","174","113","20","0","445","445","0","1","56","82","81","95","62","46","17","5","0","699","699","0","3","68","66","67","108","148","128","96","15","0"
"대구광역시 수성구 만촌1동(2726055000)","2,472","2,472","1","7","191","301","244","418","532","418","306","54","0","1,025","1,025","1","2","84","182","145","222","217","111","46","15","0","1,447","1,447","0","5","107","119","99","196","315","307","260","39","0"
"대구광역시 수성구 만촌2동(2726056000)","2,051","2,051","1","9","385","361","234","301","348","237","144","30","1","971","971","1","2","178","234","152","159","146","69","27","3","0","1,080","1,080","0","7","207","127","82","142","202","168","117","27","1"
"대구광역시 수성구 만촌3동(2726056100)","1,579","1,579","0","12","223","207","208","253","267","226","159","23","1","660","660","0","6","104","139","120","116","88","61","22","3","1","919","919","0","6","119","68","88","137","179","165","137","20","0"
"대구광역시 수성구 수성1가동(2726057000)","2,245","2,245","1","4","124","256","220","370","476","407","318","67","2","767","767","1","2","54","145","101","168","161","88","41","6","0","1,478","1,478","0","2","70","111","119","202","315","319","277","61","2"
"대구광역시 수성구 수성2.3가동(2726058000)","1,373","1,373","0","3","95","141","147","222","306","261","174","24","0","612","612","0","2","42","87","89","133","139","72","43","5","0","761","761","0","1","53","54","58","89","167","189","131","19","0"
"대구광역시 수성구 수성4가동(2726059000)","1,702","1,702","0","0","108","203","151","301","358","298","237","46","0","569","569","0","0","46","108","72","114","105","79","39","6","0","1,133","1,133","0","0","62","95","79","187","253","219","198","40","0"
"대구광역시 수성구 황금1동(2726060100)","1,689","1,689","1","5","38","135","145","277","481","350","211","45","1","585","585","1","3","19","83","58","118","165","96","36","6","0","1,104","1,104","0","2","19","52","87","159","316","254","175","39","1"
"대구광역시 수성구 황금2동(2726060200)","2,858","2,858","1","9","493","558","411","485","434","265","178","24","0","1,303","1,303","0","2","198","304","244","253","193","73","33","3","0","1,555","1,555","1","7","295","254","167","232","241","192","145","21","0"
"대구광역시 수성구 중동(2726061000)","3,148","3,148","1","7","405","580","493","547","604","302","172","36","1","1,511","1,511","0","5","174","331","277","311","266","115","24","8","0","1,637","1,637","1","2","231","249","216","236","338","187","148","28","1"
"대구광역시 수성구 상동(2726062000)","3,484","3,484","1","4","459","474","443","603","711","418","297","74","0","1,622","1,622","0","2","190","278","263","334","350","147","50","8","0","1,862","1,862","1","2","269","196","180","269","361","271","247","66","0"
"대구광역시 수성구 파동(2726063000)","2,417","2,417","13","41","124","386","366","389","497","332","226","43","0","1,004","1,004","5","23","60","235","190","179","151","97","53","11","0","1,413","1,413","8","18","64","151","176","210","346","235","173","32","0"
"대구광역시 수성구 두산동(2726064000)","3,592","3,592","1","4","635","811","574","597","544","282","124","20","0","1,660","1,660","0","3","255","424","300","310","245","88","32","3","0","1,932","1,932","1","1","380","387","274","287","299","194","92","17","0"
"대구광역시 수성구 지산1동(2726065100)","4,712","4,712","1","4","452","579","503","851","1,035","749","464","74","0","1,954","1,954","0","4","192","331","288","407","415","222","81","14","0","2,758","2,758","1","0","260","248","215","444","620","527","383","60","0"
"대구광역시 수성구 지산2동(2726065200)","2,940","2,940","2","6","195","365","326","501","720","453","295","76","1","1,162","1,162","1","1","89","220","180","230","252","119","55","15","0","1,778","1,778","1","5","106","145","146","271","468","334","240","61","1"
"대구광역시 수성구 범물1동(2726066100)","3,053","3,053","0","0","42","114","184","433","845","825","532","75","3","1,147","1,147","0","0","26","66","101","215","378","251","100","9","1","1,906","1,906","0","0","16","48","83","218","467","574","432","66","2"
"대구광역시 수성구 범물2동(2726066200)","1,730","1,730","0","4","84","211","207","327","457","270","141","29","0","702","702","0","0","48","132","127","140","153","76","23","3","0","1,028","1,028","0","4","36","79","80","187","304","194","118","26","0"
"대구광역시 수성구 고산1동(2726067000)","2,855","2,855","0","4","249","456","334","501","599","395","274","43","0","1,105","1,105","0","1","137","281","166","189","189","100","37","5","0","1,750","1,750","0","3","112","175","168","312","410","295","237","38","0"
"대구광역시 수성구 고산2동(2726068000)","2,919","2,919","0","3","307","508","307","460","590","393","300","50","1","1,252","1,252","0","1","162","319","175","222","219","87","54","12","1","1,667","1,667","0","2","145","189","132","238","371","306","246","38","0"
"대구광역시 수성구 고산3동(2726069000)","3,302","3,302","1","2","228","455","331","579","692","482","456","76","0","1,179","1,179","0","1","90","272","158","226","239","103","73","17","0","2,123","2,123","1","1","138","183","173","353","453","379","383","59","0"
"대구광역시 달서구 (2729000000)","89,537","89,537","34","387","11,745","12,593","10,065","15,444","19,517","11,733","6,996","1,014","9","42,216","42,216","16","141","5,610","8,171","6,526","8,577","8,099","3,553","1,340","180","3","47,321","47,321","18","246","6,135","4,422","3,539","6,867","11,418","8,180","5,656","834","6"
"대구광역시 달서구 성당동(2729051500)","4,478","4,478","2","5","330","538","501","741","1,105","751","437","66","2","2,159","2,159","1","1","157","355","337","448","509","247","94","10","0","2,319","2,319","1","4","173","183","164","293","596","504","343","56","2"
"대구광역시 달서구 두류1.2동(2729053500)","4,912","4,912","0","8","900","865","575","755","838","562","363","46","0","2,362","2,362","0","3","361","483","376","466","406","180","80","7","0","2,550","2,550","0","5","539","382","199","289","432","382","283","39","0"
"대구광역시 달서구 두류3동(2729055000)","2,010","2,010","1","6","308","308","210","290","362","276","221","27","1","866","866","0","1","132","186","117","159","141","78","46","6","0","1,144","1,144","1","5","176","122","93","131","221","198","175","21","1"
"대구광역시 달서구 감삼동(2729055500)","4,526","4,526","2","12","682","1,023","605","708","797","445","225","27","0","2,149","2,149","1","4","293","625","361","357","324","128","50","6","0","2,377","2,377","1","8","389","398","244","351","473","317","175","21","0"
"대구광역시 달서구 죽전동(2729056300)","3,660","3,660","1","6","651","684","444","641","684","344","179","26","0","1,792","1,792","1","2","277","435","275","357","307","103","27","8","0","1,868","1,868","0","4","374","249","169","284","377","241","152","18","0"
"대구광역시 달서구 장기동(2729056800)","2,416","2,416","1","9","234","352","319","465","539","296","179","22","0","1,153","1,153","0","6","121","243","219","257","196","74","32","5","0","1,263","1,263","1","3","113","109","100","208","343","222","147","17","0"
"대구광역시 달서구 용산1동(2729057100)","4,120","4,120","3","11","464","669","554","922","825","417","239","16","0","2,161","2,161","1","4","253","419","374","567","386","106","50","1","0","1,959","1,959","2","7","211","250","180","355","439","311","189","15","0"
"대구광역시 달서구 용산2동(2729057200)","3,517","3,517","4","9","257","444","482","787","867","368","279","20","0","1,767","1,767","2","2","141","316","321","459","374","102","46","4","0","1,750","1,750","2","7","116","128","161","328","493","266","233","16","0"
"대구광역시 달서구 이곡1동(2729057600)","2,949","2,949","3","7","370","500","385","602","545","315","194","28","0","1,495","1,495","1","4","208","343","259","342","226","72","35","5","0","1,454","1,454","2","3","162","157","126","260","319","243","159","23","0"
"대구광역시 달서구 이곡2동(2729057700)","2,550","2,550","1","6","286","403","358","540","548","251","146","11","0","1,350","1,350","0","0","151","273","256","322","241","78","28","1","0","1,200","1,200","1","6","135","130","102","218","307","173","118","10","0"
"대구광역시 달서구 신당동(2729058500)","10,536","10,536","8","239","3,774","1,237","875","1,512","1,552","788","483","66","2","5,459","5,459","5","80","1,817","878","642","908","760","265","93","10","1","5,077","5,077","3","159","1,957","359","233","604","792","523","390","56","1"
"대구광역시 달서구 본리동(2729059000)","2,896","2,896","1","5","174","525","458","617","624","293","162","37","0","1,507","1,507","0","5","99","358","291","349","257","112","30","6","0","1,389","1,389","1","0","75","167","167","268","367","181","132","31","0"
"대구광역시 달서구 월성1동(2729060100)","1,742","1,742","1","9","103","298","240","310","364","260","126","31","0","702","702","0","6","53","192","153","125","89","64","15","5","0","1,040","1,040","1","3","50","106","87","185","275","196","111","26","0"
"대구광역시 달서구 월성2동(2729060200)","4,364","4,364","0","2","130","223","300","718","1,246","1,052","614","79","0","1,877","1,877","0","1","73","153","192","410","564","347","120","17","0","2,487","2,487","0","1","57","70","108","308","682","705","494","62","0"
"대구광역시 달서구 진천동(2729061500)","6,710","6,710","1","11","734","1,144","812","1,113","1,388","907","518","81","1","3,043","3,043","1","5","384","743","522","536","473","271","96","12","0","3,667","3,667","0","6","350","401","290","577","915","636","422","69","1"
"대구광역시 달서구 유천동(2729061700)","1,248","1,248","1","1","78","310","199","209","248","157","38","7","0","573","573","0","0","40","222","121","83","62","33","8","4","0","675","675","1","1","38","88","78","126","186","124","30","3","0"
"대구광역시 달서구 상인1동(2729062400)","2,761","2,761","1","16","206","346","262","413","693","470","295","59","0","991","991","0","6","99","215","164","170","173","103","54","7","0","1,770","1,770","1","10","107","131","98","243","520","367","241","52","0"
"대구광역시 달서구 상인2동(2729062500)","4,019","4,019","0","2","719","764","422","593","819","403","267","30","0","1,883","1,883","0","0","320","501","279","310","312","114","41","6","0","2,136","2,136","0","2","399","263","143","283","507","289","226","24","0"
"대구광역시 달서구 상인3동(2729062600)","3,433","3,433","0","4","78","169","193","524","1,102","810","470","82","1","1,441","1,441","0","2","35","104","124","303","476","299","83","14","1","1,992","1,992","0","2","43","65","69","221","626","511","387","68","0"
"대구광역시 달서구 도원동(2729062800)","3,795","3,795","0","3","121","294","387","640","1,146","703","444","57","0","1,318","1,318","0","1","61","185","222","266","352","150","70","11","0","2,477","2,477","0","2","60","109","165","374","794","553","374","46","0"
"대구광역시 달서구 송현1동(2729063000)","5,147","5,147","1","6","538","642","575","987","1,264","693","381","59","1","2,609","2,609","1","5","239","399","376","588","637","258","93","12","1","2,538","2,538","0","1","299","243","199","399","627","435","288","47","0"
"대구광역시 달서구 송현2동(2729064000)","4,745","4,745","0","6","384","505","534","780","1,215","778","457","85","1","2,134","2,134","0","0","172","319","315","423","527","264","98","16","0","2,611","2,611","0","6","212","186","219","357","688","514","359","69","1"
"대구광역시 달서구 본동(2729065000)","3,003","3,003","2","4","224","350","375","577","746","394","279","52","0","1,425","1,425","2","3","124","224","230","372","307","105","51","7","0","1,578","1,578","0","1","100","126","145","205","439","289","228","45","0"
"대구광역시 달성군 (2771000000)","40,844","40,844","19","63","3,917","6,872","5,791","7,281","8,807","4,840","2,766","481","7","22,385","22,385","10","31","2,546","5,012","4,137","4,224","4,140","1,694","528","63","0","18,459","18,459","9","32","1,371","1,860","1,654","3,057","4,667","3,146","2,238","418","7"
"대구광역시 달성군 화원읍(2771025000)","6,472","6,472","0","7","371","749","680","1,279","1,755","969","576","86","0","3,019","3,019","0","2","211","515","462","693","727","270","127","12","0","3,453","3,453","0","5","160","234","218","586","1,028","699","449","74","0"
"대구광역시 달성군 논공읍(2771025300)","1,147","1,147","1","0","58","141","108","238","310","166","103","22","0","718","718","0","0","37","111","83","178","207","79","21","2","0","429","429","1","0","21","30","25","60","103","87","82","20","0"
"대구광역시 달성군 논공읍공단출장소(2771025400)","2,923","2,923","8","17","160","280","441","779","699","300","203","36","0","1,732","1,732","4","8","121","200","341","531","377","112","32","6","0","1,191","1,191","4","9","39","80","100","248","322","188","171","30","0"
"대구광역시 달성군 다사읍(2771025600)","5,527","5,527","2","6","510","1,021","763","972","1,156","719","328","46","4","2,615","2,615","2","3","263","695","503","472","399","197","78","3","0","2,912","2,912","0","3","247","326","260","500","757","522","250","43","4"
"대구광역시 달성군 다사읍서재출장소(2771025700)","4,141","4,141","2","3","343","906","877","820","726","318","133","13","0","2,394","2,394","1","0","203","666","662","462","283","93","23","1","0","1,747","1,747","1","3","140","240","215","358","443","225","110","12","0"
"대구광역시 달성군 유가읍(2771025900)","3,450","3,450","1","3","429","840","667","518","550","260","148","34","0","2,006","2,006","0","2","284","636","449","262","244","99","27","3","0","1,444","1,444","1","1","145","204","218","256","306","161","121","31","0"
"대구광역시 달성군 옥포읍(2771026200)","4,100","4,100","0","1","152","434","532","784","1,146","671","339","40","1","2,064","2,064","0","0","86","315","367","438","549","245","60","4","0","2,036","2,036","0","1","66","119","165","346","597","426","279","36","1"
"대구광역시 달성군 현풍읍(2771026500)","6,633","6,633","3","19","1,374","1,447","823","858","1,107","612","341","48","1","4,011","4,011","2","11","955","1,069","600","517","569","224","52","12","0","2,622","2,622","1","8","419","378","223","341","538","388","289","36","1"
"대구광역시 달성군 가창면(2771031000)","1,617","1,617","0","0","33","82","102","266","436","367","249","82","0","785","785","0","0","25","50","67","172","241","167","51","12","0","832","832","0","0","8","32","35","94","195","200","198","70","0"
"대구광역시 달성군 하빈면(2771033000)","1,077","1,077","0","0","22","51","75","206","362","182","140","39","0","643","643","0","0","13","35","57","163","248","98","25","4","0","434","434","0","0","9","16","18","43","114","84","115","35","0"
"대구광역시 달성군 구지면(2771038000)","3,757","3,757","2","7","465","921","723","561","560","276","206","35","1","2,398","2,398","1","5","348","720","546","336","296","110","32","4","0","1,359","1,359","1","2","117","201","177","225","264","166","174","31","1"
"대구광역시 군위군 (2772000000)","7,270","7,270","1","8","176","310","468","1,250","2,206","1,387","1,245","218","1","3,790","3,790","0","3","100","218","317","839","1,391","645","254","23","0","3,480","3,480","1","5","76","92","151","411","815","742","991","195","1"
"대구광역시 군위군 군위읍(2772025000)","2,065","2,065","1","5","109","156","198","425","521","323","283","44","0","1,079","1,079","0","2","54","107","123","274","306","153","58","2","0","986","986","1","3","55","49","75","151","215","170","225","42","0"
"대구광역시 군위군 소보면(2772031000)","803","803","0","1","14","28","45","117","251","178","133","35","1","431","431","0","1","9","20","30","80","160","95","30","6","0","372","372","0","0","5","8","15","37","91","83","103","29","1"
"대구광역시 군위군 효령면(2772032000)","1,190","1,190","0","0","12","39","59","200","413","234","204","29","0","636","636","0","0","7","26","43","143","259","107","48","3","0","554","554","0","0","5","13","16","57","154","127","156","26","0"
"대구광역시 군위군 부계면(2772033000)","725","725","0","0","14","34","36","132","242","132","114","21","0","390","390","0","0","11","25","27","88","153","59","24","3","0","335","335","0","0","3","9","9","44","89","73","90","18","0"
"대구광역시 군위군 우보면(2772034000)","715","715","0","0","10","12","36","102","205","149","168","33","0","352","352","0","0","6","8","25","74","130","73","34","2","0","363","363","0","0","4","4","11","28","75","76","134","31","0"
"대구광역시 군위군 의흥면(2772035000)","787","787","0","1","9","22","51","112","246","165","160","21","0","381","381","0","0","7","16","38","79","145","64","27","5","0","406","406","0","1","2","6","13","33","101","101","133","16","0"
"대구광역시 군위군 산성면(2772036000)","474","474","0","1","2","12","19","80","138","103","104","15","0","235","235","0","0","2","11","13","54","94","43","17","1","0","239","239","0","1","0","1","6","26","44","60","87","14","0"
"대구광역시 군위군 삼국유사면(2772037000)","511","511","0","0","6","7","24","82","190","103","79","20","0","286","286","0","0","4","5","18","47","144","51","16","1","0","225","225","0","0","2","2","6","35","46","52","63","19","0"
"인천광역시  (2800000000)","534,083","534,083","197","1,659","69,320","93,700","73,880","91,751","105,135","57,615","34,141","6,502","183","282,158","282,158","93","749","35,941","59,817","48,732","55,814","51,741","20,736","7,454","1,053","28","251,925","251,925","104","910","33,379","33,883","25,148","35,937","53,394","36,879","26,687","5,449","155"
"인천광역시 중구 (2811000000)","41,219","41,219","13","90","8,776","8,936","5,552","6,225","6,038","3,407","1,807","363","12","23,803","23,803","3","41","4,305","5,884","3,890","4,185","3,487","1,469","480","57","2","17,416","17,416","10","49","4,471","3,052","1,662","2,040","2,551","1,938","1,327","306","10"
"인천광역시 중구 연안동(2811052000)","1,583","1,583","0","2","90","129","162","366","465","218","122","27","2","1,000","1,000","0","2","61","94","132","267","305","107","24","8","0","583","583","0","0","29","35","30","99","160","111","98","19","2"
"인천광역시 중구 신포동(2811053000)","1,319","1,319","1","2","71","129","174","250","295","193","150","53","1","708","708","0","0","46","89","125","170","165","72","33","7","1","611","611","1","2","25","40","49","80","130","121","117","46","0"
"인천광역시 중구 신흥동(2811054000)","2,884","2,884","2","6","329","412","373","502","597","411","211","41","0","1,592","1,592","0","3","170","285","271","324","317","167","47","8","0","1,292","1,292","2","3","159","127","102","178","280","244","164","33","0"
"인천광역시 중구 도원동(2811056000)","1,071","1,071","1","0","44","79","89","190","291","229","126","21","1","561","561","0","0","27","48","57","136","151","101","38","3","0","510","510","1","0","17","31","32","54","140","128","88","18","1"
"인천광역시 중구 율목동(2811057000)","1,082","1,082","1","3","44","81","131","191","264","223","123","20","1","592","592","0","1","30","60","94","125","162","86","30","4","0","490","490","1","2","14","21","37","66","102","137","93","16","1"
"인천광역시 중구 동인천동(2811058500)","2,029","2,029","0","7","119","162","232","372","516","318","226","74","3","1,177","1,177","0","1","73","111","165","270","338","150","59","10","0","852","852","0","6","46","51","67","102","178","168","167","64","3"
"인천광역시 중구 개항동(2811061500)","2,080","2,080","0","4","243","269","191","348","474","340","187","24","0","1,114","1,114","0","1","121","167","130","233","274","143","43","2","0","966","966","0","3","122","102","61","115","200","197","144","22","0"
"인천광역시 중구 영종동(2811062000)","6,141","6,141","0","14","840","1,382","1,021","1,204","1,042","376","212","47","3","4,161","4,161","0","7","582","1,011","772","852","669","196","65","6","1","1,980","1,980","0","7","258","371","249","352","373","180","147","41","2"
"인천광역시 중구 영종1동(2811062200)","4,261","4,261","3","10","761","1,121","826","648","498","284","96","14","0","2,241","2,241","2","7","341","711","513","369","190","79","26","3","0","2,020","2,020","1","3","420","410","313","279","308","205","70","11","0"
"인천광역시 중구 영종2동(2811062300)","2,899","2,899","1","3","738","785","547","364","268","137","52","4","0","1,581","1,581","0","2","334","487","374","207","109","49","19","0","0","1,318","1,318","1","1","404","298","173","157","159","88","33","4","0"
"인천광역시 중구 운서동(2811062800)","14,382","14,382","4","39","5,445","4,293","1,664","1,445","827","442","205","18","0","8,163","8,163","1","17","2,483","2,753","1,150","985","511","200","60","3","0","6,219","6,219","3","22","2,962","1,540","514","460","316","242","145","15","0"
"인천광역시 중구 용유동(2811063000)","1,488","1,488","0","0","52","94","142","345","501","236","97","20","1","913","913","0","0","37","68","107","247","296","119","36","3","0","575","575","0","0","15","26","35","98","205","117","61","17","1"
"인천광역시 동구 (2814000000)","11,200","11,200","1","7","625","1,169","1,344","1,887","2,648","1,960","1,321","228","10","5,616","5,616","1","1","326","777","934","1,175","1,419","691","264","25","3","5,584","5,584","0","6","299","392","410","712","1,229","1,269","1,057","203","7"
"인천광역시 동구 만석동(2814051000)","1,348","1,348","0","0","40","97","175","237","387","241","139","31","1","726","726","0","0","22","68","132","159","222","90","30","2","1","622","622","0","0","18","29","43","78","165","151","109","29","0"
"인천광역시 동구 화수1.화평동(2814052500)","1,255","1,255","0","0","39","83","116","199","340","267","179","32","0","640","640","0","0","23","61","76","130","203","103","40","4","0","615","615","0","0","16","22","40","69","137","164","139","28","0"
"인천광역시 동구 화수2동(2814053000)","1,712","1,712","1","1","104","147","163","268","388","349","253","36","2","794","794","1","0","66","92","114","161","207","102","47","4","0","918","918","0","1","38","55","49","107","181","247","206","32","2"
"인천광역시 동구 송현1.2동(2814055500)","1,523","1,523","0","1","161","212","195","237","302","243","156","14","2","720","720","0","0","83","142","127","141","122","71","31","2","1","803","803","0","1","78","70","68","96","180","172","125","12","1"
"인천광역시 동구 송현3동(2814057000)","823","823","0","1","22","53","74","153","225","172","103","19","1","434","434","0","0","13","32","59","102","142","67","15","4","0","389","389","0","1","9","21","15","51","83","105","88","15","1"
"인천광역시 동구 송림1동(2814058000)","875","875","0","0","125","237","118","128","120","79","61","7","0","434","434","0","0","53","139","76","63","60","27","15","1","0","441","441","0","0","72","98","42","65","60","52","46","6","0"
"인천광역시 동구 송림2동(2814059000)","506","506","0","0","10","26","31","84","161","103","67","22","2","254","254","0","0","6","18","18","58","94","40","17","3","0","252","252","0","0","4","8","13","26","67","63","50","19","2"
"인천광역시 동구 송림3.5동(2814060500)","933","933","0","2","29","74","135","190","226","153","108","16","0","463","463","0","0","18","58","87","114","108","56","21","1","0","470","470","0","2","11","16","48","76","118","97","87","15","0"
"인천광역시 동구 송림4동(2814061000)","710","710","0","0","45","132","164","137","133","62","35","2","0","439","439","0","0","16","92","129","93","69","33","7","0","0","271","271","0","0","29","40","35","44","64","29","28","2","0"
"인천광역시 동구 송림6동(2814063000)","853","853","0","1","27","70","102","145","205","162","116","25","0","395","395","0","1","14","49","63","84","101","59","22","2","0","458","458","0","0","13","21","39","61","104","103","94","23","0"
"인천광역시 동구 금창동(2814064000)","662","662","0","1","23","38","71","109","161","129","104","24","2","317","317","0","0","12","26","53","70","91","43","19","2","1","345","345","0","1","11","12","18","39","70","86","85","22","1"
"인천광역시 미추홀구 (2817700000)","88,517","88,517","30","515","13,284","14,038","12,127","14,623","16,948","10,061","5,777","1,094","20","47,487","47,487","13","244","7,375","9,119","8,075","9,187","8,420","3,563","1,301","187","3","41,030","41,030","17","271","5,909","4,919","4,052","5,436","8,528","6,498","4,476","907","17"
"인천광역시 미추홀구 숭의2동(2817751000)","2,885","2,885","1","6","229","355","396","488","658","405","292","51","4","1,482","1,482","0","3","116","224","266","313","333","156","64","6","1","1,403","1,403","1","3","113","131","130","175","325","249","228","45","3"
"인천광역시 미추홀구 숭의1.3동(2817752000)","3,167","3,167","1","4","346","596","473","517","615","313","239","62","1","1,650","1,650","0","2","154","366","306","315","318","120","62","7","0","1,517","1,517","1","2","192","230","167","202","297","193","177","55","1"
"인천광역시 미추홀구 숭의4동(2817753000)","3,133","3,133","1","8","231","353","415","566","738","496","274","50","1","1,606","1,606","0","4","112","225","267","342","389","180","73","13","1","1,527","1,527","1","4","119","128","148","224","349","316","201","37","0"
"인천광역시 미추홀구 용현1.4동(2817754000)","7,403","7,403","0","118","3,381","702","522","758","911","608","352","51","0","4,464","4,464","0","64","2,227","509","358","499","477","234","86","10","0","2,939","2,939","0","54","1,154","193","164","259","434","374","266","41","0"
"인천광역시 미추홀구 용현2동(2817755000)","3,975","3,975","1","9","595","864","510","547","644","482","274","48","1","1,993","1,993","1","5","280","500","325","313","321","179","63","6","0","1,982","1,982","0","4","315","364","185","234","323","303","211","42","1"
"인천광역시 미추홀구 용현3동(2817756000)","2,500","2,500","0","11","356","313","246","391","590","384","171","38","0","1,400","1,400","0","8","226","200","172","268","324","147","50","5","0","1,100","1,100","0","3","130","113","74","123","266","237","121","33","0"
"인천광역시 미추홀구 용현5동(2817757000)","7,364","7,364","2","37","1,555","1,136","919","1,207","1,284","756","402","65","1","3,667","3,667","1","5","689","719","610","725","577","249","85","7","0","3,697","3,697","1","32","866","417","309","482","707","507","317","58","1"
"인천광역시 미추홀구 학익1동(2817758000)","4,718","4,718","1","229","798","610","611","750","845","531","298","43","2","2,434","2,434","1","109","461","394","390","453","388","178","55","5","0","2,284","2,284","0","120","337","216","221","297","457","353","243","38","2"
"인천광역시 미추홀구 학익2동(2817759000)","3,119","3,119","1","7","268","401","359","548","654","462","341","77","1","1,446","1,446","1","1","163","271","213","310","274","127","73","13","0","1,673","1,673","0","6","105","130","146","238","380","335","268","64","1"
"인천광역시 미추홀구 도화1동(2817760000)","4,579","4,579","3","11","402","795","637","800","925","565","351","88","2","2,428","2,428","1","5","219","515","417","490","477","197","86","21","0","2,151","2,151","2","6","183","280","220","310","448","368","265","67","2"
"인천광역시 미추홀구 도화2.3동(2817761000)","5,275","5,275","1","9","635","903","807","883","1,080","590","307","60","0","2,993","2,993","0","7","325","626","602","583","571","205","63","11","0","2,282","2,282","1","2","310","277","205","300","509","385","244","49","0"
"인천광역시 미추홀구 주안1동(2817762000)","7,410","7,410","7","22","1,594","1,892","1,365","1,101","906","348","149","26","0","4,491","4,491","3","8","847","1,236","932","756","518","146","41","4","0","2,919","2,919","4","14","747","656","433","345","388","202","108","22","0"
"인천광역시 미추홀구 주안2동(2817763000)","4,609","4,609","0","11","358","761","635","797","1,009","652","323","62","1","2,435","2,435","0","7","176","500","404","508","495","251","85","9","0","2,174","2,174","0","4","182","261","231","289","514","401","238","53","1"
"인천광역시 미추홀구 주안3동(2817764000)","2,787","2,787","1","6","285","480","391","453","587","344","207","33","0","1,415","1,415","0","3","143","301","238","263","304","122","35","6","0","1,372","1,372","1","3","142","179","153","190","283","222","172","27","0"
"인천광역시 미추홀구 주안4동(2817765000)","4,022","4,022","1","4","281","655","552","657","934","611","279","47","1","2,043","2,043","1","2","145","426","370","382","433","210","68","6","0","1,979","1,979","0","2","136","229","182","275","501","401","211","41","1"
"인천광역시 미추홀구 주안5동(2817766000)","4,752","4,752","3","4","547","832","687","787","928","558","341","62","3","2,504","2,504","0","3","311","540","460","500","430","191","58","10","1","2,248","2,248","3","1","236","292","227","287","498","367","283","52","2"
"인천광역시 미추홀구 주안6동(2817767000)","4,265","4,265","1","3","519","761","664","692","796","459","297","71","2","2,271","2,271","0","0","259","489","444","452","389","154","65","19","0","1,994","1,994","1","3","260","272","220","240","407","305","232","52","2"
"인천광역시 미추홀구 주안7동(2817768000)","2,696","2,696","1","2","163","240","326","503","729","434","251","47","0","1,220","1,220","1","0","86","140","197","290","315","136","49","6","0","1,476","1,476","0","2","77","100","129","213","414","298","202","41","0"
"인천광역시 미추홀구 주안8동(2817769000)","3,449","3,449","1","4","237","405","394","693","881","472","316","46","0","1,662","1,662","1","4","121","257","251","391","393","164","68","12","0","1,787","1,787","0","0","116","148","143","302","488","308","248","34","0"
"인천광역시 미추홀구 관교동(2817770000)","2,157","2,157","0","2","164","301","298","402","490","291","173","36","0","1,105","1,105","0","1","97","198","191","254","226","95","35","8","0","1,052","1,052","0","1","67","103","107","148","264","196","138","28","0"
"인천광역시 미추홀구 문학동(2817771000)","4,252","4,252","3","8","340","683","920","1,083","744","300","140","31","0","2,778","2,778","2","3","218","483","662","780","468","122","37","3","0","1,474","1,474","1","5","122","200","258","303","276","178","103","28","0"
"인천광역시 연수구 (2818500000)","51,807","51,807","32","485","9,574","10,530","7,328","8,123","8,309","4,257","2,597","558","14","26,850","26,850","14","219","4,921","6,701","4,601","4,617","3,731","1,436","528","81","1","24,957","24,957","18","266","4,653","3,829","2,727","3,506","4,578","2,821","2,069","477","13"
"인천광역시 연수구 옥련1동(2818563000)","2,840","2,840","3","5","186","327","362","584","655","390","256","71","1","1,423","1,423","0","3","108","227","244","357","297","123","54","10","0","1,417","1,417","3","2","78","100","118","227","358","267","202","61","1"
"인천광역시 연수구 옥련2동(2818564000)","2,279","2,279","1","4","167","308","327","470","519","271","184","28","0","1,084","1,084","1","4","90","190","212","272","212","61","35","7","0","1,195","1,195","0","0","77","118","115","198","307","210","149","21","0"
"인천광역시 연수구 선학동(2818575000)","3,791","3,791","1","15","397","479","553","720","807","488","259","72","0","2,202","2,202","0","11","282","345","392","497","428","186","55","6","0","1,589","1,589","1","4","115","134","161","223","379","302","204","66","0"
"인천광역시 연수구 연수1동(2818576100)","4,490","4,490","5","29","587","720","791","1,000","789","357","180","30","2","2,960","2,960","3","11","381","544","601","739","504","138","34","5","0","1,530","1,530","2","18","206","176","190","261","285","219","146","25","2"
"인천광역시 연수구 연수2동(2818576200)","4,442","4,442","5","15","642","852","564","679","817","462","324","78","4","2,222","2,222","4","8","360","539","348","361","379","164","49","10","0","2,220","2,220","1","7","282","313","216","318","438","298","275","68","4"
"인천광역시 연수구 연수3동(2818576300)","3,063","3,063","0","4","262","447","254","404","742","480","379","88","3","1,321","1,321","0","1","125","288","150","202","304","172","66","12","1","1,742","1,742","0","3","137","159","104","202","438","308","313","76","2"
"인천광역시 연수구 청학동(2818576600)","6,151","6,151","2","13","469","836","885","1,382","1,387","634","442","100","1","3,580","3,580","0","4","287","590","660","909","759","252","107","12","0","2,571","2,571","2","9","182","246","225","473","628","382","335","88","1"
"인천광역시 연수구 동춘1동(2818578000)","1,881","1,881","0","3","105","351","343","348","415","190","103","23","0","885","885","0","0","72","230","194","157","150","59","20","3","0","996","996","0","3","33","121","149","191","265","131","83","20","0"
"인천광역시 연수구 동춘2동(2818579000)","1,747","1,747","1","2","158","421","236","276","305","189","135","22","2","777","777","0","0","86","274","141","121","96","34","21","4","0","970","970","1","2","72","147","95","155","209","155","114","18","2"
"인천광역시 연수구 동춘3동(2818579500)","625","625","0","0","32","85","58","84","164","112","78","12","0","254","254","0","0","21","58","32","28","59","33","22","1","0","371","371","0","0","11","27","26","56","105","79","56","11","0"
"인천광역시 연수구 송도1동(2818582000)","5,828","5,828","2","327","3,070","1,058","412","353","343","173","81","9","0","2,889","2,889","1","147","1,502","638","228","163","115","66","26","3","0","2,939","2,939","1","180","1,568","420","184","190","228","107","55","6","0"
"인천광역시 연수구 송도2동(2818583000)","1,821","1,821","3","10","227","491","371","297","251","110","53","8","0","879","879","1","3","118","286","205","131","93","30","9","3","0","942","942","2","7","109","205","166","166","158","80","44","5","0"
"인천광역시 연수구 송도3동(2818584000)","5,826","5,826","2","48","2,160","1,749","719","536","372","173","57","10","0","2,803","2,803","0","23","977","1,007","389","245","108","43","10","1","0","3,023","3,023","2","25","1,183","742","330","291","264","130","47","9","0"
"인천광역시 연수구 송도4동(2818585000)","3,366","3,366","4","4","722","1,092","623","463","299","120","34","5","0","1,710","1,710","1","2","311","677","355","205","101","45","10","3","0","1,656","1,656","3","2","411","415","268","258","198","75","24","2","0"
"인천광역시 연수구 송도5동(2818586000)","3,657","3,657","3","6","390","1,314","830","527","444","108","32","2","1","1,861","1,861","3","2","201","808","450","230","126","30","10","1","0","1,796","1,796","0","4","189","506","380","297","318","78","22","1","1"
"인천광역시 남동구 (2820000000)","90,315","90,315","37","135","10,849","14,863","12,591","15,760","18,550","10,502","5,946","1,049","33","46,338","46,338","23","60","5,416","9,428","8,325","9,343","8,665","3,640","1,275","158","5","43,977","43,977","14","75","5,433","5,435","4,266","6,417","9,885","6,862","4,671","891","28"
"인천광역시 남동구 구월1동(2820051000)","5,444","5,444","0","6","830","1,041","713","845","1,052","593","295","69","0","2,608","2,608","0","3","352","602","442","452","477","207","60","13","0","2,836","2,836","0","3","478","439","271","393","575","386","235","56","0"
"인천광역시 남동구 구월2동(2820052000)","3,129","3,129","0","6","228","522","436","483","749","454","221","29","1","1,394","1,394","0","0","108","324","251","243","296","117","49","5","1","1,735","1,735","0","6","120","198","185","240","453","337","172","24","0"
"인천광역시 남동구 구월3동(2820052100)","10,992","10,992","2","32","3,433","2,718","1,595","1,443","1,047","464","231","25","2","5,932","5,932","1","12","1,530","1,674","1,020","911","543","177","58","6","0","5,060","5,060","1","20","1,903","1,044","575","532","504","287","173","19","2"
"인천광역시 남동구 구월4동(2820052200)","4,148","4,148","3","7","369","487","484","850","1,062","540","291","53","2","2,126","2,126","3","5","188","293","317","508","535","214","60","3","0","2,022","2,022","0","2","181","194","167","342","527","326","231","50","2"
"인천광역시 남동구 간석1동(2820053000)","4,166","4,166","2","7","510","811","570","694","753","452","296","71","0","2,079","2,079","1","3","266","518","340","412","356","108","68","7","0","2,087","2,087","1","4","244","293","230","282","397","344","228","64","0"
"인천광역시 남동구 간석2동(2820054000)","3,362","3,362","1","3","269","481","527","658","739","411","241","32","0","1,821","1,821","0","1","151","320","358","418","371","138","55","9","0","1,541","1,541","1","2","118","161","169","240","368","273","186","23","0"
"인천광역시 남동구 간석3동(2820055000)","5,532","5,532","6","7","403","691","763","1,119","1,315","789","379","57","3","2,947","2,947","5","2","226","437","500","673","655","324","112","12","1","2,585","2,585","1","5","177","254","263","446","660","465","267","45","2"
"인천광역시 남동구 간석4동(2820055100)","5,843","5,843","8","14","753","979","843","1,053","1,193","596","337","65","2","3,127","3,127","5","7","353","579","547","664","631","255","74","12","0","2,716","2,716","3","7","400","400","296","389","562","341","263","53","2"
"인천광역시 남동구 만수1동(2820056000)","4,648","4,648","1","3","313","517","533","819","1,134","747","500","81","0","2,216","2,216","0","2","149","329","349","483","543","252","101","8","0","2,432","2,432","1","1","164","188","184","336","591","495","399","73","0"
"인천광역시 남동구 만수2동(2820057000)","2,988","2,988","1","3","176","394","432","540","742","445","223","31","1","1,376","1,376","0","3","86","256","280","290","286","124","45","6","0","1,612","1,612","1","0","90","138","152","250","456","321","178","25","1"
"인천광역시 남동구 만수3동(2820058000)","2,403","2,403","1","5","196","280","310","456","567","334","205","49","0","1,215","1,215","1","2","100","174","223","277","273","115","41","9","0","1,188","1,188","0","3","96","106","87","179","294","219","164","40","0"
"인천광역시 남동구 만수4동(2820058100)","3,323","3,323","0","4","255","461","431","592","776","480","267","52","5","1,481","1,481","0","3","121","272","267","314","307","139","52","4","2","1,842","1,842","0","1","134","189","164","278","469","341","215","48","3"
"인천광역시 남동구 만수5동(2820058200)","3,598","3,598","1","4","302","397","413","684","923","521","302","49","2","1,799","1,799","1","0","156","247","274","417","458","173","64","9","0","1,799","1,799","0","4","146","150","139","267","465","348","238","40","2"
"인천광역시 남동구 만수6동(2820058300)","3,725","3,725","0","5","178","404","491","712","916","508","434","75","2","1,686","1,686","0","2","105","247","315","403","364","169","72","9","0","2,039","2,039","0","3","73","157","176","309","552","339","362","66","2"
"인천광역시 남동구 장수서창동(2820065000)","2,382","2,382","2","0","195","230","303","461","608","344","204","33","2","1,244","1,244","2","0","147","156","198","279","285","130","40","7","0","1,138","1,138","0","0","48","74","105","182","323","214","164","26","2"
"인천광역시 남동구 서창2동(2820065500)","5,055","5,055","0","4","362","932","753","787","1,118","769","282","44","4","2,480","2,480","0","2","175","557","471","412","499","290","71","3","0","2,575","2,575","0","2","187","375","282","375","619","479","211","41","4"
"인천광역시 남동구 남촌도림동(2820066000)","3,443","3,443","1","4","181","397","457","707","836","474","316","69","1","1,906","1,906","1","3","114","277","347","464","440","181","69","10","0","1,537","1,537","0","1","67","120","110","243","396","293","247","59","1"
"인천광역시 남동구 논현1동(2820069000)","5,257","5,257","5","5","583","936","882","955","1,056","489","280","65","1","2,907","2,907","2","3","325","687","632","573","468","150","56","11","0","2,350","2,350","3","2","258","249","250","382","588","339","224","54","1"
"인천광역시 남동구 논현2동(2820070000)","6,492","6,492","1","8","920","1,385","958","1,059","1,072","617","405","65","2","3,712","3,712","0","4","563","1,016","719","671","459","201","68","11","0","2,780","2,780","1","4","357","369","239","388","613","416","337","54","2"
"인천광역시 남동구 논현고잔동(2820071000)","4,385","4,385","2","8","393","800","697","843","892","475","237","35","3","2,282","2,282","1","3","201","463","475","479","419","176","60","4","1","2,103","2,103","1","5","192","337","222","364","473","299","177","31","2"
"인천광역시 부평구 (2823700000)","84,963","84,963","31","176","8,976","15,246","11,658","14,407","17,576","9,798","6,019","1,053","23","42,272","42,272","10","73","4,346","9,306","7,289","8,423","8,119","3,247","1,277","180","2","42,691","42,691","21","103","4,630","5,940","4,369","5,984","9,457","6,551","4,742","873","21"
"인천광역시 부평구 부평1동(2823751000)","7,725","7,725","4","27","1,570","1,873","1,126","1,088","1,037","586","341","73","0","3,790","3,790","1","12","673","1,093","690","622","441","169","70","19","0","3,935","3,935","3","15","897","780","436","466","596","417","271","54","0"
"인천광역시 부평구 부평2동(2823752000)","3,440","3,440","1","8","446","578","435","564","715","439","227","27","0","1,765","1,765","1","4","223","360","281","342","336","159","56","3","0","1,675","1,675","0","4","223","218","154","222","379","280","171","24","0"
"인천광역시 부평구 부평3동(2823753000)","3,271","3,271","2","6","235","457","427","544","792","471","288","49","0","1,626","1,626","1","4","111","280","265","322","384","185","69","5","0","1,645","1,645","1","2","124","177","162","222","408","286","219","44","0"
"인천광역시 부평구 부평4동(2823754000)","9,026","9,026","4","23","1,471","2,047","1,277","1,419","1,532","751","412","87","3","4,657","4,657","0","14","646","1,267","762","822","744","285","104","13","0","4,369","4,369","4","9","825","780","515","597","788","466","308","74","3"
"인천광역시 부평구 부평5동(2823755000)","7,325","7,325","5","26","1,140","1,692","1,162","1,195","1,192","549","310","52","2","3,768","3,768","2","7","550","1,016","736","703","493","187","61","13","0","3,557","3,557","3","19","590","676","426","492","699","362","249","39","2"
"인천광역시 부평구 부평6동(2823756000)","3,428","3,428","5","7","475","609","478","586","674","341","225","27","1","1,731","1,731","1","3","191","360","306","348","333","133","54","2","0","1,697","1,697","4","4","284","249","172","238","341","208","171","25","1"
"인천광역시 부평구 산곡1동(2823757000)","2,128","2,128","0","3","152","477","324","335","401","248","165","22","1","1,021","1,021","0","1","79","283","190","193","168","75","27","5","0","1,107","1,107","0","2","73","194","134","142","233","173","138","17","1"
"인천광역시 부평구 산곡2동(2823758000)","2,041","2,041","0","1","120","275","257","366","486","320","185","31","0","889","889","0","1","54","165","163","209","179","84","29","5","0","1,152","1,152","0","0","66","110","94","157","307","236","156","26","0"
"인천광역시 부평구 산곡3동(2823758100)","2,653","2,653","1","2","120","276","261","405","694","447","360","84","3","1,140","1,140","0","2","71","167","178","220","295","136","58","12","1","1,513","1,513","1","0","49","109","83","185","399","311","302","72","2"
"인천광역시 부평구 산곡4동(2823758200)","1,688","1,688","0","5","93","251","204","282","355","251","210","36","1","651","651","0","0","41","141","115","129","123","61","36","5","0","1,037","1,037","0","5","52","110","89","153","232","190","174","31","1"
"인천광역시 부평구 청천1동(2823759100)","2,929","2,929","0","3","179","623","609","576","569","246","106","18","0","1,657","1,657","0","1","94","389","375","366","308","88","33","3","0","1,272","1,272","0","2","85","234","234","210","261","158","73","15","0"
"인천광역시 부평구 청천2동(2823759200)","4,854","4,854","0","16","422","774","640","917","1,126","563","327","69","0","2,478","2,478","0","7","223","501","421","538","521","183","70","14","0","2,376","2,376","0","9","199","273","219","379","605","380","257","55","0"
"인천광역시 부평구 갈산1동(2823764100)","2,558","2,558","0","4","233","416","355","536","537","282","171","20","4","1,381","1,381","0","1","140","279","236","331","266","91","35","2","0","1,177","1,177","0","3","93","137","119","205","271","191","136","18","4"
"인천광역시 부평구 갈산2동(2823764200)","3,280","3,280","0","3","196","485","392","492","839","511","310","52","0","1,491","1,491","0","1","95","274","235","259","377","169","70","11","0","1,789","1,789","0","2","101","211","157","233","462","342","240","41","0"
"인천광역시 부평구 삼산1동(2823764600)","4,962","4,962","0","7","208","574","581","899","1,216","796","557","121","3","2,318","2,318","0","4","127","346","380","504","559","268","109","21","0","2,644","2,644","0","3","81","228","201","395","657","528","448","100","3"
"인천광역시 부평구 삼산2동(2823764800)","2,232","2,232","0","3","126","301","292","418","491","334","212","54","1","983","983","0","0","87","194","179","225","164","94","38","2","0","1,249","1,249","0","3","39","107","113","193","327","240","174","52","1"
"인천광역시 부평구 부개1동(2823765000)","3,422","3,422","0","9","207","417","472","601","894","494","292","34","2","1,723","1,723","0","3","109","261","306","380","422","167","67","8","0","1,699","1,699","0","6","98","156","166","221","472","327","225","26","2"
"인천광역시 부평구 부개2동(2823766000)","2,807","2,807","0","4","258","535","373","468","603","344","190","32","0","1,349","1,349","0","1","128","327","235","259","247","110","35","7","0","1,458","1,458","0","3","130","208","138","209","356","234","155","25","0"
"인천광역시 부평구 부개3동(2823766100)","3,932","3,932","1","6","321","782","547","665","746","466","334","63","1","1,700","1,700","1","2","139","439","302","334","296","112","63","11","1","2,232","2,232","0","4","182","343","245","331","450","354","271","52","0"
"인천광역시 부평구 일신동(2823767000)","1,654","1,654","1","1","260","238","192","240","352","217","133","20","0","851","851","0","0","180","162","130","134","160","60","23","2","0","803","803","1","1","80","76","62","106","192","157","110","18","0"
"인천광역시 부평구 십정1동(2823768000)","3,923","3,923","2","4","300","872","527","625","812","454","283","43","1","2,050","2,050","1","2","144","555","321","381","412","156","68","10","0","1,873","1,873","1","2","156","317","206","244","400","298","215","33","1"
"인천광역시 부평구 십정2동(2823769000)","5,685","5,685","5","8","444","694","727","1,186","1,513","688","381","39","0","3,253","3,253","2","3","241","447","483","802","891","275","102","7","0","2,432","2,432","3","5","203","247","244","384","622","413","279","32","0"
"인천광역시 계양구 (2824500000)","48,292","48,292","10","80","3,966","7,576","6,428","9,677","11,296","5,199","3,392","642","26","24,841","24,841","6","24","1,991","4,736","4,209","5,812","5,466","1,822","669","105","1","23,451","23,451","4","56","1,975","2,840","2,219","3,865","5,830","3,377","2,723","537","25"
"인천광역시 계양구 효성1동(2824560100)","3,951","3,951","1","3","221","597","477","782","1,003","492","318","56","1","2,039","2,039","0","1","121","391","315","473","496","168","65","9","0","1,912","1,912","1","2","100","206","162","309","507","324","253","47","1"
"인천광역시 계양구 효성2동(2824560200)","3,490","3,490","2","2","248","438","411","685","932","442","278","50","2","1,845","1,845","2","1","177","308","281","429","424","156","58","9","0","1,645","1,645","0","1","71","130","130","256","508","286","220","41","2"
"인천광역시 계양구 계산1동(2824561100)","5,226","5,226","0","16","502","739","669","1,164","1,303","528","263","39","3","3,073","3,073","0","4","258","494","459","791","760","232","70","5","0","2,153","2,153","0","12","244","245","210","373","543","296","193","34","3"
"인천광역시 계양구 계산2동(2824561200)","3,715","3,715","0","25","403","541","420","718","899","424","238","42","5","1,901","1,901","0","3","153","337","282","447","460","164","48","7","0","1,814","1,814","0","22","250","204","138","271","439","260","190","35","5"
"인천광역시 계양구 계산3동(2824561300)","3,419","3,419","0","3","355","670","441","667","784","251","213","34","1","1,513","1,513","0","0","146","375","239","321","326","70","32","4","0","1,906","1,906","0","3","209","295","202","346","458","181","181","30","1"
"인천광역시 계양구 계산4동(2824561400)","3,292","3,292","1","5","454","595","527","669","531","196","213","98","3","1,888","1,888","0","2","226","379","386","467","306","77","32","12","1","1,404","1,404","1","3","228","216","141","202","225","119","181","86","2"
"인천광역시 계양구 작전1동(2824562100)","3,590","3,590","0","4","279","557","472","696","863","406","263","48","2","1,685","1,685","0","3","129","343","291","383","363","113","45","15","0","1,905","1,905","0","1","150","214","181","313","500","293","218","33","2"
"인천광역시 계양구 작전2동(2824562200)","4,174","4,174","1","7","303","731","570","734","1,022","457","285","63","1","2,083","2,083","0","4","149","446","363","429","473","153","57","9","0","2,091","2,091","1","3","154","285","207","305","549","304","228","54","1"
"인천광역시 계양구 작전서운동(2824564000)","4,586","4,586","1","2","334","767","704","1,013","931","430","331","73","0","2,338","2,338","1","1","174","475","455","583","446","140","53","10","0","2,248","2,248","0","1","160","292","249","430","485","290","278","63","0"
"인천광역시 계양구 계양1동(2824571000)","2,761","2,761","0","3","174","396","355","500","707","363","223","38","2","1,412","1,412","0","0","94","257","241","302","332","122","55","9","0","1,349","1,349","0","3","80","139","114","198","375","241","168","29","2"
"인천광역시 계양구 계양2동(2824572000)","7,153","7,153","2","7","517","1,100","889","1,447","1,645","864","599","77","6","3,568","3,568","1","3","274","627","574","842","812","314","111","10","0","3,585","3,585","1","4","243","473","315","605","833","550","488","67","6"
"인천광역시 계양구 계양3동(2824573000)","2,935","2,935","2","3","176","445","493","602","676","346","168","24","0","1,496","1,496","2","2","90","304","323","345","268","113","43","6","0","1,439","1,439","0","1","86","141","170","257","408","233","125","18","0"
"인천광역시 서구 (2826000000)","94,067","94,067","39","129","11,401","19,478","14,725","17,056","17,359","8,420","4,569","861","30","51,998","51,998","22","58","5,866","12,541","9,899","10,546","8,801","3,084","1,014","158","9","42,069","42,069","17","71","5,535","6,937","4,826","6,510","8,558","5,336","3,555","703","21"
"인천광역시 서구 검암경서동(2826051500)","8,556","8,556","2","9","1,251","2,193","1,654","1,462","1,114","525","291","53","2","5,149","5,149","0","6","739","1,514","1,135","908","574","197","66","9","1","3,407","3,407","2","3","512","679","519","554","540","328","225","44","1"
"인천광역시 서구 연희동(2826053000)","8,374","8,374","3","12","848","1,153","1,051","1,803","1,906","851","604","138","5","4,636","4,636","1","4","467","744","728","1,186","1,037","299","145","24","1","3,738","3,738","2","8","381","409","323","617","869","552","459","114","4"
"인천광역시 서구 청라1동(2826053600)","3,646","3,646","0","14","831","1,185","617","464","309","136","80","10","0","1,995","1,995","0","7","402","748","398","262","122","41","15","0","0","1,651","1,651","0","7","429","437","219","202","187","95","65","10","0"
"인천광역시 서구 청라2동(2826053700)","5,035","5,035","1","4","1,026","1,592","885","604","546","259","95","23","0","2,615","2,615","1","0","511","978","522","307","199","71","19","7","0","2,420","2,420","0","4","515","614","363","297","347","188","76","16","0"
"인천광역시 서구 청라3동(2826053900)","4,395","4,395","0","6","1,288","1,517","696","437","316","97","33","5","0","2,379","2,379","0","2","567","950","432","243","137","35","12","1","0","2,016","2,016","0","4","721","567","264","194","179","62","21","4","0"
"인천광역시 서구 가정1동(2826054200)","5,914","5,914","4","7","746","1,160","827","963","1,262","623","283","38","1","3,023","3,023","3","4","333","697","521","540","600","245","73","6","1","2,891","2,891","1","3","413","463","306","423","662","378","210","32","0"
"인천광역시 서구 가정2동(2826054300)","2,185","2,185","0","5","301","592","332","403","369","114","60","9","0","1,220","1,220","0","3","145","373","227","240","169","49","13","1","0","965","965","0","2","156","219","105","163","200","65","47","8","0"
"인천광역시 서구 가정3동(2826054400)","1,761","1,761","0","0","188","301","213","344","416","173","103","23","0","921","921","0","0","92","187","141","210","218","55","14","4","0","840","840","0","0","96","114","72","134","198","118","89","19","0"
"인천광역시 서구 석남1동(2826055000)","4,811","4,811","3","5","392","628","645","1,040","1,208","568","276","46","0","2,654","2,654","3","3","209","421","459","671","623","208","49","8","0","2,157","2,157","0","2","183","207","186","369","585","360","227","38","0"
"인천광역시 서구 석남2동(2826056000)","2,424","2,424","0","8","144","268","308","540","623","335","172","26","0","1,353","1,353","0","2","89","175","206","357","355","131","33","5","0","1,071","1,071","0","6","55","93","102","183","268","204","139","21","0"
"인천광역시 서구 석남3동(2826056100)","2,884","2,884","0","4","237","400","355","567","727","349","214","29","2","1,504","1,504","0","2","124","260","227","332","377","134","40","8","0","1,380","1,380","0","2","113","140","128","235","350","215","174","21","2"
"인천광역시 서구 신현원창동(2826057500)","4,012","4,012","3","3","248","604","566","828","1,074","448","198","39","1","2,182","2,182","3","2","161","390","383","519","512","153","51","7","1","1,830","1,830","0","1","87","214","183","309","562","295","147","32","0"
"인천광역시 서구 가좌1동(2826058000)","3,265","3,265","7","6","342","491","441","665","739","349","202","23","0","1,932","1,932","4","4","184","315","349","457","439","142","36","2","0","1,333","1,333","3","2","158","176","92","208","300","207","166","21","0"
"인천광역시 서구 가좌2동(2826059000)","2,100","2,100","0","3","119","287","238","365","527","324","196","40","1","909","909","0","2","56","176","144","185","219","84","35","8","0","1,191","1,191","0","1","63","111","94","180","308","240","161","32","1"
"인천광역시 서구 가좌3동(2826060000)","3,537","3,537","2","9","330","438","428","681","855","469","273","49","3","1,908","1,908","1","4","171","289","303","443","461","173","54","8","1","1,629","1,629","1","5","159","149","125","238","394","296","219","41","2"
"인천광역시 서구 가좌4동(2826061000)","2,241","2,241","1","1","115","350","310","461","549","269","156","27","2","1,277","1,277","0","1","59","239","213","317","288","113","43","4","0","964","964","1","0","56","111","97","144","261","156","113","23","2"
"인천광역시 서구 검단동(2826068000)","6,472","6,472","2","8","740","1,230","1,125","1,319","1,176","500","310","61","1","3,993","3,993","2","2","436","878","837","894","684","187","65","8","0","2,479","2,479","0","6","304","352","288","425","492","313","245","53","1"
"인천광역시 서구 불로대곡동(2826069000)","3,324","3,324","1","2","241","545","570","730","595","345","249","44","2","1,910","1,910","0","0","148","376","392","479","316","126","56","16","1","1,414","1,414","1","2","93","169","178","251","279","219","193","28","1"
"인천광역시 서구 원당동(2826070000)","3,561","3,561","3","7","360","792","711","703","456","299","181","45","4","2,065","2,065","0","4","180","532","487","474","243","106","35","3","1","1,496","1,496","3","3","180","260","224","229","213","193","146","42","3"
"인천광역시 서구 당하동(2826071000)","4,122","4,122","0","6","532","925","709","766","693","334","134","22","1","2,151","2,151","0","2","246","556","473","432","291","109","37","4","1","1,971","1,971","0","4","286","369","236","334","402","225","97","18","0"
"인천광역시 서구 오류왕길동(2826072000)","3,330","3,330","2","1","224","494","532","681","759","365","207","64","1","1,972","1,972","1","1","124","325","393","453","456","156","49","14","0","1,358","1,358","1","0","100","169","139","228","303","209","158","50","1"
"인천광역시 서구 마전동(2826073000)","2,109","2,109","1","5","255","404","331","410","341","196","133","29","4","1,160","1,160","0","1","158","267","228","237","167","57","39","5","1","949","949","1","4","97","137","103","173","174","139","94","24","3"
"인천광역시 서구 아라동(2826074000)","6,009","6,009","4","4","643","1,929","1,181","820","799","492","119","18","0","3,090","3,090","3","2","265","1,151","701","400","314","213","35","6","0","2,919","2,919","1","2","378","778","480","420","485","279","84","12","0"
"인천광역시 강화군 (2871000000)","16,015","16,015","3","10","606","1,076","1,322","2,738","4,538","3,043","2,173","499","7","7,961","7,961","0","6","354","684","862","1,657","2,456","1,338","522","80","2","8,054","8,054","3","4","252","392","460","1,081","2,082","1,705","1,651","419","5"
"인천광역시 강화군 강화읍(2871025000)","4,544","4,544","0","4","258","392","438","840","1,140","799","566","105","2","2,158","2,158","0","3","152","242","283","517","541","283","117","20","0","2,386","2,386","0","1","106","150","155","323","599","516","449","85","2"
"인천광역시 강화군 선원면(2871031000)","1,602","1,602","0","2","100","129","184","279","450","255","164","38","1","790","790","0","0","68","81","116","151","226","106","40","2","0","812","812","0","2","32","48","68","128","224","149","124","36","1"
"인천광역시 강화군 불은면(2871032000)","1,362","1,362","1","0","36","90","80","212","413","267","195","67","1","673","673","0","0","14","54","54","130","221","149","45","6","0","689","689","1","0","22","36","26","82","192","118","150","61","1"
"인천광역시 강화군 길상면(2871033000)","1,712","1,712","0","0","52","111","167","298","574","307","162","41","0","895","895","0","0","31","74","102","178","309","138","52","11","0","817","817","0","0","21","37","65","120","265","169","110","30","0"
"인천광역시 강화군 화도면(2871034000)","1,246","1,246","0","0","19","80","117","205","390","247","151","37","0","640","640","0","0","9","52","73","113","224","120","39","10","0","606","606","0","0","10","28","44","92","166","127","112","27","0"
"인천광역시 강화군 양도면(2871035000)","979","979","0","2","26","48","59","181","271","201","148","43","0","501","501","0","1","11","37","39","119","151","101","35","7","0","478","478","0","1","15","11","20","62","120","100","113","36","0"
"인천광역시 강화군 내가면(2871036000)","799","799","0","1","21","39","62","113","230","170","136","27","0","379","379","0","1","10","26","39","71","124","81","24","3","0","420","420","0","0","11","13","23","42","106","89","112","24","0"
"인천광역시 강화군 하점면(2871037000)","952","952","1","0","33","52","53","139","260","205","168","39","2","466","466","0","0","22","30","35","82","160","89","40","7","1","486","486","1","0","11","22","18","57","100","116","128","32","1"
"인천광역시 강화군 양사면(2871038000)","508","508","0","0","10","20","25","92","139","112","93","17","0","266","266","0","0","6","14","16","59","86","52","31","2","0","242","242","0","0","4","6","9","33","53","60","62","15","0"
"인천광역시 강화군 송해면(2871039000)","701","701","0","0","11","35","46","115","206","134","126","28","0","334","334","0","0","5","18","29","73","121","60","23","5","0","367","367","0","0","6","17","17","42","85","74","103","23","0"
"인천광역시 강화군 교동면(2871040000)","748","748","0","0","10","41","40","117","201","175","138","25","1","379","379","0","0","7","29","31","70","123","75","37","6","1","369","369","0","0","3","12","9","47","78","100","101","19","0"
"인천광역시 강화군 삼산면(2871041000)","622","622","1","0","13","26","45","118","188","123","87","21","0","342","342","0","0","6","18","40","71","118","63","25","1","0","280","280","1","0","7","8","5","47","70","60","62","20","0"
"인천광역시 강화군 서도면(2871042000)","120","120","0","1","4","7","5","14","38","22","21","8","0","66","66","0","1","1","5","4","13","27","9","6","0","0","54","54","0","0","3","2","1","1","11","13","15","8","0"
"인천광역시 강화군 서도면볼음출장소(2871042500)","120","120","0","0","13","6","1","15","38","26","18","3","0","72","72","0","0","12","4","1","10","25","12","8","0","0","48","48","0","0","1","2","0","5","13","14","10","3","0"
"인천광역시 옹진군 (2872000000)","7,688","7,688","1","32","1,263","788","805","1,255","1,873","968","540","155","8","4,992","4,992","1","23","1,041","641","648","869","1,177","446","124","22","0","2,696","2,696","0","9","222","147","157","386","696","522","416","133","8"
"인천광역시 옹진군 북도면(2872031000)","378","378","0","0","13","25","41","48","125","84","30","12","0","220","220","0","0","11","15","28","31","79","41","13","2","0","158","158","0","0","2","10","13","17","46","43","17","10","0"
"인천광역시 옹진군 북도면장봉출장소(2872031500)","297","297","0","0","3","20","30","60","97","52","26","8","1","154","154","0","0","2","16","19","35","56","20","6","0","0","143","143","0","0","1","4","11","25","41","32","20","8","1"
"인천광역시 옹진군 백령면(2872033000)","1,811","1,811","0","15","556","246","188","213","276","169","103","44","1","1,248","1,248","0","11","462","204","163","152","168","69","14","5","0","563","563","0","4","94","42","25","61","108","100","89","39","1"
"인천광역시 옹진군 대청면(2872034000)","534","534","0","3","112","70","66","75","101","49","48","9","1","360","360","0","2","92","55","60","60","63","14","12","2","0","174","174","0","1","20","15","6","15","38","35","36","7","1"
"인천광역시 옹진군 대청면소청출장소(2872034500)","141","141","0","0","44","7","7","17","31","22","10","3","0","101","101","0","0","40","6","7","12","25","9","2","0","0","40","40","0","0","4","1","0","5","6","13","8","3","0"
"인천광역시 옹진군 덕적면(2872035000)","765","765","0","0","39","30","54","131","252","145","89","23","2","449","449","0","0","25","21","43","90","176","72","19","3","0","316","316","0","0","14","9","11","41","76","73","70","20","2"
"인천광역시 옹진군 영흥면(2872036000)","2,126","2,126","0","4","132","218","240","455","635","286","131","24","1","1,349","1,349","0","2","98","178","183","305","391","145","40","7","0","777","777","0","2","34","40","57","150","244","141","91","17","1"
"인천광역시 옹진군 자월면(2872037000)","368","368","0","0","20","18","38","70","99","72","37","13","1","203","203","0","0","15","8","30","47","60","37","5","1","0","165","165","0","0","5","10","8","23","39","35","32","12","1"
"인천광역시 옹진군 자월면이작출장소(2872037500)","129","129","0","0","2","6","7","22","44","21","19","7","1","71","71","0","0","1","6","5","17","28","11","3","0","0","58","58","0","0","1","0","2","5","16","10","16","7","1"
"인천광역시 옹진군 연평면(2872038000)","1,139","1,139","1","10","342","148","134","164","213","68","47","12","0","837","837","1","8","295","132","110","120","131","28","10","2","0","302","302","0","2","47","16","24","44","82","40","37","10","0"
"광주광역시  (2900000000)","274,658","274,658","64","874","42,976","46,725","37,022","45,742","49,002","30,277","18,824","3,087","65","138,213","138,213","33","341","21,196","29,303","24,389","26,584","22,205","9,837","3,811","502","12","136,445","136,445","31","533","21,780","17,422","12,633","19,158","26,797","20,440","15,013","2,585","53"
"광주광역시 동구 (2911000000)","27,693","27,693","3","161","5,811","4,326","3,001","3,807","4,716","3,293","2,207","361","7","13,564","13,564","1","60","2,774","2,590","1,906","2,269","2,226","1,156","502","77","3","14,129","14,129","2","101","3,037","1,736","1,095","1,538","2,490","2,137","1,705","284","4"
"광주광역시 동구 충장동(2911052500)","3,581","3,581","0","26","1,420","731","301","352","357","259","112","23","0","1,744","1,744","0","10","493","364","192","252","228","150","49","6","0","1,837","1,837","0","16","927","367","109","100","129","109","63","17","0"
"광주광역시 동구 동명동(2911054500)","1,687","1,687","0","19","546","273","146","183","205","172","116","26","1","914","914","0","10","296","168","102","118","114","67","34","5","0","773","773","0","9","250","105","44","65","91","105","82","21","1"
"광주광역시 동구 계림1동(2911056000)","3,062","3,062","1","5","363","482","400","529","663","385","197","34","3","1,766","1,766","1","2","170","329","275","355","403","164","63","4","0","1,296","1,296","0","3","193","153","125","174","260","221","134","30","3"
"광주광역시 동구 계림2동(2911057000)","1,767","1,767","1","3","166","360","252","235","275","247","206","22","0","761","761","0","2","64","229","142","115","107","67","32","3","0","1,006","1,006","1","1","102","131","110","120","168","180","174","19","0"
"광주광역시 동구 산수1동(2911059000)","2,314","2,314","0","6","257","324","255","425","464","333","212","38","0","1,171","1,171","0","3","144","196","172","255","231","126","37","7","0","1,143","1,143","0","3","113","128","83","170","233","207","175","31","0"
"광주광역시 동구 산수2동(2911060000)","1,818","1,818","1","10","139","196","218","298","395","319","215","27","0","832","832","0","0","66","121","149","187","149","100","48","12","0","986","986","1","10","73","75","69","111","246","219","167","15","0"
"광주광역시 동구 지산1동(2911062000)","1,536","1,536","0","23","632","173","121","140","182","135","110","20","0","836","836","0","8","364","118","85","91","104","39","23","4","0","700","700","0","15","268","55","36","49","78","96","87","16","0"
"광주광역시 동구 지산2동(2911063000)","1,323","1,323","0","21","427","143","120","185","195","113","108","11","0","732","732","0","12","265","85","85","118","98","35","31","3","0","591","591","0","9","162","58","35","67","97","78","77","8","0"
"광주광역시 동구 서남동(2911065500)","2,131","2,131","0","30","984","306","156","222","213","116","83","20","1","1,143","1,143","0","9","498","196","99","145","120","50","20","5","1","988","988","0","21","486","110","57","77","93","66","63","15","0"
"광주광역시 동구 학동(2911068500)","1,427","1,427","0","3","300","195","151","185","250","194","135","14","0","636","636","0","1","135","124","96","111","96","51","20","2","0","791","791","0","2","165","71","55","74","154","143","115","12","0"
"광주광역시 동구 학운동(2911071000)","2,008","2,008","0","5","188","180","188","267","429","377","323","50","1","788","788","0","2","96","106","100","142","163","103","62","13","1","1,220","1,220","0","3","92","74","88","125","266","274","261","37","0"
"광주광역시 동구 지원1동(2911073000)","1,671","1,671","0","8","119","273","178","253","389","259","159","33","0","725","725","0","0","71","144","111","129","152","79","32","7","0","946","946","0","8","48","129","67","124","237","180","127","26","0"
"광주광역시 동구 지원2동(2911074000)","3,368","3,368","0","2","270","690","515","533","699","384","231","43","1","1,516","1,516","0","1","112","410","298","251","261","125","51","6","1","1,852","1,852","0","1","158","280","217","282","438","259","180","37","0"
"광주광역시 서구 (2914000000)","56,875","56,875","12","118","9,769","10,298","7,833","9,250","9,352","5,992","3,634","606","11","27,564","27,564","9","50","4,424","6,158","4,988","5,248","3,986","1,839","761","101","0","29,311","29,311","3","68","5,345","4,140","2,845","4,002","5,366","4,153","2,873","505","11"
"광주광역시 서구 양동(2914057500)","919","919","0","1","49","71","97","141","211","188","133","28","0","423","423","0","1","26","48","63","88","111","57","27","2","0","496","496","0","0","23","23","34","53","100","131","106","26","0"
"광주광역시 서구 양3동(2914059000)","921","921","0","0","44","82","123","163","211","167","114","17","0","410","410","0","0","23","53","84","96","86","38","26","4","0","511","511","0","0","21","29","39","67","125","129","88","13","0"
"광주광역시 서구 농성1동(2914065000)","3,809","3,809","3","6","681","712","485","591","582","430","272","47","0","1,829","1,829","3","2","236","391","281","386","290","165","67","8","0","1,980","1,980","0","4","445","321","204","205","292","265","205","39","0"
"광주광역시 서구 농성2동(2914066000)","1,803","1,803","0","2","320","284","243","326","329","153","122","24","0","1,004","1,004","0","1","149","166","169","228","190","61","36","4","0","799","799","0","1","171","118","74","98","139","92","86","20","0"
"광주광역시 서구 광천동(2914073000)","1,068","1,068","0","2","88","179","193","224","203","103","66","10","0","601","601","0","1","52","112","136","144","97","38","19","2","0","467","467","0","1","36","67","57","80","106","65","47","8","0"
"광주광역시 서구 유덕동(2914074000)","2,097","2,097","0","6","263","364","359","395","314","213","163","20","0","1,180","1,180","0","3","170","256","260","256","154","51","28","2","0","917","917","0","3","93","108","99","139","160","162","135","18","0"
"광주광역시 서구 치평동(2914074500)","6,119","6,119","2","19","1,460","1,618","942","843","608","357","231","39","0","2,808","2,808","2","12","572","878","526","427","239","100","41","11","0","3,311","3,311","0","7","888","740","416","416","369","257","190","28","0"
"광주광역시 서구 상무1동(2914075100)","6,408","6,408","1","19","1,723","1,535","984","877","699","370","163","36","1","3,564","3,564","1","5","829","1,019","670","552","318","120","44","6","0","2,844","2,844","0","14","894","516","314","325","381","250","119","30","1"
"광주광역시 서구 상무2동(2914075200)","7,686","7,686","2","18","1,800","1,289","757","987","1,288","915","549","78","3","3,706","3,706","0","8","771","758","516","580","623","325","110","15","0","3,980","3,980","2","10","1,029","531","241","407","665","590","439","63","3"
"광주광역시 서구 화정1동(2914076000)","4,902","4,902","0","10","1,215","1,055","654","659","591","409","244","64","1","2,267","2,267","0","2","497","573","395","379","247","111","50","13","0","2,635","2,635","0","8","718","482","259","280","344","298","194","51","1"
"광주광역시 서구 화정2동(2914077000)","2,196","2,196","2","2","208","362","302","350","454","312","178","26","0","952","952","2","1","83","216","186","173","161","94","34","2","0","1,244","1,244","0","1","125","146","116","177","293","218","144","24","0"
"광주광역시 서구 화정3동(2914078000)","1,828","1,828","0","1","245","238","209","294","370","268","177","24","2","805","805","0","1","103","150","127","159","144","80","37","4","0","1,023","1,023","0","0","142","88","82","135","226","188","140","20","2"
"광주광역시 서구 화정4동(2914079000)","2,508","2,508","0","3","266","414","290","376","578","354","201","25","1","1,005","1,005","0","0","117","237","169","168","176","100","36","2","0","1,503","1,503","0","3","149","177","121","208","402","254","165","23","1"
"광주광역시 서구 서창동(2914080000)","1,137","1,137","0","0","66","139","130","255","299","130","103","14","1","675","675","0","0","42","87","96","178","192","59","20","1","0","462","462","0","0","24","52","34","77","107","71","83","13","1"
"광주광역시 서구 금호1동(2914082100)","3,363","3,363","0","6","247","351","355","632","827","553","329","62","1","1,360","1,360","0","2","128","195","199","295","320","164","50","7","0","2,003","2,003","0","4","119","156","156","337","507","389","279","55","1"
"광주광역시 서구 금호2동(2914082400)","2,732","2,732","1","4","230","424","455","605","509","319","153","31","1","1,298","1,298","0","2","129","275","298","295","179","85","30","5","0","1,434","1,434","1","2","101","149","157","310","330","234","123","26","1"
"광주광역시 서구 풍암동(2914083000)","5,481","5,481","1","12","726","954","964","1,139","813","498","326","48","0","2,865","2,865","1","6","428","600","644","647","315","131","82","11","0","2,616","2,616","0","6","298","354","320","492","498","367","244","37","0"
"광주광역시 서구 동천동(2914084000)","1,898","1,898","0","7","138","227","291","393","466","253","110","13","0","812","812","0","3","69","144","169","197","144","60","24","2","0","1,086","1,086","0","4","69","83","122","196","322","193","86","11","0"
"광주광역시 남구 (2915500000)","37,471","37,471","4","113","4,544","5,576","4,493","5,838","7,611","5,300","3,392","582","18","17,157","17,157","3","40","2,129","3,311","2,856","3,204","3,193","1,631","686","99","5","20,314","20,314","1","73","2,415","2,265","1,637","2,634","4,418","3,669","2,706","483","13"
"광주광역시 남구 양림동(2915551000)","1,068","1,068","0","4","89","100","108","178","216","199","142","31","1","475","475","0","1","43","62","70","111","89","61","26","12","0","593","593","0","3","46","38","38","67","127","138","116","19","1"
"광주광역시 남구 방림1동(2915552000)","1,193","1,193","0","4","83","158","156","176","266","204","132","13","1","518","518","0","2","32","98","90","101","113","53","25","4","0","675","675","0","2","51","60","66","75","153","151","107","9","1"
"광주광역시 남구 방림2동(2915553000)","1,594","1,594","0","1","111","180","154","220","369","315","204","40","0","658","658","0","0","56","108","91","122","149","85","37","10","0","936","936","0","1","55","72","63","98","220","230","167","30","0"
"광주광역시 남구 봉선1동(2915553700)","3,109","3,109","0","19","415","461","377","508","561","394","311","61","2","1,292","1,292","0","10","186","251","223","262","205","85","59","10","1","1,817","1,817","0","9","229","210","154","246","356","309","252","51","1"
"광주광역시 남구 봉선2동(2915553800)","1,972","1,972","0","7","133","254","236","311","441","326","221","41","2","651","651","0","2","65","143","110","108","109","73","35","6","0","1,321","1,321","0","5","68","111","126","203","332","253","186","35","2"
"광주광역시 남구 사직동(2915554500)","1,587","1,587","0","1","181","193","183","253","356","218","176","25","1","879","879","0","1","96","109","136","182","208","92","50","5","0","708","708","0","0","85","84","47","71","148","126","126","20","1"
"광주광역시 남구 월산동(2915560500)","2,118","2,118","2","1","115","285","266","388","441","336","231","53","0","1,047","1,047","1","1","60","165","193","251","224","95","49","8","0","1,071","1,071","1","0","55","120","73","137","217","241","182","45","0"
"광주광역시 남구 월산4동(2915563000)","2,625","2,625","1","8","339","371","343","449","535","358","189","30","2","1,397","1,397","1","1","151","230","247","309","279","121","52","6","0","1,228","1,228","0","7","188","141","96","140","256","237","137","24","2"
"광주광역시 남구 월산5동(2915564000)","1,842","1,842","0","5","239","229","204","299","417","260","168","21","0","878","878","0","0","108","131","148","183","193","86","26","3","0","964","964","0","5","131","98","56","116","224","174","142","18","0"
"광주광역시 남구 백운1동(2915567000)","1,592","1,592","0","0","136","146","165","258","384","287","182","34","0","609","609","0","0","58","89","97","123","139","70","29","4","0","983","983","0","0","78","57","68","135","245","217","153","30","0"
"광주광역시 남구 백운2동(2915568000)","1,935","1,935","0","7","414","347","238","306","297","179","125","22","0","996","996","0","0","190","207","168","182","145","68","34","2","0","939","939","0","7","224","140","70","124","152","111","91","20","0"
"광주광역시 남구 주월1동(2915569000)","3,645","3,645","0","10","432","589","461","576","757","516","263","41","0","1,655","1,655","0","2","210","320","298","300","293","169","58","5","0","1,990","1,990","0","8","222","269","163","276","464","347","205","36","0"
"광주광역시 남구 주월2동(2915570000)","1,823","1,823","0","3","161","223","228","330","435","268","147","25","3","901","901","0","2","81","139","153","186","197","110","27","5","1","922","922","0","1","80","84","75","144","238","158","120","20","2"
"광주광역시 남구 진월동(2915570500)","3,517","3,517","1","22","625","466","371","498","648","505","333","48","0","1,487","1,487","1","6","329","282","225","221","220","127","71","5","0","2,030","2,030","0","16","296","184","146","277","428","378","262","43","0"
"광주광역시 남구 효덕동(2915571000)","3,286","3,286","0","6","590","648","374","427","602","428","187","22","2","1,511","1,511","0","5","247","362","214","228","235","173","41","5","1","1,775","1,775","0","1","343","286","160","199","367","255","146","17","1"
"광주광역시 남구 송암동(2915572000)","2,795","2,795","0","14","404","685","444","403","469","233","125","17","1","1,352","1,352","0","7","176","452","265","181","172","68","29","2","0","1,443","1,443","0","7","228","233","179","222","297","165","96","15","1"
"광주광역시 남구 대촌동(2915573000)","1,770","1,770","0","1","77","241","185","258","417","274","256","58","3","851","851","0","0","41","163","128","154","223","95","38","7","2","919","919","0","1","36","78","57","104","194","179","218","51","1"
"광주광역시 북구 (2917000000)","87,227","87,227","11","240","12,553","14,124","11,288","14,806","17,103","10,120","6,033","929","20","43,940","43,940","5","87","6,411","8,918","7,462","8,631","7,742","3,313","1,213","156","2","43,287","43,287","6","153","6,142","5,206","3,826","6,175","9,361","6,807","4,820","773","18"
"광주광역시 북구 중흥1동(2917051000)","1,935","1,935","0","1","429","428","231","272","288","177","95","14","0","1,043","1,043","0","0","166","234","158","205","166","89","23","2","0","892","892","0","1","263","194","73","67","122","88","72","12","0"
"광주광역시 북구 중흥동(2917053500)","4,712","4,712","0","38","1,308","959","589","612","518","382","267","38","1","2,640","2,640","0","20","676","632","411","426","285","122","55","13","0","2,072","2,072","0","18","632","327","178","186","233","260","212","25","1"
"광주광역시 북구 중앙동(2917055500)","1,275","1,275","0","1","230","228","176","221","203","125","81","10","0","748","748","0","0","99","143","130","163","121","67","24","1","0","527","527","0","1","131","85","46","58","82","58","57","9","0"
"광주광역시 북구 임동(2917057000)","2,861","2,861","0","6","427","781","401","356","422","279","163","26","0","1,427","1,427","0","2","202","468","251","193","178","86","45","2","0","1,434","1,434","0","4","225","313","150","163","244","193","118","24","0"
"광주광역시 북구 신안동(2917058000)","4,565","4,565","0","16","960","915","574","740","723","345","256","36","0","2,592","2,592","0","5","481","581","410","502","415","132","60","6","0","1,973","1,973","0","11","479","334","164","238","308","213","196","30","0"
"광주광역시 북구 용봉동(2917059000)","8,332","8,332","0","64","2,812","1,355","899","1,130","1,058","629","334","49","2","4,418","4,418","0","18","1,500","917","621","673","428","182","73","6","0","3,914","3,914","0","46","1,312","438","278","457","630","447","261","43","2"
"광주광역시 북구 운암1동(2917060100)","1,890","1,890","0","4","231","294","238","287","411","271","128","26","0","838","838","0","1","124","169","142","140","140","79","37","6","0","1,052","1,052","0","3","107","125","96","147","271","192","91","20","0"
"광주광역시 북구 운암2동(2917060200)","2,900","2,900","0","8","309","403","352","500","678","372","254","24","0","1,533","1,533","0","2","156","246","249","349","343","122","60","6","0","1,367","1,367","0","6","153","157","103","151","335","250","194","18","0"
"광주광역시 북구 운암3동(2917060300)","1,584","1,584","0","0","138","204","173","223","408","250","153","35","0","629","629","0","0","80","126","105","98","122","71","23","4","0","955","955","0","0","58","78","68","125","286","179","130","31","0"
"광주광역시 북구 동림동(2917061500)","3,626","3,626","0","1","201","608","598","699","794","456","232","36","1","1,639","1,639","0","0","102","358","357","366","284","122","41","8","1","1,987","1,987","0","1","99","250","241","333","510","334","191","28","0"
"광주광역시 북구 우산동(2917062000)","3,743","3,743","0","7","272","470","415","602","895","678","342","61","1","1,746","1,746","0","3","129","286","253","357","429","204","79","5","1","1,997","1,997","0","4","143","184","162","245","466","474","263","56","0"
"광주광역시 북구 풍향동(2917063500)","1,203","1,203","0","6","162","139","152","231","255","149","94","15","0","637","637","0","2","83","85","108","142","138","58","20","1","0","566","566","0","4","79","54","44","89","117","91","74","14","0"
"광주광역시 북구 문화동(2917065000)","4,511","4,511","1","7","334","715","551","728","1,076","680","360","58","1","2,178","2,178","1","3","151","456","343","413","487","239","76","9","0","2,333","2,333","0","4","183","259","208","315","589","441","284","49","1"
"광주광역시 북구 문흥1동(2917065600)","2,316","2,316","0","4","211","323","273","437","562","292","193","21","0","1,042","1,042","0","2","107","202","171","203","234","82","37","4","0","1,274","1,274","0","2","104","121","102","234","328","210","156","17","0"
"광주광역시 북구 문흥2동(2917065700)","3,337","3,337","0","6","683","460","329","463","645","418","288","45","0","1,412","1,412","0","2","336","289","205","226","209","91","41","13","0","1,925","1,925","0","4","347","171","124","237","436","327","247","32","0"
"광주광역시 북구 두암1동(2917066100)","2,025","2,025","0","8","265","215","213","382","468","296","155","23","0","1,023","1,023","0","2","132","137","151","236","222","104","31","8","0","1,002","1,002","0","6","133","78","62","146","246","192","124","15","0"
"광주광역시 북구 두암2동(2917066200)","3,410","3,410","1","10","288","441","403","621","831","497","276","42","0","1,671","1,671","0","3","147","273","280","380","355","162","65","6","0","1,739","1,739","1","7","141","168","123","241","476","335","211","36","0"
"광주광역시 북구 두암3동(2917066300)","4,442","4,442","1","4","215","289","343","751","1,292","901","571","74","1","2,026","2,026","1","2","95","166","228","434","639","325","124","12","0","2,416","2,416","0","2","120","123","115","317","653","576","447","62","1"
"광주광역시 북구 삼각동(2917066600)","2,357","2,357","3","6","274","371","342","516","449","250","120","26","0","1,312","1,312","1","5","163","252","226","317","243","76","24","5","0","1,045","1,045","2","1","111","119","116","199","206","174","96","21","0"
"광주광역시 북구 일곡동(2917066900)","3,531","3,531","0","8","399","597","507","745","634","339","258","43","1","1,558","1,558","0","4","195","346","292","368","212","84","41","16","0","1,973","1,973","0","4","204","251","215","377","422","255","217","27","1"
"광주광역시 북구 매곡동(2917067300)","1,678","1,678","0","7","191","272","208","280","346","192","145","36","1","695","695","0","2","92","157","124","131","113","58","17","1","0","983","983","0","5","99","115","84","149","233","134","128","35","1"
"광주광역시 북구 오치1동(2917067600)","2,805","2,805","2","3","373","416","372","604","562","291","163","19","0","1,520","1,520","1","0","200","252","256","388","292","100","27","4","0","1,285","1,285","1","3","173","164","116","216","270","191","136","15","0"
"광주광역시 북구 오치2동(2917067700)","3,970","3,970","1","5","338","500","401","701","1,047","551","357","65","4","1,920","1,920","1","3","147","299","278","396","503","218","69","6","0","2,050","2,050","0","2","191","201","123","305","544","333","288","59","4"
"광주광역시 북구 석곡동(2917068500)","675","675","0","2","30","48","48","103","191","138","99","16","0","359","359","0","1","19","33","34","72","120","58","18","4","0","316","316","0","1","11","15","14","31","71","80","81","12","0"
"광주광역시 북구 건국동(2917069500)","3,056","3,056","1","5","369","554","493","597","580","253","178","23","3","1,779","1,779","0","1","233","402","346","359","309","105","23","1","0","1,277","1,277","1","4","136","152","147","238","271","148","155","22","3"
"광주광역시 북구 양산동(2917069600)","6,461","6,461","0","7","735","1,147","1,137","1,225","1,174","610","364","58","4","3,465","3,465","0","2","398","766","793","718","542","176","64","6","0","2,996","2,996","0","5","337","381","344","507","632","434","300","52","4"
"광주광역시 북구 신용동(2917069700)","4,027","4,027","1","6","369","992","870","780","593","299","107","10","0","2,090","2,090","0","2","198","643","540","376","213","101","16","1","0","1,937","1,937","1","4","171","349","330","404","380","198","91","9","0"
"광주광역시 광산구 (2920000000)","65,392","65,392","34","242","10,299","12,401","10,407","12,041","10,220","5,572","3,558","609","9","35,988","35,988","15","104","5,458","8,326","7,177","7,232","5,058","1,898","649","69","2","29,404","29,404","19","138","4,841","4,075","3,230","4,809","5,162","3,674","2,909","540","7"
"광주광역시 광산구 송정1동(2920051500)","2,008","2,008","3","10","295","229","253","399","366","275","157","21","0","1,086","1,086","1","3","198","153","181","260","180","77","30","3","0","922","922","2","7","97","76","72","139","186","198","127","18","0"
"광주광역시 광산구 송정2동(2920052500)","1,715","1,715","0","3","243","282","222","260","291","246","141","27","0","859","859","0","1","127","167","150","156","145","81","27","5","0","856","856","0","2","116","115","72","104","146","165","114","22","0"
"광주광역시 광산구 도산동(2920054000)","2,588","2,588","2","10","261","393","384","495","492","330","203","18","0","1,385","1,385","1","6","151","271","286","298","227","105","38","2","0","1,203","1,203","1","4","110","122","98","197","265","225","165","16","0"
"광주광역시 광산구 신흥동(2920055000)","671","671","0","2","51","71","90","123","138","114","67","14","1","320","320","0","1","25","47","58","77","66","35","10","1","0","351","351","0","1","26","24","32","46","72","79","57","13","1"
"광주광역시 광산구 어룡동(2920056500)","5,697","5,697","2","26","707","978","1,061","1,120","969","498","279","56","1","3,319","3,319","0","18","430","692","779","681","468","199","50","2","0","2,378","2,378","2","8","277","286","282","439","501","299","229","54","1"
"광주광역시 광산구 우산동(2920058000)","7,354","7,354","2","17","677","1,219","974","1,409","1,547","854","546","107","2","3,916","3,916","1","5","328","797","662","832","835","341","104","10","1","3,438","3,438","1","12","349","422","312","577","712","513","442","97","1"
"광주광역시 광산구 월곡1동(2920060000)","1,923","1,923","8","7","189","317","244","456","401","160","116","25","0","1,006","1,006","2","5","103","206","158","257","190","60","21","4","0","917","917","6","2","86","111","86","199","211","100","95","21","0"
"광주광역시 광산구 월곡2동(2920061000)","2,271","2,271","4","20","235","340","344","492","483","211","127","14","1","1,212","1,212","4","10","119","216","253","302","214","71","22","1","0","1,059","1,059","0","10","116","124","91","190","269","140","105","13","1"
"광주광역시 광산구 비아동(2920062000)","1,551","1,551","3","11","110","168","249","410","311","160","100","29","0","925","925","2","6","61","114","183","287","187","64","18","3","0","626","626","1","5","49","54","66","123","124","96","82","26","0"
"광주광역시 광산구 첨단1동(2920062400)","3,463","3,463","1","6","741","1,042","521","491","392","151","102","16","0","1,861","1,861","1","5","402","686","324","216","157","45","22","3","0","1,602","1,602","0","1","339","356","197","275","235","106","80","13","0"
"광주광역시 광산구 첨단2동(2920062600)","8,115","8,115","2","33","2,116","1,976","1,194","1,314","865","337","238","39","1","4,427","4,427","1","8","1,050","1,270","812","758","400","90","32","6","0","3,688","3,688","1","25","1,066","706","382","556","465","247","206","33","1"
"광주광역시 광산구 신가동(2920063000)","2,148","2,148","1","8","297","403","356","508","305","180","85","5","0","1,217","1,217","1","3","153","290","245","318","142","50","15","0","0","931","931","0","5","144","113","111","190","163","130","70","5","0"
"광주광역시 광산구 운남동(2920063500)","4,065","4,065","0","7","317","658","716","827","687","477","320","56","0","1,848","1,848","0","6","141","408","443","438","256","93","53","10","0","2,217","2,217","0","1","176","250","273","389","431","384","267","46","0"
"광주광역시 광산구 수완동(2920063700)","7,950","7,950","2","31","1,684","1,761","1,462","1,403","924","487","182","14","0","4,281","4,281","0","8","840","1,168","956","784","353","133","38","1","0","3,669","3,669","2","23","844","593","506","619","571","354","144","13","0"
"광주광역시 광산구 하남동(2920064000)","4,606","4,606","3","11","984","1,083","889","799","541","195","90","11","0","2,903","2,903","1","3","548","792","638","531","284","79","26","1","0","1,703","1,703","2","8","436","291","251","268","257","116","64","10","0"
"광주광역시 광산구 임곡동(2920065000)","688","688","0","0","19","48","61","117","180","121","113","29","0","370","370","0","0","13","27","48","84","122","50","23","3","0","318","318","0","0","6","21","13","33","58","71","90","26","0"
"광주광역시 광산구 동곡동(2920066000)","506","506","0","0","14","25","43","82","131","90","106","15","0","259","259","0","0","7","20","31","60","97","31","13","0","0","247","247","0","0","7","5","12","22","34","59","93","15","0"
"광주광역시 광산구 평동(2920067000)","1,748","1,748","0","1","185","279","258","300","324","198","173","28","2","1,111","1,111","0","0","134","199","194","225","219","101","34","4","1","637","637","0","1","51","80","64","75","105","97","139","24","1"
"광주광역시 광산구 삼도동(2920068000)","831","831","0","5","35","55","68","135","209","152","138","34","0","430","430","0","4","19","38","37","102","139","65","23","3","0","401","401","0","1","16","17","31","33","70","87","115","31","0"
"광주광역시 광산구 본량동(2920069000)","635","635","0","1","16","26","60","102","143","111","152","23","1","314","314","0","0","8","16","41","77","92","49","27","4","0","321","321","0","1","8","10","19","25","51","62","125","19","1"
"광주광역시 광산구 신창동(2920070000)","4,859","4,859","1","33","1,123","1,048","958","799","521","225","123","28","0","2,939","2,939","0","12","601","749","698","489","285","79","23","3","0","1,920","1,920","1","21","522","299","260","310","236","146","100","25","0"
"대전광역시  (3000000000)","299,673","299,673","75","1,805","65,860","54,346","34,914","43,983","49,190","28,916","17,462","3,051","71","153,916","153,916","46","716","33,343","34,708","22,125","25,597","22,958","9,907","3,929","577","10","145,757","145,757","29","1,089","32,517","19,638","12,789","18,386","26,232","19,009","13,533","2,474","61"
"대전광역시 동구 (3011000000)","52,819","52,819","7","737","10,378","6,143","5,557","8,239","10,408","6,533","4,130","670","17","27,551","27,551","5","275","5,444","4,101","3,747","5,217","5,253","2,406","961","138","4","25,268","25,268","2","462","4,934","2,042","1,810","3,022","5,155","4,127","3,169","532","13"
"대전광역시 동구 중앙동(3011051500)","1,975","1,975","1","3","82","132","183","375","582","375","216","25","1","1,233","1,233","1","1","45","93","143","297","404","179","63","7","0","742","742","0","2","37","39","40","78","178","196","153","18","1"
"대전광역시 동구 효동(3011053000)","2,644","2,644","0","1","176","412","384","449","560","375","248","38","1","1,250","1,250","0","1","92","280","245","249","220","100","56","7","0","1,394","1,394","0","0","84","132","139","200","340","275","192","31","1"
"대전광역시 동구 신인동(3011054500)","2,502","2,502","1","2","143","342","300","397","609","436","243","27","2","1,121","1,121","0","1","71","212","175","205","231","154","64","7","1","1,381","1,381","1","1","72","130","125","192","378","282","179","20","1"
"대전광역시 동구 판암1동(3011055100)","2,687","2,687","0","3","142","232","256","403","682","510","381","76","2","1,193","1,193","0","1","64","152","164","224","316","180","75","17","0","1,494","1,494","0","2","78","80","92","179","366","330","306","59","2"
"대전광역시 동구 판암2동(3011055200)","3,340","3,340","1","7","136","199","243","499","947","744","479","85","0","1,553","1,553","1","3","61","127","168","302","460","294","124","13","0","1,787","1,787","0","4","75","72","75","197","487","450","355","72","0"
"대전광역시 동구 용운동(3011056000)","4,712","4,712","0","79","1,370","545","458","706","848","450","212","44","0","2,489","2,489","0","24","743","368","303","435","398","163","47","8","0","2,223","2,223","0","55","627","177","155","271","450","287","165","36","0"
"대전광역시 동구 대동(3011058500)","2,075","2,075","0","25","232","228","244","346","454","290","205","49","2","1,056","1,056","0","5","119","152","160","218","218","118","53","12","1","1,019","1,019","0","20","113","76","84","128","236","172","152","37","1"
"대전광역시 동구 자양동(3011059000)","4,991","4,991","0","320","2,402","456","359","517","462","266","181","28","0","2,824","2,824","0","116","1,348","334","263","363","261","87","46","6","0","2,167","2,167","0","204","1,054","122","96","154","201","179","135","22","0"
"대전광역시 동구 가양1동(3011062000)","3,594","3,594","1","66","788","372","369","609","695","409","252","32","1","2,086","2,086","1","37","492","262","259","414","398","156","62","5","0","1,508","1,508","0","29","296","110","110","195","297","253","190","27","1"
"대전광역시 동구 가양2동(3011063000)","4,922","4,922","0","83","1,226","568","532","793","908","479","289","44","0","2,538","2,538","0","20","584","375","372","500","444","176","56","11","0","2,384","2,384","0","63","642","193","160","293","464","303","233","33","0"
"대전광역시 동구 용전동(3011064000)","7,340","7,340","0","73","2,084","1,396","954","1,088","945","486","275","37","2","4,005","4,005","0","30","1,011","898","620","703","485","194","54","9","1","3,335","3,335","0","43","1,073","498","334","385","460","292","221","28","1"
"대전광역시 동구 성남동(3011066500)","2,209","2,209","1","5","174","193","210","386","564","376","257","43","0","1,049","1,049","1","3","78","123","132","242","296","112","56","6","0","1,160","1,160","0","2","96","70","78","144","268","264","201","37","0"
"대전광역시 동구 홍도동(3011067000)","3,506","3,506","1","63","1,131","483","334","482","551","269","167","25","0","1,835","1,835","0","26","564","324","236","299","267","84","29","6","0","1,671","1,671","1","37","567","159","98","183","284","185","138","19","0"
"대전광역시 동구 삼성동(3011069500)","2,778","2,778","0","1","122","234","286","547","730","505","300","51","2","1,443","1,443","0","1","61","139","202","360","404","186","75","15","0","1,335","1,335","0","0","61","95","84","187","326","319","225","36","2"
"대전광역시 동구 대청동(3011072500)","543","543","0","1","13","30","36","96","173","89","89","16","0","288","288","0","1","8","22","25","67","108","39","17","1","0","255","255","0","0","5","8","11","29","65","50","72","15","0"
"대전광역시 동구 산내동(3011074000)","3,001","3,001","1","5","157","321","409","546","698","474","336","50","4","1,588","1,588","1","5","103","240","280","339","343","184","84","8","1","1,413","1,413","0","0","54","81","129","207","355","290","252","42","3"
"대전광역시 중구 (3014000000)","46,687","46,687","8","123","6,553","6,336","5,079","7,635","9,695","6,557","3,985","704","12","22,633","22,633","5","43","2,812","3,796","3,213","4,604","4,785","2,319","925","129","2","24,054","24,054","3","80","3,741","2,540","1,866","3,031","4,910","4,238","3,060","575","10"
"대전광역시 중구 은행선화동(3014053500)","5,676","5,676","0","26","1,143","1,108","815","909","882","498","239","54","2","3,134","3,134","0","8","497","644","541","625","516","216","75","12","0","2,542","2,542","0","18","646","464","274","284","366","282","164","42","2"
"대전광역시 중구 목동(3014055000)","1,265","1,265","0","2","190","258","156","183","216","146","100","14","0","531","531","0","0","82","146","86","89","69","35","22","2","0","734","734","0","2","108","112","70","94","147","111","78","12","0"
"대전광역시 중구 중촌동(3014056000)","2,783","2,783","1","1","168","298","308","472","635","558","297","45","0","1,258","1,258","1","0","65","185","187","246","300","194","73","7","0","1,525","1,525","0","1","103","113","121","226","335","364","224","38","0"
"대전광역시 중구 대흥동(3014057500)","4,443","4,443","0","44","1,299","822","462","558","649","384","185","39","1","2,211","2,211","0","8","503","461","294","375","350","163","47","10","0","2,232","2,232","0","36","796","361","168","183","299","221","138","29","1"
"대전광역시 중구 문창동(3014060500)","1,473","1,473","2","7","99","108","137","274","437","223","147","37","2","763","763","0","3","46","68","90","195","253","79","26","3","0","710","710","2","4","53","40","47","79","184","144","121","34","2"
"대전광역시 중구 석교동(3014062000)","3,431","3,431","1","6","168","287","353","629","916","650","362","58","1","1,734","1,734","0","3","82","193","239","396","476","248","89","7","1","1,697","1,697","1","3","86","94","114","233","440","402","273","51","0"
"대전광역시 중구 대사동(3014063000)","2,035","2,035","0","2","569","346","142","223","378","209","142","23","1","958","958","0","1","206","205","94","146","187","82","31","6","0","1,077","1,077","0","1","363","141","48","77","191","127","111","17","1"
"대전광역시 중구 부사동(3014064000)","1,649","1,649","0","2","85","146","184","300","450","290","156","36","0","823","823","0","1","40","105","114","189","227","104","39","4","0","826","826","0","1","45","41","70","111","223","186","117","32","0"
"대전광역시 중구 용두동(3014065500)","3,039","3,039","0","3","875","676","330","347","357","251","182","18","0","1,536","1,536","0","3","400","395","216","211","190","83","36","2","0","1,503","1,503","0","0","475","281","114","136","167","168","146","16","0"
"대전광역시 중구 오류동(3014067000)","2,092","2,092","0","2","326","338","220","308","343","280","224","51","0","887","887","0","0","109","176","129","169","173","77","41","13","0","1,205","1,205","0","2","217","162","91","139","170","203","183","38","0"
"대전광역시 중구 태평1동(3014068000)","1,487","1,487","1","2","88","161","178","254","343","251","184","24","1","629","629","1","0","46","97","112","121","146","64","37","4","1","858","858","0","2","42","64","66","133","197","187","147","20","0"
"대전광역시 중구 태평2동(3014069000)","2,197","2,197","1","5","86","179","207","371","510","469","312","56","1","770","770","1","1","43","103","104","150","180","111","66","11","0","1,427","1,427","0","4","43","76","103","221","330","358","246","45","1"
"대전광역시 중구 유천1동(3014070000)","1,869","1,869","1","2","176","242","282","384","411","218","128","25","0","1,012","1,012","1","0","78","158","179","256","227","80","27","6","0","857","857","0","2","98","84","103","128","184","138","101","19","0"
"대전광역시 중구 유천2동(3014071000)","2,841","2,841","0","7","376","390","293","441","637","404","250","41","2","1,393","1,393","0","5","167","242","185","260","299","172","52","11","0","1,448","1,448","0","2","209","148","108","181","338","232","198","30","2"
"대전광역시 중구 문화1동(3014072000)","2,372","2,372","0","6","517","308","202","321","388","332","253","45","0","1,010","1,010","0","5","228","170","114","167","165","97","58","6","0","1,362","1,362","0","1","289","138","88","154","223","235","195","39","0"
"대전광역시 중구 문화2동(3014073000)","2,739","2,739","1","3","130","256","270","541","692","463","326","57","0","1,186","1,186","1","3","66","170","168","289","276","144","63","6","0","1,553","1,553","0","0","64","86","102","252","416","319","263","51","0"
"대전광역시 중구 산성동(3014074000)","5,296","5,296","0","3","258","413","540","1,120","1,451","931","498","81","1","2,798","2,798","0","2","154","278","361","720","751","370","143","19","0","2,498","2,498","0","1","104","135","179","400","700","561","355","62","1"
"대전광역시 서구 (3017000000)","93,992","93,992","48","391","23,185","19,800","11,487","12,714","13,329","7,676","4,514","836","12","45,710","45,710","28","163","10,742","11,907","6,834","6,908","5,618","2,398","958","153","1","48,282","48,282","20","228","12,443","7,893","4,653","5,806","7,711","5,278","3,556","683","11"
"대전광역시 서구 복수동(3017051000)","2,856","2,856","0","20","530","384","412","517","493","314","162","24","0","1,498","1,498","0","10","291","246","273","314","221","100","37","6","0","1,358","1,358","0","10","239","138","139","203","272","214","125","18","0"
"대전광역시 서구 도마1동(3017052000)","4,755","4,755","1","49","1,249","560","427","665","907","536","299","62","0","2,423","2,423","0","19","684","350","284","393","431","181","72","9","0","2,332","2,332","1","30","565","210","143","272","476","355","227","53","0"
"대전광역시 서구 도마2동(3017053000)","3,664","3,664","0","25","587","439","365","593","789","507","308","50","1","1,859","1,859","0","16","330","279","253","363","378","158","73","9","0","1,805","1,805","0","9","257","160","112","230","411","349","235","41","1"
"대전광역시 서구 정림동(3017053500)","2,301","2,301","0","5","140","218","246","410","615","375","246","46","0","965","965","0","5","68","138","161","206","225","100","51","11","0","1,336","1,336","0","0","72","80","85","204","390","275","195","35","0"
"대전광역시 서구 변동(3017054000)","3,033","3,033","0","4","307","446","377","557","705","395","206","35","1","1,565","1,565","0","0","150","280","244","345","341","152","46","7","0","1,468","1,468","0","4","157","166","133","212","364","243","160","28","1"
"대전광역시 서구 용문동(3017055000)","4,432","4,432","0","7","1,145","1,095","581","542","510","325","187","40","0","2,074","2,074","0","3","460","616","334","303","218","91","43","6","0","2,358","2,358","0","4","685","479","247","239","292","234","144","34","0"
"대전광역시 서구 탄방동(3017055500)","8,676","8,676","7","22","2,567","2,360","1,155","1,079","849","389","213","35","0","4,067","4,067","3","8","1,013","1,302","609","586","375","128","33","10","0","4,609","4,609","4","14","1,554","1,058","546","493","474","261","180","25","0"
"대전광역시 서구 괴정동(3017056000)","7,751","7,751","3","27","2,541","2,156","982","831","661","338","182","30","0","3,856","3,856","0","11","1,000","1,296","598","479","293","120","54","5","0","3,895","3,895","3","16","1,541","860","384","352","368","218","128","25","0"
"대전광역시 서구 가장동(3017057000)","1,691","1,691","0","1","276","320","220","250","277","205","124","18","0","784","784","0","0","116","214","136","134","104","53","23","4","0","907","907","0","1","160","106","84","116","173","152","101","14","0"
"대전광역시 서구 내동(3017057500)","3,017","3,017","0","6","449","509","358","465","568","380","237","44","1","1,303","1,303","0","3","201","293","212","227","210","97","55","5","0","1,714","1,714","0","3","248","216","146","238","358","283","182","39","1"
"대전광역시 서구 갈마1동(3017058100)","6,873","6,873","1","27","2,133","1,665","866","820","782","368","177","34","0","3,737","3,737","1","12","1,067","1,073","551","498","368","126","34","7","0","3,136","3,136","0","15","1,066","592","315","322","414","242","143","27","0"
"대전광역시 서구 갈마2동(3017058200)","7,961","7,961","3","30","2,661","1,994","1,052","976","777","302","150","16","0","4,296","4,296","2","12","1,278","1,271","668","581","348","100","35","1","0","3,665","3,665","1","18","1,383","723","384","395","429","202","115","15","0"
"대전광역시 서구 월평1동(3017058600)","5,503","5,503","0","19","1,969","1,271","643","664","545","232","134","26","0","3,242","3,242","0","6","1,100","831","448","424","286","100","44","3","0","2,261","2,261","0","13","869","440","195","240","259","132","90","23","0"
"대전광역시 서구 월평2동(3017058700)","3,171","3,171","0","5","291","352","234","463","772","555","398","99","2","1,334","1,334","0","2","155","208","121","222","343","196","72","15","0","1,837","1,837","0","3","136","144","113","241","429","359","326","84","2"
"대전광역시 서구 월평3동(3017058800)","1,424","1,424","0","1","79","260","144","196","381","209","122","32","0","511","511","0","1","46","153","67","69","103","45","20","7","0","913","913","0","0","33","107","77","127","278","164","102","25","0"
"대전광역시 서구 가수원동(3017059000)","1,812","1,812","0","0","137","199","196","317","460","281","197","24","1","798","798","0","0","69","115","122","173","186","86","39","7","1","1,014","1,014","0","0","68","84","74","144","274","195","158","17","0"
"대전광역시 서구 도안동(3017059300)","3,667","3,667","1","39","1,253","923","508","418","341","131","45","8","0","1,695","1,695","1","14","530","541","280","189","97","33","10","0","0","1,972","1,972","0","25","723","382","228","229","244","98","35","8","0"
"대전광역시 서구 관저1동(3017059600)","2,528","2,528","0","13","763","462","278","304","333","204","141","30","0","964","964","0","1","273","239","149","128","103","46","22","3","0","1,564","1,564","0","12","490","223","129","176","230","158","119","27","0"
"대전광역시 서구 관저2동(3017059700)","6,075","6,075","2","33","1,184","1,210","938","957","913","526","269","42","1","2,873","2,873","2","7","540","788","553","435","319","168","51","10","0","3,202","3,202","0","26","644","422","385","522","594","358","218","32","1"
"대전광역시 서구 기성동(3017060000)","1,035","1,035","25","23","31","86","108","169","211","170","167","41","4","553","553","16","16","21","50","72","111","139","80","40","8","0","482","482","9","7","10","36","36","58","72","90","127","33","4"
"대전광역시 서구 둔산1동(3017063000)","1,144","1,144","0","5","184","264","193","164","135","108","72","19","0","512","512","0","3","84","137","100","80","65","28","11","4","0","632","632","0","2","100","127","93","84","70","80","61","15","0"
"대전광역시 서구 둔산2동(3017064000)","5,040","5,040","2","10","1,217","1,483","706","642","531","272","156","21","0","2,119","2,119","2","3","442","781","345","262","179","66","35","4","0","2,921","2,921","0","7","775","702","361","380","352","206","121","17","0"
"대전광역시 서구 만년동(3017065000)","2,975","2,975","2","6","993","785","293","394","276","134","76","16","0","1,654","1,654","1","4","629","497","142","223","105","38","12","3","0","1,321","1,321","1","2","364","288","151","171","171","96","64","13","0"
"대전광역시 서구 둔산3동(3017066000)","2,608","2,608","1","14","499","359","205","321","498","420","246","44","1","1,028","1,028","0","7","195","209","112","163","181","106","46","9","0","1,580","1,580","1","7","304","150","93","158","317","314","200","35","1"
"대전광역시 유성구 (3020000000)","71,870","71,870","8","393","21,553","17,372","8,671","8,774","8,355","4,042","2,290","400","12","39,713","39,713","5","165","12,042","11,581","5,477","4,765","3,684","1,407","511","75","1","32,157","32,157","3","228","9,511","5,791","3,194","4,009","4,671","2,635","1,779","325","11"
"대전광역시 유성구 진잠동(3020052000)","5,139","5,139","3","25","644","784","728","1,023","1,002","533","338","56","3","2,771","2,771","3","14","344","530","514","604","488","174","87","13","0","2,368","2,368","0","11","300","254","214","419","514","359","251","43","3"
"대전광역시 유성구 학하동(3020052600)","3,984","3,984","0","33","1,563","708","501","473","444","160","78","24","0","2,376","2,376","0","11","978","494","337","241","212","78","21","4","0","1,608","1,608","0","22","585","214","164","232","232","82","57","20","0"
"대전광역시 유성구 상대동(3020052700)","1,764","1,764","0","2","174","380","299","314","379","123","83","10","0","763","763","0","0","92","200","143","124","145","31","27","1","0","1,001","1,001","0","2","82","180","156","190","234","92","56","9","0"
"대전광역시 유성구 온천1동(3020053000)","13,295","13,295","1","45","4,420","3,616","1,476","1,448","1,328","597","324","37","3","7,357","7,357","0","20","2,153","2,232","967","908","738","239","90","9","1","5,938","5,938","1","25","2,267","1,384","509","540","590","358","234","28","2"
"대전광역시 유성구 온천2동(3020054000)","12,476","12,476","3","185","6,738","2,031","902","968","904","459","236","50","0","7,444","7,444","2","75","4,069","1,491","594","565","395","196","45","12","0","5,032","5,032","1","110","2,669","540","308","403","509","263","191","38","0"
"대전광역시 유성구 노은1동(3020054600)","3,048","3,048","0","4","593","760","431","482","420","228","111","18","1","1,594","1,594","0","1","308","498","259","259","182","60","23","4","0","1,454","1,454","0","3","285","262","172","223","238","168","88","14","1"
"대전광역시 유성구 노은2동(3020054700)","2,920","2,920","0","7","492","605","398","461","455","268","195","38","1","1,402","1,402","0","3","257","394","238","200","188","75","38","9","0","1,518","1,518","0","4","235","211","160","261","267","193","157","29","1"
"대전광역시 유성구 노은3동(3020054800)","3,491","3,491","1","4","407","673","590","589","671","349","171","34","2","1,629","1,629","0","1","206","426","347","251","243","106","42","7","0","1,862","1,862","1","3","201","247","243","338","428","243","129","27","2"
"대전광역시 유성구 신성동(3020055000)","5,989","5,989","0","16","2,157","2,037","617","517","336","152","126","31","0","3,587","3,587","0","7","1,164","1,445","406","305","168","58","30","4","0","2,402","2,402","0","9","993","592","211","212","168","94","96","27","0"
"대전광역시 유성구 전민동(3020057000)","4,353","4,353","0","7","1,396","1,433","403","392","399","173","110","40","0","2,612","2,612","0","3","838","1,041","269","213","168","63","14","3","0","1,741","1,741","0","4","558","392","134","179","231","110","96","37","0"
"대전광역시 유성구 구즉동(3020058000)","6,116","6,116","0","12","1,085","1,695","858","871","817","464","275","37","2","3,520","3,520","0","8","688","1,176","573","525","355","144","43","8","0","2,596","2,596","0","4","397","519","285","346","462","320","232","29","2"
"대전광역시 유성구 관평동(3020060000)","3,873","3,873","0","15","1,054","1,345","494","454","318","126","60","7","0","2,358","2,358","0","9","584","956","352","263","137","45","11","1","0","1,515","1,515","0","6","470","389","142","191","181","81","49","6","0"
"대전광역시 유성구 원신흥동(3020061000)","5,422","5,422","0","38","830","1,305","974","782","882","410","183","18","0","2,300","2,300","0","13","361","698","478","307","265","138","40","0","0","3,122","3,122","0","25","469","607","496","475","617","272","143","18","0"
"대전광역시 대덕구 (3023000000)","34,305","34,305","4","161","4,191","4,695","4,120","6,621","7,403","4,108","2,543","441","18","18,309","18,309","3","70","2,303","3,323","2,854","4,103","3,618","1,377","574","82","2","15,996","15,996","1","91","1,888","1,372","1,266","2,518","3,785","2,731","1,969","359","16"
"대전광역시 대덕구 오정동(3023051000)","4,109","4,109","0","78","1,080","431","368","672","809","408","214","47","2","2,279","2,279","0","31","493","304","282","478","461","167","55","8","0","1,830","1,830","0","47","587","127","86","194","348","241","159","39","2"
"대전광역시 대덕구 대화동(3023052000)","1,649","1,649","1","9","125","211","235","344","348","230","126","20","0","891","891","1","4","69","126","159","232","190","77","29","4","0","758","758","0","5","56","85","76","112","158","153","97","16","0"
"대전광역시 대덕구 회덕동(3023052500)","2,405","2,405","0","6","128","298","240","483","601","348","258","42","1","1,274","1,274","0","4","71","211","170","296","322","127","63","10","0","1,131","1,131","0","2","57","87","70","187","279","221","195","32","1"
"대전광역시 대덕구 비래동(3023053300)","2,472","2,472","0","15","156","254","281","514","635","366","214","35","2","1,180","1,180","0","5","81","172","189","279","275","117","51","10","1","1,292","1,292","0","10","75","82","92","235","360","249","163","25","1"
"대전광역시 대덕구 송촌동(3023054300)","2,958","2,958","0","8","248","385","401","671","648","329","223","43","2","1,467","1,467","0","1","132","273","256","376","275","96","52","6","0","1,491","1,491","0","7","116","112","145","295","373","233","171","37","2"
"대전광역시 대덕구 중리동(3023054600)","5,704","5,704","3","22","941","826","749","1,219","1,161","478","271","33","1","3,295","3,295","2","12","551","565","518","809","594","177","63","4","0","2,409","2,409","1","10","390","261","231","410","567","301","208","29","1"
"대전광역시 대덕구 신탄진동(3023055000)","3,356","3,356","0","8","397","560","427","632","694","365","232","39","2","1,847","1,847","0","6","240","416","280","382","340","122","57","4","0","1,509","1,509","0","2","157","144","147","250","354","243","175","35","2"
"대전광역시 대덕구 석봉동(3023056000)","2,023","2,023","0","3","236","404","311","378","360","197","114","20","0","1,143","1,143","0","0","141","290","226","222","170","62","26","6","0","880","880","0","3","95","114","85","156","190","135","88","14","0"
"대전광역시 대덕구 덕암동(3023057000)","3,309","3,309","0","6","453","606","415","615","579","347","231","52","5","2,020","2,020","0","6","290","462","296","433","323","133","66","10","1","1,289","1,289","0","0","163","144","119","182","256","214","165","42","4"
"대전광역시 대덕구 목상동(3023058000)","1,591","1,591","0","3","265","368","287","272","248","82","61","5","0","1,035","1,035","0","1","160","292","221","201","119","30","11","0","0","556","556","0","2","105","76","66","71","129","52","50","5","0"
"대전광역시 대덕구 법1동(3023060000)","2,279","2,279","0","3","99","203","208","407","559","448","298","52","2","872","872","0","0","41","123","133","178","237","105","46","9","0","1,407","1,407","0","3","58","80","75","229","322","343","252","43","2"
"대전광역시 대덕구 법2동(3023061000)","2,450","2,450","0","0","63","149","198","414","761","510","301","53","1","1,006","1,006","0","0","34","89","124","217","312","164","55","11","0","1,444","1,444","0","0","29","60","74","197","449","346","246","42","1"
"울산광역시  (3100000000)","184,823","184,823","51","331","22,858","29,127","25,982","34,416","38,614","21,442","10,517","1,457","28","104,917","104,917","27","196","14,809","21,181","18,497","21,277","18,739","7,707","2,257","225","2","79,906","79,906","24","135","8,049","7,946","7,485","13,139","19,875","13,735","8,260","1,232","26"
"울산광역시 중구 (3111000000)","35,871","35,871","8","36","3,118","4,971","4,402","6,623","8,627","5,190","2,582","310","4","18,678","18,678","5","24","1,874","3,403","3,008","3,991","3,948","1,798","581","45","1","17,193","17,193","3","12","1,244","1,568","1,394","2,632","4,679","3,392","2,001","265","3"
"울산광역시 중구 학성동(3111051000)","2,965","2,965","1","2","243","383","339","519","697","517","238","25","1","1,631","1,631","1","1","152","254","234","359","376","192","57","5","0","1,334","1,334","0","1","91","129","105","160","321","325","181","20","1"
"울산광역시 중구 반구1동(3111052000)","3,237","3,237","0","1","276","420","455","669","825","390","180","21","0","1,903","1,903","0","1","178","313","338","456","419","149","46","3","0","1,334","1,334","0","0","98","107","117","213","406","241","134","18","0"
"울산광역시 중구 반구2동(3111053000)","2,116","2,116","0","3","291","334","228","401","452","262","130","15","0","1,128","1,128","0","2","163","216","157","250","217","82","39","2","0","988","988","0","1","128","118","71","151","235","180","91","13","0"
"울산광역시 중구 복산동(3111055500)","2,868","2,868","1","4","269","618","374","472","556","350","200","24","0","1,455","1,455","1","2","172","434","230","252","222","99","39","4","0","1,413","1,413","0","2","97","184","144","220","334","251","161","20","0"
"울산광역시 중구 중앙동(3111058500)","3,753","3,753","2","1","281","436","396","644","997","645","305","46","0","2,066","2,066","1","0","166","289","291","411","542","279","78","9","0","1,687","1,687","1","1","115","147","105","233","455","366","227","37","0"
"울산광역시 중구 우정동(3111059000)","2,954","2,954","0","6","291","456","334","436","633","511","248","39","0","1,358","1,358","0","4","156","283","209","245","266","148","41","6","0","1,596","1,596","0","2","135","173","125","191","367","363","207","33","0"
"울산광역시 중구 태화동(3111060000)","3,276","3,276","0","4","273","512","385","540","837","458","247","19","1","1,445","1,445","0","3","134","340","226","251","292","149","48","2","0","1,831","1,831","0","1","139","172","159","289","545","309","199","17","1"
"울산광역시 중구 다운동(3111061000)","4,642","4,642","1","5","387","476","457","938","1,195","718","403","60","2","2,328","2,328","1","3","242","329","318","559","547","231","89","8","1","2,314","2,314","0","2","145","147","139","379","648","487","314","52","1"
"울산광역시 중구 병영1동(3111062000)","3,226","3,226","0","4","234","308","358","643","899","534","227","19","0","1,674","1,674","0","4","155","226","263","397","385","183","58","3","0","1,552","1,552","0","0","79","82","95","246","514","351","169","16","0"
"울산광역시 중구 병영2동(3111063000)","3,047","3,047","1","3","181","338","421","602","841","431","206","23","0","1,570","1,570","0","3","133","239","287","363","361","135","48","1","0","1,477","1,477","1","0","48","99","134","239","480","296","158","22","0"
"울산광역시 중구 약사동(3111064000)","812","812","0","0","53","144","115","128","183","126","60","3","0","413","413","0","0","31","103","75","69","76","48","11","0","0","399","399","0","0","22","41","40","59","107","78","49","3","0"
"울산광역시 중구 성안동(3111065000)","2,975","2,975","2","3","339","546","540","631","512","248","138","16","0","1,707","1,707","1","1","192","377","380","379","245","103","27","2","0","1,268","1,268","1","2","147","169","160","252","267","145","111","14","0"
"울산광역시 남구 (3114000000)","56,116","56,116","11","150","9,082","10,351","7,525","9,976","10,462","5,704","2,540","308","7","30,918","30,918","8","83","5,494","7,170","4,911","5,908","4,836","1,886","560","62","0","25,198","25,198","3","67","3,588","3,181","2,614","4,068","5,626","3,818","1,980","246","7"
"울산광역시 남구 신정1동(3114051000)","4,893","4,893","1","4","520","823","592","857","1,101","659","303","32","1","2,483","2,483","0","2","282","524","356","531","510","206","68","4","0","2,410","2,410","1","2","238","299","236","326","591","453","235","28","1"
"울산광역시 남구 신정2동(3114052000)","3,013","3,013","0","5","380","566","419","559","608","331","129","16","0","1,659","1,659","0","1","218","400","278","329","295","108","26","4","0","1,354","1,354","0","4","162","166","141","230","313","223","103","12","0"
"울산광역시 남구 신정3동(3114053000)","3,303","3,303","1","5","304","452","397","702","826","422","175","19","0","1,780","1,780","1","2","163","288","283","434","410","142","52","5","0","1,523","1,523","0","3","141","164","114","268","416","280","123","14","0"
"울산광역시 남구 신정4동(3114054000)","2,671","2,671","2","6","373","509","331","387","529","349","162","22","1","1,365","1,365","1","2","205","343","209","214","244","107","34","6","0","1,306","1,306","1","4","168","166","122","173","285","242","128","16","1"
"울산광역시 남구 신정5동(3114055000)","2,626","2,626","0","5","451","544","350","514","435","235","79","13","0","1,588","1,588","0","4","257","382","245","348","234","98","19","1","0","1,038","1,038","0","1","194","162","105","166","201","137","60","12","0"
"울산광역시 남구 달동(3114056000)","7,041","7,041","2","14","1,093","1,326","872","1,241","1,396","702","344","50","1","3,816","3,816","2","3","647","926","556","716","622","252","81","11","0","3,225","3,225","0","11","446","400","316","525","774","450","263","39","1"
"울산광역시 남구 삼산동(3114057000)","11,982","11,982","1","17","2,557","2,983","2,068","2,152","1,442","568","167","27","0","7,316","7,316","1","4","1,560","2,103","1,334","1,306","736","225","43","4","0","4,666","4,666","0","13","997","880","734","846","706","343","124","23","0"
"울산광역시 남구 삼호동(3114058500)","4,082","4,082","0","3","431","622","520","862","888","490","234","32","0","2,120","2,120","0","3","244","408","344","518","398","155","44","6","0","1,962","1,962","0","0","187","214","176","344","490","335","190","26","0"
"울산광역시 남구 무거동(3114059500)","5,890","5,890","0","73","2,174","859","557","818","782","379","221","26","1","3,350","3,350","0","49","1,419","593","379","436","322","106","37","9","0","2,540","2,540","0","24","755","266","178","382","460","273","184","17","1"
"울산광역시 남구 옥동(3114060000)","2,300","2,300","0","8","261","413","298","399","473","291","143","14","0","1,017","1,017","0","7","150","270","161","176","151","70","29","3","0","1,283","1,283","0","1","111","143","137","223","322","221","114","11","0"
"울산광역시 남구 대현동(3114062500)","3,123","3,123","3","1","227","601","485","533","610","443","205","13","2","1,550","1,550","2","0","139","448","293","270","229","127","39","3","0","1,573","1,573","1","1","88","153","192","263","381","316","166","10","2"
"울산광역시 남구 수암동(3114063500)","1,130","1,130","0","2","98","184","138","186","270","184","65","2","1","546","546","0","1","67","128","94","92","98","50","16","0","0","584","584","0","1","31","56","44","94","172","134","49","2","1"
"울산광역시 남구 선암동(3114064000)","1,920","1,920","1","3","113","240","267","378","504","258","142","14","0","1,101","1,101","1","3","75","189","211","247","246","90","37","2","0","819","819","0","0","38","51","56","131","258","168","105","12","0"
"울산광역시 남구 야음장생포동(3114067000)","2,142","2,142","0","4","100","229","231","388","598","393","171","28","0","1,227","1,227","0","2","68","168","168","291","341","150","35","4","0","915","915","0","2","32","61","63","97","257","243","136","24","0"
"울산광역시 동구 (3117000000)","25,514","25,514","9","39","3,265","3,983","4,586","4,515","5,013","2,772","1,201","128","3","15,154","15,154","3","25","2,036","3,050","3,490","2,993","2,346","947","248","16","0","10,360","10,360","6","14","1,229","933","1,096","1,522","2,667","1,825","953","112","3"
"울산광역시 동구 방어동(3117051000)","7,621","7,621","6","12","706","1,131","1,709","1,556","1,415","726","322","38","0","4,974","4,974","2","9","531","919","1,361","1,090","732","258","70","2","0","2,647","2,647","4","3","175","212","348","466","683","468","252","36","0"
"울산광역시 동구 일산동(3117052000)","1,611","1,611","0","4","236","261","260","298","322","154","68","8","0","986","986","0","2","160","202","198","209","153","50","11","1","0","625","625","0","2","76","59","62","89","169","104","57","7","0"
"울산광역시 동구 화정동(3117053000)","3,094","3,094","0","9","233","308","432","594","776","481","237","23","1","1,696","1,696","0","2","137","234","311","401","378","184","45","4","0","1,398","1,398","0","7","96","74","121","193","398","297","192","19","1"
"울산광역시 동구 대송동(3117054000)","2,056","2,056","0","2","236","279","375","473","397","200","80","13","1","1,208","1,208","0","2","155","206","259","307","182","77","18","2","0","848","848","0","0","81","73","116","166","215","123","62","11","1"
"울산광역시 동구 전하1동(3117055000)","2,948","2,948","2","2","788","622","420","375","398","227","109","5","0","1,642","1,642","1","2","358","435","328","250","168","72","28","0","0","1,306","1,306","1","0","430","187","92","125","230","155","81","5","0"
"울산광역시 동구 전하2동(3117056000)","2,034","2,034","0","3","217","286","328","354","484","255","93","14","0","1,167","1,167","0","2","139","215","253","218","233","84","20","3","0","867","867","0","1","78","71","75","136","251","171","73","11","0"
"울산광역시 동구 남목1동(3117058000)","1,237","1,237","0","0","85","129","168","210","332","206","97","9","1","629","629","0","0","60","97","128","127","143","57","16","1","0","608","608","0","0","25","32","40","83","189","149","81","8","1"
"울산광역시 동구 남목2동(3117059000)","3,348","3,348","1","6","675","765","612","390","516","290","81","12","0","2,038","2,038","0","5","441","586","456","229","199","99","21","2","0","1,310","1,310","1","1","234","179","156","161","317","191","60","10","0"
"울산광역시 동구 남목3동(3117060000)","1,565","1,565","0","1","89","202","282","265","373","233","114","6","0","814","814","0","1","55","156","196","162","158","66","19","1","0","751","751","0","0","34","46","86","103","215","167","95","5","0"
"울산광역시 북구 (3120000000)","26,537","26,537","11","29","3,735","5,038","4,182","4,800","4,783","2,478","1,284","191","6","16,354","16,354","6","19","2,971","3,969","3,097","2,893","2,298","843","235","23","0","10,183","10,183","5","10","764","1,069","1,085","1,907","2,485","1,635","1,049","168","6"
"울산광역시 북구 농소1동(3120051000)","4,297","4,297","3","6","359","616","743","836","901","512","268","52","1","2,460","2,460","1","5","242","490","550","480","456","173","56","7","0","1,837","1,837","2","1","117","126","193","356","445","339","212","45","1"
"울산광역시 북구 농소2동(3120052000)","3,900","3,900","4","6","288","722","726","733","744","422","231","24","0","2,104","2,104","2","2","173","565","508","385","301","123","42","3","0","1,796","1,796","2","4","115","157","218","348","443","299","189","21","0"
"울산광역시 북구 농소3동(3120053000)","2,544","2,544","1","1","144","323","419","593","508","309","213","33","0","1,308","1,308","1","1","87","244","299","320","244","84","25","3","0","1,236","1,236","0","0","57","79","120","273","264","225","188","30","0"
"울산광역시 북구 강동동(3120054000)","2,081","2,081","0","2","96","326","339","410","504","250","130","23","1","1,191","1,191","0","2","62","239","240","255","254","112","23","4","0","890","890","0","0","34","87","99","155","250","138","107","19","1"
"울산광역시 북구 효문동(3120056000)","5,306","5,306","2","9","926","1,177","822","997","845","329","169","27","3","3,638","3,638","1","8","765","969","648","651","447","118","27","4","0","1,668","1,668","1","1","161","208","174","346","398","211","142","23","3"
"울산광역시 북구 송정동(3120057000)","3,698","3,698","1","1","507","916","555","594","663","327","118","16","0","2,021","2,021","1","0","297","594","353","321","290","138","26","1","0","1,677","1,677","0","1","210","322","202","273","373","189","92","15","0"
"울산광역시 북구 양정동(3120058000)","2,771","2,771","0","3","1,091","599","310","333","252","116","60","7","0","2,298","2,298","0","1","1,043","554","269","260","123","36","12","0","0","473","473","0","2","48","45","41","73","129","80","48","7","0"
"울산광역시 북구 염포동(3120059000)","1,940","1,940","0","1","324","359","268","304","366","213","95","9","1","1,334","1,334","0","0","302","314","230","221","183","59","24","1","0","606","606","0","1","22","45","38","83","183","154","71","8","1"
"울산광역시 울주군 (3171000000)","40,785","40,785","12","77","3,658","4,784","5,287","8,502","9,729","5,298","2,910","520","8","23,813","23,813","5","45","2,434","3,589","3,991","5,492","5,311","2,233","633","79","1","16,972","16,972","7","32","1,224","1,195","1,296","3,010","4,418","3,065","2,277","441","7"
"울산광역시 울주군 온산읍(3171025000)","6,301","6,301","4","8","562","1,007","1,172","1,521","1,244","505","243","35","0","4,601","4,601","3","5","478","851","1,000","1,201","783","229","48","3","0","1,700","1,700","1","3","84","156","172","320","461","276","195","32","0"
"울산광역시 울주군 언양읍(3171025300)","4,955","4,955","2","28","555","549","581","935","1,177","649","390","87","2","2,535","2,535","0","21","327","373","385","501","570","262","83","13","0","2,420","2,420","2","7","228","176","196","434","607","387","307","74","2"
"울산광역시 울주군 온양읍(3171025600)","4,718","4,718","0","4","259","537","768","1,102","1,092","575","329","52","0","2,916","2,916","0","2","155","423","610","759","643","240","75","9","0","1,802","1,802","0","2","104","114","158","343","449","335","254","43","0"
"울산광역시 울주군 범서읍(3171025900)","5,702","5,702","1","8","885","756","658","1,055","1,176","712","387","64","0","2,950","2,950","0","5","567","538","451","569","494","237","77","12","0","2,752","2,752","1","3","318","218","207","486","682","475","310","52","0"
"울산광역시 울주군 청량읍(3171026200)","3,267","3,267","1","1","183","440","434","734","799","417","229","29","0","1,933","1,933","0","0","118","345","331","480","435","177","44","3","0","1,334","1,334","1","1","65","95","103","254","364","240","185","26","0"
"울산광역시 울주군 삼남읍(3171026500)","5,873","5,873","2","8","786","918","777","1,102","1,267","625","333","54","1","3,384","3,384","1","6","543","657","564","661","627","243","69","13","0","2,489","2,489","1","2","243","261","213","441","640","382","264","41","1"
"울산광역시 울주군 서생면(3171031000)","2,577","2,577","0","0","124","183","328","636","710","395","173","28","0","1,607","1,607","0","0","84","137","255","473","438","174","42","4","0","970","970","0","0","40","46","73","163","272","221","131","24","0"
"울산광역시 울주군 웅촌면(3171034000)","2,316","2,316","1","17","196","148","192","432","663","383","238","44","2","1,186","1,186","0","5","91","99","132","249","373","172","56","8","1","1,130","1,130","1","12","105","49","60","183","290","211","182","36","1"
"울산광역시 울주군 두동면(3171036000)","1,328","1,328","1","2","28","61","117","290","406","233","153","36","1","714","714","1","1","17","38","78","176","250","114","36","3","0","614","614","0","1","11","23","39","114","156","119","117","33","1"
"울산광역시 울주군 두서면(3171037000)","1,071","1,071","0","0","18","58","80","158","329","236","159","32","1","562","562","0","0","15","39","52","102","203","113","33","5","0","509","509","0","0","3","19","28","56","126","123","126","27","1"
"울산광역시 울주군 상북면(3171038000)","2,085","2,085","0","1","54","105","144","433","674","429","202","42","1","1,088","1,088","0","0","34","73","102","251","376","201","48","3","0","997","997","0","1","20","32","42","182","298","228","154","39","1"
"울산광역시 울주군 삼동면(3171040000)","592","592","0","0","8","22","36","104","192","139","74","17","0","337","337","0","0","5","16","31","70","119","71","22","3","0","255","255","0","0","3","6","5","34","73","68","52","14","0"
"세종특별자치시  (3600000000)","56,430","56,430","14","168","9,914","14,513","8,751","8,105","7,788","4,151","2,510","503","13","29,601","29,601","8","60","4,785","8,866","5,308","4,592","3,819","1,537","541","85","0","26,829","26,829","6","108","5,129","5,647","3,443","3,513","3,969","2,614","1,969","418","13"
"세종특별자치시  (3611000000)","56,430","56,430","14","168","9,914","14,513","8,751","8,105","7,788","4,151","2,510","503","13","29,601","29,601","8","60","4,785","8,866","5,308","4,592","3,819","1,537","541","85","0","26,829","26,829","6","108","5,129","5,647","3,443","3,513","3,969","2,614","1,969","418","13"
"세종특별자치시  조치원읍(3611025000)","10,012","10,012","5","88","2,507","1,482","1,177","1,492","1,602","936","616","103","4","5,769","5,769","3","29","1,492","1,062","852","932","891","348","139","21","0","4,243","4,243","2","59","1,015","420","325","560","711","588","477","82","4"
"세종특별자치시  연기면(3611031000)","843","843","0","0","97","183","117","156","161","74","49","6","0","564","564","0","0","63","139","95","126","92","40","8","1","0","279","279","0","0","34","44","22","30","69","34","41","5","0"
"세종특별자치시  연동면(3611032000)","893","893","0","1","65","79","95","130","220","137","130","36","0","472","472","0","0","40","56","78","77","140","59","20","2","0","421","421","0","1","25","23","17","53","80","78","110","34","0"
"세종특별자치시  부강면(3611033000)","1,630","1,630","0","2","181","257","230","300","295","200","144","21","0","1,037","1,037","0","0","124","209","201","218","180","82","20","3","0","593","593","0","2","57","48","29","82","115","118","124","18","0"
"세종특별자치시  금남면(3611034000)","2,465","2,465","0","7","234","300","270","437","559","322","258","76","2","1,450","1,450","0","4","148","215","202","302","352","152","63","12","0","1,015","1,015","0","3","86","85","68","135","207","170","195","64","2"
"세종특별자치시  장군면(3611035000)","2,572","2,572","0","8","426","503","402","498","402","182","126","25","0","1,783","1,783","0","5","285","396","331","376","264","83","36","7","0","789","789","0","3","141","107","71","122","138","99","90","18","0"
"세종특별자치시  연서면(3611036000)","1,887","1,887","0","3","220","212","201","317","449","247","192","45","1","1,191","1,191","0","2","172","172","146","251","287","108","46","7","0","696","696","0","1","48","40","55","66","162","139","146","38","1"
"세종특별자치시  전의면(3611037000)","1,560","1,560","1","0","110","152","166","256","360","239","212","59","5","888","888","1","0","77","117","118","180","226","111","50","8","0","672","672","0","0","33","35","48","76","134","128","162","51","5"
"세종특별자치시  전동면(3611038000)","1,034","1,034","0","1","28","72","99","189","312","176","131","26","0","598","598","0","0","20","56","70","135","197","86","30","4","0","436","436","0","1","8","16","29","54","115","90","101","22","0"
"세종특별자치시  소정면(3611039000)","532","532","0","1","33","47","58","95","131","73","75","19","0","311","311","0","0","26","40","49","63","80","35","14","4","0","221","221","0","1","7","7","9","32","51","38","61","15","0"
"세종특별자치시  한솔동(3611051000)","1,180","1,180","0","2","109","306","235","233","160","103","28","4","0","576","576","0","0","50","196","123","100","63","33","10","1","0","604","604","0","2","59","110","112","133","97","70","18","3","0"
"세종특별자치시  새롬동(3611051500)","2,225","2,225","1","6","312","680","478","314","259","119","49","7","0","970","970","0","2","108","373","233","125","90","26","11","2","0","1,255","1,255","1","4","204","307","245","189","169","93","38","5","0"
"세종특별자치시  나성동(3611051800)","2,855","2,855","0","10","975","1,078","420","246","87","30","9","0","0","1,340","1,340","0","4","360","559","219","139","45","13","1","0","0","1,515","1,515","0","6","615","519","201","107","42","17","8","0","0"
"세종특별자치시  도담동(3611052000)","3,428","3,428","0","5","722","976","473","431","394","242","151","33","1","1,501","1,501","0","2","254","570","239","198","146","63","26","3","0","1,927","1,927","0","3","468","406","234","233","248","179","125","30","1"
"세종특별자치시  어진동(3611052300)","2,619","2,619","0","8","811","956","444","298","72","23","5","2","0","1,369","1,369","0","3","342","555","254","180","23","12","0","0","0","1,250","1,250","0","5","469","401","190","118","49","11","5","2","0"
"세종특별자치시  해밀동(3611052500)","2,040","2,040","0","4","433","787","373","243","137","48","12","3","0","958","958","0","1","168","438","183","113","36","12","6","1","0","1,082","1,082","0","3","265","349","190","130","101","36","6","2","0"
"세종특별자치시  아름동(3611053000)","1,293","1,293","1","6","121","415","263","233","173","63","16","2","0","601","601","0","1","55","233","137","103","54","16","2","0","0","692","692","1","5","66","182","126","130","119","47","14","2","0"
"세종특별자치시  종촌동(3611054000)","2,936","2,936","0","1","385","870","541","415","395","227","93","9","0","1,360","1,360","0","0","148","512","301","188","125","68","16","2","0","1,576","1,576","0","1","237","358","240","227","270","159","77","7","0"
"세종특별자치시  고운동(3611055000)","2,487","2,487","2","6","218","705","528","428","374","169","49","8","0","1,191","1,191","1","4","95","455","303","169","106","47","9","2","0","1,296","1,296","1","2","123","250","225","259","268","122","40","6","0"
"세종특별자치시  소담동(3611055500)","2,277","2,277","1","0","332","813","406","279","278","125","39","4","0","1,039","1,039","0","0","133","461","215","117","79","27","7","0","0","1,238","1,238","1","0","199","352","191","162","199","98","32","4","0"
"세종특별자치시  반곡동(3611055600)","4,214","4,214","0","2","859","1,819","738","387","265","116","22","6","0","2,105","2,105","0","0","343","1,037","384","190","100","41","8","2","0","2,109","2,109","0","2","516","782","354","197","165","75","14","4","0"
"세종특별자치시  보람동(3611056000)","1,561","1,561","0","3","259","521","238","207","209","79","44","1","0","745","745","0","1","98","295","143","93","76","27","11","1","0","816","816","0","2","161","226","95","114","133","52","33","0","0"
"세종특별자치시  대평동(3611057000)","1,129","1,129","1","1","144","362","217","169","156","59","16","4","0","567","567","1","0","66","211","133","76","60","14","5","1","0","562","562","0","1","78","151","84","93","96","45","11","3","0"
"세종특별자치시  다정동(3611058000)","2,758","2,758","2","3","333","938","582","352","338","162","44","4","0","1,216","1,216","2","2","118","509","299","141","107","34","3","1","0","1,542","1,542","0","1","215","429","283","211","231","128","41","3","0"
"경기도  (4100000000)","2,275,739","2,275,739","720","6,453","314,329","442,820","325,033","387,220","410,778","227,560","136,041","24,101","684","1,246,725","1,246,725","353","3,089","173,222","292,513","214,997","237,982","207,031","82,123","30,987","4,279","149","1,029,014","1,029,014","367","3,364","141,107","150,307","110,036","149,238","203,747","145,437","105,054","19,822","535"
"경기도 수원시 (4111000000)","219,577","219,577","56","661","46,848","51,172","29,503","30,579","31,604","17,343","10,100","1,667","44","119,404","119,404","30","314","25,039","33,272","18,981","18,325","15,127","5,767","2,205","335","9","100,173","100,173","26","347","21,809","17,900","10,522","12,254","16,477","11,576","7,895","1,332","35"
"경기도 수원시 장안구 (4111100000)","47,726","47,726","10","200","9,688","8,041","5,438","7,296","8,455","4,842","3,149","597","10","25,814","25,814","6","96","5,935","5,400","3,541","4,351","4,071","1,594","702","115","3","21,912","21,912","4","104","3,753","2,641","1,897","2,945","4,384","3,248","2,447","482","7"
"경기도 수원시 장안구 파장동(4111156000)","4,655","4,655","0","23","375","742","636","866","1,048","579","340","46","0","2,518","2,518","0","7","229","510","439","537","522","194","76","4","0","2,137","2,137","0","16","146","232","197","329","526","385","264","42","0"
"경기도 수원시 장안구 율천동(4111156600)","9,494","9,494","3","73","4,931","1,626","674","726","696","412","298","55","0","6,029","6,029","2","47","3,365","1,184","460","440","322","132","68","9","0","3,465","3,465","1","26","1,566","442","214","286","374","280","230","46","0"
"경기도 수원시 장안구 정자1동(4111157100)","3,489","3,489","0","5","299","691","501","601","640","431","284","37","0","1,600","1,600","0","1","139","459","315","303","220","96","62","5","0","1,889","1,889","0","4","160","232","186","298","420","335","222","32","0"
"경기도 수원시 장안구 정자2동(4111157200)","5,289","5,289","2","11","636","1,067","681","819","973","610","425","65","0","2,535","2,535","2","6","292","676","409","450","413","180","99","8","0","2,754","2,754","0","5","344","391","272","369","560","430","326","57","0"
"경기도 수원시 장안구 정자3동(4111157300)","3,084","3,084","0","10","570","761","379","431","413","270","206","43","1","1,631","1,631","0","5","332","499","250","259","171","79","29","7","0","1,453","1,453","0","5","238","262","129","172","242","191","177","36","1"
"경기도 수원시 장안구 영화동(4111158000)","5,606","5,606","2","13","473","622","685","1,183","1,548","713","313","53","1","3,175","3,175","0","5","261","413","471","776","863","298","77","11","0","2,431","2,431","2","8","212","209","214","407","685","415","236","42","1"
"경기도 수원시 장안구 송죽동(4111159100)","3,922","3,922","0","12","464","684","519","746","809","408","240","39","1","2,042","2,042","0","6","235","438","316","429","402","145","68","3","0","1,880","1,880","0","6","229","246","203","317","407","263","172","36","1"
"경기도 수원시 장안구 조원1동(4111159700)","5,820","5,820","2","11","662","930","719","1,058","1,206","692","455","84","1","3,008","3,008","1","4","324","598","468","632","623","254","86","18","0","2,812","2,812","1","7","338","332","251","426","583","438","369","66","1"
"경기도 수원시 장안구 조원2동(4111159800)","1,273","1,273","0","0","55","195","119","167","219","195","238","84","1","465","465","0","0","28","115","64","68","64","47","56","23","0","808","808","0","0","27","80","55","99","155","148","182","61","1"
"경기도 수원시 장안구 연무동(4111160000)","5,094","5,094","1","42","1,223","723","525","699","903","532","350","91","5","2,811","2,811","1","15","730","508","349","457","471","169","81","27","3","2,283","2,283","0","27","493","215","176","242","432","363","269","64","2"
"경기도 수원시 권선구 (4111300000)","65,036","65,036","22","116","10,321","14,940","9,954","10,322","10,668","5,332","2,885","468","8","35,651","35,651","9","49","5,262","9,788","6,647","6,205","5,165","1,802","621","102","1","29,385","29,385","13","67","5,059","5,152","3,307","4,117","5,503","3,530","2,264","366","7"
"경기도 수원시 권선구 세류1동(4111352000)","1,649","1,649","3","3","204","349","242","255","299","183","99","12","0","868","868","2","3","109","226","158","142","149","54","23","2","0","781","781","1","0","95","123","84","113","150","129","76","10","0"
"경기도 수원시 권선구 세류2동(4111353000)","6,714","6,714","3","24","970","1,227","993","1,208","1,346","619","283","39","2","3,849","3,849","1","12","549","811","663","758","738","241","68","8","0","2,865","2,865","2","12","421","416","330","450","608","378","215","31","2"
"경기도 수원시 권선구 세류3동(4111354000)","4,277","4,277","4","8","496","695","549","883","909","444","252","36","1","2,332","2,332","1","3","252","462","350","549","488","164","55","8","0","1,945","1,945","3","5","244","233","199","334","421","280","197","28","1"
"경기도 수원시 권선구 평동(4111355000)","5,902","5,902","1","22","695","1,173","761","988","1,117","638","406","99","2","3,246","3,246","0","13","399","832","522","593","550","223","94","20","0","2,656","2,656","1","9","296","341","239","395","567","415","312","79","2"
"경기도 수원시 권선구 서둔동(4111356000)","7,809","7,809","0","12","1,256","1,556","1,078","1,316","1,467","691","375","57","1","4,340","4,340","0","1","654","1,029","769","840","754","210","69","14","0","3,469","3,469","0","11","602","527","309","476","713","481","306","43","1"
"경기도 수원시 권선구 구운동(4111365000)","4,323","4,323","2","5","511","794","629","829","857","427","242","27","0","2,454","2,454","1","3","305","553","447","516","426","141","55","7","0","1,869","1,869","1","2","206","241","182","313","431","286","187","20","0"
"경기도 수원시 권선구 금곡동(4111366200)","6,069","6,069","2","7","1,057","1,482","795","780","954","603","331","56","2","2,835","2,835","0","2","454","915","497","387","331","165","68","15","1","3,234","3,234","2","5","603","567","298","393","623","438","263","41","1"
"경기도 수원시 권선구 호매실동(4111366400)","4,552","4,552","0","4","397","884","796","728","895","536","278","34","0","2,279","2,279","0","0","186","558","525","374","386","182","63","5","0","2,273","2,273","0","4","211","326","271","354","509","354","215","29","0"
"경기도 수원시 권선구 권선1동(4111367000)","8,392","8,392","3","11","2,343","2,431","1,154","1,016","886","336","180","32","0","4,586","4,586","1","3","1,024","1,511","718","644","495","151","35","4","0","3,806","3,806","2","8","1,319","920","436","372","391","185","145","28","0"
"경기도 수원시 권선구 권선2동(4111368000)","3,633","3,633","1","5","347","870","604","590","690","327","174","25","0","1,577","1,577","0","2","176","545","324","243","181","75","26","5","0","2,056","2,056","1","3","171","325","280","347","509","252","148","20","0"
"경기도 수원시 권선구 곡선동(4111369000)","9,243","9,243","2","14","1,650","2,821","2,030","1,392","847","301","145","41","0","5,974","5,974","2","7","969","1,947","1,459","965","473","109","33","10","0","3,269","3,269","0","7","681","874","571","427","374","192","112","31","0"
"경기도 수원시 권선구 입북동(4111370000)","2,473","2,473","1","1","395","658","323","337","401","227","120","10","0","1,311","1,311","1","0","185","399","215","194","194","87","32","4","0","1,162","1,162","0","1","210","259","108","143","207","140","88","6","0"
"경기도 수원시 팔달구 (4111500000)","47,953","47,953","12","145","10,134","10,563","6,204","6,910","7,242","4,109","2,296","325","13","25,894","25,894","7","58","4,919","6,762","3,962","4,356","3,724","1,523","513","68","2","22,059","22,059","5","87","5,215","3,801","2,242","2,554","3,518","2,586","1,783","257","11"
"경기도 수원시 팔달구 매교동(4111565000)","3,416","3,416","1","8","516","1,033","558","445","468","232","137","18","0","1,873","1,873","1","3","221","682","358","265","231","74","34","4","0","1,543","1,543","0","5","295","351","200","180","237","158","103","14","0"
"경기도 수원시 팔달구 매산동(4111566000)","3,853","3,853","2","16","715","729","577","720","634","296","143","21","0","2,435","2,435","2","7","394","506","398","530","403","149","39","7","0","1,418","1,418","0","9","321","223","179","190","231","147","104","14","0"
"경기도 수원시 팔달구 고등동(4111567000)","3,725","3,725","4","12","568","797","495","603","611","394","208","33","0","2,024","2,024","2","2","296","524","318","372","291","157","53","9","0","1,701","1,701","2","10","272","273","177","231","320","237","155","24","0"
"경기도 수원시 팔달구 화서1동(4111568000)","3,885","3,885","2","17","317","473","505","721","944","580","289","35","2","1,918","1,918","0","7","166","320","320","374","448","200","73","9","1","1,967","1,967","2","10","151","153","185","347","496","380","216","26","1"
"경기도 수원시 팔달구 화서2동(4111569000)","2,404","2,404","1","2","304","612","287","358","386","257","177","20","0","1,171","1,171","1","1","176","385","173","173","160","64","34","4","0","1,233","1,233","0","1","128","227","114","185","226","193","143","16","0"
"경기도 수원시 팔달구 지동(4111570000)","2,892","2,892","0","5","325","341","296","525","703","400","262","34","1","1,584","1,584","0","3","167","228","193","363","402","163","62","3","0","1,308","1,308","0","2","158","113","103","162","301","237","200","31","1"
"경기도 수원시 팔달구 우만1동(4111571000)","6,134","6,134","0","20","976","1,144","717","980","1,115","738","383","58","3","3,224","3,224","0","14","527","739","471","618","523","251","72","9","0","2,910","2,910","0","6","449","405","246","362","592","487","311","49","3"
"경기도 수원시 팔달구 우만2동(4111572000)","3,698","3,698","1","12","1,632","736","320","287","353","208","126","22","1","1,914","1,914","1","4","922","455","196","150","114","52","15","5","0","1,784","1,784","0","8","710","281","124","137","239","156","111","17","1"
"경기도 수원시 팔달구 인계동(4111573000)","13,978","13,978","1","46","4,050","4,166","2,016","1,591","1,177","532","344","52","3","7,497","7,497","0","16","1,750","2,572","1,240","1,017","619","191","81","10","1","6,481","6,481","1","30","2,300","1,594","776","574","558","341","263","42","2"
"경기도 수원시 팔달구 행궁동(4111574000)","3,968","3,968","0","7","731","532","433","680","851","472","227","32","3","2,254","2,254","0","1","300","351","295","494","533","222","50","8","0","1,714","1,714","0","6","431","181","138","186","318","250","177","24","3"
"경기도 수원시 영통구 (4111700000)","58,862","58,862","12","200","16,705","17,628","7,907","6,051","5,239","3,060","1,770","277","13","32,045","32,045","8","111","8,923","11,322","4,831","3,413","2,167","848","369","50","3","26,817","26,817","4","89","7,782","6,306","3,076","2,638","3,072","2,212","1,401","227","10"
"경기도 수원시 영통구 매탄1동(4111751000)","2,140","2,140","0","13","519","355","290","329","338","189","92","15","0","1,200","1,200","0","8","313","240","177","211","163","60","23","5","0","940","940","0","5","206","115","113","118","175","129","69","10","0"
"경기도 수원시 영통구 매탄2동(4111752000)","2,722","2,722","1","6","415","569","372","429","484","276","145","23","2","1,431","1,431","0","3","208","357","237","254","235","105","28","3","1","1,291","1,291","1","3","207","212","135","175","249","171","117","20","1"
"경기도 수원시 영통구 매탄3동(4111753000)","6,918","6,918","3","22","2,039","2,058","918","745","613","320","161","39","0","4,262","4,262","2","11","1,253","1,487","645","477","260","94","29","4","0","2,656","2,656","1","11","786","571","273","268","353","226","132","35","0"
"경기도 수원시 영통구 매탄4동(4111754000)","4,004","4,004","1","7","665","984","588","609","573","344","205","27","1","1,997","1,997","0","2","361","623","331","338","221","73","43","5","0","2,007","2,007","1","5","304","361","257","271","352","271","162","22","1"
"경기도 수원시 영통구 원천동(4111755000)","9,717","9,717","0","50","3,156","2,672","1,296","954","766","486","292","43","2","5,263","5,263","0","29","1,620","1,663","812","596","330","134","72","7","0","4,454","4,454","0","21","1,536","1,009","484","358","436","352","220","36","2"
"경기도 수원시 영통구 영통1동(4111757000)","2,971","2,971","1","5","305","981","467","383","364","244","190","28","3","1,353","1,353","1","4","128","593","256","184","111","43","28","5","0","1,618","1,618","0","1","177","388","211","199","253","201","162","23","3"
"경기도 수원시 영통구 영통2동(4111758000)","7,315","7,315","3","14","2,612","2,772","823","485","274","180","130","21","1","4,593","4,593","2","6","1,565","1,976","553","293","125","46","24","3","0","2,722","2,722","1","8","1,047","796","270","192","149","134","106","18","1"
"경기도 수원시 영통구 영통3동(4111758500)","6,073","6,073","2","35","2,863","1,320","574","524","405","197","123","30","0","3,660","3,660","2","24","1,697","916","383","318","215","66","34","5","0","2,413","2,413","0","11","1,166","404","191","206","190","131","89","25","0"
"경기도 수원시 영통구 망포1동(4111759300)","2,499","2,499","0","5","446","736","394","297","307","173","121","19","1","1,447","1,447","0","5","303","529","251","163","115","55","19","6","1","1,052","1,052","0","0","143","207","143","134","192","118","102","13","0"
"경기도 수원시 영통구 망포2동(4111759600)","1,708","1,708","1","1","182","582","370","210","201","97","58","5","1","901","901","1","0","97","403","220","92","57","19","12","0","0","807","807","0","1","85","179","150","118","144","78","46","5","1"
"경기도 수원시 영통구 광교1동(4111760000)","9,461","9,461","0","37","3,287","3,744","1,119","599","379","196","86","13","1","4,472","4,472","0","15","1,280","2,048","591","300","158","50","25","5","0","4,989","4,989","0","22","2,007","1,696","528","299","221","146","61","8","1"
"경기도 수원시 영통구 광교2동(4111761000)","3,334","3,334","0","5","216","855","696","487","535","358","167","14","1","1,466","1,466","0","4","98","487","375","187","177","103","32","2","1","1,868","1,868","0","1","118","368","321","300","358","255","135","12","0"
"경기도 성남시 (4113000000)","160,664","160,664","45","504","24,820","35,161","22,360","24,122","26,510","16,171","9,303","1,631","37","83,341","83,341","20","266","12,756","21,755","13,462","14,292","12,973","5,438","2,070","298","11","77,323","77,323","25","238","12,064","13,406","8,898","9,830","13,537","10,733","7,233","1,333","26"
"경기도 성남시 수정구 (4113100000)","54,562","54,562","16","235","8,394","10,053","7,228","9,035","10,244","6,039","2,958","350","10","29,980","29,980","8","127","4,629","6,436","4,648","5,776","5,358","2,212","726","59","1","24,582","24,582","8","108","3,765","3,617","2,580","3,259","4,886","3,827","2,232","291","9"
"경기도 성남시 수정구 신흥1동(4113151000)","4,796","4,796","1","10","579","729","636","955","1,084","529","250","23","0","2,771","2,771","0","6","317","473","443","654","601","209","65","3","0","2,025","2,025","1","4","262","256","193","301","483","320","185","20","0"
"경기도 성남시 수정구 신흥2동(4113152000)","2,560","2,560","1","3","127","597","463","392","494","338","134","11","0","1,175","1,175","0","1","64","380","253","190","155","91","38","3","0","1,385","1,385","1","2","63","217","210","202","339","247","96","8","0"
"경기도 성남시 수정구 신흥3동(4113153000)","3,971","3,971","1","4","498","618","548","822","872","414","173","21","0","2,433","2,433","1","0","296","417","379","584","521","182","50","3","0","1,538","1,538","0","4","202","201","169","238","351","232","123","18","0"
"경기도 성남시 수정구 태평1동(4113154000)","5,092","5,092","0","38","1,185","797","603","769","864","526","274","34","2","2,887","2,887","0","27","659","514","409","522","480","200","69","7","0","2,205","2,205","0","11","526","283","194","247","384","326","205","27","2"
"경기도 성남시 수정구 태평2동(4113155000)","4,047","4,047","1","18","631","725","449","696","765","435","286","40","1","2,211","2,211","0","8","360","482","297","440","414","150","53","7","0","1,836","1,836","1","10","271","243","152","256","351","285","233","33","1"
"경기도 성남시 수정구 태평3동(4113156000)","3,433","3,433","2","12","398","501","410","661","788","442","196","23","0","1,934","1,934","1","6","248","325","263","417","453","173","45","3","0","1,499","1,499","1","6","150","176","147","244","335","269","151","20","0"
"경기도 성남시 수정구 태평4동(4113156100)","3,197","3,197","1","13","492","573","378","512","614","351","231","31","1","1,716","1,716","1","7","262","386","234","314","334","117","55","6","0","1,481","1,481","0","6","230","187","144","198","280","234","176","25","1"
"경기도 성남시 수정구 수진1동(4113157000)","4,145","4,145","1","4","345","535","468","842","1,096","556","268","27","3","2,350","2,350","0","2","202","359","332","557","607","220","67","3","1","1,795","1,795","1","2","143","176","136","285","489","336","201","24","2"
"경기도 성남시 수정구 수진2동(4113158000)","3,695","3,695","2","15","520","606","466","602","772","471","220","20","1","2,010","2,010","1","9","278","408","287","393","399","176","56","3","0","1,685","1,685","1","6","242","198","179","209","373","295","164","17","1"
"경기도 성남시 수정구 단대동(4113159000)","2,449","2,449","1","4","288","413","300","400","487","348","189","19","0","1,183","1,183","1","3","138","260","200","232","219","85","42","3","0","1,266","1,266","0","1","150","153","100","168","268","263","147","16","0"
"경기도 성남시 수정구 산성동(4113160000)","907","907","0","2","92","127","109","162","182","152","76","5","0","483","483","0","1","51","87","75","105","90","54","20","0","0","424","424","0","1","41","40","34","57","92","98","56","5","0"
"경기도 성남시 수정구 양지동(4113161000)","1,762","1,762","1","10","245","213","202","288","383","252","153","15","0","882","882","1","3","118","137","117","185","190","88","38","5","0","880","880","0","7","127","76","85","103","193","164","115","10","0"
"경기도 성남시 수정구 복정동(4113162000)","4,418","4,418","1","89","1,482","951","714","630","337","152","50","10","2","2,855","2,855","1","49","863","690","510","453","209","65","14","1","0","1,563","1,563","0","40","619","261","204","177","128","87","36","9","2"
"경기도 성남시 수정구 위례동(4113162500)","5,911","5,911","3","7","559","1,394","933","887","1,061","704","308","55","0","2,715","2,715","1","2","211","709","508","480","468","246","80","10","0","3,196","3,196","2","5","348","685","425","407","593","458","228","45","0"
"경기도 성남시 수정구 신촌동(4113163000)","813","813","0","6","294","170","75","101","93","46","23","5","0","554","554","0","3","238","125","53","64","46","19","5","1","0","259","259","0","3","56","45","22","37","47","27","18","4","0"
"경기도 성남시 수정구 고등동(4113164000)","2,070","2,070","0","0","288","651","309","219","249","257","89","8","0","1,046","1,046","0","0","128","392","176","116","114","101","19","0","0","1,024","1,024","0","0","160","259","133","103","135","156","70","8","0"
"경기도 성남시 수정구 시흥동(4113165000)","1,296","1,296","0","0","371","453","165","97","103","66","38","3","0","775","775","0","0","196","292","112","70","58","36","10","1","0","521","521","0","0","175","161","53","27","45","30","28","2","0"
"경기도 성남시 중원구 (4113300000)","44,236","44,236","12","139","6,320","8,427","5,798","7,302","8,609","4,822","2,466","329","12","24,085","24,085","3","73","3,234","5,452","3,733","4,658","4,535","1,739","598","55","5","20,151","20,151","9","66","3,086","2,975","2,065","2,644","4,074","3,083","1,868","274","7"
"경기도 성남시 중원구 성남동(4113351000)","10,896","10,896","0","41","2,331","2,486","1,334","1,559","1,700","890","484","68","3","6,366","6,366","0","24","1,243","1,662","876","1,049","1,009","365","125","11","2","4,530","4,530","0","17","1,088","824","458","510","691","525","359","57","1"
"경기도 성남시 중원구 중앙동(4113352500)","2,883","2,883","1","3","135","386","427","565","740","421","179","26","0","1,642","1,642","0","2","72","256","274","388","419","178","49","4","0","1,241","1,241","1","1","63","130","153","177","321","243","130","22","0"
"경기도 성남시 중원구 금광1동(4113353000)","2,316","2,316","0","8","193","552","459","324","462","216","93","9","0","1,201","1,201","0","3","98","352","280","202","178","66","19","3","0","1,115","1,115","0","5","95","200","179","122","284","150","74","6","0"
"경기도 성남시 중원구 금광2동(4113354000)","5,712","5,712","2","23","872","1,012","787","954","1,066","640","316","37","3","2,901","2,901","0","9","387","595","480","573","554","214","81","7","1","2,811","2,811","2","14","485","417","307","381","512","426","235","30","2"
"경기도 성남시 중원구 은행1동(4113355000)","1,770","1,770","0","17","366","395","162","248","274","192","109","7","0","892","892","0","9","168","250","101","148","141","53","21","1","0","878","878","0","8","198","145","61","100","133","139","88","6","0"
"경기도 성남시 중원구 은행2동(4113356000)","4,909","4,909","0","10","642","778","537","784","1,015","693","394","56","0","2,418","2,418","0","3","283","490","336","462","512","229","93","10","0","2,491","2,491","0","7","359","288","201","322","503","464","301","46","0"
"경기도 성남시 중원구 상대원1동(4113357000)","5,697","5,697","5","20","654","1,091","791","1,053","1,156","583","304","36","4","3,347","3,347","1","13","415","743","557","726","617","188","77","8","2","2,350","2,350","4","7","239","348","234","327","539","395","227","28","2"
"경기도 성남시 중원구 상대원2동(4113358000)","845","845","0","0","78","97","110","206","220","88","41","4","1","530","530","0","0","46","62","74","151","144","41","12","0","0","315","315","0","0","32","35","36","55","76","47","29","4","1"
"경기도 성남시 중원구 상대원3동(4113359000)","3,438","3,438","1","6","312","478","408","701","849","457","196","29","1","1,965","1,965","1","4","172","322","274","451","490","208","41","2","0","1,473","1,473","0","2","140","156","134","250","359","249","155","27","1"
"경기도 성남시 중원구 하대원동(4113366000)","2,544","2,544","3","9","326","422","287","443","551","300","178","25","0","1,358","1,358","1","5","176","284","206","279","266","93","46","2","0","1,186","1,186","2","4","150","138","81","164","285","207","132","23","0"
"경기도 성남시 중원구 도촌동(4113367000)","3,226","3,226","0","2","411","730","496","465","576","342","172","32","0","1,465","1,465","0","1","174","436","275","229","205","104","34","7","0","1,761","1,761","0","1","237","294","221","236","371","238","138","25","0"
"경기도 성남시 분당구 (4113500000)","61,866","61,866","17","130","10,106","16,681","9,334","7,785","7,657","5,310","3,879","952","15","29,276","29,276","9","66","4,893","9,867","5,081","3,858","3,080","1,487","746","184","5","32,590","32,590","8","64","5,213","6,814","4,253","3,927","4,577","3,823","3,133","768","10"
"경기도 성남시 분당구 분당동(4113551000)","3,295","3,295","1","9","632","902","452","422","389","258","181","48","1","1,724","1,724","1","6","346","593","275","228","151","80","34","10","0","1,571","1,571","0","3","286","309","177","194","238","178","147","38","1"
"경기도 성남시 분당구 수내1동(4113552000)","3,280","3,280","1","4","483","953","620","482","254","201","230","52","0","1,456","1,456","1","0","219","509","308","238","107","43","22","9","0","1,824","1,824","0","4","264","444","312","244","147","158","208","43","0"
"경기도 성남시 분당구 수내2동(4113553000)","264","264","0","5","11","32","35","32","37","47","46","18","1","100","100","0","2","7","18","20","15","9","11","13","4","1","164","164","0","3","4","14","15","17","28","36","33","14","0"
"경기도 성남시 분당구 수내3동(4113554000)","1,591","1,591","0","2","394","402","245","196","179","89","66","18","0","855","855","0","1","203","276","153","107","76","29","8","2","0","736","736","0","1","191","126","92","89","103","60","58","16","0"
"경기도 성남시 분당구 정자동(4113554500)","2,583","2,583","0","7","734","801","332","234","227","145","84","18","1","1,522","1,522","0","6","428","562","223","131","106","45","16","5","0","1,061","1,061","0","1","306","239","109","103","121","100","68","13","1"
"경기도 성남시 분당구 정자1동(4113555000)","6,339","6,339","3","18","1,408","2,197","1,143","744","366","210","198","51","1","3,022","3,022","1","7","595","1,181","561","376","166","74","48","12","1","3,317","3,317","2","11","813","1,016","582","368","200","136","150","39","0"
"경기도 성남시 분당구 정자2동(4113556000)","3,512","3,512","0","5","349","902","484","411","518","420","341","81","1","1,547","1,547","0","2","157","532","236","192","221","129","70","8","0","1,965","1,965","0","3","192","370","248","219","297","291","271","73","1"
"경기도 성남시 분당구 정자3동(4113557000)","1,911","1,911","1","7","275","456","286","246","227","174","173","66","0","871","871","1","6","145","277","165","114","84","32","31","16","0","1,040","1,040","0","1","130","179","121","132","143","142","142","50","0"
"경기도 성남시 분당구 서현1동(4113558000)","4,439","4,439","1","6","851","1,429","646","533","398","291","227","57","0","2,161","2,161","0","2","392","848","363","262","159","92","33","10","0","2,278","2,278","1","4","459","581","283","271","239","199","194","47","0"
"경기도 성남시 분당구 서현2동(4113559000)","1,631","1,631","0","3","278","431","213","194","225","145","119","23","0","806","806","0","1","164","294","132","79","74","33","25","4","0","825","825","0","2","114","137","81","115","151","112","94","19","0"
"경기도 성남시 분당구 이매1동(4113560000)","1,823","1,823","0","3","215","436","272","238","264","177","169","48","1","863","863","0","1","134","282","156","105","106","41","30","7","1","960","960","0","2","81","154","116","133","158","136","139","41","0"
"경기도 성남시 분당구 이매2동(4113561000)","641","641","0","2","49","100","89","79","117","105","73","27","0","257","257","0","2","22","58","42","33","40","34","19","7","0","384","384","0","0","27","42","47","46","77","71","54","20","0"
"경기도 성남시 분당구 야탑1동(4113562000)","3,038","3,038","0","6","731","846","405","358","315","229","124","23","1","1,591","1,591","0","4","393","514","240","200","141","72","22","4","1","1,447","1,447","0","2","338","332","165","158","174","157","102","19","0"
"경기도 성남시 분당구 야탑2동(4113563000)","1,538","1,538","0","3","225","372","204","169","196","180","153","36","0","617","617","0","2","104","196","101","73","62","47","25","7","0","921","921","0","1","121","176","103","96","134","133","128","29","0"
"경기도 성남시 분당구 야탑3동(4113564000)","5,277","5,277","0","6","790","1,210","737","678","851","576","359","69","1","2,716","2,716","0","2","471","775","455","372","355","192","84","10","0","2,561","2,561","0","4","319","435","282","306","496","384","275","59","1"
"경기도 성남시 분당구 판교동(4113565000)","1,346","1,346","2","8","136","298","276","228","205","125","59","9","0","636","636","1","4","75","182","130","116","79","31","15","3","0","710","710","1","4","61","116","146","112","126","94","44","6","0"
"경기도 성남시 분당구 삼평동(4113565500)","2,251","2,251","0","13","401","671","325","245","302","196","84","14","0","1,065","1,065","0","5","189","387","196","125","92","51","16","4","0","1,186","1,186","0","8","212","284","129","120","210","145","68","10","0"
"경기도 성남시 분당구 백현동(4113565700)","2,780","2,780","2","5","318","714","416","358","522","305","129","11","0","1,211","1,211","1","2","155","386","223","159","181","71","31","2","0","1,569","1,569","1","3","163","328","193","199","341","234","98","9","0"
"경기도 성남시 분당구 금곡동(4113566200)","4,539","4,539","2","7","530","1,152","592","584","668","507","405","91","1","1,950","1,950","1","5","211","643","295","294","278","135","69","19","0","2,589","2,589","1","2","319","509","297","290","390","372","336","72","1"
"경기도 성남시 분당구 구미1동(4113566500)","2,507","2,507","0","2","454","622","334","348","325","243","145","33","1","1,136","1,136","0","1","180","357","182","163","147","70","24","12","0","1,371","1,371","0","1","274","265","152","185","178","173","121","21","1"
"경기도 성남시 분당구 구미동(4113567000)","4,736","4,736","0","3","660","1,118","677","603","683","459","400","130","3","1,990","1,990","0","1","224","622","346","299","287","107","79","24","1","2,746","2,746","0","2","436","496","331","304","396","352","321","106","2"
"경기도 성남시 분당구 운중동(4113568000)","2,545","2,545","4","6","182","637","551","403","389","228","114","29","2","1,180","1,180","2","4","79","375","279","177","159","68","32","5","0","1,365","1,365","2","2","103","262","272","226","230","160","82","24","2"
"경기도 의정부시 (4115000000)","81,160","81,160","13","195","9,901","12,923","10,521","14,388","16,292","9,829","6,109","961","28","40,135","40,135","7","82","4,532","7,951","6,626","8,429","7,644","3,325","1,363","171","5","41,025","41,025","6","113","5,369","4,972","3,895","5,959","8,648","6,504","4,746","790","23"
"경기도 의정부시 의정부1동(4115051000)","14,206","14,206","1","49","3,370","2,912","1,794","2,244","2,220","994","534","84","4","7,659","7,659","1","18","1,406","1,737","1,131","1,516","1,254","435","147","14","0","6,547","6,547","0","31","1,964","1,175","663","728","966","559","387","70","4"
"경기도 의정부시 의정부2동(4115052000)","8,542","8,542","1","29","1,693","1,602","1,114","1,405","1,402","814","424","57","1","4,384","4,384","1","9","781","952","685","835","702","296","107","16","0","4,158","4,158","0","20","912","650","429","570","700","518","317","41","1"
"경기도 의정부시 호원1동(4115054500)","5,293","5,293","2","28","646","661","658","967","957","822","495","55","2","2,493","2,493","2","13","279","393","396","596","430","262","109","11","2","2,800","2,800","0","15","367","268","262","371","527","560","386","44","0"
"경기도 의정부시 호원2동(4115055500)","3,590","3,590","0","4","260","494","408","561","732","634","437","58","2","1,527","1,527","0","3","132","301","249","301","288","144","90","19","0","2,063","2,063","0","1","128","193","159","260","444","490","347","39","2"
"경기도 의정부시 장암동(4115056100)","2,865","2,865","0","3","128","283","329","479","691","537","372","43","0","1,197","1,197","0","2","64","169","193","246","297","156","66","4","0","1,668","1,668","0","1","64","114","136","233","394","381","306","39","0"
"경기도 의정부시 신곡1동(4115056700)","5,638","5,638","1","7","295","796","767","1,086","1,335","773","509","68","1","2,727","2,727","0","2","154","511","496","620","574","246","107","17","0","2,911","2,911","1","5","141","285","271","466","761","527","402","51","1"
"경기도 의정부시 신곡2동(4115056800)","5,753","5,753","0","8","469","842","711","1,047","1,316","748","533","79","0","2,533","2,533","0","2","224","495","454","537","507","199","101","14","0","3,220","3,220","0","6","245","347","257","510","809","549","432","65","0"
"경기도 의정부시 송산1동(4115057300)","4,652","4,652","0","6","400","799","606","873","909","572","387","95","5","2,176","2,176","0","3","193","520","371","480","350","165","86","7","1","2,476","2,476","0","3","207","279","235","393","559","407","301","88","4"
"경기도 의정부시 송산2동(4115057600)","4,255","4,255","0","5","369","600","640","919","755","516","359","88","4","2,167","2,167","0","3","223","390","430","539","343","154","75","10","0","2,088","2,088","0","2","146","210","210","380","412","362","284","78","4"
"경기도 의정부시 송산3동(4115057800)","5,156","5,156","3","6","478","931","843","804","1,024","621","375","67","4","2,356","2,356","0","2","206","548","506","390","410","207","76","10","1","2,800","2,800","3","4","272","383","337","414","614","414","299","57","3"
"경기도 의정부시 자금동(4115058000)","4,648","4,648","0","7","530","605","499","791","1,075","627","430","83","1","2,227","2,227","0","3","215","389","318","454","506","227","96","19","0","2,421","2,421","0","4","315","216","181","337","569","400","334","64","1"
"경기도 의정부시 가능동(4115059500)","5,468","5,468","1","12","418","663","652","1,129","1,387","708","437","61","0","2,845","2,845","1","4","231","433","410","684","706","271","95","10","0","2,623","2,623","0","8","187","230","242","445","681","437","342","51","0"
"경기도 의정부시 흥선동(4115061500)","4,409","4,409","1","20","357","528","468","917","1,125","598","355","39","1","2,401","2,401","1","12","207","336","304","583","633","229","88","8","0","2,008","2,008","0","8","150","192","164","334","492","369","267","31","1"
"경기도 의정부시 녹양동(4115062000)","3,655","3,655","3","11","287","462","454","666","845","543","322","59","3","1,798","1,798","1","6","134","284","323","389","393","181","78","8","1","1,857","1,857","2","5","153","178","131","277","452","362","244","51","2"
"경기도 의정부시 고산동(4115063000)","3,030","3,030","0","0","201","745","578","500","519","322","140","25","0","1,645","1,645","0","0","83","493","360","259","251","153","42","4","0","1,385","1,385","0","0","118","252","218","241","268","169","98","21","0"
"경기도 안양시 (4117000000)","76,176","76,176","12","224","9,084","15,787","10,137","11,722","14,579","8,503","5,132","973","23","38,439","38,439","5","94","4,752","10,021","6,293","6,723","6,603","2,768","1,004","174","2","37,737","37,737","7","130","4,332","5,766","3,844","4,999","7,976","5,735","4,128","799","21"
"경기도 안양시 만안구 (4117100000)","37,754","37,754","5","162","4,435","6,275","4,710","6,161","8,147","4,663","2,718","466","12","19,884","19,884","3","64","2,322","4,093","3,117","3,824","4,104","1,687","592","78","0","17,870","17,870","2","98","2,113","2,182","1,593","2,337","4,043","2,976","2,126","388","12"
"경기도 안양시 만안구 안양1동(4117151000)","2,375","2,375","0","27","405","525","334","334","408","216","117","9","0","1,279","1,279","0","11","193","331","231","208","209","72","23","1","0","1,096","1,096","0","16","212","194","103","126","199","144","94","8","0"
"경기도 안양시 만안구 안양2동(4117152000)","4,524","4,524","0","25","666","768","570","760","867","518","297","51","2","2,468","2,468","0","8","357","519","367","467","452","208","80","10","0","2,056","2,056","0","17","309","249","203","293","415","310","217","41","2"
"경기도 안양시 만안구 안양3동(4117153000)","3,016","3,016","1","25","376","416","333","507","723","409","192","33","1","1,515","1,515","0","9","200","284","214","291","337","132","45","3","0","1,501","1,501","1","16","176","132","119","216","386","277","147","30","1"
"경기도 안양시 만안구 안양4동(4117154000)","1,864","1,864","0","26","316","274","240","247","374","210","148","28","1","1,000","1,000","0","6","142","177","176","179","206","71","34","9","0","864","864","0","20","174","97","64","68","168","139","114","19","1"
"경기도 안양시 만안구 안양5동(4117155000)","2,191","2,191","0","8","240","272","218","384","506","316","207","39","1","1,116","1,116","0","5","134","175","138","240","258","124","38","4","0","1,075","1,075","0","3","106","97","80","144","248","192","169","35","1"
"경기도 안양시 만안구 안양6동(4117156000)","5,660","5,660","0","13","946","1,396","911","826","902","428","199","39","0","3,163","3,163","0","6","439","879","586","526","494","176","48","9","0","2,497","2,497","0","7","507","517","325","300","408","252","151","30","0"
"경기도 안양시 만안구 안양7동(4117157000)","1,440","1,440","1","2","154","350","223","192","247","157","89","25","0","725","725","1","1","100","212","145","103","97","43","23","0","0","715","715","0","1","54","138","78","89","150","114","66","25","0"
"경기도 안양시 만안구 안양8동(4117158000)","2,005","2,005","0","10","271","330","216","340","482","218","128","10","0","1,121","1,121","0","5","156","199","156","222","260","85","36","2","0","884","884","0","5","115","131","60","118","222","133","92","8","0"
"경기도 안양시 만안구 안양9동(4117158100)","2,245","2,245","1","3","125","234","247","359","596","419","224","36","1","1,094","1,094","0","3","80","157","171","219","266","148","48","2","0","1,151","1,151","1","0","45","77","76","140","330","271","176","34","1"
"경기도 안양시 만안구 석수1동(4117159000)","1,927","1,927","0","5","166","293","210","310","425","290","186","41","1","877","877","0","3","69","199","129","165","183","88","37","4","0","1,050","1,050","0","2","97","94","81","145","242","202","149","37","1"
"경기도 안양시 만안구 석수2동(4117160000)","3,996","3,996","0","3","283","582","475","730","947","566","351","54","5","2,102","2,102","0","2","158","376","317","475","500","193","70","11","0","1,894","1,894","0","1","125","206","158","255","447","373","281","43","5"
"경기도 안양시 만안구 충훈동(4117161100)","1,931","1,931","0","4","124","198","220","331","555","306","172","21","0","1,012","1,012","0","2","68","138","150","207","287","122","35","3","0","919","919","0","2","56","60","70","124","268","184","137","18","0"
"경기도 안양시 만안구 박달1동(4117162100)","2,995","2,995","2","11","196","329","318","612","767","396","306","58","0","1,568","1,568","2","3","111","219","210","393","409","151","56","14","0","1,427","1,427","0","8","85","110","108","219","358","245","250","44","0"
"경기도 안양시 만안구 박달2동(4117163000)","1,585","1,585","0","0","167","308","195","229","348","214","102","22","0","844","844","0","0","115","228","127","129","146","74","19","6","0","741","741","0","0","52","80","68","100","202","140","83","16","0"
"경기도 안양시 동안구 (4117300000)","38,422","38,422","7","62","4,649","9,512","5,427","5,561","6,432","3,840","2,414","507","11","18,555","18,555","2","30","2,430","5,928","3,176","2,899","2,499","1,081","412","96","2","19,867","19,867","5","32","2,219","3,584","2,251","2,662","3,933","2,759","2,002","411","9"
"경기도 안양시 동안구 비산1동(4117351000)","2,074","2,074","0","6","128","498","369","294","409","219","129","22","0","936","936","0","2","66","338","198","132","120","54","21","5","0","1,138","1,138","0","4","62","160","171","162","289","165","108","17","0"
"경기도 안양시 동안구 비산2동(4117352000)","853","853","0","0","54","179","127","119","182","109","69","14","0","371","371","0","0","29","117","81","59","52","20","12","1","0","482","482","0","0","25","62","46","60","130","89","57","13","0"
"경기도 안양시 동안구 비산3동(4117353000)","2,455","2,455","0","4","237","446","290","396","591","268","191","32","0","1,220","1,220","0","2","134","282","170","228","276","98","26","4","0","1,235","1,235","0","2","103","164","120","168","315","170","165","28","0"
"경기도 안양시 동안구 부흥동(4117354000)","1,681","1,681","1","3","135","352","196","199","308","257","186","43","1","591","591","0","1","52","188","97","77","82","59","30","4","1","1,090","1,090","1","2","83","164","99","122","226","198","156","39","0"
"경기도 안양시 동안구 달안동(4117354600)","2,846","2,846","0","1","341","882","441","363","367","209","185","57","0","1,109","1,109","0","1","131","449","207","147","101","42","20","11","0","1,737","1,737","0","0","210","433","234","216","266","167","165","46","0"
"경기도 안양시 동안구 관양동(4117355200)","6,105","6,105","3","5","778","1,147","682","957","1,257","806","402","67","1","2,990","2,990","1","2","440","736","425","508","529","253","78","18","0","3,115","3,115","2","3","338","411","257","449","728","553","324","49","1"
"경기도 안양시 동안구 인덕원동(4117355900)","3,795","3,795","0","5","724","870","478","570","585","349","190","23","1","2,224","2,224","0","4","453","609","318","360","305","121","51","3","0","1,571","1,571","0","1","271","261","160","210","280","228","139","20","1"
"경기도 안양시 동안구 부림동(4117356600)","5,202","5,202","1","7","746","1,730","896","750","505","286","234","46","1","2,489","2,489","0","5","342","1,012","489","349","167","79","36","10","0","2,713","2,713","1","2","404","718","407","401","338","207","198","36","1"
"경기도 안양시 동안구 평촌동(4117357000)","848","848","0","0","60","158","112","134","175","113","83","11","2","393","393","0","0","34","113","70","68","65","27","13","2","1","455","455","0","0","26","45","42","66","110","86","70","9","1"
"경기도 안양시 동안구 평안동(4117357600)","1,443","1,443","0","2","136","392","194","178","191","158","142","47","3","579","579","0","1","54","236","105","74","56","31","15","7","0","864","864","0","1","82","156","89","104","135","127","127","40","3"
"경기도 안양시 동안구 귀인동(4117357800)","581","581","0","1","65","103","75","78","110","71","61","17","0","258","258","0","1","39","69","48","40","31","17","9","4","0","323","323","0","0","26","34","27","38","79","54","52","13","0"
"경기도 안양시 동안구 호계1동(4117358000)","2,571","2,571","0","8","321","800","418","367","391","187","65","14","0","1,374","1,374","0","1","150","529","262","204","155","60","11","2","0","1,197","1,197","0","7","171","271","156","163","236","127","54","12","0"
"경기도 안양시 동안구 호계2동(4117359000)","2,307","2,307","1","5","337","605","314","275","406","222","117","25","0","1,150","1,150","1","3","177","398","199","143","147","49","24","9","0","1,157","1,157","0","2","160","207","115","132","259","173","93","16","0"
"경기도 안양시 동안구 호계3동(4117360000)","2,308","2,308","0","3","242","510","334","407","446","222","122","20","2","1,303","1,303","0","1","136","352","233","266","211","79","22","3","0","1,005","1,005","0","2","106","158","101","141","235","143","100","17","2"
"경기도 안양시 동안구 범계동(4117361000)","1,568","1,568","1","3","154","461","255","218","192","147","109","28","0","693","693","0","3","70","263","117","106","75","35","19","5","0","875","875","1","0","84","198","138","112","117","112","90","23","0"
"경기도 안양시 동안구 신촌동(4117362000)","823","823","0","2","78","187","113","104","151","115","58","15","0","366","366","0","0","48","112","70","43","51","31","9","2","0","457","457","0","2","30","75","43","61","100","84","49","13","0"
"경기도 안양시 동안구 갈산동(4117363000)","962","962","0","7","113","192","133","152","166","102","71","26","0","509","509","0","3","75","125","87","95","76","26","16","6","0","453","453","0","4","38","67","46","57","90","76","55","20","0"
"경기도 부천시 (4119000000)","126,081","126,081","46","330","13,216","21,453","17,426","22,746","26,767","14,483","8,101","1,478","35","63,763","63,763","19","144","6,161","13,077","10,898","13,703","12,663","5,136","1,738","221","3","62,318","62,318","27","186","7,055","8,376","6,528","9,043","14,104","9,347","6,363","1,257","32"
"경기도 부천시 원미구 (4119200000)","66,128","66,128","22","236","8,840","12,809","9,420","11,445","12,600","6,375","3,637","728","16","33,351","33,351","7","109","3,931","7,591","5,749","6,838","6,014","2,244","764","103","1","32,777","32,777","15","127","4,909","5,218","3,671","4,607","6,586","4,131","2,873","625","15"
"경기도 부천시 원미구 심곡1동(4119251000)","3,459","3,459","2","16","501","559","531","684","691","312","131","32","0","1,995","1,995","2","8","261","364","351","468","379","120","37","5","0","1,464","1,464","0","8","240","195","180","216","312","192","94","27","0"
"경기도 부천시 원미구 심곡2동(4119252000)","7,028","7,028","3","48","1,451","1,391","1,065","1,312","1,096","422","203","36","1","4,123","4,123","1","17","689","888","695","917","675","185","51","5","0","2,905","2,905","2","31","762","503","370","395","421","237","152","31","1"
"경기도 부천시 원미구 심곡3동(4119253000)","2,484","2,484","0","4","223","373","348","517","597","261","136","25","0","1,352","1,352","0","2","128","247","225","310","300","104","34","2","0","1,132","1,132","0","2","95","126","123","207","297","157","102","23","0"
"경기도 부천시 원미구 원미1동(4119254000)","3,014","3,014","0","12","160","396","378","677","798","399","171","22","1","1,617","1,617","0","6","102","253","238","426","391","150","47","4","0","1,397","1,397","0","6","58","143","140","251","407","249","124","18","1"
"경기도 부천시 원미구 원미2동(4119255000)","2,375","2,375","3","6","98","214","242","557","672","391","159","33","0","1,232","1,232","1","5","61","136","162","330","352","145","36","4","0","1,143","1,143","2","1","37","78","80","227","320","246","123","29","0"
"경기도 부천시 원미구 소사동(4119256000)","1,544","1,544","1","6","183","193","139","260","376","237","123","26","0","786","786","0","3","93","114","99","166","182","92","35","2","0","758","758","1","3","90","79","40","94","194","145","88","24","0"
"경기도 부천시 원미구 역곡1동(4119257000)","2,121","2,121","0","6","196","258","267","345","492","326","200","31","0","1,041","1,041","0","4","93","169","157","215","236","107","52","8","0","1,080","1,080","0","2","103","89","110","130","256","219","148","23","0"
"경기도 부천시 원미구 역곡2동(4119258000)","3,001","3,001","0","25","704","382","351","462","566","305","175","31","0","1,494","1,494","0","9","341","249","227","286","238","104","35","5","0","1,507","1,507","0","16","363","133","124","176","328","201","140","26","0"
"경기도 부천시 원미구 춘의동(4119259000)","2,967","2,967","1","15","369","432","335","489","645","403","222","55","1","1,563","1,563","0","7","186","276","241","314","346","139","45","9","0","1,404","1,404","1","8","183","156","94","175","299","264","177","46","1"
"경기도 부천시 원미구 도당동(4119260000)","3,307","3,307","3","16","198","411","421","753","898","384","195","28","0","1,823","1,823","2","7","97","260","310","496","464","147","35","5","0","1,484","1,484","1","9","101","151","111","257","434","237","160","23","0"
"경기도 부천시 원미구 약대동(4119261000)","1,778","1,778","1","4","137","286","275","376","424","162","88","25","0","956","956","0","1","90","203","179","220","191","54","17","1","0","822","822","1","3","47","83","96","156","233","108","71","24","0"
"경기도 부천시 원미구 중동(4119262000)","3,361","3,361","1","13","313","539","402","636","798","368","243","44","4","1,633","1,633","0","7","146","324","258","363","348","126","54","6","1","1,728","1,728","1","6","167","215","144","273","450","242","189","38","3"
"경기도 부천시 원미구 중1동(4119263000)","8,565","8,565","1","27","2,007","2,607","1,442","1,145","776","322","206","31","1","4,028","4,028","0","12","709","1,417","792","611","338","107","37","5","0","4,537","4,537","1","15","1,298","1,190","650","534","438","215","169","26","1"
"경기도 부천시 원미구 중2동(4119264000)","2,606","2,606","4","6","244","541","395","410","535","269","157","44","1","1,236","1,236","1","5","125","328","251","219","200","68","30","9","0","1,370","1,370","3","1","119","213","144","191","335","201","127","35","1"
"경기도 부천시 원미구 중3동(4119265000)","4,009","4,009","0","5","449","869","581","563","723","425","333","60","1","1,694","1,694","0","1","168","478","298","260","283","139","57","10","0","2,315","2,315","0","4","281","391","283","303","440","286","276","50","1"
"경기도 부천시 원미구 중4동(4119266000)","3,479","3,479","0","6","329","821","577","491","611","399","205","40","0","1,433","1,433","0","3","124","425","263","223","244","113","34","4","0","2,046","2,046","0","3","205","396","314","268","367","286","171","36","0"
"경기도 부천시 원미구 상동(4119267000)","3,334","3,334","1","5","359","645","393","573","681","389","236","50","2","1,680","1,680","0","3","160","366","243","343","342","164","50","9","0","1,654","1,654","1","2","199","279","150","230","339","225","186","41","2"
"경기도 부천시 원미구 상1동(4119268000)","3,222","3,222","0","3","379","799","562","455","488","293","211","30","2","1,476","1,476","0","1","148","464","309","253","176","90","33","2","0","1,746","1,746","0","2","231","335","253","202","312","203","178","28","2"
"경기도 부천시 원미구 상2동(4119269000)","2,135","2,135","1","7","205","505","367","357","370","147","128","46","2","1,042","1,042","0","5","96","301","229","184","149","44","28","6","0","1,093","1,093","1","2","109","204","138","173","221","103","100","40","2"
"경기도 부천시 원미구 상3동(4119270000)","2,339","2,339","0","6","335","588","349","383","363","161","115","39","0","1,147","1,147","0","3","114","329","222","234","180","46","17","2","0","1,192","1,192","0","3","221","259","127","149","183","115","98","37","0"
"경기도 부천시 소사구 (4119400000)","33,547","33,547","18","61","2,631","5,231","4,507","5,775","7,569","4,800","2,513","428","14","16,280","16,280","10","19","1,276","3,250","2,802","3,293","3,278","1,674","611","66","1","17,267","17,267","8","42","1,355","1,981","1,705","2,482","4,291","3,126","1,902","362","13"
"경기도 부천시 소사구 심곡본1동(4119451000)","4,177","4,177","4","7","361","528","555","833","1,012","561","273","42","1","2,217","2,217","3","2","161","342","352","522","514","228","82","10","1","1,960","1,960","1","5","200","186","203","311","498","333","191","32","0"
"경기도 부천시 소사구 심곡본동(4119452000)","3,605","3,605","1","13","382","528","461","619","834","473","247","45","2","1,781","1,781","1","5","170","321","285","359","376","185","73","6","0","1,824","1,824","0","8","212","207","176","260","458","288","174","39","2"
"경기도 부천시 소사구 소사본동(4119453000)","4,666","4,666","4","11","304","686","571","847","1,164","686","327","64","2","2,330","2,330","2","3","160","443","352","489","535","243","93","10","0","2,336","2,336","2","8","144","243","219","358","629","443","234","54","2"
"경기도 부천시 소사구 소사본1동(4119454000)","3,277","3,277","5","5","218","484","401","535","783","535","263","48","0","1,526","1,526","2","2","109","300","255","321","314","159","59","5","0","1,751","1,751","3","3","109","184","146","214","469","376","204","43","0"
"경기도 부천시 소사구 범박동(4119455000)","1,664","1,664","0","1","96","456","337","199","275","182","98","19","1","804","804","0","0","45","291","210","102","80","46","25","5","0","860","860","0","1","51","165","127","97","195","136","73","14","1"
"경기도 부천시 소사구 옥길동(4119456000)","2,643","2,643","1","2","183","454","453","376","500","427","220","27","0","1,266","1,266","0","1","73","274","277","198","203","170","66","4","0","1,377","1,377","1","1","110","180","176","178","297","257","154","23","0"
"경기도 부천시 소사구 괴안동(4119457000)","2,936","2,936","0","2","214","429","367","527","625","396","299","73","4","1,367","1,367","0","1","112","269","226","298","265","131","54","11","0","1,569","1,569","0","1","102","160","141","229","360","265","245","62","4"
"경기도 부천시 소사구 역곡3동(4119458000)","4,319","4,319","2","7","314","606","553","747","987","685","364","52","2","2,001","2,001","1","3","162","354","327","397","430","246","73","8","0","2,318","2,318","1","4","152","252","226","350","557","439","291","44","2"
"경기도 부천시 소사구 송내1동(4119459000)","2,760","2,760","0","3","249","454","372","506","581","388","188","18","1","1,352","1,352","0","1","138","296","235","298","232","115","34","3","0","1,408","1,408","0","2","111","158","137","208","349","273","154","15","1"
"경기도 부천시 소사구 송내2동(4119460000)","3,500","3,500","1","10","310","606","437","586","808","467","234","40","1","1,636","1,636","1","1","146","360","283","309","329","151","52","4","0","1,864","1,864","0","9","164","246","154","277","479","316","182","36","1"
"경기도 부천시 오정구 (4119600000)","26,406","26,406","6","33","1,745","3,413","3,499","5,526","6,598","3,308","1,951","322","5","14,132","14,132","2","16","954","2,236","2,347","3,572","3,371","1,218","363","52","1","12,274","12,274","4","17","791","1,177","1,152","1,954","3,227","2,090","1,588","270","4"
"경기도 부천시 오정구 성곡동(4119651000)","6,088","6,088","0","10","336","725","727","1,266","1,601","846","479","94","4","3,180","3,180","0","5","178","476","470","804","786","334","117","9","1","2,908","2,908","0","5","158","249","257","462","815","512","362","85","3"
"경기도 부천시 오정구 원종1동(4119652000)","3,281","3,281","0","1","235","459","399","626","837","426","248","49","1","1,674","1,674","0","1","118","298","250","398","409","146","46","8","0","1,607","1,607","0","0","117","161","149","228","428","280","202","41","1"
"경기도 부천시 오정구 원종2동(4119653000)","3,404","3,404","0","3","283","471","417","698","833","392","268","39","0","1,760","1,760","0","2","146","281","275","453","423","140","33","7","0","1,644","1,644","0","1","137","190","142","245","410","252","235","32","0"
"경기도 부천시 오정구 고강본동(4119654000)","5,087","5,087","3","6","328","584","698","1,052","1,246","687","429","54","0","2,612","2,612","1","2","167","388","433","662","619","249","80","11","0","2,475","2,475","2","4","161","196","265","390","627","438","349","43","0"
"경기도 부천시 오정구 고강1동(4119655000)","2,249","2,249","0","2","141","265","285","439","592","315","185","25","0","1,126","1,126","0","1","78","157","188","268","285","109","34","6","0","1,123","1,123","0","1","63","108","97","171","307","206","151","19","0"
"경기도 부천시 오정구 오정동(4119656000)","3,037","3,037","1","2","223","514","499","650","674","289","161","24","0","1,818","1,818","0","0","133","365","372","442","365","109","26","6","0","1,219","1,219","1","2","90","149","127","208","309","180","135","18","0"
"경기도 부천시 오정구 신흥동(4119657000)","3,260","3,260","2","9","199","395","474","795","815","353","181","37","0","1,962","1,962","1","5","134","271","359","545","484","131","27","5","0","1,298","1,298","1","4","65","124","115","250","331","222","154","32","0"
"경기도 광명시 (4121000000)","35,451","35,451","12","62","3,069","7,160","4,944","5,458","7,072","4,627","2,624","410","13","17,001","17,001","8","38","1,440","4,428","2,950","3,113","3,096","1,345","512","69","2","18,450","18,450","4","24","1,629","2,732","1,994","2,345","3,976","3,282","2,112","341","11"
"경기도 광명시 광명1동(4121051000)","60","60","0","0","8","10","12","15","9","5","1","0","0","35","35","0","0","5","9","8","9","3","1","0","0","0","25","25","0","0","3","1","4","6","6","4","1","0","0"
"경기도 광명시 광명2동(4121052000)","740","740","1","18","49","73","89","118","204","122","58","8","0","391","391","0","18","28","51","57","66","107","49","13","2","0","349","349","1","0","21","22","32","52","97","73","45","6","0"
"경기도 광명시 광명3동(4121054000)","2,258","2,258","0","6","116","242","255","410","637","362","204","26","0","1,077","1,077","0","3","59","143","160","244","297","116","49","6","0","1,181","1,181","0","3","57","99","95","166","340","246","155","20","0"
"경기도 광명시 광명4동(4121055000)","1,239","1,239","1","2","87","178","146","220","293","196","102","13","1","620","620","1","2","41","118","78","143","156","58","20","2","1","619","619","0","0","46","60","68","77","137","138","82","11","0"
"경기도 광명시 광명5동(4121056000)","1,756","1,756","0","3","105","193","195","300","495","285","155","25","0","792","792","0","0","54","117","112","167","219","93","28","2","0","964","964","0","3","51","76","83","133","276","192","127","23","0"
"경기도 광명시 광명6동(4121057000)","1,153","1,153","2","1","60","200","152","171","281","176","97","12","1","574","574","1","1","29","136","91","104","128","59","23","2","0","579","579","1","0","31","64","61","67","153","117","74","10","1"
"경기도 광명시 광명7동(4121058000)","2,653","2,653","0","3","160","581","459","395","530","358","150","16","1","1,283","1,283","0","2","82","369","276","222","205","97","28","2","0","1,370","1,370","0","1","78","212","183","173","325","261","122","14","1"
"경기도 광명시 철산1동(4121059000)","782","782","0","0","93","201","123","94","119","102","43","7","0","376","376","0","0","54","132","74","49","37","21","8","1","0","406","406","0","0","39","69","49","45","82","81","35","6","0"
"경기도 광명시 철산2동(4121060000)","1,583","1,583","1","4","128","227","197","315","408","195","88","20","0","979","979","0","1","70","157","139","228","257","98","24","5","0","604","604","1","3","58","70","58","87","151","97","64","15","0"
"경기도 광명시 철산3동(4121061000)","2,059","2,059","1","0","161","427","293","292","404","272","176","33","0","925","925","1","0","67","269","179","144","152","71","36","6","0","1,134","1,134","0","0","94","158","114","148","252","201","140","27","0"
"경기도 광명시 철산4동(4121062000)","906","906","0","0","44","289","193","126","106","95","46","6","1","419","419","0","0","21","166","97","70","33","23","8","1","0","487","487","0","0","23","123","96","56","73","72","38","5","1"
"경기도 광명시 하안1동(4121063100)","2,785","2,785","0","4","172","438","350","530","628","393","223","46","1","1,427","1,427","0","1","104","297","219","327","320","111","40","8","0","1,358","1,358","0","3","68","141","131","203","308","282","183","38","1"
"경기도 광명시 하안2동(4121063200)","2,727","2,727","1","5","190","647","432","423","452","285","238","52","2","1,113","1,113","0","2","80","377","213","201","138","62","30","10","0","1,614","1,614","1","3","110","270","219","222","314","223","208","42","2"
"경기도 광명시 하안3동(4121063300)","3,214","3,214","0","3","150","527","364","475","625","597","416","54","3","1,287","1,287","0","0","62","304","216","244","240","147","63","10","1","1,927","1,927","0","3","88","223","148","231","385","450","353","44","2"
"경기도 광명시 하안4동(4121063400)","1,625","1,625","0","1","121","470","276","218","230","185","106","17","1","728","728","0","1","60","293","156","106","66","32","14","0","0","897","897","0","0","61","177","120","112","164","153","92","17","1"
"경기도 광명시 소하1동(4121064000)","2,777","2,777","0","4","254","557","415","433","571","350","172","20","1","1,248","1,248","0","3","107","330","251","226","214","79","36","2","0","1,529","1,529","0","1","147","227","164","207","357","271","136","18","1"
"경기도 광명시 소하2동(4121065000)","3,144","3,144","1","1","268","480","332","503","724","505","285","44","1","1,618","1,618","1","1","186","370","217","292","324","152","66","9","0","1,526","1,526","0","0","82","110","115","211","400","353","219","35","1"
"경기도 광명시 일직동(4121065500)","3,529","3,529","4","7","891","1,375","620","342","192","76","20","2","0","1,797","1,797","4","3","324","755","374","211","88","31","7","0","0","1,732","1,732","0","4","567","620","246","131","104","45","13","2","0"
"경기도 광명시 학온동(4121066000)","461","461","0","0","12","45","41","78","164","68","44","9","0","312","312","0","0","7","35","33","60","112","45","19","1","0","149","149","0","0","5","10","8","18","52","23","25","8","0"
"경기도 평택시 (4122000000)","126,427","126,427","75","359","21,187","28,061","20,055","21,998","18,579","9,523","5,683","876","31","78,568","78,568","38","176","13,678","20,982","14,559","14,346","9,823","3,491","1,298","170","7","47,859","47,859","37","183","7,509","7,079","5,496","7,652","8,756","6,032","4,385","706","24"
"경기도 평택시 팽성읍(4122025000)","8,654","8,654","20","33","769","1,209","1,157","1,793","1,847","1,047","664","109","6","5,011","5,011","13","14","468","856","820","1,224","1,058","402","134","19","3","3,643","3,643","7","19","301","353","337","569","789","645","530","90","3"
"경기도 평택시 안중읍(4122025300)","8,166","8,166","5","14","1,066","1,610","1,332","1,612","1,342","705","403","75","2","5,003","5,003","0","12","641","1,243","976","1,042","710","264","104","11","0","3,163","3,163","5","2","425","367","356","570","632","441","299","64","2"
"경기도 평택시 포승읍(4122025600)","8,573","8,573","2","12","1,324","1,807","1,693","1,773","1,224","462","226","50","0","6,649","6,649","1","5","1,021","1,568","1,448","1,449","847","235","68","7","0","1,924","1,924","1","7","303","239","245","324","377","227","158","43","0"
"경기도 평택시 청북읍(4122025900)","4,182","4,182","3","9","543","891","797","739","669","296","193","40","2","2,904","2,904","0","6","362","726","629","562","420","133","54","10","2","1,278","1,278","3","3","181","165","168","177","249","163","139","30","0"
"경기도 평택시 진위면(4122031000)","3,237","3,237","0","1","384","560","490","588","642","345","199","25","3","2,138","2,138","0","0","283","446","392","417","387","156","55","2","0","1,099","1,099","0","1","101","114","98","171","255","189","144","23","3"
"경기도 평택시 서탄면(4122032000)","976","976","1","1","59","115","133","213","210","125","101","17","1","623","623","0","1","42","94","105","155","149","54","21","2","0","353","353","1","0","17","21","28","58","61","71","80","15","1"
"경기도 평택시 고덕면(4122033000)","2,965","2,965","3","4","376","732","510","568","410","202","143","17","0","1,931","1,931","2","2","264","576","395","362","210","81","38","1","0","1,034","1,034","1","2","112","156","115","206","200","121","105","16","0"
"경기도 평택시 오성면(4122034000)","1,461","1,461","1","1","89","139","157","314","373","205","158","24","0","865","865","1","1","65","109","118","226","236","81","26","2","0","596","596","0","0","24","30","39","88","137","124","132","22","0"
"경기도 평택시 현덕면(4122037000)","1,493","1,493","0","0","67","113","168","277","410","241","184","32","1","859","859","0","0","44","84","130","189","257","113","40","2","0","634","634","0","0","23","29","38","88","153","128","144","30","1"
"경기도 평택시 중앙동(4122051000)","10,888","10,888","3","85","3,222","2,048","1,410","1,677","1,266","661","460","55","1","6,801","6,801","2","43","2,215","1,603","1,036","1,034","586","184","89","9","0","4,087","4,087","1","42","1,007","445","374","643","680","477","371","46","1"
"경기도 평택시 서정동(4122052000)","6,654","6,654","4","16","679","1,173","1,079","1,424","1,223","594","399","62","1","3,820","3,820","2","9","448","850","755","884","593","180","81","18","0","2,834","2,834","2","7","231","323","324","540","630","414","318","44","1"
"경기도 평택시 송탄동(4122053500)","3,560","3,560","0","10","416","890","718","725","469","208","93","30","1","2,320","2,320","0","6","274","676","544","466","245","84","24","1","0","1,240","1,240","0","4","142","214","174","259","224","124","69","29","1"
"경기도 평택시 지산동(4122055000)","4,839","4,839","5","16","1,001","1,214","854","829","502","249","146","21","2","3,229","3,229","2","6","674","905","628","592","280","105","33","4","0","1,610","1,610","3","10","327","309","226","237","222","144","113","17","2"
"경기도 평택시 송북동(4122056000)","3,696","3,696","3","10","260","501","565","827","815","429","244","40","2","2,012","2,012","1","6","174","347","385","505","401","133","50","9","1","1,684","1,684","2","4","86","154","180","322","414","296","194","31","1"
"경기도 평택시 신장1동(4122057000)","2,033","2,033","5","20","262","343","369","360","325","190","126","33","0","1,138","1,138","2","12","164","221","250","213","183","59","25","9","0","895","895","3","8","98","122","119","147","142","131","101","24","0"
"경기도 평택시 신장2동(4122058000)","1,959","1,959","2","13","197","321","270","384","391","209","149","22","1","1,181","1,181","2","8","133","245","190","267","224","76","34","2","0","778","778","0","5","64","76","80","117","167","133","115","20","1"
"경기도 평택시 신평동(4122059000)","6,741","6,741","1","24","1,516","1,240","904","1,124","999","583","321","29","0","4,023","4,023","0","8","909","896","614","747","538","221","81","9","0","2,718","2,718","1","16","607","344","290","377","461","362","240","20","0"
"경기도 평택시 원평동(4122060000)","3,694","3,694","1","5","650","829","562","603","521","293","200","27","3","2,284","2,284","1","4","415","633","405","390","257","108","64","6","1","1,410","1,410","0","1","235","196","157","213","264","185","136","21","2"
"경기도 평택시 통복동(4122061000)","1,671","1,671","0","5","303","321","197","254","319","173","86","13","0","983","983","0","2","182","237","132","184","162","62","16","6","0","688","688","0","3","121","84","65","70","157","111","70","7","0"
"경기도 평택시 비전1동(4122062000)","7,978","7,978","1","9","1,035","1,764","1,217","1,317","1,390","789","395","61","0","4,251","4,251","1","3","524","1,150","771","742","658","282","106","14","0","3,727","3,727","0","6","511","614","446","575","732","507","289","47","0"
"경기도 평택시 비전2동(4122063000)","6,605","6,605","4","14","797","1,446","1,059","1,189","1,065","605","372","53","1","3,326","3,326","2","9","427","957","658","617","427","153","61","15","0","3,279","3,279","2","5","370","489","401","572","638","452","311","38","1"
"경기도 평택시 용이동(4122063500)","4,789","4,789","2","30","1,336","1,331","797","685","382","149","74","3","0","3,177","3,177","0","8","778","1,024","602","483","203","64","15","0","0","1,612","1,612","2","22","558","307","195","202","179","85","59","3","0"
"경기도 평택시 세교동(4122064000)","5,190","5,190","2","9","752","1,292","796","941","765","369","240","21","3","3,037","3,037","2","4","515","943","555","518","333","113","47","7","0","2,153","2,153","0","5","237","349","241","423","432","256","193","14","3"
"경기도 평택시 동삭동(4122065000)","6,693","6,693","4","11","1,382","2,256","1,346","960","508","164","53","9","0","4,468","4,468","2","6","902","1,709","967","593","223","46","18","2","0","2,225","2,225","2","5","480","547","379","367","285","118","35","7","0"
"경기도 평택시 고덕동(4122066000)","9,730","9,730","3","7","2,702","3,916","1,475","822","512","230","54","8","1","6,535","6,535","2","1","1,754","2,884","1,054","485","236","102","14","3","0","3,195","3,195","1","6","948","1,032","421","337","276","128","40","5","1"
"경기도 동두천시 (4125000000)","19,602","19,602","15","63","1,418","1,866","2,126","3,741","4,690","3,096","2,225","351","11","10,067","10,067","8","33","816","1,234","1,415","2,354","2,454","1,143","545","64","1","9,535","9,535","7","30","602","632","711","1,387","2,236","1,953","1,680","287","10"
"경기도 동두천시 생연1동(4125051000)","1,516","1,516","0","0","79","140","153","304","390","241","184","24","1","791","791","0","0","53","88","112","182","209","93","49","5","0","725","725","0","0","26","52","41","122","181","148","135","19","1"
"경기도 동두천시 생연2동(4125052000)","1,978","1,978","2","4","70","145","194","379","516","352","278","38","0","893","893","0","2","38","85","131","240","226","101","60","10","0","1,085","1,085","2","2","32","60","63","139","290","251","218","28","0"
"경기도 동두천시 중앙동(4125053500)","1,865","1,865","1","3","71","123","167","361","537","315","233","50","4","987","987","0","2","38","79","110","238","306","145","60","9","0","878","878","1","1","33","44","57","123","231","170","173","41","4"
"경기도 동두천시 보산동(4125055000)","867","867","3","3","43","73","85","180","233","138","100","9","0","417","417","2","1","21","42","49","101","126","50","23","2","0","450","450","1","2","22","31","36","79","107","88","77","7","0"
"경기도 동두천시 불현동(4125056500)","5,136","5,136","3","9","366","409","560","1,002","1,326","799","578","83","1","2,554","2,554","2","3","203","277","349","601","673","278","155","13","0","2,582","2,582","1","6","163","132","211","401","653","521","423","70","1"
"경기도 동두천시 송내동(4125056600)","4,549","4,549","5","12","574","707","594","790","755","617","417","73","5","2,307","2,307","3","5","334","473","398","489","336","169","86","13","1","2,242","2,242","2","7","240","234","196","301","419","448","331","60","4"
"경기도 동두천시 소요동(4125058000)","2,223","2,223","1","27","161","156","220","406","560","395","260","37","0","1,277","1,277","1","16","97","107","160","280","347","190","72","7","0","946","946","0","11","64","49","60","126","213","205","188","30","0"
"경기도 동두천시 상패동(4125060000)","1,468","1,468","0","5","54","113","153","319","373","239","175","37","0","841","841","0","4","32","83","106","223","231","117","40","5","0","627","627","0","1","22","30","47","96","142","122","135","32","0"
"경기도 안산시 (4127000000)","119,703","119,703","73","552","17,114","20,626","17,564","24,250","21,978","10,075","6,242","1,179","50","69,145","69,145","31","251","9,565","14,305","12,395","15,643","11,671","3,713","1,385","176","10","50,558","50,558","42","301","7,549","6,321","5,169","8,607","10,307","6,362","4,857","1,003","40"
"경기도 안산시 상록구 (4127100000)","63,015","63,015","37","286","9,016","9,849","9,247","13,031","11,747","5,480","3,613","680","29","36,114","36,114","17","129","5,214","6,775","6,486","8,412","6,225","1,982","750","116","8","26,901","26,901","20","157","3,802","3,074","2,761","4,619","5,522","3,498","2,863","564","21"
"경기도 안산시 상록구 일동(4127151000)","4,913","4,913","2","22","566","616","733","1,129","990","529","285","41","0","2,915","2,915","1","15","318","427","543","766","566","209","62","8","0","1,998","1,998","1","7","248","189","190","363","424","320","223","33","0"
"경기도 안산시 상록구 이동(4127151500)","8,248","8,248","6","33","1,483","1,671","1,352","1,583","1,181","523","331","81","4","5,187","5,187","4","16","854","1,189","961","1,112","718","230","90","13","0","3,061","3,061","2","17","629","482","391","471","463","293","241","68","4"
"경기도 안산시 상록구 사동(4127152500)","7,790","7,790","12","36","1,224","1,406","1,355","1,486","1,092","515","522","123","19","4,760","4,760","4","15","782","1,039","992","1,025","605","179","91","22","6","3,030","3,030","8","21","442","367","363","461","487","336","431","101","13"
"경기도 안산시 상록구 사이동(4127153200)","4,363","4,363","1","10","423","763","743","913","823","391","257","39","0","2,454","2,454","1","5","256","521","550","557","384","127","52","1","0","1,909","1,909","0","5","167","242","193","356","439","264","205","38","0"
"경기도 안산시 상록구 해양동(4127153700)","4,401","4,401","2","77","2,181","681","389","451","402","149","57","11","1","2,456","2,456","0","27","1,259","478","240","234","170","37","9","2","0","1,945","1,945","2","50","922","203","149","217","232","112","48","9","1"
"경기도 안산시 상록구 본오1동(4127154000)","8,057","8,057","7","41","796","1,226","1,301","1,995","1,593","632","405","59","2","4,752","4,752","5","24","458","842","881","1,305","914","232","81","9","1","3,305","3,305","2","17","338","384","420","690","679","400","324","50","1"
"경기도 안산시 상록구 본오2동(4127155000)","3,996","3,996","1","12","323","517","579","963","825","409","297","70","0","2,069","2,069","0","3","173","329","383","577","397","140","48","19","0","1,927","1,927","1","9","150","188","196","386","428","269","249","51","0"
"경기도 안산시 상록구 본오3동(4127156000)","3,999","3,999","0","10","432","675","583","868","790","368","245","28","0","2,184","2,184","0","1","232","436","388","536","395","139","50","7","0","1,815","1,815","0","9","200","239","195","332","395","229","195","21","0"
"경기도 안산시 상록구 부곡동(4127157000)","3,685","3,685","1","6","202","408","529","950","895","390","275","29","0","2,184","2,184","0","4","138","273","393","649","520","146","55","6","0","1,501","1,501","1","2","64","135","136","301","375","244","220","23","0"
"경기도 안산시 상록구 월피동(4127158000)","7,009","7,009","4","33","996","1,035","950","1,464","1,475","582","393","75","2","3,912","3,912","2","14","528","705","652","912","788","208","93","10","0","3,097","3,097","2","19","468","330","298","552","687","374","300","65","2"
"경기도 안산시 상록구 성포동(4127159000)","2,180","2,180","0","2","163","415","236","343","498","269","196","58","0","883","883","0","2","77","233","148","156","168","66","23","10","0","1,297","1,297","0","0","86","182","88","187","330","203","173","48","0"
"경기도 안산시 상록구 반월동(4127160000)","2,604","2,604","1","2","135","272","298","499","651","462","237","46","1","1,312","1,312","0","1","79","182","219","302","304","150","67","7","1","1,292","1,292","1","1","56","90","79","197","347","312","170","39","0"
"경기도 안산시 상록구 안산동(4127161000)","1,770","1,770","0","2","92","164","199","387","532","261","113","20","0","1,046","1,046","0","2","60","121","136","281","296","119","29","2","0","724","724","0","0","32","43","63","106","236","142","84","18","0"
"경기도 안산시 단원구 (4127300000)","56,688","56,688","36","266","8,098","10,777","8,317","11,219","10,231","4,595","2,629","499","21","33,031","33,031","14","122","4,351","7,530","5,909","7,231","5,446","1,731","635","60","2","23,657","23,657","22","144","3,747","3,247","2,408","3,988","4,785","2,864","1,994","439","19"
"경기도 안산시 단원구 와동(4127351000)","7,742","7,742","10","48","643","1,193","1,381","1,935","1,462","660","358","50","2","4,866","4,866","2","21","408","905","1,034","1,333","827","246","83","7","0","2,876","2,876","8","27","235","288","347","602","635","414","275","43","2"
"경기도 안산시 단원구 고잔동(4127352500)","4,734","4,734","0","13","1,072","1,042","586","732","693","355","215","25","1","2,396","2,396","0","9","435","647","393","441","313","110","44","4","0","2,338","2,338","0","4","637","395","193","291","380","245","171","21","1"
"경기도 안산시 단원구 중앙동(4127353200)","6,311","6,311","1","67","2,274","1,526","700","714","606","245","147","31","0","3,339","3,339","0","28","1,028","985","450","419","298","88","41","2","0","2,972","2,972","1","39","1,246","541","250","295","308","157","106","29","0"
"경기도 안산시 단원구 호수동(4127353500)","4,072","4,072","1","20","801","954","542","693","583","264","160","51","3","2,325","2,325","0","14","461","655","363","403","289","91","38","11","0","1,747","1,747","1","6","340","299","179","290","294","173","122","40","3"
"경기도 안산시 단원구 원곡동(4127354500)","2,708","2,708","6","20","149","261","350","760","723","259","161","19","0","1,716","1,716","3","9","98","191","238","534","478","111","51","3","0","992","992","3","11","51","70","112","226","245","148","110","16","0"
"경기도 안산시 단원구 백운동(4127355500)","2,271","2,271","2","5","129","517","389","443","486","211","76","13","0","1,258","1,258","1","2","81","347","265","260","199","73","24","6","0","1,013","1,013","1","3","48","170","124","183","287","138","52","7","0"
"경기도 안산시 단원구 신길동(4127356500)","4,057","4,057","2","7","369","658","703","938","868","353","140","17","2","2,778","2,778","0","1","282","546","576","681","503","149","39","1","0","1,279","1,279","2","6","87","112","127","257","365","204","101","16","2"
"경기도 안산시 단원구 초지동(4127357000)","8,319","8,319","1","13","1,252","1,973","1,299","1,383","1,146","610","494","138","10","4,890","4,890","0","7","768","1,453","937","873","531","215","92","12","2","3,429","3,429","1","6","484","520","362","510","615","395","402","126","8"
"경기도 안산시 단원구 선부1동(4127358000)","3,471","3,471","1","10","347","668","514","617","702","359","211","42","0","1,925","1,925","1","3","200","483","358","372","340","116","49","3","0","1,546","1,546","0","7","147","185","156","245","362","243","162","39","0"
"경기도 안산시 단원구 선부2동(4127359000)","4,023","4,023","5","15","338","604","590","978","917","365","184","26","1","2,499","2,499","1","9","176","390","434","710","566","155","55","3","0","1,524","1,524","4","6","162","214","156","268","351","210","129","23","1"
"경기도 안산시 단원구 선부3동(4127360000)","5,895","5,895","6","40","611","1,111","959","1,310","1,097","460","267","34","0","3,400","3,400","5","16","354","768","668","808","565","159","56","1","0","2,495","2,495","1","24","257","343","291","502","532","301","211","33","0"
"경기도 안산시 단원구 대부동(4127361000)","3,085","3,085","1","8","113","270","304","716","948","454","216","53","2","1,639","1,639","1","3","60","160","193","397","537","218","63","7","0","1,446","1,446","0","5","53","110","111","319","411","236","153","46","2"
"경기도 고양시 (4128000000)","166,298","166,298","43","307","19,370","31,454","23,438","29,784","30,539","16,788","12,189","2,329","57","81,672","81,672","19","129","8,971","18,558","13,810","16,862","14,731","5,671","2,482","427","12","84,626","84,626","24","178","10,399","12,896","9,628","12,922","15,808","11,117","9,707","1,902","45"
"경기도 고양시 덕양구 (4128100000)","83,236","83,236","17","135","9,359","15,990","11,451","14,252","15,830","9,254","5,910","1,011","27","41,769","41,769","6","67","4,595","9,436","6,816","8,308","7,808","3,284","1,260","186","3","41,467","41,467","11","68","4,764","6,554","4,635","5,944","8,022","5,970","4,650","825","24"
"경기도 고양시 덕양구 주교동(4128151000)","2,519","2,519","0","4","128","253","264","582","703","337","212","36","0","1,428","1,428","0","2","75","170","185","395","411","137","48","5","0","1,091","1,091","0","2","53","83","79","187","292","200","164","31","0"
"경기도 고양시 덕양구 원신동(4128152000)","2,732","2,732","1","2","150","353","389","488","697","410","218","24","0","1,214","1,214","1","0","102","211","186","233","283","146","48","4","0","1,518","1,518","0","2","48","142","203","255","414","264","170","20","0"
"경기도 고양시 덕양구 흥도동(4128153000)","5,037","5,037","1","8","876","1,329","759","730","730","380","184","40","0","2,513","2,513","0","3","376","758","448","405","335","146","37","5","0","2,524","2,524","1","5","500","571","311","325","395","234","147","35","0"
"경기도 고양시 덕양구 성사1동(4128154000)","4,814","4,814","1","6","456","761","581","936","1,066","593","344","69","1","2,510","2,510","0","4","222","489","380","574","545","204","84","8","0","2,304","2,304","1","2","234","272","201","362","521","389","260","61","1"
"경기도 고양시 덕양구 성사2동(4128155000)","1,588","1,588","0","0","85","228","181","271","354","233","209","27","0","695","695","0","0","45","146","100","148","151","68","31","6","0","893","893","0","0","40","82","81","123","203","165","178","21","0"
"경기도 고양시 덕양구 효자동(4128156000)","3,450","3,450","2","2","386","791","514","477","602","427","224","24","1","1,715","1,715","1","1","155","423","285","260","323","196","64","7","0","1,735","1,735","1","1","231","368","229","217","279","231","160","17","1"
"경기도 고양시 덕양구 삼송1동(4128157600)","4,132","4,132","0","9","884","1,339","576","449","459","257","142","17","0","1,888","1,888","0","6","291","701","312","224","212","101","40","1","0","2,244","2,244","0","3","593","638","264","225","247","156","102","16","0"
"경기도 고양시 덕양구 삼송2동(4128157700)","6,282","6,282","1","3","986","1,661","761","793","912","771","351","41","2","2,615","2,615","1","1","334","811","412","366","358","242","84","5","1","3,667","3,667","0","2","652","850","349","427","554","529","267","36","1"
"경기도 고양시 덕양구 창릉동(4128158000)","3,547","3,547","0","3","358","963","740","551","510","274","130","18","0","1,790","1,790","0","1","174","541","389","295","253","98","35","4","0","1,757","1,757","0","2","184","422","351","256","257","176","95","14","0"
"경기도 고양시 덕양구 고양동(4128159000)","4,696","4,696","1","8","414","439","523","942","1,089","723","480","72","5","2,511","2,511","0","4","259","321","351","589","585","271","115","15","1","2,185","2,185","1","4","155","118","172","353","504","452","365","57","4"
"경기도 고양시 덕양구 관산동(4128160000)","6,565","6,565","2","8","270","580","789","1,414","1,784","999","595","115","9","3,462","3,462","1","4","166","402","533","894","904","393","146","18","1","3,103","3,103","1","4","104","178","256","520","880","606","449","97","8"
"경기도 고양시 덕양구 능곡동(4128161000)","2,902","2,902","1","1","206","557","410","560","635","316","185","29","2","1,610","1,610","0","1","108","369","251","335","357","127","58","4","0","1,292","1,292","1","0","98","188","159","225","278","189","127","25","2"
"경기도 고양시 덕양구 화정1동(4128162100)","6,154","6,154","0","8","941","1,231","841","1,024","964","554","513","76","2","3,025","3,025","0","5","447","755","513","601","438","146","96","24","0","3,129","3,129","0","3","494","476","328","423","526","408","417","52","2"
"경기도 고양시 덕양구 화정2동(4128162200)","3,927","3,927","1","5","461","843","509","662","575","405","385","81","0","1,708","1,708","1","2","203","493","272","339","241","93","50","14","0","2,219","2,219","0","3","258","350","237","323","334","312","335","67","0"
"경기도 고양시 덕양구 행주동(4128163000)","4,268","4,268","0","4","404","621","537","907","1,020","451","265","58","1","2,574","2,574","0","1","238","418","386","665","629","180","45","12","0","1,694","1,694","0","3","166","203","151","242","391","271","220","46","1"
"경기도 고양시 덕양구 행신1동(4128164000)","2,614","2,614","0","5","133","408","377","483","553","345","242","67","1","1,171","1,171","0","0","78","232","214","271","225","104","32","15","0","1,443","1,443","0","5","55","176","163","212","328","241","210","52","1"
"경기도 고양시 덕양구 행신2동(4128165000)","4,594","4,594","2","9","551","1,114","706","718","681","384","368","61","0","2,305","2,305","1","1","340","670","391","408","310","110","64","10","0","2,289","2,289","1","8","211","444","315","310","371","274","304","51","0"
"경기도 고양시 덕양구 행신3동(4128165500)","2,206","2,206","2","4","133","409","283","392","412","271","253","45","2","852","852","0","3","67","234","146","153","139","63","37","10","0","1,354","1,354","2","1","66","175","137","239","273","208","216","35","2"
"경기도 고양시 덕양구 행신4동(4128165600)","4,472","4,472","0","11","512","613","540","903","1,000","507","325","60","1","2,483","2,483","0","4","331","403","379","583","523","179","71","10","0","1,989","1,989","0","7","181","210","161","320","477","328","254","50","1"
"경기도 고양시 덕양구 화전동(4128166000)","4,421","4,421","1","3","457","991","796","648","775","472","236","42","0","2,359","2,359","0","3","270","584","453","370","400","212","59","8","0","2,062","2,062","1","0","187","407","343","278","375","260","177","34","0"
"경기도 고양시 덕양구 대덕동(4128167000)","2,316","2,316","1","32","568","506","375","322","309","145","49","9","0","1,341","1,341","0","21","314","305","230","200","186","68","16","1","0","975","975","1","11","254","201","145","122","123","77","33","8","0"
"경기도 고양시 일산동구 (4128500000)","49,021","49,021","19","109","6,894","9,549","7,399","9,189","8,084","3,869","3,174","715","20","24,023","24,023","9","35","2,917","5,547","4,268","5,165","4,019","1,305","624","127","7","24,998","24,998","10","74","3,977","4,002","3,131","4,024","4,065","2,564","2,550","588","13"
"경기도 고양시 일산동구 식사동(4128551000)","3,536","3,536","6","24","874","612","484","606","527","220","156","26","1","1,682","1,682","2","9","379","354","297","295","244","63","35","4","0","1,854","1,854","4","15","495","258","187","311","283","157","121","22","1"
"경기도 고양시 일산동구 중산1동(4128552500)","3,214","3,214","1","5","204","393","395","639","771","359","347","96","4","1,514","1,514","1","2","109","256","255","347","353","111","64","16","0","1,700","1,700","0","3","95","137","140","292","418","248","283","80","4"
"경기도 고양시 일산동구 중산2동(4128552600)","2,586","2,586","0","4","171","328","335","536","623","295","248","46","0","1,124","1,124","0","1","81","205","204","262","234","87","39","11","0","1,462","1,462","0","3","90","123","131","274","389","208","209","35","0"
"경기도 고양시 일산동구 정발산동(4128553000)","4,009","4,009","2","5","555","831","596","768","656","331","226","38","1","2,009","2,009","2","2","266","511","345","412","301","117","48","4","1","2,000","2,000","0","3","289","320","251","356","355","214","178","34","0"
"경기도 고양시 일산동구 풍산동(4128554000)","3,774","3,774","0","4","297","553","493","706","829","479","352","57","4","1,671","1,671","0","1","169","337","278","350","333","126","63","13","1","2,103","2,103","0","3","128","216","215","356","496","353","289","44","3"
"경기도 고양시 일산동구 백석1동(4128555100)","4,737","4,737","1","13","697","971","729","867","722","417","276","44","0","2,161","2,161","1","6","274","562","405","434","323","106","46","4","0","2,576","2,576","0","7","423","409","324","433","399","311","230","40","0"
"경기도 고양시 일산동구 백석2동(4128555200)","6,865","6,865","0","16","1,053","1,510","1,158","1,341","950","426","342","67","2","3,341","3,341","0","3","345","780","626","798","554","162","61","10","2","3,524","3,524","0","13","708","730","532","543","396","264","281","57","0"
"경기도 고양시 일산동구 마두1동(4128556000)","2,276","2,276","2","10","346","482","246","334","368","227","212","48","1","947","947","1","3","120","271","117","187","159","47","33","9","0","1,329","1,329","1","7","226","211","129","147","209","180","179","39","1"
"경기도 고양시 일산동구 마두2동(4128557000)","1,371","1,371","2","2","100","233","193","200","257","133","196","55","0","496","496","0","1","45","98","93","96","96","31","27","9","0","875","875","2","1","55","135","100","104","161","102","169","46","0"
"경기도 고양시 일산동구 장항1동(4128558000)","1,684","1,684","0","1","196","446","297","296","287","106","49","6","0","946","946","0","0","79","263","167","190","178","54","13","2","0","738","738","0","1","117","183","130","106","109","52","36","4","0"
"경기도 고양시 일산동구 장항2동(4128559000)","10,055","10,055","4","22","1,993","2,598","1,894","1,825","971","382","297","68","1","5,181","5,181","2","6","760","1,488","1,063","1,058","564","159","61","19","1","4,874","4,874","2","16","1,233","1,110","831","767","407","223","236","49","0"
"경기도 고양시 일산동구 고봉동(4128560000)","4,914","4,914","1","3","408","592","579","1,071","1,123","494","473","164","6","2,951","2,951","0","1","290","422","418","736","680","242","134","26","2","1,963","1,963","1","2","118","170","161","335","443","252","339","138","4"
"경기도 고양시 일산서구 (4128700000)","34,041","34,041","7","63","3,117","5,915","4,588","6,343","6,625","3,665","3,105","603","10","15,880","15,880","4","27","1,459","3,575","2,726","3,389","2,904","1,082","598","114","2","18,161","18,161","3","36","1,658","2,340","1,862","2,954","3,721","2,583","2,507","489","8"
"경기도 고양시 일산서구 일산1동(4128751000)","2,526","2,526","0","2","147","384","303","436","553","380","278","42","1","1,136","1,136","0","2","92","230","194","227","223","96","62","10","0","1,390","1,390","0","0","55","154","109","209","330","284","216","32","1"
"경기도 고양시 일산서구 일산2동(4128752000)","3,048","3,048","1","6","166","369","315","632","852","381","275","51","0","1,619","1,619","0","3","92","233","212","412","450","140","64","13","0","1,429","1,429","1","3","74","136","103","220","402","241","211","38","0"
"경기도 고양시 일산서구 일산3동(4128753000)","2,216","2,216","0","6","122","443","277","347","412","285","255","69","0","820","820","0","3","59","252","131","118","139","61","41","16","0","1,396","1,396","0","3","63","191","146","229","273","224","214","53","0"
"경기도 고양시 일산서구 탄현1동(4128754500)","3,987","3,987","0","4","435","742","628","819","683","291","323","61","1","2,100","2,100","0","1","230","494","406","500","318","86","56","9","0","1,887","1,887","0","3","205","248","222","319","365","205","267","52","1"
"경기도 고양시 일산서구 탄현2동(4128754600)","1,721","1,721","1","4","94","282","264","355","336","194","174","17","0","706","706","1","1","39","171","157","157","107","42","28","3","0","1,015","1,015","0","3","55","111","107","198","229","152","146","14","0"
"경기도 고양시 일산서구 주엽1동(4128755000)","3,345","3,345","0","5","341","610","418","502","517","391","455","106","0","1,206","1,206","0","3","121","316","211","204","177","87","71","16","0","2,139","2,139","0","2","220","294","207","298","340","304","384","90","0"
"경기도 고양시 일산서구 주엽2동(4128756000)","3,687","3,687","1","2","193","566","381","575","779","528","543","115","4","1,411","1,411","1","1","73","317","191","263","311","146","88","20","0","2,276","2,276","0","1","120","249","190","312","468","382","455","95","4"
"경기도 고양시 일산서구 대화동(4128757000)","6,775","6,775","0","13","1,205","1,505","989","1,152","998","475","377","61","0","3,381","3,381","0","6","525","900","600","655","449","153","82","11","0","3,394","3,394","0","7","680","605","389","497","549","322","295","50","0"
"경기도 고양시 일산서구 송포동(4128758000)","1,883","1,883","1","4","95","331","311","374","398","218","125","25","1","924","924","0","2","51","218","171","189","180","68","40","5","0","959","959","1","2","44","113","140","185","218","150","85","20","1"
"경기도 고양시 일산서구 덕이동(4128760000)","2,995","2,995","2","17","209","447","464","724","654","289","157","31","1","1,582","1,582","1","5","115","302","282","416","319","100","35","7","0","1,413","1,413","1","12","94","145","182","308","335","189","122","24","1"
"경기도 고양시 일산서구 가좌동(4128761000)","1,858","1,858","1","0","110","236","238","427","443","233","143","25","2","995","995","1","0","62","142","171","248","231","103","31","4","2","863","863","0","0","48","94","67","179","212","130","112","21","0"
"경기도 과천시 (4129000000)","6,381","6,381","4","6","551","1,468","845","840","1,138","862","552","112","3","3,011","3,011","2","2","302","937","499","434","459","250","108","17","1","3,370","3,370","2","4","249","531","346","406","679","612","444","95","2"
"경기도 과천시 중앙동(4129051000)","847","847","0","1","63","182","108","92","124","132","105","39","1","353","353","0","0","36","114","55","40","37","37","27","7","0","494","494","0","1","27","68","53","52","87","95","78","32","1"
"경기도 과천시 원문동(4129051500)","624","624","0","0","48","106","75","67","133","98","84","13","0","239","239","0","0","26","68","46","31","38","15","11","4","0","385","385","0","0","22","38","29","36","95","83","73","9","0"
"경기도 과천시 갈현동(4129052000)","652","652","3","1","59","177","102","84","92","85","44","5","0","300","300","1","0","31","96","68","39","31","27","6","1","0","352","352","2","1","28","81","34","45","61","58","38","4","0"
"경기도 과천시 별양동(4129053000)","1,053","1,053","0","3","108","299","132","110","174","115","100","11","1","462","462","0","2","55","181","75","51","59","28","9","1","1","591","591","0","1","53","118","57","59","115","87","91","10","0"
"경기도 과천시 부림동(4129054000)","1,144","1,144","0","0","84","289","157","163","199","138","92","21","1","535","535","0","0","41","194","87","77","83","37","14","2","0","609","609","0","0","43","95","70","86","116","101","78","19","1"
"경기도 과천시 과천동(4129055000)","1,202","1,202","1","1","117","243","157","200","269","152","53","9","0","714","714","1","0","72","164","104","130","147","71","24","1","0","488","488","0","1","45","79","53","70","122","81","29","8","0"
"경기도 과천시 문원동(4129056000)","859","859","0","0","72","172","114","124","147","142","74","14","0","408","408","0","0","41","120","64","66","64","35","17","1","0","451","451","0","0","31","52","50","58","83","107","57","13","0"
"경기도 구리시 (4131000000)","28,993","28,993","5","44","2,940","5,014","4,134","5,148","6,272","3,331","1,842","254","9","14,987","14,987","4","26","1,421","3,130","2,601","3,091","3,072","1,157","431","53","1","14,006","14,006","1","18","1,519","1,884","1,533","2,057","3,200","2,174","1,411","201","8"
"경기도 구리시 갈매동(4131051000)","3,763","3,763","1","8","413","748","742","545","691","420","171","23","1","1,899","1,899","0","4","178","465","467","303","274","158","48","2","0","1,864","1,864","1","4","235","283","275","242","417","262","123","21","1"
"경기도 구리시 동구동(4131052000)","3,301","3,301","0","4","212","577","434","566","702","472","302","30","2","1,501","1,501","0","2","91","384","262","284","275","135","60","8","0","1,800","1,800","0","2","121","193","172","282","427","337","242","22","2"
"경기도 구리시 인창동(4131053000)","3,067","3,067","0","2","469","619","392","480","544","331","203","27","0","1,476","1,476","0","1","202","372","220","275","247","104","49","6","0","1,591","1,591","0","1","267","247","172","205","297","227","154","21","0"
"경기도 구리시 교문1동(4131054100)","4,115","4,115","3","7","372","583","575","800","1,036","449","252","36","2","2,329","2,329","3","5","195","367","358","546","594","190","65","6","0","1,786","1,786","0","2","177","216","217","254","442","259","187","30","2"
"경기도 구리시 교문2동(4131054200)","1,831","1,831","1","6","126","329","258","314","381","241","153","20","2","825","825","1","5","66","177","150","161","156","71","32","5","1","1,006","1,006","0","1","60","152","108","153","225","170","121","15","1"
"경기도 구리시 수택1동(4131057000)","4,020","4,020","0","8","525","706","519","716","917","396","205","27","1","2,120","2,120","0","6","245","444","320","421","475","153","51","5","0","1,900","1,900","0","2","280","262","199","295","442","243","154","22","1"
"경기도 구리시 수택2동(4131058000)","5,279","5,279","0","4","471","775","635","991","1,329","668","352","54","0","2,771","2,771","0","1","253","483","422","609","685","221","82","15","0","2,508","2,508","0","3","218","292","213","382","644","447","270","39","0"
"경기도 구리시 수택3동(4131059000)","3,617","3,617","0","5","352","677","579","736","672","354","204","37","1","2,066","2,066","0","2","191","438","402","492","366","125","44","6","0","1,551","1,551","0","3","161","239","177","244","306","229","160","31","1"
"경기도 남양주시 (4136000000)","100,268","100,268","9","143","8,597","15,408","13,990","18,731","21,584","12,947","7,510","1,291","58","51,216","51,216","3","69","4,382","9,523","8,816","11,144","10,581","4,605","1,849","231","13","49,052","49,052","6","74","4,215","5,885","5,174","7,587","11,003","8,342","5,661","1,060","45"
"경기도 남양주시 와부읍(4136025000)","5,993","5,993","0","8","338","756","708","1,128","1,430","921","584","114","6","2,919","2,919","0","4","199","488","429","634","677","321","140","25","2","3,074","3,074","0","4","139","268","279","494","753","600","444","89","4"
"경기도 남양주시 진접읍(4136025300)","12,586","12,586","2","36","1,135","1,636","1,477","2,430","2,914","1,736","1,023","190","7","6,810","6,810","0","22","654","1,103","1,016","1,553","1,551","632","241","36","2","5,776","5,776","2","14","481","533","461","877","1,363","1,104","782","154","5"
"경기도 남양주시 화도읍(4136025600)","10,504","10,504","0","15","698","1,121","1,496","2,281","2,434","1,461","848","143","7","5,476","5,476","0","5","399","764","973","1,375","1,224","494","215","26","1","5,028","5,028","0","10","299","357","523","906","1,210","967","633","117","6"
"경기도 남양주시 화도읍동부출장소(4136025700)","1,926","1,926","0","5","95","195","304","438","479","241","130","38","1","1,065","1,065","0","4","58","119","202","252","271","111","42","6","0","861","861","0","1","37","76","102","186","208","130","88","32","1"
"경기도 남양주시 화도읍남부출장소(4136025800)","4,391","4,391","0","5","231","494","643","1,001","1,050","583","338","45","1","2,276","2,276","0","0","128","323","436","616","474","207","84","8","0","2,115","2,115","0","5","103","171","207","385","576","376","254","37","1"
"경기도 남양주시 진건읍(4136025900)","4,049","4,049","0","5","174","400","480","911","1,088","593","321","72","5","2,283","2,283","0","3","109","273","337","633","616","228","73","11","0","1,766","1,766","0","2","65","127","143","278","472","365","248","61","5"
"경기도 남양주시 오남읍(4136026200)","7,244","7,244","1","7","498","815","975","1,642","1,620","911","663","108","4","3,684","3,684","0","3","275","533","661","988","796","274","132","20","2","3,560","3,560","1","4","223","282","314","654","824","637","531","88","2"
"경기도 남양주시 퇴계원읍(4136026500)","3,616","3,616","0","1","167","407","385","709","981","542","363","58","3","1,797","1,797","0","1","100","263","254","421","469","197","80","11","1","1,819","1,819","0","0","67","144","131","288","512","345","283","47","2"
"경기도 남양주시 별내면(4136031000)","3,022","3,022","0","3","165","291","368","681","707","464","292","46","5","1,578","1,578","0","1","98","175","255","435","366","166","75","5","2","1,444","1,444","0","2","67","116","113","246","341","298","217","41","3"
"경기도 남양주시 수동면(4136034000)","2,554","2,554","0","1","80","213","223","555","710","387","288","94","3","1,387","1,387","0","1","49","149","150","354","416","162","93","13","0","1,167","1,167","0","0","31","64","73","201","294","225","195","81","3"
"경기도 남양주시 조안면(4136036000)","925","925","0","2","39","85","97","193","289","143","70","7","0","505","505","0","0","20","44","59","112","171","74","23","2","0","420","420","0","2","19","41","38","81","118","69","47","5","0"
"경기도 남양주시 호평동(4136051000)","5,628","5,628","0","8","487","798","962","1,047","1,055","741","466","61","3","2,582","2,582","0","5","242","492","551","549","422","198","111","12","0","3,046","3,046","0","3","245","306","411","498","633","543","355","49","3"
"경기도 남양주시 평내동(4136052000)","3,912","3,912","1","3","317","629","641","797","694","448","324","55","3","1,978","1,978","1","0","175","411","413","468","292","141","71","5","1","1,934","1,934","0","3","142","218","228","329","402","307","253","50","2"
"경기도 남양주시 금곡동(4136053000)","3,841","3,841","1","1","198","459","377","677","1,116","565","375","69","3","2,029","2,029","1","1","98","302","269","449","574","230","97","8","0","1,812","1,812","0","0","100","157","108","228","542","335","278","61","3"
"경기도 남양주시 양정동(4136054000)","915","915","0","0","113","110","86","181","274","96","51","3","1","662","662","0","0","93","88","64","153","190","55","18","1","0","253","253","0","0","20","22","22","28","84","41","33","2","1"
"경기도 남양주시 다산1동(4136054500)","13,028","13,028","1","22","1,854","3,487","2,098","1,661","1,897","1,356","580","70","2","6,337","6,337","0","11","772","1,961","1,226","883","836","485","146","16","1","6,691","6,691","1","11","1,082","1,526","872","778","1,061","871","434","54","1"
"경기도 남양주시 다산2동(4136056500)","3,823","3,823","1","6","391","792","674","664","710","380","178","26","1","1,819","1,819","0","2","162","478","381","348","287","113","44","3","1","2,004","2,004","1","4","229","314","293","316","423","267","134","23","0"
"경기도 남양주시 별내동(4136057000)","12,311","12,311","2","15","1,617","2,720","1,996","1,735","2,136","1,379","616","92","3","6,029","6,029","1","6","751","1,557","1,140","921","949","517","164","23","0","6,282","6,282","1","9","866","1,163","856","814","1,187","862","452","69","3"
"경기도 오산시 (4137000000)","46,980","46,980","26","127","6,823","12,031","8,986","7,471","6,309","3,153","1,804","246","4","29,173","29,173","13","63","4,240","8,720","6,574","4,835","3,136","1,127","419","46","0","17,807","17,807","13","64","2,583","3,311","2,412","2,636","3,173","2,026","1,385","200","4"
"경기도 오산시 중앙동(4137051000)","4,623","4,623","5","9","411","907","701","877","896","493","282","42","0","2,517","2,517","2","4","270","615","477","535","393","162","50","9","0","2,106","2,106","3","5","141","292","224","342","503","331","232","33","0"
"경기도 오산시 대원1동(4137052300)","9,643","9,643","6","25","1,749","2,375","1,720","1,477","1,274","609","365","42","1","5,944","5,944","3","12","1,086","1,716","1,260","973","603","193","86","12","0","3,699","3,699","3","13","663","659","460","504","671","416","279","30","1"
"경기도 오산시 대원2동(4137052600)","3,497","3,497","1","3","450","1,135","720","494","400","187","97","10","0","2,246","2,246","0","3","298","885","521","285","182","54","16","2","0","1,251","1,251","1","0","152","250","199","209","218","133","81","8","0"
"경기도 오산시 남촌동(4137053000)","10,786","10,786","7","49","1,706","3,243","2,471","1,692","1,042","381","167","27","1","7,506","7,506","2","22","1,095","2,354","1,870","1,242","682","182","51","6","0","3,280","3,280","5","27","611","889","601","450","360","199","116","21","1"
"경기도 오산시 신장1동(4137054300)","5,838","5,838","4","12","767","1,244","1,156","967","888","444","321","35","0","3,426","3,426","4","5","450","894","852","604","396","139","74","8","0","2,412","2,412","0","7","317","350","304","363","492","305","247","27","0"
"경기도 오산시 신장2동(4137054600)","3,569","3,569","2","8","358","708","615","623","658","395","183","19","0","2,126","2,126","1","5","224","528","451","398","327","150","40","2","0","1,443","1,443","1","3","134","180","164","225","331","245","143","17","0"
"경기도 오산시 세마동(4137055000)","4,709","4,709","0","19","885","1,218","816","652","544","311","213","49","2","2,835","2,835","0","11","511","895","589","382","257","130","56","4","0","1,874","1,874","0","8","374","323","227","270","287","181","157","45","2"
"경기도 오산시 초평동(4137056000)","4,315","4,315","1","2","497","1,201","787","689","607","333","176","22","0","2,573","2,573","1","1","306","833","554","416","296","117","46","3","0","1,742","1,742","0","1","191","368","233","273","311","216","130","19","0"
"경기도 시흥시 (4139000000)","87,983","87,983","65","298","10,612","16,878","15,356","17,974","15,435","6,842","3,825","681","17","54,948","54,948","36","155","6,653","12,195","11,384","12,197","8,637","2,747","829","112","3","33,035","33,035","29","143","3,959","4,683","3,972","5,777","6,798","4,095","2,996","569","14"
"경기도 시흥시 대야동(4139051000)","6,306","6,306","0","11","574","1,184","831","1,171","1,349","684","413","88","1","3,383","3,383","0","5","298","736","534","772","688","253","82","15","0","2,923","2,923","0","6","276","448","297","399","661","431","331","73","1"
"경기도 시흥시 신천동(4139052000)","6,960","6,960","3","11","504","819","777","1,681","1,820","805","461","77","2","3,906","3,906","2","6","273","562","538","1,087","1,017","319","95","6","1","3,054","3,054","1","5","231","257","239","594","803","486","366","71","1"
"경기도 시흥시 신현동(4139053100)","1,674","1,674","0","0","91","189","193","377","458","224","127","14","1","1,020","1,020","0","0","65","134","146","267","276","106","25","1","0","654","654","0","0","26","55","47","110","182","118","102","13","1"
"경기도 시흥시 은행동(4139054000)","5,385","5,385","2","2","381","993","899","898","1,085","668","379","77","1","2,759","2,759","0","2","200","641","588","539","484","231","66","8","0","2,626","2,626","2","0","181","352","311","359","601","437","313","69","1"
"경기도 시흥시 매화동(4139055000)","2,075","2,075","1","2","104","229","289","457","530","277","153","33","0","1,263","1,263","0","1","66","177","214","328","346","95","32","4","0","812","812","1","1","38","52","75","129","184","182","121","29","0"
"경기도 시흥시 목감동(4139057000)","5,558","5,558","0","6","323","1,029","944","1,043","1,213","636","305","57","2","3,110","3,110","0","3","162","677","645","621","620","286","85","11","0","2,448","2,448","0","3","161","352","299","422","593","350","220","46","2"
"경기도 시흥시 군자동(4139058100)","3,867","3,867","3","7","199","472","658","930","868","424","268","37","1","2,229","2,229","2","2","123","351","485","600","464","148","47","7","0","1,638","1,638","1","5","76","121","173","330","404","276","221","30","1"
"경기도 시흥시 월곶동(4139058200)","3,921","3,921","3","12","383","703","662","914","690","311","199","44","0","2,344","2,344","2","5","210","507","452","597","369","137","54","11","0","1,577","1,577","1","7","173","196","210","317","321","174","145","33","0"
"경기도 시흥시 정왕본동(4139058900)","8,886","8,886","21","47","1,305","1,915","2,035","1,914","1,152","331","142","23","1","6,691","6,691","13","22","976","1,550","1,620","1,477","809","177","44","2","1","2,195","2,195","8","25","329","365","415","437","343","154","98","21","0"
"경기도 시흥시 정왕1동(4139059100)","8,562","8,562","22","137","2,239","1,340","1,609","1,730","1,023","290","139","31","2","6,273","6,273","13","78","1,598","1,065","1,289","1,343","709","138","35","5","0","2,289","2,289","9","59","641","275","320","387","314","152","104","26","2"
"경기도 시흥시 정왕2동(4139059200)","3,514","3,514","3","8","332","547","673","885","616","248","173","29","0","2,155","2,155","1","4","226","402","509","585","304","80","36","8","0","1,359","1,359","2","4","106","145","164","300","312","168","137","21","0"
"경기도 시흥시 정왕3동(4139059300)","5,463","5,463","0","15","406","853","1,294","1,509","937","296","138","15","0","4,030","4,030","0","6","296","675","1,078","1,167","638","127","38","5","0","1,433","1,433","0","9","110","178","216","342","299","169","100","10","0"
"경기도 시흥시 정왕4동(4139059400)","1,690","1,690","0","2","163","301","258","364","308","144","125","24","1","840","840","0","0","89","200","178","183","134","34","19","3","0","850","850","0","2","74","101","80","181","174","110","106","21","1"
"경기도 시흥시 배곧1동(4139059600)","1,965","1,965","4","6","120","498","481","353","285","113","87","16","2","1,082","1,082","1","3","71","352","343","164","89","37","17","4","1","883","883","3","3","49","146","138","189","196","76","70","12","1"
"경기도 시흥시 배곧2동(4139059700)","6,647","6,647","2","15","1,986","2,397","1,058","732","350","77","28","2","0","4,133","4,133","1","7","1,071","1,647","740","473","159","26","8","1","0","2,514","2,514","1","8","915","750","318","259","191","51","20","1","0"
"경기도 시흥시 과림동(4139062100)","761","761","0","0","49","61","56","172","266","107","45","5","0","567","567","0","0","36","46","47","146","196","80","14","2","0","194","194","0","0","13","15","9","26","70","27","31","3","0"
"경기도 시흥시 연성동(4139063000)","2,797","2,797","0","3","285","487","416","639","508","229","194","35","1","1,615","1,615","0","1","144","352","312","434","273","57","38","4","0","1,182","1,182","0","2","141","135","104","205","235","172","156","31","1"
"경기도 시흥시 장곡동(4139063100)","4,702","4,702","0","5","257","898","739","968","1,084","500","223","27","1","2,656","2,656","0","2","139","610","490","576","571","219","43","6","0","2,046","2,046","0","3","118","288","249","392","513","281","180","21","1"
"경기도 시흥시 능곡동(4139064000)","3,580","3,580","0","0","319","795","475","607","676","440","220","47","1","1,834","1,834","0","0","139","509","309","318","332","170","48","9","0","1,746","1,746","0","0","180","286","166","289","344","270","172","38","1"
"경기도 시흥시 거북섬동(4139065000)","3,670","3,670","1","9","592","1,168","1,009","630","217","38","6","0","0","3,058","3,058","1","8","471","1,002","867","520","159","27","3","0","0","612","612","0","1","121","166","142","110","58","11","3","0","0"
"경기도 군포시 (4141000000)","40,476","40,476","10","75","4,299","7,916","5,429","6,590","8,162","4,411","2,970","605","9","20,761","20,761","4","41","2,382","5,162","3,477","3,927","3,592","1,473","589","113","1","19,715","19,715","6","34","1,917","2,754","1,952","2,663","4,570","2,938","2,381","492","8"
"경기도 군포시 군포1동(4141051000)","6,889","6,889","3","27","982","1,271","981","1,289","1,402","571","304","57","2","4,282","4,282","1","17","585","897","733","930","797","231","78","13","0","2,607","2,607","2","10","397","374","248","359","605","340","226","44","2"
"경기도 군포시 군포2동(4141052000)","4,156","4,156","2","9","367","742","566","733","875","490","314","57","1","2,071","2,071","1","4","203","501","372","411","357","138","70","13","1","2,085","2,085","1","5","164","241","194","322","518","352","244","44","0"
"경기도 군포시 산본1동(4141054000)","4,618","4,618","1","8","576","793","532","712","1,044","567","327","57","1","2,486","2,486","1","6","352","566","345","435","479","228","68","6","0","2,132","2,132","0","2","224","227","187","277","565","339","259","51","1"
"경기도 군포시 산본2동(4141055000)","2,463","2,463","1","3","174","470","351","364","512","310","227","50","1","1,051","1,051","1","2","91","295","187","180","169","84","32","10","0","1,412","1,412","0","1","83","175","164","184","343","226","195","40","1"
"경기도 군포시 금정동(4141056000)","4,713","4,713","0","13","661","977","673","822","947","383","195","42","0","2,837","2,837","0","7","373","673","477","561","519","169","53","5","0","1,876","1,876","0","6","288","304","196","261","428","214","142","37","0"
"경기도 군포시 재궁동(4141057000)","3,456","3,456","0","5","353","814","483","495","598","356","297","55","0","1,517","1,517","0","1","178","475","247","257","202","101","46","10","0","1,939","1,939","0","4","175","339","236","238","396","255","251","45","0"
"경기도 군포시 오금동(4141058000)","2,776","2,776","2","0","241","744","389","380","472","295","214","39","0","1,174","1,174","0","0","106","429","223","168","134","69","38","7","0","1,602","1,602","2","0","135","315","166","212","338","226","176","32","0"
"경기도 군포시 수리동(4141059000)","2,755","2,755","0","1","154","448","322","430","594","411","327","68","0","1,210","1,210","0","1","78","275","193","248","209","134","54","18","0","1,545","1,545","0","0","76","173","129","182","385","277","273","50","0"
"경기도 군포시 궁내동(4141060000)","1,231","1,231","0","1","53","211","147","198","239","158","182","41","1","470","470","0","0","28","134","87","83","72","32","29","5","0","761","761","0","1","25","77","60","115","167","126","153","36","1"
"경기도 군포시 대야동(4141061000)","1,105","1,105","0","1","53","171","139","203","271","162","84","21","0","568","568","0","0","25","113","97","119","130","60","20","4","0","537","537","0","1","28","58","42","84","141","102","64","17","0"
"경기도 군포시 광정동(4141062000)","3,927","3,927","1","6","464","735","451","601","724","449","387","106","3","1,846","1,846","0","3","232","463","258","346","311","143","71","19","0","2,081","2,081","1","3","232","272","193","255","413","306","316","87","3"
"경기도 군포시 송부동(4141063000)","2,387","2,387","0","1","221","540","395","363","484","259","112","12","0","1,249","1,249","0","0","131","341","258","189","213","84","30","3","0","1,138","1,138","0","1","90","199","137","174","271","175","82","9","0"
"경기도 의왕시 (4143000000)","17,780","17,780","1","57","2,070","3,628","2,207","2,624","3,515","2,031","1,376","264","7","8,964","8,964","0","28","1,151","2,392","1,480","1,492","1,463","632","285","40","1","8,816","8,816","1","29","919","1,236","727","1,132","2,052","1,399","1,091","224","6"
"경기도 의왕시 고천동(4143051000)","2,278","2,278","0","9","403","845","208","162","279","193","143","35","1","1,164","1,164","0","8","179","512","128","96","138","57","38","8","0","1,114","1,114","0","1","224","333","80","66","141","136","105","27","1"
"경기도 의왕시 부곡동(4143052000)","4,114","4,114","0","7","442","615","481","680","869","518","423","79","0","2,268","2,268","0","4","319","446","368","420","428","178","88","17","0","1,846","1,846","0","3","123","169","113","260","441","340","335","62","0"
"경기도 의왕시 오전동(4143053000)","2,599","2,599","0","4","136","382","342","391","649","417","233","45","0","1,223","1,223","0","4","65","265","217","215","262","133","57","5","0","1,376","1,376","0","0","71","117","125","176","387","284","176","40","0"
"경기도 의왕시 내손1동(4143054000)","2,492","2,492","0","23","443","382","295","393","491","245","179","40","1","1,245","1,245","0","5","237","240","210","248","200","76","25","4","0","1,247","1,247","0","18","206","142","85","145","291","169","154","36","1"
"경기도 의왕시 내손2동(4143055000)","1,563","1,563","0","5","96","322","205","248","332","197","132","25","1","716","716","0","2","54","221","133","118","118","47","21","2","0","847","847","0","3","42","101","72","130","214","150","111","23","1"
"경기도 의왕시 청계동(4143056000)","4,734","4,734","1","9","550","1,082","676","750","895","461","266","40","4","2,348","2,348","0","5","297","708","424","395","317","141","56","4","1","2,386","2,386","1","4","253","374","252","355","578","320","210","36","3"
"경기도 하남시 (4145000000)","51,159","51,159","9","54","7,051","13,137","8,233","7,260","8,096","4,911","2,065","330","13","26,615","26,615","7","24","3,099","7,752","5,083","4,349","3,856","1,860","528","53","4","24,544","24,544","2","30","3,952","5,385","3,150","2,911","4,240","3,051","1,537","277","9"
"경기도 하남시 천현동(4145051000)","1,853","1,853","0","2","118","292","251","409","418","212","109","41","1","1,151","1,151","0","0","63","204","192","291","273","98","27","3","0","702","702","0","2","55","88","59","118","145","114","82","38","1"
"경기도 하남시 신장1동(4145052000)","2,208","2,208","0","2","299","485","301","362","442","217","86","14","0","1,264","1,264","0","2","168","319","215","235","214","89","20","2","0","944","944","0","0","131","166","86","127","228","128","66","12","0"
"경기도 하남시 신장2동(4145053000)","5,494","5,494","0","5","360","1,124","842","869","1,127","747","371","46","3","2,721","2,721","0","5","190","724","539","502","454","212","86","9","0","2,773","2,773","0","0","170","400","303","367","673","535","285","37","3"
"경기도 하남시 덕풍1동(4145054000)","2,238","2,238","0","4","160","390","308","402","514","302","143","15","0","1,171","1,171","0","2","91","271","197","242","235","91","35","7","0","1,067","1,067","0","2","69","119","111","160","279","211","108","8","0"
"경기도 하남시 덕풍2동(4145055000)","3,601","3,601","0","3","257","592","434","610","909","519","239","35","3","1,911","1,911","0","2","154","397","286","376","463","177","54","1","1","1,690","1,690","0","1","103","195","148","234","446","342","185","34","2"
"경기도 하남시 덕풍3동(4145056000)","3,725","3,725","3","6","351","718","628","652","717","437","177","34","2","1,919","1,919","3","4","172","477","396","378","298","138","43","9","1","1,806","1,806","0","2","179","241","232","274","419","299","134","25","1"
"경기도 하남시 감북동(4145058000)","999","999","0","0","109","214","134","205","207","82","43","5","0","645","645","0","0","69","148","96","146","136","35","15","0","0","354","354","0","0","40","66","38","59","71","47","28","5","0"
"경기도 하남시 감일동(4145058200)","3,771","3,771","1","0","400","1,117","637","469","575","420","133","18","1","1,978","1,978","1","0","184","626","379","271","285","184","44","4","0","1,793","1,793","0","0","216","491","258","198","290","236","89","14","1"
"경기도 하남시 위례동(4145058500)","2,204","2,204","1","5","228","659","516","329","288","131","43","2","2","1,092","1,092","0","1","106","381","274","161","105","51","11","0","2","1,112","1,112","1","4","122","278","242","168","183","80","32","2","0"
"경기도 하남시 춘궁동(4145059000)","567","567","0","1","30","63","75","156","160","61","17","4","0","409","409","0","0","20","40","64","121","120","37","6","1","0","158","158","0","1","10","23","11","35","40","24","11","3","0"
"경기도 하남시 초이동(4145060000)","1,061","1,061","0","0","98","150","124","228","275","108","62","16","0","715","715","0","0","68","109","92","170","194","64","15","3","0","346","346","0","0","30","41","32","58","81","44","47","13","0"
"경기도 하남시 미사1동(4145061000)","15,328","15,328","2","16","4,035","5,669","2,448","1,342","976","608","201","31","0","7,572","7,572","2","3","1,524","3,079","1,438","795","439","229","55","8","0","7,756","7,756","0","13","2,511","2,590","1,010","547","537","379","146","23","0"
"경기도 하남시 미사2동(4145062000)","5,341","5,341","1","8","201","829","975","878","1,156","888","366","39","0","2,594","2,594","0","5","101","485","556","452","506","387","98","4","0","2,747","2,747","1","3","100","344","419","426","650","501","268","35","0"
"경기도 하남시 미사3동(4145063000)","2,769","2,769","1","2","405","835","560","349","332","179","75","30","1","1,473","1,473","1","0","189","492","359","209","134","68","19","2","0","1,296","1,296","0","2","216","343","201","140","198","111","56","28","1"
"경기도 용인시 (4146000000)","138,362","138,362","31","670","23,855","27,310","19,063","21,551","21,233","14,094","8,894","1,617","44","72,915","72,915","13","324","13,234","18,100","12,283","12,506","9,803","4,316","2,004","318","14","65,447","65,447","18","346","10,621","9,210","6,780","9,045","11,430","9,778","6,890","1,299","30"
"경기도 용인시 처인구 (4146100000)","49,880","49,880","9","390","7,771","8,092","7,018","9,229","9,281","4,830","2,761","488","11","28,895","28,895","4","192","4,567","5,714","4,886","5,858","5,035","1,885","658","93","3","20,985","20,985","5","198","3,204","2,378","2,132","3,371","4,246","2,945","2,103","395","8"
"경기도 용인시 처인구 포곡읍(4146125000)","5,708","5,708","0","10","823","859","855","1,177","1,061","561","313","48","1","3,404","3,404","0","5","535","611","614","783","593","191","66","6","0","2,304","2,304","0","5","288","248","241","394","468","370","247","42","1"
"경기도 용인시 처인구 모현읍(4146125300)","5,573","5,573","2","21","829","764","770","1,104","1,152","564","312","52","3","3,330","3,330","0","9","478","522","548","761","688","241","72","10","1","2,243","2,243","2","12","351","242","222","343","464","323","240","42","2"
"경기도 용인시 처인구 이동읍(4146125600)","3,877","3,877","0","6","331","537","534","884","841","407","275","60","2","2,400","2,400","0","4","224","407","384","598","522","181","70","9","1","1,477","1,477","0","2","107","130","150","286","319","226","205","51","1"
"경기도 용인시 처인구 남사읍(4146125900)","3,185","3,185","1","4","246","540","536","658","632","356","188","24","0","1,831","1,831","1","2","152","393","352","407","333","142","44","5","0","1,354","1,354","0","2","94","147","184","251","299","214","144","19","0"
"경기도 용인시 처인구 원삼면(4146134000)","1,895","1,895","0","130","152","165","181","375","489","227","136","39","1","1,090","1,090","0","61","83","120","135","240","293","112","40","6","0","805","805","0","69","69","45","46","135","196","115","96","33","1"
"경기도 용인시 처인구 백암면(4146135000)","2,326","2,326","1","6","129","208","279","444","614","352","251","42","0","1,409","1,409","0","1","90","150","222","329","383","172","53","9","0","917","917","1","5","39","58","57","115","231","180","198","33","0"
"경기도 용인시 처인구 양지면(4146136000)","4,560","4,560","0","18","491","811","712","914","946","381","235","51","1","2,785","2,785","0","5","309","578","535","588","518","183","65","4","0","1,775","1,775","0","13","182","233","177","326","428","198","170","47","1"
"경기도 용인시 처인구 중앙동(4146151000)","6,517","6,517","3","57","1,678","1,055","784","1,007","993","551","322","67","0","3,657","3,657","2","26","954","733","504","634","508","199","80","17","0","2,860","2,860","1","31","724","322","280","373","485","352","242","50","0"
"경기도 용인시 처인구 역북동(4146152500)","6,335","6,335","0","95","2,183","1,292","775","714","690","390","174","22","0","3,510","3,510","0","53","1,191","880","514","391","303","124","51","3","0","2,825","2,825","0","42","992","412","261","323","387","266","123","19","0"
"경기도 용인시 처인구 삼가동(4146152600)","1,281","1,281","0","6","137","234","170","209","255","164","95","10","1","641","641","0","3","82","151","113","104","111","51","22","4","0","640","640","0","3","55","83","57","105","144","113","73","6","1"
"경기도 용인시 처인구 유림동(4146153000)","6,077","6,077","2","7","509","1,301","1,150","1,187","1,028","546","305","41","1","3,404","3,404","1","4","303","936","772","673","465","173","63","13","1","2,673","2,673","1","3","206","365","378","514","563","373","242","28","0"
"경기도 용인시 처인구 동부동(4146154000)","2,546","2,546","0","30","263","326","272","556","580","331","155","32","1","1,434","1,434","0","19","166","233","193","350","318","116","32","7","0","1,112","1,112","0","11","97","93","79","206","262","215","123","25","1"
"경기도 용인시 기흥구 (4146300000)","53,061","53,061","5","167","9,363","10,528","7,264","8,038","7,776","5,522","3,664","711","23","27,141","27,141","2","69","5,289","6,967","4,584","4,475","3,251","1,531","832","132","9","25,920","25,920","3","98","4,074","3,561","2,680","3,563","4,525","3,991","2,832","579","14"
"경기도 용인시 기흥구 신갈동(4146351000)","5,540","5,540","0","11","687","1,139","760","901","963","633","393","52","1","2,968","2,968","0","6","345","768","492","568","477","203","93","15","1","2,572","2,572","0","5","342","371","268","333","486","430","300","37","0"
"경기도 용인시 기흥구 영덕1동(4146351600)","4,034","4,034","0","5","513","1,064","688","686","625","290","136","27","0","2,162","2,162","0","1","268","734","445","356","248","85","23","2","0","1,872","1,872","0","4","245","330","243","330","377","205","113","25","0"
"경기도 용인시 기흥구 영덕2동(4146351700)","2,401","2,401","1","2","352","591","338","301","287","169","232","121","7","1,157","1,157","0","1","195","378","223","146","88","42","51","30","3","1,244","1,244","1","1","157","213","115","155","199","127","181","91","4"
"경기도 용인시 기흥구 구갈동(4146352000)","7,103","7,103","2","30","1,754","1,682","1,058","1,039","787","455","246","49","1","4,050","4,050","1","11","986","1,089","694","655","402","137","68","7","0","3,053","3,053","1","19","768","593","364","384","385","318","178","42","1"
"경기도 용인시 기흥구 상갈동(4146353000)","2,796","2,796","0","7","425","623","377","509","406","258","169","21","1","1,654","1,654","0","2","276","430","266","346","210","81","38","4","1","1,142","1,142","0","5","149","193","111","163","196","177","131","17","0"
"경기도 용인시 기흥구 보라동(4146353500)","3,265","3,265","0","3","417","565","472","550","573","395","243","45","2","1,710","1,710","0","2","243","383","325","320","257","125","50","5","0","1,555","1,555","0","1","174","182","147","230","316","270","193","40","2"
"경기도 용인시 기흥구 기흥동(4146354000)","3,134","3,134","0","6","399","592","457","585","548","325","187","32","3","1,683","1,683","0","4","254","415","292","332","231","97","50","6","2","1,451","1,451","0","2","145","177","165","253","317","228","137","26","1"
"경기도 용인시 기흥구 서농동(4146355000)","4,701","4,701","1","50","2,307","854","407","376","369","227","97","13","0","2,800","2,800","1","22","1,447","633","268","199","137","70","19","4","0","1,901","1,901","0","28","860","221","139","177","232","157","78","9","0"
"경기도 용인시 기흥구 구성동(4146356000)","4,050","4,050","0","4","306","598","571","651","739","645","447","88","1","1,694","1,694","0","2","171","370","324","314","240","162","96","15","0","2,356","2,356","0","2","135","228","247","337","499","483","351","73","1"
"경기도 용인시 기흥구 마북동(4146357000)","3,299","3,299","0","11","440","675","420","498","507","409","281","57","1","1,569","1,569","0","2","280","445","239","242","199","100","52","9","1","1,730","1,730","0","9","160","230","181","256","308","309","229","48","0"
"경기도 용인시 기흥구 동백1동(4146357200)","2,663","2,663","0","2","277","423","383","464","434","367","262","49","2","1,142","1,142","0","0","146","262","220","229","162","59","58","6","0","1,521","1,521","0","2","131","161","163","235","272","308","204","43","2"
"경기도 용인시 기흥구 동백2동(4146357500)","2,080","2,080","0","8","416","313","275","311","320","262","150","24","1","906","906","0","3","170","174","148","170","115","84","35","7","0","1,174","1,174","0","5","246","139","127","141","205","178","115","17","1"
"경기도 용인시 기흥구 동백3동(4146357700)","2,427","2,427","0","5","316","493","286","295","291","349","341","50","1","1,037","1,037","0","5","123","320","169","140","97","75","95","12","1","1,390","1,390","0","0","193","173","117","155","194","274","246","38","0"
"경기도 용인시 기흥구 상하동(4146358600)","2,534","2,534","0","4","187","335","327","445","525","414","255","40","2","1,110","1,110","0","2","96","204","194","218","212","121","59","4","0","1,424","1,424","0","2","91","131","133","227","313","293","196","36","2"
"경기도 용인시 기흥구 보정동(4146359000)","3,034","3,034","1","19","567","581","445","427","402","324","225","43","0","1,499","1,499","0","6","289","362","285","240","176","90","45","6","0","1,535","1,535","1","13","278","219","160","187","226","234","180","37","0"
"경기도 용인시 수지구 (4146500000)","35,421","35,421","17","113","6,721","8,690","4,781","4,284","4,176","3,742","2,469","418","10","16,879","16,879","7","63","3,378","5,419","2,813","2,173","1,517","900","514","93","2","18,542","18,542","10","50","3,343","3,271","1,968","2,111","2,659","2,842","1,955","325","8"
"경기도 용인시 수지구 풍덕천1동(4146551000)","5,997","5,997","0","30","1,215","1,745","706","683","680","508","363","64","3","3,220","3,220","0","18","667","1,178","471","385","293","131","61","15","1","2,777","2,777","0","12","548","567","235","298","387","377","302","49","2"
"경기도 용인시 수지구 풍덕천2동(4146552000)","3,860","3,860","2","7","665","1,105","562","463","402","323","290","41","0","1,955","1,955","0","3","331","721","337","257","166","77","54","9","0","1,905","1,905","2","4","334","384","225","206","236","246","236","32","0"
"경기도 용인시 수지구 신봉동(4146553000)","2,777","2,777","3","3","238","575","446","453","382","388","255","34","0","1,163","1,163","1","2","118","338","231","207","117","85","56","8","0","1,614","1,614","2","1","120","237","215","246","265","303","199","26","0"
"경기도 용인시 수지구 죽전1동(4146554000)","2,564","2,564","0","18","523","418","311","362","335","318","236","41","2","1,178","1,178","0","8","296","278","181","168","118","78","44","7","0","1,386","1,386","0","10","227","140","130","194","217","240","192","34","2"
"경기도 용인시 수지구 죽전2동(4146555000)","2,586","2,586","2","4","622","781","355","247","226","180","141","26","2","1,371","1,371","2","4","336","509","233","124","76","50","29","8","0","1,215","1,215","0","0","286","272","122","123","150","130","112","18","2"
"경기도 용인시 수지구 죽전3동(4146555500)","3,447","3,447","0","27","1,272","574","355","343","334","322","193","26","1","1,704","1,704","0","16","706","342","213","193","120","79","29","6","0","1,743","1,743","0","11","566","232","142","150","214","243","164","20","1"
"경기도 용인시 수지구 동천동(4146556000)","5,002","5,002","2","9","849","1,374","793","616","622","448","239","49","1","2,425","2,425","2","6","379","822","460","322","249","116","57","12","0","2,577","2,577","0","3","470","552","333","294","373","332","182","37","1"
"경기도 용인시 수지구 상현1동(4146557000)","847","847","1","0","30","152","130","126","142","146","100","19","1","338","338","0","0","17","97","69","57","41","33","22","1","1","509","509","1","0","13","55","61","69","101","113","78","18","0"
"경기도 용인시 수지구 상현2동(4146558000)","1,831","1,831","0","1","87","373","252","239","291","334","209","45","0","687","687","0","1","37","231","142","95","65","72","36","8","0","1,144","1,144","0","0","50","142","110","144","226","262","173","37","0"
"경기도 용인시 수지구 상현3동(4146558500)","3,642","3,642","2","3","1,004","1,114","440","321","288","285","162","23","0","1,618","1,618","0","2","390","613","243","153","100","68","43","6","0","2,024","2,024","2","1","614","501","197","168","188","217","119","17","0"
"경기도 용인시 수지구 성복동(4146559000)","2,868","2,868","5","11","216","479","431","431","474","490","281","50","0","1,220","1,220","2","3","101","290","233","212","172","111","83","13","0","1,648","1,648","3","8","115","189","198","219","302","379","198","37","0"
"경기도 파주시 (4148000000)","85,195","85,195","20","99","10,301","16,117","12,211","15,423","15,605","8,697","5,715","985","22","48,240","48,240","10","51","6,219","10,889","8,346","9,691","8,290","3,262","1,300","178","4","36,955","36,955","10","48","4,082","5,228","3,865","5,732","7,315","5,435","4,415","807","18"
"경기도 파주시 문산읍(4148025000)","9,325","9,325","5","8","1,113","1,598","1,334","1,610","1,709","1,026","795","124","3","5,450","5,450","1","4","795","1,208","991","989","895","371","173","23","0","3,875","3,875","4","4","318","390","343","621","814","655","622","101","3"
"경기도 파주시 파주읍(4148025300)","4,112","4,112","0","4","300","435","530","951","948","503","374","67","0","2,443","2,443","0","3","213","318","368","674","571","213","73","10","0","1,669","1,669","0","1","87","117","162","277","377","290","301","57","0"
"경기도 파주시 법원읍(4148025600)","2,757","2,757","0","4","234","257","249","519","766","405","264","57","2","1,581","1,581","0","3","174","183","175","345","443","190","55","13","0","1,176","1,176","0","1","60","74","74","174","323","215","209","44","2"
"경기도 파주시 조리읍(4148026200)","4,673","4,673","1","7","243","469","568","1,020","1,235","668","387","74","1","2,614","2,614","1","3","157","322","411","677","691","254","82","16","0","2,059","2,059","0","4","86","147","157","343","544","414","305","58","1"
"경기도 파주시 월롱면(4148031000)","4,784","4,784","0","3","1,420","1,123","596","681","584","215","138","22","2","3,630","3,630","0","1","1,080","931","533","541","398","110","31","5","0","1,154","1,154","0","2","340","192","63","140","186","105","107","17","2"
"경기도 파주시 탄현면(4148032000)","3,839","3,839","1","1","310","544","555","880","818","387","281","59","3","2,516","2,516","1","1","209","416","423","653","543","186","79","5","0","1,323","1,323","0","0","101","128","132","227","275","201","202","54","3"
"경기도 파주시 광탄면(4148035000)","2,965","2,965","0","6","167","276","269","638","793","422","314","79","1","1,847","1,847","0","3","125","204","211","464","521","221","82","15","1","1,118","1,118","0","3","42","72","58","174","272","201","232","64","0"
"경기도 파주시 파평면(4148036000)","1,028","1,028","0","0","119","59","64","169","262","179","149","26","1","600","600","0","0","106","48","49","122","162","71","38","4","0","428","428","0","0","13","11","15","47","100","108","111","22","1"
"경기도 파주시 적성면(4148037000)","1,678","1,678","1","0","250","162","107","269","407","259","190","32","1","1,055","1,055","1","0","211","135","84","193","261","114","49","6","1","623","623","0","0","39","27","23","76","146","145","141","26","0"
"경기도 파주시 장단면(4148039000)","131","131","0","1","15","13","8","21","31","23","18","1","0","82","82","0","0","14","11","7","16","17","12","5","0","0","49","49","0","1","1","2","1","5","14","11","13","1","0"
"경기도 파주시 금촌1동(4148051000)","7,046","7,046","4","18","959","1,210","896","1,373","1,369","711","429","77","0","4,331","4,331","3","12","572","845","651","1,005","828","297","104","14","0","2,715","2,715","1","6","387","365","245","368","541","414","325","63","0"
"경기도 파주시 금촌2동(4148052000)","4,130","4,130","0","4","276","633","531","798","854","558","416","56","4","1,882","1,882","0","1","141","385","329","420","344","167","84","10","1","2,248","2,248","0","3","135","248","202","378","510","391","332","46","3"
"경기도 파주시 금촌3동(4148053000)","3,549","3,549","0","5","351","509","508","774","681","393","282","45","1","1,971","1,971","0","4","245","336","365","472","339","131","71","8","0","1,578","1,578","0","1","106","173","143","302","342","262","211","37","1"
"경기도 파주시 교하동(4148054000)","1,928","1,928","0","2","156","277","263","415","441","204","133","36","1","1,210","1,210","0","1","89","181","182","311","303","95","44","4","0","718","718","0","1","67","96","81","104","138","109","89","32","1"
"경기도 파주시 운정1동(4148055000)","6,622","6,622","1","4","867","1,810","1,086","1,081","926","519","288","40","0","3,376","3,376","0","2","408","1,114","658","575","381","152","77","9","0","3,246","3,246","1","2","459","696","428","506","545","367","211","31","0"
"경기도 파주시 운정2동(4148056000)","6,444","6,444","0","7","754","1,625","1,068","913","943","691","385","58","0","3,039","3,039","0","4","355","1,011","664","423","337","171","64","10","0","3,405","3,405","0","3","399","614","404","490","606","520","321","48","0"
"경기도 파주시 운정3동(4148057000)","7,737","7,737","5","13","1,253","1,782","1,371","1,215","1,078","626","350","43","1","3,829","3,829","1","4","564","1,119","842","631","413","172","72","10","1","3,908","3,908","4","9","689","663","529","584","665","454","278","33","0"
"경기도 파주시 운정4동(4148058000)","3,577","3,577","1","4","331","693","726","780","580","260","178","24","0","1,919","1,919","1","2","173","422","459","446","267","98","45","6","0","1,658","1,658","0","2","158","271","267","334","313","162","133","18","0"
"경기도 파주시 운정5동(4148059000)","4,945","4,945","1","7","493","1,267","939","918","695","350","226","48","1","2,721","2,721","1","3","262","852","602","516","317","115","46","7","0","2,224","2,224","0","4","231","415","337","402","378","235","180","41","1"
"경기도 파주시 운정6동(4148060000)","3,925","3,925","0","1","690","1,375","543","398","485","298","118","17","0","2,144","2,144","0","0","326","848","342","218","259","122","26","3","0","1,781","1,781","0","1","364","527","201","180","226","176","92","14","0"
"경기도 이천시 (4150000000)","46,357","46,357","13","492","7,951","9,204","6,194","7,478","7,980","4,100","2,465","468","12","27,731","27,731","6","239","5,157","6,672","4,329","4,707","4,302","1,600","616","97","6","18,626","18,626","7","253","2,794","2,532","1,865","2,771","3,678","2,500","1,849","371","6"
"경기도 이천시 장호원읍(4150025000)","2,904","2,904","0","1","301","293","270","477","754","450","301","57","0","1,530","1,530","0","0","188","216","177","292","406","174","65","12","0","1,374","1,374","0","1","113","77","93","185","348","276","236","45","0"
"경기도 이천시 부발읍(4150025300)","7,412","7,412","1","5","1,508","1,711","1,106","1,199","1,075","505","269","33","0","4,878","4,878","1","3","1,154","1,312","785","772","576","206","60","9","0","2,534","2,534","0","2","354","399","321","427","499","299","209","24","0"
"경기도 이천시 신둔면(4150031000)","2,997","2,997","0","69","276","413","420","643","673","312","157","34","0","1,804","1,804","0","36","162","288","296","434","384","148","49","7","0","1,193","1,193","0","33","114","125","124","209","289","164","108","27","0"
"경기도 이천시 백사면(4150032000)","1,963","1,963","1","0","83","232","306","426","486","252","143","33","1","1,057","1,057","1","0","50","155","198","259","261","96","33","3","1","906","906","0","0","33","77","108","167","225","156","110","30","0"
"경기도 이천시 호법면(4150033000)","1,700","1,700","0","161","213","212","173","299","325","174","118","25","0","1,034","1,034","0","82","129","163","130","223","189","82","32","4","0","666","666","0","79","84","49","43","76","136","92","86","21","0"
"경기도 이천시 마장면(4150034000)","4,242","4,242","2","214","961","824","591","673","563","256","128","30","0","2,691","2,691","0","94","589","624","440","459","335","115","32","3","0","1,551","1,551","2","120","372","200","151","214","228","141","96","27","0"
"경기도 이천시 대월면(4150035000)","4,456","4,456","0","3","1,122","1,333","574","463","454","269","197","40","1","2,551","2,551","0","3","558","874","396","284","269","111","51","5","0","1,905","1,905","0","0","564","459","178","179","185","158","146","35","1"
"경기도 이천시 모가면(4150036000)","1,149","1,149","1","1","74","129","140","233","290","134","129","18","0","688","688","1","1","56","91","102","163","193","52","27","2","0","461","461","0","0","18","38","38","70","97","82","102","16","0"
"경기도 이천시 설성면(4150037000)","1,266","1,266","0","8","76","86","117","220","346","218","153","41","1","758","758","0","4","57","67","86","162","229","100","42","11","0","508","508","0","4","19","19","31","58","117","118","111","30","1"
"경기도 이천시 율면(4150038000)","723","723","0","0","23","41","41","117","203","122","131","42","3","381","381","0","0","15","33","35","82","125","43","37","10","1","342","342","0","0","8","8","6","35","78","79","94","32","2"
"경기도 이천시 창전동(4150051000)","4,411","4,411","4","16","752","858","584","751","791","396","227","30","2","2,412","2,412","2","8","450","587","404","415","348","137","52","8","1","1,999","1,999","2","8","302","271","180","336","443","259","175","22","1"
"경기도 이천시 증포동(4150051500)","5,358","5,358","3","5","784","1,185","932","927","855","423","205","39","0","2,848","2,848","0","2","445","785","617","488","342","119","42","8","0","2,510","2,510","3","3","339","400","315","439","513","304","163","31","0"
"경기도 이천시 중리동(4150052000)","5,351","5,351","0","4","1,514","1,464","553","580","662","361","182","27","4","3,678","3,678","0","2","1,158","1,172","402","375","363","132","61","10","3","1,673","1,673","0","2","356","292","151","205","299","229","121","17","1"
"경기도 이천시 관고동(4150053000)","2,425","2,425","1","5","264","423","387","470","503","228","125","19","0","1,421","1,421","1","4","146","305","261","299","282","85","33","5","0","1,004","1,004","0","1","118","118","126","171","221","143","92","14","0"
"경기도 안성시 (4155000000)","42,691","42,691","13","216","5,855","6,511","5,843","7,612","8,444","4,533","3,034","616","14","24,227","24,227","8","102","3,372","4,686","4,091","4,835","4,554","1,787","672","116","4","18,464","18,464","5","114","2,483","1,825","1,752","2,777","3,890","2,746","2,362","500","10"
"경기도 안성시 공도읍(4155025000)","11,409","11,409","4","15","1,269","2,340","1,953","2,145","1,954","1,039","581","104","5","6,288","6,288","3","7","755","1,636","1,313","1,231","877","330","111","24","1","5,121","5,121","1","8","514","704","640","914","1,077","709","470","80","4"
"경기도 안성시 보개면(4155031000)","1,090","1,090","1","0","45","79","97","190","305","176","156","40","1","600","600","1","0","25","60","72","138","190","76","35","3","0","490","490","0","0","20","19","25","52","115","100","121","37","1"
"경기도 안성시 금광면(4155032000)","1,728","1,728","1","0","103","150","184","338","449","274","183","46","0","804","804","0","0","39","100","101","193","229","97","38","7","0","924","924","1","0","64","50","83","145","220","177","145","39","0"
"경기도 안성시 서운면(4155033000)","724","724","0","0","30","52","63","127","188","120","115","28","1","403","403","0","0","23","36","44","99","127","49","22","3","0","321","321","0","0","7","16","19","28","61","71","93","25","1"
"경기도 안성시 미양면(4155034000)","1,492","1,492","0","1","84","166","203","321","344","207","140","26","0","972","972","0","1","60","133","158","236","234","109","36","5","0","520","520","0","0","24","33","45","85","110","98","104","21","0"
"경기도 안성시 대덕면(4155035000)","4,808","4,808","1","37","1,167","781","810","794","728","305","150","35","0","3,269","3,269","1","15","668","617","662","623","471","161","42","9","0","1,539","1,539","0","22","499","164","148","171","257","144","108","26","0"
"경기도 안성시 양성면(4155036000)","1,352","1,352","0","0","59","92","117","252","375","193","196","68","0","750","750","0","0","38","64","81","174","243","89","46","15","0","602","602","0","0","21","28","36","78","132","104","150","53","0"
"경기도 안성시 원곡면(4155038000)","1,934","1,934","0","20","173","305","343","470","392","128","93","10","0","1,325","1,325","0","14","133","239","259","332","252","69","25","2","0","609","609","0","6","40","66","84","138","140","59","68","8","0"
"경기도 안성시 일죽면(4155039000)","1,838","1,838","0","2","59","127","164","355","497","332","256","44","2","991","991","0","1","32","93","124","238","288","150","55","8","2","847","847","0","1","27","34","40","117","209","182","201","36","0"
"경기도 안성시 죽산면(4155040000)","2,064","2,064","2","29","118","202","205","427","541","282","210","47","1","1,213","1,213","2","13","79","146","156","298","327","128","55","9","0","851","851","0","16","39","56","49","129","214","154","155","38","1"
"경기도 안성시 삼죽면(4155041000)","1,376","1,376","0","67","377","94","117","184","253","140","121","22","1","724","724","0","28","176","69","78","116","159","64","24","10","0","652","652","0","39","201","25","39","68","94","76","97","12","1"
"경기도 안성시 고삼면(4155042000)","541","541","0","0","45","61","42","105","153","64","60","11","0","316","316","0","0","31","40","32","72","85","29","25","2","0","225","225","0","0","14","21","10","33","68","35","35","9","0"
"경기도 안성시 안성1동(4155051000)","2,447","2,447","0","7","273","258","272","429","559","346","261","40","2","1,281","1,281","0","4","167","184","175","261","293","130","61","6","0","1,166","1,166","0","3","106","74","97","168","266","216","200","34","2"
"경기도 안성시 안성2동(4155052000)","5,754","5,754","3","17","1,220","1,120","718","845","993","532","260","46","0","3,155","3,155","1","6","657","799","486","487","480","185","49","5","0","2,599","2,599","2","11","563","321","232","358","513","347","211","41","0"
"경기도 안성시 안성3동(4155053000)","4,134","4,134","1","21","833","684","555","630","713","395","252","49","1","2,136","2,136","0","13","489","470","350","337","299","121","48","8","1","1,998","1,998","1","8","344","214","205","293","414","274","204","41","0"
"경기도 김포시 (4157000000)","70,976","70,976","23","126","8,745","13,630","11,163","12,098","13,098","7,510","3,896","669","18","38,350","38,350","12","61","4,448","8,519","7,362","7,433","6,684","2,788","929","109","5","32,626","32,626","11","65","4,297","5,111","3,801","4,665","6,414","4,722","2,967","560","13"
"경기도 김포시 통진읍(4157025000)","9,102","9,102","6","23","962","1,221","1,159","1,846","2,095","1,010","618","159","3","5,504","5,504","3","13","678","864","823","1,264","1,267","424","145","23","0","3,598","3,598","3","10","284","357","336","582","828","586","473","136","3"
"경기도 김포시 고촌읍(4157025300)","4,907","4,907","0","2","522","1,070","907","757","903","470","240","35","1","2,542","2,542","0","1","227","679","547","455","389","169","67","7","1","2,365","2,365","0","1","295","391","360","302","514","301","173","28","0"
"경기도 김포시 양촌읍(4157025600)","7,856","7,856","4","10","845","1,304","1,043","1,507","1,683","935","441","84","0","4,788","4,788","1","5","550","867","779","1,054","992","403","123","14","0","3,068","3,068","3","5","295","437","264","453","691","532","318","70","0"
"경기도 김포시 대곶면(4157034000)","3,026","3,026","3","4","127","283","370","752","891","358","185","52","1","2,152","2,152","3","2","93","210","298","604","657","215","59","11","0","874","874","0","2","34","73","72","148","234","143","126","41","1"
"경기도 김포시 월곶면(4157035000)","1,817","1,817","0","0","80","154","176","386","540","281","150","48","2","1,162","1,162","0","0","53","113","126","291","361","156","58","4","0","655","655","0","0","27","41","50","95","179","125","92","44","2"
"경기도 김포시 하성면(4157036000)","1,939","1,939","1","4","78","159","182","398","596","305","182","33","1","1,216","1,216","1","3","57","115","144","290","404","150","48","4","0","723","723","0","1","21","44","38","108","192","155","134","29","1"
"경기도 김포시 김포본동(4157051500)","5,484","5,484","0","4","338","858","813","1,060","1,167","784","408","51","1","2,614","2,614","0","3","164","546","502","550","523","246","72","7","1","2,870","2,870","0","1","174","312","311","510","644","538","336","44","0"
"경기도 김포시 장기본동(4157052500)","2,633","2,633","2","3","216","529","487","455","442","291","178","29","1","1,238","1,238","1","1","107","310","299","243","148","81","41","6","1","1,395","1,395","1","2","109","219","188","212","294","210","137","23","0"
"경기도 김포시 사우동(4157054000)","3,540","3,540","0","6","252","490","506","712","794","451","284","42","3","1,791","1,791","0","2","132","298","338","437","373","153","51","6","1","1,749","1,749","0","4","120","192","168","275","421","298","233","36","2"
"경기도 김포시 풍무동(4157055000)","6,572","6,572","2","8","1,235","1,569","978","937","855","615","335","36","2","2,867","2,867","2","3","390","838","602","456","311","184","70","10","1","3,705","3,705","0","5","845","731","376","481","544","431","265","26","1"
"경기도 김포시 장기동(4157056000)","4,648","4,648","4","7","629","969","826","738","718","521","218","18","0","2,342","2,342","1","2","324","608","518","394","287","162","45","1","0","2,306","2,306","3","5","305","361","308","344","431","359","173","17","0"
"경기도 김포시 구래동(4157057000)","9,353","9,353","1","31","2,352","2,906","1,615","950","845","450","177","24","2","5,121","5,121","0","12","1,143","1,808","1,040","562","366","148","37","5","0","4,232","4,232","1","19","1,209","1,098","575","388","479","302","140","19","2"
"경기도 김포시 마산동(4157057500)","5,405","5,405","0","7","534","1,068","1,096","842","917","610","297","33","1","2,828","2,828","0","3","290","681","755","461","383","180","68","7","0","2,577","2,577","0","4","244","387","341","381","534","430","229","26","1"
"경기도 김포시 운양동(4157058000)","4,694","4,694","0","17","575","1,050","1,005","758","652","429","183","25","0","2,185","2,185","0","11","240","582","591","372","223","117","45","4","0","2,509","2,509","0","6","335","468","414","386","429","312","138","21","0"
"경기도 화성시 (4159000000)","156,014","156,014","47","373","29,464","40,313","24,279","23,366","21,523","10,429","5,230","963","27","97,700","97,700","23","175","17,804","28,890","17,677","15,545","11,981","4,139","1,321","139","6","58,314","58,314","24","198","11,660","11,423","6,602","7,821","9,542","6,290","3,909","824","21"
"경기도 화성시 봉담읍(4159025300)","15,139","15,139","4","94","2,423","3,236","2,493","2,464","2,396","1,292","621","113","3","8,828","8,828","2","38","1,250","2,292","1,799","1,549","1,258","482","142","16","0","6,311","6,311","2","56","1,173","944","694","915","1,138","810","479","97","3"
"경기도 화성시 우정읍(4159025600)","4,966","4,966","2","4","423","561","684","1,205","1,172","541","308","66","0","3,217","3,217","1","3","322","427","548","873","718","230","82","13","0","1,749","1,749","1","1","101","134","136","332","454","311","226","53","0"
"경기도 화성시 향남읍(4159025900)","18,837","18,837","13","61","3,120","4,676","3,570","3,184","2,480","1,061","570","100","2","12,524","12,524","9","28","1,888","3,597","2,788","2,224","1,416","423","136","14","1","6,313","6,313","4","33","1,232","1,079","782","960","1,064","638","434","86","1"
"경기도 화성시 남양읍(4159026200)","14,081","14,081","3","19","2,683","3,414","2,160","2,250","2,064","919","462","101","6","9,324","9,324","0","10","1,825","2,604","1,656","1,502","1,161","424","125","15","2","4,757","4,757","3","9","858","810","504","748","903","495","337","86","4"
"경기도 화성시 매송면(4159031000)","1,642","1,642","0","0","84","152","180","359","465","243","141","18","0","997","997","0","0","63","108","132","253","303","104","30","4","0","645","645","0","0","21","44","48","106","162","139","111","14","0"
"경기도 화성시 비봉면(4159032000)","3,002","3,002","1","6","331","607","337","503","682","326","165","42","2","1,994","1,994","0","3","216","432","258","372","471","188","51","2","1","1,008","1,008","1","3","115","175","79","131","211","138","114","40","1"
"경기도 화성시 마도면(4159033000)","2,372","2,372","0","0","153","360","393","546","558","219","118","25","0","1,756","1,756","0","0","117","306","352","417","397","122","43","2","0","616","616","0","0","36","54","41","129","161","97","75","23","0"
"경기도 화성시 송산면(4159034000)","2,813","2,813","0","4","160","247","327","636","762","390","224","63","0","1,797","1,797","0","1","110","189","272","468","491","189","64","13","0","1,016","1,016","0","3","50","58","55","168","271","201","160","50","0"
"경기도 화성시 서신면(4159035000)","2,215","2,215","0","0","101","161","217","489","688","325","193","40","1","1,395","1,395","0","0","71","128","181","346","429","176","54","10","0","820","820","0","0","30","33","36","143","259","149","139","30","1"
"경기도 화성시 팔탄면(4159036000)","3,790","3,790","2","10","305","477","534","939","937","341","189","53","3","2,811","2,811","0","9","244","386","461","775","697","191","43","4","1","979","979","2","1","61","91","73","164","240","150","146","49","2"
"경기도 화성시 장안면(4159037000)","3,102","3,102","0","3","206","330","388","764","815","336","226","34","0","2,170","2,170","0","3","154","254","335","620","577","167","52","8","0","932","932","0","0","52","76","53","144","238","169","174","26","0"
"경기도 화성시 양감면(4159040000)","1,486","1,486","0","3","113","165","209","351","416","135","79","15","0","1,135","1,135","0","3","94","137","180","301","320","75","22","3","0","351","351","0","0","19","28","29","50","96","60","57","12","0"
"경기도 화성시 정남면(4159041000)","3,387","3,387","2","19","293","477","484","791","770","320","186","44","1","2,489","2,489","1","2","219","402","419","667","563","148","61","7","0","898","898","1","17","74","75","65","124","207","172","125","37","1"
"경기도 화성시 새솔동(4159051500)","1,119","1,119","1","2","90","280","290","226","175","48","6","1","0","640","640","1","1","49","204","194","98","76","16","1","0","0","479","479","0","1","41","76","96","128","99","32","5","1","0"
"경기도 화성시 진안동(4159052000)","10,401","10,401","1","18","2,249","3,105","1,850","1,430","1,017","484","212","35","0","7,227","7,227","0","10","1,638","2,403","1,450","975","537","165","44","5","0","3,174","3,174","1","8","611","702","400","455","480","319","168","30","0"
"경기도 화성시 병점1동(4159053000)","6,201","6,201","1","15","2,102","1,669","625","622","582","390","178","16","1","3,708","3,708","1","7","1,279","1,215","415","365","264","114","46","2","0","2,493","2,493","0","8","823","454","210","257","318","276","132","14","1"
"경기도 화성시 병점2동(4159054000)","2,445","2,445","2","3","336","483","367","397","374","299","161","22","1","1,193","1,193","1","1","203","330","229","207","133","60","29","0","0","1,252","1,252","1","2","133","153","138","190","241","239","132","22","1"
"경기도 화성시 반월동(4159055000)","2,541","2,541","0","1","326","923","464","325","294","134","57","17","0","1,597","1,597","0","1","250","674","318","184","120","28","18","4","0","944","944","0","0","76","249","146","141","174","106","39","13","0"
"경기도 화성시 기배동(4159056000)","1,474","1,474","0","7","128","269","237","284","284","149","96","19","1","821","821","0","3","76","184","183","163","134","49","29","0","0","653","653","0","4","52","85","54","121","150","100","67","19","1"
"경기도 화성시 화산동(4159057000)","5,348","5,348","0","36","847","956","900","1,016","880","458","219","34","2","3,334","3,334","0","21","535","714","662","685","485","176","54","1","1","2,014","2,014","0","15","312","242","238","331","395","282","165","33","1"
"경기도 화성시 동탄1동(4159058500)","7,744","7,744","1","10","2,651","2,992","963","553","310","161","86","16","1","4,925","4,925","1","5","1,604","2,087","654","357","147","48","21","1","0","2,819","2,819","0","5","1,047","905","309","196","163","113","65","15","1"
"경기도 화성시 동탄2동(4159058600)","2,081","2,081","1","11","260","488","357","339","316","200","95","14","0","1,061","1,061","0","4","160","327","225","171","101","53","20","0","0","1,020","1,020","1","7","100","161","132","168","215","147","75","14","0"
"경기도 화성시 동탄3동(4159058700)","6,855","6,855","2","7","2,467","2,221","847","553","349","262","133","14","0","4,297","4,297","2","1","1,530","1,647","597","328","110","53","26","3","0","2,558","2,558","0","6","937","574","250","225","239","209","107","11","0"
"경기도 화성시 동탄4동(4159058800)","1,690","1,690","3","6","161","626","340","227","201","92","31","3","0","862","862","0","4","88","382","203","95","62","20","7","1","0","828","828","3","2","73","244","137","132","139","72","24","2","0"
"경기도 화성시 동탄5동(4159059000)","8,905","8,905","0","6","1,810","3,021","1,427","936","889","547","237","30","2","4,863","4,863","0","3","940","1,910","837","509","397","198","61","8","0","4,042","4,042","0","3","870","1,111","590","427","492","349","176","22","2"
"경기도 화성시 동탄6동(4159060000)","7,972","7,972","2","15","2,812","2,985","1,021","581","342","149","56","9","0","4,628","4,628","1","5","1,348","2,007","686","372","148","46","15","0","0","3,344","3,344","1","10","1,464","978","335","209","194","103","41","9","0"
"경기도 화성시 동탄7동(4159061000)","6,613","6,613","1","5","1,143","2,480","1,240","710","639","291","101","2","1","3,661","3,661","0","4","610","1,601","757","336","234","93","26","0","0","2,952","2,952","1","1","533","879","483","374","405","198","75","2","1"
"경기도 화성시 동탄8동(4159062000)","3,114","3,114","1","1","410","1,197","711","326","296","130","32","10","0","1,822","1,822","1","1","223","804","475","162","102","44","7","3","0","1,292","1,292","0","0","187","393","236","164","194","86","25","7","0"
"경기도 화성시 동탄9동(4159063000)","4,679","4,679","4","7","1,277","1,755","664","360","370","187","48","7","0","2,624","2,624","2","4","698","1,139","411","171","130","57","12","0","0","2,055","2,055","2","3","579","616","253","189","240","130","36","7","0"
"경기도 광주시 (4161000000)","62,210","62,210","20","137","4,952","10,289","10,829","13,085","13,034","6,392","2,987","468","17","36,063","36,063","11","81","2,879","6,965","7,445","8,270","6,901","2,620","805","82","4","26,147","26,147","9","56","2,073","3,324","3,384","4,815","6,133","3,772","2,182","386","13"
"경기도 광주시 초월읍(4161025300)","7,974","7,974","3","50","634","1,304","1,275","1,818","1,749","722","365","52","2","4,871","4,871","2","25","382","910","907","1,199","1,020","320","97","8","1","3,103","3,103","1","25","252","394","368","619","729","402","268","44","1"
"경기도 광주시 곤지암읍(4161025900)","5,514","5,514","3","19","400","696","835","1,241","1,345","619","303","53","0","3,487","3,487","3","11","262","500","601","881","829","304","85","11","0","2,027","2,027","0","8","138","196","234","360","516","315","218","42","0"
"경기도 광주시 도척면(4161033000)","2,642","2,642","1","3","184","319","374","608","636","318","154","44","1","1,717","1,717","0","2","120","229","289","433","415","176","45","7","1","925","925","1","1","64","90","85","175","221","142","109","37","0"
"경기도 광주시 퇴촌면(4161034000)","3,134","3,134","1","4","92","228","379","661","960","515","251","40","3","1,663","1,663","1","4","57","137","261","406","495","224","73","5","0","1,471","1,471","0","0","35","91","118","255","465","291","178","35","3"
"경기도 광주시 남종면(4161035000)","400","400","0","0","6","27","31","81","131","72","40","11","1","234","234","0","0","2","17","21","49","84","39","19","2","1","166","166","0","0","4","10","10","32","47","33","21","9","0"
"경기도 광주시 남한산성면(4161037000)","511","511","0","0","11","38","37","108","156","94","53","13","1","294","294","0","0","6","23","25","66","107","48","14","5","0","217","217","0","0","5","15","12","42","49","46","39","8","1"
"경기도 광주시 경안동(4161051000)","5,466","5,466","4","20","715","1,003","733","1,006","1,071","593","283","38","0","3,044","3,044","2","15","369","651","490","652","595","208","55","7","0","2,422","2,422","2","5","346","352","243","354","476","385","228","31","0"
"경기도 광주시 송정동(4161052000)","3,793","3,793","1","3","333","603","620","848","808","381","176","20","0","2,187","2,187","0","1","197","406","421","549","411","148","49","5","0","1,606","1,606","1","2","136","197","199","299","397","233","127","15","0"
"경기도 광주시 쌍령동(4161054000)","1,912","1,912","1","5","155","305","321","367","440","214","95","9","0","1,018","1,018","0","3","89","201","237","197","194","73","21","3","0","894","894","1","2","66","104","84","170","246","141","74","6","0"
"경기도 광주시 탄벌동(4161055000)","5,794","5,794","2","5","384","931","1,083","1,323","1,249","571","222","23","1","3,349","3,349","2","3","235","671","751","780","602","232","70","3","0","2,445","2,445","0","2","149","260","332","543","647","339","152","20","1"
"경기도 광주시 광남1동(4161056000)","4,909","4,909","1","2","337","706","927","1,072","1,084","523","227","28","2","2,897","2,897","1","1","183","479","668","715","556","213","76","5","0","2,012","2,012","0","1","154","227","259","357","528","310","151","23","2"
"경기도 광주시 광남2동(4161057000)","1,974","1,974","0","7","112","383","449","367","333","208","100","14","1","990","990","0","6","61","254","293","178","109","58","29","2","0","984","984","0","1","51","129","156","189","224","150","71","12","1"
"경기도 광주시 오포1동(4161058000)","3,420","3,420","0","4","156","522","725","777","723","334","150","28","1","2,052","2,052","0","1","97","372","506","504","393","131","41","6","1","1,368","1,368","0","3","59","150","219","273","330","203","109","22","0"
"경기도 광주시 오포2동(4161059000)","4,216","4,216","2","2","347","611","787","950","794","444","246","31","2","2,469","2,469","0","2","211","423","550","638","429","157","53","6","0","1,747","1,747","2","0","136","188","237","312","365","287","193","25","2"
"경기도 광주시 신현동(4161060000)","6,782","6,782","1","7","759","1,824","1,496","1,135","923","433","167","36","1","3,707","3,707","0","3","421","1,165","920","615","376","161","41","5","0","3,075","3,075","1","4","338","659","576","520","547","272","126","31","1"
"경기도 광주시 능평동(4161061000)","3,769","3,769","0","6","327","789","757","723","632","351","155","28","1","2,084","2,084","0","4","187","527","505","408","286","128","37","2","0","1,685","1,685","0","2","140","262","252","315","346","223","118","26","1"
"경기도 양주시 (4163000000)","46,992","46,992","16","123","5,083","7,183","6,466","8,668","9,650","5,717","3,420","646","20","26,001","26,001","8","44","2,987","4,838","4,312","5,365","5,115","2,317","904","106","5","20,991","20,991","8","79","2,096","2,345","2,154","3,303","4,535","3,400","2,516","540","15"
"경기도 양주시 백석읍(4163025000)","4,710","4,710","2","4","304","380","487","939","1,222","715","537","119","1","2,462","2,462","1","2","205","259","318","584","664","287","123","19","0","2,248","2,248","1","2","99","121","169","355","558","428","414","100","1"
"경기도 양주시 은현면(4163031000)","1,685","1,685","1","12","181","126","153","380","448","224","128","31","1","1,155","1,155","0","10","133","102","117","305","322","129","30","7","0","530","530","1","2","48","24","36","75","126","95","98","24","1"
"경기도 양주시 남면(4163032000)","2,009","2,009","0","51","212","186","201","400","501","258","161","37","2","1,328","1,328","0","2","166","150","162","307","360","129","46","5","1","681","681","0","49","46","36","39","93","141","129","115","32","1"
"경기도 양주시 광적면(4163033000)","2,860","2,860","1","4","164","233","332","711","793","395","197","28","2","1,863","1,863","0","4","114","170","265","512","532","204","57","5","0","997","997","1","0","50","63","67","199","261","191","140","23","2"
"경기도 양주시 장흥면(4163034000)","3,047","3,047","0","1","177","242","262","492","784","506","424","153","6","1,564","1,564","0","0","130","168","171","302","425","215","130","20","3","1,483","1,483","0","1","47","74","91","190","359","291","294","133","3"
"경기도 양주시 양주1동(4163051000)","1,212","1,212","0","2","47","86","108","223","364","202","144","36","0","670","670","0","1","32","51","74","146","239","91","32","4","0","542","542","0","1","15","35","34","77","125","111","112","32","0"
"경기도 양주시 양주2동(4163052000)","6,207","6,207","1","10","559","790","935","1,231","1,195","899","512","73","2","3,075","3,075","1","2","302","524","610","708","487","293","133","15","0","3,132","3,132","0","8","257","266","325","523","708","606","379","58","2"
"경기도 양주시 회천1동(4163053000)","1,966","1,966","0","9","316","242","228","376","422","217","133","21","2","1,199","1,199","0","4","224","174","163","259","247","87","39","2","0","767","767","0","5","92","68","65","117","175","130","94","19","2"
"경기도 양주시 회천2동(4163054000)","7,033","7,033","5","17","648","1,173","1,091","1,353","1,461","822","419","42","2","3,770","3,770","2","13","337","788","709","806","706","298","104","7","0","3,263","3,263","3","4","311","385","382","547","755","524","315","35","2"
"경기도 양주시 회천3동(4163055000)","3,818","3,818","2","4","408","485","521","757","731","499","365","45","1","1,951","1,951","1","2","222","325","361","460","336","161","71","11","1","1,867","1,867","1","2","186","160","160","297","395","338","294","34","0"
"경기도 양주시 옥정1동(4163057000)","6,722","6,722","2","5","1,140","1,756","1,057","924","944","598","249","46","1","3,913","3,913","1","3","659","1,164","678","523","499","292","87","7","0","2,809","2,809","1","2","481","592","379","401","445","306","162","39","1"
"경기도 양주시 옥정2동(4163058000)","5,723","5,723","2","4","927","1,484","1,091","882","785","382","151","15","0","3,051","3,051","2","1","463","963","684","453","298","131","52","4","0","2,672","2,672","0","3","464","521","407","429","487","251","99","11","0"
"경기도 포천시 (4165000000)","35,322","35,322","11","50","3,076","3,490","3,622","7,454","9,502","4,618","2,938","540","21","21,111","21,111","6","25","1,974","2,504","2,643","5,155","5,819","2,146","740","93","6","14,211","14,211","5","25","1,102","986","979","2,299","3,683","2,472","2,198","447","15"
"경기도 포천시 소흘읍(4165025000)","7,818","7,818","5","18","600","751","908","1,826","2,021","923","631","129","6","4,412","4,412","2","11","338","513","618","1,205","1,152","391","162","19","1","3,406","3,406","3","7","262","238","290","621","869","532","469","110","5"
"경기도 포천시 군내면(4165031000)","2,403","2,403","1","2","190","386","320","477","575","280","142","30","0","1,475","1,475","0","1","109","246","222","335","369","150","38","5","0","928","928","1","1","81","140","98","142","206","130","104","25","0"
"경기도 포천시 내촌면(4165032000)","1,472","1,472","1","0","50","86","131","369","496","205","114","19","1","1,020","1,020","1","0","36","65","107","289","358","118","41","4","1","452","452","0","0","14","21","24","80","138","87","73","15","0"
"경기도 포천시 가산면(4165033000)","2,370","2,370","0","1","102","184","253","672","745","262","134","17","0","1,716","1,716","0","1","64","136","211","543","555","157","47","2","0","654","654","0","0","38","48","42","129","190","105","87","15","0"
"경기도 포천시 신북면(4165034000)","3,309","3,309","1","3","243","292","341","750","980","431","234","33","1","2,115","2,115","0","1","154","215","258","550","655","223","53","6","0","1,194","1,194","1","2","89","77","83","200","325","208","181","27","1"
"경기도 포천시 창수면(4165035000)","599","599","0","0","41","18","51","106","185","97","88","13","0","368","368","0","0","32","15","36","80","126","57","18","4","0","231","231","0","0","9","3","15","26","59","40","70","9","0"
"경기도 포천시 영중면(4165036000)","1,485","1,485","1","1","56","92","104","298","477","262","168","26","0","855","855","1","1","25","61","80","219","301","118","45","4","0","630","630","0","0","31","31","24","79","176","144","123","22","0"
"경기도 포천시 일동면(4165037000)","2,535","2,535","0","5","222","230","232","391","665","415","294","79","2","1,387","1,387","0","5","147","174","164","257","385","178","67","10","0","1,148","1,148","0","0","75","56","68","134","280","237","227","69","2"
"경기도 포천시 이동면(4165038000)","1,761","1,761","0","1","339","245","119","199","397","255","180","25","1","1,103","1,103","0","0","270","207","93","135","219","119","55","5","0","658","658","0","1","69","38","26","64","178","136","125","20","1"
"경기도 포천시 영북면(4165039000)","2,269","2,269","0","2","341","200","156","344","554","355","265","47","5","1,364","1,364","0","0","285","171","124","238","331","148","52","12","3","905","905","0","2","56","29","32","106","223","207","213","35","2"
"경기도 포천시 관인면(4165040000)","709","709","0","1","36","33","39","117","212","141","116","11","3","386","386","0","1","30","23","27","78","131","62","29","4","1","323","323","0","0","6","10","12","39","81","79","87","7","2"
"경기도 포천시 화현면(4165041000)","734","734","0","0","61","81","54","126","195","120","90","7","0","451","451","0","0","35","58","45","88","130","69","24","2","0","283","283","0","0","26","23","9","38","65","51","66","5","0"
"경기도 포천시 포천동(4165051000)","4,167","4,167","1","4","431","554","442","841","1,048","514","284","48","0","2,187","2,187","1","1","232","374","300","497","526","192","60","4","0","1,980","1,980","0","3","199","180","142","344","522","322","224","44","0"
"경기도 포천시 선단동(4165052000)","3,691","3,691","1","12","364","338","472","938","952","358","198","56","2","2,272","2,272","1","3","217","246","358","641","581","164","49","12","0","1,419","1,419","0","9","147","92","114","297","371","194","149","44","2"
"경기도 여주시 (4167000000)","24,840","24,840","3","38","2,078","2,817","2,883","4,844","6,047","3,487","2,195","431","17","13,406","13,406","0","16","1,175","1,807","1,854","2,989","3,391","1,505","575","91","3","11,434","11,434","3","22","903","1,010","1,029","1,855","2,656","1,982","1,620","340","14"
"경기도 여주시 가남읍(4167025000)","3,540","3,540","0","6","257","435","482","690","855","447","312","55","1","2,024","2,024","0","2","163","303","321","431","493","204","89","18","0","1,516","1,516","0","4","94","132","161","259","362","243","223","37","1"
"경기도 여주시 점동면(4167031000)","1,003","1,003","0","0","19","57","84","204","265","188","149","35","2","524","524","0","0","9","37","50","133","162","94","30","8","1","479","479","0","0","10","20","34","71","103","94","119","27","1"
"경기도 여주시 흥천면(4167032000)","1,094","1,094","0","0","26","53","79","203","350","215","138","29","1","634","634","0","0","19","38","60","136","225","112","37","7","0","460","460","0","0","7","15","19","67","125","103","101","22","1"
"경기도 여주시 금사면(4167033000)","783","783","0","0","7","34","54","156","260","165","89","17","1","442","442","0","0","4","20","37","111","165","70","32","3","0","341","341","0","0","3","14","17","45","95","95","57","14","1"
"경기도 여주시 세종대왕면(4167034500)","1,433","1,433","0","3","48","76","109","240","421","255","214","66","1","784","784","0","1","35","43","82","175","260","122","57","8","1","649","649","0","2","13","33","27","65","161","133","157","58","0"
"경기도 여주시 대신면(4167035000)","1,707","1,707","0","0","85","79","111","273","538","344","225","49","3","937","937","0","0","65","57","80","185","340","153","48","9","0","770","770","0","0","20","22","31","88","198","191","177","40","3"
"경기도 여주시 북내면(4167036000)","1,196","1,196","0","5","35","69","97","230","356","191","175","36","2","649","649","0","4","22","44","65","154","218","86","46","9","1","547","547","0","1","13","25","32","76","138","105","129","27","1"
"경기도 여주시 강천면(4167037000)","1,235","1,235","0","0","53","105","135","270","334","186","122","29","1","682","682","0","0","36","61","80","169","194","90","47","5","0","553","553","0","0","17","44","55","101","140","96","75","24","1"
"경기도 여주시 산북면(4167038000)","565","565","0","0","17","53","32","104","179","103","64","11","2","314","314","0","0","6","38","17","73","112","50","17","1","0","251","251","0","0","11","15","15","31","67","53","47","10","2"
"경기도 여주시 여흥동(4167051000)","4,898","4,898","2","16","718","622","662","982","976","547","320","52","1","2,618","2,618","0","6","409","399","428","574","502","209","79","12","0","2,280","2,280","2","10","309","223","234","408","474","338","241","40","1"
"경기도 여주시 중앙동(4167052000)","4,369","4,369","0","5","579","763","532","845","869","518","225","33","0","2,241","2,241","0","1","280","466","345","485","408","188","63","5","0","2,128","2,128","0","4","299","297","187","360","461","330","162","28","0"
"경기도 여주시 오학동(4167053000)","3,017","3,017","1","3","234","471","506","647","644","328","162","19","2","1,557","1,557","0","2","127","301","289","363","312","127","30","6","0","1,460","1,460","1","1","107","170","217","284","332","201","132","13","2"
"경기도 연천군 (4180000000)","10,937","10,937","0","7","1,327","1,001","795","1,749","2,708","1,776","1,343","227","4","6,263","6,263","0","4","1,038","768","582","1,152","1,587","782","312","37","1","4,674","4,674","0","3","289","233","213","597","1,121","994","1,031","190","3"
"경기도 연천군 연천읍(4180025000)","2,093","2,093","0","1","401","322","143","259","379","284","261","43","0","1,257","1,257","0","0","324","258","103","173","226","111","55","7","0","836","836","0","1","77","64","40","86","153","173","206","36","0"
"경기도 연천군 전곡읍(4180025300)","3,963","3,963","0","6","400","415","341","719","1,010","600","389","81","2","2,179","2,179","0","4","265","305","230","453","545","266","95","15","1","1,784","1,784","0","2","135","110","111","266","465","334","294","66","1"
"경기도 연천군 군남면(4180031000)","822","822","0","0","109","40","45","121","208","147","129","23","0","489","489","0","0","96","31","38","80","139","73","27","5","0","333","333","0","0","13","9","7","41","69","74","102","18","0"
"경기도 연천군 청산면(4180032000)","1,448","1,448","0","0","257","79","123","223","368","223","149","24","2","878","878","0","0","221","67","87","160","218","89","34","2","0","570","570","0","0","36","12","36","63","150","134","115","22","2"
"경기도 연천군 백학면(4180033000)","674","674","0","0","21","49","45","126","187","122","112","12","0","383","383","0","0","13","37","42","90","114","60","26","1","0","291","291","0","0","8","12","3","36","73","62","86","11","0"
"경기도 연천군 미산면(4180034000)","512","512","0","0","17","32","23","92","170","97","69","12","0","297","297","0","0","15","20","19","61","115","48","19","0","0","215","215","0","0","2","12","4","31","55","49","50","12","0"
"경기도 연천군 왕징면(4180035000)","312","312","0","0","9","14","21","51","81","78","49","9","0","180","180","0","0","7","10","18","36","51","40","15","3","0","132","132","0","0","2","4","3","15","30","38","34","6","0"
"경기도 연천군 신서면(4180036000)","873","873","0","0","91","38","44","117","227","183","154","19","0","470","470","0","0","77","32","36","77","133","77","34","4","0","403","403","0","0","14","6","8","40","94","106","120","15","0"
"경기도 연천군 중면(4180037000)","52","52","0","0","16","5","3","7","12","4","5","0","0","37","37","0","0","15","5","2","4","10","1","0","0","0","15","15","0","0","1","0","1","3","2","3","5","0","0"
"경기도 연천군 장남면(4180038000)","188","188","0","0","6","7","7","34","66","38","26","4","0","93","93","0","0","5","3","7","18","36","17","7","0","0","95","95","0","0","1","4","0","16","30","21","19","4","0"
"경기도 가평군 (4182000000)","16,622","16,622","1","31","1,245","1,483","1,608","3,076","4,658","2,594","1,633","284","9","8,970","8,970","1","12","769","1,014","1,032","1,938","2,564","1,129","453","56","2","7,652","7,652","0","19","476","469","576","1,138","2,094","1,465","1,180","228","7"
"경기도 가평군 가평읍(4182025000)","4,827","4,827","1","10","407","530","522","875","1,262","683","466","68","3","2,568","2,568","1","5","252","345","360","553","646","281","120","5","0","2,259","2,259","0","5","155","185","162","322","616","402","346","63","3"
"경기도 가평군 설악면(4182031000)","2,895","2,895","0","11","187","242","265","514","899","430","291","56","0","1,540","1,540","0","3","93","149","157","320","509","193","101","15","0","1,355","1,355","0","8","94","93","108","194","390","237","190","41","0"
"경기도 가평군 청평면(4182032500)","3,813","3,813","0","3","164","245","380","787","1,047","730","387","67","3","2,026","2,026","0","0","87","164","237","505","582","325","107","18","1","1,787","1,787","0","3","77","81","143","282","465","405","280","49","2"
"경기도 가평군 상면(4182033000)","1,673","1,673","0","1","143","115","133","327","510","252","167","25","0","953","953","0","1","122","85","73","195","311","113","45","8","0","720","720","0","0","21","30","60","132","199","139","122","17","0"
"경기도 가평군 조종면(4182034500)","2,162","2,162","0","5","295","290","205","329","521","304","176","35","2","1,229","1,229","0","2","186","231","135","212","280","136","41","5","1","933","933","0","3","109","59","70","117","241","168","135","30","1"
"경기도 가평군 북면(4182035000)","1,252","1,252","0","1","49","61","103","244","419","195","146","33","1","654","654","0","1","29","40","70","153","236","81","39","5","0","598","598","0","0","20","21","33","91","183","114","107","28","1"
"경기도 양평군 (4183000000)","28,062","28,062","3","30","1,427","2,329","2,823","5,390","8,175","4,687","2,639","549","10","14,538","14,538","1","20","826","1,467","1,738","3,137","4,459","2,084","716","87","3","13,524","13,524","2","10","601","862","1,085","2,253","3,716","2,603","1,923","462","7"
"경기도 양평군 양평읍(4183025000)","6,844","6,844","1","16","609","926","816","1,303","1,636","915","517","101","4","3,588","3,588","0","10","332","586","484","775","873","382","125","20","1","3,256","3,256","1","6","277","340","332","528","763","533","392","81","3"
"경기도 양평군 강상면(4183031000)","1,871","1,871","0","1","81","148","202","343","609","334","129","24","0","972","972","0","1","38","92","126","187","323","157","45","3","0","899","899","0","0","43","56","76","156","286","177","84","21","0"
"경기도 양평군 강하면(4183032000)","1,309","1,309","0","0","41","83","102","236","472","253","106","15","1","675","675","0","0","20","55","61","133","246","120","37","2","1","634","634","0","0","21","28","41","103","226","133","69","13","0"
"경기도 양평군 양서면(4183033000)","2,890","2,890","0","3","96","193","309","608","866","523","241","49","2","1,402","1,402","0","3","46","110","186","325","438","220","67","7","0","1,488","1,488","0","0","50","83","123","283","428","303","174","42","2"
"경기도 양평군 옥천면(4183034000)","2,033","2,033","0","1","142","169","208","391","610","314","167","31","0","1,101","1,101","0","0","101","115","135","229","330","149","37","5","0","932","932","0","1","41","54","73","162","280","165","130","26","0"
"경기도 양평군 서종면(4183035000)","2,459","2,459","0","1","61","194","277","544","759","394","184","45","0","1,247","1,247","0","0","38","113","166","306","392","164","59","9","0","1,212","1,212","0","1","23","81","111","238","367","230","125","36","0"
"경기도 양평군 단월면(4183036000)","1,113","1,113","0","0","22","46","96","235","340","208","139","27","0","603","603","0","0","13","33","66","136","203","107","40","5","0","510","510","0","0","9","13","30","99","137","101","99","22","0"
"경기도 양평군 청운면(4183037000)","1,160","1,160","0","0","32","41","84","213","355","250","152","33","0","610","610","0","0","18","26","60","130","216","117","37","6","0","550","550","0","0","14","15","24","83","139","133","115","27","0"
"경기도 양평군 양동면(4183038000)","1,241","1,241","0","3","26","55","98","193","387","261","165","53","0","643","643","0","3","16","32","63","116","239","122","46","6","0","598","598","0","0","10","23","35","77","148","139","119","47","0"
"경기도 양평군 지평면(4183039500)","1,771","1,771","1","2","45","75","119","303","585","344","236","60","1","912","912","0","1","27","51","69","186","347","165","58","7","1","859","859","1","1","18","24","50","117","238","179","178","53","0"
"경기도 양평군 용문면(4183040000)","4,120","4,120","1","1","227","330","403","797","1,154","659","458","89","1","2,118","2,118","1","0","144","214","251","468","625","280","122","13","0","2,002","2,002","0","1","83","116","152","329","529","379","336","76","1"
"경기도 양평군 개군면(4183041000)","1,251","1,251","0","2","45","69","109","224","402","232","145","22","1","667","667","0","2","33","40","71","146","227","101","43","4","0","584","584","0","0","12","29","38","78","175","131","102","18","1"
"강원특별자치도  (5100000000)","348,987","348,987","66","1,570","43,046","39,223","36,143","61,363","80,070","47,250","33,990","6,084","182","180,528","180,528","30","916","25,390","25,819","23,171","37,121","42,365","17,570","7,178","932","36","168,459","168,459","36","654","17,656","13,404","12,972","24,242","37,705","29,680","26,812","5,152","146"
"강원특별자치도 춘천시 (5111000000)","59,022","59,022","8","380","11,858","8,553","5,961","8,741","11,115","6,420","5,069","891","26","29,555","29,555","1","182","6,511","5,423","3,623","5,009","5,385","2,182","1,070","160","9","29,467","29,467","7","198","5,347","3,130","2,338","3,732","5,730","4,238","3,999","731","17"
"강원특별자치도 춘천시 신북읍(5111025000)","1,613","1,613","1","10","83","123","149","278","395","260","270","41","3","799","799","0","7","56","77","93","172","232","91","65","6","0","814","814","1","3","27","46","56","106","163","169","205","35","3"
"강원특별자치도 춘천시 동면(5111031000)","2,774","2,774","0","14","302","325","286","503","731","361","208","44","0","1,317","1,317","0","4","130","208","178","283","345","122","42","5","0","1,457","1,457","0","10","172","117","108","220","386","239","166","39","0"
"강원특별자치도 춘천시 동산면(5111032000)","386","386","0","0","14","19","28","64","126","66","57","12","0","224","224","0","0","9","15","17","44","88","34","14","3","0","162","162","0","0","5","4","11","20","38","32","43","9","0"
"강원특별자치도 춘천시 신동면(5111033000)","476","476","0","0","8","39","46","102","136","57","69","19","0","278","278","0","0","7","32","31","71","80","33","17","7","0","198","198","0","0","1","7","15","31","56","24","52","12","0"
"강원특별자치도 춘천시 남면(5111034000)","391","391","0","0","7","15","26","74","131","68","56","13","1","213","213","0","0","5","7","15","45","77","37","24","2","1","178","178","0","0","2","8","11","29","54","31","32","11","0"
"강원특별자치도 춘천시 서면(5111035000)","978","978","0","0","17","44","64","170","309","188","138","46","2","523","523","0","0","8","28","40","116","197","91","37","5","1","455","455","0","0","9","16","24","54","112","97","101","41","1"
"강원특별자치도 춘천시 사북면(5111036000)","759","759","0","0","23","34","50","122","235","141","126","28","0","368","368","0","0","16","21","29","65","134","69","30","4","0","391","391","0","0","7","13","21","57","101","72","96","24","0"
"강원특별자치도 춘천시 북산면(5111038000)","369","369","0","0","3","4","16","62","147","88","44","4","1","228","228","0","0","2","3","12","44","102","47","16","2","0","141","141","0","0","1","1","4","18","45","41","28","2","1"
"강원특별자치도 춘천시 동내면(5111039000)","3,493","3,493","2","10","479","703","499","586","595","323","227","67","2","1,845","1,845","1","7","256","454","305","345","308","99","55","14","1","1,648","1,648","1","3","223","249","194","241","287","224","172","53","1"
"강원특별자치도 춘천시 남산면(5111040000)","1,061","1,061","0","2","32","71","100","195","333","188","112","28","0","568","568","0","2","16","40","69","122","196","89","30","4","0","493","493","0","0","16","31","31","73","137","99","82","24","0"
"강원특별자치도 춘천시 교동(5111052000)","1,966","1,966","0","31","973","242","133","146","214","118","93","16","0","1,087","1,087","0","11","537","155","90","107","121","46","15","5","0","879","879","0","20","436","87","43","39","93","72","78","11","0"
"강원특별자치도 춘천시 조운동(5111053000)","1,007","1,007","0","4","155","123","107","151","194","124","118","30","1","486","486","0","1","73","76","61","98","99","50","23","5","0","521","521","0","3","82","47","46","53","95","74","95","25","1"
"강원특별자치도 춘천시 약사명동(5111054500)","868","868","0","2","69","156","110","138","166","113","99","15","0","418","418","0","1","30","104","68","82","76","32","21","4","0","450","450","0","1","39","52","42","56","90","81","78","11","0"
"강원특별자치도 춘천시 근화동(5111057000)","2,232","2,232","0","5","375","442","251","319","375","235","204","25","1","1,117","1,117","0","3","181","255","145","208","200","72","43","9","1","1,115","1,115","0","2","194","187","106","111","175","163","161","16","0"
"강원특별자치도 춘천시 소양동(5111058000)","1,684","1,684","0","49","316","219","167","217","321","204","169","20","2","795","795","0","22","145","149","110","118","152","55","38","4","2","889","889","0","27","171","70","57","99","169","149","131","16","0"
"강원특별자치도 춘천시 후평1동(5111060000)","3,559","3,559","1","15","769","596","333","498","659","348","294","44","2","1,790","1,790","0","7","386","372","204","294","337","126","56","7","1","1,769","1,769","1","8","383","224","129","204","322","222","238","37","1"
"강원특별자치도 춘천시 후평2동(5111061000)","2,450","2,450","1","4","480","490","247","302","394","265","223","43","1","1,034","1,034","0","2","228","272","141","143","146","77","21","3","1","1,416","1,416","1","2","252","218","106","159","248","188","202","40","0"
"강원특별자치도 춘천시 후평3동(5111061100)","3,374","3,374","1","8","330","430","310","547","772","488","417","70","1","1,427","1,427","0","3","163","257","183","265","313","156","75","12","0","1,947","1,947","1","5","167","173","127","282","459","332","342","58","1"
"강원특별자치도 춘천시 효자1동(5111062000)","772","772","0","1","85","86","72","119","181","114","96","18","0","401","401","0","1","48","66","51","78","91","31","31","4","0","371","371","0","0","37","20","21","41","90","83","65","14","0"
"강원특별자치도 춘천시 효자2동(5111063000)","6,391","6,391","0","152","3,021","667","442","590","699","429","350","39","2","3,715","3,715","0","84","1,868","447","285","395","390","158","80","7","1","2,676","2,676","0","68","1,153","220","157","195","309","271","270","32","1"
"강원특별자치도 춘천시 효자3동(5111064000)","1,957","1,957","1","9","873","309","138","201","221","114","80","10","1","1,021","1,021","0","1","442","204","89","124","109","39","10","3","0","936","936","1","8","431","105","49","77","112","75","70","7","1"
"강원특별자치도 춘천시 석사동(5111065000)","6,430","6,430","1","34","1,516","994","688","1,022","1,080","562","449","82","2","3,362","3,362","0","12","869","641","449","594","515","175","89","18","0","3,068","3,068","1","22","647","353","239","428","565","387","360","64","2"
"강원특별자치도 춘천시 퇴계동(5111066000)","6,635","6,635","0","18","917","1,168","824","1,107","1,254","707","555","84","1","2,932","2,932","0","8","446","708","447","544","488","174","104","13","0","3,703","3,703","0","10","471","460","377","563","766","533","451","71","1"
"강원특별자치도 춘천시 강남동(5111067500)","3,571","3,571","0","4","470","664","470","636","663","377","247","38","2","1,640","1,640","0","1","233","421","266","301","238","114","59","7","0","1,931","1,931","0","3","237","243","204","335","425","263","188","31","2"
"강원특별자치도 춘천시 신사우동(5111070500)","3,826","3,826","0","8","541","590","405","592","784","482","368","55","1","1,967","1,967","0","5","357","411","245","351","351","165","75","7","0","1,859","1,859","0","3","184","179","160","241","433","317","293","48","1"
"강원특별자치도 원주시 (5113000000)","73,526","73,526","16","237","10,613","11,715","9,115","13,080","14,935","7,510","5,266","1,012","27","37,297","37,297","6","132","5,525","7,106","5,639","7,451","7,436","2,717","1,136","143","6","36,229","36,229","10","105","5,088","4,609","3,476","5,629","7,499","4,793","4,130","869","21"
"강원특별자치도 원주시 문막읍(5113025000)","4,211","4,211","0","13","406","412","538","906","957","523","384","70","2","2,246","2,246","0","8","211","307","353","555","500","205","90","17","0","1,965","1,965","0","5","195","105","185","351","457","318","294","53","2"
"강원특별자치도 원주시 소초면(5113031000)","2,161","2,161","0","4","285","152","162","394","583","306","222","50","3","1,305","1,305","0","2","229","119","120","257","359","144","66","8","1","856","856","0","2","56","33","42","137","224","162","156","42","2"
"강원특별자치도 원주시 호저면(5113032000)","843","843","0","0","25","47","86","181","237","119","126","22","0","459","459","0","0","16","27","56","125","160","40","32","3","0","384","384","0","0","9","20","30","56","77","79","94","19","0"
"강원특별자치도 원주시 지정면(5113033000)","3,883","3,883","0","5","422","1,081","770","649","564","232","128","32","0","2,083","2,083","0","4","220","698","462","319","262","95","18","5","0","1,800","1,800","0","1","202","383","308","330","302","137","110","27","0"
"강원특별자치도 원주시 부론면(5113035000)","705","705","0","5","73","23","30","94","226","119","110","24","1","362","362","0","2","33","14","19","66","141","59","27","1","0","343","343","0","3","40","9","11","28","85","60","83","23","1"
"강원특별자치도 원주시 귀래면(5113036000)","618","618","0","0","12","15","37","93","222","121","92","26","0","333","333","0","0","5","9","27","65","141","59","24","3","0","285","285","0","0","7","6","10","28","81","62","68","23","0"
"강원특별자치도 원주시 흥업면(5113037000)","3,276","3,276","0","34","944","299","301","510","630","320","203","34","1","1,897","1,897","0","15","568","197","202","316","384","162","52","1","0","1,379","1,379","0","19","376","102","99","194","246","158","151","33","1"
"강원특별자치도 원주시 판부면(5113038000)","1,974","1,974","0","3","273","373","296","376","381","163","90","18","1","1,198","1,198","0","0","158","248","204","257","218","84","27","2","0","776","776","0","3","115","125","92","119","163","79","63","16","1"
"강원특별자치도 원주시 신림면(5113039000)","964","964","0","0","13","29","49","170","347","187","148","21","0","519","519","0","0","10","19","38","116","210","95","29","2","0","445","445","0","0","3","10","11","54","137","92","119","19","0"
"강원특별자치도 원주시 중앙동(5113051500)","1,022","1,022","0","0","21","32","102","216","306","148","150","45","2","553","553","0","0","11","21","65","160","197","66","30","3","0","469","469","0","0","10","11","37","56","109","82","120","42","2"
"강원특별자치도 원주시 원인동(5113052000)","1,171","1,171","0","0","144","146","105","202","261","155","135","23","0","497","497","0","0","66","73","64","111","111","45","24","3","0","674","674","0","0","78","73","41","91","150","110","111","20","0"
"강원특별자치도 원주시 개운동(5113053000)","2,395","2,395","0","3","181","246","218","479","603","355","251","57","2","1,051","1,051","0","2","76","152","129","252","272","117","44","7","0","1,344","1,344","0","1","105","94","89","227","331","238","207","50","2"
"강원특별자치도 원주시 명륜1동(5113054100)","1,385","1,385","0","6","76","95","120","249","367","233","205","33","1","593","593","0","4","36","62","76","139","157","69","46","4","0","792","792","0","2","40","33","44","110","210","164","159","29","1"
"강원특별자치도 원주시 명륜2동(5113054200)","4,134","4,134","2","14","489","594","430","756","931","525","331","62","0","1,991","1,991","1","5","236","377","260","401","452","176","73","10","0","2,143","2,143","1","9","253","217","170","355","479","349","258","52","0"
"강원특별자치도 원주시 단구동(5113055000)","8,141","8,141","1","18","1,310","1,542","1,182","1,504","1,378","667","471","68","0","4,045","4,045","0","9","683","971","735","806","582","176","72","11","0","4,096","4,096","1","9","627","571","447","698","796","491","399","57","0"
"강원특별자치도 원주시 일산동(5113056000)","2,557","2,557","0","4","767","401","197","297","402","246","188","53","2","1,125","1,125","0","2","289","224","129","172","185","80","38","6","0","1,432","1,432","0","2","478","177","68","125","217","166","150","47","2"
"강원특별자치도 원주시 학성동(5113057500)","1,160","1,160","0","7","76","60","108","201","331","177","154","44","2","529","529","0","6","45","30","62","131","170","48","31","5","1","631","631","0","1","31","30","46","70","161","129","123","39","1"
"강원특별자치도 원주시 단계동(5113059000)","5,300","5,300","0","12","805","1,074","752","901","1,042","434","236","41","3","2,519","2,519","0","4","403","665","426","442","415","116","41","6","1","2,781","2,781","0","8","402","409","326","459","627","318","195","35","2"
"강원특별자치도 원주시 우산동(5113060000)","3,312","3,312","0","26","956","363","370","524","606","273","165","27","2","2,022","2,022","0","19","604","258","269","362","360","110","29","9","2","1,290","1,290","0","7","352","105","101","162","246","163","136","18","0"
"강원특별자치도 원주시 태장1동(5113061000)","2,990","2,990","0","1","311","422","292","524","735","441","234","28","2","1,472","1,472","0","0","134","224","181","297","384","184","62","5","1","1,518","1,518","0","1","177","198","111","227","351","257","172","23","1"
"강원특별자치도 원주시 태장2동(5113062000)","4,665","4,665","2","9","297","501","558","1,008","1,196","574","449","71","0","2,371","2,371","2","4","184","311","365","603","594","194","102","12","0","2,294","2,294","0","5","113","190","193","405","602","380","347","59","0"
"강원특별자치도 원주시 봉산동(5113063500)","1,737","1,737","7","47","71","124","148","322","450","269","240","57","2","772","772","2","32","39","75","97","196","209","73","46","3","0","965","965","5","15","32","49","51","126","241","196","194","54","2"
"강원특별자치도 원주시 행구동(5113065000)","1,106","1,106","0","0","108","165","139","221","256","118","88","11","0","567","567","0","0","71","94","84","108","133","48","27","2","0","539","539","0","0","37","71","55","113","123","70","61","9","0"
"강원특별자치도 원주시 무실동(5113066000)","6,169","6,169","1","14","1,183","1,317","887","1,003","1,010","459","250","44","1","3,010","3,010","0","8","592","814","492","497","413","143","47","4","0","3,159","3,159","1","6","591","503","395","506","597","316","203","40","1"
"강원특별자치도 원주시 반곡관설동(5113067500)","7,647","7,647","3","12","1,365","2,202","1,238","1,300","914","346","216","51","0","3,778","3,778","1","6","606","1,117","724","698","427","129","59","11","0","3,869","3,869","2","6","759","1,085","514","602","487","217","157","40","0"
"강원특별자치도 강릉시 (5115000000)","46,409","46,409","20","123","5,312","4,913","5,142","8,055","10,351","6,726","4,852","887","28","22,690","22,690","9","64","2,997","3,215","3,197","4,766","5,012","2,324","978","124","4","23,719","23,719","11","59","2,315","1,698","1,945","3,289","5,339","4,402","3,874","763","24"
"강원특별자치도 강릉시 주문진읍(5115025000)","4,572","4,572","1","3","156","287","415","823","1,215","904","660","103","5","2,083","2,083","1","2","98","182","255","489","604","315","122","14","1","2,489","2,489","0","1","58","105","160","334","611","589","538","89","4"
"강원특별자치도 강릉시 성산면(5115031000)","770","770","0","1","30","27","48","130","220","147","129","36","2","379","379","0","1","17","17","39","81","126","61","33","4","0","391","391","0","0","13","10","9","49","94","86","96","32","2"
"강원특별자치도 강릉시 왕산면(5115032000)","442","442","0","0","5","19","27","74","155","88","68","6","0","257","257","0","0","5","17","21","53","94","42","21","4","0","185","185","0","0","0","2","6","21","61","46","47","2","0"
"강원특별자치도 강릉시 구정면(5115033000)","824","824","0","1","18","40","62","144","233","154","135","37","0","442","442","0","1","15","27","40","104","145","69","38","3","0","382","382","0","0","3","13","22","40","88","85","97","34","0"
"강원특별자치도 강릉시 강동면(5115034000)","1,123","1,123","0","3","48","69","77","189","315","203","186","32","1","620","620","0","3","34","55","63","144","197","85","35","4","0","503","503","0","0","14","14","14","45","118","118","151","28","1"
"강원특별자치도 강릉시 옥계면(5115035000)","944","944","0","1","24","54","56","162","258","203","156","29","1","468","468","0","0","18","40","45","115","148","73","24","5","0","476","476","0","1","6","14","11","47","110","130","132","24","1"
"강원특별자치도 강릉시 사천면(5115036000)","1,467","1,467","1","0","125","149","197","282","375","181","131","26","0","716","716","0","0","63","84","103","164","189","80","30","3","0","751","751","1","0","62","65","94","118","186","101","101","23","0"
"강원특별자치도 강릉시 연곡면(5115037000)","1,652","1,652","0","0","71","133","191","318","442","282","181","33","1","840","840","0","0","42","95","113","192","235","112","48","3","0","812","812","0","0","29","38","78","126","207","170","133","30","1"
"강원특별자치도 강릉시 홍제동(5115051000)","3,059","3,059","0","1","299","417","374","530","641","475","260","60","2","1,444","1,444","0","1","132","247","224","299","305","181","52","3","0","1,615","1,615","0","0","167","170","150","231","336","294","208","57","2"
"강원특별자치도 강릉시 중앙동(5115052000)","1,601","1,601","0","5","195","155","153","263","343","272","182","31","2","742","742","0","2","95","101","85","168","170","85","32","4","0","859","859","0","3","100","54","68","95","173","187","150","27","2"
"강원특별자치도 강릉시 옥천동(5115054000)","1,250","1,250","1","1","86","82","151","253","305","211","141","19","0","638","638","1","0","48","57","92","156","172","78","28","6","0","612","612","0","1","38","25","59","97","133","133","113","13","0"
"강원특별자치도 강릉시 교1동(5115055000)","4,988","4,988","2","22","1,124","709","619","797","738","518","389","67","3","2,385","2,385","1","7","636","425","361","434","318","113","78","10","2","2,603","2,603","1","15","488","284","258","363","420","405","311","57","1"
"강원특별자치도 강릉시 교2동(5115056000)","1,695","1,695","1","5","207","195","186","314","343","242","170","31","1","843","843","0","1","95","123","106","208","182","90","36","2","0","852","852","1","4","112","72","80","106","161","152","134","29","1"
"강원특별자치도 강릉시 포남1동(5115057100)","2,888","2,888","7","8","255","363","373","504","702","381","265","28","2","1,386","1,386","5","4","119","238","235","305","304","121","47","7","1","1,502","1,502","2","4","136","125","138","199","398","260","218","21","1"
"강원특별자치도 강릉시 포남2동(5115057200)","3,269","3,269","1","6","295","373","386","598","826","441","278","64","1","1,548","1,548","0","5","138","244","252","361","347","142","51","8","0","1,721","1,721","1","1","157","129","134","237","479","299","227","56","1"
"강원특별자치도 강릉시 초당동(5115058000)","1,058","1,058","3","12","102","141","135","193","236","126","93","17","0","501","501","0","7","62","93","79","89","110","40","17","4","0","557","557","3","5","40","48","56","104","126","86","76","13","0"
"강원특별자치도 강릉시 송정동(5115059000)","1,256","1,256","1","0","95","156","164","242","307","174","98","18","1","531","531","0","0","45","95","93","111","117","48","19","3","0","725","725","1","0","50","61","71","131","190","126","79","15","1"
"강원특별자치도 강릉시 내곡동(5115060000)","3,515","3,515","0","22","817","448","444","557","580","371","230","45","1","1,931","1,931","0","12","524","326","294","321","260","135","53","6","0","1,584","1,584","0","10","293","122","150","236","320","236","177","39","1"
"강원특별자치도 강릉시 강남동(5115061500)","3,325","3,325","2","4","218","259","329","569","795","561","492","95","1","1,607","1,607","1","4","156","176","223","367","397","173","96","14","0","1,718","1,718","1","0","62","83","106","202","398","388","396","81","1"
"강원특별자치도 강릉시 성덕동(5115064500)","4,387","4,387","0","12","400","454","495","792","1,001","639","496","95","3","1,993","1,993","0","5","221","306","305","417","424","213","88","14","0","2,394","2,394","0","7","179","148","190","375","577","426","408","81","3"
"강원특별자치도 강릉시 경포동(5115066500)","2,324","2,324","0","16","742","383","260","321","321","153","112","15","1","1,336","1,336","0","9","434","267","169","188","168","68","30","3","0","988","988","0","7","308","116","91","133","153","85","82","12","1"
"강원특별자치도 동해시 (5117000000)","18,947","18,947","5","50","1,601","1,876","2,197","3,679","4,364","2,871","1,982","315","7","9,743","9,743","3","27","1,047","1,329","1,451","2,273","2,212","927","421","52","1","9,204","9,204","2","23","554","547","746","1,406","2,152","1,944","1,561","263","6"
"강원특별자치도 동해시 천곡동(5117051000)","5,611","5,611","5","17","670","710","720","1,093","1,223","705","387","80","1","2,711","2,711","3","8","393","469","436","579","512","209","90","12","0","2,900","2,900","2","9","277","241","284","514","711","496","297","68","1"
"강원특별자치도 동해시 송정동(5117052000)","1,221","1,221","0","2","222","98","94","198","274","169","134","29","1","753","753","0","2","191","81","68","131","166","81","29","4","0","468","468","0","0","31","17","26","67","108","88","105","25","1"
"강원특별자치도 동해시 북삼동(5117053000)","3,793","3,793","0","5","443","588","525","810","729","392","257","43","1","2,132","2,132","0","4","292","426","350","514","373","108","57","8","0","1,661","1,661","0","1","151","162","175","296","356","284","200","35","1"
"강원특별자치도 동해시 부곡동(5117054000)","1,222","1,222","0","1","26","53","110","245","315","256","196","19","1","559","559","0","0","15","36","73","156","154","68","52","5","0","663","663","0","1","11","17","37","89","161","188","144","14","1"
"강원특별자치도 동해시 동호동(5117055000)","1,254","1,254","0","22","41","54","116","250","337","267","149","17","1","634","634","0","12","21","35","82","173","173","97","36","4","1","620","620","0","10","20","19","34","77","164","170","113","13","0"
"강원특별자치도 동해시 발한동(5117057000)","1,075","1,075","0","0","33","38","79","177","297","244","183","24","0","526","526","0","0","21","25","58","130","165","85","38","4","0","549","549","0","0","12","13","21","47","132","159","145","20","0"
"강원특별자치도 동해시 묵호동(5117059000)","879","879","0","1","19","33","95","136","216","196","174","9","0","390","390","0","1","10","27","61","86","118","50","35","2","0","489","489","0","0","9","6","34","50","98","146","139","7","0"
"강원특별자치도 동해시 북평동(5117060000)","2,268","2,268","0","1","115","248","308","454","547","328","220","47","0","1,232","1,232","0","0","83","189","227","291","292","111","34","5","0","1,036","1,036","0","1","32","59","81","163","255","217","186","42","0"
"강원특별자치도 동해시 망상동(5117063000)","853","853","0","0","18","35","85","147","203","173","161","29","2","412","412","0","0","9","26","45","98","120","76","32","6","0","441","441","0","0","9","9","40","49","83","97","129","23","2"
"강원특별자치도 동해시 삼화동(5117065000)","771","771","0","1","14","19","65","169","223","141","121","18","0","394","394","0","0","12","15","51","115","139","42","18","2","0","377","377","0","1","2","4","14","54","84","99","103","16","0"
"강원특별자치도 태백시 (5119000000)","9,952","9,952","2","77","538","750","1,051","1,833","2,465","1,865","1,210","159","2","5,014","5,014","2","69","335","525","704","1,181","1,313","618","247","20","0","4,938","4,938","0","8","203","225","347","652","1,152","1,247","963","139","2"
"강원특별자치도 태백시 황지동(5119051500)","1,648","1,648","0","5","141","245","220","268","341","264","143","19","2","790","790","0","2","88","168","137","161","132","70","28","4","0","858","858","0","3","53","77","83","107","209","194","115","15","2"
"강원특별자치도 태백시 황연동(5119052500)","1,222","1,222","0","2","32","50","110","229","363","272","148","16","0","629","629","0","1","19","39","73","150","212","97","36","2","0","593","593","0","1","13","11","37","79","151","175","112","14","0"
"강원특별자치도 태백시 삼수동(5119053500)","1,288","1,288","0","0","38","53","135","245","325","278","193","21","0","620","620","0","0","27","45","92","174","163","87","31","1","0","668","668","0","0","11","8","43","71","162","191","162","20","0"
"강원특별자치도 태백시 상장동(5119054000)","2,368","2,368","1","5","214","242","342","524","482","327","203","28","0","1,235","1,235","1","3","131","162","232","312","253","101","38","2","0","1,133","1,133","0","2","83","80","110","212","229","226","165","26","0"
"강원특별자치도 태백시 문곡소도동(5119058500)","960","960","0","0","28","59","89","183","291","187","107","16","0","459","459","0","0","14","29","61","119","151","63","21","1","0","501","501","0","0","14","30","28","64","140","124","86","15","0"
"강원특별자치도 태백시 장성동(5119059500)","926","926","0","0","31","40","53","147","279","198","151","27","0","452","452","0","0","17","34","36","103","160","73","27","2","0","474","474","0","0","14","6","17","44","119","125","124","25","0"
"강원특별자치도 태백시 구문소동(5119060500)","795","795","0","65","30","28","56","119","184","170","126","17","0","423","423","0","63","23","21","42","79","113","61","19","2","0","372","372","0","2","7","7","14","40","71","109","107","15","0"
"강원특별자치도 태백시 철암동(5119061500)","745","745","1","0","24","33","46","118","200","169","139","15","0","406","406","1","0","16","27","31","83","129","66","47","6","0","339","339","0","0","8","6","15","35","71","103","92","9","0"
"강원특별자치도 속초시 (5121000000)","18,782","18,782","3","18","1,405","2,121","2,172","3,842","4,635","2,724","1,581","278","3","9,291","9,291","1","9","868","1,462","1,321","2,137","2,223","910","326","32","2","9,491","9,491","2","9","537","659","851","1,705","2,412","1,814","1,255","246","1"
"강원특별자치도 속초시 영랑동(5121051000)","1,392","1,392","0","1","80","135","136","289","387","227","119","17","1","779","779","0","1","53","103","94","191","214","88","32","2","1","613","613","0","0","27","32","42","98","173","139","87","15","0"
"강원특별자치도 속초시 동명동(5121052000)","1,148","1,148","0","0","55","126","142","234","301","171","100","19","0","564","564","0","0","35","67","94","129","154","63","20","2","0","584","584","0","0","20","59","48","105","147","108","80","17","0"
"강원특별자치도 속초시 금호동(5121054000)","1,458","1,458","0","2","71","112","121","273","421","248","170","39","1","656","656","0","2","45","72","75","158","188","81","33","2","0","802","802","0","0","26","40","46","115","233","167","137","37","1"
"강원특별자치도 속초시 교동(5121056000)","2,344","2,344","2","5","225","253","253","449","580","344","201","32","0","1,107","1,107","1","1","130","170","141","249","270","101","41","3","0","1,237","1,237","1","4","95","83","112","200","310","243","160","29","0"
"강원특별자치도 속초시 노학동(5121057000)","4,833","4,833","0","6","375","469","564","1,093","1,172","667","406","80","1","2,521","2,521","0","2","251","345","363","620","603","249","76","11","1","2,312","2,312","0","4","124","124","201","473","569","418","330","69","0"
"강원특별자치도 속초시 조양동(5121058000)","5,266","5,266","1","3","456","791","693","1,074","1,166","678","358","46","0","2,466","2,466","0","3","274","555","388","519","446","200","72","9","0","2,800","2,800","1","0","182","236","305","555","720","478","286","37","0"
"강원특별자치도 속초시 청호동(5121059000)","1,439","1,439","0","0","118","185","177","264","332","219","116","28","0","719","719","0","0","64","114","111","159","176","72","21","2","0","720","720","0","0","54","71","66","105","156","147","95","26","0"
"강원특별자치도 속초시 대포동(5121060000)","902","902","0","1","25","50","86","166","276","170","111","17","0","479","479","0","0","16","36","55","112","172","56","31","1","0","423","423","0","1","9","14","31","54","104","114","80","16","0"
"강원특별자치도 삼척시 (5123000000)","17,334","17,334","1","327","2,415","1,080","1,464","3,028","3,894","2,606","2,080","426","13","8,861","8,861","1","175","1,400","765","1,011","2,000","2,133","938","370","67","1","8,473","8,473","0","152","1,015","315","453","1,028","1,761","1,668","1,710","359","12"
"강원특별자치도 삼척시 도계읍(5123025000)","3,744","3,744","1","298","1,232","85","196","426","591","475","379","59","2","1,839","1,839","1","153","622","61","138","286","342","165","59","11","1","1,905","1,905","0","145","610","24","58","140","249","310","320","48","1"
"강원특별자치도 삼척시 원덕읍(5123025300)","1,350","1,350","0","0","50","90","121","268","352","222","206","40","1","732","732","0","0","40","79","92","186","217","79","34","5","0","618","618","0","0","10","11","29","82","135","143","172","35","1"
"강원특별자치도 삼척시 원덕읍임원출장소(5123025400)","564","564","0","0","9","24","44","122","153","106","86","19","1","262","262","0","0","5","19","29","84","80","29","12","4","0","302","302","0","0","4","5","15","38","73","77","74","15","1"
"강원특별자치도 삼척시 근덕면(5123031000)","1,743","1,743","0","1","37","61","115","357","475","309","317","68","3","887","887","0","1","23","49","86","269","278","123","52","6","0","856","856","0","0","14","12","29","88","197","186","265","62","3"
"강원특별자치도 삼척시 하장면(5123032000)","355","355","0","0","7","6","32","78","115","65","46","5","1","215","215","0","0","6","3","26","60","72","33","14","1","0","140","140","0","0","1","3","6","18","43","32","32","4","1"
"강원특별자치도 삼척시 노곡면(5123033000)","252","252","0","0","1","1","8","54","92","46","39","10","1","140","140","0","0","1","1","6","42","63","19","5","3","0","112","112","0","0","0","0","2","12","29","27","34","7","1"
"강원특별자치도 삼척시 미로면(5123034000)","535","535","0","0","8","11","32","114","145","100","92","33","0","276","276","0","0","6","8","26","81","86","48","14","7","0","259","259","0","0","2","3","6","33","59","52","78","26","0"
"강원특별자치도 삼척시 가곡면(5123035000)","248","248","0","1","1","2","13","40","80","54","43","14","0","114","114","0","1","1","1","9","26","45","19","9","3","0","134","134","0","0","0","1","4","14","35","35","34","11","0"
"강원특별자치도 삼척시 신기면(5123036000)","246","246","0","0","4","7","22","73","69","31","33","7","0","144","144","0","0","1","5","17","52","45","13","9","2","0","102","102","0","0","3","2","5","21","24","18","24","5","0"
"강원특별자치도 삼척시 남양동(5123051000)","1,865","1,865","0","1","105","109","173","349","473","349","254","52","0","844","844","0","0","57","70","111","195","228","125","50","8","0","1,021","1,021","0","1","48","39","62","154","245","224","204","44","0"
"강원특별자치도 삼척시 교동(5123053000)","2,515","2,515","0","19","613","350","313","429","386","241","141","22","1","1,443","1,443","0","15","421","252","199","251","180","82","36","7","0","1,072","1,072","0","4","192","98","114","178","206","159","105","15","1"
"강원특별자치도 삼척시 정라동(5123054000)","2,259","2,259","0","5","207","234","268","446","502","321","234","42","0","1,174","1,174","0","4","124","155","183","290","269","103","41","5","0","1,085","1,085","0","1","83","79","85","156","233","218","193","37","0"
"강원특별자치도 삼척시 성내동(5123057000)","1,658","1,658","0","2","141","100","127","272","461","287","210","55","3","791","791","0","1","93","62","89","178","228","100","35","5","0","867","867","0","1","48","38","38","94","233","187","175","50","3"
"강원특별자치도 홍천군 (5172000000)","16,298","16,298","5","12","1,233","1,295","1,285","2,885","4,820","2,651","1,777","325","10","9,019","9,019","3","10","851","951","871","1,805","2,803","1,224","446","53","2","7,279","7,279","2","2","382","344","414","1,080","2,017","1,427","1,331","272","8"
"강원특별자치도 홍천군 홍천읍(5172025000)","6,716","6,716","4","6","734","829","686","1,199","1,665","876","610","104","3","3,581","3,581","3","5","473","603","448","716","866","312","140","15","0","3,135","3,135","1","1","261","226","238","483","799","564","470","89","3"
"강원특별자치도 홍천군 화촌면(5172031000)","1,295","1,295","0","1","87","68","68","215","406","258","152","36","4","763","763","0","1","76","57","50","145","259","124","45","5","1","532","532","0","0","11","11","18","70","147","134","107","31","3"
"강원특별자치도 홍천군 두촌면(5172032000)","701","701","0","0","18","22","34","114","227","156","105","24","1","354","354","0","0","11","16","23","68","143","70","16","6","1","347","347","0","0","7","6","11","46","84","86","89","18","0"
"강원특별자치도 홍천군 내촌면(5172033000)","747","747","0","0","13","28","46","134","266","134","102","24","0","419","419","0","0","7","21","36","91","161","68","31","4","0","328","328","0","0","6","7","10","43","105","66","71","20","0"
"강원특별자치도 홍천군 서석면(5172034000)","940","940","1","4","24","44","50","167","330","175","126","18","1","478","478","0","3","14","26","26","94","201","80","32","2","0","462","462","1","1","10","18","24","73","129","95","94","16","1"
"강원특별자치도 홍천군 영귀미면(5172035200)","987","987","0","0","16","21","66","196","352","181","127","27","1","535","535","0","0","10","14","45","127","210","98","27","4","0","452","452","0","0","6","7","21","69","142","83","100","23","1"
"강원특별자치도 홍천군 남면(5172036000)","1,661","1,661","0","1","246","133","108","258","453","243","184","35","0","1,010","1,010","0","1","205","106","84","164","261","141","42","6","0","651","651","0","0","41","27","24","94","192","102","142","29","0"
"강원특별자치도 홍천군 서면(5172037000)","1,317","1,317","0","0","69","97","114","241","435","220","122","19","0","749","749","0","0","36","70","74","156","264","108","35","6","0","568","568","0","0","33","27","40","85","171","112","87","13","0"
"강원특별자치도 홍천군 북방면(5172038000)","1,122","1,122","0","0","14","32","67","198","366","236","178","31","0","644","644","0","0","9","23","51","133","240","131","53","4","0","478","478","0","0","5","9","16","65","126","105","125","27","0"
"강원특별자치도 홍천군 내면(5172039000)","812","812","0","0","12","21","46","163","320","172","71","7","0","486","486","0","0","10","15","34","111","198","92","25","1","0","326","326","0","0","2","6","12","52","122","80","46","6","0"
"강원특별자치도 횡성군 (5173000000)","11,161","11,161","0","51","465","523","855","2,166","3,565","1,933","1,323","278","2","5,990","5,990","0","32","292","352","605","1,369","2,110","891","296","43","0","5,171","5,171","0","19","173","171","250","797","1,455","1,042","1,027","235","2"
"강원특별자치도 횡성군 횡성읍(5173025000)","3,940","3,940","0","9","264","270","408","795","1,048","608","443","94","1","2,028","2,028","0","2","149","183","289","494","588","227","80","16","0","1,912","1,912","0","7","115","87","119","301","460","381","363","78","1"
"강원특별자치도 횡성군 우천면(5173031000)","1,181","1,181","0","13","83","42","74","197","388","221","135","28","0","675","675","0","10","67","25","53","131","234","113","37","5","0","506","506","0","3","16","17","21","66","154","108","98","23","0"
"강원특별자치도 횡성군 안흥면(5173032000)","812","812","0","0","16","23","34","136","317","148","108","30","0","425","425","0","0","9","14","19","92","188","72","28","3","0","387","387","0","0","7","9","15","44","129","76","80","27","0"
"강원특별자치도 횡성군 둔내면(5173033000)","1,621","1,621","0","23","49","98","137","374","497","251","163","28","1","889","889","0","15","35","71","98","227","287","114","38","4","0","732","732","0","8","14","27","39","147","210","137","125","24","1"
"강원특별자치도 횡성군 갑천면(5173034000)","787","787","0","5","22","18","53","157","295","127","95","15","0","448","448","0","5","13","7","40","95","181","76","28","3","0","339","339","0","0","9","11","13","62","114","51","67","12","0"
"강원특별자치도 횡성군 청일면(5173035000)","741","741","0","0","9","15","35","129","285","139","102","27","0","387","387","0","0","6","12","24","81","172","69","18","5","0","354","354","0","0","3","3","11","48","113","70","84","22","0"
"강원특별자치도 횡성군 공근면(5173036000)","973","973","0","1","9","25","54","179","339","202","133","31","0","538","538","0","0","6","20","39","123","207","103","37","3","0","435","435","0","1","3","5","15","56","132","99","96","28","0"
"강원특별자치도 횡성군 서원면(5173037000)","551","551","0","0","4","14","34","93","195","120","76","15","0","304","304","0","0","1","8","26","63","129","59","17","1","0","247","247","0","0","3","6","8","30","66","61","59","14","0"
"강원특별자치도 횡성군 강림면(5173038000)","555","555","0","0","9","18","26","106","201","117","68","10","0","296","296","0","0","6","12","17","63","124","58","13","3","0","259","259","0","0","3","6","9","43","77","59","55","7","0"
"강원특별자치도 영월군 (5175000000)","11,461","11,461","0","220","667","686","898","2,255","3,155","1,898","1,401","276","5","6,123","6,123","0","160","379","465","603","1,485","1,893","808","286","42","2","5,338","5,338","0","60","288","221","295","770","1,262","1,090","1,115","234","3"
"강원특별자치도 영월군 영월읍(5175025000)","5,315","5,315","0","187","511","467","538","1,010","1,162","734","591","114","1","2,750","2,750","0","130","281","318","342","622","657","269","116","15","0","2,565","2,565","0","57","230","149","196","388","505","465","475","99","1"
"강원특별자치도 영월군 상동읍(5175025300)","457","457","0","0","28","18","28","82","149","83","56","13","0","228","228","0","0","16","9","23","53","91","24","11","1","0","229","229","0","0","12","9","5","29","58","59","45","12","0"
"강원특별자치도 영월군 산솔면(5175031200)","502","502","0","0","8","10","30","106","156","110","73","9","0","287","287","0","0","5","7","24","83","96","58","12","2","0","215","215","0","0","3","3","6","23","60","52","61","7","0"
"강원특별자치도 영월군 김삿갓면(5175032500)","649","649","0","2","13","18","21","151","233","117","74","20","0","360","360","0","1","6","11","16","97","147","61","17","4","0","289","289","0","1","7","7","5","54","86","56","57","16","0"
"강원특별자치도 영월군 북면(5175033000)","715","715","0","0","19","35","33","156","211","135","107","19","0","396","396","0","0","10","23","25","109","141","69","16","3","0","319","319","0","0","9","12","8","47","70","66","91","16","0"
"강원특별자치도 영월군 남면(5175034000)","782","782","0","1","31","27","52","147","250","136","110","26","2","439","439","0","1","22","21","35","109","157","65","25","3","1","343","343","0","0","9","6","17","38","93","71","85","23","1"
"강원특별자치도 영월군 한반도면(5175035500)","353","353","0","0","9","17","20","74","131","52","45","5","0","217","217","0","0","9","12","16","57","79","30","14","0","0","136","136","0","0","0","5","4","17","52","22","31","5","0"
"강원특별자치도 영월군 한반도면쌍용출장소(5175035900)","580","580","0","0","12","27","55","125","147","110","91","12","1","321","321","0","0","8","21","40","95","97","37","20","2","1","259","259","0","0","4","6","15","30","50","73","71","10","0"
"강원특별자치도 영월군 주천면(5175036000)","1,366","1,366","0","30","29","43","80","254","424","270","189","46","1","720","720","0","28","18","29","56","159","258","123","39","10","0","646","646","0","2","11","14","24","95","166","147","150","36","1"
"강원특별자치도 영월군 무릉도원면(5175038000)","742","742","0","0","7","24","41","150","292","151","65","12","0","405","405","0","0","4","14","26","101","170","72","16","2","0","337","337","0","0","3","10","15","49","122","79","49","10","0"
"강원특별자치도 평창군 (5176000000)","11,076","11,076","3","29","514","771","1,014","2,152","3,256","1,859","1,250","217","11","5,985","5,985","1","22","316","522","692","1,347","1,935","784","330","33","3","5,091","5,091","2","7","198","249","322","805","1,321","1,075","920","184","8"
"강원특별자치도 평창군 평창읍(5176025000)","2,037","2,037","0","3","112","185","163","356","565","342","257","53","1","1,084","1,084","0","3","66","125","99","226","349","143","64","9","0","953","953","0","0","46","60","64","130","216","199","193","44","1"
"강원특별자치도 평창군 미탄면(5176031000)","473","473","0","0","5","12","21","95","187","77","67","9","0","267","267","0","0","0","10","14","63","126","39","14","1","0","206","206","0","0","5","2","7","32","61","38","53","8","0"
"강원특별자치도 평창군 방림면(5176032000)","276","276","0","0","6","5","20","47","97","58","39","2","2","154","154","0","0","4","2","16","26","66","28","12","0","0","122","122","0","0","2","3","4","21","31","30","27","2","2"
"강원특별자치도 평창군 방림면계촌출장소(5176032500)","556","556","0","2","20","36","39","101","176","97","68","17","0","299","299","0","2","7","19","27","60","117","47","20","0","0","257","257","0","0","13","17","12","41","59","50","48","17","0"
"강원특별자치도 평창군 대화면(5176033000)","1,331","1,331","1","0","31","59","99","243","411","261","184","41","1","703","703","0","0","20","49","68","160","246","102","50","8","0","628","628","1","0","11","10","31","83","165","159","134","33","1"
"강원특별자치도 평창군 봉평면(5176034000)","1,539","1,539","0","2","70","102","171","319","497","224","132","22","0","873","873","0","0","43","66","115","195","293","115","41","5","0","666","666","0","2","27","36","56","124","204","109","91","17","0"
"강원특별자치도 평창군 용평면(5176035000)","809","809","2","0","17","35","61","180","260","130","107","15","2","425","425","1","0","10","24","43","113","156","46","28","3","1","384","384","1","0","7","11","18","67","104","84","79","12","1"
"강원특별자치도 평창군 진부면(5176036000)","1,941","1,941","0","2","63","86","156","370","576","383","263","37","5","982","982","0","1","41","54","115","229","318","146","71","5","2","959","959","0","1","22","32","41","141","258","237","192","32","3"
"강원특별자치도 평창군 대관령면(5176038000)","2,114","2,114","0","20","190","251","284","441","487","287","133","21","0","1,198","1,198","0","16","125","173","195","275","264","118","30","2","0","916","916","0","4","65","78","89","166","223","169","103","19","0"
"강원특별자치도 정선군 (5177000000)","10,314","10,314","1","11","388","687","1,055","2,147","2,926","1,760","1,146","182","11","5,622","5,622","1","10","216","481","731","1,462","1,768","675","250","27","1","4,692","4,692","0","1","172","206","324","685","1,158","1,085","896","155","10"
"강원특별자치도 정선군 정선읍(5177025000)","2,346","2,346","1","7","139","209","241","488","606","357","261","33","4","1,241","1,241","1","7","82","152","155","319","341","121","59","4","0","1,105","1,105","0","0","57","57","86","169","265","236","202","29","4"
"강원특별자치도 정선군 고한읍(5177025300)","1,680","1,680","0","1","110","221","299","317","332","273","118","9","0","942","942","0","0","55","140","207","224","187","100","29","0","0","738","738","0","1","55","81","92","93","145","173","89","9","0"
"강원특별자치도 정선군 사북읍(5177025600)","1,200","1,200","0","1","51","72","136","298","364","177","91","10","0","667","667","0","1","28","58","92","202","201","64","20","1","0","533","533","0","0","23","14","44","96","163","113","71","9","0"
"강원특별자치도 정선군 신동읍(5177025900)","504","504","0","0","7","13","30","112","162","95","74","10","1","270","270","0","0","5","9","21","78","111","31","14","1","0","234","234","0","0","2","4","9","34","51","64","60","9","1"
"강원특별자치도 정선군 신동읍함백출장소(5177026000)","581","581","0","1","18","36","54","113","164","104","78","13","0","304","304","0","1","11","25","42","85","104","28","8","0","0","277","277","0","0","7","11","12","28","60","76","70","13","0"
"강원특별자치도 정선군 남면(5177032000)","1,046","1,046","0","0","30","51","121","223","319","185","100","16","1","570","570","0","0","16","35","93","142","189","77","16","2","0","476","476","0","0","14","16","28","81","130","108","84","14","1"
"강원특별자치도 정선군 북평면(5177034000)","702","702","0","0","8","23","48","132","207","137","115","29","3","353","353","0","0","5","17","32","85","121","62","27","4","0","349","349","0","0","3","6","16","47","86","75","88","25","3"
"강원특별자치도 정선군 임계면(5177035000)","1,070","1,070","0","1","10","31","54","225","360","199","156","33","1","594","594","0","1","6","27","37","155","235","89","37","7","0","476","476","0","0","4","4","17","70","125","110","119","26","1"
"강원특별자치도 정선군 화암면(5177036000)","541","541","0","0","8","14","33","104","214","86","69","13","0","313","313","0","0","5","6","23","80","143","35","18","3","0","228","228","0","0","3","8","10","24","71","51","51","10","0"
"강원특별자치도 정선군 여량면(5177037000)","644","644","0","0","7","17","39","135","198","147","84","16","1","368","368","0","0","3","12","29","92","136","68","22","5","1","276","276","0","0","4","5","10","43","62","79","62","11","0"
"강원특별자치도 철원군 (5178000000)","9,292","9,292","1","6","1,213","962","801","1,482","2,089","1,408","1,147","177","6","5,063","5,063","1","6","928","746","550","945","1,143","486","224","33","1","4,229","4,229","0","0","285","216","251","537","946","922","923","144","5"
"강원특별자치도 철원군 철원읍(5178025000)","992","992","0","2","73","103","95","154","235","175","137","17","1","494","494","0","2","53","74","63","98","122","57","22","3","0","498","498","0","0","20","29","32","56","113","118","115","14","1"
"강원특별자치도 철원군 김화읍(5178025300)","653","653","0","0","130","85","41","71","128","85","92","20","1","399","399","0","0","106","70","37","53","74","29","22","7","1","254","254","0","0","24","15","4","18","54","56","70","13","0"
"강원특별자치도 철원군 갈말읍(5178025600)","2,775","2,775","1","1","383","337","250","446","621","396","297","42","1","1,591","1,591","1","1","293","246","172","286","353","153","76","10","0","1,184","1,184","0","0","90","91","78","160","268","243","221","32","1"
"강원특별자치도 철원군 동송읍(5178025900)","3,095","3,095","0","2","347","265","283","552","719","483","385","57","2","1,596","1,596","0","2","255","208","177","349","375","154","68","8","0","1,499","1,499","0","0","92","57","106","203","344","329","317","49","2"
"강원특별자치도 철원군 서면(5178031000)","594","594","0","0","179","79","27","56","99","78","61","14","1","383","383","0","0","144","72","21","37","62","37","8","2","0","211","211","0","0","35","7","6","19","37","41","53","12","1"
"강원특별자치도 철원군 서면와수출장소(5178031500)","668","668","0","1","50","54","68","123","165","97","95","15","0","323","323","0","1","37","41","49","77","82","22","13","1","0","345","345","0","0","13","13","19","46","83","75","82","14","0"
"강원특별자치도 철원군 근남면(5178032000)","483","483","0","0","51","38","34","74","117","87","71","11","0","265","265","0","0","40","34","29","43","71","34","12","2","0","218","218","0","0","11","4","5","31","46","53","59","9","0"
"강원특별자치도 철원군 근북면(5178033000)","32","32","0","0","0","1","3","6","5","7","9","1","0","12","12","0","0","0","1","2","2","4","0","3","0","0","20","20","0","0","0","0","1","4","1","7","6","1","0"
"강원특별자치도 철원군 근동면(5178034000)","0","0","0","0","0","0","0","0","0","0","0","0","0","0","0","0","0","0","0","0","0","0","0","0","0","0","0","0","0","0","0","0","0","0","0","0","0","0","0"
"강원특별자치도 철원군 원동면(5178035000)","0","0","0","0","0","0","0","0","0","0","0","0","0","0","0","0","0","0","0","0","0","0","0","0","0","0","0","0","0","0","0","0","0","0","0","0","0","0","0"
"강원특별자치도 철원군 원남면(5178036000)","0","0","0","0","0","0","0","0","0","0","0","0","0","0","0","0","0","0","0","0","0","0","0","0","0","0","0","0","0","0","0","0","0","0","0","0","0","0","0"
"강원특별자치도 철원군 임남면(5178037000)","0","0","0","0","0","0","0","0","0","0","0","0","0","0","0","0","0","0","0","0","0","0","0","0","0","0","0","0","0","0","0","0","0","0","0","0","0","0","0"
"강원특별자치도 화천군 (5179000000)","6,164","6,164","0","9","1,249","630","410","882","1,421","813","639","105","6","3,795","3,795","0","6","993","525","297","573","882","362","134","20","3","2,369","2,369","0","3","256","105","113","309","539","451","505","85","3"
"강원특별자치도 화천군 화천읍(5179025000)","1,912","1,912","0","5","316","204","169","278","414","276","219","29","2","1,093","1,093","0","4","231","155","118","171","249","114","42","8","1","819","819","0","1","85","49","51","107","165","162","177","21","1"
"강원특별자치도 화천군 간동면(5179031000)","820","820","0","0","56","35","47","173","240","130","111","27","1","486","486","0","0","54","28","36","114","170","55","23","5","1","334","334","0","0","2","7","11","59","70","75","88","22","0"
"강원특별자치도 화천군 하남면(5179032000)","559","559","0","1","25","36","43","101","175","90","70","16","2","335","335","0","1","17","27","30","70","124","46","18","1","1","224","224","0","0","8","9","13","31","51","44","52","15","1"
"강원특별자치도 화천군 상서면(5179033000)","1,337","1,337","0","1","524","184","57","129","208","120","97","16","1","967","967","0","0","445","174","44","93","136","53","18","4","0","370","370","0","1","79","10","13","36","72","67","79","12","1"
"강원특별자치도 화천군 사내면(5179034000)","1,536","1,536","0","2","328","171","94","201","384","197","142","17","0","914","914","0","1","246","141","69","125","203","94","33","2","0","622","622","0","1","82","30","25","76","181","103","109","15","0"
"강원특별자치도 양구군 (5180000000)","4,908","4,908","1","6","792","486","407","783","1,148","637","555","91","2","2,811","2,811","1","4","600","372","254","503","675","268","119","15","0","2,097","2,097","0","2","192","114","153","280","473","369","436","76","2"
"강원특별자치도 양구군 양구읍(5180025000)","2,600","2,600","0","4","356","284","259","454","620","319","263","40","1","1,383","1,383","0","3","247","199","151","272","327","124","54","6","0","1,217","1,217","0","1","109","85","108","182","293","195","209","34","1"
"강원특별자치도 양구군 국토정중앙면(5180031500)","1,020","1,020","0","0","189","86","75","157","245","119","128","21","0","634","634","0","0","155","74","50","112","152","56","31","4","0","386","386","0","0","34","12","25","45","93","63","97","17","0"
"강원특별자치도 양구군 동면(5180032000)","539","539","0","0","133","45","29","66","99","78","77","12","0","336","336","0","0","104","40","18","46","68","41","16","3","0","203","203","0","0","29","5","11","20","31","37","61","9","0"
"강원특별자치도 양구군 방산면(5180033000)","397","397","1","2","104","50","20","42","75","53","38","12","0","253","253","1","1","87","43","14","32","49","21","3","2","0","144","144","0","1","17","7","6","10","26","32","35","10","0"
"강원특별자치도 양구군 해안면(5180034000)","352","352","0","0","10","21","24","64","109","68","49","6","1","205","205","0","0","7","16","21","41","79","26","15","0","0","147","147","0","0","3","5","3","23","30","42","34","6","1"
"강원특별자치도 인제군 (5181000000)","8,493","8,493","0","4","1,662","981","784","1,362","1,896","974","713","111","6","5,403","5,403","0","1","1,345","777","576","917","1,155","447","167","18","0","3,090","3,090","0","3","317","204","208","445","741","527","546","93","6"
"강원특별자치도 인제군 인제읍(5181025000)","2,017","2,017","0","3","294","224","221","360","473","237","172","30","3","1,201","1,201","0","1","213","169","156","249","274","93","37","9","0","816","816","0","2","81","55","65","111","199","144","135","21","3"
"강원특별자치도 인제군 인제읍귀둔출장소(5181025100)","122","122","0","0","3","4","7","33","33","28","12","2","0","70","70","0","0","1","3","4","26","18","14","4","0","0","52","52","0","0","2","1","3","7","15","14","8","2","0"
"강원특별자치도 인제군 남면(5181031000)","1,216","1,216","0","0","236","181","106","173","253","135","111","21","0","788","788","0","0","190","154","80","117","153","64","28","2","0","428","428","0","0","46","27","26","56","100","71","83","19","0"
"강원특별자치도 인제군 북면(5181032000)","2,119","2,119","0","1","343","181","197","393","515","272","192","23","2","1,316","1,316","0","0","265","140","154","263","312","128","50","4","0","803","803","0","1","78","41","43","130","203","144","142","19","2"
"강원특별자치도 인제군 기린면(5181033000)","1,492","1,492","0","0","256","224","174","228","343","140","108","18","1","952","952","0","0","206","162","120","141","227","69","25","2","0","540","540","0","0","50","62","54","87","116","71","83","16","1"
"강원특별자치도 인제군 서화면(5181034000)","861","861","0","0","352","118","51","75","123","70","63","9","0","624","624","0","0","305","107","42","54","77","27","11","1","0","237","237","0","0","47","11","9","21","46","43","52","8","0"
"강원특별자치도 인제군 상남면(5181035000)","666","666","0","0","178","49","28","100","156","92","55","8","0","452","452","0","0","165","42","20","67","94","52","12","0","0","214","214","0","0","13","7","8","33","62","40","43","8","0"
"강원특별자치도 고성군 (5182000000)","8,283","8,283","0","6","715","668","730","1,611","2,012","1,312","1,046","175","8","4,318","4,318","0","4","510","464","482","1,049","1,140","478","167","24","0","3,965","3,965","0","2","205","204","248","562","872","834","879","151","8"
"강원특별자치도 고성군 간성읍(5182025000)","1,706","1,706","0","0","280","184","145","293","362","233","174","34","1","979","979","0","0","197","149","104","196","216","85","28","4","0","727","727","0","0","83","35","41","97","146","148","146","30","1"
"강원특별자치도 고성군 거진읍(5182025300)","1,998","1,998","0","6","74","99","134","382","538","361","341","60","3","937","937","0","4","52","67","79","251","305","124","48","7","0","1,061","1,061","0","2","22","32","55","131","233","237","293","53","3"
"강원특별자치도 고성군 현내면(5182031000)","727","727","0","0","13","31","61","127","205","134","134","21","1","331","331","0","0","7","19","50","91","114","32","16","2","0","396","396","0","0","6","12","11","36","91","102","118","19","1"
"강원특별자치도 고성군 죽왕면(5182032000)","1,110","1,110","0","0","90","82","108","187","252","196","161","33","1","580","580","0","0","70","51","74","129","139","83","29","5","0","530","530","0","0","20","31","34","58","113","113","132","28","1"
"강원특별자치도 고성군 토성면(5182033000)","2,742","2,742","0","0","258","272","282","622","655","388","236","27","2","1,491","1,491","0","0","184","178","175","382","366","154","46","6","0","1,251","1,251","0","0","74","94","107","240","289","234","190","21","2"
"강원특별자치도 고성군 수동면(5182034000)","0","0","0","0","0","0","0","0","0","0","0","0","0","0","0","0","0","0","0","0","0","0","0","0","0","0","0","0","0","0","0","0","0","0","0","0","0","0","0"
"강원특별자치도 양양군 (5183000000)","7,565","7,565","0","4","406","526","802","1,380","2,023","1,283","953","179","9","3,948","3,948","0","3","277","339","564","849","1,147","531","211","26","1","3,617","3,617","0","1","129","187","238","531","876","752","742","153","8"
"강원특별자치도 양양군 양양읍(5183025000)","2,929","2,929","0","3","229","262","321","551","754","429","314","61","5","1,502","1,502","0","2","158","163","214","315","416","153","73","8","0","1,427","1,427","0","1","71","99","107","236","338","276","241","53","5"
"강원특별자치도 양양군 서면(5183031000)","747","747","0","0","15","24","83","138","211","149","112","15","0","384","384","0","0","10","12","54","91","129","61","27","0","0","363","363","0","0","5","12","29","47","82","88","85","15","0"
"강원특별자치도 양양군 손양면(5183032000)","626","626","0","0","23","40","52","124","155","115","102","15","0","320","320","0","0","14","25","39","83","87","50","16","6","0","306","306","0","0","9","15","13","41","68","65","86","9","0"
"강원특별자치도 양양군 현북면(5183033000)","884","884","0","0","45","57","113","148","242","149","110","19","1","493","493","0","0","33","46","90","92","131","76","22","3","0","391","391","0","0","12","11","23","56","111","73","88","16","1"
"강원특별자치도 양양군 현남면(5183034000)","1,008","1,008","0","0","28","72","120","157","238","199","151","42","1","533","533","0","0","17","46","87","104","140","98","36","5","0","475","475","0","0","11","26","33","53","98","101","115","37","1"
"강원특별자치도 양양군 강현면(5183035000)","1,371","1,371","0","1","66","71","113","262","423","242","164","27","2","716","716","0","1","45","47","80","164","244","93","37","4","1","655","655","0","0","21","24","33","98","179","149","127","23","1"
"충청북도  (4300000000)","356,084","356,084","91","1,707","49,039","52,431","41,499","62,074","72,676","40,488","30,255","5,707","117","191,559","191,559","42","898","27,878","36,490","28,025","37,639","38,161","15,120","6,344","944","18","164,525","164,525","49","809","21,161","15,941","13,474","24,435","34,515","25,368","23,911","4,763","99"
"충청북도 청주시 (4311000000)","173,661","173,661","50","673","31,450","33,437","22,541","27,974","29,506","15,691","10,435","1,875","29","93,269","93,269","23","282","17,394","22,815","14,797","16,158","13,986","5,377","2,111","320","6","80,392","80,392","27","391","14,056","10,622","7,744","11,816","15,520","10,314","8,324","1,555","23"
"충청북도 청주시 상당구 (4311100000)","34,100","34,100","17","107","3,382","5,110","4,120","6,111","7,422","4,363","2,918","542","8","17,077","17,077","5","49","1,792","3,285","2,635","3,472","3,572","1,568","612","86","1","17,023","17,023","12","58","1,590","1,825","1,485","2,639","3,850","2,795","2,306","456","7"
"충청북도 청주시 상당구 낭성면(4311131000)","578","578","0","3","12","24","36","105","151","126","102","18","1","293","293","0","2","7","16","19","65","101","57","24","2","0","285","285","0","1","5","8","17","40","50","69","78","16","1"
"충청북도 청주시 상당구 미원면(4311132000)","1,482","1,482","0","2","47","99","98","223","407","309","236","60","1","753","753","0","0","28","74","70","141","244","137","52","7","0","729","729","0","2","19","25","28","82","163","172","184","53","1"
"충청북도 청주시 상당구 가덕면(4311133000)","935","935","0","0","21","46","70","174","282","163","155","24","0","496","496","0","0","10","26","42","127","175","81","31","4","0","439","439","0","0","11","20","28","47","107","82","124","20","0"
"충청북도 청주시 상당구 남일면(4311134000)","1,273","1,273","0","1","103","103","99","218","327","198","185","38","1","672","672","0","0","77","76","72","130","197","83","32","5","0","601","601","0","1","26","27","27","88","130","115","153","33","1"
"충청북도 청주시 상당구 문의면(4311135000)","982","982","0","0","26","48","50","193","279","181","169","36","0","534","534","0","0","19","32","41","139","178","82","36","7","0","448","448","0","0","7","16","9","54","101","99","133","29","0"
"충청북도 청주시 상당구 중앙동(4311152500)","1,638","1,638","1","3","317","296","160","243","268","179","149","21","1","802","802","0","2","135","193","103","139","120","68","38","3","1","836","836","1","1","182","103","57","104","148","111","111","18","0"
"충청북도 청주시 상당구 성안동(4311154500)","2,204","2,204","3","10","251","264","223","353","518","314","208","59","1","1,124","1,124","1","3","105","179","159","231","275","110","50","11","0","1,080","1,080","2","7","146","85","64","122","243","204","158","48","1"
"충청북도 청주시 상당구 탑대성동(4311162000)","2,074","2,074","0","10","161","242","225","336","480","340","234","46","0","970","970","0","5","108","159","140","192","208","100","50","8","0","1,104","1,104","0","5","53","83","85","144","272","240","184","38","0"
"충청북도 청주시 상당구 영운동(4311167000)","2,564","2,564","1","3","189","257","297","538","627","359","260","33","0","1,259","1,259","1","2","89","163","201","326","295","121","55","6","0","1,305","1,305","0","1","100","94","96","212","332","238","205","27","0"
"충청북도 청주시 상당구 금천동(4311168000)","4,158","4,158","1","7","296","521","554","814","958","589","359","59","0","1,870","1,870","0","3","159","320","336","425","378","165","75","9","0","2,288","2,288","1","4","137","201","218","389","580","424","284","50","0"
"충청북도 청주시 상당구 용담.명암.산성동(4311169000)","1,208","1,208","0","2","64","141","148","249","305","183","88","26","2","576","576","0","1","39","88","96","134","127","64","20","7","0","632","632","0","1","25","53","52","115","178","119","68","19","2"
"충청북도 청주시 상당구 용암1동(4311172000)","9,514","9,514","3","36","1,228","1,912","1,410","1,687","1,761","896","496","84","1","5,119","5,119","1","16","661","1,229","921","982","871","327","98","13","0","4,395","4,395","2","20","567","683","489","705","890","569","398","71","1"
"충청북도 청주시 상당구 용암2동(4311173000)","5,490","5,490","8","30","667","1,157","750","978","1,059","526","277","38","0","2,609","2,609","2","15","355","730","435","441","403","173","51","4","0","2,881","2,881","6","15","312","427","315","537","656","353","226","34","0"
"충청북도 청주시 서원구 (4311200000)","38,625","38,625","6","172","7,499","5,643","4,436","6,274","7,214","4,239","2,698","439","5","19,455","19,455","3","69","3,980","3,655","2,847","3,568","3,271","1,410","572","78","2","19,170","19,170","3","103","3,519","1,988","1,589","2,706","3,943","2,829","2,126","361","3"
"충청북도 청주시 서원구 남이면(4311231000)","1,946","1,946","1","0","72","166","213","476","544","250","182","41","1","1,167","1,167","0","0","42","119","156","313","360","121","47","8","1","779","779","1","0","30","47","57","163","184","129","135","33","0"
"충청북도 청주시 서원구 현도면(4311232000)","996","996","0","0","28","49","74","169","296","188","148","44","0","549","549","0","0","13","35","51","114","197","97","38","4","0","447","447","0","0","15","14","23","55","99","91","110","40","0"
"충청북도 청주시 서원구 사직1동(4311251000)","1,020","1,020","0","1","61","114","129","215","243","141","105","11","0","591","591","0","1","35","84","99","154","140","54","22","2","0","429","429","0","0","26","30","30","61","103","87","83","9","0"
"충청북도 청주시 서원구 사직2동(4311252000)","1,157","1,157","0","2","65","147","171","210","267","164","115","16","0","561","561","0","0","40","93","107","125","111","55","26","4","0","596","596","0","2","25","54","64","85","156","109","89","12","0"
"충청북도 청주시 서원구 사창동(4311253000)","5,652","5,652","0","32","2,192","1,122","538","577","600","335","231","25","0","3,006","3,006","0","10","1,147","740","355","339","266","97","49","3","0","2,646","2,646","0","22","1,045","382","183","238","334","238","182","22","0"
"충청북도 청주시 서원구 모충동(4311254000)","4,432","4,432","1","72","1,190","575","432","591","794","466","266","45","0","2,238","2,238","1","27","598","363","294","372","336","180","58","9","0","2,194","2,194","0","45","592","212","138","219","458","286","208","36","0"
"충청북도 청주시 서원구 산남동(4311255000)","3,536","3,536","2","8","546","715","614","710","493","267","154","27","0","1,880","1,880","1","5","293","464","389","399","212","81","31","5","0","1,656","1,656","1","3","253","251","225","311","281","186","123","22","0"
"충청북도 청주시 서원구 분평동(4311256000)","3,923","3,923","1","7","375","543","486","817","756","505","374","59","0","1,594","1,594","0","1","170","339","264","385","255","112","52","16","0","2,329","2,329","1","6","205","204","222","432","501","393","322","43","0"
"충청북도 청주시 서원구 수곡1동(4311257000)","3,795","3,795","0","17","678","455","374","629","815","482","308","36","1","1,930","1,930","0","7","351","313","256","376","397","152","72","6","0","1,865","1,865","0","10","327","142","118","253","418","330","236","30","1"
"충청북도 청주시 서원구 수곡2동(4311258000)","3,474","3,474","0","8","213","282","306","606","921","644","425","68","1","1,640","1,640","0","4","118","191","202","360","439","225","90","11","0","1,834","1,834","0","4","95","91","104","246","482","419","335","57","1"
"충청북도 청주시 서원구 성화.개신.죽림동(4311259000)","8,694","8,694","1","25","2,079","1,475","1,099","1,274","1,485","797","390","67","2","4,299","4,299","1","14","1,173","914","674","631","558","236","87","10","1","4,395","4,395","0","11","906","561","425","643","927","561","303","57","1"
"충청북도 청주시 흥덕구 (4311300000)","60,464","60,464","12","149","12,661","14,628","8,520","9,320","8,565","3,776","2,386","440","7","33,662","33,662","5","68","6,993","9,965","5,540","5,302","3,974","1,259","477","77","2","26,802","26,802","7","81","5,668","4,663","2,980","4,018","4,591","2,517","1,909","363","5"
"충청북도 청주시 흥덕구 오송읍(4311325000)","10,568","10,568","2","19","2,426","3,379","1,541","1,372","1,118","390","274","47","0","5,616","5,616","1","9","1,129","2,193","915","663","505","127","69","5","0","4,952","4,952","1","10","1,297","1,186","626","709","613","263","205","42","0"
"충청북도 청주시 흥덕구 강내면(4311331000)","2,342","2,342","0","2","456","276","243","422","492","240","174","37","0","1,280","1,280","0","1","233","182","169","270","267","123","31","4","0","1,062","1,062","0","1","223","94","74","152","225","117","143","33","0"
"충청북도 청주시 흥덕구 옥산면(4311332000)","2,600","2,600","1","6","162","421","405","489","571","314","188","42","1","1,407","1,407","1","3","97","295","267","296","288","113","36","11","0","1,193","1,193","0","3","65","126","138","193","283","201","152","31","1"
"충청북도 청주시 흥덕구 운천.신봉동(4311370000)","2,800","2,800","0","2","235","351","338","593","636","345","245","51","4","1,354","1,354","0","2","126","229","233","323","273","114","46","6","2","1,446","1,446","0","0","109","122","105","270","363","231","199","45","2"
"충청북도 청주시 흥덕구 복대1동(4311374100)","8,141","8,141","0","11","1,585","2,277","1,387","1,315","946","376","216","28","0","4,881","4,881","0","2","984","1,636","931","772","400","105","44","7","0","3,260","3,260","0","9","601","641","456","543","546","271","172","21","0"
"충청북도 청주시 흥덕구 복대2동(4311374200)","5,813","5,813","1","37","1,869","937","561","837","876","408","245","41","1","3,220","3,220","0","21","1,098","660","370","477","420","122","47","5","0","2,593","2,593","1","16","771","277","191","360","456","286","198","36","1"
"충청북도 청주시 흥덕구 가경동(4311374700)","6,684","6,684","2","16","768","1,098","963","1,330","1,445","667","343","52","0","3,132","3,132","1","5","419","718","556","626","542","179","71","15","0","3,552","3,552","1","11","349","380","407","704","903","488","272","37","0"
"충청북도 청주시 흥덕구 봉명1동(4311375100)","4,199","4,199","4","21","1,023","1,151","589","603","505","198","87","18","0","2,504","2,504","1","6","547","778","417","379","278","73","23","2","0","1,695","1,695","3","15","476","373","172","224","227","125","64","16","0"
"충청북도 청주시 흥덕구 봉명2.송정동(4311375600)","6,875","6,875","2","9","1,374","1,874","1,107","1,097","861","305","207","39","0","4,403","4,403","1","5","859","1,364","807","737","469","116","35","10","0","2,472","2,472","1","4","515","510","300","360","392","189","172","29","0"
"충청북도 청주시 흥덕구 강서제1동(4311376000)","8,030","8,030","0","23","2,016","2,053","1,074","1,058","939","466","329","71","1","4,265","4,265","0","12","973","1,287","674","642","438","165","64","10","0","3,765","3,765","0","11","1,043","766","400","416","501","301","265","61","1"
"충청북도 청주시 흥덕구 강서제2동(4311377000)","2,412","2,412","0","3","747","811","312","204","176","67","78","14","0","1,600","1,600","0","2","528","623","201","117","94","22","11","2","0","812","812","0","1","219","188","111","87","82","45","67","12","0"
"충청북도 청주시 청원구 (4311400000)","40,472","40,472","15","245","7,908","8,056","5,465","6,269","6,305","3,313","2,433","454","9","23,075","23,075","10","96","4,629","5,910","3,775","3,816","3,169","1,140","450","79","1","17,397","17,397","5","149","3,279","2,146","1,690","2,453","3,136","2,173","1,983","375","8"
"충청북도 청주시 청원구 내수읍(4311425000)","4,213","4,213","1","12","484","357","492","904","995","501","392","70","5","2,375","2,375","1","11","370","261","332","566","552","193","75","14","0","1,838","1,838","0","1","114","96","160","338","443","308","317","56","5"
"충청북도 청주시 청원구 오창읍(4311425300)","12,974","12,974","5","21","2,722","3,923","2,213","1,684","1,334","599","396","76","1","8,627","8,627","3","14","1,772","3,088","1,640","1,105","690","227","73","15","0","4,347","4,347","2","7","950","835","573","579","644","372","323","61","1"
"충청북도 청주시 청원구 북이면(4311431000)","1,315","1,315","1","2","38","82","115","229","380","210","207","50","1","749","749","1","2","29","63","93","181","254","84","33","9","0","566","566","0","0","9","19","22","48","126","126","174","41","1"
"충청북도 청주시 청원구 우암동(4311451000)","4,923","4,923","0","86","1,438","663","461","694","732","454","336","59","0","2,497","2,497","0","27","702","417","292","449","387","148","66","9","0","2,426","2,426","0","59","736","246","169","245","345","306","270","50","0"
"충청북도 청주시 청원구 내덕1동(4311452000)","2,035","2,035","3","11","186","209","211","368","458","301","240","47","1","1,014","1,014","3","6","109","148","141","241","225","92","43","6","0","1,021","1,021","0","5","77","61","70","127","233","209","197","41","1"
"충청북도 청주시 청원구 내덕2동(4311453000)","3,214","3,214","5","76","878","373","305","490","539","304","219","25","0","1,749","1,749","2","24","480","283","213","300","281","107","51","8","0","1,465","1,465","3","52","398","90","92","190","258","197","168","17","0"
"충청북도 청주시 청원구 율량.사천동(4311454000)","9,198","9,198","0","34","1,832","1,963","1,294","1,485","1,352","685","450","102","1","4,788","4,788","0","12","990","1,354","842","747","541","210","77","14","1","4,410","4,410","0","22","842","609","452","738","811","475","373","88","0"
"충청북도 청주시 청원구 오근장동(4311455000)","2,600","2,600","0","3","330","486","374","415","515","259","193","25","0","1,276","1,276","0","0","177","296","222","227","239","79","32","4","0","1,324","1,324","0","3","153","190","152","188","276","180","161","21","0"
"충청북도 충주시 (4313000000)","45,885","45,885","14","155","5,694","5,756","5,044","8,259","9,977","5,663","4,443","854","26","24,326","24,326","11","99","3,485","4,193","3,361","4,909","5,168","1,984","974","138","4","21,559","21,559","3","56","2,209","1,563","1,683","3,350","4,809","3,679","3,469","716","22"
"충청북도 충주시 주덕읍(4313025000)","1,858","1,858","0","0","151","208","265","371","431","183","203","45","1","961","961","0","0","102","145","156","219","233","59","40","7","0","897","897","0","0","49","63","109","152","198","124","163","38","1"
"충청북도 충주시 살미면(4313031000)","499","499","0","0","5","10","25","85","161","105","78","27","3","262","262","0","0","4","5","16","52","110","49","20","5","1","237","237","0","0","1","5","9","33","51","56","58","22","2"
"충청북도 충주시 수안보면(4313032500)","820","820","0","0","10","28","55","135","275","154","138","24","1","399","399","0","0","5","16","36","94","156","55","33","3","1","421","421","0","0","5","12","19","41","119","99","105","21","0"
"충청북도 충주시 대소원면(4313033500)","3,743","3,743","0","22","1,022","632","443","580","596","239","171","37","1","2,531","2,531","0","18","733","509","330","392","383","112","47","7","0","1,212","1,212","0","4","289","123","113","188","213","127","124","30","1"
"충청북도 충주시 신니면(4313035000)","794","794","0","0","9","24","49","144","240","150","147","30","1","396","396","0","0","7","15","39","100","148","56","25","5","1","398","398","0","0","2","9","10","44","92","94","122","25","0"
"충청북도 충주시 노은면(4313036000)","581","581","0","0","15","19","41","83","187","110","105","21","0","283","283","0","0","8","12","33","54","104","50","20","2","0","298","298","0","0","7","7","8","29","83","60","85","19","0"
"충청북도 충주시 앙성면(4313037000)","1,255","1,255","0","2","25","61","63","255","399","230","169","51","0","643","643","0","2","12","39","40","163","231","94","53","9","0","612","612","0","0","13","22","23","92","168","136","116","42","0"
"충청북도 충주시 중앙탑면(4313038500)","2,261","2,261","0","3","316","645","377","374","291","125","110","20","0","1,408","1,408","0","3","216","509","255","195","150","51","26","3","0","853","853","0","0","100","136","122","179","141","74","84","17","0"
"충청북도 충주시 금가면(4313039000)","833","833","0","6","281","82","57","96","150","67","72","22","0","569","569","0","3","240","70","41","78","96","22","14","5","0","264","264","0","3","41","12","16","18","54","45","58","17","0"
"충청북도 충주시 동량면(4313040000)","877","877","0","0","10","24","45","148","249","163","183","52","3","453","453","0","0","9","13","30","102","161","73","52","13","0","424","424","0","0","1","11","15","46","88","90","131","39","3"
"충청북도 충주시 산척면(4313041000)","618","618","0","0","19","30","34","121","192","95","103","24","0","332","332","0","0","18","24","22","72","117","41","34","4","0","286","286","0","0","1","6","12","49","75","54","69","20","0"
"충청북도 충주시 엄정면(4313042000)","793","793","0","1","9","18","42","127","259","147","154","33","3","383","383","0","1","6","12","34","74","156","63","31","6","0","410","410","0","0","3","6","8","53","103","84","123","27","3"
"충청북도 충주시 소태면(4313043000)","486","486","0","1","5","18","31","87","155","90","87","12","0","254","254","0","1","3","12","19","60","98","38","21","2","0","232","232","0","0","2","6","12","27","57","52","66","10","0"
"충청북도 충주시 성내.충인동(4313051500)","833","833","0","0","54","75","77","161","207","134","106","19","0","401","401","0","0","28","52","46","100","108","42","22","3","0","432","432","0","0","26","23","31","61","99","92","84","16","0"
"충청북도 충주시 교현.안림동(4313053500)","3,640","3,640","1","9","253","368","429","713","888","482","419","77","1","1,737","1,737","1","6","152","265","282","400","411","147","64","9","0","1,903","1,903","0","3","101","103","147","313","477","335","355","68","1"
"충청북도 충주시 교현2동(4313054000)","1,856","1,856","2","20","229","191","194","347","352","266","206","49","0","934","934","1","13","119","131","133","204","197","87","43","6","0","922","922","1","7","110","60","61","143","155","179","163","43","0"
"충청북도 충주시 용산동(4313055000)","1,993","1,993","1","8","151","210","263","395","437","288","212","27","1","877","877","1","6","85","136","157","182","166","87","53","4","0","1,116","1,116","0","2","66","74","106","213","271","201","159","23","1"
"충청북도 충주시 지현동(4313056000)","1,083","1,083","0","2","102","95","103","201","259","178","125","18","0","527","527","0","0","57","60","68","121","132","57","29","3","0","556","556","0","2","45","35","35","80","127","121","96","15","0"
"충청북도 충주시 문화동(4313057100)","2,141","2,141","0","7","178","193","206","385","513","360","251","47","1","1,074","1,074","0","6","90","133","146","251","276","107","61","4","0","1,067","1,067","0","1","88","60","60","134","237","253","190","43","1"
"충청북도 충주시 호암.직동(4313058000)","3,616","3,616","4","26","693","841","485","521","518","321","175","30","2","1,875","1,875","3","15","347","555","310","276","218","94","53","4","0","1,741","1,741","1","11","346","286","175","245","300","227","122","26","2"
"충청북도 충주시 달천동(4313060500)","1,785","1,785","0","16","612","112","128","269","336","170","123","19","0","1,002","1,002","0","4","286","90","100","198","215","77","27","5","0","783","783","0","12","326","22","28","71","121","93","96","14","0"
"충청북도 충주시 봉방동(4313061000)","2,491","2,491","2","21","294","334","291","523","532","269","194","29","2","1,390","1,390","2","14","170","247","201","351","268","89","40","7","1","1,101","1,101","0","7","124","87","90","172","264","180","154","22","1"
"충청북도 충주시 칠금.금릉동(4313062500)","2,305","2,305","0","3","259","304","290","495","464","285","183","21","1","1,099","1,099","0","1","138","211","180","279","183","71","31","5","0","1,206","1,206","0","2","121","93","110","216","281","214","152","16","1"
"충청북도 충주시 연수동(4313063000)","7,644","7,644","4","7","905","1,115","888","1,422","1,632","941","633","93","4","3,879","3,879","3","5","582","840","560","734","710","318","114","13","0","3,765","3,765","1","2","323","275","328","688","922","623","519","80","4"
"충청북도 충주시 목행.용탄동(4313064000)","1,080","1,080","0","1","87","119","163","221","254","111","96","27","1","657","657","0","1","68","92","127","158","141","45","21","4","0","423","423","0","0","19","27","36","63","113","66","75","23","1"
"충청북도 제천시 (4315000000)","30,404","30,404","4","397","3,866","2,744","2,832","5,332","6,985","4,394","3,313","522","15","15,348","15,348","1","237","2,047","1,915","1,921","3,223","3,581","1,585","753","85","0","15,056","15,056","3","160","1,819","829","911","2,109","3,404","2,809","2,560","437","15"
"충청북도 제천시 봉양읍(4315025000)","1,819","1,819","0","1","56","98","130","376","520","298","272","66","2","942","942","0","0","32","67","96","231","310","124","69","13","0","877","877","0","1","24","31","34","145","210","174","203","53","2"
"충청북도 제천시 금성면(4315031000)","517","517","0","1","3","21","31","77","179","94","83","27","1","279","279","0","1","1","18","18","58","111","49","21","2","0","238","238","0","0","2","3","13","19","68","45","62","25","1"
"충청북도 제천시 청풍면(4315032000)","466","466","0","0","12","23","24","100","145","81","75","6","0","239","239","0","0","5","14","17","53","94","40","15","1","0","227","227","0","0","7","9","7","47","51","41","60","5","0"
"충청북도 제천시 수산면(4315033000)","703","703","0","0","7","11","28","130","219","146","137","25","0","369","369","0","0","5","6","18","87","142","72","35","4","0","334","334","0","0","2","5","10","43","77","74","102","21","0"
"충청북도 제천시 덕산면(4315034000)","623","623","0","1","12","14","27","86","213","134","115","21","0","306","306","0","0","8","9","17","54","124","64","26","4","0","317","317","0","1","4","5","10","32","89","70","89","17","0"
"충청북도 제천시 한수면(4315035000)","236","236","0","0","3","8","22","40","73","46","38","6","0","115","115","0","0","1","6","16","27","39","19","7","0","0","121","121","0","0","2","2","6","13","34","27","31","6","0"
"충청북도 제천시 백운면(4315036000)","972","972","0","0","33","42","44","171","298","190","157","36","1","520","520","0","0","19","28","33","116","189","90","38","7","0","452","452","0","0","14","14","11","55","109","100","119","29","1"
"충청북도 제천시 송학면(4315038000)","1,267","1,267","0","10","126","38","69","197","340","249","205","32","1","693","693","0","8","73","33","50","125","228","117","56","3","0","574","574","0","2","53","5","19","72","112","132","149","29","1"
"충청북도 제천시 교동(4315051000)","2,668","2,668","1","2","172","341","323","554","634","394","225","21","1","1,270","1,270","0","2","88","234","221","298","289","91","43","4","0","1,398","1,398","1","0","84","107","102","256","345","303","182","17","1"
"충청북도 제천시 의림지동(4315051800)","1,892","1,892","1","16","454","146","174","315","348","244","167","26","1","937","937","0","11","257","104","103","187","141","88","43","3","0","955","955","1","5","197","42","71","128","207","156","124","23","1"
"충청북도 제천시 중앙동(4315052800)","1,544","1,544","1","6","165","162","174","277","350","226","158","24","1","760","760","0","5","77","119","119","172","147","69","48","4","0","784","784","1","1","88","43","55","105","203","157","110","20","1"
"충청북도 제천시 남현동(4315053700)","1,198","1,198","0","3","112","107","121","209","292","194","147","13","0","556","556","0","0","58","77","82","125","123","57","33","1","0","642","642","0","3","54","30","39","84","169","137","114","12","0"
"충청북도 제천시 영서동(4315054700)","2,239","2,239","0","6","133","194","204","448","563","389","265","37","0","1,126","1,126","0","4","82","131","154","278","276","138","59","4","0","1,113","1,113","0","2","51","63","50","170","287","251","206","33","0"
"충청북도 제천시 용두동(4315056000)","5,217","5,217","0","299","1,690","572","394","605","773","459","362","61","2","2,629","2,629","0","162","848","382","270","347","384","151","78","7","0","2,588","2,588","0","137","842","190","124","258","389","308","284","54","2"
"충청북도 제천시 신백동(4315057700)","2,230","2,230","1","13","189","239","271","469","469","315","234","26","4","1,087","1,087","1","12","96","159","165","263","255","93","38","5","0","1,143","1,143","0","1","93","80","106","206","214","222","196","21","4"
"충청북도 제천시 청전동(4315059000)","3,824","3,824","0","9","490","388","431","693","846","538","368","60","1","1,937","1,937","0","5","270","272","303","430","384","180","77","16","0","1,887","1,887","0","4","220","116","128","263","462","358","291","44","1"
"충청북도 제천시 화산동(4315060500)","2,989","2,989","0","30","209","340","365","585","723","397","305","35","0","1,583","1,583","0","27","127","256","239","372","345","143","67","7","0","1,406","1,406","0","3","82","84","126","213","378","254","238","28","0"
"충청북도 보은군 (4372000000)","8,320","8,320","2","8","285","380","595","1,435","2,318","1,447","1,498","350","2","4,163","4,163","0","6","173","257","439","992","1,376","578","293","48","1","4,157","4,157","2","2","112","123","156","443","942","869","1,205","302","1"
"충청북도 보은군 보은읍(4372025000)","3,171","3,171","2","3","143","208","288","605","820","525","474","102","1","1,532","1,532","0","3","78","135","202","389","418","189","99","19","0","1,639","1,639","2","0","65","73","86","216","402","336","375","83","1"
"충청북도 보은군 속리산면(4372031500)","596","596","0","1","8","16","39","127","192","106","88","19","0","295","295","0","0","4","11","29","82","114","39","13","3","0","301","301","0","1","4","5","10","45","78","67","75","16","0"
"충청북도 보은군 장안면(4372032500)","382","382","0","2","35","34","41","73","77","40","67","13","0","229","229","0","2","25","26","35","60","47","20","12","2","0","153","153","0","0","10","8","6","13","30","20","55","11","0"
"충청북도 보은군 마로면(4372033000)","605","605","0","0","5","12","30","81","178","122","150","27","0","280","280","0","0","4","9","21","69","105","34","35","3","0","325","325","0","0","1","3","9","12","73","88","115","24","0"
"충청북도 보은군 탄부면(4372034000)","513","513","0","1","8","12","22","70","141","96","128","35","0","233","233","0","1","7","8","14","55","92","32","19","5","0","280","280","0","0","1","4","8","15","49","64","109","30","0"
"충청북도 보은군 삼승면(4372035000)","660","660","0","0","51","55","64","89","164","95","123","19","0","341","341","0","0","30","41","50","59","105","38","17","1","0","319","319","0","0","21","14","14","30","59","57","106","18","0"
"충청북도 보은군 수한면(4372036000)","515","515","0","0","5","8","28","71","156","112","107","28","0","257","257","0","0","2","4","25","53","102","52","18","1","0","258","258","0","0","3","4","3","18","54","60","89","27","0"
"충청북도 보은군 회남면(4372037000)","283","283","0","0","4","3","8","45","112","64","40","7","0","174","174","0","0","4","2","8","29","81","35","13","2","0","109","109","0","0","0","1","0","16","31","29","27","5","0"
"충청북도 보은군 회인면(4372038500)","581","581","0","1","9","11","22","92","175","113","115","42","1","277","277","0","0","7","9","18","63","111","48","18","2","1","304","304","0","1","2","2","4","29","64","65","97","40","0"
"충청북도 보은군 내북면(4372039000)","550","550","0","0","13","16","30","96","152","103","106","34","0","278","278","0","0","10","8","23","67","95","52","18","5","0","272","272","0","0","3","8","7","29","57","51","88","29","0"
"충청북도 보은군 산외면(4372040000)","464","464","0","0","4","5","23","86","151","71","100","24","0","267","267","0","0","2","4","14","66","106","39","31","5","0","197","197","0","0","2","1","9","20","45","32","69","19","0"
"충청북도 옥천군 (4373000000)","11,977","11,977","3","30","501","606","955","2,175","3,367","2,161","1,752","417","10","6,021","6,021","1","18","291","392","654","1,347","2,019","911","314","72","2","5,956","5,956","2","12","210","214","301","828","1,348","1,250","1,438","345","8"
"충청북도 옥천군 옥천읍(4373025000)","5,350","5,350","3","28","408","428","585","1,063","1,301","854","559","120","1","2,606","2,606","1","17","232","270","390","600","661","308","105","22","0","2,744","2,744","2","11","176","158","195","463","640","546","454","98","1"
"충청북도 옥천군 동이면(4373031000)","965","965","0","0","14","37","60","175","324","158","158","37","2","497","497","0","0","9","24","43","109","201","72","30","8","1","468","468","0","0","5","13","17","66","123","86","128","29","1"
"충청북도 옥천군 안남면(4373032000)","421","421","0","0","2","6","8","77","153","73","76","26","0","219","219","0","0","2","5","6","55","104","34","8","5","0","202","202","0","0","0","1","2","22","49","39","68","21","0"
"충청북도 옥천군 안내면(4373033000)","603","603","0","1","10","11","26","94","180","129","118","33","1","310","310","0","1","6","7","21","61","125","66","16","7","0","293","293","0","0","4","4","5","33","55","63","102","26","1"
"충청북도 옥천군 청성면(4373034000)","830","830","0","0","9","14","34","128","259","156","179","48","3","416","416","0","0","7","8","21","85","175","77","38","4","1","414","414","0","0","2","6","13","43","84","79","141","44","2"
"충청북도 옥천군 청산면(4373035000)","964","964","0","1","12","26","51","142","278","211","208","34","1","456","456","0","0","10","19","35","106","179","78","26","3","0","508","508","0","1","2","7","16","36","99","133","182","31","1"
"충청북도 옥천군 이원면(4373036000)","1,204","1,204","0","0","18","36","83","196","331","242","235","61","2","617","617","0","0","10","23","61","140","224","103","49","7","0","587","587","0","0","8","13","22","56","107","139","186","54","2"
"충청북도 옥천군 군서면(4373037000)","671","671","0","0","14","18","40","112","206","143","106","32","0","363","363","0","0","8","15","32","71","140","70","17","10","0","308","308","0","0","6","3","8","41","66","73","89","22","0"
"충청북도 옥천군 군북면(4373038000)","969","969","0","0","14","30","68","188","335","195","113","26","0","537","537","0","0","7","21","45","120","210","103","25","6","0","432","432","0","0","7","9","23","68","125","92","88","20","0"
"충청북도 영동군 (4374000000)","11,709","11,709","1","13","604","625","858","2,102","3,198","2,084","1,881","338","5","5,774","5,774","0","5","336","429","571","1,336","1,842","828","366","61","0","5,935","5,935","1","8","268","196","287","766","1,356","1,256","1,515","277","5"
"충청북도 영동군 영동읍(4374025000)","4,265","4,265","0","8","456","388","430","777","982","662","491","70","1","2,069","2,069","0","3","235","265","268","451","511","228","88","20","0","2,196","2,196","0","5","221","123","162","326","471","434","403","50","1"
"충청북도 영동군 용산면(4374031000)","1,022","1,022","0","3","25","61","80","191","311","171","148","32","0","565","565","0","1","16","41","61","121","194","91","33","7","0","457","457","0","2","9","20","19","70","117","80","115","25","0"
"충청북도 영동군 황간면(4374032000)","1,035","1,035","0","0","21","34","54","193","299","207","207","20","0","503","503","0","0","14","20","34","134","180","78","40","3","0","532","532","0","0","7","14","20","59","119","129","167","17","0"
"충청북도 영동군 추풍령면(4374033500)","607","607","0","0","6","24","37","125","179","111","97","27","1","290","290","0","0","5","22","25","79","101","38","12","8","0","317","317","0","0","1","2","12","46","78","73","85","19","1"
"충청북도 영동군 매곡면(4374034000)","529","529","0","0","10","17","28","87","154","93","118","22","0","272","272","0","0","10","14","24","64","88","44","24","4","0","257","257","0","0","0","3","4","23","66","49","94","18","0"
"충청북도 영동군 상촌면(4374035000)","691","691","0","0","9","10","23","119","194","158","147","31","0","319","319","0","0","7","8","14","81","109","69","29","2","0","372","372","0","0","2","2","9","38","85","89","118","29","0"
"충청북도 영동군 양강면(4374036000)","785","785","0","0","44","37","42","145","213","143","137","24","0","389","389","0","0","31","22","30","101","119","53","31","2","0","396","396","0","0","13","15","12","44","94","90","106","22","0"
"충청북도 영동군 용화면(4374037000)","325","325","1","0","2","5","17","65","101","49","71","12","2","166","166","0","0","2","2","12","46","73","16","14","1","0","159","159","1","0","0","3","5","19","28","33","57","11","2"
"충청북도 영동군 학산면(4374038000)","900","900","0","0","14","16","46","158","285","170","174","37","0","443","443","0","0","7","13","36","106","170","75","32","4","0","457","457","0","0","7","3","10","52","115","95","142","33","0"
"충청북도 영동군 양산면(4374039000)","572","572","0","0","6","9","29","87","181","112","119","28","1","262","262","0","0","3","4","19","53","115","45","19","4","0","310","310","0","0","3","5","10","34","66","67","100","24","1"
"충청북도 영동군 심천면(4374040000)","978","978","0","2","11","24","72","155","299","208","172","35","0","496","496","0","1","6","18","48","100","182","91","44","6","0","482","482","0","1","5","6","24","55","117","117","128","29","0"
"충청북도 증평군 (4374500000)","8,982","8,982","1","16","1,129","1,345","1,103","1,663","1,835","1,030","716","142","2","5,122","5,122","0","13","772","974","795","1,033","968","394","153","19","1","3,860","3,860","1","3","357","371","308","630","867","636","563","123","1"
"충청북도 증평군 증평읍(4374525000)","8,514","8,514","1","16","1,107","1,328","1,078","1,581","1,696","951","635","119","2","4,866","4,866","0","13","755","963","774","970","882","355","135","18","1","3,648","3,648","1","3","352","365","304","611","814","596","500","101","1"
"충청북도 증평군 도안면(4374531000)","468","468","0","0","22","17","25","82","139","79","81","23","0","256","256","0","0","17","11","21","63","86","39","18","1","0","212","212","0","0","5","6","4","19","53","40","63","22","0"
"충청북도 진천군 (4375000000)","19,911","19,911","9","110","2,216","3,196","2,921","4,008","3,862","1,832","1,447","305","5","11,946","11,946","2","57","1,441","2,445","2,122","2,593","2,182","764","296","44","0","7,965","7,965","7","53","775","751","799","1,415","1,680","1,068","1,151","261","5"
"충청북도 진천군 진천읍(4375025000)","6,673","6,673","3","52","931","894","846","1,352","1,337","679","492","86","1","3,735","3,735","0","26","584","666","586","847","682","246","88","10","0","2,938","2,938","3","26","347","228","260","505","655","433","404","76","1"
"충청북도 진천군 덕산읍(4375025300)","5,517","5,517","4","31","683","1,462","1,087","1,075","693","257","178","44","3","3,616","3,616","1","16","458","1,122","800","690","367","108","44","10","0","1,901","1,901","3","15","225","340","287","385","326","149","134","34","3"
"충청북도 진천군 덕산읍혁신도시출장소(4375025400)","0","0","0","0","0","0","0","0","0","0","0","0","0","0","0","0","0","0","0","0","0","0","0","0","0","0","0","0","0","0","0","0","0","0","0","0","0","0","0"
"충청북도 진천군 초평면(4375032000)","761","761","0","1","19","31","52","126","210","133","150","39","0","420","420","0","1","14","26","42","95","140","65","32","5","0","341","341","0","0","5","5","10","31","70","68","118","34","0"
"충청북도 진천군 문백면(4375033000)","1,028","1,028","1","5","38","72","87","191","299","169","137","29","0","588","588","1","4","23","53","64","145","192","78","25","3","0","440","440","0","1","15","19","23","46","107","91","112","26","0"
"충청북도 진천군 백곡면(4375034000)","681","681","1","3","14","22","45","118","216","108","123","31","0","347","347","0","1","8","15","30","83","128","55","24","3","0","334","334","1","2","6","7","15","35","88","53","99","28","0"
"충청북도 진천군 이월면(4375035000)","1,943","1,943","0","6","146","186","223","383","517","233","203","45","1","1,128","1,128","0","4","103","151","164","224","320","109","43","10","0","815","815","0","2","43","35","59","159","197","124","160","35","1"
"충청북도 진천군 광혜원면(4375037000)","3,308","3,308","0","12","385","529","581","763","590","253","164","31","0","2,112","2,112","0","5","251","412","436","509","353","103","40","3","0","1,196","1,196","0","7","134","117","145","254","237","150","124","28","0"
"충청북도 괴산군 (4376000000)","11,656","11,656","1","50","650","586","930","2,361","3,278","1,889","1,564","341","6","6,273","6,273","1","25","368","376","646","1,537","2,061","860","341","58","0","5,383","5,383","0","25","282","210","284","824","1,217","1,029","1,223","283","6"
"충청북도 괴산군 괴산읍(4376025000)","2,685","2,685","0","40","430","246","311","574","511","309","215","47","2","1,441","1,441","0","21","234","149","212","362","287","124","44","8","0","1,244","1,244","0","19","196","97","99","212","224","185","171","39","2"
"충청북도 괴산군 감물면(4376031000)","598","598","0","0","8","22","43","117","180","101","98","29","0","330","330","0","0","3","14","33","87","113","48","25","7","0","268","268","0","0","5","8","10","30","67","53","73","22","0"
"충청북도 괴산군 장연면(4376032000)","668","668","0","0","12","13","39","144","221","112","105","22","0","351","351","0","0","4","9","23","100","143","43","28","1","0","317","317","0","0","8","4","16","44","78","69","77","21","0"
"충청북도 괴산군 연풍면(4376033000)","737","737","0","2","19","33","52","141","231","132","100","27","0","389","389","0","1","14","18","34","83","147","65","23","4","0","348","348","0","1","5","15","18","58","84","67","77","23","0"
"충청북도 괴산군 칠성면(4376034000)","1,061","1,061","0","2","43","43","99","244","308","147","147","28","0","560","560","0","1","25","30","71","154","192","61","22","4","0","501","501","0","1","18","13","28","90","116","86","125","24","0"
"충청북도 괴산군 문광면(4376035000)","726","726","0","2","21","31","51","141","231","126","100","23","0","409","409","0","2","14","25","37","87","149","69","24","2","0","317","317","0","0","7","6","14","54","82","57","76","21","0"
"충청북도 괴산군 청천면(4376036000)","1,778","1,778","0","1","34","68","110","332","577","325","274","56","1","945","945","0","0","23","46","76","206","363","154","64","13","0","833","833","0","1","11","22","34","126","214","171","210","43","1"
"충청북도 괴산군 청안면(4376037000)","1,137","1,137","1","1","30","47","73","238","344","207","160","34","2","606","606","1","0","15","30","56","160","213","98","30","3","0","531","531","0","1","15","17","17","78","131","109","130","31","2"
"충청북도 괴산군 사리면(4376039000)","810","810","0","2","30","38","69","153","214","146","133","24","1","449","449","0","0","21","26","44","109","156","62","28","3","0","361","361","0","2","9","12","25","44","58","84","105","21","1"
"충청북도 괴산군 소수면(4376040000)","624","624","0","0","12","19","32","115","204","128","95","19","0","336","336","0","0","7","12","21","76","132","63","21","4","0","288","288","0","0","5","7","11","39","72","65","74","15","0"
"충청북도 괴산군 불정면(4376041000)","832","832","0","0","11","26","51","162","257","156","137","32","0","457","457","0","0","8","17","39","113","166","73","32","9","0","375","375","0","0","3","9","12","49","91","83","105","23","0"
"충청북도 음성군 (4377000000)","25,718","25,718","6","234","2,357","3,311","3,154","5,308","5,962","2,882","2,090","403","11","15,209","15,209","3","145","1,391","2,382","2,318","3,562","3,573","1,257","506","69","3","10,509","10,509","3","89","966","929","836","1,746","2,389","1,625","1,584","334","8"
"충청북도 음성군 음성읍(4377025000)","4,218","4,218","0","18","273","422","425","860","1,066","627","442","84","1","2,270","2,270","0","10","175","268","305","547","606","239","111","9","0","1,948","1,948","0","8","98","154","120","313","460","388","331","75","1"
"충청북도 음성군 금왕읍(4377025300)","5,406","5,406","3","115","504","675","737","1,174","1,246","533","358","60","1","3,299","3,299","3","87","337","494","553","784","718","221","83","18","1","2,107","2,107","0","28","167","181","184","390","528","312","275","42","0"
"충청북도 음성군 소이면(4377031000)","888","888","0","1","29","48","55","129","231","165","194","36","0","470","470","0","1","17","40","42","94","156","73","40","7","0","418","418","0","0","12","8","13","35","75","92","154","29","0"
"충청북도 음성군 원남면(4377032000)","1,066","1,066","0","48","25","41","63","162","330","187","163","45","2","596","596","0","27","18","32","49","107","214","98","44","6","1","470","470","0","21","7","9","14","55","116","89","119","39","1"
"충청북도 음성군 맹동면(4377033000)","3,410","3,410","0","8","655","940","514","489","469","190","127","17","1","1,998","1,998","0","3","328","634","343","314","256","85","30","5","0","1,412","1,412","0","5","327","306","171","175","213","105","97","12","1"
"충청북도 음성군 대소면(4377034000)","4,327","4,327","3","17","382","703","697","1,062","879","330","218","35","1","2,851","2,851","0","8","261","558","535","726","553","160","43","7","0","1,476","1,476","3","9","121","145","162","336","326","170","175","28","1"
"충청북도 음성군 삼성면(4377035000)","2,140","2,140","0","2","89","155","235","547","604","272","194","40","2","1,354","1,354","0","1","63","129","189","393","391","128","52","8","0","786","786","0","1","26","26","46","154","213","144","142","32","2"
"충청북도 음성군 생극면(4377036000)","1,500","1,500","0","0","56","110","140","327","432","216","178","40","1","910","910","0","0","40","88","118","232","279","98","51","4","0","590","590","0","0","16","22","22","95","153","118","127","36","1"
"충청북도 음성군 감곡면(4377037000)","2,763","2,763","0","25","344","217","288","558","705","362","216","46","2","1,461","1,461","0","8","152","139","184","365","400","155","52","5","1","1,302","1,302","0","17","192","78","104","193","305","207","164","41","1"
"충청북도 단양군 (4380000000)","7,861","7,861","0","21","287","445","566","1,457","2,388","1,415","1,116","160","6","4,108","4,108","0","11","180","312","401","949","1,405","582","237","30","1","3,753","3,753","0","10","107","133","165","508","983","833","879","130","5"
"충청북도 단양군 단양읍(4380025000)","2,397","2,397","0","3","165","263","249","448","598","369","254","47","1","1,223","1,223","0","1","90","184","168","281","311","122","56","10","0","1,174","1,174","0","2","75","79","81","167","287","247","198","37","1"
"충청북도 단양군 매포읍(4380025300)","1,297","1,297","0","0","59","72","124","272","312","232","208","18","0","694","694","0","0","50","55","96","198","182","78","33","2","0","603","603","0","0","9","17","28","74","130","154","175","16","0"
"충청북도 단양군 대강면(4380031000)","824","824","0","1","14","17","35","122","291","171","148","24","1","402","402","0","1","10","9","23","79","170","70","34","6","0","422","422","0","0","4","8","12","43","121","101","114","18","1"
"충청북도 단양군 가곡면(4380032000)","616","616","0","0","15","14","28","105","218","121","97","16","2","340","340","0","0","9","10","23","67","135","73","21","2","0","276","276","0","0","6","4","5","38","83","48","76","14","2"
"충청북도 단양군 영춘면(4380033000)","1,055","1,055","0","1","10","27","46","224","353","214","156","24","0","515","515","0","1","8","19","24","131","203","87","38","4","0","540","540","0","0","2","8","22","93","150","127","118","20","0"
"충청북도 단양군 어상천면(4380034000)","576","576","0","0","4","17","27","101","238","100","80","9","0","358","358","0","0","4","12","20","78","159","58","25","2","0","218","218","0","0","0","5","7","23","79","42","55","7","0"
"충청북도 단양군 적성면(4380035000)","526","526","0","0","7","18","30","92","191","98","78","12","0","283","283","0","0","3","13","24","55","125","43","17","3","0","243","243","0","0","4","5","6","37","66","55","61","9","0"
"충청북도 단양군 단성면(4380036000)","570","570","0","16","13","17","27","93","187","110","95","10","2","293","293","0","8","6","10","23","60","120","51","13","1","1","277","277","0","8","7","7","4","33","67","59","82","9","1"
"충청남도  (4400000000)","474,445","474,445","138","2,387","62,307","69,309","58,699","81,830","93,032","54,849","42,542","9,147","205","261,836","261,836","75","1,149","35,655","49,218","41,811","52,000","50,674","20,939","8,758","1,527","30","212,609","212,609","63","1,238","26,652","20,091","16,888","29,830","42,358","33,910","33,784","7,620","175"
"충청남도 천안시 (4413000000)","137,417","137,417","50","722","27,924","28,952","19,958","21,829","20,654","9,978","6,140","1,182","28","78,490","78,490","29","297","14,982","19,910","13,863","13,524","10,626","3,767","1,316","171","5","58,927","58,927","21","425","12,942","9,042","6,095","8,305","10,028","6,211","4,824","1,011","23"
"충청남도 천안시 동남구 (4413100000)","54,720","54,720","22","309","9,521","8,430","7,063","9,659","10,452","5,265","3,323","660","16","29,749","29,749","10","117","4,805","5,795","4,819","5,936","5,366","2,061","737","99","4","24,971","24,971","12","192","4,716","2,635","2,244","3,723","5,086","3,204","2,586","561","12"
"충청남도 천안시 동남구 목천읍(4413125000)","5,003","5,003","2","2","248","532","702","1,245","1,169","578","418","104","3","2,752","2,752","1","1","148","391","483","774","605","229","100","19","1","2,251","2,251","1","1","100","141","219","471","564","349","318","85","2"
"충청남도 천안시 동남구 풍세면(4413131000)","2,380","2,380","0","4","343","511","363","387","411","181","130","50","0","1,424","1,424","0","2","215","358","268","236","220","92","28","5","0","956","956","0","2","128","153","95","151","191","89","102","45","0"
"충청남도 천안시 동남구 광덕면(4413132000)","1,155","1,155","2","1","45","49","94","219","322","200","176","46","1","586","586","2","0","31","33","62","132","196","84","39","7","0","569","569","0","1","14","16","32","87","126","116","137","39","1"
"충청남도 천안시 동남구 북면(4413133000)","1,353","1,353","0","0","50","82","136","279","407","202","162","34","1","757","757","0","0","36","54","103","201","219","94","43","7","0","596","596","0","0","14","28","33","78","188","108","119","27","1"
"충청남도 천안시 동남구 성남면(4413134000)","765","765","0","0","17","35","67","135","239","139","105","28","0","419","419","0","0","9","26","53","93","156","59","20","3","0","346","346","0","0","8","9","14","42","83","80","85","25","0"
"충청남도 천안시 동남구 수신면(4413135000)","717","717","0","0","55","57","80","139","184","87","102","13","0","447","447","0","0","36","48","69","112","128","36","17","1","0","270","270","0","0","19","9","11","27","56","51","85","12","0"
"충청남도 천안시 동남구 병천면(4413136000)","2,196","2,196","0","7","420","205","232","390","464","273","162","43","0","1,359","1,359","0","5","326","152","165","260","286","125","32","8","0","837","837","0","2","94","53","67","130","178","148","130","35","0"
"충청남도 천안시 동남구 동면(4413137000)","628","628","0","1","14","20","45","107","216","116","88","20","1","352","352","0","1","11","14","35","73","139","59","20","0","0","276","276","0","0","3","6","10","34","77","57","68","20","1"
"충청남도 천안시 동남구 중앙동(4413151000)","1,740","1,740","0","2","79","137","159","382","513","303","142","23","0","1,000","1,000","0","1","43","98","116","275","292","131","39","5","0","740","740","0","1","36","39","43","107","221","172","103","18","0"
"충청남도 천안시 동남구 문성동(4413152000)","1,787","1,787","1","7","325","330","249","282","357","154","68","14","0","1,016","1,016","0","2","150","226","165","189","205","61","16","2","0","771","771","1","5","175","104","84","93","152","93","52","12","0"
"충청남도 천안시 동남구 원성1동(4413153000)","1,899","1,899","2","3","165","180","213","375","466","293","167","34","1","1,046","1,046","0","2","96","126","153","257","257","113","37","5","0","853","853","2","1","69","54","60","118","209","180","130","29","1"
"충청남도 천안시 동남구 원성2동(4413154000)","2,540","2,540","1","11","198","277","297","525","684","296","223","28","0","1,371","1,371","1","7","114","192","192","329","360","125","46","5","0","1,169","1,169","0","4","84","85","105","196","324","171","177","23","0"
"충청남도 천안시 동남구 봉명동(4413155000)","4,563","4,563","3","7","674","668","667","942","913","416","238","35","0","2,529","2,529","2","5","297","452","456","600","496","167","50","4","0","2,034","2,034","1","2","377","216","211","342","417","249","188","31","0"
"충청남도 천안시 동남구 일봉동(4413156000)","2,704","2,704","1","4","232","413","323","532","638","333","201","27","0","1,386","1,386","0","2","114","280","208","306","298","121","52","5","0","1,318","1,318","1","2","118","133","115","226","340","212","149","22","0"
"충청남도 천안시 동남구 신방동(4413157000)","7,807","7,807","7","24","1,201","1,896","1,400","1,376","1,049","496","304","51","3","4,509","4,509","2","12","685","1,337","996","819","437","161","53","6","1","3,298","3,298","5","12","516","559","404","557","612","335","251","45","2"
"충청남도 천안시 동남구 청룡동(4413158000)","7,142","7,142","2","15","957","1,487","1,060","1,229","1,300","668","354","68","2","3,792","3,792","1","4","526","1,048","694","660","546","228","72","12","1","3,350","3,350","1","11","431","439","366","569","754","440","282","56","1"
"충청남도 천안시 동남구 신안동(4413159000)","10,341","10,341","1","221","4,498","1,551","976","1,115","1,120","530","283","42","4","5,004","5,004","1","73","1,968","960","601","620","526","176","73","5","1","5,337","5,337","0","148","2,530","591","375","495","594","354","210","37","3"
"충청남도 천안시 서북구 (4413300000)","82,697","82,697","28","413","18,403","20,522","12,895","12,170","10,202","4,713","2,817","522","12","48,741","48,741","19","180","10,177","14,115","9,044","7,588","5,260","1,706","579","72","1","33,956","33,956","9","233","8,226","6,407","3,851","4,582","4,942","3,007","2,238","450","11"
"충청남도 천안시 서북구 성환읍(4413325000)","5,024","5,024","6","33","531","370","613","980","1,191","721","472","105","2","2,834","2,834","6","10","315","278","471","677","685","283","97","12","0","2,190","2,190","0","23","216","92","142","303","506","438","375","93","2"
"충청남도 천안시 서북구 성거읍(4413325300)","4,524","4,524","4","10","432","665","807","1,020","913","413","219","38","3","2,830","2,830","4","3","281","490","602","713","514","166","54","2","1","1,694","1,694","0","7","151","175","205","307","399","247","165","36","2"
"충청남도 천안시 서북구 직산읍(4413325600)","4,877","4,877","5","12","533","845","910","1,015","856","400","256","45","0","3,227","3,227","2","9","415","664","730","701","494","156","49","7","0","1,650","1,650","3","3","118","181","180","314","362","244","207","38","0"
"충청남도 천안시 서북구 입장면(4413331000)","2,194","2,194","1","4","138","177","248","519","538","293","236","40","0","1,325","1,325","0","1","101","148","200","368","330","117","50","10","0","869","869","1","3","37","29","48","151","208","176","186","30","0"
"충청남도 천안시 서북구 성정1동(4413351000)","5,300","5,300","3","12","664","961","801","1,080","1,085","437","218","38","1","3,206","3,206","1","8","380","678","563","720","623","178","51","4","0","2,094","2,094","2","4","284","283","238","360","462","259","167","34","1"
"충청남도 천안시 서북구 성정2동(4413352000)","13,203","13,203","1","34","3,452","3,831","2,214","1,760","1,213","439","209","47","3","8,051","8,051","0","14","1,818","2,503","1,512","1,237","731","180","49","7","0","5,152","5,152","1","20","1,634","1,328","702","523","482","259","160","40","3"
"충청남도 천안시 서북구 쌍용1동(4413353000)","2,737","2,737","1","12","680","471","325","425","419","218","158","28","0","1,376","1,376","0","8","273","346","221","235","187","66","33","7","0","1,361","1,361","1","4","407","125","104","190","232","152","125","21","0"
"충청남도 천안시 서북구 쌍용2동(4413354000)","4,897","4,897","1","48","1,109","963","658","810","696","351","228","33","0","2,315","2,315","1","27","563","593","393","375","243","79","35","6","0","2,582","2,582","0","21","546","370","265","435","453","272","193","27","0"
"충청남도 천안시 서북구 쌍용3동(4413355000)","3,333","3,333","1","8","373","527","430","583","660","415","285","50","1","1,505","1,505","0","7","191","322","252","271","276","139","41","6","0","1,828","1,828","1","1","182","205","178","312","384","276","244","44","1"
"충청남도 천안시 서북구 백석동(4413356000)","3,811","3,811","2","10","849","1,079","559","543","472","188","87","22","0","2,180","2,180","2","4","487","748","406","294","174","46","17","2","0","1,631","1,631","0","6","362","331","153","249","298","142","70","20","0"
"충청남도 천안시 서북구 불당1동(4413356600)","4,060","4,060","2","13","898","1,351","697","546","362","126","54","11","0","2,205","2,205","2","6","476","856","409","254","157","34","9","2","0","1,855","1,855","0","7","422","495","288","292","205","92","45","9","0"
"충청남도 천안시 서북구 불당2동(4413356700)","4,132","4,132","0","16","1,292","1,458","609","382","234","97","42","2","0","2,189","2,189","0","2","610","893","382","184","79","32","6","1","0","1,943","1,943","0","14","682","565","227","198","155","65","36","1","0"
"충청남도 천안시 서북구 부성1동(4413358000)","13,933","13,933","0","172","5,067","3,991","1,851","1,317","883","394","221","35","2","8,212","8,212","0","69","2,702","2,746","1,274","779","429","149","59","5","0","5,721","5,721","0","103","2,365","1,245","577","538","454","245","162","30","2"
"충청남도 천안시 서북구 부성2동(4413359000)","10,672","10,672","1","29","2,385","3,833","2,173","1,190","680","221","132","28","0","7,286","7,286","1","12","1,565","2,850","1,629","780","338","81","29","1","0","3,386","3,386","0","17","820","983","544","410","342","140","103","27","0"
"충청남도 공주시 (4415000000)","26,354","26,354","4","645","3,971","2,207","2,241","4,167","5,889","3,560","2,976","685","9","13,044","13,044","1","311","1,748","1,482","1,515","2,593","3,206","1,403","657","127","1","13,310","13,310","3","334","2,223","725","726","1,574","2,683","2,157","2,319","558","8"
"충청남도 공주시 유구읍(4415025000)","1,707","1,707","0","33","42","62","111","289","464","322","324","59","1","824","824","0","31","25","46","84","177","244","138","69","10","0","883","883","0","2","17","16","27","112","220","184","255","49","1"
"충청남도 공주시 이인면(4415031000)","771","771","1","0","12","29","52","125","210","150","153","39","0","398","398","0","0","11","21","44","100","127","59","30","6","0","373","373","1","0","1","8","8","25","83","91","123","33","0"
"충청남도 공주시 탄천면(4415032000)","838","838","0","2","24","44","48","134","216","157","167","43","3","457","457","0","1","17","30","38","102","139","82","40","8","0","381","381","0","1","7","14","10","32","77","75","127","35","3"
"충청남도 공주시 계룡면(4415033000)","1,615","1,615","0","2","42","60","98","312","491","307","240","62","1","844","844","0","1","25","37","67","216","293","140","48","16","1","771","771","0","1","17","23","31","96","198","167","192","46","0"
"충청남도 공주시 반포면(4415034000)","1,075","1,075","0","1","26","76","88","237","346","172","104","25","0","600","600","0","1","13","53","57","158","210","81","20","7","0","475","475","0","0","13","23","31","79","136","91","84","18","0"
"충청남도 공주시 의당면(4415036000)","1,169","1,169","0","0","62","92","114","268","315","165","125","28","0","660","660","0","0","39","66","78","183","187","75","25","7","0","509","509","0","0","23","26","36","85","128","90","100","21","0"
"충청남도 공주시 정안면(4415037000)","1,317","1,317","0","154","24","38","81","168","378","209","205","60","0","767","767","0","154","15","27","55","116","245","90","51","14","0","550","550","0","0","9","11","26","52","133","119","154","46","0"
"충청남도 공주시 우성면(4415038000)","1,298","1,298","1","1","37","54","122","229","344","190","257","62","1","723","723","0","0","30","42","96","167","230","84","69","5","0","575","575","1","1","7","12","26","62","114","106","188","57","1"
"충청남도 공주시 사곡면(4415039000)","719","719","0","1","15","28","39","127","195","136","149","28","1","360","360","0","1","5","23","25","88","124","58","29","7","0","359","359","0","0","10","5","14","39","71","78","120","21","1"
"충청남도 공주시 신풍면(4415040000)","780","780","0","0","8","24","38","125","245","177","130","32","1","396","396","0","0","7","20","30","80","157","67","27","8","0","384","384","0","0","1","4","8","45","88","110","103","24","1"
"충청남도 공주시 중학동(4415051000)","1,426","1,426","0","67","298","111","120","225","268","171","136","30","0","773","773","0","40","191","66","86","145","157","59","23","6","0","653","653","0","27","107","45","34","80","111","112","113","24","0"
"충청남도 공주시 웅진동(4415054000)","1,790","1,790","1","1","124","218","209","308","416","271","196","46","0","828","828","0","1","59","142","133","173","199","78","38","5","0","962","962","1","0","65","76","76","135","217","193","158","41","0"
"충청남도 공주시 금학동(4415055000)","1,466","1,466","0","78","485","116","124","181","233","139","90","19","1","620","620","0","1","123","78","88","117","129","63","19","2","0","846","846","0","77","362","38","36","64","104","76","71","17","1"
"충청남도 공주시 옥룡동(4415056000)","2,016","2,016","1","2","103","152","194","369","580","317","248","50","0","963","963","1","1","60","104","136","215","268","119","50","9","0","1,053","1,053","0","1","43","48","58","154","312","198","198","41","0"
"충청남도 공주시 신관동(4415057000)","5,733","5,733","0","294","2,259","606","512","665","693","403","251","50","0","2,534","2,534","0","76","948","405","314","352","259","114","62","4","0","3,199","3,199","0","218","1,311","201","198","313","434","289","189","46","0"
"충청남도 공주시 월송동(4415059000)","2,634","2,634","0","9","410","497","291","405","495","274","201","52","0","1,297","1,297","0","3","180","322","184","204","238","96","57","13","0","1,337","1,337","0","6","230","175","107","201","257","178","144","39","0"
"충청남도 보령시 (4418000000)","23,458","23,458","12","44","1,613","2,006","2,431","4,360","5,755","3,794","2,796","634","13","12,027","12,027","9","27","980","1,436","1,733","2,746","3,086","1,360","553","97","0","11,431","11,431","3","17","633","570","698","1,614","2,669","2,434","2,243","537","13"
"충청남도 보령시 웅천읍(4418025000)","1,858","1,858","0","3","44","69","140","356","508","369","292","75","2","916","916","0","1","30","47","111","232","288","139","57","11","0","942","942","0","2","14","22","29","124","220","230","235","64","2"
"충청남도 보령시 주포면(4418031000)","463","463","0","2","39","16","30","75","118","98","67","18","0","258","258","0","2","37","14","19","54","77","41","14","0","0","205","205","0","0","2","2","11","21","41","57","53","18","0"
"충청남도 보령시 오천면(4418032000)","562","562","0","0","12","23","61","114","162","96","80","14","0","350","350","0","0","11","21","51","95","106","45","17","4","0","212","212","0","0","1","2","10","19","56","51","63","10","0"
"충청남도 보령시 오천면어항출장소(4418032500)","432","432","0","1","9","15","42","95","141","78","38","12","1","236","236","0","1","8","11","35","68","73","30","9","1","0","196","196","0","0","1","4","7","27","68","48","29","11","1"
"충청남도 보령시 원산출장소(4418032900)","300","300","0","0","7","8","22","52","88","67","47","9","0","161","161","0","0","7","6","19","36","61","26","6","0","0","139","139","0","0","0","2","3","16","27","41","41","9","0"
"충청남도 보령시 천북면(4418033000)","871","871","0","0","19","25","60","148","243","163","164","46","3","449","449","0","0","16","16","48","102","148","71","38","10","0","422","422","0","0","3","9","12","46","95","92","126","36","3"
"충청남도 보령시 청소면(4418034000)","696","696","0","0","9","20","33","107","181","143","160","42","1","326","326","0","0","6","15","29","67","120","58","27","4","0","370","370","0","0","3","5","4","40","61","85","133","38","1"
"충청남도 보령시 청라면(4418035000)","947","947","0","0","23","32","53","144","256","206","200","32","1","463","463","0","0","18","22","40","96","161","74","48","4","0","484","484","0","0","5","10","13","48","95","132","152","28","1"
"충청남도 보령시 남포면(4418036000)","1,282","1,282","7","19","35","43","96","198","366","247","204","66","1","626","626","6","12","21","28","68","134","220","92","32","13","0","656","656","1","7","14","15","28","64","146","155","172","53","1"
"충청남도 보령시 주산면(4418038000)","701","701","0","0","7","16","39","107","186","144","150","51","1","335","335","0","0","4","12","33","76","120","51","29","10","0","366","366","0","0","3","4","6","31","66","93","121","41","1"
"충청남도 보령시 미산면(4418039000)","559","559","0","0","5","13","32","86","154","132","111","26","0","290","290","0","0","5","8","25","59","108","57","26","2","0","269","269","0","0","0","5","7","27","46","75","85","24","0"
"충청남도 보령시 성주면(4418040000)","645","645","0","0","15","26","57","105","184","138","100","19","1","291","291","0","0","10","13","39","67","95","49","17","1","0","354","354","0","0","5","13","18","38","89","89","83","18","1"
"충청남도 보령시 주교면(4418041000)","1,134","1,134","0","0","41","60","99","244","294","195","153","47","1","607","607","0","0","29","45","77","181","168","75","24","8","0","527","527","0","0","12","15","22","63","126","120","129","39","1"
"충청남도 보령시 대천1동(4418051500)","2,903","2,903","1","3","291","317","357","547","687","414","246","39","1","1,509","1,509","1","3","177","235","241","326","331","135","50","10","0","1,394","1,394","0","0","114","82","116","221","356","279","196","29","1"
"충청남도 보령시 대천2동(4418052500)","1,464","1,464","0","2","121","159","175","300","332","194","153","28","0","738","738","0","2","67","116","119","187","152","63","28","4","0","726","726","0","0","54","43","56","113","180","131","125","24","0"
"충청남도 보령시 대천3동(4418053500)","3,278","3,278","3","7","462","508","494","641","590","343","199","31","0","1,761","1,761","1","3","277","374","343","351","257","114","38","3","0","1,517","1,517","2","4","185","134","151","290","333","229","161","28","0"
"충청남도 보령시 대천4동(4418054500)","3,552","3,552","1","4","388","542","421","631","786","472","263","44","0","1,724","1,724","1","2","194","369","271","339","339","145","57","7","0","1,828","1,828","0","2","194","173","150","292","447","327","206","37","0"
"충청남도 보령시 대천5동(4418056500)","1,811","1,811","0","3","86","114","220","410","479","295","169","35","0","987","987","0","1","63","84","165","276","262","95","36","5","0","824","824","0","2","23","30","55","134","217","200","133","30","0"
"충청남도 아산시 (4420000000)","70,836","70,836","31","203","11,355","13,723","10,956","12,014","11,537","6,244","4,036","726","11","42,603","42,603","13","101","7,037","9,915","8,121","7,769","6,235","2,391","902","116","3","28,233","28,233","18","102","4,318","3,808","2,835","4,245","5,302","3,853","3,134","610","8"
"충청남도 아산시 염치읍(4420025000)","1,428","1,428","1","1","83","106","148","299","347","213","185","45","0","814","814","1","0","64","91","114","202","210","82","39","11","0","614","614","0","1","19","15","34","97","137","131","146","34","0"
"충청남도 아산시 배방읍(4420025300)","18,438","18,438","2","55","4,295","5,066","2,814","2,419","2,094","1,105","506","82","0","10,903","10,903","1","25","2,402","3,368","2,030","1,478","1,051","406","129","13","0","7,535","7,535","1","30","1,893","1,698","784","941","1,043","699","377","69","0"
"충청남도 아산시 송악면(4420031000)","819","819","0","0","18","25","51","150","236","159","139","41","0","427","427","0","0","7","14","39","99","152","79","35","2","0","392","392","0","0","11","11","12","51","84","80","104","39","0"
"충청남도 아산시 탕정면(4420033000)","6,146","6,146","2","34","1,825","1,567","1,067","835","491","201","101","23","0","4,169","4,169","1","17","1,178","1,142","829","598","278","91","32","3","0","1,977","1,977","1","17","647","425","238","237","213","110","69","20","0"
"충청남도 아산시 음봉면(4420035000)","4,971","4,971","3","8","846","1,125","874","889","687","325","188","23","3","3,365","3,365","0","4","618","877","690","611","390","133","39","3","0","1,606","1,606","3","4","228","248","184","278","297","192","149","20","3"
"충청남도 아산시 둔포면(4420036000)","6,448","6,448","9","18","787","1,555","1,423","1,189","883","322","226","34","2","4,711","4,711","5","12","602","1,260","1,159","896","583","133","51","9","1","1,737","1,737","4","6","185","295","264","293","300","189","175","25","1"
"충청남도 아산시 영인면(4420037000)","1,287","1,287","0","2","33","72","89","219","361","229","224","58","0","723","723","0","0","25","57","69","167","251","99","49","6","0","564","564","0","2","8","15","20","52","110","130","175","52","0"
"충청남도 아산시 인주면(4420038000)","1,886","1,886","1","0","122","163","295","396","435","224","199","50","1","1,232","1,232","0","0","101","138","247","302","292","100","44","7","1","654","654","1","0","21","25","48","94","143","124","155","43","0"
"충청남도 아산시 선장면(4420039000)","761","761","1","1","15","28","51","143","194","141","152","35","0","390","390","1","1","7","20","39","110","117","59","30","6","0","371","371","0","0","8","8","12","33","77","82","122","29","0"
"충청남도 아산시 도고면(4420040000)","1,092","1,092","0","1","38","71","93","185","311","180","182","31","0","629","629","0","1","26","53","79","140","201","90","35","4","0","463","463","0","0","12","18","14","45","110","90","147","27","0"
"충청남도 아산시 신창면(4420041000)","5,132","5,132","6","24","814","625","749","931","996","567","346","74","0","2,967","2,967","1","12","514","453","542","560","569","237","69","10","0","2,165","2,165","5","12","300","172","207","371","427","330","277","64","0"
"충청남도 아산시 온양1동(4420057000)","2,588","2,588","0","6","346","470","412","477","484","244","127","21","1","1,574","1,574","0","3","203","330","307","312","280","97","38","4","0","1,014","1,014","0","3","143","140","105","165","204","147","89","17","1"
"충청남도 아산시 온양2동(4420058000)","3,389","3,389","2","18","561","542","433","567","657","350","228","29","2","1,988","1,988","1","7","342","434","311","373","332","126","54","7","1","1,401","1,401","1","11","219","108","122","194","325","224","174","22","1"
"충청남도 아산시 온양3동(4420059000)","5,511","5,511","1","16","779","942","791","998","1,005","606","325","47","1","3,004","3,004","1","5","449","686","553","599","435","199","69","8","0","2,507","2,507","0","11","330","256","238","399","570","407","256","39","1"
"충청남도 아산시 온양4동(4420060000)","2,814","2,814","1","7","178","284","450","614","637","357","252","33","1","1,446","1,446","1","5","111","215","297","353","292","109","59","4","0","1,368","1,368","0","2","67","69","153","261","345","248","193","29","1"
"충청남도 아산시 온양5동(4420061000)","3,377","3,377","2","6","430","595","519","681","597","310","203","34","0","1,859","1,859","0","5","280","452","359","368","262","89","36","8","0","1,518","1,518","2","1","150","143","160","313","335","221","167","26","0"
"충청남도 아산시 온양6동(4420062000)","4,749","4,749","0","6","185","487","697","1,022","1,122","711","453","66","0","2,402","2,402","0","4","108","325","457","601","540","262","94","11","0","2,347","2,347","0","2","77","162","240","421","582","449","359","55","0"
"충청남도 서산시 (4421000000)","35,615","35,615","3","59","4,080","5,227","4,609","6,678","6,860","4,081","3,246","753","19","20,856","20,856","2","32","2,875","4,123","3,384","4,210","3,745","1,647","704","134","0","14,759","14,759","1","27","1,205","1,104","1,225","2,468","3,115","2,434","2,542","619","19"
"충청남도 서산시 대산읍(4421025000)","3,924","3,924","0","14","538","587","481","970","741","323","212","57","1","2,834","2,834","0","7","457","533","419","761","480","132","37","8","0","1,090","1,090","0","7","81","54","62","209","261","191","175","49","1"
"충청남도 서산시 인지면(4421031000)","1,299","1,299","0","1","39","62","106","265","329","231","204","61","1","664","664","0","1","25","45","79","170","192","95","43","14","0","635","635","0","0","14","17","27","95","137","136","161","47","1"
"충청남도 서산시 부석면(4421032000)","1,224","1,224","0","1","17","43","76","185","334","260","254","53","1","610","610","0","0","13","29","62","131","205","103","60","7","0","614","614","0","1","4","14","14","54","129","157","194","46","1"
"충청남도 서산시 팔봉면(4421033000)","784","784","0","0","7","18","40","143","235","180","129","32","0","403","403","0","0","4","12","35","94","152","71","29","6","0","381","381","0","0","3","6","5","49","83","109","100","26","0"
"충청남도 서산시 지곡면(4421034000)","1,594","1,594","0","1","88","197","251","355","339","178","159","26","0","1,031","1,031","0","1","76","177","211","250","203","76","29","8","0","563","563","0","0","12","20","40","105","136","102","130","18","0"
"충청남도 서산시 성연면(4421036000)","2,279","2,279","0","0","262","669","410","362","299","145","105","27","0","1,528","1,528","0","0","193","567","307","213","169","50","26","3","0","751","751","0","0","69","102","103","149","130","95","79","24","0"
"충청남도 서산시 음암면(4421037000)","2,121","2,121","0","2","71","178","248","469","506","284","288","73","2","1,121","1,121","0","1","50","110","179","302","268","134","61","16","0","1,000","1,000","0","1","21","68","69","167","238","150","227","57","2"
"충청남도 서산시 운산면(4421038000)","1,282","1,282","0","2","19","41","94","205","340","252","266","62","1","635","635","0","1","13","27","64","130","195","121","76","8","0","647","647","0","1","6","14","30","75","145","131","190","54","1"
"충청남도 서산시 해미면(4421039000)","2,148","2,148","1","14","345","135","163","360","480","318","263","66","3","1,193","1,193","1","7","214","104","128","249","281","144","51","14","0","955","955","0","7","131","31","35","111","199","174","212","52","3"
"충청남도 서산시 고북면(4421040000)","1,267","1,267","0","3","262","75","75","159","239","195","212","44","3","757","757","0","3","242","66","62","113","146","71","44","10","0","510","510","0","0","20","9","13","46","93","124","168","34","3"
"충청남도 서산시 부춘동(4421051000)","4,150","4,150","0","5","614","783","685","797","651","322","237","54","2","2,448","2,448","0","3","402","603","472","452","327","130","53","6","0","1,702","1,702","0","2","212","180","213","345","324","192","184","48","2"
"충청남도 서산시 동문1동(4421052500)","2,745","2,745","1","0","241","391","401","537","564","319","244","45","2","1,472","1,472","0","0","173","296","273","289","267","113","55","6","0","1,273","1,273","1","0","68","95","128","248","297","206","189","39","2"
"충청남도 서산시 동문2동(4421053500)","2,255","2,255","1","3","297","315","281","400","475","269","166","45","3","1,186","1,186","1","1","173","218","187","241","229","89","38","9","0","1,069","1,069","0","2","124","97","94","159","246","180","128","36","3"
"충청남도 서산시 수석동(4421054000)","3,501","3,501","0","7","494","532","474","637","624","420","262","51","0","1,985","1,985","0","3","333","403","338","370","306","168","56","8","0","1,516","1,516","0","4","161","129","136","267","318","252","206","43","0"
"충청남도 서산시 석남동(4421055000)","5,042","5,042","0","6","786","1,201","824","834","704","385","245","57","0","2,989","2,989","0","4","507","933","568","445","325","150","46","11","0","2,053","2,053","0","2","279","268","256","389","379","235","199","46","0"
"충청남도 논산시 (4423000000)","28,029","28,029","8","63","2,121","2,473","2,594","5,014","6,719","4,442","3,741","834","20","14,047","14,047","4","35","1,220","1,664","1,781","3,154","3,668","1,664","735","118","4","13,982","13,982","4","28","901","809","813","1,860","3,051","2,778","3,006","716","16"
"충청남도 논산시 강경읍(4423025000)","2,186","2,186","0","4","73","109","183","379","606","440","326","66","0","1,017","1,017","0","4","47","75","120","227","319","147","71","7","0","1,169","1,169","0","0","26","34","63","152","287","293","255","59","0"
"충청남도 논산시 연무읍(4423025300)","3,272","3,272","1","5","193","249","275","583","790","572","487","113","4","1,664","1,664","1","4","138","180","197","385","452","216","78","12","1","1,608","1,608","0","1","55","69","78","198","338","356","409","101","3"
"충청남도 논산시 성동면(4423031000)","1,042","1,042","0","0","25","37","68","156","289","207","213","46","1","504","504","0","0","20","29","52","113","176","68","37","9","0","538","538","0","0","5","8","16","43","113","139","176","37","1"
"충청남도 논산시 광석면(4423032000)","1,126","1,126","0","0","30","60","88","194","286","197","225","46","0","573","573","0","0","22","39","68","138","182","74","40","10","0","553","553","0","0","8","21","20","56","104","123","185","36","0"
"충청남도 논산시 노성면(4423033000)","787","787","0","0","40","53","58","129","181","131","157","37","1","395","395","0","0","26","42","45","89","108","53","28","4","0","392","392","0","0","14","11","13","40","73","78","129","33","1"
"충청남도 논산시 상월면(4423034000)","1,052","1,052","0","1","41","59","89","198","293","162","165","43","1","518","518","0","1","26","32","47","130","171","73","31","6","1","534","534","0","0","15","27","42","68","122","89","134","37","0"
"충청남도 논산시 부적면(4423035000)","970","970","0","0","22","42","87","156","277","157","171","55","3","492","492","0","0","14","33","58","116","166","62","37","5","1","478","478","0","0","8","9","29","40","111","95","134","50","2"
"충청남도 논산시 연산면(4423036000)","1,855","1,855","0","0","33","84","117","331","575","339","300","74","2","964","964","0","0","22","58","83","218","355","143","75","10","0","891","891","0","0","11","26","34","113","220","196","225","64","2"
"충청남도 논산시 벌곡면(4423038000)","786","786","0","1","8","17","43","151","223","173","131","38","1","387","387","0","1","2","13","27","106","132","81","20","5","0","399","399","0","0","6","4","16","45","91","92","111","33","1"
"충청남도 논산시 양촌면(4423039000)","1,377","1,377","0","0","35","99","74","216","344","281","267","61","0","679","679","0","0","26","69","46","134","214","122","54","14","0","698","698","0","0","9","30","28","82","130","159","213","47","0"
"충청남도 논산시 가야곡면(4423040000)","956","956","0","0","19","30","42","172","251","193","211","37","1","478","478","0","0","17","20","23","121","162","89","42","4","0","478","478","0","0","2","10","19","51","89","104","169","33","1"
"충청남도 논산시 은진면(4423041000)","1,348","1,348","2","6","181","104","126","234","287","183","174","50","1","760","760","0","3","98","77","104","176","179","79","41","3","0","588","588","2","3","83","27","22","58","108","104","133","47","1"
"충청남도 논산시 채운면(4423042000)","523","523","0","1","9","16","32","69","136","112","117","31","0","233","233","0","1","4","12","24","51","84","38","15","4","0","290","290","0","0","5","4","8","18","52","74","102","27","0"
"충청남도 논산시 취암동(4423051000)","7,875","7,875","2","40","1,282","1,313","994","1,461","1,410","807","473","91","2","4,138","4,138","1","19","676","869","668","841","662","276","104","21","1","3,737","3,737","1","21","606","444","326","620","748","531","369","70","1"
"충청남도 논산시 부창동(4423052000)","2,874","2,874","3","5","130","201","318","585","771","488","324","46","3","1,245","1,245","2","2","82","116","219","309","306","143","62","4","0","1,629","1,629","1","3","48","85","99","276","465","345","262","42","3"
"충청남도 계룡시 (4425000000)","6,323","6,323","3","15","715","1,049","892","1,115","1,245","688","493","107","1","3,177","3,177","2","11","448","670","554","581","555","243","94","19","0","3,146","3,146","1","4","267","379","338","534","690","445","399","88","1"
"충청남도 계룡시 두마면(4425031000)","1,785","1,785","1","2","142","385","279","297","381","174","104","20","0","914","914","1","1","84","233","166","143","183","76","23","4","0","871","871","0","1","58","152","113","154","198","98","81","16","0"
"충청남도 계룡시 엄사면(4425031500)","3,074","3,074","1","6","256","348","395","578","691","404","324","71","0","1,386","1,386","0","5","150","222","236","287","288","129","59","10","0","1,688","1,688","1","1","106","126","159","291","403","275","265","61","0"
"충청남도 계룡시 신도안면(4425033000)","382","382","0","2","138","112","78","43","3","2","2","1","1","292","292","0","2","108","84","62","34","1","0","0","1","0","90","90","0","0","30","28","16","9","2","2","2","0","1"
"충청남도 계룡시 금암동(4425051000)","1,082","1,082","1","5","179","204","140","197","170","108","63","15","0","585","585","1","3","106","131","90","117","83","38","12","4","0","497","497","0","2","73","73","50","80","87","70","51","11","0"
"충청남도 당진시 (4427000000)","38,847","38,847","16","51","3,482","5,707","5,869","7,945","8,018","4,105","3,062","579","13","24,429","24,429","8","22","2,373","4,583","4,582","5,556","4,784","1,713","675","132","1","14,418","14,418","8","29","1,109","1,124","1,287","2,389","3,234","2,392","2,387","447","12"
"충청남도 당진시 합덕읍(4427025000)","2,230","2,230","1","7","92","133","239","432","567","343","350","61","5","1,270","1,270","1","6","68","107","185","307","354","142","84","16","0","960","960","0","1","24","26","54","125","213","201","266","45","5"
"충청남도 당진시 송악읍(4427025300)","6,946","6,946","2","3","369","888","1,357","1,775","1,531","574","384","63","0","4,947","4,947","1","1","277","764","1,137","1,355","1,020","286","94","12","0","1,999","1,999","1","2","92","124","220","420","511","288","290","51","0"
"충청남도 당진시 고대면(4427031000)","1,840","1,840","0","1","128","145","196","383","486","246","209","45","1","1,125","1,125","0","1","80","109","154","292","316","108","52","13","0","715","715","0","0","48","36","42","91","170","138","157","32","1"
"충청남도 당진시 석문면(4427032000)","3,221","3,221","0","3","181","321","438","852","809","334","244","38","1","2,192","2,192","0","1","132","277","369","653","533","161","54","12","0","1,029","1,029","0","2","49","44","69","199","276","173","190","26","1"
"충청남도 당진시 대호지면(4427033000)","577","577","0","0","5","11","25","80","164","145","117","28","2","285","285","0","0","1","10","20","58","93","68","25","10","0","292","292","0","0","4","1","5","22","71","77","92","18","2"
"충청남도 당진시 정미면(4427034000)","1,049","1,049","0","4","79","57","71","188","279","191","148","32","0","550","550","0","2","37","37","48","126","175","84","36","5","0","499","499","0","2","42","20","23","62","104","107","112","27","0"
"충청남도 당진시 면천면(4427035000)","834","834","0","0","18","28","58","171","225","160","139","34","1","425","425","0","0","14","20","38","115","135","66","29","8","0","409","409","0","0","4","8","20","56","90","94","110","26","1"
"충청남도 당진시 순성면(4427036000)","1,177","1,177","0","1","22","40","99","205","315","221","229","45","0","610","610","0","0","14","30","77","143","191","92","57","6","0","567","567","0","1","8","10","22","62","124","129","172","39","0"
"충청남도 당진시 우강면(4427037000)","1,197","1,197","2","3","42","80","106","196","292","216","214","46","0","593","593","2","0","26","55","80","134","162","90","36","8","0","604","604","0","3","16","25","26","62","130","126","178","38","0"
"충청남도 당진시 신평면(4427038000)","2,544","2,544","0","3","188","192","277","550","670","389","228","46","1","1,408","1,408","0","2","119","153","213","361","365","138","47","10","0","1,136","1,136","0","1","69","39","64","189","305","251","181","36","1"
"충청남도 당진시 송산면(4427039000)","3,566","3,566","1","1","332","670","696","776","607","265","187","31","0","2,695","2,695","0","0","290","593","600","620","417","128","39","8","0","871","871","1","1","42","77","96","156","190","137","148","23","0"
"충청남도 당진시 당진1동(4427051000)","7,497","7,497","5","18","1,306","2,056","1,336","1,171","903","430","226","46","0","4,826","4,826","2","5","874","1,643","976","690","430","149","46","11","0","2,671","2,671","3","13","432","413","360","481","473","281","180","35","0"
"충청남도 당진시 당진2동(4427052000)","3,646","3,646","2","3","415","620","538","675","726","383","244","40","0","2,082","2,082","1","2","252","432","394","417","391","135","50","8","0","1,564","1,564","1","1","163","188","144","258","335","248","194","32","0"
"충청남도 당진시 당진3동(4427053000)","2,523","2,523","3","4","305","466","433","491","444","208","143","24","2","1,421","1,421","1","2","189","353","291","285","202","66","26","5","1","1,102","1,102","2","2","116","113","142","206","242","142","117","19","1"
"충청남도 금산군 (4471000000)","13,227","13,227","3","87","693","671","1,036","2,508","3,532","2,317","1,973","393","14","6,608","6,608","2","37","380","436","688","1,613","2,084","925","382","60","1","6,619","6,619","1","50","313","235","348","895","1,448","1,392","1,591","333","13"
"충청남도 금산군 금산읍(4471025000)","4,504","4,504","1","8","279","394","493","871","1,015","793","561","87","2","2,051","2,051","1","3","142","249","315","492","498","234","104","13","0","2,453","2,453","0","5","137","145","178","379","517","559","457","74","2"
"충청남도 금산군 금성면(4471031000)","940","940","0","0","16","22","55","192","256","199","155","44","1","492","492","0","0","11","15","35","145","165","89","25","7","0","448","448","0","0","5","7","20","47","91","110","130","37","1"
"충청남도 금산군 제원면(4471032000)","860","860","1","0","20","22","45","161","249","169","164","27","2","439","439","0","0","14","15","28","103","161","82","35","1","0","421","421","1","0","6","7","17","58","88","87","129","26","2"
"충청남도 금산군 부리면(4471033000)","765","765","0","0","7","14","36","129","213","148","177","40","1","382","382","0","0","3","9","28","96","151","67","22","6","0","383","383","0","0","4","5","8","33","62","81","155","34","1"
"충청남도 금산군 군북면(4471034000)","754","754","0","0","13","18","46","144","236","151","115","31","0","393","393","0","0","7","12","34","98","153","63","23","3","0","361","361","0","0","6","6","12","46","83","88","92","28","0"
"충청남도 금산군 남일면(4471035000)","729","729","0","1","18","20","40","118","207","138","142","42","3","367","367","0","0","13","16","29","90","129","58","25","6","1","362","362","0","1","5","4","11","28","78","80","117","36","2"
"충청남도 금산군 남이면(4471036000)","603","603","0","0","7","10","32","118","191","114","111","19","1","303","303","0","0","3","9","20","79","120","41","27","4","0","300","300","0","0","4","1","12","39","71","73","84","15","1"
"충청남도 금산군 진산면(4471037000)","1,108","1,108","0","0","13","34","72","243","335","174","203","34","0","554","554","0","0","6","20","40","150","206","80","44","8","0","554","554","0","0","7","14","32","93","129","94","159","26","0"
"충청남도 금산군 복수면(4471038000)","940","940","1","2","19","39","52","164","306","189","139","26","3","511","511","1","1","16","26","41","109","185","97","32","3","0","429","429","0","1","3","13","11","55","121","92","107","23","3"
"충청남도 금산군 추부면(4471039000)","2,024","2,024","0","76","301","98","165","368","524","242","206","43","1","1,116","1,116","0","33","165","65","118","251","316","114","45","9","0","908","908","0","43","136","33","47","117","208","128","161","34","1"
"충청남도 부여군 (4476000000)","15,592","15,592","2","44","790","861","1,159","2,507","3,834","2,823","2,842","712","18","7,209","7,209","2","18","377","560","832","1,614","2,138","1,018","540","107","3","8,383","8,383","0","26","413","301","327","893","1,696","1,805","2,302","605","15"
"충청남도 부여군 부여읍(4476025000)","4,356","4,356","0","5","312","424","424","813","1,035","667","546","125","5","2,010","2,010","0","1","161","258","288","471","480","227","102","21","1","2,346","2,346","0","4","151","166","136","342","555","440","444","104","4"
"충청남도 부여군 규암면(4476031000)","2,530","2,530","0","31","335","178","210","421","577","406","310","61","1","1,138","1,138","0","12","113","112","147","260","295","134","56","9","0","1,392","1,392","0","19","222","66","63","161","282","272","254","52","1"
"충청남도 부여군 은산면(4476032000)","908","908","0","0","18","21","61","164","259","170","173","42","0","438","438","0","0","9","12","39","121","149","70","32","6","0","470","470","0","0","9","9","22","43","110","100","141","36","0"
"충청남도 부여군 외산면(4476033000)","659","659","1","0","13","10","33","95","171","147","140","47","2","276","276","1","0","11","7","22","59","92","46","31","7","0","383","383","0","0","2","3","11","36","79","101","109","40","2"
"충청남도 부여군 내산면(4476034000)","388","388","0","1","3","11","14","47","96","81","108","27","0","175","175","0","1","2","8","9","37","68","30","16","4","0","213","213","0","0","1","3","5","10","28","51","92","23","0"
"충청남도 부여군 구룡면(4476035000)","620","620","0","0","10","20","42","94","130","128","152","43","1","273","273","0","0","7","16","31","61","66","52","33","7","0","347","347","0","0","3","4","11","33","64","76","119","36","1"
"충청남도 부여군 홍산면(4476036000)","699","699","1","3","10","20","29","85","190","162","159","39","1","296","296","1","3","8","17","19","48","107","53","30","10","0","403","403","0","0","2","3","10","37","83","109","129","29","1"
"충청남도 부여군 옥산면(4476037000)","399","399","0","1","4","12","18","57","92","91","98","26","0","171","171","0","0","3","6","15","40","52","35","17","3","0","228","228","0","1","1","6","3","17","40","56","81","23","0"
"충청남도 부여군 남면(4476038000)","483","483","0","0","11","17","24","60","107","94","130","40","0","205","205","0","0","8","11","20","39","69","25","28","5","0","278","278","0","0","3","6","4","21","38","69","102","35","0"
"충청남도 부여군 충화면(4476039000)","364","364","0","0","8","7","12","52","98","75","81","30","1","192","192","0","0","6","6","12","38","66","35","21","8","0","172","172","0","0","2","1","0","14","32","40","60","22","1"
"충청남도 부여군 양화면(4476040000)","521","521","0","1","7","15","21","61","120","101","150","44","1","222","222","0","0","5","12","17","42","79","34","26","6","1","299","299","0","1","2","3","4","19","41","67","124","38","0"
"충청남도 부여군 임천면(4476041000)","820","820","0","0","11","25","55","110","188","183","195","53","0","370","370","0","0","8","21","42","74","116","71","32","6","0","450","450","0","0","3","4","13","36","72","112","163","47","0"
"충청남도 부여군 장암면(4476042000)","754","754","0","0","11","19","52","112","202","141","167","48","2","354","354","0","0","7","12","35","80","138","50","26","5","1","400","400","0","0","4","7","17","32","64","91","141","43","1"
"충청남도 부여군 세도면(4476043000)","832","832","0","0","14","39","52","133","206","166","180","41","1","408","408","0","0","11","30","40","90","126","63","43","5","0","424","424","0","0","3","9","12","43","80","103","137","36","1"
"충청남도 부여군 석성면(4476044000)","687","687","0","2","13","25","63","125","192","109","127","28","3","387","387","0","1","9","20","55","101","129","48","20","4","0","300","300","0","1","4","5","8","24","63","61","107","24","3"
"충청남도 부여군 초촌면(4476045000)","572","572","0","0","10","18","49","78","171","102","126","18","0","294","294","0","0","9","12","41","53","106","45","27","1","0","278","278","0","0","1","6","8","25","65","57","99","17","0"
"충청남도 서천군 (4477000000)","12,998","12,998","0","14","528","666","978","2,078","3,219","2,503","2,405","597","10","6,140","6,140","0","9","310","458","719","1,339","1,876","911","432","86","0","6,858","6,858","0","5","218","208","259","739","1,343","1,592","1,973","511","10"
"충청남도 서천군 장항읍(4477025000)","3,042","3,042","0","6","212","262","298","535","744","531","392","62","0","1,557","1,557","0","5","120","171","210","344","431","197","71","8","0","1,485","1,485","0","1","92","91","88","191","313","334","321","54","0"
"충청남도 서천군 서천읍(4477025300)","2,466","2,466","0","4","143","167","191","482","590","432","366","90","1","1,074","1,074","0","1","76","111","130","254","290","131","70","11","0","1,392","1,392","0","3","67","56","61","228","300","301","296","79","1"
"충청남도 서천군 마서면(4477031000)","1,303","1,303","0","0","29","46","95","207","335","258","259","74","0","623","623","0","0","17","35","78","145","211","84","38","15","0","680","680","0","0","12","11","17","62","124","174","221","59","0"
"충청남도 서천군 화양면(4477032000)","602","602","0","0","13","17","41","72","127","109","162","61","0","262","262","0","0","8","12","32","52","86","33","29","10","0","340","340","0","0","5","5","9","20","41","76","133","51","0"
"충청남도 서천군 기산면(4477033000)","472","472","0","0","10","8","34","63","109","104","105","37","2","221","221","0","0","8","4","30","48","68","39","19","5","0","251","251","0","0","2","4","4","15","41","65","86","32","2"
"충청남도 서천군 한산면(4477034000)","720","720","0","1","16","30","44","88","142","142","205","52","0","306","306","0","1","12","21","32","65","75","52","40","8","0","414","414","0","0","4","9","12","23","67","90","165","44","0"
"충청남도 서천군 마산면(4477035000)","411","411","0","1","10","21","17","39","96","80","111","36","0","177","177","0","0","7","18","13","25","60","36","14","4","0","234","234","0","1","3","3","4","14","36","44","97","32","0"
"충청남도 서천군 시초면(4477036000)","350","350","0","1","5","7","20","42","90","61","103","20","1","159","159","0","1","3","3","16","29","57","26","18","6","0","191","191","0","0","2","4","4","13","33","35","85","14","1"
"충청남도 서천군 문산면(4477037000)","387","387","0","0","10","9","17","36","111","96","85","23","0","191","191","0","0","7","6","14","28","70","45","18","3","0","196","196","0","0","3","3","3","8","41","51","67","20","0"
"충청남도 서천군 판교면(4477038000)","581","581","0","0","9","7","23","71","158","127","152","34","0","272","272","0","0","7","6","18","41","107","54","34","5","0","309","309","0","0","2","1","5","30","51","73","118","29","0"
"충청남도 서천군 종천면(4477039000)","660","660","0","0","15","21","40","84","141","159","156","42","2","305","305","0","0","8","16","28","62","85","72","29","5","0","355","355","0","0","7","5","12","22","56","87","127","37","2"
"충청남도 서천군 비인면(4477040000)","832","832","0","0","19","26","38","128","244","187","149","38","3","383","383","0","0","15","20","27","89","137","69","23","3","0","449","449","0","0","4","6","11","39","107","118","126","35","3"
"충청남도 서천군 서면(4477041000)","1,172","1,172","0","1","37","45","120","231","332","217","160","28","1","610","610","0","1","22","35","91","157","199","73","29","3","0","562","562","0","0","15","10","29","74","133","144","131","25","1"
"충청남도 청양군 (4479000000)","8,745","8,745","0","197","874","516","619","1,362","2,081","1,344","1,419","328","5","4,480","4,480","0","108","546","346","428","919","1,231","571","265","63","3","4,265","4,265","0","89","328","170","191","443","850","773","1,154","265","2"
"충청남도 청양군 청양읍(4479025000)","3,044","3,044","0","166","701","267","267","408","514","340","313","66","2","1,603","1,603","0","90","432","174","166","253","271","134","69","13","1","1,441","1,441","0","76","269","93","101","155","243","206","244","53","1"
"충청남도 청양군 운곡면(4479031000)","653","653","0","1","27","32","24","87","174","136","139","33","0","330","330","0","1","17","22","19","61","116","57","27","10","0","323","323","0","0","10","10","5","26","58","79","112","23","0"
"충청남도 청양군 대치면(4479032000)","632","632","0","0","19","31","44","107","187","115","99","30","0","333","333","0","0","9","18","30","72","116","63","21","4","0","299","299","0","0","10","13","14","35","71","52","78","26","0"
"충청남도 청양군 정산면(4479033000)","990","990","0","27","45","75","76","166","264","142","159","35","1","525","525","0","14","32","61","56","109","157","62","26","7","1","465","465","0","13","13","14","20","57","107","80","133","28","0"
"충청남도 청양군 목면(4479034000)","397","397","0","0","12","15","28","76","120","70","61","15","0","213","213","0","0","9","11","21","54","76","28","10","4","0","184","184","0","0","3","4","7","22","44","42","51","11","0"
"충청남도 청양군 청남면(4479035000)","488","488","0","1","15","17","27","98","103","102","97","28","0","252","252","0","1","11","11","21","72","69","47","13","7","0","236","236","0","0","4","6","6","26","34","55","84","21","0"
"충청남도 청양군 장평면(4479036000)","578","578","0","0","7","14","38","89","174","101","141","14","0","285","285","0","0","4","8","33","61","111","40","28","0","0","293","293","0","0","3","6","5","28","63","61","113","14","0"
"충청남도 청양군 남양면(4479037000)","768","768","0","0","15","21","42","126","204","121","186","52","1","352","352","0","0","9","11","30","90","116","50","36","9","1","416","416","0","0","6","10","12","36","88","71","150","43","0"
"충청남도 청양군 화성면(4479038000)","587","587","0","1","23","18","29","102","169","102","113","30","0","290","290","0","1","18","13","22","72","96","44","18","6","0","297","297","0","0","5","5","7","30","73","58","95","24","0"
"충청남도 청양군 비봉면(4479039000)","608","608","0","1","10","26","44","103","172","115","111","25","1","297","297","0","1","5","17","30","75","103","46","17","3","0","311","311","0","0","5","9","14","28","69","69","94","22","1"
"충청남도 홍성군 (4480000000)","21,649","21,649","3","132","2,160","2,586","2,137","3,675","4,755","2,971","2,608","603","19","10,794","10,794","1","67","1,164","1,755","1,372","2,238","2,531","1,065","499","99","3","10,855","10,855","2","65","996","831","765","1,437","2,224","1,906","2,109","504","16"
"충청남도 홍성군 홍성읍(4480025000)","8,017","8,017","3","50","920","812","907","1,640","1,843","1,024","668","149","1","3,966","3,966","1","25","506","551","551","938","873","368","129","24","0","4,051","4,051","2","25","414","261","356","702","970","656","539","125","1"
"충청남도 홍성군 광천읍(4480025300)","2,048","2,048","0","34","37","67","132","321","544","422","400","88","3","894","894","0","15","24","49","92","198","309","117","73","16","1","1,154","1,154","0","19","13","18","40","123","235","305","327","72","2"
"충청남도 홍성군 홍북읍(4480025600)","5,386","5,386","0","5","1,063","1,484","729","810","717","310","217","50","1","2,919","2,919","0","2","519","992","454","449","338","109","46","9","1","2,467","2,467","0","3","544","492","275","361","379","201","171","41","0"
"충청남도 홍성군 금마면(4480032000)","864","864","0","1","20","30","59","153","225","162","168","43","3","446","446","0","1","13","23","43","119","147","65","27","8","0","418","418","0","0","7","7","16","34","78","97","141","35","3"
"충청남도 홍성군 홍동면(4480033000)","761","761","0","36","20","34","50","98","170","143","160","50","0","372","372","0","20","16","23","31","75","102","60","37","8","0","389","389","0","16","4","11","19","23","68","83","123","42","0"
"충청남도 홍성군 장곡면(4480034000)","767","767","0","0","8","17","39","103","194","156","209","40","1","323","323","0","0","5","11","33","74","116","46","32","5","1","444","444","0","0","3","6","6","29","78","110","177","35","0"
"충청남도 홍성군 은하면(4480035000)","557","557","0","1","10","12","27","81","136","112","128","47","3","278","278","0","0","8","9","18","66","95","51","26","5","0","279","279","0","1","2","3","9","15","41","61","102","42","3"
"충청남도 홍성군 결성면(4480036000)","549","549","0","2","9","26","29","64","138","107","144","29","1","251","251","0","2","8","17","21","42","84","44","29","4","0","298","298","0","0","1","9","8","22","54","63","115","25","1"
"충청남도 홍성군 서부면(4480037000)","759","759","0","0","14","16","47","110","232","167","142","30","1","361","361","0","0","10","11","33","78","135","60","30","4","0","398","398","0","0","4","5","14","32","97","107","112","26","1"
"충청남도 홍성군 갈산면(4480038000)","1,005","1,005","0","3","37","49","54","147","262","192","217","43","1","491","491","0","2","36","39","46","94","154","76","37","7","0","514","514","0","1","1","10","8","53","108","116","180","36","1"
"충청남도 홍성군 구항면(4480039000)","936","936","0","0","22","39","64","148","294","176","155","34","4","493","493","0","0","19","30","50","105","178","69","33","9","0","443","443","0","0","3","9","14","43","116","107","122","25","4"
"충청남도 예산군 (4481000000)","18,499","18,499","2","77","1,011","1,510","1,648","3,310","4,593","3,103","2,670","560","15","9,323","9,323","1","59","593","1,051","1,131","2,115","2,538","1,162","553","118","2","9,176","9,176","1","18","418","459","517","1,195","2,055","1,941","2,117","442","13"
"충청남도 예산군 예산읍(4481025000)","6,455","6,455","1","65","465","466","605","1,208","1,616","1,118","759","146","6","3,124","3,124","1","49","272","328","413","735","763","362","169","31","1","3,331","3,331","0","16","193","138","192","473","853","756","590","115","5"
"충청남도 예산군 삽교읍(4481025300)","3,395","3,395","1","7","335","664","449","578","613","349","327","70","2","1,794","1,794","0","6","179","446","280","336","323","132","81","11","0","1,601","1,601","1","1","156","218","169","242","290","217","246","59","2"
"충청남도 예산군 대술면(4481031000)","631","631","0","0","7","12","32","121","185","124","120","27","3","334","334","0","0","5","9","26","91","127","55","15","5","1","297","297","0","0","2","3","6","30","58","69","105","22","2"
"충청남도 예산군 신양면(4481032000)","766","766","0","2","10","35","52","124","208","153","146","33","3","381","381","0","2","8","27","35","83","132","53","34","7","0","385","385","0","0","2","8","17","41","76","100","112","26","3"
"충청남도 예산군 광시면(4481033000)","823","823","0","0","17","21","38","133","214","165","189","46","0","417","417","0","0","12","19","31","88","150","75","32","10","0","406","406","0","0","5","2","7","45","64","90","157","36","0"
"충청남도 예산군 대흥면(4481034000)","478","478","0","0","6","16","21","80","145","113","76","21","0","254","254","0","0","6","12","15","50","96","55","14","6","0","224","224","0","0","0","4","6","30","49","58","62","15","0"
"충청남도 예산군 응봉면(4481035000)","655","655","0","1","20","28","48","132","180","105","120","21","0","337","337","0","1","13","21","38","81","107","43","29","4","0","318","318","0","0","7","7","10","51","73","62","91","17","0"
"충청남도 예산군 덕산면(4481036000)","1,702","1,702","0","1","55","92","141","341","505","294","235","38","0","818","818","0","0","35","58","91","210","256","112","47","9","0","884","884","0","1","20","34","50","131","249","182","188","29","0"
"충청남도 예산군 봉산면(4481037000)","617","617","0","0","15","21","41","95","175","119","111","40","0","316","316","0","0","11","16","31","64","112","46","28","8","0","301","301","0","0","4","5","10","31","63","73","83","32","0"
"충청남도 예산군 고덕면(4481038000)","1,085","1,085","0","0","37","62","93","174","273","204","197","44","1","558","558","0","0","21","49","66","125","164","84","42","7","0","527","527","0","0","16","13","27","49","109","120","155","37","1"
"충청남도 예산군 신암면(4481039000)","884","884","0","0","26","42","54","150","197","178","191","46","0","442","442","0","0","21","33","44","112","127","72","22","11","0","442","442","0","0","5","9","10","38","70","106","169","35","0"
"충청남도 예산군 오가면(4481040000)","1,008","1,008","0","1","18","51","74","174","282","181","199","28","0","548","548","0","1","10","33","61","140","181","73","40","9","0","460","460","0","0","8","18","13","34","101","108","159","19","0"
"충청남도 태안군 (4482500000)","16,856","16,856","1","34","990","1,155","1,572","3,268","4,341","2,896","2,135","454","10","8,609","8,609","1","15","622","829","1,108","2,029","2,371","1,099","451","80","4","8,247","8,247","0","19","368","326","464","1,239","1,970","1,797","1,684","374","6"
"충청남도 태안군 태안읍(4482525000)","6,729","6,729","1","24","602","727","754","1,280","1,575","983","661","117","5","3,515","3,515","1","11","351","510","521","748","813","376","159","23","2","3,214","3,214","0","13","251","217","233","532","762","607","502","94","3"
"충청남도 태안군 안면읍(4482525300)","2,503","2,503","0","2","70","102","231","509","703","486","330","67","3","1,208","1,208","0","1","45","68","152","299","395","172","64","10","2","1,295","1,295","0","1","25","34","79","210","308","314","266","57","1"
"충청남도 태안군 고남면(4482531000)","698","698","0","1","11","22","66","131","180","132","124","30","1","337","337","0","1","7","21","50","85","100","41","28","4","0","361","361","0","0","4","1","16","46","80","91","96","26","1"
"충청남도 태안군 남면(4482532000)","1,398","1,398","0","6","150","83","104","258","350","224","192","31","0","733","733","0","2","114","58","81","161","187","88","37","5","0","665","665","0","4","36","25","23","97","163","136","155","26","0"
"충청남도 태안군 근흥면(4482533000)","1,793","1,793","0","1","44","72","154","368","515","362","217","59","1","925","925","0","0","34","58","107","241","288","141","41","15","0","868","868","0","1","10","14","47","127","227","221","176","44","1"
"충청남도 태안군 소원면(4482534000)","1,668","1,668","0","0","29","47","127","306","475","331","285","68","0","805","805","0","0","16","34","100","204","266","125","48","12","0","863","863","0","0","13","13","27","102","209","206","237","56","0"
"충청남도 태안군 원북면(4482535000)","1,399","1,399","0","0","80","87","94","278","363","235","215","47","0","746","746","0","0","54","72","67","192","210","93","50","8","0","653","653","0","0","26","15","27","86","153","142","165","39","0"
"충청남도 태안군 이원면(4482536000)","668","668","0","0","4","15","42","138","180","143","111","35","0","340","340","0","0","1","8","30","99","112","63","24","3","0","328","328","0","0","3","7","12","39","68","80","87","32","0"
"전북특별자치도  (5200000000)","394,104","394,104","98","1,149","40,425","44,180","42,485","69,943","84,463","57,013","44,782","9,363","203","197,186","197,186","48","604","21,805","28,357","28,838","43,286","44,149","20,558","8,183","1,341","17","196,918","196,918","50","545","18,620","15,823","13,647","26,657","40,314","36,455","36,599","8,022","186"
"전북특별자치도 전주시 (5211000000)","123,684","123,684","41","416","20,164","20,385","15,071","20,343","22,248","14,528","8,896","1,563","29","60,591","60,591","16","199","10,140","12,587","9,688","11,422","9,696","4,714","1,839","287","3","63,093","63,093","25","217","10,024","7,798","5,383","8,921","12,552","9,814","7,057","1,276","26"
"전북특별자치도 전주시 완산구 (5211100000)","64,779","64,779","21","216","9,669","10,341","7,674","10,646","12,229","8,161","4,887","914","21","30,302","30,302","8","93","4,555","6,194","4,786","5,725","5,154","2,628","991","166","2","34,477","34,477","13","123","5,114","4,147","2,888","4,921","7,075","5,533","3,896","748","19"
"전북특별자치도 전주시 완산구 중앙동(5211151000)","2,231","2,231","1","0","181","320","282","367","460","348","216","55","1","1,106","1,106","0","0","88","205","179","206","223","129","60","15","1","1,125","1,125","1","0","93","115","103","161","237","219","156","40","0"
"전북특별자치도 전주시 완산구 풍남동(5211153000)","1,393","1,393","0","2","71","141","155","229","340","236","182","36","1","688","688","0","2","39","85","104","144","167","95","49","3","0","705","705","0","0","32","56","51","85","173","141","133","33","1"
"전북특별자치도 전주시 완산구 노송동(5211160500)","2,717","2,717","0","1","188","286","337","425","628","460","323","68","1","1,311","1,311","0","1","100","170","225","267","317","149","68","14","0","1,406","1,406","0","0","88","116","112","158","311","311","255","54","1"
"전북특별자치도 전주시 완산구 완산동(5211163500)","1,322","1,322","0","0","55","116","123","218","309","267","196","38","0","640","640","0","0","26","75","82","144","169","110","33","1","0","682","682","0","0","29","41","41","74","140","157","163","37","0"
"전북특별자치도 전주시 완산구 동서학동(5211165000)","1,587","1,587","0","4","134","106","136","272","372","294","223","45","1","726","726","0","4","57","59","85","175","177","121","42","6","0","861","861","0","0","77","47","51","97","195","173","181","39","1"
"전북특별자치도 전주시 완산구 서서학동(5211166000)","2,134","2,134","0","7","116","138","197","373","564","445","246","46","2","950","950","0","1","66","76","125","210","266","153","46","7","0","1,184","1,184","0","6","50","62","72","163","298","292","200","39","2"
"전북특별자치도 전주시 완산구 중화산1동(5211167100)","2,551","2,551","1","10","523","394","246","338","480","331","196","31","1","1,101","1,101","1","5","216","227","142","171","184","101","45","9","0","1,450","1,450","0","5","307","167","104","167","296","230","151","22","1"
"전북특별자치도 전주시 완산구 중화산2동(5211167200)","4,383","4,383","2","18","1,061","948","587","694","594","293","154","30","2","2,330","2,330","0","7","494","582","379","416","287","126","32","6","1","2,053","2,053","2","11","567","366","208","278","307","167","122","24","1"
"전북특별자치도 전주시 완산구 서신동(5211168000)","6,731","6,731","2","11","1,119","1,406","930","1,143","1,052","599","413","55","1","3,240","3,240","0","6","537","850","578","588","417","168","85","11","0","3,491","3,491","2","5","582","556","352","555","635","431","328","44","1"
"전북특별자치도 전주시 완산구 평화1동(5211169100)","4,041","4,041","1","2","159","267","322","684","1,062","913","525","105","1","1,766","1,766","0","1","76","164","213","385","496","298","116","17","0","2,275","2,275","1","1","83","103","109","299","566","615","409","88","1"
"전북특별자치도 전주시 완산구 평화2동(5211169200)","6,048","6,048","4","6","370","652","657","1,077","1,501","1,068","610","102","1","2,600","2,600","1","2","208","416","421","548","544","330","114","16","0","3,448","3,448","3","4","162","236","236","529","957","738","496","86","1"
"전북특별자치도 전주시 완산구 삼천1동(5211170100)","2,042","2,042","0","0","153","297","214","381","518","299","145","34","1","939","939","0","0","74","187","129","183","233","94","29","10","0","1,103","1,103","0","0","79","110","85","198","285","205","116","24","1"
"전북특별자치도 전주시 완산구 삼천2동(5211170200)","2,567","2,567","1","2","177","280","291","542","642","381","217","34","0","1,141","1,141","0","1","81","159","181","296","245","132","42","4","0","1,426","1,426","1","1","96","121","110","246","397","249","175","30","0"
"전북특별자치도 전주시 완산구 삼천3동(5211170300)","3,195","3,195","0","3","159","333","338","643","847","446","353","70","3","1,291","1,291","0","1","73","195","193","312","316","128","56","17","0","1,904","1,904","0","2","86","138","145","331","531","318","297","53","3"
"전북특별자치도 전주시 완산구 효자1동(5211171100)","2,201","2,201","1","6","117","293","266","357","492","404","226","39","0","920","920","1","2","57","168","164","179","187","107","47","8","0","1,281","1,281","0","4","60","125","102","178","305","297","179","31","0"
"전북특별자치도 전주시 완산구 효자2동(5211171200)","1,863","1,863","1","12","159","235","193","341","436","299","155","32","0","813","813","1","6","73","146","118","174","182","85","24","4","0","1,050","1,050","0","6","86","89","75","167","254","214","131","28","0"
"전북특별자치도 전주시 완산구 효자3동(5211171300)","1,817","1,817","2","5","146","228","192","273","383","339","201","47","1","636","636","1","3","69","142","95","105","104","71","36","10","0","1,181","1,181","1","2","77","86","97","168","279","268","165","37","1"
"전북특별자치도 전주시 완산구 효자4동(5211171400)","6,234","6,234","3","73","1,815","1,076","729","940","884","495","184","33","2","2,985","2,985","2","32","855","641","461","455","341","154","39","5","0","3,249","3,249","1","41","960","435","268","485","543","341","145","28","2"
"전북특별자치도 전주시 완산구 효자5동(5211173000)","9,722","9,722","2","54","2,966","2,825","1,479","1,349","665","244","122","14","2","5,119","5,119","1","19","1,366","1,647","912","767","299","77","28","3","0","4,603","4,603","1","35","1,600","1,178","567","582","366","167","94","11","2"
"전북특별자치도 전주시 덕진구 (5211300000)","58,905","58,905","20","200","10,495","10,044","7,397","9,697","10,019","6,367","4,009","649","8","30,289","30,289","8","106","5,585","6,393","4,902","5,697","4,542","2,086","848","121","1","28,616","28,616","12","94","4,910","3,651","2,495","4,000","5,477","4,281","3,161","528","7"
"전북특별자치도 전주시 덕진구 진북동(5211352500)","3,009","3,009","1","3","262","341","276","431","605","519","490","77","4","1,336","1,336","1","1","128","202","187","273","286","131","104","23","0","1,673","1,673","0","2","134","139","89","158","319","388","386","54","4"
"전북특별자치도 전주시 덕진구 인후1동(5211354000)","2,531","2,531","1","4","257","283","304","454","531","431","236","29","1","1,099","1,099","0","2","130","172","186","226","215","113","49","6","0","1,432","1,432","1","2","127","111","118","228","316","318","187","23","1"
"전북특별자치도 전주시 덕진구 인후2동(5211355000)","3,052","3,052","2","9","469","379","289","475","642","461","286","40","0","1,459","1,459","1","2","209","232","199","279","285","160","83","9","0","1,593","1,593","1","7","260","147","90","196","357","301","203","31","0"
"전북특별자치도 전주시 덕진구 인후3동(5211356000)","6,479","6,479","2","10","799","1,148","1,148","1,332","1,038","583","359","58","2","3,351","3,351","1","4","402","677","752","771","472","204","58","10","0","3,128","3,128","1","6","397","471","396","561","566","379","301","48","2"
"전북특별자치도 전주시 덕진구 덕진동(5211357000)","5,991","5,991","1","57","2,017","1,194","624","711","686","421","237","43","0","3,299","3,299","0","29","1,102","797","426","438","321","123","56","7","0","2,692","2,692","1","28","915","397","198","273","365","298","181","36","0"
"전북특별자치도 전주시 덕진구 금암1동(5211358000)","4,570","4,570","1","48","2,481","590","293","409","370","222","131","25","0","2,649","2,649","1","25","1,393","391","213","300","204","83","37","2","0","1,921","1,921","0","23","1,088","199","80","109","166","139","94","23","0"
"전북특별자치도 전주시 덕진구 금암2동(5211359000)","2,744","2,744","1","13","699","326","246","352","443","379","247","38","0","1,312","1,312","0","6","356","190","166","214","206","108","60","6","0","1,432","1,432","1","7","343","136","80","138","237","271","187","32","0"
"전북특별자치도 전주시 덕진구 팔복동(5211360000)","2,810","2,810","0","5","363","467","290","534","557","371","193","30","0","1,638","1,638","0","4","200","303","220","393","326","143","43","6","0","1,172","1,172","0","1","163","164","70","141","231","228","150","24","0"
"전북특별자치도 전주시 덕진구 우아1동(5211361100)","2,660","2,660","2","6","343","413","334","491","574","313","160","24","0","1,415","1,415","1","5","173","271","205","301","282","125","45","7","0","1,245","1,245","1","1","170","142","129","190","292","188","115","17","0"
"전북특별자치도 전주시 덕진구 우아2동(5211361200)","4,283","4,283","1","5","501","688","754","931","739","380","240","43","1","2,584","2,584","1","3","296","462","530","638","431","162","54","6","1","1,699","1,699","0","2","205","226","224","293","308","218","186","37","0"
"전북특별자치도 전주시 덕진구 호성동(5211362000)","2,463","2,463","1","2","161","263","244","441","626","404","278","43","0","952","952","0","0","77","147","128","200","226","117","46","11","0","1,511","1,511","1","2","84","116","116","241","400","287","232","32","0"
"전북특별자치도 전주시 덕진구 송천1동(5211364100)","6,071","6,071","3","12","926","1,524","882","971","936","508","265","44","0","3,003","3,003","2","9","493","991","561","442","308","140","50","7","0","3,068","3,068","1","3","433","533","321","529","628","368","215","37","0"
"전북특별자치도 전주시 덕진구 송천2동(5211364200)","3,609","3,609","2","8","447","709","421","561","683","425","306","47","0","1,675","1,675","0","4","221","470","272","280","242","132","48","6","0","1,934","1,934","2","4","226","239","149","281","441","293","258","41","0"
"전북특별자치도 전주시 덕진구 조촌동(5211365000)","3,128","3,128","0","3","184","397","357","632","725","478","291","61","0","1,665","1,665","0","3","109","250","263","401","376","194","58","11","0","1,463","1,463","0","0","75","147","94","231","349","284","233","50","0"
"전북특별자치도 전주시 덕진구 여의동(5211366500)","2,603","2,603","2","4","198","336","361","503","550","356","250","43","0","1,330","1,330","0","3","107","230","258","319","250","119","41","3","0","1,273","1,273","2","1","91","106","103","184","300","237","209","40","0"
"전북특별자치도 전주시 덕진구 혁신동(5211367000)","2,902","2,902","0","11","388","986","574","469","314","116","40","4","0","1,522","1,522","0","6","189","608","336","222","112","32","16","1","0","1,380","1,380","0","5","199","378","238","247","202","84","24","3","0"
"전북특별자치도 군산시 (5213000000)","54,379","54,379","12","103","5,072","6,436","7,029","10,164","11,864","8,012","4,806","867","14","29,136","29,136","8","55","3,019","4,330","4,933","6,440","6,227","2,972","1,007","144","1","25,243","25,243","4","48","2,053","2,106","2,096","3,724","5,637","5,040","3,799","723","13"
"전북특별자치도 군산시 옥구읍(5213025000)","749","749","1","0","16","30","53","119","219","133","145","33","0","385","385","1","0","11","25","43","89","138","49","23","6","0","364","364","0","0","5","5","10","30","81","84","122","27","0"
"전북특별자치도 군산시 옥산면(5213031000)","643","643","0","0","15","48","67","131","167","94","94","26","1","347","347","0","0","7","34","45","83","105","44","24","5","0","296","296","0","0","8","14","22","48","62","50","70","21","1"
"전북특별자치도 군산시 회현면(5213032000)","641","641","1","0","13","27","48","108","170","135","108","31","0","342","342","1","0","9","20","36","78","115","50","30","3","0","299","299","0","0","4","7","12","30","55","85","78","28","0"
"전북특별자치도 군산시 임피면(5213033000)","733","733","0","2","38","28","50","125","198","156","109","27","0","361","361","0","1","24","20","32","85","123","54","19","3","0","372","372","0","1","14","8","18","40","75","102","90","24","0"
"전북특별자치도 군산시 서수면(5213034000)","661","661","0","0","12","32","40","99","190","128","125","35","0","326","326","0","0","6","24","28","67","124","55","18","4","0","335","335","0","0","6","8","12","32","66","73","107","31","0"
"전북특별자치도 군산시 대야면(5213035000)","1,187","1,187","0","0","27","47","80","190","291","267","220","63","2","518","518","0","0","13","28","56","133","147","92","35","13","1","669","669","0","0","14","19","24","57","144","175","185","50","1"
"전북특별자치도 군산시 개정면(5213036000)","620","620","0","0","14","30","49","107","169","127","97","27","0","319","319","0","0","11","20","38","68","111","49","19","3","0","301","301","0","0","3","10","11","39","58","78","78","24","0"
"전북특별자치도 군산시 성산면(5213037000)","592","592","0","0","13","17","38","92","168","142","94","28","0","294","294","0","0","9","10","25","67","100","61","18","4","0","298","298","0","0","4","7","13","25","68","81","76","24","0"
"전북특별자치도 군산시 나포면(5213038000)","619","619","0","1","14","36","47","93","161","133","110","23","1","323","323","0","1","11","21","32","56","113","65","19","5","0","296","296","0","0","3","15","15","37","48","68","91","18","1"
"전북특별자치도 군산시 옥도면(5213039000)","984","984","0","0","25","53","133","257","275","149","87","4","1","613","613","0","0","20","43","103","197","164","68","18","0","0","371","371","0","0","5","10","30","60","111","81","69","4","1"
"전북특별자치도 군산시 옥서면(5213040000)","759","759","0","2","82","38","47","120","171","164","125","9","1","406","406","0","1","63","33","33","90","100","64","22","0","0","353","353","0","1","19","5","14","30","71","100","103","9","1"
"전북특별자치도 군산시 해신동(5213051500)","625","625","0","0","11","17","48","94","179","165","100","10","1","287","287","0","0","6","13","30","58","93","58","27","2","0","338","338","0","0","5","4","18","36","86","107","73","8","1"
"전북특별자치도 군산시 월명동(5213053000)","1,341","1,341","0","1","43","78","139","238","363","270","183","25","1","685","685","0","0","22","54","97","158","202","98","47","7","0","656","656","0","1","21","24","42","80","161","172","136","18","1"
"전북특별자치도 군산시 신풍동(5213055000)","1,497","1,497","1","4","75","110","126","252","369","315","208","37","0","687","687","0","2","47","69","76","167","171","112","38","5","0","810","810","1","2","28","41","50","85","198","203","170","32","0"
"전북특별자치도 군산시 삼학동(5213056000)","1,588","1,588","0","4","76","136","99","215","390","386","242","40","0","723","723","0","1","40","77","74","135","210","132","50","4","0","865","865","0","3","36","59","25","80","180","254","192","36","0"
"전북특별자치도 군산시 중앙동(5213060500)","1,213","1,213","0","0","68","127","173","212","273","221","114","25","0","624","624","0","0","30","85","119","128","149","79","30","4","0","589","589","0","0","38","42","54","84","124","142","84","21","0"
"전북특별자치도 군산시 흥남동(5213064000)","2,234","2,234","1","2","125","212","245","431","521","418","240","39","0","1,106","1,106","1","2","70","142","170","273","263","125","55","5","0","1,128","1,128","0","0","55","70","75","158","258","293","185","34","0"
"전북특별자치도 군산시 조촌동(5213065000)","4,137","4,137","1","7","638","795","527","651","683","515","266","51","3","2,168","2,168","0","2","351","544","350","362","300","183","66","10","0","1,969","1,969","1","5","287","251","177","289","383","332","200","41","3"
"전북특별자치도 군산시 경암동(5213066000)","2,050","2,050","0","2","137","160","199","378","508","391","238","37","0","1,021","1,021","0","1","75","108","143","252","239","139","55","9","0","1,029","1,029","0","1","62","52","56","126","269","252","183","28","0"
"전북특별자치도 군산시 구암동(5213067000)","2,645","2,645","0","1","367","728","367","355","436","258","121","12","0","1,452","1,452","0","0","170","439","252","207","225","125","30","4","0","1,193","1,193","0","1","197","289","115","148","211","133","91","8","0"
"전북특별자치도 군산시 개정동(5213068000)","428","428","0","1","12","38","37","61","110","92","67","10","0","216","216","0","1","6","24","29","39","48","41","24","4","0","212","212","0","0","6","14","8","22","62","51","43","6","0"
"전북특별자치도 군산시 수송동(5213069000)","6,846","6,846","0","25","1,049","1,220","1,148","1,256","1,116","686","302","43","1","3,688","3,688","0","15","626","797","761","724","489","210","56","10","0","3,158","3,158","0","10","423","423","387","532","627","476","246","33","1"
"전북특별자치도 군산시 나운1동(5213070100)","2,867","2,867","0","6","230","358","361","507","736","424","207","38","0","1,421","1,421","0","2","109","233","238","306","342","139","49","3","0","1,446","1,446","0","4","121","125","123","201","394","285","158","35","0"
"전북특별자치도 군산시 나운2동(5213070200)","3,240","3,240","1","2","146","220","269","522","850","740","419","70","1","1,388","1,388","0","1","78","143","167","234","392","285","78","10","0","1,852","1,852","1","1","68","77","102","288","458","455","341","60","1"
"전북특별자치도 군산시 나운3동(5213070300)","6,273","6,273","2","29","1,106","729","862","1,300","1,202","650","340","53","0","3,301","3,301","2","19","718","472","557","705","541","218","61","8","0","2,972","2,972","0","10","388","257","305","595","661","432","279","45","0"
"전북특별자치도 군산시 소룡동(5213071000)","5,075","5,075","3","13","395","634","1,053","1,252","1,086","436","176","27","0","3,447","3,447","2","6","270","495","840","942","665","186","33","8","0","1,628","1,628","1","7","125","139","213","310","421","250","143","19","0"
"전북특별자치도 군산시 미성동(5213072000)","4,132","4,132","1","1","325","488","724","999","863","417","269","44","1","2,688","2,688","1","0","217","357","559","737","558","191","63","5","0","1,444","1,444","0","1","108","131","165","262","305","226","206","39","1"
"전북특별자치도 익산시 (5214000000)","58,195","58,195","11","362","7,197","6,151","6,170","10,206","12,734","8,272","5,858","1,210","24","29,259","29,259","6","207","4,023","4,047","4,198","6,162","6,440","2,875","1,121","178","2","28,936","28,936","5","155","3,174","2,104","1,972","4,044","6,294","5,397","4,737","1,032","22"
"전북특별자치도 익산시 함열읍(5214025000)","1,499","1,499","0","2","37","72","114","267","404","290","263","50","0","686","686","0","1","18","50","83","184","212","88","46","4","0","813","813","0","1","19","22","31","83","192","202","217","46","0"
"전북특별자치도 익산시 오산면(5214031000)","1,612","1,612","0","0","40","96","144","305","480","290","211","45","1","803","803","0","0","26","74","97","184","265","109","42","6","0","809","809","0","0","14","22","47","121","215","181","169","39","1"
"전북특별자치도 익산시 황등면(5214032000)","1,399","1,399","0","3","29","55","95","223","397","322","219","56","0","663","663","0","3","16","36","69","148","233","111","37","10","0","736","736","0","0","13","19","26","75","164","211","182","46","0"
"전북특별자치도 익산시 함라면(5214033000)","551","551","0","0","15","17","48","90","150","106","92","32","1","274","274","0","0","12","9","32","68","103","38","9","3","0","277","277","0","0","3","8","16","22","47","68","83","29","1"
"전북특별자치도 익산시 웅포면(5214034000)","406","406","0","0","10","17","20","50","117","87","77","26","2","213","213","0","0","7","14","14","37","78","46","14","3","0","193","193","0","0","3","3","6","13","39","41","63","23","2"
"전북특별자치도 익산시 성당면(5214035000)","519","519","0","0","10","17","30","84","154","91","103","29","1","263","263","0","0","8","12","25","62","101","35","17","3","0","256","256","0","0","2","5","5","22","53","56","86","26","1"
"전북특별자치도 익산시 용안면(5214036000)","738","738","0","0","19","36","56","111","178","144","146","48","0","362","362","0","0","15","25","46","73","122","55","22","4","0","376","376","0","0","4","11","10","38","56","89","124","44","0"
"전북특별자치도 익산시 낭산면(5214037000)","823","823","0","0","20","26","64","163","224","148","153","25","0","448","448","0","0","13","23","49","122","146","57","36","2","0","375","375","0","0","7","3","15","41","78","91","117","23","0"
"전북특별자치도 익산시 망성면(5214038000)","857","857","0","0","19","20","64","129","236","163","176","48","2","406","406","0","0","16","14","51","89","142","62","28","4","0","451","451","0","0","3","6","13","40","94","101","148","44","2"
"전북특별자치도 익산시 여산면(5214039000)","940","940","0","1","56","75","71","144","246","139","171","37","0","491","491","0","1","35","58","53","106","151","59","26","2","0","449","449","0","0","21","17","18","38","95","80","145","35","0"
"전북특별자치도 익산시 금마면(5214040000)","1,147","1,147","0","43","110","69","84","191","277","197","139","37","0","603","603","0","7","96","50","60","118","155","83","28","6","0","544","544","0","36","14","19","24","73","122","114","111","31","0"
"전북특별자치도 익산시 왕궁면(5214041000)","1,442","1,442","0","1","56","121","125","231","331","270","232","74","1","742","742","0","1","35","91","92","158","214","102","38","11","0","700","700","0","0","21","30","33","73","117","168","194","63","1"
"전북특별자치도 익산시 춘포면(5214042000)","1,300","1,300","1","2","54","76","129","261","327","190","209","50","1","708","708","0","1","39","55","109","190","206","73","32","2","1","592","592","1","1","15","21","20","71","121","117","177","48","0"
"전북특별자치도 익산시 삼기면(5214043000)","610","610","0","0","10","21","48","115","140","123","114","38","1","296","296","0","0","7","15","39","83","90","40","15","7","0","314","314","0","0","3","6","9","32","50","83","99","31","1"
"전북특별자치도 익산시 용동면(5214044000)","379","379","0","0","6","16","25","61","77","78","97","18","1","164","164","0","0","5","7","19","47","41","23","20","2","0","215","215","0","0","1","9","6","14","36","55","77","16","1"
"전북특별자치도 익산시 중앙동(5214052000)","1,266","1,266","0","2","132","151","128","221","305","188","115","24","0","722","722","0","2","80","101","81","160","166","90","37","5","0","544","544","0","0","52","50","47","61","139","98","78","19","0"
"전북특별자치도 익산시 평화동(5214053000)","1,189","1,189","0","1","31","87","152","271","327","204","98","18","0","734","734","0","1","22","63","114","191","208","105","26","4","0","455","455","0","0","9","24","38","80","119","99","72","14","0"
"전북특별자치도 익산시 인화동(5214056000)","2,000","2,000","0","2","236","297","175","335","416","299","206","34","0","1,031","1,031","0","2","119","186","125","232","209","105","44","9","0","969","969","0","0","117","111","50","103","207","194","162","25","0"
"전북특별자치도 익산시 동산동(5214057000)","4,178","4,178","2","5","159","301","488","810","1,117","790","434","70","2","1,879","1,879","1","3","93","198","315","458","481","233","84","13","0","2,299","2,299","1","2","66","103","173","352","636","557","350","57","2"
"전북특별자치도 익산시 마동(5214058000)","2,495","2,495","2","4","286","344","306","475","574","312","167","25","0","1,283","1,283","1","1","147","212","207","298","277","104","32","4","0","1,212","1,212","1","3","139","132","99","177","297","208","135","21","0"
"전북특별자치도 익산시 남중동(5214059500)","3,041","3,041","0","119","213","273","299","528","667","537","330","74","1","1,599","1,599","0","108","115","171","212","351","359","195","73","15","0","1,442","1,442","0","11","98","102","87","177","308","342","257","59","1"
"전북특별자치도 익산시 모현동(5214061000)","5,820","5,820","2","11","573","677","694","992","1,335","877","570","87","2","2,674","2,674","2","7","304","428","459","497","553","276","126","21","1","3,146","3,146","0","4","269","249","235","495","782","601","444","66","1"
"전북특별자치도 익산시 송학동(5214062000)","1,872","1,872","1","1","222","415","257","301","330","204","122","19","0","981","981","0","1","128","290","172","150","141","69","27","3","0","891","891","1","0","94","125","85","151","189","135","95","16","0"
"전북특별자치도 익산시 영등1동(5214064600)","3,477","3,477","0","9","480","461","396","652","778","410","248","42","1","1,664","1,664","0","5","245","298","270","342","327","127","44","6","0","1,813","1,813","0","4","235","163","126","310","451","283","204","36","1"
"전북특별자치도 익산시 영등2동(5214064700)","2,120","2,120","0","6","407","373","321","397","306","194","100","16","0","997","997","0","1","216","235","186","180","111","50","17","1","0","1,123","1,123","0","5","191","138","135","217","195","144","83","15","0"
"전북특별자치도 익산시 어양동(5214065200)","4,231","4,231","1","17","532","645","650","914","826","374","223","48","1","2,030","2,030","0","4","291","373","408","484","322","108","35","5","0","2,201","2,201","1","13","241","272","242","430","504","266","188","43","1"
"전북특별자치도 익산시 신동(5214065600)","6,276","6,276","1","123","2,962","691","431","616","637","448","313","51","3","3,424","3,424","1","56","1,626","457","304","426","335","142","67","10","0","2,852","2,852","0","67","1,336","234","127","190","302","306","246","41","3"
"전북특별자치도 익산시 팔봉동(5214067000)","1,064","1,064","0","4","81","128","141","221","235","124","103","24","3","622","622","0","1","47","107","102","146","143","51","22","3","0","442","442","0","3","34","21","39","75","92","73","81","21","3"
"전북특별자치도 익산시 삼성동(5214069000)","4,944","4,944","1","6","392","574","615","1,048","1,143","673","427","65","0","2,497","2,497","1","1","242","395","405","578","549","239","77","10","0","2,447","2,447","0","5","150","179","210","470","594","434","350","55","0"
"전북특별자치도 정읍시 (5218000000)","27,256","27,256","9","37","1,503","2,022","2,573","5,142","6,456","4,355","4,135","1,005","19","13,296","13,296","4","24","824","1,360","1,783","3,282","3,578","1,583","738","118","2","13,960","13,960","5","13","679","662","790","1,860","2,878","2,772","3,397","887","17"
"전북특별자치도 정읍시 신태인읍(5218025000)","1,586","1,586","0","1","38","79","130","258","378","315","313","72","2","737","737","0","0","26","60","96","175","214","107","45","14","0","849","849","0","1","12","19","34","83","164","208","268","58","2"
"전북특별자치도 정읍시 북면(5218031000)","1,162","1,162","1","2","30","61","94","256","322","168","184","44","0","620","620","0","2","21","48","68","167","207","62","40","5","0","542","542","1","0","9","13","26","89","115","106","144","39","0"
"전북특별자치도 정읍시 입암면(5218032000)","903","903","0","0","21","23","41","170","246","148","200","54","0","426","426","0","0","17","17","25","120","157","56","33","1","0","477","477","0","0","4","6","16","50","89","92","167","53","0"
"전북특별자치도 정읍시 소성면(5218033000)","671","671","0","0","15","35","46","106","158","114","147","49","1","321","321","0","0","9","21","37","76","103","44","26","5","0","350","350","0","0","6","14","9","30","55","70","121","44","1"
"전북특별자치도 정읍시 고부면(5218034000)","949","949","0","0","21","32","65","163","229","165","216","57","1","447","447","0","0","10","25","54","122","141","55","35","5","0","502","502","0","0","11","7","11","41","88","110","181","52","1"
"전북특별자치도 정읍시 영원면(5218035000)","591","591","0","0","11","25","38","94","140","111","124","47","1","276","276","0","0","8","22","32","65","85","36","22","6","0","315","315","0","0","3","3","6","29","55","75","102","41","1"
"전북특별자치도 정읍시 덕천면(5218036000)","522","522","0","0","16","29","30","94","136","85","101","31","0","259","259","0","0","11","21","23","66","84","32","17","5","0","263","263","0","0","5","8","7","28","52","53","84","26","0"
"전북특별자치도 정읍시 이평면(5218037000)","759","759","0","3","19","34","58","120","169","138","160","57","1","353","353","0","3","16","27","43","78","101","55","26","4","0","406","406","0","0","3","7","15","42","68","83","134","53","1"
"전북특별자치도 정읍시 정우면(5218038000)","846","846","0","0","22","34","67","127","242","136","176","42","0","435","435","0","0","14","23","53","98","157","62","26","2","0","411","411","0","0","8","11","14","29","85","74","150","40","0"
"전북특별자치도 정읍시 태인면(5218039000)","1,111","1,111","0","0","23","52","88","206","240","216","220","64","2","530","530","0","0","14","39","70","152","141","65","37","11","1","581","581","0","0","9","13","18","54","99","151","183","53","1"
"전북특별자치도 정읍시 감곡면(5218040000)","1,030","1,030","0","0","21","44","74","151","269","200","202","69","0","499","499","0","0","14","29","50","108","167","87","38","6","0","531","531","0","0","7","15","24","43","102","113","164","63","0"
"전북특별자치도 정읍시 옹동면(5218041000)","604","604","0","0","13","20","46","93","151","106","144","29","2","303","303","0","0","9","13","37","69","98","44","29","4","0","301","301","0","0","4","7","9","24","53","62","115","25","2"
"전북특별자치도 정읍시 칠보면(5218042000)","663","663","0","0","16","9","55","114","177","111","141","40","0","322","322","0","0","13","8","39","84","111","40","22","5","0","341","341","0","0","3","1","16","30","66","71","119","35","0"
"전북특별자치도 정읍시 산내면(5218043000)","441","441","0","0","8","7","34","75","124","83","101","8","1","222","222","0","0","6","6","26","52","86","30","15","1","0","219","219","0","0","2","1","8","23","38","53","86","7","1"
"전북특별자치도 정읍시 산외면(5218044000)","732","732","0","0","11","23","40","145","189","130","161","33","0","366","366","0","0","8","17","30","107","124","54","23","3","0","366","366","0","0","3","6","10","38","65","76","138","30","0"
"전북특별자치도 정읍시 수성동(5218051000)","4,301","4,301","4","11","440","548","630","968","861","489","302","47","1","2,275","2,275","2","6","230","367","436","573","410","185","59","7","0","2,026","2,026","2","5","210","181","194","395","451","304","243","40","1"
"전북특별자치도 정읍시 장명동(5218052000)","643","643","0","1","28","42","58","146","155","97","95","21","0","304","304","0","1","13","26","41","95","79","36","11","2","0","339","339","0","0","15","16","17","51","76","61","84","19","0"
"전북특별자치도 정읍시 내장상동(5218053500)","3,265","3,265","1","8","263","309","358","655","731","487","381","71","1","1,533","1,533","0","6","137","213","212","366","351","167","71","10","0","1,732","1,732","1","2","126","96","146","289","380","320","310","61","1"
"전북특별자치도 정읍시 시기동(5218054500)","848","848","1","1","47","46","74","142","211","163","141","22","0","352","352","0","1","28","25","48","79","98","41","28","4","0","496","496","1","0","19","21","26","63","113","122","113","18","0"
"전북특별자치도 정읍시 초산동(5218056500)","1,482","1,482","0","5","124","142","165","296","339","236","149","26","0","650","650","0","3","64","94","105","151","134","64","31","4","0","832","832","0","2","60","48","60","145","205","172","118","22","0"
"전북특별자치도 정읍시 연지동(5218057000)","1,443","1,443","2","3","64","111","142","280","372","276","153","39","1","704","704","2","0","28","71","89","173","191","107","38","5","0","739","739","0","3","36","40","53","107","181","169","115","34","1"
"전북특별자치도 정읍시 농소동(5218058000)","1,104","1,104","0","2","45","59","102","218","305","184","150","38","1","525","525","0","2","26","34","76","134","151","70","28","4","0","579","579","0","0","19","25","26","84","154","114","122","34","1"
"전북특별자치도 정읍시 상교동(5218059500)","1,600","1,600","0","0","207","258","138","265","312","197","174","45","4","837","837","0","0","102","154","93","172","188","84","38","5","1","763","763","0","0","105","104","45","93","124","113","136","40","3"
"전북특별자치도 남원시 (5219000000)","19,552","19,552","5","22","980","1,451","1,745","3,765","4,560","3,273","3,071","667","13","9,051","9,051","3","9","498","921","1,149","2,281","2,475","1,144","472","97","2","10,501","10,501","2","13","482","530","596","1,484","2,085","2,129","2,599","570","11"
"전북특별자치도 남원시 운봉읍(5219025000)","1,032","1,032","0","0","40","42","79","168","251","180","221","50","1","447","447","0","0","28","30","54","101","145","58","28","3","0","585","585","0","0","12","12","25","67","106","122","193","47","1"
"전북특별자치도 남원시 주천면(5219031000)","664","664","0","1","32","38","43","117","161","128","112","30","2","336","336","0","0","27","27","30","80","103","51","13","5","0","328","328","0","1","5","11","13","37","58","77","99","25","2"
"전북특별자치도 남원시 수지면(5219032000)","329","329","0","0","5","9","18","49","85","62","76","25","0","160","160","0","0","5","7","15","37","57","24","11","4","0","169","169","0","0","0","2","3","12","28","38","65","21","0"
"전북특별자치도 남원시 송동면(5219033000)","531","531","0","0","14","21","34","80","140","92","122","27","1","267","267","0","0","13","17","25","54","98","42","15","3","0","264","264","0","0","1","4","9","26","42","50","107","24","1"
"전북특별자치도 남원시 주생면(5219034000)","599","599","0","0","10","16","25","109","130","119","143","47","0","267","267","0","0","7","11","21","82","79","37","23","7","0","332","332","0","0","3","5","4","27","51","82","120","40","0"
"전북특별자치도 남원시 금지면(5219035000)","669","669","0","0","10","14","50","107","133","157","160","38","0","276","276","0","0","6","9","34","79","75","52","17","4","0","393","393","0","0","4","5","16","28","58","105","143","34","0"
"전북특별자치도 남원시 대강면(5219036000)","555","555","0","0","8","13","40","85","145","88","132","44","0","251","251","0","0","7","11","29","59","93","26","20","6","0","304","304","0","0","1","2","11","26","52","62","112","38","0"
"전북특별자치도 남원시 대산면(5219037000)","391","391","0","0","11","17","19","57","100","67","99","21","0","184","184","0","0","10","16","14","44","59","30","10","1","0","207","207","0","0","1","1","5","13","41","37","89","20","0"
"전북특별자치도 남원시 사매면(5219038000)","445","445","0","0","10","15","19","70","110","78","117","25","1","225","225","0","0","8","11","13","51","81","41","15","5","0","220","220","0","0","2","4","6","19","29","37","102","20","1"
"전북특별자치도 남원시 덕과면(5219039000)","338","338","0","0","10","9","22","59","85","70","70","13","0","167","167","0","0","6","7","17","43","52","31","7","4","0","171","171","0","0","4","2","5","16","33","39","63","9","0"
"전북특별자치도 남원시 보절면(5219040000)","463","463","0","0","6","11","21","83","107","79","123","32","1","231","231","0","0","5","9","16","59","71","36","24","10","1","232","232","0","0","1","2","5","24","36","43","99","22","0"
"전북특별자치도 남원시 산동면(5219041000)","527","527","0","1","9","9","22","96","139","88","135","28","0","251","251","0","1","6","7","20","67","97","31","19","3","0","276","276","0","0","3","2","2","29","42","57","116","25","0"
"전북특별자치도 남원시 이백면(5219042000)","573","573","1","0","11","22","33","96","139","114","122","34","1","268","268","0","0","5","17","21","65","87","51","20","2","0","305","305","1","0","6","5","12","31","52","63","102","32","1"
"전북특별자치도 남원시 아영면(5219045000)","555","555","0","0","15","24","40","90","137","107","119","23","0","267","267","0","0","8","18","35","67","78","39","16","6","0","288","288","0","0","7","6","5","23","59","68","103","17","0"
"전북특별자치도 남원시 산내면(5219046000)","642","642","0","0","17","29","38","164","176","92","112","14","0","296","296","0","0","5","21","19","97","102","33","18","1","0","346","346","0","0","12","8","19","67","74","59","94","13","0"
"전북특별자치도 남원시 인월면(5219047000)","739","739","0","0","17","30","78","148","190","149","108","19","0","351","351","0","0","13","23","53","96","96","52","14","4","0","388","388","0","0","4","7","25","52","94","97","94","15","0"
"전북특별자치도 남원시 동충동(5219051000)","802","802","0","2","60","68","74","144","193","146","93","22","0","363","363","0","2","30","35","54","95","89","40","15","3","0","439","439","0","0","30","33","20","49","104","106","78","19","0"
"전북특별자치도 남원시 죽항동(5219052000)","979","979","1","2","65","84","111","197","213","160","123","22","1","445","445","1","1","29","54","65","123","94","51","23","4","0","534","534","0","1","36","30","46","74","119","109","100","18","1"
"전북특별자치도 남원시 노암동(5219054000)","1,386","1,386","0","2","60","123","136","272","351","256","166","19","1","605","605","0","1","30","76","81","133","172","76","33","3","0","781","781","0","1","30","47","55","139","179","180","133","16","1"
"전북특별자치도 남원시 금동(5219055000)","1,428","1,428","1","0","51","108","155","268","375","251","190","29","0","616","616","0","0","24","65","105","142","172","71","34","3","0","812","812","1","0","27","43","50","126","203","180","156","26","0"
"전북특별자치도 남원시 왕정동(5219056000)","1,058","1,058","0","3","69","128","103","193","226","169","137","29","1","451","451","0","2","32","74","64","104","94","54","21","6","0","607","607","0","1","37","54","39","89","132","115","116","23","1"
"전북특별자치도 남원시 향교동(5219057000)","1,985","1,985","2","3","126","187","206","466","442","299","205","47","2","1,066","1,066","2","0","56","116","146","314","262","119","47","3","1","919","919","0","3","70","71","60","152","180","180","158","44","1"
"전북특별자치도 남원시 도통동(5219059000)","2,862","2,862","0","8","324","434","379","647","532","322","186","29","1","1,261","1,261","0","2","138","260","218","289","219","99","29","7","0","1,601","1,601","0","6","186","174","161","358","313","223","157","22","1"
"전북특별자치도 김제시 (5221000000)","22,619","22,619","6","74","1,104","1,457","2,097","4,024","5,491","3,825","3,589","929","23","11,171","11,171","2","41","705","974","1,495","2,710","3,130","1,410","593","107","4","11,448","11,448","4","33","399","483","602","1,314","2,361","2,415","2,996","822","19"
"전북특별자치도 김제시 만경읍(5221025000)","885","885","0","5","30","41","59","172","220","155","160","42","1","451","451","0","3","21","34","40","121","129","72","28","3","0","434","434","0","2","9","7","19","51","91","83","132","39","1"
"전북특별자치도 김제시 죽산면(5221032000)","855","855","0","1","21","35","64","133","219","155","167","58","2","404","404","0","1","12","25","46","102","136","54","21","7","0","451","451","0","0","9","10","18","31","83","101","146","51","2"
"전북특별자치도 김제시 백산면(5221033000)","1,061","1,061","0","2","67","81","127","226","224","165","136","33","0","579","579","0","1","38","56","84","152","156","69","19","4","0","482","482","0","1","29","25","43","74","68","96","117","29","0"
"전북특별자치도 김제시 용지면(5221034000)","1,036","1,036","0","2","35","38","83","175","252","194","193","63","1","537","537","0","2","27","26","70","135","159","81","28","9","0","499","499","0","0","8","12","13","40","93","113","165","54","1"
"전북특별자치도 김제시 백구면(5221035000)","1,132","1,132","0","0","36","63","102","190","276","204","211","50","0","559","559","0","0","24","47","77","137","159","83","26","6","0","573","573","0","0","12","16","25","53","117","121","185","44","0"
"전북특별자치도 김제시 부량면(5221036000)","404","404","0","0","17","24","31","55","86","68","99","24","0","184","184","0","0","13","18","24","45","47","17","16","4","0","220","220","0","0","4","6","7","10","39","51","83","20","0"
"전북특별자치도 김제시 공덕면(5221038000)","677","677","0","0","26","23","60","92","187","139","115","33","2","355","355","0","0","17","16","48","60","124","67","19","4","0","322","322","0","0","9","7","12","32","63","72","96","29","2"
"전북특별자치도 김제시 청하면(5221039000)","518","518","0","0","4","20","35","81","147","86","116","27","2","243","243","0","0","3","14","23","60","89","34","16","4","0","275","275","0","0","1","6","12","21","58","52","100","23","2"
"전북특별자치도 김제시 성덕면(5221040000)","557","557","0","0","13","20","41","90","147","96","104","46","0","278","278","0","0","8","14","34","72","92","41","15","2","0","279","279","0","0","5","6","7","18","55","55","89","44","0"
"전북특별자치도 김제시 진봉면(5221041000)","883","883","0","1","18","24","67","131","229","168","193","52","0","406","406","0","1","17","16","49","100","143","52","24","4","0","477","477","0","0","1","8","18","31","86","116","169","48","0"
"전북특별자치도 김제시 금구면(5221042000)","1,247","1,247","0","1","33","53","103","259","353","204","198","42","1","638","638","0","1","21","39","82","166","207","80","38","4","0","609","609","0","0","12","14","21","93","146","124","160","38","1"
"전북특별자치도 김제시 봉남면(5221043000)","810","810","0","2","18","34","73","130","178","149","180","44","2","363","363","0","1","16","19","56","89","99","52","25","6","0","447","447","0","1","2","15","17","41","79","97","155","38","2"
"전북특별자치도 김제시 황산면(5221044000)","643","643","0","0","16","25","33","138","169","92","142","28","0","336","336","0","0","10","17","28","103","109","38","31","0","0","307","307","0","0","6","8","5","35","60","54","111","28","0"
"전북특별자치도 김제시 금산면(5221045000)","1,585","1,585","0","2","39","58","121","289","437","301","271","63","4","773","773","0","1","23","41","86","203","257","110","49","3","0","812","812","0","1","16","17","35","86","180","191","222","60","4"
"전북특별자치도 김제시 광활면(5221046000)","386","386","0","1","14","17","41","71","77","69","75","21","0","203","203","0","1","11","14","33","58","52","23","9","2","0","183","183","0","0","3","3","8","13","25","46","66","19","0"
"전북특별자치도 김제시 요촌동(5221051000)","2,761","2,761","2","5","216","270","348","526","617","403","295","79","0","1,424","1,424","1","2","119","186","242","331","318","145","64","16","0","1,337","1,337","1","3","97","84","106","195","299","258","231","63","0"
"전북특별자치도 김제시 신풍동(5221052000)","2,766","2,766","3","46","143","204","295","523","609","448","415","76","4","1,266","1,266","1","24","83","130","200","313","311","126","68","7","3","1,500","1,500","2","22","60","74","95","210","298","322","347","69","1"
"전북특별자치도 김제시 검산동(5221054000)","2,946","2,946","1","6","304","342","310","486","667","462","279","87","2","1,452","1,452","0","3","205","209","202","288","320","160","51","13","1","1,494","1,494","1","3","99","133","108","198","347","302","228","74","1"
"전북특별자치도 김제시 교월동(5221058000)","1,467","1,467","0","0","54","85","104","257","397","267","240","61","2","720","720","0","0","37","53","71","175","223","106","46","9","0","747","747","0","0","17","32","33","82","174","161","194","52","2"
"전북특별자치도 완주군 (5271000000)","22,444","22,444","6","43","1,890","2,686","2,527","4,264","5,029","3,079","2,372","536","12","12,296","12,296","3","15","1,139","1,746","1,770","2,809","2,912","1,378","451","73","0","10,148","10,148","3","28","751","940","757","1,455","2,117","1,701","1,921","463","12"
"전북특별자치도 완주군 삼례읍(5271025000)","5,391","5,391","3","17","829","902","587","843","1,022","618","438","130","2","3,075","3,075","2","6","491","595","438","579","597","267","83","17","0","2,316","2,316","1","11","338","307","149","264","425","351","355","113","2"
"전북특별자치도 완주군 봉동읍(5271025300)","4,264","4,264","0","14","453","541","623","873","853","468","365","71","3","2,538","2,538","0","4","328","413","466","591","474","175","78","9","0","1,726","1,726","0","10","125","128","157","282","379","293","287","62","3"
"전북특별자치도 완주군 용진읍(5271025600)","2,174","2,174","1","1","117","278","254","428","531","315","216","32","1","1,143","1,143","0","0","71","177","159","285","265","142","41","3","0","1,031","1,031","1","1","46","101","95","143","266","173","175","29","1"
"전북특별자치도 완주군 상관면(5271032000)","928","928","0","0","24","40","82","202","253","178","130","18","1","506","506","0","0","18","29","58","128","144","89","35","5","0","422","422","0","0","6","11","24","74","109","89","95","13","1"
"전북특별자치도 완주군 이서면(5271033000)","3,339","3,339","1","3","312","691","532","658","588","314","211","28","1","1,719","1,719","0","2","144","371","319","381","314","147","36","5","0","1,620","1,620","1","1","168","320","213","277","274","167","175","23","1"
"전북특별자치도 완주군 소양면(5271034000)","1,407","1,407","1","0","35","51","116","277","406","266","206","49","0","743","743","1","0","19","35","89","178","242","127","46","6","0","664","664","0","0","16","16","27","99","164","139","160","43","0"
"전북특별자치도 완주군 구이면(5271035000)","1,406","1,406","0","3","40","48","93","309","427","248","193","44","1","758","758","0","1","25","32","63","199","281","122","32","3","0","648","648","0","2","15","16","30","110","146","126","161","41","1"
"전북특별자치도 완주군 고산면(5271036000)","1,161","1,161","0","2","36","55","99","216","301","196","210","45","1","587","587","0","1","20","43","72","149","190","80","27","5","0","574","574","0","1","16","12","27","67","111","116","183","40","1"
"전북특별자치도 완주군 비봉면(5271037000)","528","528","0","3","10","21","33","103","138","100","82","37","1","280","280","0","1","8","13","27","74","83","50","16","8","0","248","248","0","2","2","8","6","29","55","50","66","29","1"
"전북특별자치도 완주군 운주면(5271038000)","636","636","0","0","12","27","48","117","167","128","107","30","0","306","306","0","0","5","17","36","72","94","58","20","4","0","330","330","0","0","7","10","12","45","73","70","87","26","0"
"전북특별자치도 완주군 화산면(5271039000)","605","605","0","0","9","14","32","101","164","134","115","35","1","319","319","0","0","4","10","27","76","112","68","17","5","0","286","286","0","0","5","4","5","25","52","66","98","30","1"
"전북특별자치도 완주군 동상면(5271040000)","319","319","0","0","11","9","10","71","108","55","44","11","0","177","177","0","0","5","5","7","49","71","26","12","2","0","142","142","0","0","6","4","3","22","37","29","32","9","0"
"전북특별자치도 완주군 경천면(5271041000)","286","286","0","0","2","9","18","66","71","59","55","6","0","145","145","0","0","1","6","9","48","45","27","8","1","0","141","141","0","0","1","3","9","18","26","32","47","5","0"
"전북특별자치도 진안군 (5272000000)","7,328","7,328","2","13","254","323","553","1,421","1,954","1,297","1,216","284","11","3,815","3,815","1","8","145","217","408","962","1,244","572","223","35","0","3,513","3,513","1","5","109","106","145","459","710","725","993","249","11"
"전북특별자치도 진안군 진안읍(5272025000)","2,530","2,530","1","4","134","151","258","499","613","419","366","82","3","1,325","1,325","1","3","68","101","188","335","375","180","65","9","0","1,205","1,205","0","1","66","50","70","164","238","239","301","73","3"
"전북특별자치도 진안군 용담면(5272031000)","341","341","0","1","4","11","15","65","115","69","51","10","0","165","165","0","1","3","6","9","43","65","25","13","0","0","176","176","0","0","1","5","6","22","50","44","38","10","0"
"전북특별자치도 진안군 안천면(5272032000)","314","314","0","0","12","12","20","57","76","50","65","22","0","147","147","0","0","7","9","14","34","44","22","11","6","0","167","167","0","0","5","3","6","23","32","28","54","16","0"
"전북특별자치도 진안군 동향면(5272033000)","452","452","0","1","5","12","22","73","129","86","96","27","1","215","215","0","0","2","8","17","54","76","45","10","3","0","237","237","0","1","3","4","5","19","53","41","86","24","1"
"전북특별자치도 진안군 상전면(5272034000)","265","265","0","1","3","5","17","58","80","36","58","6","1","133","133","0","0","2","1","14","37","53","15","11","0","0","132","132","0","1","1","4","3","21","27","21","47","6","1"
"전북특별자치도 진안군 백운면(5272035000)","710","710","1","2","23","33","51","164","172","128","111","24","1","394","394","0","1","16","25","37","113","114","56","29","3","0","316","316","1","1","7","8","14","51","58","72","82","21","1"
"전북특별자치도 진안군 성수면(5272036000)","616","616","0","0","18","18","46","97","183","118","114","20","2","323","323","0","0","8","16","31","66","123","62","15","2","0","293","293","0","0","10","2","15","31","60","56","99","18","2"
"전북특별자치도 진안군 마령면(5272037000)","501","501","0","0","11","16","27","91","127","102","103","23","1","248","248","0","0","8","9","24","62","90","40","13","2","0","253","253","0","0","3","7","3","29","37","62","90","21","1"
"전북특별자치도 진안군 부귀면(5272038000)","815","815","0","1","22","43","57","160","246","142","114","29","1","458","458","0","0","16","28","43","110","162","68","28","3","0","357","357","0","1","6","15","14","50","84","74","86","26","1"
"전북특별자치도 진안군 정천면(5272039000)","260","260","0","2","9","9","14","62","64","36","49","15","0","142","142","0","2","8","6","10","41","42","21","10","2","0","118","118","0","0","1","3","4","21","22","15","39","13","0"
"전북특별자치도 진안군 주천면(5272040000)","524","524","0","1","13","13","26","95","149","111","89","26","1","265","265","0","1","7","8","21","67","100","38","18","5","0","259","259","0","0","6","5","5","28","49","73","71","21","1"
"전북특별자치도 무주군 (5273000000)","6,926","6,926","0","7","283","430","582","1,275","1,724","1,073","1,287","261","4","3,407","3,407","0","4","151","289","412","855","1,040","404","208","43","1","3,519","3,519","0","3","132","141","170","420","684","669","1,079","218","3"
"전북특별자치도 무주군 무주읍(5273025000)","2,213","2,213","0","3","150","220","229","420","483","298","332","77","1","1,091","1,091","0","1","84","143","150","277","264","100","58","14","0","1,122","1,122","0","2","66","77","79","143","219","198","274","63","1"
"전북특별자치도 무주군 무풍면(5273031000)","743","743","0","1","17","46","52","131","198","117","156","25","0","375","375","0","1","11","31","41","88","129","50","23","1","0","368","368","0","0","6","15","11","43","69","67","133","24","0"
"전북특별자치도 무주군 설천면(5273032000)","1,222","1,222","0","0","47","68","123","239","346","176","198","24","1","622","622","0","0","23","44","90","159","204","60","36","6","0","600","600","0","0","24","24","33","80","142","116","162","18","1"
"전북특별자치도 무주군 적상면(5273033000)","907","907","0","2","21","29","59","169","219","147","209","51","1","439","439","0","1","8","25","45","113","148","56","30","12","1","468","468","0","1","13","4","14","56","71","91","179","39","0"
"전북특별자치도 무주군 안성면(5273034000)","1,322","1,322","0","1","40","48","92","230","343","220","288","59","1","611","611","0","1","21","35","64","152","207","83","43","5","0","711","711","0","0","19","13","28","78","136","137","245","54","1"
"전북특별자치도 무주군 부남면(5273035000)","519","519","0","0","8","19","27","86","135","115","104","25","0","269","269","0","0","4","11","22","66","88","55","18","5","0","250","250","0","0","4","8","5","20","47","60","86","20","0"
"전북특별자치도 장수군 (5274000000)","6,003","6,003","1","10","223","325","469","1,127","1,432","1,042","1,135","235","4","2,926","2,926","1","6","120","222","359","756","880","403","142","36","1","3,077","3,077","0","4","103","103","110","371","552","639","993","199","3"
"전북특별자치도 장수군 장수읍(5274025000)","1,688","1,688","0","5","125","135","171","326","351","267","258","48","2","830","830","0","2","63","89","127","217","199","93","34","5","1","858","858","0","3","62","46","44","109","152","174","224","43","1"
"전북특별자치도 장수군 산서면(5274031000)","641","641","0","0","9","29","29","113","156","125","149","31","0","315","315","0","0","7","23","25","83","95","52","21","9","0","326","326","0","0","2","6","4","30","61","73","128","22","0"
"전북특별자치도 장수군 번암면(5274032000)","755","755","1","2","15","22","56","123","180","160","166","29","1","371","371","1","2","7","14","42","86","111","74","28","6","0","384","384","0","0","8","8","14","37","69","86","138","23","1"
"전북특별자치도 장수군 장계면(5274033500)","1,148","1,148","0","2","37","75","100","246","261","175","204","48","0","556","556","0","2","20","52","75","158","158","62","24","5","0","592","592","0","0","17","23","25","88","103","113","180","43","0"
"전북특별자치도 장수군 천천면(5274034000)","680","680","0","1","13","23","40","112","194","132","141","23","1","305","305","0","0","8","11","30","71","123","40","17","5","0","375","375","0","1","5","12","10","41","71","92","124","18","1"
"전북특별자치도 장수군 계남면(5274035000)","613","613","0","0","18","26","44","123","154","107","110","31","0","304","304","0","0","9","21","36","82","104","43","7","2","0","309","309","0","0","9","5","8","41","50","64","103","29","0"
"전북특별자치도 장수군 계북면(5274036000)","478","478","0","0","6","15","29","84","136","76","107","25","0","245","245","0","0","6","12","24","59","90","39","11","4","0","233","233","0","0","0","3","5","25","46","37","96","21","0"
"전북특별자치도 임실군 (5275000000)","8,322","8,322","0","9","318","413","613","1,466","2,091","1,495","1,553","353","11","4,319","4,319","0","7","187","288","464","1,033","1,385","646","272","36","1","4,003","4,003","0","2","131","125","149","433","706","849","1,281","317","10"
"전북특별자치도 임실군 임실읍(5275025000)","1,827","1,827","0","2","149","171","194","314","385","276","270","65","1","948","948","0","2","83","123","144","199","229","117","43","8","0","879","879","0","0","66","48","50","115","156","159","227","57","1"
"전북특별자치도 임실군 청웅면(5275031000)","446","446","0","0","12","9","28","78","108","95","89","26","1","218","218","0","0","6","8","25","61","72","35","8","3","0","228","228","0","0","6","1","3","17","36","60","81","23","1"
"전북특별자치도 임실군 운암면(5275032000)","576","576","0","1","13","14","35","117","181","109","87","19","0","301","301","0","1","6","9","24","76","119","47","18","1","0","275","275","0","0","7","5","11","41","62","62","69","18","0"
"전북특별자치도 임실군 신평면(5275033000)","509","509","0","2","19","41","38","74","133","81","97","23","1","274","274","0","2","16","26","31","49","92","39","18","1","0","235","235","0","0","3","15","7","25","41","42","79","22","1"
"전북특별자치도 임실군 성수면(5275034000)","538","538","0","1","21","18","30","93","141","96","121","17","0","287","287","0","1","15","11","23","62","98","45","28","4","0","251","251","0","0","6","7","7","31","43","51","93","13","0"
"전북특별자치도 임실군 오수면(5275035500)","1,112","1,112","0","0","28","50","82","193","269","219","224","46","1","546","546","0","0","12","38","66","143","167","81","33","6","0","566","566","0","0","16","12","16","50","102","138","191","40","1"
"전북특별자치도 임실군 신덕면(5275036000)","477","477","0","1","6","17","23","82","125","94","101","27","1","255","255","0","1","5","9","18","58","92","51","17","3","1","222","222","0","0","1","8","5","24","33","43","84","24","0"
"전북특별자치도 임실군 삼계면(5275037000)","553","553","0","0","12","14","33","85","134","118","117","40","0","294","294","0","0","7","11","27","60","97","66","23","3","0","259","259","0","0","5","3","6","25","37","52","94","37","0"
"전북특별자치도 임실군 관촌면(5275038000)","906","906","0","1","21","32","64","184","247","158","165","32","2","480","480","0","0","13","20","46","130","165","70","32","4","0","426","426","0","1","8","12","18","54","82","88","133","28","2"
"전북특별자치도 임실군 강진면(5275039000)","520","520","0","1","11","19","36","88","152","87","105","20","1","275","275","0","0","8","14","27","63","110","33","19","1","0","245","245","0","1","3","5","9","25","42","54","86","19","1"
"전북특별자치도 임실군 덕치면(5275040000)","467","467","0","0","10","15","28","96","128","83","94","11","2","255","255","0","0","5","9","19","82","88","34","17","1","0","212","212","0","0","5","6","9","14","40","49","77","10","2"
"전북특별자치도 임실군 지사면(5275041000)","391","391","0","0","16","13","22","62","88","79","83","27","1","186","186","0","0","11","10","14","50","56","28","16","1","0","205","205","0","0","5","3","8","12","32","51","67","26","1"
"전북특별자치도 순창군 (5277000000)","7,323","7,323","2","7","329","393","580","1,306","1,707","1,254","1,457","278","10","3,468","3,468","2","4","181","257","406","883","1,038","461","207","29","0","3,855","3,855","0","3","148","136","174","423","669","793","1,250","249","10"
"전북특별자치도 순창군 순창읍(5277025000)","2,045","2,045","2","5","174","200","217","395","423","312","260","57","0","973","973","2","3","88","126","142","245","226","89","47","5","0","1,072","1,072","0","2","86","74","75","150","197","223","213","52","0"
"전북특별자치도 순창군 인계면(5277031000)","452","452","0","0","15","19","26","78","115","76","102","17","4","211","211","0","0","6","10","20","59","73","33","10","0","0","241","241","0","0","9","9","6","19","42","43","92","17","4"
"전북특별자치도 순창군 동계면(5277032000)","632","632","0","0","10","21","44","119","137","112","163","22","4","302","302","0","0","7","12","31","82","94","50","24","2","0","330","330","0","0","3","9","13","37","43","62","139","20","4"
"전북특별자치도 순창군 풍산면(5277033000)","541","541","0","0","17","17","57","85","105","110","117","33","0","250","250","0","0","8","11","37","63","68","45","14","4","0","291","291","0","0","9","6","20","22","37","65","103","29","0"
"전북특별자치도 순창군 금과면(5277034000)","564","564","0","0","16","17","27","92","157","100","113","40","2","276","276","0","0","10","14","20","61","111","40","16","4","0","288","288","0","0","6","3","7","31","46","60","97","36","2"
"전북특별자치도 순창군 팔덕면(5277035000)","437","437","0","0","7","14","26","87","93","77","115","18","0","214","214","0","0","4","10","14","65","59","35","22","5","0","223","223","0","0","3","4","12","22","34","42","93","13","0"
"전북특별자치도 순창군 쌍치면(5277036000)","559","559","0","1","23","17","31","90","169","94","113","21","0","268","268","0","1","15","12","28","50","106","38","17","1","0","291","291","0","0","8","5","3","40","63","56","96","20","0"
"전북특별자치도 순창군 복흥면(5277037000)","600","600","0","0","15","34","49","108","153","101","125","15","0","275","275","0","0","11","24","36","78","86","26","13","1","0","325","325","0","0","4","10","13","30","67","75","112","14","0"
"전북특별자치도 순창군 적성면(5277038000)","406","406","0","0","26","16","27","64","90","67","101","15","0","190","190","0","0","20","14","17","42","56","27","11","3","0","216","216","0","0","6","2","10","22","34","40","90","12","0"
"전북특별자치도 순창군 유등면(5277039000)","353","353","0","0","11","9","17","57","88","79","78","14","0","167","167","0","0","6","8","15","42","52","34","10","0","0","186","186","0","0","5","1","2","15","36","45","68","14","0"
"전북특별자치도 순창군 구림면(5277040000)","734","734","0","1","15","29","59","131","177","126","170","26","0","342","342","0","0","6","16","46","96","107","44","23","4","0","392","392","0","1","9","13","13","35","70","82","147","22","0"
"전북특별자치도 고창군 (5279000000)","15,186","15,186","0","19","547","851","1,237","2,674","3,540","2,732","2,939","627","20","7,194","7,194","0","14","321","559","876","1,827","2,050","971","491","85","0","7,992","7,992","0","5","226","292","361","847","1,490","1,761","2,448","542","20"
"전북특별자치도 고창군 고창읍(5279025000)","4,249","4,249","0","5","307","422","450","772","951","694","534","107","7","1,900","1,900","0","3","157","248","276","432","428","227","106","23","0","2,349","2,349","0","2","150","174","174","340","523","467","428","84","7"
"전북특별자치도 고창군 고수면(5279031000)","776","776","0","0","21","31","53","133","192","151","153","42","0","396","396","0","0","17","18","37","102","128","65","26","3","0","380","380","0","0","4","13","16","31","64","86","127","39","0"
"전북특별자치도 고창군 아산면(5279032000)","897","897","0","0","19","38","60","177","208","164","190","38","3","447","447","0","0","12","28","49","130","126","66","26","10","0","450","450","0","0","7","10","11","47","82","98","164","28","3"
"전북특별자치도 고창군 무장면(5279033000)","909","909","0","9","31","40","75","159","203","174","191","27","0","433","433","0","8","22","29","50","111","120","56","35","2","0","476","476","0","1","9","11","25","48","83","118","156","25","0"
"전북특별자치도 고창군 공음면(5279034000)","832","832","0","1","12","37","66","130","182","165","192","45","2","411","411","0","0","11","32","53","99","110","65","30","11","0","421","421","0","1","1","5","13","31","72","100","162","34","2"
"전북특별자치도 고창군 상하면(5279035000)","802","802","0","0","19","37","64","130","193","150","170","36","3","388","388","0","0","12","29","47","96","120","56","24","4","0","414","414","0","0","7","8","17","34","73","94","146","32","3"
"전북특별자치도 고창군 해리면(5279036000)","903","903","0","1","15","31","53","149","231","179","205","38","1","422","422","0","0","8","21","42","113","135","66","36","1","0","481","481","0","1","7","10","11","36","96","113","169","37","1"
"전북특별자치도 고창군 성송면(5279037000)","647","647","0","0","17","15","40","120","148","127","143","36","1","322","322","0","0","12","14","25","92","98","54","25","2","0","325","325","0","0","5","1","15","28","50","73","118","34","1"
"전북특별자치도 고창군 대산면(5279038000)","1,114","1,114","0","0","17","36","89","174","254","224","273","46","1","508","508","0","0","11","29","75","125","149","70","40","9","0","606","606","0","0","6","7","14","49","105","154","233","37","1"
"전북특별자치도 고창군 심원면(5279039000)","761","761","0","0","17","39","61","153","190","134","145","22","0","375","375","0","0","10","25","48","113","112","41","23","3","0","386","386","0","0","7","14","13","40","78","93","122","19","0"
"전북특별자치도 고창군 흥덕면(5279040000)","977","977","0","0","24","33","72","167","238","159","233","49","2","458","458","0","0","18","23","58","116","153","49","38","3","0","519","519","0","0","6","10","14","51","85","110","195","46","2"
"전북특별자치도 고창군 성내면(5279041000)","629","629","0","0","14","23","44","104","157","114","126","47","0","325","325","0","0","9","18","33","84","106","43","28","4","0","304","304","0","0","5","5","11","20","51","71","98","43","0"
"전북특별자치도 고창군 신림면(5279042000)","780","780","0","1","21","40","57","136","185","129","165","46","0","380","380","0","1","15","25","40","93","122","51","28","5","0","400","400","0","0","6","15","17","43","63","78","137","41","0"
"전북특별자치도 고창군 부안면(5279043000)","910","910","0","2","13","29","53","170","208","168","219","48","0","429","429","0","2","7","20","43","121","143","62","26","5","0","481","481","0","0","6","9","10","49","65","106","193","43","0"
"전북특별자치도 부안군 (5280000000)","14,887","14,887","3","27","561","857","1,239","2,766","3,633","2,776","2,468","548","9","7,257","7,257","2","11","352","560","897","1,864","2,054","1,025","419","73","0","7,630","7,630","1","16","209","297","342","902","1,579","1,751","2,049","475","9"
"전북특별자치도 부안군 부안읍(5280025000)","4,548","4,548","1","14","288","419","415","897","1,062","793","552","106","1","2,121","2,121","1","6","164","254","265","502","513","289","111","16","0","2,427","2,427","0","8","124","165","150","395","549","504","441","90","1"
"전북특별자치도 부안군 주산면(5280031000)","656","656","0","3","16","28","57","101","155","118","132","45","1","312","312","0","0","7","21","40","72","97","43","25","7","0","344","344","0","3","9","7","17","29","58","75","107","38","1"
"전북특별자치도 부안군 동진면(5280032000)","902","902","0","1","29","33","53","146","222","183","186","48","1","447","447","0","0","19","25","44","110","137","69","33","10","0","455","455","0","1","10","8","9","36","85","114","153","38","1"
"전북특별자치도 부안군 행안면(5280033000)","707","707","0","3","23","44","69","131","171","122","109","35","0","379","379","0","3","17","26","59","102","111","38","20","3","0","328","328","0","0","6","18","10","29","60","84","89","32","0"
"전북특별자치도 부안군 계화면(5280034000)","1,043","1,043","0","1","21","52","122","169","221","221","208","27","1","510","510","0","0","14","35","95","130","137","66","28","5","0","533","533","0","1","7","17","27","39","84","155","180","22","1"
"전북특별자치도 부안군 보안면(5280035000)","869","869","0","0","16","26","41","166","210","183","187","40","0","422","422","0","0","11","21","33","117","132","73","30","5","0","447","447","0","0","5","5","8","49","78","110","157","35","0"
"전북특별자치도 부안군 변산면(5280036000)","1,418","1,418","1","0","54","85","156","300","372","230","182","38","0","751","751","0","0","41","62","123","214","194","84","30","3","0","667","667","1","0","13","23","33","86","178","146","152","35","0"
"전북특별자치도 부안군 진서면(5280037000)","791","791","1","1","14","28","57","150","243","151","121","23","2","396","396","1","0","10","16","34","104","136","73","20","2","0","395","395","0","1","4","12","23","46","107","78","101","21","2"
"전북특별자치도 부안군 백산면(5280038000)","911","911","0","1","24","43","57","142","228","153","201","62","0","421","421","0","1","16","29","44","101","142","48","32","8","0","490","490","0","0","8","14","13","41","86","105","169","54","0"
"전북특별자치도 부안군 상서면(5280039000)","750","750","0","0","22","32","31","128","180","149","173","35","0","358","358","0","0","15","25","20","93","118","55","28","4","0","392","392","0","0","7","7","11","35","62","94","145","31","0"
"전북특별자치도 부안군 하서면(5280040000)","885","885","0","2","22","20","58","147","203","202","194","36","1","413","413","0","1","15","12","45","114","123","71","25","7","0","472","472","0","1","7","8","13","33","80","131","169","29","1"
"전북특별자치도 부안군 줄포면(5280041000)","878","878","0","1","15","26","59","157","264","166","153","36","1","413","413","0","0","11","20","42","100","149","67","22","2","0","465","465","0","1","4","6","17","57","115","99","131","34","1"
"전북특별자치도 부안군 위도면(5280042000)","529","529","0","0","17","21","64","132","102","105","70","17","1","314","314","0","0","12","14","53","105","65","49","15","1","0","215","215","0","0","5","7","11","27","37","56","55","16","1"
"전라남도  (4600000000)","432,617","432,617","87","1,094","34,356","41,663","46,314","79,492","95,229","65,178","57,358","11,549","297","220,456","220,456","46","559","19,958","27,940","32,776","51,631","53,211","23,584","9,326","1,391","34","212,161","212,161","41","535","14,398","13,723","13,538","27,861","42,018","41,594","48,032","10,158","263"
"전라남도 목포시 (4611000000)","48,194","48,194","14","115","4,786","5,367","6,606","9,480","10,285","6,770","4,113","642","16","24,284","24,284","7","56","2,567","3,391","4,469","5,682","4,878","2,290","851","91","2","23,910","23,910","7","59","2,219","1,976","2,137","3,798","5,407","4,480","3,262","551","14"
"전라남도 목포시 용당1동(4611051000)","3,029","3,029","0","6","162","202","332","563","739","618","351","55","1","1,486","1,486","0","5","103","129","241","351","349","215","84","9","0","1,543","1,543","0","1","59","73","91","212","390","403","267","46","1"
"전라남도 목포시 용당2동(4611052000)","1,614","1,614","3","2","56","106","180","314","402","331","193","26","1","843","843","1","1","32","74","125","227","206","129","44","4","0","771","771","2","1","24","32","55","87","196","202","149","22","1"
"전라남도 목포시 연동(4611053500)","1,585","1,585","0","7","53","79","166","298","394","345","219","24","0","782","782","0","7","30","60","124","205","221","104","30","1","0","803","803","0","0","23","19","42","93","173","241","189","23","0"
"전라남도 목포시 산정동(4611054500)","1,543","1,543","1","2","68","131","172","317","409","257","162","23","1","706","706","0","1","37","92","120","175","173","76","29","2","1","837","837","1","1","31","39","52","142","236","181","133","21","0"
"전라남도 목포시 연산동(4611055400)","1,366","1,366","0","2","212","291","208","203","237","125","70","18","0","636","636","0","1","94","161","126","95","97","46","12","4","0","730","730","0","1","118","130","82","108","140","79","58","14","0"
"전라남도 목포시 원산동(4611055800)","2,792","2,792","2","7","240","293","399","609","593","373","245","30","1","1,346","1,346","1","4","143","189","272","357","232","107","36","4","1","1,446","1,446","1","3","97","104","127","252","361","266","209","26","0"
"전라남도 목포시 대성동(4611056500)","1,165","1,165","0","2","64","145","165","229","267","158","121","14","0","568","568","0","2","29","77","104","139","133","56","28","0","0","597","597","0","0","35","68","61","90","134","102","93","14","0"
"전라남도 목포시 목원동(4611059500)","2,331","2,331","0","4","80","136","227","437","595","463","330","58","1","1,239","1,239","0","3","52","94","174","315","343","177","70","11","0","1,092","1,092","0","1","28","42","53","122","252","286","260","47","1"
"전라남도 목포시 동명동(4611064000)","1,496","1,496","0","3","49","73","176","287","362","327","198","20","1","792","792","0","1","25","52","135","212","204","109","51","3","0","704","704","0","2","24","21","41","75","158","218","147","17","1"
"전라남도 목포시 삼학동(4611064500)","1,099","1,099","1","2","44","76","139","211","272","216","118","20","0","518","518","1","0","21","47","100","134","117","70","26","2","0","581","581","0","2","23","29","39","77","155","146","92","18","0"
"전라남도 목포시 만호동(4611065500)","1,033","1,033","1","1","26","28","133","234","266","190","137","17","0","567","567","1","0","17","18","94","169","161","68","36","3","0","466","466","0","1","9","10","39","65","105","122","101","14","0"
"전라남도 목포시 유달동(4611066000)","1,737","1,737","0","10","182","97","201","341","365","301","209","29","2","976","976","0","7","128","63","147","249","231","102","47","2","0","761","761","0","3","54","34","54","92","134","199","162","27","2"
"전라남도 목포시 죽교동(4611069500)","1,089","1,089","1","0","83","61","108","211","270","185","149","20","1","598","598","0","0","50","49","90","153","162","65","27","2","0","491","491","1","0","33","12","18","58","108","120","122","18","1"
"전라남도 목포시 북항동(4611070500)","1,916","1,916","1","7","148","192","261","388","437","278","179","25","0","955","955","0","2","86","123","193","243","183","89","31","5","0","961","961","1","5","62","69","68","145","254","189","148","20","0"
"전라남도 목포시 용해동(4611074500)","3,076","3,076","0","9","300","349","435","618","693","414","227","31","0","1,509","1,509","0","5","156","204","289","361","303","135","53","3","0","1,567","1,567","0","4","144","145","146","257","390","279","174","28","0"
"전라남도 목포시 이로동(4611075000)","1,378","1,378","1","6","115","124","187","226","320","230","135","34","0","615","615","0","3","54","92","126","124","112","76","24","4","0","763","763","1","3","61","32","61","102","208","154","111","30","0"
"전라남도 목포시 상동(4611075600)","4,129","4,129","0","3","224","441","452","782","1,016","739","401","69","2","1,880","1,880","0","1","118","285","289","383","451","263","81","9","0","2,249","2,249","0","2","106","156","163","399","565","476","320","60","2"
"전라남도 목포시 하당동(4611075700)","4,362","4,362","1","17","986","741","711","863","617","259","148","19","0","2,443","2,443","1","4","483","455","472","549","339","107","31","2","0","1,919","1,919","0","13","503","286","239","314","278","152","117","17","0"
"전라남도 목포시 신흥동(4611075800)","3,147","3,147","1","7","475","494","516","677","534","262","154","27","0","1,601","1,601","1","3","238","313","329","365","237","79","29","7","0","1,546","1,546","0","4","237","181","187","312","297","183","125","20","0"
"전라남도 목포시 삼향동(4611078000)","1,114","1,114","1","3","71","112","152","234","262","169","86","22","2","578","578","1","3","39","80","101","132","137","67","17","1","0","536","536","0","0","32","32","51","102","125","102","69","21","2"
"전라남도 목포시 옥암동(4611079000)","1,463","1,463","0","1","161","238","251","293","291","137","73","17","1","639","639","0","0","69","118","146","147","101","35","18","5","0","824","824","0","1","92","120","105","146","190","102","55","12","1"
"전라남도 목포시 부흥동(4611080000)","2,129","2,129","0","4","298","313","340","457","404","156","128","29","0","1,002","1,002","0","1","162","187","214","221","142","40","28","7","0","1,127","1,127","0","3","136","126","126","236","262","116","100","22","0"
"전라남도 목포시 부주동(4611081000)","3,601","3,601","0","10","689","645","695","688","540","237","80","15","2","2,005","2,005","0","2","401","429","458","376","244","75","19","1","0","1,596","1,596","0","8","288","216","237","312","296","162","61","14","2"
"전라남도 여수시 (4613000000)","53,852","53,852","15","112","5,337","6,395","6,303","9,683","11,749","8,074","5,294","869","21","28,501","28,501","9","64","3,246","4,504","4,426","6,252","6,070","2,796","1,025","108","1","25,351","25,351","6","48","2,091","1,891","1,877","3,431","5,679","5,278","4,269","761","20"
"전라남도 여수시 돌산읍(4613025000)","753","753","0","0","11","34","60","110","195","166","149","25","3","383","383","0","0","6","27","49","82","130","61","25","3","0","370","370","0","0","5","7","11","28","65","105","124","22","3"
"전라남도 여수시 돌산읍우두출장소(4613025100)","2,007","2,007","0","3","93","171","263","418","462","334","222","41","0","1,087","1,087","0","0","50","124","185","281","252","131","58","6","0","920","920","0","3","43","47","78","137","210","203","164","35","0"
"전라남도 여수시 돌산읍죽포출장소(4613025200)","524","524","0","0","12","18","29","69","126","128","113","29","0","229","229","0","0","7","9","21","48","73","52","17","2","0","295","295","0","0","5","9","8","21","53","76","96","27","0"
"전라남도 여수시 소라면(4613031000)","3,393","3,393","0","8","228","385","426","660","824","462","347","51","2","1,792","1,792","0","5","153","267","293","386","461","156","64","7","0","1,601","1,601","0","3","75","118","133","274","363","306","283","44","2"
"전라남도 여수시 율촌면(4613032000)","1,642","1,642","1","4","47","70","145","323","404","319","267","60","2","829","829","1","2","33","42","103","234","245","116","46","7","0","813","813","0","2","14","28","42","89","159","203","221","53","2"
"전라남도 여수시 화양면(4613033000)","1,761","1,761","0","0","51","88","123","301","467","343","326","61","1","898","898","0","0","35","62","79","209","328","129","51","5","0","863","863","0","0","16","26","44","92","139","214","275","56","1"
"전라남도 여수시 남면(4613034000)","977","977","0","2","21","47","79","186","231","178","196","36","1","509","509","0","2","13","29","60","139","171","65","28","2","0","468","468","0","0","8","18","19","47","60","113","168","34","1"
"전라남도 여수시 화정면(4613035000)","439","439","0","0","2","23","32","67","109","85","103","17","1","225","225","0","0","1","16","26","46","80","40","15","0","1","214","214","0","0","1","7","6","21","29","45","88","17","0"
"전라남도 여수시 화정면개도출장소(4613035600)","265","265","0","0","10","10","15","51","63","51","52","13","0","131","131","0","0","5","6","12","37","43","13","13","2","0","134","134","0","0","5","4","3","14","20","38","39","11","0"
"전라남도 여수시 삼산면(4613036000)","769","769","0","2","38","53","89","156","200","129","83","19","0","471","471","0","2","22","39","72","116","131","61","25","3","0","298","298","0","0","16","14","17","40","69","68","58","16","0"
"전라남도 여수시 동문동(4613051500)","1,240","1,240","0","3","66","103","109","195","304","284","155","21","0","588","588","0","1","36","63","72","129","158","99","28","2","0","652","652","0","2","30","40","37","66","146","185","127","19","0"
"전라남도 여수시 한려동(4613053500)","990","990","3","4","106","124","82","151","198","185","115","22","0","478","478","2","4","50","72","55","105","102","64","20","4","0","512","512","1","0","56","52","27","46","96","121","95","18","0"
"전라남도 여수시 중앙동(4613057000)","1,109","1,109","0","0","32","86","112","187","265","259","153","15","0","510","510","0","0","17","50","82","123","124","85","28","1","0","599","599","0","0","15","36","30","64","141","174","125","14","0"
"전라남도 여수시 충무동(4613060000)","1,138","1,138","1","0","78","80","78","210","260","228","185","17","1","568","568","1","0","34","55","60","157","143","69","47","2","0","570","570","0","0","44","25","18","53","117","159","138","15","1"
"전라남도 여수시 광림동(4613062500)","1,532","1,532","0","2","91","106","169","247","372","316","199","29","1","770","770","0","2","61","71","109","163","200","114","47","3","0","762","762","0","0","30","35","60","84","172","202","152","26","1"
"전라남도 여수시 서강동(4613063500)","1,058","1,058","0","0","100","133","85","135","239","210","133","23","0","492","492","0","0","47","81","54","94","110","72","30","4","0","566","566","0","0","53","52","31","41","129","138","103","19","0"
"전라남도 여수시 대교동(4613065500)","1,492","1,492","1","2","61","109","135","272","390","297","193","32","0","747","747","1","2","37","68","93","204","219","77","45","1","0","745","745","0","0","24","41","42","68","171","220","148","31","0"
"전라남도 여수시 국동(4613067000)","2,132","2,132","0","5","109","167","248","377","553","409","240","23","1","1,001","1,001","0","3","66","117","174","223","232","140","44","2","0","1,131","1,131","0","2","43","50","74","154","321","269","196","21","1"
"전라남도 여수시 월호동(4613068500)","1,001","1,001","0","2","55","90","109","175","242","194","123","11","0","458","458","0","1","31","59","66","110","112","55","22","2","0","543","543","0","1","24","31","43","65","130","139","101","9","0"
"전라남도 여수시 여서동(4613070000)","2,868","2,868","2","4","264","320","323","504","682","435","282","52","0","1,316","1,316","1","3","142","220","218","286","267","118","53","8","0","1,552","1,552","1","1","122","100","105","218","415","317","229","44","0"
"전라남도 여수시 문수동(4613071000)","3,943","3,943","1","5","323","449","516","702","881","677","334","52","3","2,042","2,042","1","2","177","310","354","428","421","273","68","8","0","1,901","1,901","0","3","146","139","162","274","460","404","266","44","3"
"전라남도 여수시 미평동(4613073000)","3,102","3,102","1","29","635","306","342","552","572","404","235","25","1","1,877","1,877","0","18","436","227","271","397","332","145","47","4","0","1,225","1,225","1","11","199","79","71","155","240","259","188","21","1"
"전라남도 여수시 둔덕동(4613074000)","1,351","1,351","0","15","222","177","164","232","277","177","78","9","0","688","688","0","8","117","125","126","125","118","54","14","1","0","663","663","0","7","105","52","38","107","159","123","64","8","0"
"전라남도 여수시 만덕동(4613076500)","1,648","1,648","2","3","195","200","226","255","345","233","159","29","1","850","850","1","1","109","145","159","157","168","81","25","4","0","798","798","1","2","86","55","67","98","177","152","134","25","1"
"전라남도 여수시 쌍봉동(4613078000)","5,053","5,053","0","4","956","955","699","861","858","451","227","41","1","2,905","2,905","0","1","622","695","463","530","395","144","49","6","0","2,148","2,148","0","3","334","260","236","331","463","307","178","35","1"
"전라남도 여수시 시전동(4613079000)","4,602","4,602","2","10","638","1,039","683","845","813","361","180","30","1","2,402","2,402","1","5","352","723","431","442","297","113","33","5","0","2,200","2,200","1","5","286","316","252","403","516","248","147","25","1"
"전라남도 여수시 여천동(4613080000)","5,089","5,089","0","3","714","821","723","1,030","1,042","467","248","41","0","3,112","3,112","0","1","463","640","556","694","542","157","50","9","0","1,977","1,977","0","2","251","181","167","336","500","310","198","32","0"
"전라남도 여수시 주삼동(4613081000)","1,049","1,049","1","1","129","168","160","224","164","117","67","18","0","617","617","0","1","86","115","120","157","84","44","8","2","0","432","432","1","0","43","53","40","67","80","73","59","16","0"
"전라남도 여수시 삼일동(4613082000)","661","661","0","0","44","56","61","133","148","124","77","18","0","393","393","0","0","35","41","49","105","95","53","14","1","0","268","268","0","0","9","15","12","28","53","71","63","17","0"
"전라남도 여수시 묘도동(4613083000)","264","264","0","1","6","7","18","55","63","51","53","9","1","133","133","0","0","3","6","14","45","37","15","11","2","0","131","131","0","1","3","1","4","10","26","36","42","7","1"
"전라남도 순천시 (4615000000)","50,183","50,183","4","91","6,006","6,870","5,642","8,907","10,676","6,287","4,692","987","21","25,081","25,081","0","51","3,234","4,529","3,767","5,164","5,192","2,273","746","125","0","25,102","25,102","4","40","2,772","2,341","1,875","3,743","5,484","4,014","3,946","862","21"
"전라남도 순천시 승주읍(4615025000)","848","848","0","0","15","28","29","148","213","160","214","41","0","391","391","0","0","8","19","21","106","137","68","25","7","0","457","457","0","0","7","9","8","42","76","92","189","34","0"
"전라남도 순천시 해룡면(4615031000)","1,151","1,151","0","1","35","55","75","226","310","190","203","56","0","598","598","0","1","25","41","60","164","201","75","24","7","0","553","553","0","0","10","14","15","62","109","115","179","49","0"
"전라남도 순천시 해룡면상삼출장소(4615031500)","2,857","2,857","0","6","416","597","448","616","456","176","124","18","0","1,388","1,388","0","4","205","380","287","276","172","44","18","2","0","1,469","1,469","0","2","211","217","161","340","284","132","106","16","0"
"전라남도 순천시 해룡면신대출장소(4615031600)","2,461","2,461","0","3","458","800","488","370","228","73","33","8","0","1,491","1,491","0","2","282","570","342","198","79","15","3","0","0","970","970","0","1","176","230","146","172","149","58","30","8","0"
"전라남도 순천시 서면(4615032000)","3,092","3,092","0","2","126","362","343","576","790","513","318","60","2","1,587","1,587","0","2","61","253","225","354","424","212","52","4","0","1,505","1,505","0","0","65","109","118","222","366","301","266","56","2"
"전라남도 순천시 황전면(4615033000)","884","884","0","0","10","14","43","146","207","195","209","59","1","430","430","0","0","5","11","36","111","150","82","23","12","0","454","454","0","0","5","3","7","35","57","113","186","47","1"
"전라남도 순천시 월등면(4615034000)","560","560","0","0","12","13","29","90","148","122","122","23","1","263","263","0","0","8","8","23","70","95","47","11","1","0","297","297","0","0","4","5","6","20","53","75","111","22","1"
"전라남도 순천시 주암면(4615035000)","1,037","1,037","0","0","15","40","49","165","267","203","237","60","1","501","501","0","0","10","32","34","128","166","82","37","12","0","536","536","0","0","5","8","15","37","101","121","200","48","1"
"전라남도 순천시 송광면(4615036000)","500","500","0","0","5","12","17","82","124","102","128","28","2","243","243","0","0","4","10","13","61","88","50","16","1","0","257","257","0","0","1","2","4","21","36","52","112","27","2"
"전라남도 순천시 외서면(4615037000)","313","313","0","0","5","7","10","50","84","60","76","21","0","149","149","0","0","5","6","7","43","53","28","7","0","0","164","164","0","0","0","1","3","7","31","32","69","21","0"
"전라남도 순천시 낙안면(4615038000)","854","854","0","0","12","21","40","133","214","185","203","43","3","374","374","0","0","8","13","27","85","137","63","32","9","0","480","480","0","0","4","8","13","48","77","122","171","34","3"
"전라남도 순천시 별량면(4615039000)","1,446","1,446","0","0","24","46","79","220","391","275","332","78","1","691","691","0","0","16","31","55","159","253","118","50","9","0","755","755","0","0","8","15","24","61","138","157","282","69","1"
"전라남도 순천시 상사면(4615040000)","742","742","0","1","32","28","36","128","207","123","145","41","1","359","359","0","0","21","17","24","80","125","63","26","3","0","383","383","0","1","11","11","12","48","82","60","119","38","1"
"전라남도 순천시 향동(4615051500)","897","897","0","1","51","77","62","127","219","180","150","29","1","396","396","0","0","31","52","37","81","116","66","13","0","0","501","501","0","1","20","25","25","46","103","114","137","29","1"
"전라남도 순천시 매곡동(4615054000)","1,729","1,729","0","10","511","195","150","216","265","203","154","25","0","836","836","0","3","256","117","97","130","132","70","27","4","0","893","893","0","7","255","78","53","86","133","133","127","21","0"
"전라남도 순천시 삼산동(4615055000)","4,805","4,805","1","27","1,041","687","494","710","980","536","271","55","3","2,413","2,413","0","14","634","437","335","352","404","180","52","5","0","2,392","2,392","1","13","407","250","159","358","576","356","219","50","3"
"전라남도 순천시 조곡동(4615056000)","1,236","1,236","0","0","86","156","115","242","323","170","120","23","1","616","616","0","0","53","104","76","158","143","47","31","4","0","620","620","0","0","33","52","39","84","180","123","89","19","1"
"전라남도 순천시 덕연동(4615057000)","6,001","6,001","2","13","743","861","822","1,187","1,339","633","338","62","1","2,940","2,940","0","9","382","560","552","667","513","189","59","9","0","3,061","3,061","2","4","361","301","270","520","826","444","279","53","1"
"전라남도 순천시 풍덕동(4615058000)","1,695","1,695","0","3","147","160","183","266","418","300","189","29","0","787","787","0","2","77","93","128","156","197","90","40","4","0","908","908","0","1","70","67","55","110","221","210","149","25","0"
"전라남도 순천시 남제동(4615059000)","2,063","2,063","0","1","97","151","211","411","565","387","200","39","1","1,044","1,044","0","1","58","99","153","272","277","139","37","8","0","1,019","1,019","0","0","39","52","58","139","288","248","163","31","1"
"전라남도 순천시 저전동(4615060000)","637","637","0","0","36","59","61","97","157","122","90","15","0","306","306","0","0","14","37","45","67","73","46","23","1","0","331","331","0","0","22","22","16","30","84","76","67","14","0"
"전라남도 순천시 장천동(4615061000)","828","828","0","0","60","71","91","185","216","123","64","17","1","481","481","0","0","28","44","70","129","134","55","19","2","0","347","347","0","0","32","27","21","56","82","68","45","15","1"
"전라남도 순천시 중앙동(4615062000)","792","792","0","0","53","81","82","160","188","117","95","16","0","402","402","0","0","29","54","46","109","100","46","17","1","0","390","390","0","0","24","27","36","51","88","71","78","15","0"
"전라남도 순천시 도사동(4615063500)","2,920","2,920","0","2","311","399","375","565","622","342","244","60","0","1,499","1,499","0","0","165","267","260","319","310","135","36","7","0","1,421","1,421","0","2","146","132","115","246","312","207","208","53","0"
"전라남도 순천시 왕조1동(4615066100)","7,391","7,391","0","15","1,322","1,434","951","1,321","1,322","598","356","71","1","3,724","3,724","0","10","649","964","598","673","558","208","54","10","0","3,667","3,667","0","5","673","470","353","648","764","390","302","61","1"
"전라남도 순천시 왕조2동(4615066500)","2,444","2,444","1","6","383","516","359","470","423","199","77","10","0","1,172","1,172","0","3","200","310","216","216","155","55","14","3","0","1,272","1,272","1","3","183","206","143","254","268","144","63","7","0"
"전라남도 나주시 (4617000000)","29,560","29,560","9","52","2,809","3,786","3,249","5,103","6,204","4,089","3,535","702","22","15,442","15,442","5","35","1,473","2,401","2,277","3,355","3,618","1,567","614","89","8","14,118","14,118","4","17","1,336","1,385","972","1,748","2,586","2,522","2,921","613","14"
"전라남도 나주시 남평읍(4617025000)","2,724","2,724","1","6","83","209","350","554","709","398","332","79","3","1,366","1,366","1","4","48","140","232","331","395","162","45","6","2","1,358","1,358","0","2","35","69","118","223","314","236","287","73","1"
"전라남도 나주시 세지면(4617031000)","851","851","0","1","27","32","64","123","212","188","168","34","2","429","429","0","1","21","23","51","90","145","77","16","5","0","422","422","0","0","6","9","13","33","67","111","152","29","2"
"전라남도 나주시 왕곡면(4617032000)","865","865","0","1","28","30","69","152","206","155","184","39","1","463","463","0","1","23","26","53","124","136","66","28","6","0","402","402","0","0","5","4","16","28","70","89","156","33","1"
"전라남도 나주시 반남면(4617033000)","487","487","0","0","10","22","37","86","116","96","97","22","1","251","251","0","0","10","20","29","64","74","32","19","3","0","236","236","0","0","0","2","8","22","42","64","78","19","1"
"전라남도 나주시 공산면(4617034000)","754","754","0","0","26","29","63","117","177","160","155","25","2","386","386","0","0","17","23","48","91","113","67","23","4","0","368","368","0","0","9","6","15","26","64","93","132","21","2"
"전라남도 나주시 동강면(4617035000)","818","818","0","0","18","25","45","139","191","167","189","44","0","378","378","0","0","12","17","35","105","106","64","33","6","0","440","440","0","0","6","8","10","34","85","103","156","38","0"
"전라남도 나주시 다시면(4617036000)","1,223","1,223","0","2","37","48","71","199","330","252","244","38","2","610","610","0","2","23","32","59","145","212","96","38","2","1","613","613","0","0","14","16","12","54","118","156","206","36","1"
"전라남도 나주시 문평면(4617037000)","682","682","0","0","13","29","35","94","194","118","159","39","1","332","332","0","0","11","21","27","64","123","53","26","7","0","350","350","0","0","2","8","8","30","71","65","133","32","1"
"전라남도 나주시 노안면(4617038000)","1,369","1,369","0","0","34","45","95","231","372","267","253","70","2","706","706","0","0","20","33","74","174","237","112","46","9","1","663","663","0","0","14","12","21","57","135","155","207","61","1"
"전라남도 나주시 금천면(4617039000)","1,619","1,619","2","1","109","263","184","285","352","198","192","33","0","915","915","1","1","74","177","125","194","227","81","32","3","0","704","704","1","0","35","86","59","91","125","117","160","30","0"
"전라남도 나주시 산포면(4617040000)","1,057","1,057","0","0","43","58","104","211","268","179","164","28","2","586","586","0","0","29","37","81","159","173","73","29","3","2","471","471","0","0","14","21","23","52","95","106","135","25","0"
"전라남도 나주시 다도면(4617042000)","628","628","0","1","20","25","36","105","181","113","129","18","0","326","326","0","0","14","17","30","76","121","40","26","2","0","302","302","0","1","6","8","6","29","60","73","103","16","0"
"전라남도 나주시 봉황면(4617043000)","1,480","1,480","0","2","34","62","94","260","401","309","269","47","2","807","807","0","1","27","41","76","196","277","128","54","7","0","673","673","0","1","7","21","18","64","124","181","215","40","2"
"전라남도 나주시 송월동(4617051000)","2,214","2,214","0","9","310","348","292","426","408","255","140","25","1","1,173","1,173","0","6","178","231","198","263","198","74","21","4","0","1,041","1,041","0","3","132","117","94","163","210","181","119","21","1"
"전라남도 나주시 영강동(4617052000)","938","938","0","1","66","109","121","180","201","155","87","18","0","475","475","0","1","35","77","79","113","94","53","17","6","0","463","463","0","0","31","32","42","67","107","102","70","12","0"
"전라남도 나주시 금남동(4617054000)","1,376","1,376","1","5","99","83","125","288","323","222","195","35","0","676","676","1","4","47","53","91","181","186","69","37","7","0","700","700","0","1","52","30","34","107","137","153","158","28","0"
"전라남도 나주시 성북동(4617055000)","1,827","1,827","3","7","354","165","168","316","392","236","159","27","0","913","913","0","3","203","99","113","195","188","77","32","3","0","914","914","3","4","151","66","55","121","204","159","127","24","0"
"전라남도 나주시 영산동(4617058000)","1,137","1,137","0","3","29","47","89","203","294","216","204","51","1","570","570","0","3","15","29","67","137","179","91","42","6","1","567","567","0","0","14","18","22","66","115","125","162","45","0"
"전라남도 나주시 이창동(4617060000)","1,215","1,215","1","2","111","118","141","237","279","171","127","27","1","714","714","1","2","64","81","105","169","196","72","24","0","0","501","501","0","0","47","37","36","68","83","99","103","27","1"
"전라남도 나주시 빛가람동(4617062000)","6,296","6,296","1","11","1,358","2,039","1,066","897","598","234","88","3","1","3,366","3,366","1","6","602","1,224","704","484","238","80","26","0","1","2,930","2,930","0","5","756","815","362","413","360","154","62","3","0"
"전라남도 광양시 (4623000000)","29,821","29,821","9","62","3,129","4,391","4,204","6,417","6,045","3,016","2,094","442","12","17,842","17,842","4","31","2,180","3,315","3,091","4,177","3,459","1,176","362","47","0","11,979","11,979","5","31","949","1,076","1,113","2,240","2,586","1,840","1,732","395","12"
"전라남도 광양시 광양읍(4623025000)","9,668","9,668","2","29","779","1,172","1,407","2,117","2,200","1,086","727","145","4","5,471","5,471","1","12","463","816","1,039","1,338","1,227","427","130","18","0","4,197","4,197","1","17","316","356","368","779","973","659","597","127","4"
"전라남도 광양시 봉강면(4623031000)","580","580","0","8","20","28","42","115","147","96","96","28","0","289","289","0","8","12","18","26","88","85","36","13","3","0","291","291","0","0","8","10","16","27","62","60","83","25","0"
"전라남도 광양시 옥룡면(4623032000)","837","837","0","1","25","31","33","150","237","164","154","40","2","409","409","0","0","15","17","19","102","160","66","27","3","0","428","428","0","1","10","14","14","48","77","98","127","37","2"
"전라남도 광양시 옥곡면(4623033000)","968","968","0","0","45","83","80","209","237","148","140","25","1","522","522","0","0","31","61","55","137","143","61","31","3","0","446","446","0","0","14","22","25","72","94","87","109","22","1"
"전라남도 광양시 진상면(4623034000)","884","884","0","0","18","26","47","205","211","160","175","41","1","429","429","0","0","12","10","34","143","138","64","25","3","0","455","455","0","0","6","16","13","62","73","96","150","38","1"
"전라남도 광양시 진월면(4623035000)","754","754","0","0","11","15","47","126","190","167","155","40","3","361","361","0","0","7","7","36","100","124","62","20","5","0","393","393","0","0","4","8","11","26","66","105","135","35","3"
"전라남도 광양시 다압면(4623036000)","556","556","1","0","13","9","31","104","177","104","98","19","0","279","279","0","0","9","5","20","74","112","35","19","5","0","277","277","1","0","4","4","11","30","65","69","79","14","0"
"전라남도 광양시 골약동(4623051500)","1,331","1,331","0","1","170","456","192","175","154","88","73","22","0","903","903","0","0","126","385","133","117","93","36","12","1","0","428","428","0","1","44","71","59","58","61","52","61","21","0"
"전라남도 광양시 중마동(4623053000)","9,434","9,434","5","19","1,340","1,973","1,743","2,129","1,436","516","243","30","0","6,081","6,081","3","8","927","1,510","1,283","1,327","776","196","48","3","0","3,353","3,353","2","11","413","463","460","802","660","320","195","27","0"
"전라남도 광양시 광영동(4623054000)","2,369","2,369","1","3","133","193","338","656","629","268","124","23","1","1,426","1,426","0","2","86","153","259","451","356","97","21","1","0","943","943","1","1","47","40","79","205","273","171","103","22","1"
"전라남도 광양시 금호동(4623055000)","1,924","1,924","0","1","552","374","188","316","298","135","50","10","0","1,367","1,367","0","1","474","305","136","206","166","66","11","2","0","557","557","0","0","78","69","52","110","132","69","39","8","0"
"전라남도 광양시 태인동(4623057000)","516","516","0","0","23","31","56","115","129","84","59","19","0","305","305","0","0","18","28","51","94","79","30","5","0","0","211","211","0","0","5","3","5","21","50","54","54","19","0"
"전라남도 담양군 (4671000000)","12,370","12,370","0","201","654","797","1,087","2,377","2,949","1,949","1,968","378","10","6,184","6,184","0","79","431","489","741","1,536","1,797","755","310","44","2","6,186","6,186","0","122","223","308","346","841","1,152","1,194","1,658","334","8"
"전라남도 담양군 담양읍(4671025000)","3,480","3,480","0","5","249","322","411","700","737","504","463","86","3","1,734","1,734","0","3","143","196","269","416","426","196","77","8","0","1,746","1,746","0","2","106","126","142","284","311","308","386","78","3"
"전라남도 담양군 봉산면(4671031000)","785","785","0","0","23","35","84","153","200","136","124","29","1","414","414","0","0","14","19","65","106","128","49","27","5","1","371","371","0","0","9","16","19","47","72","87","97","24","0"
"전라남도 담양군 고서면(4671032000)","837","837","0","0","24","44","54","158","226","174","124","33","0","420","420","0","0","14","32","39","104","132","75","22","2","0","417","417","0","0","10","12","15","54","94","99","102","31","0"
"전라남도 담양군 가사문학면(4671033500)","429","429","0","1","13","28","29","86","130","66","60","15","1","216","216","0","1","7","12","20","51","82","31","9","3","0","213","213","0","0","6","16","9","35","48","35","51","12","1"
"전라남도 담양군 창평면(4671034000)","1,189","1,189","0","101","43","69","101","193","288","180","177","36","1","607","607","0","30","27","47","77","129","181","74","38","4","0","582","582","0","71","16","22","24","64","107","106","139","32","1"
"전라남도 담양군 대덕면(4671035000)","620","620","0","0","33","31","36","124","184","98","99","15","0","316","316","0","0","19","17","23","80","113","44","20","0","0","304","304","0","0","14","14","13","44","71","54","79","15","0"
"전라남도 담양군 무정면(4671036000)","881","881","0","2","134","42","44","156","190","137","141","34","1","486","486","0","1","126","34","28","105","122","49","18","3","0","395","395","0","1","8","8","16","51","68","88","123","31","1"
"전라남도 담양군 금성면(4671037000)","833","833","0","2","43","47","77","139","203","128","163","30","1","411","411","0","2","25","31","56","92","125","49","23","8","0","422","422","0","0","18","16","21","47","78","79","140","22","1"
"전라남도 담양군 용면(4671038000)","571","571","0","0","16","32","42","125","140","88","112","14","2","269","269","0","0","10","18","23","78","81","40","14","4","1","302","302","0","0","6","14","19","47","59","48","98","10","1"
"전라남도 담양군 월산면(4671039000)","652","652","0","0","16","43","60","129","150","112","117","25","0","324","324","0","0","11","26","36","91","96","43","19","2","0","328","328","0","0","5","17","24","38","54","69","98","23","0"
"전라남도 담양군 수북면(4671040000)","1,023","1,023","0","0","41","62","80","207","255","155","187","36","0","501","501","0","0","25","34","52","149","164","51","22","4","0","522","522","0","0","16","28","28","58","91","104","165","32","0"
"전라남도 담양군 대전면(4671041000)","1,070","1,070","0","90","19","42","69","207","246","171","201","25","0","486","486","0","42","10","23","53","135","147","54","21","1","0","584","584","0","48","9","19","16","72","99","117","180","24","0"
"전라남도 곡성군 (4672000000)","8,865","8,865","1","33","419","550","716","1,569","2,061","1,423","1,645","439","9","4,232","4,232","1","19","237","334","489","1,006","1,286","559","253","48","0","4,633","4,633","0","14","182","216","227","563","775","864","1,392","391","9"
"전라남도 곡성군 곡성읍(4672025000)","2,075","2,075","0","7","115","206","247","399","405","314","302","80","0","955","955","0","3","67","124","153","229","224","106","37","12","0","1,120","1,120","0","4","48","82","94","170","181","208","265","68","0"
"전라남도 곡성군 오곡면(4672031000)","566","566","1","0","11","20","46","88","123","117","135","25","0","250","250","1","0","5","11","36","59","79","36","22","1","0","316","316","0","0","6","9","10","29","44","81","113","24","0"
"전라남도 곡성군 삼기면(4672032000)","606","606","0","0","9","15","30","99","149","122","130","50","2","275","275","0","0","4","9","23","67","94","54","15","9","0","331","331","0","0","5","6","7","32","55","68","115","41","2"
"전라남도 곡성군 석곡면(4672033000)","792","792","0","0","17","29","46","134","200","136","174","54","2","347","347","0","0","8","19","32","84","127","47","25","5","0","445","445","0","0","9","10","14","50","73","89","149","49","2"
"전라남도 곡성군 목사동면(4672034000)","518","518","0","1","11","20","25","85","133","98","122","23","0","261","261","0","0","6","13","20","61","95","48","17","1","0","257","257","0","1","5","7","5","24","38","50","105","22","0"
"전라남도 곡성군 죽곡면(4672035000)","646","646","0","0","20","36","38","99","163","118","140","31","1","300","300","0","0","11","20","23","60","97","60","27","2","0","346","346","0","0","9","16","15","39","66","58","113","29","1"
"전라남도 곡성군 고달면(4672036000)","414","414","0","0","8","22","26","62","115","66","83","32","0","200","200","0","0","4","13","20","47","78","20","14","4","0","214","214","0","0","4","9","6","15","37","46","69","28","0"
"전라남도 곡성군 옥과면(4672037000)","1,261","1,261","0","25","147","100","119","225","274","163","179","27","2","651","651","0","16","86","62","83","137","170","61","33","3","0","610","610","0","9","61","38","36","88","104","102","146","24","2"
"전라남도 곡성군 입면(4672038000)","845","845","0","0","49","46","62","165","201","119","148","54","1","436","436","0","0","31","31","49","126","127","51","15","6","0","409","409","0","0","18","15","13","39","74","68","133","48","1"
"전라남도 곡성군 겸면(4672039000)","632","632","0","0","18","35","44","114","143","93","144","40","1","289","289","0","0","7","21","30","75","93","33","27","3","0","343","343","0","0","11","14","14","39","50","60","117","37","1"
"전라남도 곡성군 오산면(4672040000)","510","510","0","0","14","21","33","99","155","77","88","23","0","268","268","0","0","8","11","20","61","102","43","21","2","0","242","242","0","0","6","10","13","38","53","34","67","21","0"
"전라남도 구례군 (4673000000)","7,013","7,013","1","7","220","333","496","1,362","1,774","1,204","1,345","267","4","3,206","3,206","0","6","126","199","330","841","1,047","448","187","22","0","3,807","3,807","1","1","94","134","166","521","727","756","1,158","245","4"
"전라남도 구례군 구례읍(4673025000)","2,543","2,543","1","6","128","180","243","507","597","426","373","81","1","1,163","1,163","0","5","66","102","150","305","321","154","52","8","0","1,380","1,380","1","1","62","78","93","202","276","272","321","73","1"
"전라남도 구례군 문척면(4673031000)","415","415","0","0","12","17","22","93","129","63","67","11","1","231","231","0","0","8","14","17","57","94","26","14","1","0","184","184","0","0","4","3","5","36","35","37","53","10","1"
"전라남도 구례군 간전면(4673032000)","481","481","0","1","5","17","29","88","134","82","106","19","0","229","229","0","1","4","11","20","58","82","35","18","0","0","252","252","0","0","1","6","9","30","52","47","88","19","0"
"전라남도 구례군 토지면(4673033000)","814","814","0","0","12","20","35","183","242","129","162","31","0","374","374","0","0","6","13","27","99","144","53","27","5","0","440","440","0","0","6","7","8","84","98","76","135","26","0"
"전라남도 구례군 마산면(4673034000)","704","704","0","0","15","26","46","123","179","146","132","37","0","302","302","0","0","9","15","32","80","97","48","17","4","0","402","402","0","0","6","11","14","43","82","98","115","33","0"
"전라남도 구례군 광의면(4673035000)","729","729","0","0","16","26","43","124","157","127","199","36","1","314","314","0","0","13","15","30","84","99","45","25","3","0","415","415","0","0","3","11","13","40","58","82","174","33","1"
"전라남도 구례군 용방면(4673036000)","433","433","0","0","12","17","37","75","85","75","109","22","1","186","186","0","0","7","10","23","48","58","26","14","0","0","247","247","0","0","5","7","14","27","27","49","95","22","1"
"전라남도 구례군 산동면(4673037000)","894","894","0","0","20","30","41","169","251","156","197","30","0","407","407","0","0","13","19","31","110","152","61","20","1","0","487","487","0","0","7","11","10","59","99","95","177","29","0"
"전라남도 고흥군 (4677000000)","19,088","19,088","3","20","562","823","1,262","3,025","4,483","3,924","4,020","931","35","8,696","8,696","1","12","329","548","963","2,090","2,681","1,361","587","121","3","10,392","10,392","2","8","233","275","299","935","1,802","2,563","3,433","810","32"
"전라남도 고흥군 고흥읍(4677025000)","2,761","2,761","0","4","239","308","261","519","588","417","328","91","6","1,285","1,285","0","1","118","188","176","298","295","139","54","15","1","1,476","1,476","0","3","121","120","85","221","293","278","274","76","5"
"전라남도 고흥군 도양읍(4677025300)","2,547","2,547","1","1","92","141","199","485","626","542","381","72","7","1,159","1,159","0","1","54","86","136","313","337","163","63","6","0","1,388","1,388","1","0","38","55","63","172","289","379","318","66","7"
"전라남도 고흥군 도양읍소록출장소(4677025400)","297","297","0","0","4","8","12","7","38","86","109","30","3","162","162","0","0","2","2","9","7","21","52","55","14","0","135","135","0","0","2","6","3","0","17","34","54","16","3"
"전라남도 고흥군 도양읍시산출장소(4677025500)","97","97","0","0","1","4","13","22","17","17","19","4","0","49","49","0","0","1","4","12","17","11","4","0","0","0","48","48","0","0","0","0","1","5","6","13","19","4","0"
"전라남도 고흥군 풍양면(4677031000)","980","980","0","1","15","29","63","126","229","209","242","64","2","452","452","0","0","9","23","50","102","148","75","38","7","0","528","528","0","1","6","6","13","24","81","134","204","57","2"
"전라남도 고흥군 도덕면(4677032000)","932","932","0","1","13","30","42","145","230","208","205","58","0","456","456","0","1","8","27","38","105","161","76","30","10","0","476","476","0","0","5","3","4","40","69","132","175","48","0"
"전라남도 고흥군 금산면(4677033000)","1,367","1,367","0","0","23","32","97","190","317","341","297","70","0","616","616","0","0","18","21","77","147","185","117","37","14","0","751","751","0","0","5","11","20","43","132","224","260","56","0"
"전라남도 고흥군 도화면(4677034000)","1,208","1,208","1","1","17","25","71","186","295","253","287","69","3","557","557","1","0","10","18","61","132","181","98","49","7","0","651","651","0","1","7","7","10","54","114","155","238","62","3"
"전라남도 고흥군 포두면(4677035000)","1,594","1,594","1","3","31","49","107","250","372","324","371","85","1","704","704","0","2","23","37","82","173","226","91","58","12","0","890","890","1","1","8","12","25","77","146","233","313","73","1"
"전라남도 고흥군 봉래면(4677036000)","633","633","0","2","12","15","40","100","161","132","146","23","2","296","296","0","0","9","11","30","78","95","52","18","3","0","337","337","0","2","3","4","10","22","66","80","128","20","2"
"전라남도 고흥군 점암면(4677037000)","997","997","0","3","17","20","44","162","231","216","237","64","3","453","453","0","3","15","15","38","120","152","80","28","2","0","544","544","0","0","2","5","6","42","79","136","209","62","3"
"전라남도 고흥군 과역면(4677038000)","1,064","1,064","0","1","10","28","55","178","251","226","247","66","2","453","453","0","1","7","22","44","125","137","79","28","9","1","611","611","0","0","3","6","11","53","114","147","219","57","1"
"전라남도 고흥군 남양면(4677039000)","777","777","0","0","10","14","35","114","206","187","157","52","2","328","328","0","0","7","11","23","86","126","60","11","4","0","449","449","0","0","3","3","12","28","80","127","146","48","2"
"전라남도 고흥군 동강면(4677040000)","1,018","1,018","0","0","27","41","63","150","246","202","235","53","1","452","452","0","0","18","26","53","97","160","67","22","9","0","566","566","0","0","9","15","10","53","86","135","213","44","1"
"전라남도 고흥군 대서면(4677041000)","844","844","0","2","19","24","50","117","205","155","235","37","0","381","381","0","2","11","15","43","88","128","58","34","2","0","463","463","0","0","8","9","7","29","77","97","201","35","0"
"전라남도 고흥군 두원면(4677042000)","1,067","1,067","0","1","19","22","51","142","237","222","316","55","2","465","465","0","1","9","16","44","106","162","80","41","5","1","602","602","0","0","10","6","7","36","75","142","275","50","1"
"전라남도 고흥군 영남면(4677044000)","444","444","0","0","5","13","26","67","116","84","112","20","1","199","199","0","0","5","11","18","50","70","31","13","1","0","245","245","0","0","0","2","8","17","46","53","99","19","1"
"전라남도 고흥군 동일면(4677045000)","461","461","0","0","8","20","33","65","118","103","96","18","0","229","229","0","0","5","15","29","46","86","39","8","1","0","232","232","0","0","3","5","4","19","32","64","88","17","0"
"전라남도 보성군 (4678000000)","12,209","12,209","3","26","345","504","871","2,073","2,924","2,220","2,594","635","14","5,638","5,638","0","15","199","314","647","1,462","1,731","826","364","78","2","6,571","6,571","3","11","146","190","224","611","1,193","1,394","2,230","557","12"
"전라남도 보성군 보성읍(4678025000)","2,034","2,034","0","5","131","171","210","386","451","330","293","57","0","954","954","0","2","60","105","139","249","233","108","50","8","0","1,080","1,080","0","3","71","66","71","137","218","222","243","49","0"
"전라남도 보성군 벌교읍(4678025300)","3,374","3,374","1","14","90","121","250","560","804","636","709","183","6","1,513","1,513","0","8","57","67","186","384","442","239","107","22","1","1,861","1,861","1","6","33","54","64","176","362","397","602","161","5"
"전라남도 보성군 노동면(4678031000)","465","465","0","0","9","9","32","72","114","79","120","29","1","211","211","0","0","5","7","23","57","71","34","11","3","0","254","254","0","0","4","2","9","15","43","45","109","26","1"
"전라남도 보성군 미력면(4678032000)","507","507","0","0","10","15","37","88","121","93","116","27","0","251","251","0","0","5","10","32","64","83","38","17","2","0","256","256","0","0","5","5","5","24","38","55","99","25","0"
"전라남도 보성군 겸백면(4678033000)","466","466","0","1","5","12","20","82","117","75","123","30","1","230","230","0","1","5","9","17","62","85","25","20","6","0","236","236","0","0","0","3","3","20","32","50","103","24","1"
"전라남도 보성군 율어면(4678034000)","398","398","0","0","7","9","23","86","79","68","110","16","0","194","194","0","0","4","6","19","71","55","26","12","1","0","204","204","0","0","3","3","4","15","24","42","98","15","0"
"전라남도 보성군 복내면(4678035000)","610","610","0","1","20","23","27","92","146","111","153","36","1","285","285","0","1","14","13","19","69","99","47","18","5","0","325","325","0","0","6","10","8","23","47","64","135","31","1"
"전라남도 보성군 문덕면(4678036000)","382","382","0","0","5","9","19","84","108","53","82","22","0","194","194","0","0","4","7","15","63","70","25","7","3","0","188","188","0","0","1","2","4","21","38","28","75","19","0"
"전라남도 보성군 조성면(4678037000)","1,259","1,259","0","0","15","39","81","199","293","253","291","84","4","548","548","0","0","11","28","65","143","167","85","38","10","1","711","711","0","0","4","11","16","56","126","168","253","74","3"
"전라남도 보성군 득량면(4678038000)","928","928","0","2","16","24","59","140","245","171","217","53","1","440","440","0","2","12","19","52","103","156","62","26","8","0","488","488","0","0","4","5","7","37","89","109","191","45","1"
"전라남도 보성군 득량면예당출장소(4678038500)","377","377","0","1","9","18","26","61","85","71","88","18","0","164","164","0","1","3","10","22","38","45","31","13","1","0","213","213","0","0","6","8","4","23","40","40","75","17","0"
"전라남도 보성군 회천면(4678039000)","1,003","1,003","2","2","19","36","65","160","263","212","195","49","0","463","463","0","0","12","19","42","113","159","84","29","5","0","540","540","2","2","7","17","23","47","104","128","166","44","0"
"전라남도 보성군 웅치면(4678040000)","406","406","0","0","9","18","22","63","98","68","97","31","0","191","191","0","0","7","14","16","46","66","22","16","4","0","215","215","0","0","2","4","6","17","32","46","81","27","0"
"전라남도 화순군 (4679000000)","15,770","15,770","2","23","875","1,036","1,257","2,894","3,914","2,707","2,548","503","11","7,579","7,579","1","10","437","630","833","1,826","2,322","1,046","407","66","1","8,191","8,191","1","13","438","406","424","1,068","1,592","1,661","2,141","437","10"
"전라남도 화순군 화순읍(4679025000)","7,717","7,717","2","15","681","726","780","1,530","1,747","1,217","880","133","6","3,583","3,583","1","7","316","437","509","888","851","392","163","19","0","4,134","4,134","1","8","365","289","271","642","896","825","717","114","6"
"전라남도 화순군 화순읍민원출장소(4679025100)","0","0","0","0","0","0","0","0","0","0","0","0","0","0","0","0","0","0","0","0","0","0","0","0","0","0","0","0","0","0","0","0","0","0","0","0","0","0","0"
"전라남도 화순군 한천면(4679031000)","332","332","0","1","7","13","21","65","83","67","69","6","0","166","166","0","1","4","9","14","38","56","34","9","1","0","166","166","0","0","3","4","7","27","27","33","60","5","0"
"전라남도 화순군 한천면영외출장소(4679031500)","167","167","0","0","1","5","12","31","40","36","39","3","0","73","73","0","0","0","5","9","18","24","15","2","0","0","94","94","0","0","1","0","3","13","16","21","37","3","0"
"전라남도 화순군 춘양면(4679032000)","660","660","0","0","18","22","30","99","177","134","142","35","3","325","325","0","0","11","13","24","69","124","57","25","1","1","335","335","0","0","7","9","6","30","53","77","117","34","2"
"전라남도 화순군 청풍면(4679033000)","450","450","0","0","4","11","21","76","117","80","103","38","0","221","221","0","0","2","10","14","56","81","40","14","4","0","229","229","0","0","2","1","7","20","36","40","89","34","0"
"전라남도 화순군 이양면(4679034000)","709","709","0","0","28","30","42","94","172","143","148","51","1","332","332","0","0","17","19","31","66","116","62","17","4","0","377","377","0","0","11","11","11","28","56","81","131","47","1"
"전라남도 화순군 능주면(4679035000)","786","786","0","4","23","32","45","120","208","176","148","30","0","364","364","0","1","12","19","33","81","127","70","20","1","0","422","422","0","3","11","13","12","39","81","106","128","29","0"
"전라남도 화순군 도곡면(4679036000)","887","887","0","1","29","42","66","169","232","145","160","42","1","454","454","0","0","21","28","43","117","151","68","19","7","0","433","433","0","1","8","14","23","52","81","77","141","35","1"
"전라남도 화순군 도암면(4679037000)","543","543","0","1","18","18","27","86","179","83","106","25","0","288","288","0","1","7","10","21","58","132","34","19","6","0","255","255","0","0","11","8","6","28","47","49","87","19","0"
"전라남도 화순군 이서면(4679038000)","359","359","0","0","5","11","19","72","102","68","67","15","0","192","192","0","0","3","7","13","52","69","36","8","4","0","167","167","0","0","2","4","6","20","33","32","59","11","0"
"전라남도 화순군 백아면(4679039500)","656","656","0","1","7","26","25","106","184","127","148","32","0","328","328","0","0","5","17","19","74","128","55","24","6","0","328","328","0","1","2","9","6","32","56","72","124","26","0"
"전라남도 화순군 동복면(4679040000)","600","600","0","0","6","22","40","101","147","102","154","28","0","280","280","0","0","5","16","27","72","104","34","18","4","0","320","320","0","0","1","6","13","29","43","68","136","24","0"
"전라남도 화순군 사평면(4679041500)","747","747","0","0","13","26","46","130","204","138","164","26","0","375","375","0","0","11","16","27","93","137","57","28","6","0","372","372","0","0","2","10","19","37","67","81","136","20","0"
"전라남도 화순군 동면(4679042000)","1,157","1,157","0","0","35","52","83","215","322","191","220","39","0","598","598","0","0","23","24","49","144","222","92","41","3","0","559","559","0","0","12","28","34","71","100","99","179","36","0"
"전라남도 장흥군 (4680000000)","10,647","10,647","1","11","456","637","864","1,872","2,323","1,877","2,095","503","8","4,868","4,868","1","7","270","438","631","1,234","1,291","644","310","39","3","5,779","5,779","0","4","186","199","233","638","1,032","1,233","1,785","464","5"
"전라남도 장흥군 장흥읍(4680025000)","3,658","3,658","1","5","288","394","358","723","751","543","471","122","2","1,691","1,691","1","2","153","254","240","419","367","168","81","6","0","1,967","1,967","0","3","135","140","118","304","384","375","390","116","2"
"전라남도 장흥군 관산읍(4680025300)","1,488","1,488","0","3","31","57","109","216","322","317","347","83","3","635","635","0","2","22","40","76","156","174","105","50","9","1","853","853","0","1","9","17","33","60","148","212","297","74","2"
"전라남도 장흥군 대덕읍(4680025600)","1,061","1,061","0","1","34","54","85","174","230","188","246","48","1","490","490","0","1","23","42","63","135","132","59","30","4","1","571","571","0","0","11","12","22","39","98","129","216","44","0"
"전라남도 장흥군 용산면(4680031000)","736","736","0","0","22","27","59","104","169","117","202","36","0","328","328","0","0","17","17","50","73","110","37","22","2","0","408","408","0","0","5","10","9","31","59","80","180","34","0"
"전라남도 장흥군 안양면(4680032000)","963","963","0","1","17","34","71","179","212","206","186","56","1","468","468","0","1","14","25","55","127","134","85","24","3","0","495","495","0","0","3","9","16","52","78","121","162","53","1"
"전라남도 장흥군 장동면(4680033000)","420","420","0","0","7","13","28","70","100","81","99","22","0","186","186","0","0","3","11","19","51","51","31","17","3","0","234","234","0","0","4","2","9","19","49","50","82","19","0"
"전라남도 장흥군 장평면(4680034000)","753","753","0","0","22","22","48","142","148","128","195","48","0","351","351","0","0","18","18","39","92","95","59","25","5","0","402","402","0","0","4","4","9","50","53","69","170","43","0"
"전라남도 장흥군 유치면(4680035000)","406","406","0","1","5","10","22","87","111","76","77","17","0","196","196","0","1","2","7","20","56","58","36","13","3","0","210","210","0","0","3","3","2","31","53","40","64","14","0"
"전라남도 장흥군 부산면(4680036000)","464","464","0","0","5","6","25","74","105","82","130","36","1","206","206","0","0","2","5","20","55","68","33","21","1","1","258","258","0","0","3","1","5","19","37","49","109","35","0"
"전라남도 장흥군 회진면(4680037000)","698","698","0","0","25","20","59","103","175","139","142","35","0","317","317","0","0","16","19","49","70","102","31","27","3","0","381","381","0","0","9","1","10","33","73","108","115","32","0"
"전라남도 강진군 (4681000000)","9,745","9,745","0","16","512","576","760","1,588","2,275","1,686","1,899","424","9","4,486","4,486","0","11","298","379","545","1,068","1,296","583","262","44","0","5,259","5,259","0","5","214","197","215","520","979","1,103","1,637","380","9"
"전라남도 강진군 강진읍(4681025000)","3,223","3,223","0","4","300","311","321","534","718","483","457","91","4","1,462","1,462","0","3","154","187","215","306","354","167","68","8","0","1,761","1,761","0","1","146","124","106","228","364","316","389","83","4"
"전라남도 강진군 군동면(4681031000)","1,107","1,107","0","7","61","67","89","158","254","205","212","53","1","519","519","0","5","43","42","67","107","165","65","22","3","0","588","588","0","2","18","25","22","51","89","140","190","50","1"
"전라남도 강진군 칠량면(4681032000)","692","692","0","0","15","21","43","115","172","131","168","26","1","321","321","0","0","9","19","35","81","106","45","23","3","0","371","371","0","0","6","2","8","34","66","86","145","23","1"
"전라남도 강진군 대구면(4681033000)","380","380","0","0","9","8","25","63","103","70","86","16","0","169","169","0","0","5","6","22","49","58","20","6","3","0","211","211","0","0","4","2","3","14","45","50","80","13","0"
"전라남도 강진군 도암면(4681034000)","855","855","0","1","22","29","49","131","201","165","200","56","1","404","404","0","1","14","25","36","96","134","66","28","4","0","451","451","0","0","8","4","13","35","67","99","172","52","1"
"전라남도 강진군 신전면(4681035000)","554","554","0","0","9","16","29","96","136","103","136","27","2","257","257","0","0","6","14","21","70","80","35","25","6","0","297","297","0","0","3","2","8","26","56","68","111","21","2"
"전라남도 강진군 성전면(4681036000)","927","927","0","3","43","55","66","164","202","163","192","39","0","448","448","0","1","35","39","50","110","125","64","19","5","0","479","479","0","2","8","16","16","54","77","99","173","34","0"
"전라남도 강진군 작천면(4681037000)","652","652","0","0","21","25","30","106","150","120","157","43","0","304","304","0","0","15","18","26","80","94","43","26","2","0","348","348","0","0","6","7","4","26","56","77","131","41","0"
"전라남도 강진군 병영면(4681038000)","545","545","0","1","11","16","41","83","139","97","125","32","0","228","228","0","1","4","10","32","64","73","29","13","2","0","317","317","0","0","7","6","9","19","66","68","112","30","0"
"전라남도 강진군 옴천면(4681039000)","241","241","0","0","7","6","16","35","48","46","66","17","0","115","115","0","0","5","5","9","27","35","17","13","4","0","126","126","0","0","2","1","7","8","13","29","53","13","0"
"전라남도 강진군 마량면(4681040000)","569","569","0","0","14","22","51","103","152","103","100","24","0","259","259","0","0","8","14","32","78","72","32","19","4","0","310","310","0","0","6","8","19","25","80","71","81","20","0"
"전라남도 해남군 (4682000000)","17,744","17,744","4","19","814","1,103","1,573","3,064","4,146","3,183","3,192","632","14","8,545","8,545","3","8","462","770","1,138","2,075","2,459","1,067","487","74","2","9,199","9,199","1","11","352","333","435","989","1,687","2,116","2,705","558","12"
"전라남도 해남군 해남읍(4682025000)","4,983","4,983","1","10","478","553","569","968","1,116","703","496","87","2","2,363","2,363","1","2","242","347","357","544","545","226","87","11","1","2,620","2,620","0","8","236","206","212","424","571","477","409","76","1"
"전라남도 해남군 삼산면(4682031000)","849","849","0","1","38","45","59","151","200","165","156","34","0","420","420","0","1","20","31","46","106","131","60","22","3","0","429","429","0","0","18","14","13","45","69","105","134","31","0"
"전라남도 해남군 화산면(4682032000)","855","855","0","0","12","39","65","130","210","168","205","26","0","407","407","0","0","9","33","52","103","122","56","30","2","0","448","448","0","0","3","6","13","27","88","112","175","24","0"
"전라남도 해남군 현산면(4682033000)","811","811","0","0","14","17","42","125","211","177","183","40","2","359","359","0","0","9","13","29","87","133","57","29","2","0","452","452","0","0","5","4","13","38","78","120","154","38","2"
"전라남도 해남군 송지면(4682034000)","1,723","1,723","0","2","63","92","167","274","435","296","338","56","0","794","794","0","2","43","64","119","166","247","103","44","6","0","929","929","0","0","20","28","48","108","188","193","294","50","0"
"전라남도 해남군 북평면(4682035000)","772","772","0","2","25","28","46","115","167","157","200","32","0","331","331","0","1","14","15","37","87","100","41","32","4","0","441","441","0","1","11","13","9","28","67","116","168","28","0"
"전라남도 해남군 북일면(4682036000)","615","615","0","0","7","16","24","99","138","132","156","42","1","268","268","0","0","4","14","17","75","99","37","18","4","0","347","347","0","0","3","2","7","24","39","95","138","38","1"
"전라남도 해남군 옥천면(4682037000)","959","959","0","0","34","37","73","169","223","159","214","46","4","480","480","0","0","21","29","53","121","151","64","33","8","0","479","479","0","0","13","8","20","48","72","95","181","38","4"
"전라남도 해남군 계곡면(4682038000)","724","724","1","0","15","18","54","100","159","133","203","40","1","336","336","1","0","9","13","43","75","107","55","27","6","0","388","388","0","0","6","5","11","25","52","78","176","34","1"
"전라남도 해남군 마산면(4682039000)","802","802","0","1","18","35","60","126","184","168","168","38","4","392","392","0","1","12","23","46","101","118","51","32","7","1","410","410","0","0","6","12","14","25","66","117","136","31","3"
"전라남도 해남군 황산면(4682040000)","1,336","1,336","0","1","23","56","102","217","314","306","262","55","0","651","651","0","0","19","51","84","154","191","100","43","9","0","685","685","0","1","4","5","18","63","123","206","219","46","0"
"전라남도 해남군 산이면(4682041000)","1,102","1,102","2","1","25","50","106","172","254","218","217","57","0","569","569","1","0","22","38","91","146","159","76","35","1","0","533","533","1","1","3","12","15","26","95","142","182","56","0"
"전라남도 해남군 문내면(4682042000)","1,045","1,045","0","0","26","49","81","164","271","204","203","47","0","494","494","0","0","15","37","56","113","173","59","35","6","0","551","551","0","0","11","12","25","51","98","145","168","41","0"
"전라남도 해남군 화원면(4682043000)","1,168","1,168","0","1","36","68","125","254","264","197","191","32","0","681","681","0","1","23","62","108","197","183","82","20","5","0","487","487","0","0","13","6","17","57","81","115","171","27","0"
"전라남도 영암군 (4683000000)","15,576","15,576","11","33","1,061","1,176","2,034","3,170","3,377","2,199","2,066","439","10","8,699","8,699","7","20","740","817","1,610","2,266","2,068","816","296","56","3","6,877","6,877","4","13","321","359","424","904","1,309","1,383","1,770","383","7"
"전라남도 영암군 영암읍(4683025000)","1,987","1,987","0","3","155","159","192","361","447","330","269","69","2","959","959","0","1","94","92","135","217","245","120","41","13","1","1,028","1,028","0","2","61","67","57","144","202","210","228","56","1"
"전라남도 영암군 삼호읍(4683025300)","3,718","3,718","11","22","354","394","749","965","716","310","162","34","1","2,377","2,377","7","13","233","242","591","695","429","134","30","3","0","1,341","1,341","4","9","121","152","158","270","287","176","132","31","1"
"전라남도 영암군 삼호읍서부출장소(4683025400)","2,022","2,022","0","3","322","300","480","514","275","70","52","6","0","1,591","1,591","0","3","256","251","426","418","197","32","8","0","0","431","431","0","0","66","49","54","96","78","38","44","6","0"
"전라남도 영암군 덕진면(4683031000)","640","640","0","0","19","32","45","115","140","117","128","42","2","303","303","0","0","10","20","37","86","89","42","13","6","0","337","337","0","0","9","12","8","29","51","75","115","36","2"
"전라남도 영암군 금정면(4683032000)","683","683","0","0","9","17","42","110","189","142","145","28","1","340","340","0","0","5","10","26","71","135","70","19","3","1","343","343","0","0","4","7","16","39","54","72","126","25","0"
"전라남도 영암군 신북면(4683033000)","1,326","1,326","0","1","42","57","113","226","363","270","211","43","0","661","661","0","1","34","36","80","153","223","97","32","5","0","665","665","0","0","8","21","33","73","140","173","179","38","0"
"전라남도 영암군 시종면(4683034000)","1,224","1,224","0","1","44","60","101","198","317","220","233","49","1","625","625","0","0","36","48","86","149","198","78","28","2","0","599","599","0","1","8","12","15","49","119","142","205","47","1"
"전라남도 영암군 도포면(4683035000)","768","768","0","0","24","37","48","136","189","133","172","28","1","393","393","0","0","19","30","35","102","118","49","31","9","0","375","375","0","0","5","7","13","34","71","84","141","19","1"
"전라남도 영암군 군서면(4683036000)","1,034","1,034","0","1","27","47","81","176","250","189","209","53","1","474","474","0","1","16","38","63","128","134","63","23","7","1","560","560","0","0","11","9","18","48","116","126","186","46","0"
"전라남도 영암군 서호면(4683037000)","660","660","0","1","20","23","55","89","151","121","164","35","1","288","288","0","1","13","16","39","60","96","41","20","2","0","372","372","0","0","7","7","16","29","55","80","144","33","1"
"전라남도 영암군 학산면(4683038000)","872","872","0","1","36","30","65","174","183","169","178","36","0","384","384","0","0","18","20","43","111","106","52","30","4","0","488","488","0","1","18","10","22","63","77","117","148","32","0"
"전라남도 영암군 미암면(4683039000)","642","642","0","0","9","20","63","106","157","128","143","16","0","304","304","0","0","6","14","49","76","98","38","21","2","0","338","338","0","0","3","6","14","30","59","90","122","14","0"
"전라남도 무안군 (4684000000)","20,420","20,420","3","46","2,649","2,767","2,353","3,468","3,883","2,644","2,186","410","11","10,633","10,633","2","27","1,455","1,743","1,621","2,206","2,210","977","341","51","0","9,787","9,787","1","19","1,194","1,024","732","1,262","1,673","1,667","1,845","359","11"
"전라남도 무안군 무안읍(4684025000)","2,858","2,858","0","8","327","236","300","565","627","478","264","52","1","1,430","1,430","0","8","225","143","204","344","306","151","44","5","0","1,428","1,428","0","0","102","93","96","221","321","327","220","47","1"
"전라남도 무안군 일로읍(4684025300)","2,538","2,538","2","3","122","408","349","421","508","343","311","69","2","1,311","1,311","2","3","79","272","246","252","283","119","48","7","0","1,227","1,227","0","0","43","136","103","169","225","224","263","62","2"
"전라남도 무안군 삼향읍(4684025600)","1,241","1,241","0","0","69","86","103","247","297","228","179","31","1","671","671","0","0","44","51","79","183","173","110","29","2","0","570","570","0","0","25","35","24","64","124","118","150","29","1"
"전라남도 무안군 삼향읍남악출장소(4684025800)","5,540","5,540","0","18","1,361","1,666","961","789","467","192","75","10","1","2,907","2,907","0","9","639","1,010","599","367","199","65","16","3","0","2,633","2,633","0","9","722","656","362","422","268","127","59","7","1"
"전라남도 무안군 몽탄면(4684032000)","1,050","1,050","0","1","26","36","68","178","263","192","239","47","0","504","504","0","1","16","27","53","125","173","78","25","6","0","546","546","0","0","10","9","15","53","90","114","214","41","0"
"전라남도 무안군 청계면(4684033000)","2,435","2,435","1","14","605","129","197","357","448","331","295","57","1","1,342","1,342","0","5","362","86","152","255","287","130","53","12","0","1,093","1,093","1","9","243","43","45","102","161","201","242","45","1"
"전라남도 무안군 현경면(4684034000)","1,556","1,556","0","0","49","61","126","299","400","300","276","44","1","816","816","0","0","30","42","98","235","244","117","44","6","0","740","740","0","0","19","19","28","64","156","183","232","38","1"
"전라남도 무안군 망운면(4684035000)","657","657","0","0","20","34","60","118","199","121","89","14","2","351","351","0","0","11","24","47","86","128","45","9","1","0","306","306","0","0","9","10","13","32","71","76","80","13","2"
"전라남도 무안군 해제면(4684036000)","1,590","1,590","0","2","39","60","115","296","400","301","312","64","1","790","790","0","1","26","50","87","214","248","103","55","6","0","800","800","0","1","13","10","28","82","152","198","257","58","1"
"전라남도 무안군 운남면(4684037000)","955","955","0","0","31","51","74","198","274","158","146","22","1","511","511","0","0","23","38","56","145","169","59","18","3","0","444","444","0","0","8","13","18","53","105","99","128","19","1"
"전라남도 함평군 (4686000000)","10,330","10,330","2","88","392","558","875","1,902","2,471","1,776","1,850","406","10","5,217","5,217","1","48","242","380","637","1,346","1,546","676","284","57","0","5,113","5,113","1","40","150","178","238","556","925","1,100","1,566","349","10"
"전라남도 함평군 함평읍(4686025000)","2,366","2,366","0","6","137","178","255","464","525","364","363","71","3","1,159","1,159","0","2","84","112","173","306","301","121","50","10","0","1,207","1,207","0","4","53","66","82","158","224","243","313","61","3"
"전라남도 함평군 손불면(4686031000)","1,088","1,088","0","1","27","48","84","183","239","233","231","42","0","549","549","0","0","19","39","73","138","161","77","33","9","0","539","539","0","1","8","9","11","45","78","156","198","33","0"
"전라남도 함평군 신광면(4686032000)","617","617","0","1","15","29","53","97","151","110","132","27","2","318","318","0","0","11","23","44","71","84","48","35","2","0","299","299","0","1","4","6","9","26","67","62","97","25","2"
"전라남도 함평군 학교면(4686033000)","1,288","1,288","1","1","40","45","99","226","310","223","277","64","2","633","633","1","0","21","26","76","178","191","83","44","13","0","655","655","0","1","19","19","23","48","119","140","233","51","2"
"전라남도 함평군 엄다면(4686034000)","672","672","0","0","20","20","48","125","157","117","147","38","0","304","304","0","0","12","15","35","93","94","37","17","1","0","368","368","0","0","8","5","13","32","63","80","130","37","0"
"전라남도 함평군 대동면(4686035000)","1,108","1,108","1","76","45","66","59","204","253","182","185","36","1","593","593","0","45","30","47","40","148","166","77","34","6","0","515","515","1","31","15","19","19","56","87","105","151","30","1"
"전라남도 함평군 나산면(4686036000)","962","962","0","0","25","50","78","152","258","183","161","54","1","482","482","0","0","15","39","51","105","168","80","22","2","0","480","480","0","0","10","11","27","47","90","103","139","52","1"
"전라남도 함평군 해보면(4686037000)","954","954","0","3","47","55","78","197","260","144","129","41","0","500","500","0","1","26","29","51","135","172","63","17","6","0","454","454","0","2","21","26","27","62","88","81","112","35","0"
"전라남도 함평군 월야면(4686038000)","1,275","1,275","0","0","36","67","121","254","318","220","225","33","1","679","679","0","0","24","50","94","172","209","90","32","8","0","596","596","0","0","12","17","27","82","109","130","193","25","1"
"전라남도 영광군 (4687000000)","14,489","14,489","2","27","952","1,105","1,497","2,714","3,134","2,495","2,156","388","19","7,240","7,240","2","12","574","741","1,038","1,824","1,805","864","326","52","2","7,249","7,249","0","15","378","364","459","890","1,329","1,631","1,830","336","17"
"전라남도 영광군 영광읍(4687025000)","4,906","4,906","1","8","456","514","614","996","1,060","732","440","82","3","2,402","2,402","1","4","244","315","382","579","525","246","93","13","0","2,504","2,504","0","4","212","199","232","417","535","486","347","69","3"
"전라남도 영광군 백수읍(4687025300)","1,471","1,471","0","2","42","59","122","261","307","304","306","64","4","656","656","0","1","30","39","90","187","180","80","40","8","1","815","815","0","1","12","20","32","74","127","224","266","56","3"
"전라남도 영광군 홍농읍(4687025600)","1,911","1,911","1","8","242","238","221","349","372","248","208","22","2","1,092","1,092","1","1","164","183","170","241","214","86","29","3","0","819","819","0","7","78","55","51","108","158","162","179","19","2"
"전라남도 영광군 대마면(4687031000)","600","600","0","2","32","45","51","110","135","111","91","22","1","324","324","0","2","25","33","39","85","89","38","11","2","0","276","276","0","0","7","12","12","25","46","73","80","20","1"
"전라남도 영광군 묘량면(4687032000)","550","550","0","0","16","32","37","95","122","99","123","25","1","280","280","0","0","6","20","21","68","85","50","24","6","0","270","270","0","0","10","12","16","27","37","49","99","19","1"
"전라남도 영광군 불갑면(4687033000)","460","460","0","4","18","21","32","88","110","95","75","16","1","248","248","0","4","10","12","22","60","79","42","16","3","0","212","212","0","0","8","9","10","28","31","53","59","13","1"
"전라남도 영광군 군서면(4687034000)","674","674","0","0","16","33","51","134","133","124","161","21","1","337","337","0","0","12","26","36","108","92","36","26","1","0","337","337","0","0","4","7","15","26","41","88","135","20","1"
"전라남도 영광군 군남면(4687035000)","782","782","0","0","21","22","50","110","178","145","203","53","0","333","333","0","0","14","13","36","78","111","46","28","7","0","449","449","0","0","7","9","14","32","67","99","175","46","0"
"전라남도 영광군 염산면(4687036000)","1,389","1,389","0","1","30","47","115","249","348","305","256","36","2","669","669","0","0","18","34","92","181","205","108","26","5","0","720","720","0","1","12","13","23","68","143","197","230","31","2"
"전라남도 영광군 법성면(4687037000)","1,438","1,438","0","2","64","77","153","249","282","286","279","42","4","679","679","0","0","38","49","107","176","167","106","31","4","1","759","759","0","2","26","28","46","73","115","180","248","38","3"
"전라남도 영광군 낙월면(4687038000)","217","217","0","0","12","14","34","60","55","30","8","4","0","156","156","0","0","11","14","27","51","34","17","2","0","0","61","61","0","0","1","0","7","9","21","13","6","4","0"
"전라남도 영광군 낙월면안마출장소(4687038500)","91","91","0","0","3","3","17","13","32","16","6","1","0","64","64","0","0","2","3","16","10","24","9","0","0","0","27","27","0","0","1","0","1","3","8","7","6","1","0"
"전라남도 장성군 (4688000000)","12,207","12,207","0","11","794","894","1,144","2,359","2,827","1,903","1,890","375","10","6,508","6,508","0","3","533","622","788","1,632","1,782","764","334","49","1","5,699","5,699","0","8","261","272","356","727","1,045","1,139","1,556","326","9"
"전라남도 장성군 장성읍(4688025000)","3,331","3,331","0","6","158","242","358","680","720","569","501","96","1","1,598","1,598","0","1","78","145","221","463","411","186","82","11","0","1,733","1,733","0","5","80","97","137","217","309","383","419","85","1"
"전라남도 장성군 진원면(4688031000)","846","846","0","0","54","36","79","157","223","124","145","27","1","435","435","0","0","31","24","49","98","146","55","30","2","0","411","411","0","0","23","12","30","59","77","69","115","25","1"
"전라남도 장성군 남면(4688032000)","1,381","1,381","0","1","127","158","153","277","314","180","135","35","1","854","854","0","1","90","114","116","193","214","98","25","3","0","527","527","0","0","37","44","37","84","100","82","110","32","1"
"전라남도 장성군 동화면(4688033000)","641","641","0","2","25","37","53","135","165","90","113","20","1","361","361","0","0","18","27","42","103","107","44","16","3","1","280","280","0","2","7","10","11","32","58","46","97","17","0"
"전라남도 장성군 삼서면(4688034000)","944","944","0","0","74","48","84","180","230","132","163","30","3","528","528","0","0","60","36","61","130","149","59","25","8","0","416","416","0","0","14","12","23","50","81","73","138","22","3"
"전라남도 장성군 삼계면(4688035000)","1,375","1,375","0","1","234","173","132","227","262","143","181","20","2","819","819","0","1","185","133","94","157","164","56","24","5","0","556","556","0","0","49","40","38","70","98","87","157","15","2"
"전라남도 장성군 황룡면(4688036000)","1,186","1,186","0","0","45","81","99","262","291","217","162","29","0","647","647","0","0","26","58","75","189","179","88","29","3","0","539","539","0","0","19","23","24","73","112","129","133","26","0"
"전라남도 장성군 서삼면(4688037000)","470","470","0","0","26","28","41","90","109","79","79","18","0","257","257","0","0","17","21","31","65","74","29","17","3","0","213","213","0","0","9","7","10","25","35","50","62","15","0"
"전라남도 장성군 북일면(4688038000)","500","500","0","0","18","24","39","79","136","95","89","19","1","267","267","0","0","10","20","29","59","88","41","17","3","0","233","233","0","0","8","4","10","20","48","54","72","16","1"
"전라남도 장성군 북이면(4688039000)","811","811","0","1","21","34","54","132","189","153","182","45","0","385","385","0","0","11","26","37","91","122","58","34","6","0","426","426","0","1","10","8","17","41","67","95","148","39","0"
"전라남도 장성군 북하면(4688040000)","722","722","0","0","12","33","52","140","188","121","140","36","0","357","357","0","0","7","18","33","84","128","50","35","2","0","365","365","0","0","5","15","19","56","60","71","105","34","0"
"전라남도 완도군 (4689000000)","13,146","13,146","2","18","647","747","1,374","2,339","2,837","2,247","2,448","476","11","6,316","6,316","2","5","355","515","1,029","1,624","1,590","764","366","64","2","6,830","6,830","0","13","292","232","345","715","1,247","1,483","2,082","412","9"
"전라남도 완도군 완도읍(4689025000)","4,312","4,312","1","9","297","338","490","917","992","716","478","70","4","2,129","2,129","1","3","177","212","338","575","486","253","75","8","1","2,183","2,183","0","6","120","126","152","342","506","463","403","62","3"
"전라남도 완도군 금일읍(4689025300)","1,131","1,131","0","0","54","68","132","194","218","202","231","31","1","557","557","0","0","22","55","106","142","126","70","32","4","0","574","574","0","0","32","13","26","52","92","132","199","27","1"
"전라남도 완도군 노화읍(4689025600)","1,098","1,098","1","2","56","55","141","178","209","171","222","63","0","516","516","1","0","29","38","105","130","121","55","34","3","0","582","582","0","2","27","17","36","48","88","116","188","60","0"
"전라남도 완도군 노화읍넙도출장소(4689029000)","207","207","0","0","9","12","38","40","35","40","29","4","0","118","118","0","0","5","9","36","31","18","13","5","1","0","89","89","0","0","4","3","2","9","17","27","24","3","0"
"전라남도 완도군 군외면(4689031000)","1,033","1,033","0","0","36","42","92","158","260","190","215","38","2","488","488","0","0","9","28","68","106","152","79","38","8","0","545","545","0","0","27","14","24","52","108","111","177","30","2"
"전라남도 완도군 신지면(4689032000)","984","984","0","2","22","33","85","182","235","190","188","46","1","473","473","0","0","15","20","57","134","150","57","29","10","1","511","511","0","2","7","13","28","48","85","133","159","36","0"
"전라남도 완도군 고금면(4689033000)","1,192","1,192","0","0","30","50","91","175","235","221","324","65","1","522","522","0","0","19","38","70","122","146","76","43","8","0","670","670","0","0","11","12","21","53","89","145","281","57","1"
"전라남도 완도군 약산면(4689034000)","712","712","0","2","23","31","55","105","179","117","172","28","0","340","340","0","2","16","24","42","76","112","38","25","5","0","372","372","0","0","7","7","13","29","67","79","147","23","0"
"전라남도 완도군 청산면(4689035000)","635","635","0","0","30","27","52","100","133","106","153","33","1","304","304","0","0","18","19","38","83","79","39","23","5","0","331","331","0","0","12","8","14","17","54","67","130","28","1"
"전라남도 완도군 청산면모도출장소(4689035500)","79","79","0","0","3","3","3","11","18","19","19","3","0","47","47","0","0","2","3","3","8","15","12","3","1","0","32","32","0","0","1","0","0","3","3","7","16","2","0"
"전라남도 완도군 소안면(4689036000)","634","634","0","0","27","23","83","90","101","120","150","40","0","279","279","0","0","17","19","69","69","54","23","20","8","0","355","355","0","0","10","4","14","21","47","97","130","32","0"
"전라남도 완도군 금당면(4689037000)","292","292","0","1","13","20","20","49","53","41","79","15","1","141","141","0","0","6","17","16","42","34","12","13","1","0","151","151","0","1","7","3","4","7","19","29","66","14","1"
"전라남도 완도군 보길면(4689038000)","545","545","0","0","33","30","59","92","104","65","133","29","0","245","245","0","0","11","20","52","73","56","20","12","1","0","300","300","0","0","22","10","7","19","48","45","121","28","0"
"전라남도 완도군 생일면(4689039000)","292","292","0","2","14","15","33","48","65","49","55","11","0","157","157","0","0","9","13","29","33","41","17","14","1","0","135","135","0","2","5","2","4","15","24","32","41","10","0"
"전라남도 진도군 (4690000000)","9,146","9,146","1","30","460","576","867","1,626","1,960","1,563","1,718","336","9","4,399","4,399","0","10","264","372","671","1,120","1,125","535","272","29","1","4,747","4,747","1","20","196","204","196","506","835","1,028","1,446","307","8"
"전라남도 진도군 진도읍(4690025000)","2,640","2,640","0","4","246","284","317","462","543","388","333","61","2","1,272","1,272","0","0","129","171","230","279","262","136","60","4","1","1,368","1,368","0","4","117","113","87","183","281","252","273","57","1"
"전라남도 진도군 군내면(4690031000)","907","907","0","0","30","46","75","159","208","174","186","28","1","451","451","0","0","16","29","64","116","129","64","29","4","0","456","456","0","0","14","17","11","43","79","110","157","24","1"
"전라남도 진도군 고군면(4690032000)","1,024","1,024","0","0","36","50","111","179","226","177","198","44","3","451","451","0","0","18","31","85","117","121","45","31","3","0","573","573","0","0","18","19","26","62","105","132","167","41","3"
"전라남도 진도군 의신면(4690033000)","1,264","1,264","0","3","34","66","110","222","292","225","248","63","1","620","620","0","2","25","46","92","156","163","84","48","4","0","644","644","0","1","9","20","18","66","129","141","200","59","1"
"전라남도 진도군 임회면(4690034000)","1,132","1,132","1","20","35","52","78","195","256","188","243","64","0","531","531","0","8","23","35","63","145","159","58","31","9","0","601","601","1","12","12","17","15","50","97","130","212","55","0"
"전라남도 진도군 지산면(4690035000)","1,110","1,110","0","0","35","31","75","200","225","221","280","42","1","502","502","0","0","27","22","55","143","147","70","36","2","0","608","608","0","0","8","9","20","57","78","151","244","40","1"
"전라남도 진도군 조도면(4690036000)","855","855","0","3","36","39","81","153","170","151","194","27","1","456","456","0","0","21","30","67","124","115","64","33","2","0","399","399","0","3","15","9","14","29","55","87","161","25","1"
"전라남도 진도군 조도면가사출장소(4690036500)","110","110","0","0","6","2","12","18","24","19","24","5","0","60","60","0","0","3","2","11","14","15","11","3","1","0","50","50","0","0","3","0","1","4","9","8","21","4","0"
"전라남도 진도군 조도면거차출장소(4690036600)","104","104","0","0","2","6","8","38","16","20","12","2","0","56","56","0","0","2","6","4","26","14","3","1","0","0","48","48","0","0","0","0","4","12","2","17","11","2","0"
"전라남도 신안군 (4691000000)","12,242","12,242","0","53","477","672","1,280","2,500","2,932","1,942","2,010","365","11","6,860","6,860","0","30","306","509","1,035","1,845","1,958","797","342","37","1","5,382","5,382","0","23","171","163","245","655","974","1,145","1,668","328","10"
"전라남도 신안군 지도읍(4691025000)","1,467","1,467","0","1","62","87","157","272","350","250","246","41","1","786","786","0","1","37","65","120","189","222","101","46","4","1","681","681","0","0","25","22","37","83","128","149","200","37","0"
"전라남도 신안군 지도읍선도출장소(4691025100)","92","92","0","0","2","2","0","22","21","17","24","4","0","47","47","0","0","2","2","0","16","18","6","3","0","0","45","45","0","0","0","0","0","6","3","11","21","4","0"
"전라남도 신안군 압해읍(4691025300)","1,250","1,250","0","2","39","62","123","241","365","201","183","33","1","697","697","0","2","22","49","95","170","230","91","36","2","0","553","553","0","0","17","13","28","71","135","110","147","31","1"
"전라남도 신안군 압해읍매화출장소(4691025400)","110","110","0","0","0","4","12","20","27","22","22","3","0","60","60","0","0","0","4","11","13","24","5","3","0","0","50","50","0","0","0","0","1","7","3","17","19","3","0"
"전라남도 신안군 압해읍고이도출장소(4691025500)","72","72","0","0","0","2","5","11","23","15","12","4","0","39","39","0","0","0","1","4","9","14","7","3","1","0","33","33","0","0","0","1","1","2","9","8","9","3","0"
"전라남도 신안군 증도면(4691031000)","543","543","0","0","20","30","64","123","114","80","96","15","1","319","319","0","0","15","22","57","103","72","34","16","0","0","224","224","0","0","5","8","7","20","42","46","80","15","1"
"전라남도 신안군 증도면병풍출장소(4691031500)","112","112","0","0","1","4","11","30","24","22","18","2","0","73","73","0","0","1","4","11","26","19","7","5","0","0","39","39","0","0","0","0","0","4","5","15","13","2","0"
"전라남도 신안군 임자면(4691032000)","941","941","0","0","26","47","124","210","213","141","161","17","2","522","522","0","0","15","32","105","154","147","43","25","1","0","419","419","0","0","11","15","19","56","66","98","136","16","2"
"전라남도 신안군 자은면(4691033000)","646","646","0","0","18","16","53","130","187","109","117","16","0","352","352","0","0","11","11","43","94","117","50","23","3","0","294","294","0","0","7","5","10","36","70","59","94","13","0"
"전라남도 신안군 비금면(4691034000)","963","963","0","1","31","44","93","207","220","177","157","32","1","513","513","0","1","17","30","81","144","143","69","26","2","0","450","450","0","0","14","14","12","63","77","108","131","30","1"
"전라남도 신안군 도초면(4691035000)","792","792","0","43","50","50","74","144","154","108","138","31","0","416","416","0","23","34","39","52","103","99","43","18","5","0","376","376","0","20","16","11","22","41","55","65","120","26","0"
"전라남도 신안군 도초면우이도출장소(4691035500)","95","95","0","0","2","2","4","28","31","15","8","5","0","60","60","0","0","2","1","3","23","22","8","1","0","0","35","35","0","0","0","1","1","5","9","7","7","5","0"
"전라남도 신안군 흑산면(4691036000)","948","948","0","0","55","79","117","227","206","119","114","27","4","602","602","0","0","37","68","100","174","152","54","15","2","0","346","346","0","0","18","11","17","53","54","65","99","25","4"
"전라남도 신안군 흑산면가거도출장소(4691036500)","226","226","0","0","11","25","43","67","40","23","17","0","0","162","162","0","0","10","21","39","54","26","10","2","0","0","64","64","0","0","1","4","4","13","14","13","15","0","0"
"전라남도 신안군 흑산면태도출장소(4691036600)","91","91","0","0","1","3","12","21","24","14","14","2","0","50","50","0","0","0","2","10","15","16","6","0","1","0","41","41","0","0","1","1","2","6","8","8","14","1","0"
"전라남도 신안군 흑산면홍도출장소(4691036700)","163","163","0","0","10","17","24","49","31","15","13","4","0","107","107","0","0","8","13","20","39","23","4","0","0","0","56","56","0","0","2","4","4","10","8","11","13","4","0"
"전라남도 신안군 흑산면대둔도출장소(4691036800)","122","122","0","1","3","5","22","33","30","11","13","3","1","90","90","0","1","3","5","21","28","22","5","5","0","0","32","32","0","0","0","0","1","5","8","6","8","3","1"
"전라남도 신안군 하의면(4691037000)","599","599","0","1","31","38","60","119","140","103","91","16","0","333","333","0","0","16","29","45","83","102","42","13","3","0","266","266","0","1","15","9","15","36","38","61","78","13","0"
"전라남도 신안군 신의면(4691038000)","413","413","0","1","20","29","51","89","90","53","69","11","0","247","247","0","1","15","20","40","72","70","19","9","1","0","166","166","0","0","5","9","11","17","20","34","60","10","0"
"전라남도 신안군 장산면(4691039000)","611","611","0","0","28","39","62","115","149","89","107","22","0","354","354","0","0","20","30","49","94","96","41","22","2","0","257","257","0","0","8","9","13","21","53","48","85","20","0"
"전라남도 신안군 안좌면(4691040000)","998","998","0","3","41","52","92","176","243","179","176","36","0","512","512","0","1","25","35","65","121","150","79","31","5","0","486","486","0","2","16","17","27","55","93","100","145","31","0"
"전라남도 신안군 안좌면자라출장소(4691040500)","101","101","0","0","4","6","10","21","26","18","11","5","0","52","52","0","0","0","2","9","14","13","11","2","1","0","49","49","0","0","4","4","1","7","13","7","9","4","0"
"전라남도 신안군 팔금면(4691041000)","330","330","0","0","10","8","23","49","82","64","78","16","0","162","162","0","0","7","8","18","36","55","22","15","1","0","168","168","0","0","3","0","5","13","27","42","63","15","0"
"전라남도 신안군 암태면(4691042000)","557","557","0","0","12","21","44","96","142","97","125","20","0","305","305","0","0","9","16","37","71","106","40","23","3","0","252","252","0","0","3","5","7","25","36","57","102","17","0"
"경상북도  (4700000000)","599,926","599,926","136","4,703","64,420","66,641","65,530","104,695","130,827","83,679","66,061","12,954","280","310,180","310,180","75","2,830","38,786","46,194","44,949","64,068","69,026","30,420","12,001","1,803","28","289,746","289,746","61","1,873","25,634","20,447","20,581","40,627","61,801","53,259","54,060","11,151","252"
"경상북도 포항시 (4711000000)","98,287","98,287","31","202","11,712","12,496","11,552","17,284","21,953","13,689","8,070","1,271","27","51,995","51,995","13","114","7,825","9,053","7,818","10,174","10,431","4,817","1,567","181","2","46,292","46,292","18","88","3,887","3,443","3,734","7,110","11,522","8,872","6,503","1,090","25"
"경상북도 포항시 남구 (4711100000)","48,836","48,836","11","129","6,510","6,118","5,973","8,868","10,536","6,537","3,623","520","11","27,714","27,714","4","70","4,621","4,583","4,250","5,625","5,356","2,383","760","62","0","21,122","21,122","7","59","1,889","1,535","1,723","3,243","5,180","4,154","2,863","458","11"
"경상북도 포항시 남구 구룡포읍(4711125000)","2,680","2,680","0","2","41","88","231","485","741","578","451","62","1","1,289","1,289","0","1","26","57","157","328","436","201","76","7","0","1,391","1,391","0","1","15","31","74","157","305","377","375","55","1"
"경상북도 포항시 남구 연일읍(4711125300)","3,854","3,854","3","7","365","346","417","781","974","598","318","45","0","1,981","1,981","1","3","252","239","284","454","455","219","69","5","0","1,873","1,873","2","4","113","107","133","327","519","379","249","40","0"
"경상북도 포항시 남구 오천읍(4711125600)","12,627","12,627","4","20","2,256","2,162","2,120","2,360","2,114","995","509","85","2","8,276","8,276","0","12","1,785","1,706","1,605","1,587","1,108","358","105","10","0","4,351","4,351","4","8","471","456","515","773","1,006","637","404","75","2"
"경상북도 포항시 남구 대송면(4711131000)","992","992","0","0","17","42","70","190","302","225","119","27","0","533","533","0","0","11","35","52","131","190","90","22","2","0","459","459","0","0","6","7","18","59","112","135","97","25","0"
"경상북도 포항시 남구 동해면(4711132000)","2,185","2,185","1","4","132","167","200","369","575","404","293","39","1","1,118","1,118","0","2","84","122","144","236","315","148","62","5","0","1,067","1,067","1","2","48","45","56","133","260","256","231","34","1"
"경상북도 포항시 남구 장기면(4711133000)","1,341","1,341","0","0","12","42","65","231","343","271","308","67","2","615","615","0","0","9","25","44","144","208","112","62","11","0","726","726","0","0","3","17","21","87","135","159","246","56","2"
"경상북도 포항시 남구 호미곶면(4711135000)","658","658","0","1","13","15","56","105","145","148","143","32","0","278","278","0","0","7","9","39","73","88","40","19","3","0","380","380","0","1","6","6","17","32","57","108","124","29","0"
"경상북도 포항시 남구 상대동(4711152500)","7,489","7,489","1","9","1,177","1,076","944","1,418","1,541","928","353","40","2","4,196","4,196","1","5","748","778","651","873","720","334","82","4","0","3,293","3,293","0","4","429","298","293","545","821","594","271","36","2"
"경상북도 포항시 남구 해도동(4711154500)","5,755","5,755","0","4","422","476","657","1,165","1,610","962","406","51","2","3,091","3,091","0","1","283","350","454","728","796","361","110","8","0","2,664","2,664","0","3","139","126","203","437","814","601","296","43","2"
"경상북도 포항시 남구 송도동(4711155000)","3,216","3,216","0","2","106","167","274","589","963","689","387","38","1","1,494","1,494","0","1","64","116","181","376","452","233","69","2","0","1,722","1,722","0","1","42","51","93","213","511","456","318","36","1"
"경상북도 포항시 남구 청림동(4711156000)","1,707","1,707","0","1","320","247","142","238","350","254","144","11","0","1,082","1,082","0","1","253","205","113","165","207","98","38","2","0","625","625","0","0","67","42","29","73","143","156","106","9","0"
"경상북도 포항시 남구 제철동(4711157000)","558","558","0","0","89","95","50","89","123","68","38","6","0","359","359","0","0","74","83","41","61","66","24","9","1","0","199","199","0","0","15","12","9","28","57","44","29","5","0"
"경상북도 포항시 남구 효곡동(4711158000)","2,393","2,393","2","73","815","428","228","277","311","193","63","3","0","1,391","1,391","2","42","552","309","134","142","122","77","11","0","0","1,002","1,002","0","31","263","119","94","135","189","116","52","3","0"
"경상북도 포항시 남구 대이동(4711159000)","3,381","3,381","0","6","745","767","519","571","444","224","91","14","0","2,011","2,011","0","2","473","549","351","327","193","88","26","2","0","1,370","1,370","0","4","272","218","168","244","251","136","65","12","0"
"경상북도 포항시 북구 (4711300000)","49,451","49,451","20","73","5,202","6,378","5,579","8,416","11,417","7,152","4,447","751","16","24,281","24,281","9","44","3,204","4,470","3,568","4,549","5,075","2,434","807","119","2","25,170","25,170","11","29","1,998","1,908","2,011","3,867","6,342","4,718","3,640","632","14"
"경상북도 포항시 북구 흥해읍(4711325000)","8,652","8,652","5","21","799","1,424","1,090","1,477","1,852","1,063","766","152","3","4,426","4,426","2","9","510","1,037","690","793","858","386","117","24","0","4,226","4,226","3","12","289","387","400","684","994","677","649","128","3"
"경상북도 포항시 북구 신광면(4711331000)","854","854","1","0","10","21","40","112","252","174","185","58","1","420","420","1","0","7","13","29","87","163","80","34","6","0","434","434","0","0","3","8","11","25","89","94","151","52","1"
"경상북도 포항시 북구 청하면(4711332000)","1,477","1,477","0","1","30","52","107","264","395","281","295","52","0","664","664","0","1","16","34","66","166","240","94","42","5","0","813","813","0","0","14","18","41","98","155","187","253","47","0"
"경상북도 포항시 북구 송라면(4711333000)","961","961","0","0","26","37","58","151","250","185","216","38","0","439","439","0","0","14","29","45","99","138","75","36","3","0","522","522","0","0","12","8","13","52","112","110","180","35","0"
"경상북도 포항시 북구 기계면(4711334000)","1,357","1,357","0","0","12","43","73","193","399","275","292","68","2","592","592","0","0","8","30","50","114","226","108","46","10","0","765","765","0","0","4","13","23","79","173","167","246","58","2"
"경상북도 포항시 북구 죽장면(4711335000)","813","813","0","0","5","20","22","133","286","162","153","30","2","411","411","0","0","5","14","15","96","175","75","27","4","0","402","402","0","0","0","6","7","37","111","87","126","26","2"
"경상북도 포항시 북구 죽장면상옥출장소(4711335500)","201","201","0","0","3","5","8","39","66","41","33","6","0","109","109","0","0","2","4","7","29","36","24","6","1","0","92","92","0","0","1","1","1","10","30","17","27","5","0"
"경상북도 포항시 북구 기북면(4711336000)","411","411","0","0","3","6","18","63","117","86","90","26","2","198","198","0","0","2","4","13","43","74","39","15","8","0","213","213","0","0","1","2","5","20","43","47","75","18","2"
"경상북도 포항시 북구 중앙동(4711352000)","4,698","4,698","1","4","424","520","483","761","1,119","850","474","61","1","2,309","2,309","0","2","212","346","317","468","551","305","103","5","0","2,389","2,389","1","2","212","174","166","293","568","545","371","56","1"
"경상북도 포항시 북구 양학동(4711363000)","2,306","2,306","1","2","184","319","281","427","554","343","171","23","1","988","988","1","1","103","207","162","173","197","106","34","4","0","1,318","1,318","0","1","81","112","119","254","357","237","137","19","1"
"경상북도 포항시 북구 죽도동(4711365500)","6,691","6,691","2","10","882","894","845","1,084","1,471","962","479","60","2","3,389","3,389","2","7","521","610","526","636","654","306","110","15","2","3,302","3,302","0","3","361","284","319","448","817","656","369","45","0"
"경상북도 포항시 북구 용흥동(4711366500)","3,025","3,025","0","3","129","274","349","540","814","572","305","39","0","1,272","1,272","0","2","81","183","202","279","310","152","52","11","0","1,753","1,753","0","1","48","91","147","261","504","420","253","28","0"
"경상북도 포항시 북구 우창동(4711368000)","4,813","4,813","0","4","337","592","485","862","1,308","761","404","60","0","1,997","1,997","0","3","180","371","288","379","476","219","76","5","0","2,816","2,816","0","1","157","221","197","483","832","542","328","55","0"
"경상북도 포항시 북구 두호동(4711369000)","2,413","2,413","0","3","163","289","272","466","624","401","183","12","0","1,031","1,031","0","1","91","210","169","210","196","118","31","5","0","1,382","1,382","0","2","72","79","103","256","428","283","152","7","0"
"경상북도 포항시 북구 장량동(4711370000)","9,526","9,526","8","20","2,107","1,731","1,291","1,619","1,599","779","312","58","2","5,467","5,467","3","16","1,389","1,288","878","867","668","281","65","12","0","4,059","4,059","5","4","718","443","413","752","931","498","247","46","2"
"경상북도 포항시 북구 환여동(4711371000)","1,253","1,253","2","5","88","151","157","225","311","217","89","8","0","569","569","0","2","63","90","111","110","113","66","13","1","0","684","684","2","3","25","61","46","115","198","151","76","7","0"
"경상북도 경주시 (4713000000)","57,135","57,135","16","149","4,414","5,324","6,157","11,040","13,720","8,822","6,295","1,182","16","28,435","28,435","8","73","2,464","3,676","4,145","6,541","7,056","3,233","1,071","166","2","28,700","28,700","8","76","1,950","1,648","2,012","4,499","6,664","5,589","5,224","1,016","14"
"경상북도 경주시 감포읍(4713025000)","1,844","1,844","0","12","49","86","167","378","519","329","265","38","1","878","878","0","4","33","66","111","236","265","121","35","7","0","966","966","0","8","16","20","56","142","254","208","230","31","1"
"경상북도 경주시 안강읍(4713025300)","5,833","5,833","0","9","177","354","527","1,157","1,502","1,068","884","151","4","2,754","2,754","0","4","116","258","364","700","781","373","138","18","2","3,079","3,079","0","5","61","96","163","457","721","695","746","133","2"
"경상북도 경주시 건천읍(4713025600)","2,960","2,960","0","5","90","234","260","530","767","600","387","85","2","1,494","1,494","0","4","54","173","203","331","412","243","62","12","0","1,466","1,466","0","1","36","61","57","199","355","357","325","73","2"
"경상북도 경주시 외동읍(4713025900)","5,701","5,701","9","13","214","632","838","1,269","1,401","736","487","101","1","3,370","3,370","5","5","143","490","660","843","821","311","76","16","0","2,331","2,331","4","8","71","142","178","426","580","425","411","85","1"
"경상북도 경주시 문무대왕면(4713031500)","1,239","1,239","0","1","117","108","70","185","308","189","220","40","1","644","644","0","1","71","77","54","135","195","77","31","3","0","595","595","0","0","46","31","16","50","113","112","189","37","1"
"경상북도 경주시 양남면(4713032000)","1,933","1,933","0","1","120","142","171","421","558","289","188","43","0","1,097","1,097","0","0","91","108","124","278","315","130","45","6","0","836","836","0","1","29","34","47","143","243","159","143","37","0"
"경상북도 경주시 내남면(4713033000)","1,401","1,401","0","2","28","50","80","246","406","269","258","61","1","715","715","0","0","21","34","47","159","265","132","50","7","0","686","686","0","2","7","16","33","87","141","137","208","54","1"
"경상북도 경주시 산내면(4713034000)","1,233","1,233","0","0","12","34","63","191","398","288","212","35","0","605","605","0","0","8","23","38","112","244","131","43","6","0","628","628","0","0","4","11","25","79","154","157","169","29","0"
"경상북도 경주시 서면(4713035000)","1,001","1,001","0","0","19","18","55","182","279","230","181","37","0","492","492","0","0","13","14","36","125","182","81","36","5","0","509","509","0","0","6","4","19","57","97","149","145","32","0"
"경상북도 경주시 현곡면(4713036000)","2,346","2,346","1","3","121","286","289","476","544","339","240","46","1","1,038","1,038","1","3","66","196","171","229","208","119","39","6","0","1,308","1,308","0","0","55","90","118","247","336","220","201","40","1"
"경상북도 경주시 강동면(4713037000)","1,904","1,904","1","2","101","108","145","385","514","343","258","47","0","990","990","1","0","69","89","101","241","293","139","47","10","0","914","914","0","2","32","19","44","144","221","204","211","37","0"
"경상북도 경주시 천북면(4713038000)","1,469","1,469","0","0","59","127","188","319","359","229","159","29","0","801","801","0","0","36","78","118","204","222","99","42","2","0","668","668","0","0","23","49","70","115","137","130","117","27","0"
"경상북도 경주시 중부동(4713051500)","1,490","1,490","0","5","127","129","160","246","378","232","183","30","0","735","735","0","1","60","72","115","172","196","77","40","2","0","755","755","0","4","67","57","45","74","182","155","143","28","0"
"경상북도 경주시 황오동(4713053000)","1,809","1,809","0","2","101","126","169","335","458","353","227","38","0","798","798","0","2","47","77","102","210","216","106","30","8","0","1,011","1,011","0","0","54","49","67","125","242","247","197","30","0"
"경상북도 경주시 성건동(4713055000)","4,723","4,723","2","64","1,245","431","445","674","838","628","337","59","0","2,305","2,305","1","37","673","292","289","424","366","163","50","10","0","2,418","2,418","1","27","572","139","156","250","472","465","287","49","0"
"경상북도 경주시 황남동(4713057000)","1,253","1,253","0","0","26","73","106","191","325","261","227","44","0","595","595","0","0","16","52","68","118","188","103","43","7","0","658","658","0","0","10","21","38","73","137","158","184","37","0"
"경상북도 경주시 선도동(4713059000)","2,846","2,846","0","8","366","331","335","583","603","342","240","38","0","1,434","1,434","0","3","202","223","225","315","291","121","43","11","0","1,412","1,412","0","5","164","108","110","268","312","221","197","27","0"
"경상북도 경주시 월성동(4713060500)","1,307","1,307","0","2","43","82","120","248","337","236","196","42","1","613","613","0","1","24","58","66","153","190","85","33","3","0","694","694","0","1","19","24","54","95","147","151","163","39","1"
"경상북도 경주시 용강동(4713061500)","3,231","3,231","0","6","236","437","445","627","712","456","263","47","2","1,520","1,520","0","2","123","298","288","298","301","151","50","9","0","1,711","1,711","0","4","113","139","157","329","411","305","213","38","2"
"경상북도 경주시 황성동(4713062100)","3,672","3,672","2","4","414","569","496","722","780","394","239","52","0","1,618","1,618","0","4","204","361","286","324","287","113","34","5","0","2,054","2,054","2","0","210","208","210","398","493","281","205","47","0"
"경상북도 경주시 동천동(4713063000)","4,672","4,672","1","8","552","657","617","981","969","547","294","46","0","2,285","2,285","0","2","284","417","401","540","406","182","47","6","0","2,387","2,387","1","6","268","240","216","441","563","365","247","40","0"
"경상북도 경주시 불국동(4713065000)","2,672","2,672","0","2","167","267","362","563","588","374","289","59","1","1,361","1,361","0","0","93","191","241","332","311","140","46","7","0","1,311","1,311","0","2","74","76","121","231","277","234","243","52","1"
"경상북도 경주시 보덕동(4713066000)","596","596","0","0","30","43","49","131","177","90","61","14","1","293","293","0","0","17","29","37","62","101","36","11","0","0","303","303","0","0","13","14","12","69","76","54","50","14","1"
"경상북도 김천시 (4715000000)","32,034","32,034","5","962","3,179","3,413","3,109","5,281","6,812","4,567","3,881","807","18","16,121","16,121","4","716","1,717","2,327","2,111","3,230","3,606","1,606","687","116","1","15,913","15,913","1","246","1,462","1,086","998","2,051","3,206","2,961","3,194","691","17"
"경상북도 김천시 아포읍(4715025000)","1,902","1,902","1","2","54","119","184","409","548","287","249","48","1","963","963","1","2","29","82","122","256","309","114","44","4","0","939","939","0","0","25","37","62","153","239","173","205","44","1"
"경상북도 김천시 농소면(4715031000)","782","782","0","2","41","67","59","147","190","114","131","31","0","428","428","0","1","33","56","46","100","121","40","27","4","0","354","354","0","1","8","11","13","47","69","74","104","27","0"
"경상북도 김천시 남면(4715032000)","950","950","0","0","30","65","68","181","202","178","170","56","0","500","500","0","0","15","44","51","136","128","87","31","8","0","450","450","0","0","15","21","17","45","74","91","139","48","0"
"경상북도 김천시 개령면(4715034000)","560","560","0","1","7","16","29","92","149","128","105","32","1","284","284","0","1","5","10","26","73","101","53","13","2","0","276","276","0","0","2","6","3","19","48","75","92","30","1"
"경상북도 김천시 감문면(4715035000)","978","978","0","1","11","26","61","149","281","187","195","64","3","497","497","0","0","8","18","44","109","204","68","36","10","0","481","481","0","1","3","8","17","40","77","119","159","54","3"
"경상북도 김천시 어모면(4715036000)","1,053","1,053","0","7","37","50","79","176","272","187","202","42","1","526","526","0","2","25","39","59","116","167","71","42","5","0","527","527","0","5","12","11","20","60","105","116","160","37","1"
"경상북도 김천시 봉산면(4715037000)","703","703","0","2","12","26","59","100","191","151","139","23","0","368","368","0","1","7","22","47","76","117","64","31","3","0","335","335","0","1","5","4","12","24","74","87","108","20","0"
"경상북도 김천시 대항면(4715038000)","817","817","0","0","21","40","46","135","244","161","135","35","0","414","414","0","0","12","26","33","94","161","57","25","6","0","403","403","0","0","9","14","13","41","83","104","110","29","0"
"경상북도 김천시 감천면(4715039000)","392","392","0","1","8","13","21","68","94","85","83","19","0","188","188","0","1","5","8","17","54","52","36","12","3","0","204","204","0","0","3","5","4","14","42","49","71","16","0"
"경상북도 김천시 조마면(4715040000)","554","554","0","0","12","21","40","83","166","114","101","16","1","279","279","0","0","10","15","29","50","107","49","16","3","0","275","275","0","0","2","6","11","33","59","65","85","13","1"
"경상북도 김천시 구성면(4715041000)","862","862","0","1","8","17","45","111","238","183","202","57","0","402","402","0","1","5","12","37","73","155","87","27","5","0","460","460","0","0","3","5","8","38","83","96","175","52","0"
"경상북도 김천시 지례면(4715042000)","471","471","0","1","7","7","23","71","128","100","112","21","1","237","237","0","0","5","6","19","59","91","38","16","2","1","234","234","0","1","2","1","4","12","37","62","96","19","0"
"경상북도 김천시 부항면(4715043000)","450","450","0","0","5","10","22","70","131","89","105","17","1","220","220","0","0","4","9","20","39","91","42","14","1","0","230","230","0","0","1","1","2","31","40","47","91","16","1"
"경상북도 김천시 대덕면(4715044000)","891","891","0","247","12","22","31","83","174","139","148","35","0","426","426","0","117","6","20","22","56","109","65","25","6","0","465","465","0","130","6","2","9","27","65","74","123","29","0"
"경상북도 김천시 증산면(4715045000)","357","357","0","0","1","9","15","60","112","67","83","10","0","177","177","0","0","1","8","9","45","71","28","14","1","0","180","180","0","0","0","1","6","15","41","39","69","9","0"
"경상북도 김천시 자산동(4715051600)","1,896","1,896","0","2","129","157","191","365","471","322","227","32","0","956","956","0","0","81","114","131","254","230","103","38","5","0","940","940","0","2","48","43","60","111","241","219","189","27","0"
"경상북도 김천시 평화남산동(4715053600)","2,411","2,411","1","4","244","222","233","384","550","388","341","41","3","1,131","1,131","1","2","148","155","149","233","259","112","67","5","0","1,280","1,280","0","2","96","67","84","151","291","276","274","36","3"
"경상북도 김천시 양금동(4715056500)","891","891","0","0","14","30","62","155","208","210","179","31","2","379","379","0","0","10","23","48","108","94","61","28","7","0","512","512","0","0","4","7","14","47","114","149","151","24","2"
"경상북도 김천시 대신동(4715057500)","5,093","5,093","0","176","1,236","686","533","750","770","510","357","73","2","2,490","2,490","0","83","640","478","361","376","334","151","59","8","0","2,603","2,603","0","93","596","208","172","374","436","359","298","65","2"
"경상북도 김천시 대곡동(4715059500)","4,312","4,312","1","502","278","353","418","758","937","587","397","80","1","2,221","2,221","1","497","169","250","259","391","386","174","78","16","0","2,091","2,091","0","5","109","103","159","367","551","413","319","64","1"
"경상북도 김천시 지좌동(4715061000)","2,439","2,439","1","7","241","409","375","442","482","279","173","29","1","1,322","1,322","0","6","156","293","260","266","218","80","36","7","0","1,117","1,117","1","1","85","116","115","176","264","199","137","22","1"
"경상북도 김천시 율곡동(4715064000)","3,270","3,270","1","6","771","1,048","515","492","274","101","47","15","0","1,713","1,713","1","2","343","639","322","266","101","26","8","5","0","1,557","1,557","0","4","428","409","193","226","173","75","39","10","0"
"경상북도 안동시 (4717000000)","38,967","38,967","4","554","5,276","3,776","3,625","6,275","8,123","5,612","4,775","938","9","18,948","18,948","1","311","2,849","2,465","2,343","3,788","4,242","1,928","887","132","2","20,019","20,019","3","243","2,427","1,311","1,282","2,487","3,881","3,684","3,888","806","7"
"경상북도 안동시 풍산읍(4717025000)","2,090","2,090","0","16","93","194","175","339","496","366","337","72","2","1,090","1,090","0","7","56","143","118","235","302","157","64","8","0","1,000","1,000","0","9","37","51","57","104","194","209","273","64","2"
"경상북도 안동시 와룡면(4717031000)","1,044","1,044","0","0","20","24","42","170","273","231","219","65","0","528","528","0","0","14","20","32","128","183","94","48","9","0","516","516","0","0","6","4","10","42","90","137","171","56","0"
"경상북도 안동시 북후면(4717032000)","998","998","0","0","15","41","120","191","221","169","197","43","1","518","518","0","0","12","31","89","127","138","67","48","6","0","480","480","0","0","3","10","31","64","83","102","149","37","1"
"경상북도 안동시 서후면(4717033000)","1,324","1,324","0","70","296","67","77","195","222","181","162","53","1","694","694","0","42","141","50","50","139","161","68","33","10","0","630","630","0","28","155","17","27","56","61","113","129","43","1"
"경상북도 안동시 풍천면(4717034000)","2,500","2,500","0","3","447","576","323","360","306","207","221","57","0","1,316","1,316","0","2","223","358","195","230","169","93","38","8","0","1,184","1,184","0","1","224","218","128","130","137","114","183","49","0"
"경상북도 안동시 일직면(4717035000)","749","749","0","0","8","14","35","100","190","166","197","39","0","320","320","0","0","5","8","25","73","112","61","30","6","0","429","429","0","0","3","6","10","27","78","105","167","33","0"
"경상북도 안동시 남후면(4717036000)","535","535","0","1","7","13","23","74","136","114","132","35","0","253","253","0","1","4","10","15","57","87","45","27","7","0","282","282","0","0","3","3","8","17","49","69","105","28","0"
"경상북도 안동시 남선면(4717037000)","574","574","0","1","29","20","44","89","160","104","100","26","1","303","303","0","1","21","13","30","68","103","44","19","3","1","271","271","0","0","8","7","14","21","57","60","81","23","0"
"경상북도 안동시 임하면(4717038000)","1,064","1,064","0","0","19","43","79","217","305","197","174","30","0","587","587","0","0","16","25","61","148","207","93","31","6","0","477","477","0","0","3","18","18","69","98","104","143","24","0"
"경상북도 안동시 길안면(4717039000)","890","890","0","3","11","30","45","131","280","163","192","35","0","440","440","0","0","6","18","37","87","201","60","27","4","0","450","450","0","3","5","12","8","44","79","103","165","31","0"
"경상북도 안동시 임동면(4717040000)","584","584","0","0","7","8","33","90","171","113","140","22","0","284","284","0","0","5","6","23","67","109","49","22","3","0","300","300","0","0","2","2","10","23","62","64","118","19","0"
"경상북도 안동시 예안면(4717041000)","550","550","0","1","7","7","21","74","183","122","115","20","0","277","277","0","1","4","4","15","54","117","56","23","3","0","273","273","0","0","3","3","6","20","66","66","92","17","0"
"경상북도 안동시 도산면(4717042000)","468","468","0","0","7","12","20","82","128","102","96","21","0","260","260","0","0","6","10","17","65","89","46","22","5","0","208","208","0","0","1","2","3","17","39","56","74","16","0"
"경상북도 안동시 녹전면(4717043000)","476","476","0","0","4","7","23","74","135","97","113","23","0","251","251","0","0","4","4","20","59","92","50","21","1","0","225","225","0","0","0","3","3","15","43","47","92","22","0"
"경상북도 안동시 중구동(4717051000)","1,752","1,752","0","26","310","178","152","238","295","293","229","31","0","812","812","0","7","123","112","102","152","149","105","57","5","0","940","940","0","19","187","66","50","86","146","188","172","26","0"
"경상북도 안동시 명륜동(4717052000)","1,197","1,197","0","2","111","99","107","200","307","191","158","22","0","520","520","0","0","38","63","66","121","148","51","28","5","0","677","677","0","2","73","36","41","79","159","140","130","17","0"
"경상북도 안동시 용상동(4717055500)","6,426","6,426","0","362","2,088","650","542","829","842","623","414","76","0","3,385","3,385","0","215","1,287","429","340","471","381","188","62","12","0","3,041","3,041","0","147","801","221","202","358","461","435","352","64","0"
"경상북도 안동시 서구동(4717058500)","2,085","2,085","0","13","217","167","186","342","513","332","262","51","2","929","929","0","8","117","105","130","199","224","88","53","5","0","1,156","1,156","0","5","100","62","56","143","289","244","209","46","2"
"경상북도 안동시 태화동(4717060000)","2,986","2,986","0","5","268","303","337","541","675","449","358","50","0","1,414","1,414","0","4","134","198","222","325","318","132","72","9","0","1,572","1,572","0","1","134","105","115","216","357","317","286","41","0"
"경상북도 안동시 평화동(4717062000)","1,282","1,282","0","10","114","107","139","226","294","204","157","31","0","531","531","0","6","56","66","89","127","105","50","28","4","0","751","751","0","4","58","41","50","99","189","154","129","27","0"
"경상북도 안동시 안기동(4717063000)","1,104","1,104","1","4","61","79","131","212","267","201","131","17","0","519","519","0","3","35","48","87","114","134","69","26","3","0","585","585","1","1","26","31","44","98","133","132","105","14","0"
"경상북도 안동시 옥동(4717065000)","3,900","3,900","3","10","530","495","407","670","857","541","329","57","1","1,646","1,646","1","5","242","319","234","330","324","134","50","6","1","2,254","2,254","2","5","288","176","173","340","533","407","279","51","0"
"경상북도 안동시 송하동(4717066000)","2,927","2,927","0","11","406","388","366","547","615","308","246","40","0","1,360","1,360","0","5","223","261","223","257","268","80","39","4","0","1,567","1,567","0","6","183","127","143","290","347","228","207","36","0"
"경상북도 안동시 강남동(4717069000)","1,462","1,462","0","16","201","254","198","284","252","138","96","22","1","711","711","0","4","77","164","123","155","121","48","19","0","0","751","751","0","12","124","90","75","129","131","90","77","22","1"
"경상북도 구미시 (4719000000)","80,588","80,588","28","367","13,958","17,227","12,764","13,913","12,297","5,823","3,529","668","14","45,901","45,901","18","193","8,787","11,729","8,554","7,965","5,920","1,984","664","86","1","34,687","34,687","10","174","5,171","5,498","4,210","5,948","6,377","3,839","2,865","582","13"
"경상북도 구미시 선산읍(4719025000)","2,717","2,717","0","6","94","151","224","510","746","501","387","95","3","1,234","1,234","0","5","59","101","143","302","368","170","75","11","0","1,483","1,483","0","1","35","50","81","208","378","331","312","84","3"
"경상북도 구미시 고아읍(4719025300)","4,194","4,194","1","4","208","513","508","920","1,054","500","383","101","2","1,981","1,981","0","2","131","371","316","434","492","158","69","8","0","2,213","2,213","1","2","77","142","192","486","562","342","314","93","2"
"경상북도 구미시 산동읍(4719025600)","3,227","3,227","0","17","435","1,118","697","416","320","119","87","17","1","2,185","2,185","0","10","308","833","502","256","196","60","18","2","0","1,042","1,042","0","7","127","285","195","160","124","59","69","15","1"
"경상북도 구미시 무을면(4719031000)","536","536","0","0","11","14","33","68","154","92","120","43","1","249","249","0","0","8","9","24","51","90","41","20","6","0","287","287","0","0","3","5","9","17","64","51","100","37","1"
"경상북도 구미시 옥성면(4719032000)","469","469","0","0","8","17","20","65","142","98","99","20","0","238","238","0","0","6","12","16","55","84","46","18","1","0","231","231","0","0","2","5","4","10","58","52","81","19","0"
"경상북도 구미시 도개면(4719033000)","579","579","0","1","8","10","39","89","168","100","138","26","0","303","303","0","0","5","8","36","68","110","43","31","2","0","276","276","0","1","3","2","3","21","58","57","107","24","0"
"경상북도 구미시 해평면(4719034000)","1,041","1,041","0","2","17","26","74","204","284","213","191","30","0","580","580","0","0","12","19","61","154","183","104","41","6","0","461","461","0","2","5","7","13","50","101","109","150","24","0"
"경상북도 구미시 장천면(4719036000)","713","713","0","4","21","29","35","131","212","130","129","20","2","365","365","0","4","14","21","25","82","129","62","28","0","0","348","348","0","0","7","8","10","49","83","68","101","20","2"
"경상북도 구미시 송정동(4719051000)","4,868","4,868","0","19","885","1,044","596","835","841","434","196","18","0","2,298","2,298","0","10","415","616","370","415","299","127","44","2","0","2,570","2,570","0","9","470","428","226","420","542","307","152","16","0"
"경상북도 구미시 원평동(4719053500)","3,367","3,367","1","10","281","544","592","761","696","302","148","32","0","2,001","2,001","1","6","156","374","348","537","407","133","35","4","0","1,366","1,366","0","4","125","170","244","224","289","169","113","28","0"
"경상북도 구미시 도량동(4719055100)","3,895","3,895","1","5","188","401","473","915","1,033","553","286","40","0","1,559","1,559","1","2","91","243","255","369","392","150","49","7","0","2,336","2,336","0","3","97","158","218","546","641","403","237","33","0"
"경상북도 구미시 지산동(4719055500)","442","442","4","1","10","19","41","95","132","89","43","8","0","227","227","2","0","5","13","32","65","73","29","8","0","0","215","215","2","1","5","6","9","30","59","60","35","8","0"
"경상북도 구미시 선주원남동(4719056500)","6,820","6,820","1","119","1,493","1,174","929","1,300","1,129","437","195","43","0","3,686","3,686","1","54","773","799","580","732","548","147","45","7","0","3,134","3,134","0","65","720","375","349","568","581","290","150","36","0"
"경상북도 구미시 형곡1동(4719058200)","1,928","1,928","1","6","251","264","271","424","398","205","98","9","1","820","820","1","4","111","146","149","196","138","58","16","0","1","1,108","1,108","0","2","140","118","122","228","260","147","82","9","0"
"경상북도 구미시 형곡2동(4719058300)","2,888","2,888","0","1","366","414","381","681","643","242","137","23","0","1,381","1,381","0","1","187","265","230","335","275","63","20","5","0","1,507","1,507","0","0","179","149","151","346","368","179","117","18","0"
"경상북도 구미시 신평1동(4719059000)","1,670","1,670","0","4","571","350","203","215","168","97","50","12","0","1,135","1,135","0","2","465","256","146","144","85","28","7","2","0","535","535","0","2","106","94","57","71","83","69","43","10","0"
"경상북도 구미시 신평2동(4719060000)","667","667","0","2","90","104","93","140","123","62","47","6","0","389","389","0","2","53","73","76","91","66","19","8","1","0","278","278","0","0","37","31","17","49","57","43","39","5","0"
"경상북도 구미시 비산동(4719061000)","1,899","1,899","0","3","279","467","380","383","268","83","31","5","0","1,218","1,218","0","1","208","354","270","214","136","29","5","1","0","681","681","0","2","71","113","110","169","132","54","26","4","0"
"경상북도 구미시 광평동(4719063000)","1,056","1,056","0","3","180","251","174","170","153","87","36","2","0","682","682","0","1","115","193","137","106","91","29","10","0","0","374","374","0","2","65","58","37","64","62","58","26","2","0"
"경상북도 구미시 상모사곡동(4719064500)","5,465","5,465","9","15","997","1,165","1,020","1,119","705","273","140","21","1","3,355","3,355","6","7","641","864","679","681","363","88","23","3","0","2,110","2,110","3","8","356","301","341","438","342","185","117","18","1"
"경상북도 구미시 임오동(4719066000)","2,585","2,585","2","6","352","545","516","579","378","128","69","10","0","1,580","1,580","1","5","233","402","357","341","192","40","8","1","0","1,005","1,005","1","1","119","143","159","238","186","88","61","9","0"
"경상북도 구미시 인동동(4719067000)","11,665","11,665","3","39","2,160","3,148","2,292","1,733","1,365","594","279","50","2","6,960","6,960","1","13","1,370","2,102","1,557","1,016","634","205","52","10","0","4,705","4,705","2","26","790","1,046","735","717","731","389","227","40","2"
"경상북도 구미시 진미동(4719068000)","8,904","8,904","5","36","2,284","3,380","1,629","870","451","168","71","10","0","5,593","5,593","4","23","1,392","2,150","1,133","578","238","62","11","2","0","3,311","3,311","1","13","892","1,230","496","292","213","106","60","8","0"
"경상북도 구미시 양포동(4719069000)","7,965","7,965","0","63","2,492","1,802","1,368","1,134","632","281","165","27","1","5,147","5,147","0","40","1,806","1,308","972","636","281","76","23","5","0","2,818","2,818","0","23","686","494","396","498","351","205","142","22","1"
"경상북도 구미시 공단동(4719070000)","1,028","1,028","0","1","277","277","176","156","102","35","4","0","0","735","735","0","1","223","197","140","107","50","17","0","0","0","293","293","0","0","54","80","36","49","52","18","4","0","0"
"경상북도 영주시 (4721000000)","24,166","24,166","4","707","2,283","1,794","2,002","3,929","5,402","3,918","3,414","692","21","11,592","11,592","1","504","1,329","1,258","1,356","2,403","2,707","1,244","676","112","2","12,574","12,574","3","203","954","536","646","1,526","2,695","2,674","2,738","580","19"
"경상북도 영주시 풍기읍(4721025000)","3,115","3,115","0","279","447","129","195","441","637","476","430","79","2","1,608","1,608","0","258","286","89","127","284","328","139","81","15","1","1,507","1,507","0","21","161","40","68","157","309","337","349","64","1"
"경상북도 영주시 이산면(4721031000)","547","547","0","0","16","15","22","86","176","97","100","35","0","293","293","0","0","16","9","15","64","122","41","22","4","0","254","254","0","0","0","6","7","22","54","56","78","31","0"
"경상북도 영주시 평은면(4721032000)","410","410","0","0","7","4","11","66","109","98","89","25","1","199","199","0","0","4","4","8","45","74","45","17","2","0","211","211","0","0","3","0","3","21","35","53","72","23","1"
"경상북도 영주시 문수면(4721033000)","603","603","0","0","15","43","34","79","138","112","141","39","2","305","305","0","0","10","37","21","59","95","53","26","4","0","298","298","0","0","5","6","13","20","43","59","115","35","2"
"경상북도 영주시 장수면(4721034000)","624","624","0","0","16","23","46","81","158","124","132","40","4","324","324","0","0","13","20","40","62","104","51","31","3","0","300","300","0","0","3","3","6","19","54","73","101","37","4"
"경상북도 영주시 안정면(4721035000)","794","794","0","0","14","42","39","108","196","145","185","64","1","373","373","0","0","13","33","30","75","120","51","37","14","0","421","421","0","0","1","9","9","33","76","94","148","50","1"
"경상북도 영주시 봉현면(4721036000)","636","636","0","1","17","22","56","110","163","134","101","31","1","312","312","0","1","8","11","39","76","97","50","23","7","0","324","324","0","0","9","11","17","34","66","84","78","24","1"
"경상북도 영주시 순흥면(4721037000)","557","557","1","0","13","17","27","102","154","116","105","22","0","284","284","0","0","11","12","22","74","90","45","27","3","0","273","273","1","0","2","5","5","28","64","71","78","19","0"
"경상북도 영주시 단산면(4721038000)","578","578","0","0","12","15","33","86","153","120","123","35","1","257","257","0","0","11","7","20","58","103","37","19","2","0","321","321","0","0","1","8","13","28","50","83","104","33","1"
"경상북도 영주시 부석면(4721039000)","796","796","1","2","3","14","41","129","219","178","176","33","0","365","365","0","2","3","12","31","93","128","66","27","3","0","431","431","1","0","0","2","10","36","91","112","149","30","0"
"경상북도 영주시 상망동(4721051000)","1,458","1,458","1","21","78","89","109","280","351","259","222","44","4","685","685","0","13","44","59","76","161","191","83","50","8","0","773","773","1","8","34","30","33","119","160","176","172","36","4"
"경상북도 영주시 하망동(4721052500)","1,331","1,331","0","119","42","66","84","217","315","262","198","27","1","575","575","0","84","31","44","55","126","129","65","33","7","1","756","756","0","35","11","22","29","91","186","197","165","20","0"
"경상북도 영주시 영주1동(4721055000)","1,236","1,236","0","2","66","73","105","215","328","246","179","21","1","572","572","0","1","34","51","69","132","160","76","44","5","0","664","664","0","1","32","22","36","83","168","170","135","16","1"
"경상북도 영주시 영주2동(4721056000)","1,136","1,136","0","0","35","62","95","201","294","235","180","34","0","486","486","0","0","22","42","62","125","124","72","33","6","0","650","650","0","0","13","20","33","76","170","163","147","28","0"
"경상북도 영주시 휴천1동(4721059000)","1,087","1,087","0","121","76","77","95","196","184","177","141","20","0","496","496","0","57","53","56","56","111","85","41","33","4","0","591","591","0","64","23","21","39","85","99","136","108","16","0"
"경상북도 영주시 휴천2동(4721060000)","2,721","2,721","0","121","560","196","228","456","501","325","301","32","1","1,295","1,295","0","64","295","146","152","268","215","85","62","8","0","1,426","1,426","0","57","265","50","76","188","286","240","239","24","1"
"경상북도 영주시 휴천3동(4721061000)","1,447","1,447","0","2","83","115","137","264","365","247","194","40","0","615","615","0","2","49","75","89","137","143","75","38","7","0","832","832","0","0","34","40","48","127","222","172","156","33","0"
"경상북도 영주시 가흥1동(4721062000)","3,045","3,045","0","23","566","499","408","481","561","293","191","23","0","1,600","1,600","0","10","311","361","277","279","235","91","34","2","0","1,445","1,445","0","13","255","138","131","202","326","202","157","21","0"
"경상북도 영주시 가흥2동(4721063000)","2,045","2,045","1","16","217","293","237","331","400","274","226","48","2","948","948","1","12","115","190","167","174","164","78","39","8","0","1,097","1,097","0","4","102","103","70","157","236","196","187","40","2"
"경상북도 영천시 (4723000000)","29,179","29,179","2","203","1,881","2,044","2,818","5,601","7,486","4,783","3,654","694","13","15,687","15,687","2","116","1,337","1,445","2,041","3,648","4,345","1,991","656","105","1","13,492","13,492","0","87","544","599","777","1,953","3,141","2,792","2,998","589","12"
"경상북도 영천시 금호읍(4723025000)","3,748","3,748","0","11","126","200","374","774","1,074","643","474","71","1","2,112","2,112","0","9","92","139","267","533","655","301","105","11","0","1,636","1,636","0","2","34","61","107","241","419","342","369","60","1"
"경상북도 영천시 청통면(4723031000)","1,409","1,409","0","1","52","64","111","272","398","246","214","50","1","779","779","0","1","36","47","86","198","253","116","36","6","0","630","630","0","0","16","17","25","74","145","130","178","44","1"
"경상북도 영천시 신녕면(4723032000)","1,418","1,418","0","97","33","58","85","236","388","236","225","59","1","687","687","0","44","25","35","62","144","239","97","37","4","0","731","731","0","53","8","23","23","92","149","139","188","55","1"
"경상북도 영천시 화산면(4723033000)","1,109","1,109","1","2","40","42","74","167","304","215","220","43","1","602","602","1","1","29","27","56","127","221","97","38","5","0","507","507","0","1","11","15","18","40","83","118","182","38","1"
"경상북도 영천시 화북면(4723034000)","842","842","0","1","10","22","51","170","259","174","115","39","1","423","423","0","1","5","14","34","113","153","81","14","8","0","419","419","0","0","5","8","17","57","106","93","101","31","1"
"경상북도 영천시 화남면(4723035000)","1,133","1,133","0","39","20","41","71","208","325","226","172","31","0","638","638","0","39","15","25","56","144","220","110","25","4","0","495","495","0","0","5","16","15","64","105","116","147","27","0"
"경상북도 영천시 자양면(4723036000)","548","548","0","0","7","20","27","117","175","99","81","22","0","301","301","0","0","5","15","20","76","122","50","10","3","0","247","247","0","0","2","5","7","41","53","49","71","19","0"
"경상북도 영천시 임고면(4723037000)","1,332","1,332","0","0","37","50","87","265","342","277","225","48","1","689","689","0","0","24","38","55","180","214","123","44","11","0","643","643","0","0","13","12","32","85","128","154","181","37","1"
"경상북도 영천시 고경면(4723038000)","2,191","2,191","0","0","484","81","152","326","505","318","274","51","0","1,367","1,367","0","0","411","65","114","239","327","142","62","7","0","824","824","0","0","73","16","38","87","178","176","212","44","0"
"경상북도 영천시 북안면(4723039000)","1,718","1,718","0","1","53","76","129","329","490","310","275","54","1","952","952","0","1","36","52","95","232","313","157","55","11","0","766","766","0","0","17","24","34","97","177","153","220","43","1"
"경상북도 영천시 대창면(4723040000)","1,085","1,085","0","2","25","48","88","204","324","220","147","26","1","628","628","0","1","15","30","71","160","217","105","26","3","0","457","457","0","1","10","18","17","44","107","115","121","23","1"
"경상북도 영천시 동부동(4723051000)","5,791","5,791","1","13","418","659","736","1,162","1,354","829","535","83","1","2,782","2,782","1","10","255","462","513","629","563","249","87","13","0","3,009","3,009","0","3","163","197","223","533","791","580","448","70","1"
"경상북도 영천시 중앙동(4723052000)","2,107","2,107","0","6","255","268","258","413","436","265","173","33","0","1,155","1,155","0","3","173","195","185","246","226","88","33","6","0","952","952","0","3","82","73","73","167","210","177","140","27","0"
"경상북도 영천시 서부동(4723053500)","1,620","1,620","0","25","124","108","162","337","370","252","207","33","2","874","874","0","2","88","78","128","227","214","105","28","4","0","746","746","0","23","36","30","34","110","156","147","179","29","2"
"경상북도 영천시 완산동(4723054000)","1,744","1,744","0","3","103","206","242","339","396","270","165","20","0","863","863","0","2","55","146","164","196","175","83","36","6","0","881","881","0","1","48","60","78","143","221","187","129","14","0"
"경상북도 영천시 남부동(4723055500)","1,384","1,384","0","2","94","101","171","282","346","203","152","31","2","835","835","0","2","73","77","135","204","233","87","20","3","1","549","549","0","0","21","24","36","78","113","116","132","28","1"
"경상북도 상주시 (4725000000)","24,051","24,051","8","258","1,613","1,449","1,872","3,905","5,827","4,102","4,078","914","25","11,174","11,174","3","145","898","975","1,313","2,424","3,226","1,405","671","113","1","12,877","12,877","5","113","715","474","559","1,481","2,601","2,697","3,407","801","24"
"경상북도 상주시 함창읍(4725025000)","1,790","1,790","0","5","38","99","158","292","441","354","328","73","2","801","801","0","4","19","65","112","191","251","105","44","10","0","989","989","0","1","19","34","46","101","190","249","284","63","2"
"경상북도 상주시 중동면(4725031000)","401","401","0","1","6","12","23","55","92","94","99","19","0","185","185","0","0","4","9","19","39","64","31","17","2","0","216","216","0","1","2","3","4","16","28","63","82","17","0"
"경상북도 상주시 사벌국면(4725032500)","1,102","1,102","0","8","32","47","64","160","252","191","284","62","2","530","530","0","8","27","37","52","117","173","67","40","9","0","572","572","0","0","5","10","12","43","79","124","244","53","2"
"경상북도 상주시 낙동면(4725033000)","876","876","0","0","11","24","49","126","216","155","239","53","3","403","403","0","0","6","16","35","87","147","61","45","5","1","473","473","0","0","5","8","14","39","69","94","194","48","2"
"경상북도 상주시 낙동면동부출장소(4725033500)","341","341","0","0","8","8","22","64","104","57","65","12","1","166","166","0","0","4","7","16","46","70","14","7","2","0","175","175","0","0","4","1","6","18","34","43","58","10","1"
"경상북도 상주시 청리면(4725034000)","660","660","0","1","6","17","33","106","162","138","152","45","0","281","281","0","1","2","12","29","73","93","46","17","8","0","379","379","0","0","4","5","4","33","69","92","135","37","0"
"경상북도 상주시 공성면(4725035000)","1,060","1,060","0","0","15","31","69","171","267","215","247","43","2","489","489","0","0","9","21","56","117","157","87","38","4","0","571","571","0","0","6","10","13","54","110","128","209","39","2"
"경상북도 상주시 외남면(4725036000)","404","404","0","0","4","5","10","64","118","67","104","31","1","189","189","0","0","4","5","9","48","76","28","13","6","0","215","215","0","0","0","0","1","16","42","39","91","25","1"
"경상북도 상주시 내서면(4725037000)","572","572","0","0","5","12","35","103","166","122","106","23","0","312","312","0","0","4","8","26","75","111","66","20","2","0","260","260","0","0","1","4","9","28","55","56","86","21","0"
"경상북도 상주시 모동면(4725038000)","709","709","0","60","11","28","44","111","206","121","108","20","0","368","368","0","47","9","25","33","73","108","53","19","1","0","341","341","0","13","2","3","11","38","98","68","89","19","0"
"경상북도 상주시 모서면(4725039000)","512","512","0","0","8","25","38","86","134","94","100","26","1","260","260","0","0","5","20","29","66","84","35","17","4","0","252","252","0","0","3","5","9","20","50","59","83","22","1"
"경상북도 상주시 모서면서부출장소(4725039500)","246","246","0","0","2","3","21","39","82","41","46","12","0","119","119","0","0","2","1","16","22","47","19","11","1","0","127","127","0","0","0","2","5","17","35","22","35","11","0"
"경상북도 상주시 화동면(4725040000)","549","549","0","2","19","22","42","90","148","83","116","26","1","285","285","0","2","12","12","40","61","97","34","23","4","0","264","264","0","0","7","10","2","29","51","49","93","22","1"
"경상북도 상주시 화서면(4725041000)","723","723","0","0","14","23","43","144","194","141","140","24","0","330","330","0","0","7","13","24","88","105","57","33","3","0","393","393","0","0","7","10","19","56","89","84","107","21","0"
"경상북도 상주시 화북면(4725042000)","338","338","0","1","4","12","20","78","100","51","57","15","0","175","175","0","0","1","11","17","50","57","24","13","2","0","163","163","0","1","3","1","3","28","43","27","44","13","0"
"경상북도 상주시 화북면서부출장소(4725042600)","119","119","0","0","1","2","6","17","52","16","17","8","0","67","67","0","0","0","2","4","12","40","4","5","0","0","52","52","0","0","1","0","2","5","12","12","12","8","0"
"경상북도 상주시 외서면(4725043000)","783","783","0","0","5","19","34","122","219","178","160","44","2","326","326","0","0","4","12","21","70","134","55","28","2","0","457","457","0","0","1","7","13","52","85","123","132","42","2"
"경상북도 상주시 은척면(4725044000)","359","359","0","0","1","3","14","42","108","80","96","14","1","159","159","0","0","1","3","10","31","70","29","13","2","0","200","200","0","0","0","0","4","11","38","51","83","12","1"
"경상북도 상주시 은척면북부출장소(4725044500)","112","112","0","0","1","2","5","14","27","19","39","5","0","54","54","0","0","1","1","4","11","17","10","7","3","0","58","58","0","0","0","1","1","3","10","9","32","2","0"
"경상북도 상주시 공검면(4725045000)","622","622","0","0","9","21","28","74","148","131","162","49","0","269","269","0","0","7","15","24","51","91","46","28","7","0","353","353","0","0","2","6","4","23","57","85","134","42","0"
"경상북도 상주시 이안면(4725046000)","651","651","0","0","6","22","31","86","153","120","188","44","1","303","303","0","0","5","12","22","66","107","51","33","7","0","348","348","0","0","1","10","9","20","46","69","155","37","1"
"경상북도 상주시 화남면(4725047000)","304","304","0","0","4","1","9","50","104","60","59","15","2","157","157","0","0","4","1","6","31","76","30","8","1","0","147","147","0","0","0","0","3","19","28","30","51","14","2"
"경상북도 상주시 남원동(4725052000)","2,255","2,255","2","0","212","273","239","393","502","333","249","51","1","984","984","0","0","99","172","149","219","218","87","30","10","0","1,271","1,271","2","0","113","101","90","174","284","246","219","41","1"
"경상북도 상주시 북문동(4725053000)","2,177","2,177","2","4","272","260","266","410","488","266","184","25","0","1,057","1,057","1","3","131","175","179","229","221","83","34","1","0","1,120","1,120","1","1","141","85","87","181","267","183","150","24","0"
"경상북도 상주시 계림동(4725054000)","1,985","1,985","1","67","115","163","194","349","445","338","257","54","2","853","853","0","31","58","112","119","176","210","101","41","5","0","1,132","1,132","1","36","57","51","75","173","235","237","216","49","2"
"경상북도 상주시 동문동(4725055000)","1,645","1,645","2","11","89","124","173","313","407","271","205","48","2","714","714","1","0","44","70","119","190","177","69","40","4","0","931","931","1","11","45","54","54","123","230","202","165","44","2"
"경상북도 상주시 동성동(4725056000)","789","789","1","0","20","32","60","129","227","167","125","28","0","311","311","1","0","10","21","38","73","94","48","23","3","0","478","478","0","0","10","11","22","56","133","119","102","25","0"
"경상북도 상주시 신흥동(4725057000)","1,967","1,967","0","98","695","159","142","217","265","199","146","45","1","1,027","1,027","0","49","419","117","105","112","131","65","24","5","0","940","940","0","49","276","42","37","105","134","134","122","40","1"
"경상북도 문경시 (4728000000)","18,535","18,535","1","380","1,154","1,222","1,456","3,139","4,440","3,176","2,924","625","18","8,463","8,463","1","236","578","794","934","1,914","2,365","1,061","493","85","2","10,072","10,072","0","144","576","428","522","1,225","2,075","2,115","2,431","540","16"
"경상북도 문경시 문경읍(4728025000)","1,655","1,655","0","78","41","85","105","283","423","307","278","54","1","696","696","0","29","23","52","66","163","207","94","53","9","0","959","959","0","49","18","33","39","120","216","213","225","45","1"
"경상북도 문경시 문경읍갈평출장소(4728025100)","292","292","0","0","5","7","16","58","99","45","49","13","0","166","166","0","0","5","5","14","44","66","19","12","1","0","126","126","0","0","0","2","2","14","33","26","37","12","0"
"경상북도 문경시 가은읍(4728025300)","1,021","1,021","0","4","19","36","58","148","276","189","230","59","2","451","451","0","2","14","21","39","91","170","74","33","6","1","570","570","0","2","5","15","19","57","106","115","197","53","1"
"경상북도 문경시 가은읍북부출장소(4728025400)","341","341","0","0","5","18","16","73","110","50","54","14","1","176","176","0","0","1","5","6","49","79","26","8","2","0","165","165","0","0","4","13","10","24","31","24","46","12","1"
"경상북도 문경시 영순면(4728031000)","870","870","0","196","12","26","38","95","188","112","157","46","0","483","483","0","126","9","13","32","72","130","52","41","8","0","387","387","0","70","3","13","6","23","58","60","116","38","0"
"경상북도 문경시 산양면(4728032000)","947","947","0","1","17","40","76","174","215","172","192","58","2","478","478","0","0","14","27","61","126","133","70","38","9","0","469","469","0","1","3","13","15","48","82","102","154","49","2"
"경상북도 문경시 호계면(4728033000)","858","858","0","11","203","34","46","99","161","139","140","25","0","386","386","0","4","82","17","28","71","108","48","24","4","0","472","472","0","7","121","17","18","28","53","91","116","21","0"
"경상북도 문경시 산북면(4728034000)","897","897","0","1","19","23","46","145","237","152","220","53","1","418","418","0","1","15","19","33","92","167","52","34","5","0","479","479","0","0","4","4","13","53","70","100","186","48","1"
"경상북도 문경시 동로면(4728035000)","660","660","0","0","13","21","46","114","223","110","111","22","0","368","368","0","0","9","15","36","82","148","54","21","3","0","292","292","0","0","4","6","10","32","75","56","90","19","0"
"경상북도 문경시 마성면(4728036000)","1,243","1,243","0","1","40","57","71","195","282","239","308","49","1","550","550","0","0","32","37","51","143","165","80","36","6","0","693","693","0","1","8","20","20","52","117","159","272","43","1"
"경상북도 문경시 농암면(4728037000)","922","922","0","0","18","26","55","136","262","176","199","47","3","381","381","0","0","9","18","33","78","140","66","29","7","1","541","541","0","0","9","8","22","58","122","110","170","40","2"
"경상북도 문경시 점촌1동(4728057000)","1,242","1,242","1","3","56","63","108","233","303","279","168","26","2","493","493","1","2","28","40","69","124","121","73","33","2","0","749","749","0","1","28","23","39","109","182","206","135","24","2"
"경상북도 문경시 점촌2동(4728058000)","1,724","1,724","0","60","86","104","152","319","392","329","236","45","1","753","753","0","52","48","74","87","196","159","99","32","6","0","971","971","0","8","38","30","65","123","233","230","204","39","1"
"경상북도 문경시 점촌3동(4728059000)","1,995","1,995","0","11","130","175","190","353","478","376","232","47","3","837","837","0","9","62","109","121","191","195","103","39","8","0","1,158","1,158","0","2","68","66","69","162","283","273","193","39","3"
"경상북도 문경시 점촌4동(4728060000)","921","921","0","0","22","54","70","178","234","155","173","34","1","449","449","0","0","15","35","52","124","144","52","22","5","0","472","472","0","0","7","19","18","54","90","103","151","29","1"
"경상북도 문경시 점촌5동(4728061000)","2,947","2,947","0","14","468","453","363","536","557","346","177","33","0","1,378","1,378","0","11","212","307","206","268","233","99","38","4","0","1,569","1,569","0","3","256","146","157","268","324","247","139","29","0"
"경상북도 경산시 (4729000000)","59,266","59,266","12","435","12,675","7,868","6,743","9,403","10,524","6,473","4,397","719","17","31,277","31,277","7","167","7,066","5,471","4,677","5,508","5,159","2,236","879","105","2","27,989","27,989","5","268","5,609","2,397","2,066","3,895","5,365","4,237","3,518","614","15"
"경상북도 경산시 하양읍(4729025000)","7,909","7,909","1","110","2,721","1,125","637","947","1,039","706","538","84","1","4,145","4,145","0","36","1,524","812","441","511","488","218","97","18","0","3,764","3,764","1","74","1,197","313","196","436","551","488","441","66","1"
"경상북도 경산시 진량읍(4729025300)","8,686","8,686","4","83","1,981","936","1,048","1,646","1,520","805","581","81","1","5,121","5,121","4","34","1,209","721","804","1,079","846","297","115","12","0","3,565","3,565","0","49","772","215","244","567","674","508","466","69","1"
"경상북도 경산시 압량읍(4729025600)","5,773","5,773","1","32","1,477","1,292","767","791","740","362","262","49","0","3,548","3,548","1","13","864","970","582","481","419","147","63","8","0","2,225","2,225","0","19","613","322","185","310","321","215","199","41","0"
"경상북도 경산시 와촌면(4729031000)","1,427","1,427","0","0","56","73","124","272","426","265","179","31","1","826","826","0","0","36","47","105","188","273","133","40","4","0","601","601","0","0","20","26","19","84","153","132","139","27","1"
"경상북도 경산시 자인면(4729033000)","1,512","1,512","0","16","76","70","117","260","396","325","199","50","3","794","794","0","8","46","45","90","172","236","153","37","7","0","718","718","0","8","30","25","27","88","160","172","162","43","3"
"경상북도 경산시 용성면(4729034000)","954","954","0","0","11","24","48","148","283","249","156","35","0","536","536","0","0","5","16","39","114","193","129","34","6","0","418","418","0","0","6","8","9","34","90","120","122","29","0"
"경상북도 경산시 남산면(4729035000)","935","935","0","0","19","32","52","151","277","182","186","35","1","495","495","0","0","16","24","37","108","183","89","36","2","0","440","440","0","0","3","8","15","43","94","93","150","33","1"
"경상북도 경산시 남천면(4729037000)","719","719","0","1","19","26","42","129","207","153","110","29","3","369","369","0","0","10","18","30","98","131","62","16","3","1","350","350","0","1","9","8","12","31","76","91","94","26","2"
"경상북도 경산시 중방동(4729051000)","2,391","2,391","0","9","390","374","299","375","478","295","146","24","1","1,098","1,098","0","4","184","218","181","192","197","93","27","2","0","1,293","1,293","0","5","206","156","118","183","281","202","119","22","1"
"경상북도 경산시 중앙동(4729052000)","1,937","1,937","0","4","278","239","204","322","426","253","184","27","0","931","931","0","3","129","152","128","185","232","76","23","3","0","1,006","1,006","0","1","149","87","76","137","194","177","161","24","0"
"경상북도 경산시 남부동(4729053000)","2,922","2,922","1","2","195","298","408","534","654","473","318","36","3","1,329","1,329","0","2","100","208","257","283","257","151","63","7","1","1,593","1,593","1","0","95","90","151","251","397","322","255","29","2"
"경상북도 경산시 서부1동(4729054100)","5,308","5,308","1","6","436","595","672","1,080","1,220","745","485","68","0","2,356","2,356","0","1","229","367","402","565","492","188","102","10","0","2,952","2,952","1","5","207","228","270","515","728","557","383","58","0"
"경상북도 경산시 서부2동(4729054200)","3,933","3,933","2","4","392","674","554","645","719","559","339","44","1","1,570","1,570","1","2","182","450","315","233","202","122","55","8","0","2,363","2,363","1","2","210","224","239","412","517","437","284","36","1"
"경상북도 경산시 북부동(4729055000)","7,282","7,282","2","133","3,166","1,120","799","804","666","355","204","32","1","4,342","4,342","1","47","1,688","787","632","585","390","145","61","6","0","2,940","2,940","1","86","1,478","333","167","219","276","210","143","26","1"
"경상북도 경산시 동부동(4729056000)","7,578","7,578","0","35","1,458","990","972","1,299","1,473","746","510","94","1","3,817","3,817","0","17","844","636","634","714","620","233","110","9","0","3,761","3,761","0","18","614","354","338","585","853","513","400","85","1"
"경상북도 의성군 (4773000000)","16,028","16,028","0","121","509","815","1,126","2,564","4,031","3,040","3,154","655","13","7,622","7,622","0","97","275","553","789","1,747","2,364","1,167","534","95","1","8,406","8,406","0","24","234","262","337","817","1,667","1,873","2,620","560","12"
"경상북도 의성군 의성읍(4773025000)","3,357","3,357","0","9","227","312","332","602","725","583","475","91","1","1,550","1,550","0","5","109","197","216","379","367","194","69","14","0","1,807","1,807","0","4","118","115","116","223","358","389","406","77","1"
"경상북도 의성군 단촌면(4773031000)","664","664","0","0","10","27","41","106","180","120","157","22","1","313","313","0","0","4","20","33","75","107","42","26","6","0","351","351","0","0","6","7","8","31","73","78","131","16","1"
"경상북도 의성군 점곡면(4773032000)","612","612","0","0","15","24","29","91","172","118","137","26","0","305","305","0","0","13","18","25","73","104","42","27","3","0","307","307","0","0","2","6","4","18","68","76","110","23","0"
"경상북도 의성군 옥산면(4773033000)","526","526","0","1","3","16","26","90","145","116","104","25","0","244","244","0","1","2","11","17","63","88","39","18","5","0","282","282","0","0","1","5","9","27","57","77","86","20","0"
"경상북도 의성군 사곡면(4773034000)","537","537","0","0","4","12","24","84","160","91","123","36","3","242","242","0","0","3","9","19","58","96","36","15","5","1","295","295","0","0","1","3","5","26","64","55","108","31","2"
"경상북도 의성군 춘산면(4773035000)","410","410","0","0","5","9","22","56","129","96","79","13","1","219","219","0","0","3","6","15","36","88","47","22","2","0","191","191","0","0","2","3","7","20","41","49","57","11","1"
"경상북도 의성군 가음면(4773036000)","500","500","0","0","9","9","19","74","161","103","104","20","1","262","262","0","0","6","7","13","49","109","49","25","4","0","238","238","0","0","3","2","6","25","52","54","79","16","1"
"경상북도 의성군 금성면(4773037000)","1,447","1,447","0","2","20","58","89","229","382","300","302","64","1","693","693","0","1","12","32","67","168","220","123","61","9","0","754","754","0","1","8","26","22","61","162","177","241","55","1"
"경상북도 의성군 봉양면(4773038000)","1,482","1,482","0","106","69","94","120","244","322","236","230","60","1","740","740","0","90","31","64","75","155","184","88","41","12","0","742","742","0","16","38","30","45","89","138","148","189","48","1"
"경상북도 의성군 비안면(4773039000)","861","861","0","0","11","31","47","123","239","184","185","41","0","416","416","0","0","10","25","38","87","147","80","25","4","0","445","445","0","0","1","6","9","36","92","104","160","37","0"
"경상북도 의성군 구천면(4773040000)","528","528","0","0","5","13","26","95","128","105","128","28","0","261","261","0","0","4","7","21","73","85","46","22","3","0","267","267","0","0","1","6","5","22","43","59","106","25","0"
"경상북도 의성군 단밀면(4773041000)","543","543","0","0","15","19","33","69","155","103","126","23","0","256","256","0","0","12","15","26","44","101","33","21","4","0","287","287","0","0","3","4","7","25","54","70","105","19","0"
"경상북도 의성군 단북면(4773042000)","559","559","0","1","13","23","43","84","109","119","137","30","0","243","243","0","0","9","17","34","64","65","37","13","4","0","316","316","0","1","4","6","9","20","44","82","124","26","0"
"경상북도 의성군 안계면(4773043000)","1,364","1,364","0","0","66","84","116","229","326","242","256","44","1","606","606","0","0","32","56","81","147","156","92","39","3","0","758","758","0","0","34","28","35","82","170","150","217","41","1"
"경상북도 의성군 다인면(4773044000)","1,232","1,232","0","0","21","46","86","180","315","228","295","60","1","574","574","0","0","16","39","61","126","190","83","54","5","0","658","658","0","0","5","7","25","54","125","145","241","55","1"
"경상북도 의성군 신평면(4773045000)","320","320","0","0","7","10","16","54","78","60","78","16","1","159","159","0","0","4","8","9","36","57","27","16","2","0","161","161","0","0","3","2","7","18","21","33","62","14","1"
"경상북도 의성군 안평면(4773046000)","714","714","0","1","1","15","33","102","211","155","156","40","0","356","356","0","0","0","13","22","76","133","76","29","7","0","358","358","0","1","1","2","11","26","78","79","127","33","0"
"경상북도 의성군 안사면(4773047000)","372","372","0","1","8","13","24","52","94","81","82","16","1","183","183","0","0","5","9","17","38","67","33","11","3","0","189","189","0","1","3","4","7","14","27","48","71","13","1"
"경상북도 청송군 (4775000000)","7,519","7,519","0","12","323","463","590","1,266","1,911","1,317","1,365","268","4","3,684","3,684","0","1","223","363","433","829","1,059","500","243","33","0","3,835","3,835","0","11","100","100","157","437","852","817","1,122","235","4"
"경상북도 청송군 청송읍(4775025000)","1,273","1,273","0","1","68","109","118","242","273","206","215","40","1","586","586","0","1","44","73","71","147","145","70","31","4","0","687","687","0","0","24","36","47","95","128","136","184","36","1"
"경상북도 청송군 주왕산면(4775031500)","606","606","0","0","14","21","40","112","163","107","125","24","0","285","285","0","0","8","16","29","77","95","39","18","3","0","321","321","0","0","6","5","11","35","68","68","107","21","0"
"경상북도 청송군 부남면(4775032000)","761","761","0","8","11","21","40","127","218","142","157","37","0","342","342","0","0","7","16","29","85","116","59","27","3","0","419","419","0","8","4","5","11","42","102","83","130","34","0"
"경상북도 청송군 현동면(4775033000)","638","638","0","0","25","21","55","110","158","124","121","23","1","317","317","0","0","16","16","42","70","97","45","27","4","0","321","321","0","0","9","5","13","40","61","79","94","19","1"
"경상북도 청송군 현서면(4775034000)","716","716","0","1","18","18","52","121","239","124","123","19","1","358","358","0","0","13","16","42","84","128","46","27","2","0","358","358","0","1","5","2","10","37","111","78","96","17","1"
"경상북도 청송군 안덕면(4775035000)","859","859","0","0","12","27","50","152","211","190","175","41","1","411","411","0","0","6","25","35","106","130","70","33","6","0","448","448","0","0","6","2","15","46","81","120","142","35","1"
"경상북도 청송군 파천면(4775036000)","590","590","0","0","21","23","33","83","150","114","136","30","0","290","290","0","0","7","16","29","58","102","50","22","6","0","300","300","0","0","14","7","4","25","48","64","114","24","0"
"경상북도 청송군 진보면(4775037000)","2,076","2,076","0","2","154","223","202","319","499","310","313","54","0","1,095","1,095","0","0","122","185","156","202","246","121","58","5","0","981","981","0","2","32","38","46","117","253","189","255","49","0"
"경상북도 영양군 (4776000000)","4,838","4,838","2","9","174","273","360","847","1,212","854","917","184","6","2,321","2,321","2","6","69","181","271","595","714","300","157","25","1","2,517","2,517","0","3","105","92","89","252","498","554","760","159","5"
"경상북도 영양군 영양읍(4776025000)","1,922","1,922","1","4","122","185","190","332","436","323","274","54","1","892","892","1","2","45","118","132","213","232","99","40","10","0","1,030","1,030","0","2","77","67","58","119","204","224","234","44","1"
"경상북도 영양군 입암면(4776031000)","680","680","1","0","11","22","53","115","167","124","148","39","0","312","312","1","0","4","16","46","83","91","40","26","5","0","368","368","0","0","7","6","7","32","76","84","122","34","0"
"경상북도 영양군 청기면(4776032000)","537","537","0","0","8","7","30","87","162","90","124","25","4","275","275","0","0","6","6","26","72","106","37","21","0","1","262","262","0","0","2","1","4","15","56","53","103","25","3"
"경상북도 영양군 일월면(4776033000)","498","498","0","0","12","18","13","83","134","102","119","17","0","243","243","0","0","7","13","10","53","88","41","26","5","0","255","255","0","0","5","5","3","30","46","61","93","12","0"
"경상북도 영양군 수비면(4776034000)","531","531","0","0","7","19","30","86","147","96","115","31","0","266","266","0","0","3","14","24","67","94","37","22","5","0","265","265","0","0","4","5","6","19","53","59","93","26","0"
"경상북도 영양군 석보면(4776035000)","670","670","0","5","14","22","44","144","166","119","137","18","1","333","333","0","4","4","14","33","107","103","46","22","0","0","337","337","0","1","10","8","11","37","63","73","115","18","1"
"경상북도 영덕군 (4777000000)","10,702","10,702","1","8","357","501","725","1,816","2,609","2,065","2,212","398","10","4,567","4,567","0","3","196","329","472","1,142","1,392","671","321","40","1","6,135","6,135","1","5","161","172","253","674","1,217","1,394","1,891","358","9"
"경상북도 영덕군 영덕읍(4777025000)","2,656","2,656","1","4","194","218","235","526","579","442","393","64","0","1,170","1,170","0","2","105","139","140","310","289","129","50","6","0","1,486","1,486","1","2","89","79","95","216","290","313","343","58","0"
"경상북도 영덕군 강구면(4777031000)","1,811","1,811","0","2","34","86","150","331","463","343","350","50","2","720","720","0","0","22","58","93","186","207","104","48","2","0","1,091","1,091","0","2","12","28","57","145","256","239","302","48","2"
"경상북도 영덕군 남정면(4777032000)","849","849","0","0","10","24","52","130","235","182","179","36","1","392","392","0","0","7","15","29","94","151","62","27","7","0","457","457","0","0","3","9","23","36","84","120","152","29","1"
"경상북도 영덕군 달산면(4777033000)","439","439","0","0","4","6","11","57","137","86","116","22","0","190","190","0","0","4","5","7","37","88","32","14","3","0","249","249","0","0","0","1","4","20","49","54","102","19","0"
"경상북도 영덕군 지품면(4777034000)","456","456","0","0","6","3","25","65","126","86","127","17","1","212","212","0","0","4","2","22","49","74","36","22","2","1","244","244","0","0","2","1","3","16","52","50","105","15","0"
"경상북도 영덕군 지품면원전출장소(4777034500)","172","172","0","0","0","2","5","28","52","33","43","8","1","73","73","0","0","0","1","5","19","30","11","6","1","0","99","99","0","0","0","1","0","9","22","22","37","7","1"
"경상북도 영덕군 축산면(4777035000)","286","286","0","0","5","7","12","42","67","52","86","15","0","125","125","0","0","4","3","8","31","42","21","16","0","0","161","161","0","0","1","4","4","11","25","31","70","15","0"
"경상북도 영덕군 축산면축산출장소(4777035500)","543","543","0","0","9","16","33","94","123","135","118","14","1","217","217","0","0","6","8","22","65","61","31","22","2","0","326","326","0","0","3","8","11","29","62","104","96","12","1"
"경상북도 영덕군 영해면(4777036000)","1,920","1,920","0","1","73","101","125","321","431","379","402","86","1","761","761","0","0","26","67","80","190","217","121","53","7","0","1,159","1,159","0","1","47","34","45","131","214","258","349","79","1"
"경상북도 영덕군 병곡면(4777037000)","976","976","0","1","19","22","48","143","242","204","234","61","2","418","418","0","1","16","20","39","101","140","63","34","4","0","558","558","0","0","3","2","9","42","102","141","200","57","2"
"경상북도 영덕군 창수면(4777038000)","594","594","0","0","3","16","29","79","154","123","164","25","1","289","289","0","0","2","11","27","60","93","61","29","6","0","305","305","0","0","1","5","2","19","61","62","135","19","1"
"경상북도 청도군 (4782000000)","12,565","12,565","1","10","287","534","909","2,138","3,607","2,468","2,100","500","11","6,062","6,062","1","4","151","345","623","1,329","2,112","1,029","403","65","0","6,503","6,503","0","6","136","189","286","809","1,495","1,439","1,697","435","11"
"경상북도 청도군 화양읍(4782025000)","1,536","1,536","0","3","58","88","159","316","394","261","211","45","1","735","735","0","0","36","54","103","189","193","107","46","7","0","801","801","0","3","22","34","56","127","201","154","165","38","1"
"경상북도 청도군 화양읍남성현출장소(4782025100)","343","343","0","0","2","9","24","45","94","77","80","12","0","168","168","0","0","1","9","18","29","60","31","20","0","0","175","175","0","0","1","0","6","16","34","46","60","12","0"
"경상북도 청도군 청도읍(4782025300)","2,486","2,486","0","3","71","146","198","449","665","476","389","88","1","1,084","1,084","0","1","34","97","132","249","338","155","68","10","0","1,402","1,402","0","2","37","49","66","200","327","321","321","78","1"
"경상북도 청도군 청도읍유호출장소(4782025400)","522","522","1","0","7","11","42","71","161","115","89","23","2","240","240","1","0","4","7","28","48","96","43","12","1","0","282","282","0","0","3","4","14","23","65","72","77","22","2"
"경상북도 청도군 각남면(4782031000)","728","728","0","0","15","21","49","108","179","168","133","54","1","321","321","0","0","12","9","38","67","111","59","21","4","0","407","407","0","0","3","12","11","41","68","109","112","50","1"
"경상북도 청도군 풍각면(4782032000)","1,312","1,312","0","2","19","63","94","210","390","270","209","53","2","653","653","0","1","9","46","72","136","230","108","44","7","0","659","659","0","1","10","17","22","74","160","162","165","46","2"
"경상북도 청도군 각북면(4782033000)","790","790","0","1","16","31","45","124","248","173","124","27","1","407","407","0","1","8","20","26","74","158","90","25","5","0","383","383","0","0","8","11","19","50","90","83","99","22","1"
"경상북도 청도군 이서면(4782034000)","1,328","1,328","0","1","38","53","95","192","409","249","234","56","1","645","645","0","1","17","36","65","127","232","112","51","4","0","683","683","0","0","21","17","30","65","177","137","183","52","1"
"경상북도 청도군 운문면(4782035000)","814","814","0","0","9","26","47","144","274","150","133","29","2","415","415","0","0","4","18","26","96","173","77","15","6","0","399","399","0","0","5","8","21","48","101","73","118","23","2"
"경상북도 청도군 금천면(4782036000)","1,227","1,227","0","0","27","38","65","227","357","247","213","53","0","655","655","0","0","15","24","52","151","240","117","46","10","0","572","572","0","0","12","14","13","76","117","130","167","43","0"
"경상북도 청도군 매전면(4782037000)","1,479","1,479","0","0","25","48","91","252","436","282","285","60","0","739","739","0","0","11","25","63","163","281","130","55","11","0","740","740","0","0","14","23","28","89","155","152","230","49","0"
"경상북도 고령군 (4783000000)","9,464","9,464","3","10","319","523","837","1,747","2,651","1,739","1,363","261","11","5,006","5,006","3","10","193","346","598","1,198","1,600","764","254","37","3","4,458","4,458","0","0","126","177","239","549","1,051","975","1,109","224","8"
"경상북도 고령군 대가야읍(4783025300)","2,666","2,666","0","3","150","159","280","522","712","459","324","56","1","1,350","1,350","0","3","93","99","196","324","397","172","60","6","0","1,316","1,316","0","0","57","60","84","198","315","287","264","50","1"
"경상북도 고령군 덕곡면(4783031000)","573","573","0","1","13","17","32","81","164","121","115","26","3","280","280","0","1","6","10","22","53","107","61","16","3","1","293","293","0","0","7","7","10","28","57","60","99","23","2"
"경상북도 고령군 운수면(4783032000)","653","653","0","0","8","32","50","108","180","108","136","30","1","326","326","0","0","5","21","30","80","111","48","24","6","1","327","327","0","0","3","11","20","28","69","60","112","24","0"
"경상북도 고령군 성산면(4783033000)","936","936","0","0","21","55","77","169","271","179","139","25","0","562","562","0","0","12","34","58","140","185","103","29","1","0","374","374","0","0","9","21","19","29","86","76","110","24","0"
"경상북도 고령군 다산면(4783034000)","2,104","2,104","1","2","70","163","219","419","613","359","221","34","3","1,140","1,140","1","2","38","115","153","285","332","153","53","7","1","964","964","0","0","32","48","66","134","281","206","168","27","2"
"경상북도 고령군 개진면(4783035000)","798","798","2","0","12","42","68","144","225","168","111","25","1","474","474","2","0","10","29","56","112","155","88","21","1","0","324","324","0","0","2","13","12","32","70","80","90","24","1"
"경상북도 고령군 우곡면(4783036000)","551","551","0","0","12","19","37","106","155","99","102","21","0","294","294","0","0","10","13","29","73","105","43","16","5","0","257","257","0","0","2","6","8","33","50","56","86","16","0"
"경상북도 고령군 쌍림면(4783037000)","1,183","1,183","0","4","33","36","74","198","331","246","215","44","2","580","580","0","4","19","25","54","131","208","96","35","8","0","603","603","0","0","14","11","20","67","123","150","180","36","2"
"경상북도 성주군 (4784000000)","13,243","13,243","3","58","397","791","1,321","2,569","3,829","2,236","1,653","379","7","7,341","7,341","2","29","255","576","968","1,745","2,388","994","325","57","2","5,902","5,902","1","29","142","215","353","824","1,441","1,242","1,328","322","5"
"경상북도 성주군 성주읍(4784025000)","3,362","3,362","2","6","202","333","417","709","820","461","336","74","2","1,753","1,753","1","2","118","240","286","434","455","157","51","9","0","1,609","1,609","1","4","84","93","131","275","365","304","285","65","2"
"경상북도 성주군 선남면(4784031000)","2,079","2,079","1","50","46","130","233","427","605","324","223","39","1","1,286","1,286","1","25","27","97","193","320","403","159","55","5","1","793","793","0","25","19","33","40","107","202","165","168","34","0"
"경상북도 성주군 용암면(4784032000)","1,349","1,349","0","0","31","51","132","268","437","242","145","43","0","808","808","0","0","22","36","97","202","285","131","31","4","0","541","541","0","0","9","15","35","66","152","111","114","39","0"
"경상북도 성주군 수륜면(4784033000)","1,287","1,287","0","0","21","57","104","223","418","243","185","34","2","679","679","0","0","14","40","62","136","263","125","34","4","1","608","608","0","0","7","17","42","87","155","118","151","30","1"
"경상북도 성주군 가천면(4784034000)","769","769","0","1","10","23","51","130","248","149","119","36","2","382","382","0","1","9","18","37","83","144","63","24","3","0","387","387","0","0","1","5","14","47","104","86","95","33","2"
"경상북도 성주군 금수강산면(4784035500)","502","502","0","0","5","20","46","81","157","99","71","23","0","273","273","0","0","3","17","35","45","108","47","15","3","0","229","229","0","0","2","3","11","36","49","52","56","20","0"
"경상북도 성주군 대가면(4784036000)","692","692","0","0","11","31","46","130","188","138","118","30","0","357","357","0","0","7","23","31","96","118","50","24","8","0","335","335","0","0","4","8","15","34","70","88","94","22","0"
"경상북도 성주군 벽진면(4784037000)","879","879","0","0","14","34","64","145","262","188","136","36","0","489","489","0","0","10","25","49","106","177","82","31","9","0","390","390","0","0","4","9","15","39","85","106","105","27","0"
"경상북도 성주군 초전면(4784038000)","1,308","1,308","0","1","35","59","129","278","362","214","202","28","0","704","704","0","1","25","37","93","196","221","98","31","2","0","604","604","0","0","10","22","36","82","141","116","171","26","0"
"경상북도 성주군 월항면(4784039000)","1,016","1,016","0","0","22","53","99","178","332","178","118","36","0","610","610","0","0","20","43","85","127","214","82","29","10","0","406","406","0","0","2","10","14","51","118","96","89","26","0"
"경상북도 칠곡군 (4785000000)","24,749","24,749","12","42","1,620","3,328","4,200","5,287","5,135","2,754","1,987","375","9","14,495","14,495","8","22","1,083","2,314","3,112","3,441","2,951","1,136","375","53","0","10,254","10,254","4","20","537","1,014","1,088","1,846","2,184","1,618","1,612","322","9"
"경상북도 칠곡군 왜관읍(4785025000)","6,161","6,161","6","15","392","647","764","1,360","1,428","792","637","118","2","3,150","3,150","4","8","244","442","556","788","713","267","105","23","0","3,011","3,011","2","7","148","205","208","572","715","525","532","95","2"
"경상북도 칠곡군 북삼읍(4785025300)","4,333","4,333","0","4","256","470","836","1,147","918","425","234","43","0","2,515","2,515","0","1","169","331","564","712","520","172","40","6","0","1,818","1,818","0","3","87","139","272","435","398","253","194","37","0"
"경상북도 칠곡군 석적읍(4785025600)","7,268","7,268","6","17","787","1,884","2,032","1,324","725","313","159","21","0","4,930","4,930","4","9","547","1,306","1,569","935","400","131","25","4","0","2,338","2,338","2","8","240","578","463","389","325","182","134","17","0"
"경상북도 칠곡군 지천면(4785031000)","1,338","1,338","0","0","39","59","96","268","363","273","200","39","1","822","822","0","0","26","45","80","212","262","142","47","8","0","516","516","0","0","13","14","16","56","101","131","153","31","1"
"경상북도 칠곡군 동명면(4785032000)","1,563","1,563","0","1","39","63","105","290","465","303","241","54","2","816","816","0","1","27","52","77","201","264","144","47","3","0","747","747","0","0","12","11","28","89","201","159","194","51","2"
"경상북도 칠곡군 가산면(4785033000)","1,102","1,102","0","0","22","45","80","234","358","195","138","30","0","654","654","0","0","13","35","54","163","253","101","33","2","0","448","448","0","0","9","10","26","71","105","94","105","28","0"
"경상북도 칠곡군 약목면(4785036000)","2,187","2,187","0","4","51","118","212","510","666","325","257","41","3","1,173","1,173","0","3","31","73","156","325","406","125","50","4","0","1,014","1,014","0","1","20","45","56","185","260","200","207","37","3"
"경상북도 칠곡군 기산면(4785037000)","797","797","0","1","34","42","75","154","212","128","121","29","1","435","435","0","0","26","30","56","105","133","54","28","3","0","362","362","0","1","8","12","19","49","79","74","93","26","1"
"경상북도 예천군 (4790000000)","12,772","12,772","2","16","786","994","1,070","1,947","2,880","2,166","2,360","541","10","6,060","6,060","1","9","465","672","723","1,230","1,657","795","430","77","1","6,712","6,712","1","7","321","322","347","717","1,223","1,371","1,930","464","9"
"경상북도 예천군 예천읍(4790025000)","3,383","3,383","1","10","194","224","312","602","821","639","495","84","1","1,545","1,545","1","5","113","165","205","369","395","202","82","8","0","1,838","1,838","0","5","81","59","107","233","426","437","413","76","1"
"경상북도 예천군 호명읍(4790025300)","2,609","2,609","1","3","357","603","389","465","384","173","201","31","2","1,295","1,295","0","1","160","389","228","235","175","63","40","4","0","1,314","1,314","1","2","197","214","161","230","209","110","161","27","2"
"경상북도 예천군 용문면(4790031000)","762","762","0","1","8","12","38","97","184","155","210","57","0","368","368","0","1","7","8","30","77","123","74","40","8","0","394","394","0","0","1","4","8","20","61","81","170","49","0"
"경상북도 예천군 감천면(4790034000)","808","808","0","0","14","22","38","88","210","174","212","49","1","390","390","0","0","12","18","31","63","143","74","40","9","0","418","418","0","0","2","4","7","25","67","100","172","40","1"
"경상북도 예천군 보문면(4790035000)","500","500","0","0","4","10","23","75","135","96","125","31","1","239","239","0","0","4","5","17","57","92","39","23","2","0","261","261","0","0","0","5","6","18","43","57","102","29","1"
"경상북도 예천군 유천면(4790037000)","802","802","0","2","142","35","40","77","145","115","182","62","2","399","399","0","2","116","29","34","52","88","32","38","7","1","403","403","0","0","26","6","6","25","57","83","144","55","1"
"경상북도 예천군 용궁면(4790038000)","715","715","0","0","8","14","38","99","156","174","186","40","0","320","320","0","0","5","10","33","72","89","68","35","8","0","395","395","0","0","3","4","5","27","67","106","151","32","0"
"경상북도 예천군 개포면(4790039000)","521","521","0","0","7","5","23","69","135","115","134","32","1","237","237","0","0","6","2","18","52","91","40","23","5","0","284","284","0","0","1","3","5","17","44","75","111","27","1"
"경상북도 예천군 지보면(4790040000)","869","869","0","0","15","25","62","116","188","188","216","59","0","414","414","0","0","12","11","50","79","133","72","46","11","0","455","455","0","0","3","14","12","37","55","116","170","48","0"
"경상북도 예천군 풍양면(4790041000)","1,019","1,019","0","0","26","35","75","137","253","192","244","56","1","454","454","0","0","21","29","53","90","158","64","32","7","0","565","565","0","0","5","6","22","47","95","128","212","49","1"
"경상북도 예천군 효자면(4790042000)","402","402","0","0","7","3","16","61","155","72","71","17","0","207","207","0","0","6","2","12","38","97","37","13","2","0","195","195","0","0","1","1","4","23","58","35","58","15","0"
"경상북도 예천군 은풍면(4790043000)","382","382","0","0","4","6","16","61","114","73","84","23","1","192","192","0","0","3","4","12","46","73","30","18","6","0","190","190","0","0","1","2","4","15","41","43","66","17","1"
"경상북도 봉화군 (4792000000)","8,751","8,751","0","184","215","364","640","1,521","2,356","1,483","1,637","342","9","4,426","4,426","0","62","140","270","478","1,034","1,437","602","339","63","1","4,325","4,325","0","122","75","94","162","487","919","881","1,298","279","8"
"경상북도 봉화군 봉화읍(4792025000)","2,339","2,339","0","122","93","148","202","382","540","393","382","75","2","1,109","1,109","0","23","60","106","131","252","302","136","89","9","1","1,230","1,230","0","99","33","42","71","130","238","257","293","66","1"
"경상북도 봉화군 물야면(4792031000)","838","838","0","0","7","16","56","139","245","166","178","30","1","425","425","0","0","5","14","43","98","145","77","36","7","0","413","413","0","0","2","2","13","41","100","89","142","23","1"
"경상북도 봉화군 봉성면(4792032000)","555","555","0","0","7","14","24","84","157","95","136","38","0","242","242","0","0","5","11","18","56","87","43","17","5","0","313","313","0","0","2","3","6","28","70","52","119","33","0"
"경상북도 봉화군 법전면(4792033000)","605","605","0","0","4","10","22","89","187","100","156","36","1","308","308","0","0","3","9","17","68","128","38","38","7","0","297","297","0","0","1","1","5","21","59","62","118","29","1"
"경상북도 봉화군 춘양면(4792034000)","1,381","1,381","0","61","53","64","101","248","344","203","257","49","1","674","674","0","38","32","41","70","153","193","79","56","12","0","707","707","0","23","21","23","31","95","151","124","201","37","1"
"경상북도 봉화군 소천면(4792035000)","814","814","0","0","6","20","40","159","259","154","143","32","1","416","416","0","0","3","12","28","111","166","61","29","6","0","398","398","0","0","3","8","12","48","93","93","114","26","1"
"경상북도 봉화군 재산면(4792036000)","464","464","0","0","9","13","28","92","146","72","82","21","1","238","238","0","0","5","9","21","56","90","39","16","2","0","226","226","0","0","4","4","7","36","56","33","66","19","1"
"경상북도 봉화군 명호면(4792037000)","648","648","0","1","5","12","45","125","205","115","117","21","2","359","359","0","1","4","9","39","90","142","49","22","3","0","289","289","0","0","1","3","6","35","63","66","95","18","2"
"경상북도 봉화군 상운면(4792038000)","559","559","0","0","14","19","33","83","147","115","120","28","0","289","289","0","0","11","13","26","53","99","49","29","9","0","270","270","0","0","3","6","7","30","48","66","91","19","0"
"경상북도 봉화군 석포면(4792039000)","548","548","0","0","17","48","89","120","126","70","66","12","0","366","366","0","0","12","46","85","97","85","31","7","3","0","182","182","0","0","5","2","4","23","41","39","59","9","0"
"경상북도 울진군 (4793000000)","13,493","13,493","1","15","973","1,047","1,163","2,398","3,169","2,162","2,063","490","12","6,705","6,705","0","11","646","749","796","1,581","1,753","791","322","54","2","6,788","6,788","1","4","327","298","367","817","1,416","1,371","1,741","436","10"
"경상북도 울진군 울진읍(4793025000)","2,640","2,640","0","7","253","298","274","481","532","381","331","82","1","1,299","1,299","0","5","151","198","173","285","288","141","47","11","0","1,341","1,341","0","2","102","100","101","196","244","240","284","71","1"
"경상북도 울진군 평해읍(4793025300)","927","927","0","0","50","46","56","141","210","186","184","54","0","385","385","0","0","25","29","39","97","101","65","24","5","0","542","542","0","0","25","17","17","44","109","121","160","49","0"
"경상북도 울진군 북면(4793031000)","1,890","1,890","0","2","286","254","239","370","371","182","152","31","3","1,144","1,144","0","2","213","195","177","246","206","72","28","4","1","746","746","0","0","73","59","62","124","165","110","124","27","2"
"경상북도 울진군 북면하당출장소(4793031500)","213","213","0","0","2","4","9","41","60","37","52","8","0","113","113","0","0","1","3","6","33","39","19","11","1","0","100","100","0","0","1","1","3","8","21","18","41","7","0"
"경상북도 울진군 근남면(4793033000)","848","848","0","2","24","39","63","141","244","123","170","41","1","415","415","0","1","16","32","44","101","139","51","26","5","0","433","433","0","1","8","7","19","40","105","72","144","36","1"
"경상북도 울진군 기성면(4793035000)","990","990","0","0","67","59","33","142","227","181","217","62","2","476","476","0","0","52","50","23","99","138","70","38","6","0","514","514","0","0","15","9","10","43","89","111","179","56","2"
"경상북도 울진군 온정면(4793036000)","570","570","0","0","9","12","23","93","126","113","141","52","1","254","254","0","0","6","6","19","66","76","43","27","10","1","316","316","0","0","3","6","4","27","50","70","114","42","0"
"경상북도 울진군 죽변면(4793037000)","2,083","2,083","0","1","125","176","227","410","533","309","258","43","1","1,113","1,113","0","1","84","131","155","283","302","119","35","3","0","970","970","0","0","41","45","72","127","231","190","223","40","1"
"경상북도 울진군 후포면(4793038000)","2,152","2,152","1","3","137","132","182","387","559","414","279","57","1","962","962","0","2","84","89","120","238","264","122","39","4","0","1,190","1,190","1","1","53","43","62","149","295","292","240","53","1"
"경상북도 울진군 금강송면(4793039000)","463","463","0","0","1","8","22","84","140","96","99","13","0","235","235","0","0","1","4","15","56","99","39","19","2","0","228","228","0","0","0","4","7","28","41","57","80","11","0"
"경상북도 울진군 매화면(4793040000)","717","717","0","0","19","19","35","108","167","140","180","47","2","309","309","0","0","13","12","25","77","101","50","28","3","0","408","408","0","0","6","7","10","31","66","90","152","44","2"
"경상북도 울릉군 (4794000000)","3,594","3,594","0","1","315","395","491","825","853","430","233","51","0","2,298","2,298","0","1","240","303","394","602","542","166","47","3","0","1,296","1,296","0","0","75","92","97","223","311","264","186","48","0"
"경상북도 울릉군 울릉읍(4794025000)","2,511","2,511","0","1","241","296","380","581","574","290","124","24","0","1,633","1,633","0","1","183","221","299","432","361","109","25","2","0","878","878","0","0","58","75","81","149","213","181","99","22","0"
"경상북도 울릉군 서면(4794031000)","330","330","0","0","21","28","34","72","84","45","34","12","0","200","200","0","0","16","23","28","55","55","17","6","0","0","130","130","0","0","5","5","6","17","29","28","28","12","0"
"경상북도 울릉군 서면태하출장소(4794031500)","165","165","0","0","7","10","13","41","36","27","23","8","0","100","100","0","0","6","9","11","28","26","10","9","1","0","65","65","0","0","1","1","2","13","10","17","14","7","0"
"경상북도 울릉군 북면(4794032000)","588","588","0","0","46","61","64","131","159","68","52","7","0","365","365","0","0","35","50","56","87","100","30","7","0","0","223","223","0","0","11","11","8","44","59","38","45","7","0"
"경상남도  (4800000000)","637,760","637,760","159","2,668","59,555","75,183","77,763","118,160","142,608","88,314","61,644","11,496","210","329,332","329,332","73","1,550","34,744","51,258","53,577","72,069","72,186","31,522","10,836","1,491","26","308,428","308,428","86","1,118","24,811","23,925","24,186","46,091","70,422","56,792","50,808","10,005","184"
"경상남도 창원시 (4812000000)","177,016","177,016","37","376","21,530","25,696","23,708","31,431","37,663","22,343","12,325","1,872","35","93,881","93,881","13","196","12,984","17,676","16,159","18,712","17,682","7,793","2,383","275","8","83,135","83,135","24","180","8,546","8,020","7,549","12,719","19,981","14,550","9,942","1,597","27"
"경상남도 창원시 의창구 (4812100000)","37,768","37,768","9","95","4,905","5,410","5,080","7,224","8,207","4,201","2,282","346","9","20,500","20,500","2","39","2,894","3,708","3,447","4,335","4,008","1,569","450","48","0","17,268","17,268","7","56","2,011","1,702","1,633","2,889","4,199","2,632","1,832","298","9"
"경상남도 창원시 의창구 동읍(4812125000)","3,755","3,755","0","3","183","317","443","800","955","589","405","59","1","1,879","1,879","0","1","120","222","261","462","485","241","84","3","0","1,876","1,876","0","2","63","95","182","338","470","348","321","56","1"
"경상남도 창원시 의창구 북면(4812131000)","4,109","4,109","0","5","123","491","667","803","1,065","550","348","56","1","2,089","2,089","0","3","73","326","455","427","517","223","55","10","0","2,020","2,020","0","2","50","165","212","376","548","327","293","46","1"
"경상남도 창원시 의창구 대산면(4812132000)","1,779","1,779","0","3","48","134","159","324","470","322","267","51","1","900","900","0","1","31","99","118","206","274","122","42","7","0","879","879","0","2","17","35","41","118","196","200","225","44","1"
"경상남도 창원시 의창구 의창동(4812151000)","7,212","7,212","2","6","855","1,238","976","1,258","1,552","878","392","54","1","3,818","3,818","0","1","468","854","672","737","678","322","77","9","0","3,394","3,394","2","5","387","384","304","521","874","556","315","45","1"
"경상남도 창원시 의창구 팔룡동(4812152000)","4,189","4,189","2","13","659","856","641","855","696","314","132","20","1","2,300","2,300","0","7","361","564","431","506","311","92","23","5","0","1,889","1,889","2","6","298","292","210","349","385","222","109","15","1"
"경상남도 창원시 의창구 명곡동(4812153000)","7,045","7,045","2","11","578","906","987","1,597","1,715","810","384","55","0","3,768","3,768","0","8","333","605","657","972","807","290","92","4","0","3,277","3,277","2","3","245","301","330","625","908","520","292","51","0"
"경상남도 창원시 의창구 봉림동(4812154000)","9,679","9,679","3","54","2,459","1,468","1,207","1,587","1,754","738","354","51","4","5,746","5,746","2","18","1,508","1,038","853","1,025","936","279","77","10","0","3,933","3,933","1","36","951","430","354","562","818","459","277","41","4"
"경상남도 창원시 성산구 (4812300000)","37,734","37,734","3","64","6,677","8,536","5,629","6,513","6,163","2,639","1,316","189","5","21,001","21,001","0","35","4,039","5,834","3,640","3,596","2,681","888","263","25","0","16,733","16,733","3","29","2,638","2,702","1,989","2,917","3,482","1,751","1,053","164","5"
"경상남도 창원시 성산구 반송동(4812351000)","4,057","4,057","0","6","498","621","545","785","906","451","210","34","1","2,072","2,072","0","4","284","412","357","430","393","142","46","4","0","1,985","1,985","0","2","214","209","188","355","513","309","164","30","1"
"경상남도 창원시 성산구 용지동(4812351500)","4,831","4,831","1","15","807","1,067","713","878","798","344","181","27","0","2,557","2,557","0","10","439","695","448","461","353","123","24","4","0","2,274","2,274","1","5","368","372","265","417","445","221","157","23","0"
"경상남도 창원시 성산구 중앙동(4812352000)","10,727","10,727","1","28","2,843","2,821","1,639","1,577","1,207","413","159","37","2","6,787","6,787","0","13","1,753","1,987","1,114","1,017","661","186","51","5","0","3,940","3,940","1","15","1,090","834","525","560","546","227","108","32","2"
"경상남도 창원시 성산구 상남동(4812353000)","3,052","3,052","0","4","429","684","490","578","530","201","117","18","1","1,486","1,486","0","3","239","443","268","277","185","54","11","6","0","1,566","1,566","0","1","190","241","222","301","345","147","106","12","1"
"경상남도 창원시 성산구 사파동(4812354000)","6,751","6,751","1","4","856","1,532","1,108","1,226","1,173","520","292","39","0","3,302","3,302","0","1","450","984","634","584","438","157","51","3","0","3,449","3,449","1","3","406","548","474","642","735","363","241","36","0"
"경상남도 창원시 성산구 가음정동(4812355000)","4,573","4,573","0","4","654","1,057","599","752","909","398","180","20","0","2,444","2,444","0","2","433","736","388","356","371","123","33","2","0","2,129","2,129","0","2","221","321","211","396","538","275","147","18","0"
"경상남도 창원시 성산구 성주동(4812356000)","2,373","2,373","0","2","356","548","381","482","375","146","77","5","1","1,500","1,500","0","1","235","407","303","327","156","49","21","1","0","873","873","0","1","121","141","78","155","219","97","56","4","1"
"경상남도 창원시 성산구 웅남동(4812357000)","1,370","1,370","0","1","234","206","154","235","265","166","100","9","0","853","853","0","1","206","170","128","144","124","54","26","0","0","517","517","0","0","28","36","26","91","141","112","74","9","0"
"경상남도 창원시 마산합포구 (4812500000)","36,699","36,699","5","109","3,870","3,624","4,080","6,006","8,743","6,065","3,597","588","12","18,083","18,083","2","65","2,266","2,400","2,747","3,589","4,115","2,139","661","93","6","18,616","18,616","3","44","1,604","1,224","1,333","2,417","4,628","3,926","2,936","495","6"
"경상남도 창원시 마산합포구 구산면(4812531000)","1,238","1,238","0","24","36","58","102","194","348","247","187","42","0","633","633","0","17","24","36","88","131","207","99","27","4","0","605","605","0","7","12","22","14","63","141","148","160","38","0"
"경상남도 창원시 마산합포구 진동면(4812532000)","2,246","2,246","2","0","112","183","309","467","558","357","221","36","1","1,270","1,270","1","0","68","131","247","323","312","141","44","3","0","976","976","1","0","44","52","62","144","246","216","177","33","1"
"경상남도 창원시 마산합포구 진북면(4812533000)","994","994","0","3","20","37","73","161","311","197","152","39","1","545","545","0","2","12","28","57","112","208","95","24","6","1","449","449","0","1","8","9","16","49","103","102","128","33","0"
"경상남도 창원시 마산합포구 진전면(4812534000)","1,161","1,161","0","0","22","35","45","163","371","244","234","46","1","572","572","0","0","13","24","34","114","215","121","43","7","1","589","589","0","0","9","11","11","49","156","123","191","39","0"
"경상남도 창원시 마산합포구 현동(4812551000)","1,827","1,827","0","0","57","148","238","331","518","351","162","22","0","888","888","0","0","32","100","163","194","221","131","43","4","0","939","939","0","0","25","48","75","137","297","220","119","18","0"
"경상남도 창원시 마산합포구 가포동(4812552000)","1,171","1,171","0","1","130","316","174","160","200","141","47","2","0","672","672","0","1","76","196","116","79","116","75","13","0","0","499","499","0","0","54","120","58","81","84","66","34","2","0"
"경상남도 창원시 마산합포구 월영동(4812553000)","5,072","5,072","1","35","1,052","578","576","727","1,021","705","337","39","1","2,437","2,437","0","18","665","405","369","356","375","190","53","6","0","2,635","2,635","1","17","387","173","207","371","646","515","284","33","1"
"경상남도 창원시 마산합포구 문화동(4812554000)","3,288","3,288","0","23","1,045","265","261","400","554","423","267","50","0","1,701","1,701","0","12","622","187","182","239","257","129","62","11","0","1,587","1,587","0","11","423","78","79","161","297","294","205","39","0"
"경상남도 창원시 마산합포구 반월중앙동(4812556500)","2,442","2,442","1","3","133","204","243","397","576","496","331","57","1","1,029","1,029","1","2","62","137","162","220","239","137","60","8","1","1,413","1,413","0","1","71","67","81","177","337","359","271","49","0"
"경상남도 창원시 마산합포구 완월동(4812557000)","1,548","1,548","0","1","95","125","137","270","390","300","201","27","2","686","686","0","1","47","70","85","154","180","107","38","3","1","862","862","0","0","48","55","52","116","210","193","163","24","1"
"경상남도 창원시 마산합포구 자산동(4812558000)","1,742","1,742","0","2","63","107","161","275","486","398","220","28","2","734","734","0","1","34","66","109","146","206","141","27","3","1","1,008","1,008","0","1","29","41","52","129","280","257","193","25","1"
"경상남도 창원시 마산합포구 교방동(4812561000)","3,150","3,150","0","4","170","412","342","487","778","584","319","54","0","1,490","1,490","0","2","94","274","230","305","336","187","55","7","0","1,660","1,660","0","2","76","138","112","182","442","397","264","47","0"
"경상남도 창원시 마산합포구 오동동(4812563000)","5,883","5,883","0","5","535","606","768","1,066","1,429","879","518","76","1","2,941","2,941","0","3","285","383","492","656","690","322","94","16","0","2,942","2,942","0","2","250","223","276","410","739","557","424","60","1"
"경상남도 창원시 마산합포구 합포동(4812564000)","1,855","1,855","0","0","95","197","232","343","470","293","188","36","1","928","928","0","0","55","124","144","209","225","123","40","7","1","927","927","0","0","40","73","88","134","245","170","148","29","0"
"경상남도 창원시 마산합포구 산호동(4812565000)","3,082","3,082","1","8","305","353","419","565","733","450","213","34","1","1,557","1,557","0","6","177","239","269","351","328","141","38","8","0","1,525","1,525","1","2","128","114","150","214","405","309","175","26","1"
"경상남도 창원시 마산회원구 (4812700000)","31,714","31,714","10","61","2,349","3,290","3,695","5,763","8,143","5,334","2,711","352","6","15,429","15,429","3","30","1,226","2,174","2,500","3,414","3,688","1,786","557","50","1","16,285","16,285","7","31","1,123","1,116","1,195","2,349","4,455","3,548","2,154","302","5"
"경상남도 창원시 마산회원구 내서읍(4812725000)","7,807","7,807","2","21","620","757","947","1,579","1,956","1,196","646","83","0","3,823","3,823","1","10","365","532","640","870","890","381","124","10","0","3,984","3,984","1","11","255","225","307","709","1,066","815","522","73","0"
"경상남도 창원시 마산회원구 회원1동(4812751000)","2,448","2,448","1","2","92","143","223","413","706","513","304","50","1","1,127","1,127","0","2","47","92","152","261","333","171","59","10","0","1,321","1,321","1","0","45","51","71","152","373","342","245","40","1"
"경상남도 창원시 마산회원구 회원2동(4812752000)","1,723","1,723","2","4","64","190","166","274","466","349","170","37","1","776","776","1","4","29","125","105","152","220","105","32","3","0","947","947","1","0","35","65","61","122","246","244","138","34","1"
"경상남도 창원시 마산회원구 석전동(4812754500)","3,232","3,232","1","3","150","339","361","562","836","629","320","31","0","1,538","1,538","0","1","73","220","241","345","364","219","71","4","0","1,694","1,694","1","2","77","119","120","217","472","410","249","27","0"
"경상남도 창원시 마산회원구 회성동(4812755000)","1,342","1,342","0","1","26","77","130","231","391","296","165","25","0","656","656","0","1","14","53","92","148","197","103","43","5","0","686","686","0","0","12","24","38","83","194","193","122","20","0"
"경상남도 창원시 마산회원구 양덕1동(4812756000)","2,614","2,614","0","3","238","298","322","464","679","419","169","22","0","1,299","1,299","0","3","125","180","212","296","302","143","36","2","0","1,315","1,315","0","0","113","118","110","168","377","276","133","20","0"
"경상남도 창원시 마산회원구 양덕2동(4812757000)","3,122","3,122","0","3","243","463","428","508","735","492","227","23","0","1,417","1,417","0","1","136","300","283","261","233","147","51","5","0","1,705","1,705","0","2","107","163","145","247","502","345","176","18","0"
"경상남도 창원시 마산회원구 합성1동(4812758000)","2,097","2,097","0","3","222","223","237","374","539","325","153","20","1","1,074","1,074","0","1","101","140","154","226","283","137","27","4","1","1,023","1,023","0","2","121","83","83","148","256","188","126","16","0"
"경상남도 창원시 마산회원구 합성2동(4812759000)","2,506","2,506","1","7","297","307","285","432","657","334","171","15","0","1,273","1,273","1","2","131","205","200","270","316","112","36","0","0","1,233","1,233","0","5","166","102","85","162","341","222","135","15","0"
"경상남도 창원시 마산회원구 구암1동(4812760000)","1,900","1,900","1","2","84","132","179","378","552","361","187","23","1","871","871","0","0","41","89","118","233","239","106","41","4","0","1,029","1,029","1","2","43","43","61","145","313","255","146","19","1"
"경상남도 창원시 마산회원구 구암2동(4812761000)","1,878","1,878","0","10","252","241","239","321","393","273","134","15","0","912","912","0","4","114","147","166","186","172","93","28","2","0","966","966","0","6","138","94","73","135","221","180","106","13","0"
"경상남도 창원시 마산회원구 봉암동(4812762000)","1,045","1,045","2","2","61","120","178","227","233","147","65","8","2","663","663","0","1","50","91","137","166","139","69","9","1","0","382","382","2","1","11","29","41","61","94","78","56","7","2"
"경상남도 창원시 진해구 (4812900000)","33,101","33,101","10","47","3,729","4,836","5,224","5,925","6,407","4,104","2,419","397","3","18,868","18,868","6","27","2,559","3,560","3,825","3,778","3,190","1,411","452","59","1","14,233","14,233","4","20","1,170","1,276","1,399","2,147","3,217","2,693","1,967","338","2"
"경상남도 창원시 진해구 충무동(4812953000)","3,383","3,383","0","9","749","427","309","431","606","482","315","55","0","1,939","1,939","0","8","583","333","221","264","306","159","54","11","0","1,444","1,444","0","1","166","94","88","167","300","323","261","44","0"
"경상남도 창원시 진해구 여좌동(4812954000)","2,092","2,092","0","3","151","183","196","318","449","397","332","62","1","959","959","0","2","110","136","133","191","210","111","59","7","0","1,133","1,133","0","1","41","47","63","127","239","286","273","55","1"
"경상남도 창원시 진해구 태백동(4812955000)","929","929","0","3","44","57","103","160","205","191","138","28","0","439","439","0","3","31","41","64","100","109","59","29","3","0","490","490","0","0","13","16","39","60","96","132","109","25","0"
"경상남도 창원시 진해구 경화동(4812956000)","1,433","1,433","1","1","80","122","165","237","326","297","169","35","0","689","689","1","0","54","88","124","145","144","98","28","7","0","744","744","0","1","26","34","41","92","182","199","141","28","0"
"경상남도 창원시 진해구 병암동(4812957000)","1,393","1,393","0","3","120","128","167","222","338","228","167","20","0","661","661","0","2","72","78","118","123","159","71","36","2","0","732","732","0","1","48","50","49","99","179","157","131","18","0"
"경상남도 창원시 진해구 석동(4812958000)","2,737","2,737","0","3","627","590","419","409","350","226","100","12","1","1,660","1,660","0","1","394","430","303","263","165","82","20","1","1","1,077","1,077","0","2","233","160","116","146","185","144","80","11","0"
"경상남도 창원시 진해구 이동(4812959000)","2,768","2,768","0","3","460","390","368","501","528","321","167","29","1","1,582","1,582","0","0","297","274","261","329","266","125","27","3","0","1,186","1,186","0","3","163","116","107","172","262","196","140","26","1"
"경상남도 창원시 진해구 자은동(4812960000)","3,013","3,013","0","2","235","395","417","559","721","443","215","26","0","1,530","1,530","0","1","155","275","285","301","306","164","38","5","0","1,483","1,483","0","1","80","120","132","258","415","279","177","21","0"
"경상남도 창원시 진해구 덕산동(4812961000)","1,396","1,396","0","1","161","140","146","221","340","238","133","16","0","633","633","0","1","117","108","98","110","124","55","17","3","0","763","763","0","0","44","32","48","111","216","183","116","13","0"
"경상남도 창원시 진해구 풍호동(4812962000)","1,757","1,757","0","0","100","210","266","288","432","287","154","20","0","822","822","0","0","61","138","180","148","177","80","33","5","0","935","935","0","0","39","72","86","140","255","207","121","15","0"
"경상남도 창원시 진해구 웅천동(4812963000)","1,652","1,652","0","2","80","191","268","320","382","206","173","30","0","841","841","0","0","46","116","179","184","209","77","28","2","0","811","811","0","2","34","75","89","136","173","129","145","28","0"
"경상남도 창원시 진해구 웅동1동(4812964000)","1,324","1,324","0","0","50","142","180","298","345","174","106","29","0","721","721","0","0","28","101","127","180","173","85","21","6","0","603","603","0","0","22","41","53","118","172","89","85","23","0"
"경상남도 창원시 진해구 웅동2동(4812965000)","9,224","9,224","9","17","872","1,861","2,220","1,961","1,385","614","250","35","0","6,392","6,392","5","9","611","1,442","1,732","1,440","842","245","62","4","0","2,832","2,832","4","8","261","419","488","521","543","369","188","31","0"
"경상남도 진주시 (4817000000)","68,204","68,204","19","382","11,415","9,082","7,005","10,925","13,299","8,926","6,072","1,061","18","33,205","33,205","9","180","6,213","5,956","4,526","6,237","6,002","2,872","1,062","144","4","34,999","34,999","10","202","5,202","3,126","2,479","4,688","7,297","6,054","5,010","917","14"
"경상남도 진주시 문산읍(4817025000)","1,505","1,505","0","1","96","152","106","267","356","279","206","42","0","729","729","0","0","50","101","75","175","198","102","22","6","0","776","776","0","1","46","51","31","92","158","177","184","36","0"
"경상남도 진주시 내동면(4817031000)","511","511","0","1","22","29","47","86","141","89","79","17","0","269","269","0","0","14","18","38","54","84","39","17","5","0","242","242","0","1","8","11","9","32","57","50","62","12","0"
"경상남도 진주시 정촌면(4817032000)","1,442","1,442","0","3","115","275","206","268","286","150","118","18","3","846","846","0","3","72","203","155","163","150","73","25","2","0","596","596","0","0","43","72","51","105","136","77","93","16","3"
"경상남도 진주시 금곡면(4817033000)","669","669","0","1","11","18","38","106","151","139","165","39","1","290","290","0","1","9","14","27","76","88","48","23","4","0","379","379","0","0","2","4","11","30","63","91","142","35","1"
"경상남도 진주시 진성면(4817035000)","545","545","0","0","7","21","27","87","140","106","122","33","2","271","271","0","0","6","17","19","67","95","41","19","6","1","274","274","0","0","1","4","8","20","45","65","103","27","1"
"경상남도 진주시 일반성면(4817036000)","672","672","0","0","12","24","45","122","170","138","140","21","0","303","303","0","0","8","18","35","76","98","51","15","2","0","369","369","0","0","4","6","10","46","72","87","125","19","0"
"경상남도 진주시 이반성면(4817037000)","594","594","0","0","3","9","28","80","183","122","137","32","0","284","284","0","0","2","5","19","57","113","61","24","3","0","310","310","0","0","1","4","9","23","70","61","113","29","0"
"경상남도 진주시 사봉면(4817038000)","493","493","0","1","8","17","24","66","118","107","119","33","0","223","223","0","1","5","12","18","56","70","40","20","1","0","270","270","0","0","3","5","6","10","48","67","99","32","0"
"경상남도 진주시 지수면(4817039000)","467","467","0","1","11","14","27","69","118","87","110","29","1","226","226","0","1","6","12","23","48","79","39","15","3","0","241","241","0","0","5","2","4","21","39","48","95","26","1"
"경상남도 진주시 대곡면(4817040000)","896","896","1","2","20","33","55","131","206","178","219","51","0","424","424","1","1","15","28","46","92","125","73","38","5","0","472","472","0","1","5","5","9","39","81","105","181","46","0"
"경상남도 진주시 금산면(4817041000)","2,055","2,055","1","5","211","207","242","387","473","288","207","33","1","974","974","0","2","154","139","161","215","191","76","29","7","0","1,081","1,081","1","3","57","68","81","172","282","212","178","26","1"
"경상남도 진주시 집현면(4817042000)","897","897","0","0","15","44","81","192","239","150","141","35","0","460","460","0","0","7","27","57","132","146","50","35","6","0","437","437","0","0","8","17","24","60","93","100","106","29","0"
"경상남도 진주시 미천면(4817043000)","567","567","0","0","4","13","25","90","130","124","147","33","1","270","270","0","0","4","10","16","72","89","52","24","3","0","297","297","0","0","0","3","9","18","41","72","123","30","1"
"경상남도 진주시 명석면(4817044000)","1,080","1,080","0","0","20","34","68","222","311","226","161","37","1","505","505","0","0","8","19","54","133","166","89","30","6","0","575","575","0","0","12","15","14","89","145","137","131","31","1"
"경상남도 진주시 대평면(4817045000)","309","309","0","0","7","13","22","47","77","66","59","17","1","128","128","0","0","3","8","13","30","41","26","6","1","0","181","181","0","0","4","5","9","17","36","40","53","16","1"
"경상남도 진주시 수곡면(4817046000)","656","656","0","0","13","17","25","114","179","109","157","42","0","316","316","0","0","10","13","21","91","114","45","18","4","0","340","340","0","0","3","4","4","23","65","64","139","38","0"
"경상남도 진주시 천전동(4817051500)","6,724","6,724","1","54","1,864","789","577","842","1,094","850","568","84","1","3,142","3,142","0","27","989","490","359","479","440","235","115","8","0","3,582","3,582","1","27","875","299","218","363","654","615","453","76","1"
"경상남도 진주시 성북동(4817055500)","3,530","3,530","0","4","412","444","469","627","797","457","268","52","0","1,778","1,778","0","1","192","282","290","379","396","174","56","8","0","1,752","1,752","0","3","220","162","179","248","401","283","212","44","0"
"경상남도 진주시 중앙동(4817056500)","3,562","3,562","1","1","235","293","290","585","860","781","461","55","0","1,560","1,560","0","0","113","184","184","363","398","247","68","3","0","2,002","2,002","1","1","122","109","106","222","462","534","393","52","0"
"경상남도 진주시 상봉동(4817059500)","3,882","3,882","1","10","423","378","386","736","915","584","392","56","1","1,848","1,848","1","2","183","239","255","467","439","178","74","10","0","2,034","2,034","0","8","240","139","131","269","476","406","318","46","1"
"경상남도 진주시 상대동(4817067300)","5,022","5,022","10","12","756","730","604","905","990","616","354","45","0","2,528","2,528","5","7","420","493","390","509","426","190","79","9","0","2,494","2,494","5","5","336","237","214","396","564","426","275","36","0"
"경상남도 진주시 하대동(4817067800)","4,765","4,765","2","8","585","741","549","997","972","570","300","41","0","2,366","2,366","2","5","322","522","377","552","377","158","47","4","0","2,399","2,399","0","3","263","219","172","445","595","412","253","37","0"
"경상남도 진주시 상평동(4817068000)","2,423","2,423","0","8","327","347","313","437","519","295","160","17","0","1,331","1,331","0","3","185","236","216","286","258","103","38","6","0","1,092","1,092","0","5","142","111","97","151","261","192","122","11","0"
"경상남도 진주시 초장동(4817069500)","2,106","2,106","0","8","268","465","326","375","347","214","85","17","1","1,014","1,014","0","2","138","285","192","181","143","63","8","1","1","1,092","1,092","0","6","130","180","134","194","204","151","77","16","0"
"경상남도 진주시 평거동(4817071000)","4,139","4,139","0","13","590","652","458","733","810","488","342","50","3","1,684","1,684","0","7","268","378","252","301","285","120","62","9","2","2,455","2,455","0","6","322","274","206","432","525","368","280","41","1"
"경상남도 진주시 신안동(4817071500)","2,181","2,181","0","10","355","234","217","342","460","333","196","34","0","926","926","0","8","158","159","131","178","157","93","34","8","0","1,255","1,255","0","2","197","75","86","164","303","240","162","26","0"
"경상남도 진주시 이현동(4817072000)","1,754","1,754","0","8","118","159","155","358","474","292","163","27","0","782","782","0","6","68","108","102","179","190","96","28","5","0","972","972","0","2","50","51","53","179","284","196","135","22","0"
"경상남도 진주시 판문동(4817073000)","2,230","2,230","0","5","170","268","261","405","527","387","180","26","1","982","982","0","1","93","181","167","187","211","109","31","2","0","1,248","1,248","0","4","77","87","94","218","316","278","149","24","1"
"경상남도 진주시 가호동(4817074000)","9,131","9,131","1","222","4,167","1,415","762","817","883","553","271","40","0","5,004","5,004","0","99","2,433","999","498","447","316","159","47","6","0","4,127","4,127","1","123","1,734","416","264","370","567","394","224","34","0"
"경상남도 진주시 충무공동(4817075000)","3,397","3,397","1","4","570","1,247","572","432","373","148","45","5","0","1,742","1,742","0","3","278","756","336","192","119","42","15","1","0","1,655","1,655","1","1","292","491","236","240","254","106","30","4","0"
"경상남도 통영시 (4822000000)","26,731","26,731","4","49","1,482","2,177","3,299","5,771","6,885","4,155","2,524","381","4","13,632","13,632","1","21","808","1,413","2,301","3,556","3,490","1,537","450","55","0","13,099","13,099","3","28","674","764","998","2,215","3,395","2,618","2,074","326","4"
"경상남도 통영시 산양읍(4822025000)","1,408","1,408","0","0","25","64","132","335","376","240","202","34","0","771","771","0","0","17","44","95","231","234","114","31","5","0","637","637","0","0","8","20","37","104","142","126","171","29","0"
"경상남도 통영시 용남면(4822031000)","1,764","1,764","0","2","55","145","241","456","408","255","176","25","1","891","891","0","0","28","89","174","259","199","100","36","6","0","873","873","0","2","27","56","67","197","209","155","140","19","1"
"경상남도 통영시 도산면(4822033000)","830","830","0","0","16","25","56","145","232","172","154","28","2","425","425","0","0","9","16","42","115","151","67","20","5","0","405","405","0","0","7","9","14","30","81","105","134","23","2"
"경상남도 통영시 광도면(4822034000)","5,068","5,068","3","6","430","732","980","1,211","996","442","225","43","0","2,895","2,895","0","2","239","488","697","736","499","188","39","7","0","2,173","2,173","3","4","191","244","283","475","497","254","186","36","0"
"경상남도 통영시 욕지면(4822035000)","842","842","0","0","26","32","104","213","235","118","97","17","0","528","528","0","0","14","25","87","151","152","65","31","3","0","314","314","0","0","12","7","17","62","83","53","66","14","0"
"경상남도 통영시 한산면(4822036000)","827","827","0","0","12","42","60","140","213","168","161","31","0","444","444","0","0","5","31","49","111","146","72","27","3","0","383","383","0","0","7","11","11","29","67","96","134","28","0"
"경상남도 통영시 사량면(4822037000)","605","605","0","0","13","20","49","121","169","105","114","14","0","301","301","0","0","6","12","32","86","100","47","17","1","0","304","304","0","0","7","8","17","35","69","58","97","13","0"
"경상남도 통영시 도천동(4822051000)","2,176","2,176","0","12","239","124","202","394","576","357","237","35","0","1,104","1,104","0","4","158","83","148","255","290","119","43","4","0","1,072","1,072","0","8","81","41","54","139","286","238","194","31","0"
"경상남도 통영시 명정동(4822053000)","799","799","0","2","12","25","57","143","245","188","112","15","0","353","353","0","0","7","14","39","95","119","62","12","5","0","446","446","0","2","5","11","18","48","126","126","100","10","0"
"경상남도 통영시 중앙동(4822055000)","1,111","1,111","0","1","26","51","91","215","348","241","126","12","0","530","530","0","1","16","39","58","134","175","86","20","1","0","581","581","0","0","10","12","33","81","173","155","106","11","0"
"경상남도 통영시 정량동(4822059000)","2,061","2,061","0","4","48","101","209","527","595","366","190","21","0","1,040","1,040","0","2","23","63","151","345","298","121","36","1","0","1,021","1,021","0","2","25","38","58","182","297","245","154","20","0"
"경상남도 통영시 북신동(4822060000)","1,751","1,751","1","2","80","111","158","312","498","367","193","29","0","648","648","1","1","45","71","103","152","157","85","31","2","0","1,103","1,103","0","1","35","40","55","160","341","282","162","27","0"
"경상남도 통영시 미수동(4822066500)","1,866","1,866","0","5","63","109","205","389","578","331","155","31","0","866","866","0","3","35","69","142","198","273","116","26","4","0","1,000","1,000","0","2","28","40","63","191","305","215","129","27","0"
"경상남도 통영시 봉평동(4822067000)","2,803","2,803","0","8","95","201","302","584","819","492","268","34","0","1,463","1,463","0","6","47","139","192","377","445","189","61","7","0","1,340","1,340","0","2","48","62","110","207","374","303","207","27","0"
"경상남도 통영시 무전동(4822070000)","2,820","2,820","0","7","342","395","453","586","597","313","114","12","1","1,373","1,373","0","2","159","230","292","311","252","106","20","1","0","1,447","1,447","0","5","183","165","161","275","345","207","94","11","1"
"경상남도 사천시 (4824000000)","26,160","26,160","1","102","2,199","2,696","2,969","4,961","5,728","3,934","3,002","559","9","13,549","13,549","0","88","1,549","1,972","2,056","3,066","2,902","1,352","491","72","1","12,611","12,611","1","14","650","724","913","1,895","2,826","2,582","2,511","487","8"
"경상남도 사천시 사천읍(4824025000)","4,595","4,595","0","27","663","688","639","935","793","458","330","62","0","2,745","2,745","0","22","478","533","462","604","413","158","64","11","0","1,850","1,850","0","5","185","155","177","331","380","300","266","51","0"
"경상남도 사천시 정동면(4824031000)","2,289","2,289","0","5","200","368","337","427","420","266","215","50","1","1,175","1,175","0","5","135","262","234","224","185","92","36","2","0","1,114","1,114","0","0","65","106","103","203","235","174","179","48","1"
"경상남도 사천시 사남면(4824032000)","3,153","3,153","1","40","559","657","453","507","409","285","197","45","0","1,977","1,977","0","37","413","500","323","332","231","100","34","7","0","1,176","1,176","1","3","146","157","130","175","178","185","163","38","0"
"경상남도 사천시 용현면(4824033000)","1,836","1,836","0","0","90","137","253","358","456","298","194","49","1","959","959","0","0","57","98","184","226","235","122","32","5","0","877","877","0","0","33","39","69","132","221","176","162","44","1"
"경상남도 사천시 축동면(4824034000)","507","507","0","0","7","30","34","97","143","84","91","20","1","271","271","0","0","4","20","29","62","99","41","14","2","0","236","236","0","0","3","10","5","35","44","43","77","18","1"
"경상남도 사천시 곤양면(4824035000)","1,097","1,097","0","2","34","36","69","210","309","204","198","34","1","570","570","0","1","29","28","50","143","201","80","31","7","0","527","527","0","1","5","8","19","67","108","124","167","27","1"
"경상남도 사천시 곤명면(4824036000)","948","948","0","0","17","26","60","182","247","173","202","41","0","454","454","0","0","15","18","47","129","139","67","30","9","0","494","494","0","0","2","8","13","53","108","106","172","32","0"
"경상남도 사천시 서포면(4824037000)","1,066","1,066","0","0","19","34","74","205","285","196","207","44","2","494","494","0","0","14","23","51","143","159","69","30","5","0","572","572","0","0","5","11","23","62","126","127","177","39","2"
"경상남도 사천시 동서동(4824051000)","1,545","1,545","0","0","29","47","103","289","392","362","285","38","0","621","621","0","0","24","31","76","180","181","94","30","5","0","924","924","0","0","5","16","27","109","211","268","255","33","0"
"경상남도 사천시 선구동(4824052000)","1,389","1,389","0","1","82","105","147","278","342","255","158","21","0","640","640","0","0","54","74","99","156","151","83","20","3","0","749","749","0","1","28","31","48","122","191","172","138","18","0"
"경상남도 사천시 동서금동(4824053000)","1,400","1,400","0","3","63","101","118","283","375","289","155","12","1","595","595","0","3","29","67","67","165","154","82","25","3","0","805","805","0","0","34","34","51","118","221","207","130","9","1"
"경상남도 사천시 벌용동(4824055000)","3,294","3,294","0","1","185","282","359","633","850","568","360","56","0","1,461","1,461","0","0","104","186","214","330","372","188","62","5","0","1,833","1,833","0","1","81","96","145","303","478","380","298","51","0"
"경상남도 사천시 향촌동(4824057000)","1,797","1,797","0","16","218","138","225","358","386","235","183","37","1","1,031","1,031","0","13","168","102","156","246","217","86","38","5","0","766","766","0","3","50","36","69","112","169","149","145","32","1"
"경상남도 사천시 남양동(4824059500)","1,174","1,174","0","7","32","45","93","189","301","246","213","47","1","528","528","0","7","24","29","61","118","153","88","44","3","1","646","646","0","0","8","16","32","71","148","158","169","44","0"
"경상남도 김해시 (4825000000)","84,039","84,039","45","211","8,328","12,523","12,416","17,346","17,833","9,380","5,219","723","15","45,615","45,615","24","110","4,741","8,558","8,523","10,316","8,922","3,303","1,009","107","2","38,424","38,424","21","101","3,587","3,965","3,893","7,030","8,911","6,077","4,210","616","13"
"경상남도 김해시 진영읍(4825025000)","9,084","9,084","10","19","566","1,243","1,663","1,997","1,991","977","530","86","2","5,234","5,234","4","10","364","893","1,208","1,240","1,017","364","112","21","1","3,850","3,850","6","9","202","350","455","757","974","613","418","65","1"
"경상남도 김해시 주촌면(4825032000)","2,242","2,242","1","5","159","554","447","409","396","167","89","15","0","1,391","1,391","1","3","82","409","319","235","234","85","21","2","0","851","851","0","2","77","145","128","174","162","82","68","13","0"
"경상남도 김해시 진례면(4825033000)","1,710","1,710","0","7","71","123","165","355","481","289","182","36","1","1,023","1,023","0","5","53","91","132","269","311","127","32","3","0","687","687","0","2","18","32","33","86","170","162","150","33","1"
"경상남도 김해시 한림면(4825034000)","2,096","2,096","1","10","42","116","161","431","654","363","273","45","0","1,260","1,260","0","7","30","86","136","350","441","167","39","4","0","836","836","1","3","12","30","25","81","213","196","234","41","0"
"경상남도 김해시 생림면(4825035000)","1,115","1,115","0","1","28","52","71","234","337","203","168","21","0","642","642","0","1","17","42","55","170","222","98","35","2","0","473","473","0","0","11","10","16","64","115","105","133","19","0"
"경상남도 김해시 상동면(4825036000)","918","918","0","0","20","45","76","187","330","160","86","13","1","561","561","0","0","14","34","58","135","223","75","21","1","0","357","357","0","0","6","11","18","52","107","85","65","12","1"
"경상남도 김해시 대동면(4825037000)","1,328","1,328","0","1","15","50","93","198","455","302","184","29","1","706","706","0","0","10","36","65","140","278","138","36","2","1","622","622","0","1","5","14","28","58","177","164","148","27","0"
"경상남도 김해시 동상동(4825051000)","2,157","2,157","3","5","158","307","307","440","517","250","148","22","0","1,233","1,233","2","1","106","198","216","305","278","100","24","3","0","924","924","1","4","52","109","91","135","239","150","124","19","0"
"경상남도 김해시 회현동(4825052000)","1,831","1,831","0","3","93","195","175","336","494","314","195","26","0","894","894","0","1","49","128","113","198","252","114","36","3","0","937","937","0","2","44","67","62","138","242","200","159","23","0"
"경상남도 김해시 부원동(4825053000)","2,321","2,321","0","7","224","279","275","491","581","319","132","12","1","1,248","1,248","0","2","112","193","187","309","286","133","24","2","0","1,073","1,073","0","5","112","86","88","182","295","186","108","10","1"
"경상남도 김해시 내외동(4825054000)","12,517","12,517","14","33","1,526","2,139","1,788","2,623","2,446","1,152","720","75","1","6,366","6,366","9","15","796","1,376","1,167","1,438","1,107","335","112","11","0","6,151","6,151","5","18","730","763","621","1,185","1,339","817","608","64","1"
"경상남도 김해시 북부동(4825055000)","10,120","10,120","5","24","1,100","1,579","1,542","2,085","2,040","1,116","566","61","2","5,160","5,160","1","15","610","1,041","1,023","1,130","897","313","119","11","0","4,960","4,960","4","9","490","538","519","955","1,143","803","447","50","2"
"경상남도 김해시 칠산서부동(4825056500)","2,044","2,044","0","2","174","202","237","429","518","305","158","18","1","1,217","1,217","0","1","98","144","181","305","309","148","27","4","0","827","827","0","1","76","58","56","124","209","157","131","14","1"
"경상남도 김해시 활천동(4825058000)","7,076","7,076","3","18","749","930","972","1,611","1,564","764","394","70","1","3,887","3,887","1","5","414","665","671","992","791","267","77","4","0","3,189","3,189","2","13","335","265","301","619","773","497","317","66","1"
"경상남도 김해시 삼안동(4825059000)","7,932","7,932","2","44","1,545","998","921","1,544","1,626","757","436","57","2","4,443","4,443","2","26","958","681","648","939","837","254","90","8","0","3,489","3,489","0","18","587","317","273","605","789","503","346","49","2"
"경상남도 김해시 불암동(4825060000)","917","917","1","2","28","73","101","202","283","146","71","10","0","487","487","1","1","15","58","83","123","143","46","16","1","0","430","430","0","1","13","15","18","79","140","100","55","9","0"
"경상남도 김해시 장유1동(4825061000)","6,538","6,538","3","10","465","1,023","1,166","1,451","1,227","736","399","56","2","3,395","3,395","1","5","282","731","776","784","521","203","83","9","0","3,143","3,143","2","5","183","292","390","667","706","533","316","47","2"
"경상남도 김해시 장유2동(4825062000)","5,371","5,371","1","9","515","958","1,026","1,173","896","493","263","37","0","2,951","2,951","1","6","289","658","724","681","386","148","48","10","0","2,420","2,420","0","3","226","300","302","492","510","345","215","27","0"
"경상남도 김해시 장유3동(4825063000)","6,722","6,722","1","11","850","1,657","1,230","1,150","997","567","225","34","0","3,517","3,517","1","6","442","1,094","761","573","389","188","57","6","0","3,205","3,205","0","5","408","563","469","577","608","379","168","28","0"
"경상남도 밀양시 (4827000000)","26,461","26,461","5","40","1,238","1,883","2,359","4,532","7,201","4,909","3,632","656","6","12,649","12,649","3","20","746","1,263","1,612","2,716","3,777","1,818","613","81","0","13,812","13,812","2","20","492","620","747","1,816","3,424","3,091","3,019","575","6"
"경상남도 밀양시 삼랑진읍(4827025000)","1,519","1,519","0","0","36","53","111","239","435","343","262","39","1","701","701","0","0","27","40","83","135","245","128","40","3","0","818","818","0","0","9","13","28","104","190","215","222","36","1"
"경상남도 밀양시 삼랑진임천출장소(4827025100)","506","506","0","7","104","34","32","59","89","86","77","18","0","262","262","0","2","60","26","22","45","55","38","12","2","0","244","244","0","5","44","8","10","14","34","48","65","16","0"
"경상남도 밀양시 하남읍(4827025300)","1,880","1,880","0","2","24","81","175","331","499","395","319","53","1","878","878","0","1","15","52","126","215","287","136","41","5","0","1,002","1,002","0","1","9","29","49","116","212","259","278","48","1"
"경상남도 밀양시 부북면(4827031000)","1,733","1,733","0","1","86","110","146","296","484","311","249","50","0","955","955","0","1","67","84","106","210","297","137","45","8","0","778","778","0","0","19","26","40","86","187","174","204","42","0"
"경상남도 밀양시 상동면(4827032000)","1,157","1,157","0","1","18","39","52","179","377","255","185","51","0","534","534","0","0","11","24","37","111","200","119","30","2","0","623","623","0","1","7","15","15","68","177","136","155","49","0"
"경상남도 밀양시 산외면(4827033000)","908","908","0","0","20","24","55","167","298","170","144","30","0","461","461","0","0","16","17","41","108","177","72","27","3","0","447","447","0","0","4","7","14","59","121","98","117","27","0"
"경상남도 밀양시 산내면(4827034000)","1,106","1,106","0","1","14","32","64","195","363","226","179","31","1","579","579","0","1","11","23","50","130","216","110","34","4","0","527","527","0","0","3","9","14","65","147","116","145","27","1"
"경상남도 밀양시 단장면(4827035000)","1,562","1,562","0","0","24","58","87","271","542","325","207","48","0","755","755","0","0","13","41","53","165","306","136","38","3","0","807","807","0","0","11","17","34","106","236","189","169","45","0"
"경상남도 밀양시 상남면(4827036000)","1,906","1,906","0","4","56","100","199","307","479","416","292","52","1","958","958","0","2","37","70","144","205","281","160","49","10","0","948","948","0","2","19","30","55","102","198","256","243","42","1"
"경상남도 밀양시 초동면(4827037000)","1,088","1,088","0","1","14","45","66","193","301","224","205","39","0","509","509","0","0","6","30","49","129","168","80","42","5","0","579","579","0","1","8","15","17","64","133","144","163","34","0"
"경상남도 밀양시 무안면(4827038000)","1,474","1,474","0","0","21","42","82","205","459","306","305","54","0","689","689","0","0","12","25","56","131","274","127","57","7","0","785","785","0","0","9","17","26","74","185","179","248","47","0"
"경상남도 밀양시 청도면(4827039000)","661","661","0","0","10","15","30","94","213","139","132","28","0","317","317","0","0","7","9","20","59","127","69","24","2","0","344","344","0","0","3","6","10","35","86","70","108","26","0"
"경상남도 밀양시 내일동(4827051000)","764","764","0","0","16","34","66","133","214","159","125","17","0","345","345","0","0","8","21","44","81","110","56","21","4","0","419","419","0","0","8","13","22","52","104","103","104","13","0"
"경상남도 밀양시 내이동(4827052000)","4,017","4,017","4","11","407","640","567","735","886","485","257","24","1","2,085","2,085","3","6","242","423","383","432","402","140","50","4","0","1,932","1,932","1","5","165","217","184","303","484","345","207","20","1"
"경상남도 밀양시 삼문동(4827053000)","2,780","2,780","0","6","217","296","308","527","649","430","292","55","0","1,119","1,119","0","3","106","196","199","246","214","102","43","10","0","1,661","1,661","0","3","111","100","109","281","435","328","249","45","0"
"경상남도 밀양시 가곡동(4827054000)","2,194","2,194","0","4","103","161","187","351","602","445","288","53","0","958","958","0","2","68","109","118","190","274","151","39","7","0","1,236","1,236","0","2","35","52","69","161","328","294","249","46","0"
"경상남도 밀양시 교동(4827055000)","1,206","1,206","1","2","68","119","132","250","311","194","114","14","1","544","544","0","2","40","73","81","124","144","57","21","2","0","662","662","1","0","28","46","51","126","167","137","93","12","1"
"경상남도 거제시 (4831000000)","41,254","41,254","9","58","3,230","5,469","7,883","9,666","8,375","4,011","2,135","409","9","24,928","24,928","4","35","1,947","3,981","5,986","6,527","4,442","1,559","397","49","1","16,326","16,326","5","23","1,283","1,488","1,897","3,139","3,933","2,452","1,738","360","8"
"경상남도 거제시 일운면(4831031000)","1,879","1,879","0","0","68","125","244","467","525","269","147","34","0","1,007","1,007","0","0","45","86","160","287","285","118","24","2","0","872","872","0","0","23","39","84","180","240","151","123","32","0"
"경상남도 거제시 동부면(4831032000)","834","834","0","0","18","27","71","169","254","160","110","25","0","434","434","0","0","12","16","48","111","151","69","23","4","0","400","400","0","0","6","11","23","58","103","91","87","21","0"
"경상남도 거제시 남부면(4831033000)","509","509","0","0","8","28","33","117","132","95","72","23","1","239","239","0","0","5","17","17","75","83","30","11","1","0","270","270","0","0","3","11","16","42","49","65","61","22","1"
"경상남도 거제시 거제면(4831034000)","1,406","1,406","0","1","57","60","125","271","391","273","195","33","0","669","669","0","1","28","39","84","165","206","106","35","5","0","737","737","0","0","29","21","41","106","185","167","160","28","0"
"경상남도 거제시 둔덕면(4831035000)","668","668","0","0","11","20","47","116","194","156","104","20","0","342","342","0","0","7","15","29","82","121","69","14","5","0","326","326","0","0","4","5","18","34","73","87","90","15","0"
"경상남도 거제시 사등면(4831036000)","1,926","1,926","0","1","56","136","321","454","501","271","154","31","1","1,096","1,096","0","1","31","91","230","309","289","116","27","2","0","830","830","0","0","25","45","91","145","212","155","127","29","1"
"경상남도 거제시 사등면가조출장소(4831036600)","288","288","0","0","3","16","30","55","80","56","44","4","0","144","144","0","0","2","11","17","38","49","23","3","1","0","144","144","0","0","1","5","13","17","31","33","41","3","0"
"경상남도 거제시 연초면(4831037000)","2,364","2,364","0","3","90","232","401","601","593","264","147","32","1","1,521","1,521","0","3","63","168","317","445","361","125","35","4","0","843","843","0","0","27","64","84","156","232","139","112","28","1"
"경상남도 거제시 하청면(4831038000)","826","826","0","0","15","33","82","162","242","155","102","35","0","443","443","0","0","9","25","60","118","137","69","21","4","0","383","383","0","0","6","8","22","44","105","86","81","31","0"
"경상남도 거제시 하청면칠천출장소(4831038500)","342","342","0","0","5","8","31","56","96","70","60","15","1","178","178","0","0","2","7","18","43","70","28","8","2","0","164","164","0","0","3","1","13","13","26","42","52","13","1"
"경상남도 거제시 장목면(4831039000)","836","836","0","2","18","31","72","148","251","166","116","31","1","409","409","0","2","12","21","50","96","144","67","13","4","0","427","427","0","0","6","10","22","52","107","99","103","27","1"
"경상남도 거제시 장목면외포출장소(4831039500)","377","377","0","0","7","19","43","76","111","65","49","7","0","184","184","0","0","2","10","28","53","58","21","12","0","0","193","193","0","0","5","9","15","23","53","44","37","7","0"
"경상남도 거제시 장승포동(4831051000)","1,527","1,527","0","2","194","158","224","352","351","142","93","11","0","951","951","0","1","115","121","185","243","213","63","10","0","0","576","576","0","1","79","37","39","109","138","79","83","11","0"
"경상남도 거제시 능포동(4831053000)","1,755","1,755","0","1","60","150","308","476","402","226","116","15","1","1,108","1,108","0","0","38","111","258","362","226","86","25","2","0","647","647","0","1","22","39","50","114","176","140","91","13","1"
"경상남도 거제시 아주동(4831054000)","3,415","3,415","3","1","467","815","981","695","321","87","39","6","0","2,559","2,559","2","1","309","659","832","543","178","30","5","0","0","856","856","1","0","158","156","149","152","143","57","34","6","0"
"경상남도 거제시 옥포1동(4831055000)","1,813","1,813","2","5","194","261","425","451","297","129","41","8","0","1,123","1,123","1","2","123","190","317","307","129","45","8","1","0","690","690","1","3","71","71","108","144","168","84","33","7","0"
"경상남도 거제시 옥포2동(4831056000)","4,435","4,435","0","8","314","596","912","1,137","925","374","149","19","1","2,687","2,687","0","4","194","434","698","744","445","137","30","1","0","1,748","1,748","0","4","120","162","214","393","480","237","119","18","1"
"경상남도 거제시 장평동(4831057000)","4,884","4,884","2","9","543","940","1,289","1,249","593","183","65","11","0","3,599","3,599","0","5","396","761","1,093","956","311","57","19","1","0","1,285","1,285","2","4","147","179","196","293","282","126","46","10","0"
"경상남도 거제시 고현동(4831058000)","6,438","6,438","2","16","696","1,044","1,186","1,440","1,309","520","199","25","1","3,549","3,549","1","9","355","689","807","878","595","169","40","5","1","2,889","2,889","1","7","341","355","379","562","714","351","159","20","0"
"경상남도 거제시 상문동(4831059000)","2,854","2,854","0","4","250","521","722","705","408","169","61","13","1","1,650","1,650","0","3","126","348","517","399","171","65","18","3","0","1,204","1,204","0","1","124","173","205","306","237","104","43","10","1"
"경상남도 거제시 수양동(4831060000)","1,878","1,878","0","5","156","249","336","469","399","181","72","11","0","1,036","1,036","0","3","73","162","221","273","220","66","16","2","0","842","842","0","2","83","87","115","196","179","115","56","9","0"
"경상남도 양산시 (4833000000)","61,154","61,154","23","104","5,562","9,245","8,813","11,616","13,151","7,739","4,284","607","10","31,778","31,778","12","57","2,979","6,096","5,939","6,717","6,282","2,675","913","107","1","29,376","29,376","11","47","2,583","3,149","2,874","4,899","6,869","5,064","3,371","500","9"
"경상남도 양산시 물금읍(4833025300)","15,653","15,653","4","27","2,703","3,474","2,425","2,399","2,383","1,471","689","76","2","7,745","7,745","1","10","1,242","2,123","1,568","1,246","930","470","141","14","0","7,908","7,908","3","17","1,461","1,351","857","1,153","1,453","1,001","548","62","2"
"경상남도 양산시 동면(4833031000)","7,611","7,611","1","3","624","1,615","1,411","1,343","1,516","750","309","39","0","4,254","4,254","0","3","361","1,064","943","772","708","317","82","4","0","3,357","3,357","1","0","263","551","468","571","808","433","227","35","0"
"경상남도 양산시 원동면(4833032000)","1,077","1,077","0","0","18","45","50","174","355","251","150","33","1","557","557","0","0","11","32","37","110","206","125","33","3","0","520","520","0","0","7","13","13","64","149","126","117","30","1"
"경상남도 양산시 상북면(4833033000)","3,270","3,270","0","2","117","287","381","624","942","554","329","34","0","1,734","1,734","0","1","73","197","266","390","509","214","71","13","0","1,536","1,536","0","1","44","90","115","234","433","340","258","21","0"
"경상남도 양산시 하북면(4833034000)","2,302","2,302","0","4","80","140","212","493","662","402","241","67","1","1,226","1,226","0","3","49","106","157","303","372","169","52","15","0","1,076","1,076","0","1","31","34","55","190","290","233","189","52","1"
"경상남도 양산시 중앙동(4833051000)","3,797","3,797","2","4","288","385","453","847","1,062","479","244","33","0","2,157","2,157","1","3","179","264","301","548","598","195","60","8","0","1,640","1,640","1","1","109","121","152","299","464","284","184","25","0"
"경상남도 양산시 양주동(4833051500)","3,623","3,623","2","11","295","426","439","695","764","588","355","48","0","1,471","1,471","1","4","154","268","269","312","243","139","67","14","0","2,152","2,152","1","7","141","158","170","383","521","449","288","34","0"
"경상남도 양산시 삼성동(4833052000)","4,833","4,833","5","18","392","781","799","1,037","1,008","485","259","48","1","2,877","2,877","4","15","280","583","570","653","534","177","55","6","0","1,956","1,956","1","3","112","198","229","384","474","308","204","42","1"
"경상남도 양산시 강서동(4833053000)","1,458","1,458","2","5","112","178","219","289","338","188","109","18","0","832","832","1","2","68","136","160","183","178","80","22","2","0","626","626","1","3","44","42","59","106","160","108","87","16","0"
"경상남도 양산시 서창동(4833054000)","5,485","5,485","6","17","419","676","879","1,241","1,174","657","354","59","3","3,277","3,277","3","11","273","492","666","842","675","236","73","5","1","2,208","2,208","3","6","146","184","213","399","499","421","281","54","2"
"경상남도 양산시 소주동(4833055000)","4,442","4,442","1","6","166","394","619","988","1,145","645","422","55","1","2,170","2,170","1","1","97","268","404","549","560","202","78","10","0","2,272","2,272","0","5","69","126","215","439","585","443","344","45","1"
"경상남도 양산시 평산동(4833056000)","4,902","4,902","0","5","204","404","581","956","1,156","927","599","70","0","2,144","2,144","0","2","118","267","374","532","482","236","126","7","0","2,758","2,758","0","3","86","137","207","424","674","691","473","63","0"
"경상남도 양산시 덕계동(4833057000)","2,701","2,701","0","2","144","440","345","530","646","342","224","27","1","1,334","1,334","0","2","74","296","224","277","287","115","53","6","0","1,367","1,367","0","0","70","144","121","253","359","227","171","21","1"
"경상남도 의령군 (4872000000)","8,526","8,526","1","13","241","418","594","1,420","2,242","1,510","1,694","387","6","4,042","4,042","1","6","139","270","408","955","1,368","616","235","44","0","4,484","4,484","0","7","102","148","186","465","874","894","1,459","343","6"
"경상남도 의령군 의령읍(4872025000)","2,246","2,246","0","7","154","233","264","469","469","339","258","52","1","1,112","1,112","0","4","77","140","175","309","237","123","41","6","0","1,134","1,134","0","3","77","93","89","160","232","216","217","46","1"
"경상남도 의령군 가례면(4872031000)","513","513","0","0","7","16","26","72","140","90","134","28","0","228","228","0","0","4","11","16","53","90","36","15","3","0","285","285","0","0","3","5","10","19","50","54","119","25","0"
"경상남도 의령군 칠곡면(4872032000)","418","418","0","0","5","20","23","71","115","72","92","20","0","186","186","0","0","4","12","15","39","69","30","15","2","0","232","232","0","0","1","8","8","32","46","42","77","18","0"
"경상남도 의령군 대의면(4872033000)","423","423","0","1","8","7","14","59","136","79","91","27","1","184","184","0","1","4","5","8","41","80","34","10","1","0","239","239","0","0","4","2","6","18","56","45","81","26","1"
"경상남도 의령군 화정면(4872034000)","535","535","0","1","9","17","33","90","138","103","119","25","0","266","266","0","0","8","13","23","60","93","49","15","5","0","269","269","0","1","1","4","10","30","45","54","104","20","0"
"경상남도 의령군 용덕면(4872035000)","509","509","0","0","8","17","33","81","156","80","105","28","1","261","261","0","0","5","10","27","53","101","43","19","3","0","248","248","0","0","3","7","6","28","55","37","86","25","1"
"경상남도 의령군 정곡면(4872036000)","532","532","0","0","5","12","26","78","174","90","115","32","0","248","248","0","0","4","8","17","57","119","30","10","3","0","284","284","0","0","1","4","9","21","55","60","105","29","0"
"경상남도 의령군 지정면(4872037000)","673","673","0","1","8","13","49","106","198","137","131","29","1","330","330","0","0","6","10","32","76","123","63","16","4","0","343","343","0","1","2","3","17","30","75","74","115","25","1"
"경상남도 의령군 낙서면(4872038000)","286","286","0","0","1","2","13","31","79","73","76","11","0","113","113","0","0","1","2","7","23","49","19","11","1","0","173","173","0","0","0","0","6","8","30","54","65","10","0"
"경상남도 의령군 부림면(4872039000)","1,034","1,034","1","3","15","41","51","200","275","183","228","36","1","456","456","1","1","10","26","38","130","148","70","30","2","0","578","578","0","2","5","15","13","70","127","113","198","34","1"
"경상남도 의령군 봉수면(4872040000)","423","423","0","0","12","26","29","53","100","92","91","19","1","231","231","0","0","9","23","26","37","76","42","16","2","0","192","192","0","0","3","3","3","16","24","50","75","17","1"
"경상남도 의령군 궁류면(4872041500)","471","471","0","0","6","9","18","44","131","78","138","47","0","210","210","0","0","5","7","13","30","91","38","21","5","0","261","261","0","0","1","2","5","14","40","40","117","42","0"
"경상남도 의령군 유곡면(4872042000)","463","463","0","0","3","5","15","66","131","94","116","33","0","217","217","0","0","2","3","11","47","92","39","16","7","0","246","246","0","0","1","2","4","19","39","55","100","26","0"
"경상남도 함안군 (4873000000)","13,998","13,998","4","23","468","796","1,198","2,683","3,769","2,510","2,097","447","3","7,344","7,344","2","11","337","595","886","1,813","2,248","1,028","361","62","1","6,654","6,654","2","12","131","201","312","870","1,521","1,482","1,736","385","2"
"경상남도 함안군 가야읍(4873025000)","3,424","3,424","1","12","165","305","390","689","802","532","435","93","0","1,734","1,734","1","4","114","229","276","431","415","188","70","6","0","1,690","1,690","0","8","51","76","114","258","387","344","365","87","0"
"경상남도 함안군 칠원읍(4873025300)","2,670","2,670","1","2","77","148","291","582","791","453","277","47","1","1,437","1,437","0","2","52","113","202","370","448","186","53","10","1","1,233","1,233","1","0","25","35","89","212","343","267","224","37","0"
"경상남도 함안군 함안면(4873031000)","742","742","0","1","9","24","47","130","213","155","142","21","0","395","395","0","1","8","15","39","86","135","70","34","7","0","347","347","0","0","1","9","8","44","78","85","108","14","0"
"경상남도 함안군 군북면(4873032000)","1,912","1,912","0","0","99","112","114","340","504","313","344","85","1","1,024","1,024","0","0","81","84","94","253","315","128","59","10","0","888","888","0","0","18","28","20","87","189","185","285","75","1"
"경상남도 함안군 법수면(4873033000)","975","975","1","1","19","35","71","190","285","162","174","37","0","506","506","0","1","11","28","53","142","183","65","21","2","0","469","469","1","0","8","7","18","48","102","97","153","35","0"
"경상남도 함안군 대산면(4873034000)","1,179","1,179","0","1","18","22","57","177","315","278","254","57","0","564","564","0","0","12","18","37","127","212","107","43","8","0","615","615","0","1","6","4","20","50","103","171","211","49","0"
"경상남도 함안군 칠서면(4873035000)","1,376","1,376","1","5","39","88","126","285","366","263","168","35","0","786","786","1","3","32","67","110","192","233","115","25","8","0","590","590","0","2","7","21","16","93","133","148","143","27","0"
"경상남도 함안군 칠북면(4873036000)","647","647","0","0","17","20","34","104","196","128","127","21","0","353","353","0","0","11","14","27","86","127","61","22","5","0","294","294","0","0","6","6","7","18","69","67","105","16","0"
"경상남도 함안군 산인면(4873038000)","789","789","0","1","22","30","58","146","216","152","128","36","0","388","388","0","0","14","21","39","94","125","68","22","5","0","401","401","0","1","8","9","19","52","91","84","106","31","0"
"경상남도 함안군 여항면(4873039000)","284","284","0","0","3","12","10","40","81","74","48","15","1","157","157","0","0","2","6","9","32","55","40","12","1","0","127","127","0","0","1","6","1","8","26","34","36","14","1"
"경상남도 창녕군 (4874000000)","17,083","17,083","2","279","540","1,000","1,365","2,946","4,597","2,956","2,767","624","7","8,206","8,206","1","112","343","709","953","1,885","2,566","1,126","446","64","1","8,877","8,877","1","167","197","291","412","1,061","2,031","1,830","2,321","560","6"
"경상남도 창녕군 창녕읍(4874025000)","3,682","3,682","1","36","192","308","368","685","939","587","457","109","0","1,717","1,717","0","8","101","206","259","393","459","181","93","17","0","1,965","1,965","1","28","91","102","109","292","480","406","364","92","0"
"경상남도 창녕군 남지읍(4874025300)","2,970","2,970","1","3","91","189","269","579","818","503","424","89","4","1,430","1,430","1","0","60","133","187","377","411","179","71","10","1","1,540","1,540","0","3","31","56","82","202","407","324","353","79","3"
"경상남도 창녕군 고암면(4874031000)","644","644","0","0","31","22","23","93","183","115","137","40","0","311","311","0","0","24","16","16","58","122","54","15","6","0","333","333","0","0","7","6","7","35","61","61","122","34","0"
"경상남도 창녕군 성산면(4874032000)","632","632","0","2","15","19","31","99","214","119","101","32","0","305","305","0","1","9","16","24","55","130","57","11","2","0","327","327","0","1","6","3","7","44","84","62","90","30","0"
"경상남도 창녕군 대합면(4874033000)","1,379","1,379","0","17","32","54","120","258","384","219","245","50","0","683","683","0","11","26","41","83","173","236","79","30","4","0","696","696","0","6","6","13","37","85","148","140","215","46","0"
"경상남도 창녕군 이방면(4874034000)","873","873","0","187","15","28","41","108","193","109","158","34","0","374","374","0","60","10","24","26","79","103","46","24","2","0","499","499","0","127","5","4","15","29","90","63","134","32","0"
"경상남도 창녕군 유어면(4874035000)","686","686","0","0","10","29","39","91","176","145","161","35","0","316","316","0","0","7","19","30","67","109","52","27","5","0","370","370","0","0","3","10","9","24","67","93","134","30","0"
"경상남도 창녕군 대지면(4874036000)","735","735","0","28","26","49","66","119","166","116","137","27","1","380","380","0","27","16","32","47","87","103","45","22","1","0","355","355","0","1","10","17","19","32","63","71","115","26","1"
"경상남도 창녕군 계성면(4874037000)","838","838","0","0","13","35","66","141","227","162","156","38","0","417","417","0","0","12","27","50","94","134","73","27","0","0","421","421","0","0","1","8","16","47","93","89","129","38","0"
"경상남도 창녕군 영산면(4874038000)","1,426","1,426","0","2","45","112","101","258","397","247","235","29","0","696","696","0","2","33","84","68","163","222","86","35","3","0","730","730","0","0","12","28","33","95","175","161","200","26","0"
"경상남도 창녕군 장마면(4874039000)","644","644","0","2","13","38","49","95","160","124","125","37","1","321","321","0","2","12","25","32","65","106","60","16","3","0","323","323","0","0","1","13","17","30","54","64","109","34","1"
"경상남도 창녕군 도천면(4874040000)","861","861","0","1","23","30","71","143","243","165","154","30","1","411","411","0","1","16","22","49","95","139","62","23","4","0","450","450","0","0","7","8","22","48","104","103","131","26","1"
"경상남도 창녕군 길곡면(4874041000)","513","513","0","0","9","26","36","91","138","97","91","25","0","263","263","0","0","4","18","26","60","85","49","17","4","0","250","250","0","0","5","8","10","31","53","48","74","21","0"
"경상남도 창녕군 부곡면(4874042000)","1,200","1,200","0","1","25","61","85","186","359","248","186","49","0","582","582","0","0","13","46","56","119","207","103","35","3","0","618","618","0","1","12","15","29","67","152","145","151","46","0"
"경상남도 고성군 (4882000000)","13,519","13,519","2","210","403","631","1,075","2,449","3,593","2,571","2,075","503","7","6,766","6,766","0","174","251","430","784","1,608","2,079","1,011","363","65","1","6,753","6,753","2","36","152","201","291","841","1,514","1,560","1,712","438","6"
"경상남도 고성군 고성읍(4882025000)","5,074","5,074","2","163","252","344","483","969","1,320","871","554","115","1","2,498","2,498","0","154","152","229","336","573","653","284","102","14","1","2,576","2,576","2","9","100","115","147","396","667","587","452","101","0"
"경상남도 고성군 삼산면(4882031000)","569","569","0","0","6","21","30","88","160","121","117","26","0","280","280","0","0","3","17","20","60","105","54","19","2","0","289","289","0","0","3","4","10","28","55","67","98","24","0"
"경상남도 고성군 하일면(4882032000)","556","556","0","0","8","10","38","80","130","136","121","32","1","262","262","0","0","7","7","27","65","83","49","20","4","0","294","294","0","0","1","3","11","15","47","87","101","28","1"
"경상남도 고성군 하이면(4882033000)","720","720","0","0","11","30","49","144","219","151","90","25","1","388","388","0","0","4","19","37","98","133","71","21","5","0","332","332","0","0","7","11","12","46","86","80","69","20","1"
"경상남도 고성군 상리면(4882034000)","484","484","0","0","9","13","22","70","135","108","96","30","1","240","240","0","0","9","10","17","47","79","56","18","4","0","244","244","0","0","0","3","5","23","56","52","78","26","1"
"경상남도 고성군 대가면(4882035000)","562","562","0","1","4","8","28","89","171","113","108","39","1","295","295","0","0","3","5","19","69","119","54","19","7","0","267","267","0","1","1","3","9","20","52","59","89","32","1"
"경상남도 고성군 영현면(4882036000)","339","339","0","0","10","7","14","35","83","81","87","22","0","150","150","0","0","4","5","7","26","58","32","14","4","0","189","189","0","0","6","2","7","9","25","49","73","18","0"
"경상남도 고성군 영오면(4882037000)","456","456","0","0","8","8","31","71","121","90","102","24","1","223","223","0","0","5","6","25","58","75","33","19","2","0","233","233","0","0","3","2","6","13","46","57","83","22","1"
"경상남도 고성군 개천면(4882038000)","376","376","0","0","2","10","27","53","103","81","79","21","0","187","187","0","0","2","5","21","35","67","42","12","3","0","189","189","0","0","0","5","6","18","36","39","67","18","0"
"경상남도 고성군 구만면(4882039000)","356","356","0","0","5","10","17","53","90","82","80","19","0","178","178","0","0","3","7","14","38","62","35","15","4","0","178","178","0","0","2","3","3","15","28","47","65","15","0"
"경상남도 고성군 회화면(4882040000)","982","982","0","46","25","39","68","187","248","198","142","29","0","491","491","0","20","14","26","47","121","139","92","27","5","0","491","491","0","26","11","13","21","66","109","106","115","24","0"
"경상남도 고성군 마암면(4882041000)","708","708","0","0","5","20","48","133","210","142","112","38","0","345","345","0","0","4","16","31","76","132","62","20","4","0","363","363","0","0","1","4","17","57","78","80","92","34","0"
"경상남도 고성군 동해면(4882042000)","1,047","1,047","0","0","36","44","92","203","261","183","180","47","1","557","557","0","0","27","32","77","153","167","72","26","3","0","490","490","0","0","9","12","15","50","94","111","154","44","1"
"경상남도 고성군 거류면(4882043000)","1,290","1,290","0","0","22","67","128","274","342","214","207","36","0","672","672","0","0","14","46","106","189","207","75","31","4","0","618","618","0","0","8","21","22","85","135","139","176","32","0"
"경상남도 남해군 (4884000000)","11,237","11,237","2","54","482","490","747","1,754","2,651","2,114","2,260","671","12","4,819","4,819","1","25","280","331","486","1,109","1,483","729","304","71","0","6,418","6,418","1","29","202","159","261","645","1,168","1,385","1,956","600","12"
"경상남도 남해군 남해읍(4884025000)","2,748","2,748","2","38","351","244","233","469","595","397","329","88","2","1,222","1,222","1","18","203","165","136","250","262","128","47","12","0","1,526","1,526","1","20","148","79","97","219","333","269","282","76","2"
"경상남도 남해군 이동면(4884031000)","1,013","1,013","0","4","14","30","47","158","249","223","221","66","1","440","440","0","3","7","25","34","102","160","74","22","13","0","573","573","0","1","7","5","13","56","89","149","199","53","1"
"경상남도 남해군 상주면(4884032000)","465","465","0","0","10","19","31","59","122","77","121","26","0","205","205","0","0","6","11","25","45","70","28","19","1","0","260","260","0","0","4","8","6","14","52","49","102","25","0"
"경상남도 남해군 삼동면(4884033000)","1,200","1,200","0","1","16","36","79","209","304","232","242","80","1","518","518","0","0","8","24","47","134","162","107","31","5","0","682","682","0","1","8","12","32","75","142","125","211","75","1"
"경상남도 남해군 미조면(4884034000)","638","638","0","1","11","28","62","116","175","134","84","27","0","314","314","0","0","6","19","45","77","106","43","13","5","0","324","324","0","1","5","9","17","39","69","91","71","22","0"
"경상남도 남해군 남면(4884035000)","1,123","1,123","0","7","29","49","65","186","235","199","283","69","1","476","476","0","2","20","34","40","120","141","74","41","4","0","647","647","0","5","9","15","25","66","94","125","242","65","1"
"경상남도 남해군 서면(4884036000)","812","812","0","0","10","23","49","115","197","132","200","84","2","346","346","0","0","7","19","31","84","133","39","26","7","0","466","466","0","0","3","4","18","31","64","93","174","77","2"
"경상남도 남해군 고현면(4884037000)","878","878","0","0","11","19","35","117","197","195","226","78","0","331","331","0","0","7","12","28","81","110","53","32","8","0","547","547","0","0","4","7","7","36","87","142","194","70","0"
"경상남도 남해군 설천면(4884038000)","773","773","0","0","9","12","36","91","167","174","219","62","3","305","305","0","0","5","5","22","58","105","68","35","7","0","468","468","0","0","4","7","14","33","62","106","184","55","3"
"경상남도 남해군 창선면(4884039000)","1,587","1,587","0","3","21","30","110","234","410","351","335","91","2","662","662","0","2","11","17","78","158","234","115","38","9","0","925","925","0","1","10","13","32","76","176","236","297","82","2"
"경상남도 하동군 (4885000000)","12,613","12,613","0","5","398","548","924","2,395","3,352","2,291","2,146","539","15","6,035","6,035","0","1","223","352","635","1,549","1,947","921","352","54","1","6,578","6,578","0","4","175","196","289","846","1,405","1,370","1,794","485","14"
"경상남도 하동군 하동읍(4885025000)","2,433","2,433","0","1","171","203","223","492","547","428","322","45","1","1,107","1,107","0","0","85","111","149","298","275","151","35","3","0","1,326","1,326","0","1","86","92","74","194","272","277","287","42","1"
"경상남도 하동군 화개면(4885031000)","907","907","0","0","22","33","59","203","266","159","127","37","1","457","457","0","0","11","16","38","131","169","59","24","9","0","450","450","0","0","11","17","21","72","97","100","103","28","1"
"경상남도 하동군 악양면(4885032000)","1,040","1,040","0","0","14","28","69","203","281","207","190","48","0","474","474","0","0","7","18","47","104","166","85","43","4","0","566","566","0","0","7","10","22","99","115","122","147","44","0"
"경상남도 하동군 적량면(4885033000)","623","623","0","1","15","24","32","93","171","120","142","24","1","289","289","0","0","10","20","17","71","103","49","19","0","0","334","334","0","1","5","4","15","22","68","71","123","24","1"
"경상남도 하동군 횡천면(4885034000)","567","567","0","0","12","11","29","91","168","102","123","31","0","280","280","0","0","7","7","24","66","103","50","21","2","0","287","287","0","0","5","4","5","25","65","52","102","29","0"
"경상남도 하동군 고전면(4885035000)","665","665","0","0","6","19","56","117","182","109","134","42","0","313","313","0","0","4","15","41","79","110","43","20","1","0","352","352","0","0","2","4","15","38","72","66","114","41","0"
"경상남도 하동군 금남면(4885036000)","1,127","1,127","0","1","17","47","79","212","322","195","199","50","5","582","582","0","0","11","37","56","151","201","80","38","8","0","545","545","0","1","6","10","23","61","121","115","161","42","5"
"경상남도 하동군 진교면(4885037000)","1,446","1,446","0","1","42","46","111","277","411","247","228","83","0","675","675","0","0","28","28","71","174","217","106","41","10","0","771","771","0","1","14","18","40","103","194","141","187","73","0"
"경상남도 하동군 양보면(4885038000)","559","559","0","0","5","11","24","75","149","104","138","51","2","247","247","0","0","2","6","17","46","91","45","33","7","0","312","312","0","0","3","5","7","29","58","59","105","44","2"
"경상남도 하동군 북천면(4885039000)","543","543","0","0","10","10","25","99","138","120","116","25","0","263","263","0","0","5","8","18","65","88","58","20","1","0","280","280","0","0","5","2","7","34","50","62","96","24","0"
"경상남도 하동군 청암면(4885040000)","526","526","0","0","5","19","35","98","184","101","63","20","1","271","271","0","0","1","11","24","64","108","49","11","3","0","255","255","0","0","4","8","11","34","76","52","52","17","1"
"경상남도 하동군 옥종면(4885041000)","1,244","1,244","0","0","26","42","84","241","328","225","239","56","3","607","607","0","0","16","31","62","165","211","86","31","4","1","637","637","0","0","10","11","22","76","117","139","208","52","2"
"경상남도 하동군 금성면(4885042000)","933","933","0","1","53","55","98","194","205","174","125","27","1","470","470","0","1","36","44","71","135","105","60","16","2","0","463","463","0","0","17","11","27","59","100","114","109","25","1"
"경상남도 산청군 (4886000000)","10,887","10,887","1","25","250","436","712","1,974","2,978","2,062","2,005","432","12","5,170","5,170","0","14","151","292","480","1,288","1,741","855","313","35","1","5,717","5,717","1","11","99","144","232","686","1,237","1,207","1,692","397","11"
"경상남도 산청군 산청읍(4886025000)","1,966","1,966","1","9","100","163","166","372","447","352","301","52","3","922","922","0","5","57","104","99","227","247","136","43","3","1","1,044","1,044","1","4","43","59","67","145","200","216","258","49","2"
"경상남도 산청군 차황면(4886031000)","508","508","0","0","4","6","19","86","145","101","118","29","0","240","240","0","0","3","4","11","65","96","42","16","3","0","268","268","0","0","1","2","8","21","49","59","102","26","0"
"경상남도 산청군 오부면(4886032000)","363","363","0","0","5","4","13","52","82","84","105","16","2","155","155","0","0","4","3","10","38","54","32","13","1","0","208","208","0","0","1","1","3","14","28","52","92","15","2"
"경상남도 산청군 생초면(4886033000)","700","700","0","2","9","19","23","100","198","141","163","45","0","307","307","0","2","6","13","18","71","121","48","24","4","0","393","393","0","0","3","6","5","29","77","93","139","41","0"
"경상남도 산청군 금서면(4886034000)","933","933","0","0","11","43","58","152","245","167","211","44","2","425","425","0","0","6","25","36","106","135","79","33","5","0","508","508","0","0","5","18","22","46","110","88","178","39","2"
"경상남도 산청군 삼장면(4886035000)","549","549","0","0","6","12","27","107","165","113","109","8","2","258","258","0","0","3","11","16","77","100","35","15","1","0","291","291","0","0","3","1","11","30","65","78","94","7","2"
"경상남도 산청군 시천면(4886036000)","1,278","1,278","0","2","19","43","90","262","395","228","198","40","1","625","625","0","1","15","31","60","162","215","100","37","4","0","653","653","0","1","4","12","30","100","180","128","161","36","1"
"경상남도 산청군 단성면(4886037000)","1,926","1,926","0","2","31","41","144","386","557","364","315","85","1","954","954","0","0","18","32","101","244","336","152","64","7","0","972","972","0","2","13","9","43","142","221","212","251","78","1"
"경상남도 산청군 신안면(4886038000)","1,447","1,447","0","10","52","80","111","276","412","240","218","48","0","703","703","0","6","31","47","75","166","227","117","32","2","0","744","744","0","4","21","33","36","110","185","123","186","46","0"
"경상남도 산청군 생비량면(4886039000)","494","494","0","0","4","11","26","72","145","119","89","28","0","236","236","0","0","2","11","21","46","92","49","13","2","0","258","258","0","0","2","0","5","26","53","70","76","26","0"
"경상남도 산청군 신등면(4886040000)","723","723","0","0","9","14","35","109","187","153","178","37","1","345","345","0","0","6","11","33","86","118","65","23","3","0","378","378","0","0","3","3","2","23","69","88","155","34","1"
"경상남도 함양군 (4887000000)","10,832","10,832","2","98","435","563","736","1,879","2,676","1,877","2,092","461","13","4,887","4,887","0","48","237","358","504","1,192","1,525","642","331","47","3","5,945","5,945","2","50","198","205","232","687","1,151","1,235","1,761","414","10"
"경상남도 함양군 함양읍(4887025000)","3,975","3,975","2","22","297","361","385","763","922","562","538","120","3","1,813","1,813","0","8","151","227","244","450","451","174","100","8","0","2,162","2,162","2","14","146","134","141","313","471","388","438","112","3"
"경상남도 함양군 마천면(4887031000)","807","807","0","2","11","18","44","151","248","146","151","36","0","375","375","0","1","7","10","32","100","138","66","17","4","0","432","432","0","1","4","8","12","51","110","80","134","32","0"
"경상남도 함양군 휴천면(4887032000)","631","631","0","1","6","22","32","96","184","133","142","15","0","304","304","0","0","4","12","23","64","126","54","19","2","0","327","327","0","1","2","10","9","32","58","79","123","13","0"
"경상남도 함양군 유림면(4887033000)","597","597","0","0","4","12","31","82","151","116","158","42","1","253","253","0","0","3","9","23","45","95","43","30","5","0","344","344","0","0","1","3","8","37","56","73","128","37","1"
"경상남도 함양군 수동면(4887034000)","807","807","0","68","35","41","56","114","156","144","160","31","2","395","395","0","36","22","27","47","87","101","52","19","3","1","412","412","0","32","13","14","9","27","55","92","141","28","1"
"경상남도 함양군 지곡면(4887035000)","646","646","0","0","11","16","39","107","150","138","146","38","1","295","295","0","0","7","14","26","68","89","60","23","8","0","351","351","0","0","4","2","13","39","61","78","123","30","1"
"경상남도 함양군 안의면(4887036000)","1,381","1,381","0","3","21","34","66","219","334","276","337","88","3","556","556","0","2","12","22","49","143","187","78","52","10","1","825","825","0","1","9","12","17","76","147","198","285","78","2"
"경상남도 함양군 서하면(4887037000)","459","459","0","1","2","15","17","78","120","93","111","22","0","189","189","0","0","1","11","13","54","73","24","12","1","0","270","270","0","1","1","4","4","24","47","69","99","21","0"
"경상남도 함양군 서상면(4887038000)","629","629","0","0","27","21","34","107","165","103","140","30","2","278","278","0","0","17","12","22","69","100","35","19","3","1","351","351","0","0","10","9","12","38","65","68","121","27","1"
"경상남도 함양군 백전면(4887039000)","498","498","0","1","10","14","17","89","146","90","110","21","0","251","251","0","1","7","8","13","64","100","31","25","2","0","247","247","0","0","3","6","4","25","46","59","85","19","0"
"경상남도 함양군 병곡면(4887040000)","402","402","0","0","11","9","15","73","100","76","99","18","1","178","178","0","0","6","6","12","48","65","25","15","1","0","224","224","0","0","5","3","3","25","35","51","84","17","1"
"경상남도 거창군 (4888000000)","14,925","14,925","1","624","1,030","969","1,154","2,352","3,248","2,430","2,543","561","13","6,891","6,891","1","440","628","639","774","1,463","1,715","775","373","83","0","8,034","8,034","0","184","402","330","380","889","1,533","1,655","2,170","478","13"
"경상남도 거창군 거창읍(4888025000)","8,212","8,212","0","557","911","790","804","1,347","1,640","1,124","873","162","4","3,875","3,875","0","403","546","505","516","765","718","275","120","27","0","4,337","4,337","0","154","365","285","288","582","922","849","753","135","4"
"경상남도 거창군 주상면(4888031000)","483","483","0","0","4","9","20","82","126","92","117","33","0","238","238","0","0","3","7","15","67","86","36","22","2","0","245","245","0","0","1","2","5","15","40","56","95","31","0"
"경상남도 거창군 웅양면(4888032000)","508","508","0","0","7","11","27","75","109","100","142","36","1","224","224","0","0","7","9","20","57","66","34","23","8","0","284","284","0","0","0","2","7","18","43","66","119","28","1"
"경상남도 거창군 고제면(4888033000)","462","462","0","0","9","12","29","67","132","84","101","28","0","237","237","0","0","6","10","23","50","87","38","14","9","0","225","225","0","0","3","2","6","17","45","46","87","19","0"
"경상남도 거창군 북상면(4888034000)","533","533","0","0","8","16","28","87","133","99","128","32","2","232","232","0","0","5","10","20","53","88","31","23","2","0","301","301","0","0","3","6","8","34","45","68","105","30","2"
"경상남도 거창군 위천면(4888035000)","606","606","0","60","6","11","27","72","134","123","139","33","1","266","266","0","30","5","10","22","50","78","50","17","4","0","340","340","0","30","1","1","5","22","56","73","122","29","1"
"경상남도 거창군 마리면(4888036000)","662","662","0","0","3","14","31","87","186","130","175","35","1","304","304","0","0","3","14","24","60","125","49","25","4","0","358","358","0","0","0","0","7","27","61","81","150","31","1"
"경상남도 거창군 남상면(4888037000)","755","755","0","1","39","39","55","126","132","121","193","48","1","340","340","0","1","23","23","39","86","83","53","28","4","0","415","415","0","0","16","16","16","40","49","68","165","44","1"
"경상남도 거창군 남하면(4888038000)","491","491","0","2","12","13","23","63","108","107","127","35","1","213","213","0","2","8","7","18","41","70","48","17","2","0","278","278","0","0","4","6","5","22","38","59","110","33","1"
"경상남도 거창군 신원면(4888039000)","532","532","1","0","6","6","24","72","131","122","139","31","0","233","233","1","0","5","6","18","54","77","44","22","6","0","299","299","0","0","1","0","6","18","54","78","117","25","0"
"경상남도 거창군 가조면(4888040000)","1,155","1,155","0","4","23","36","60","188","275","229","277","62","1","490","490","0","4","15","29","40","124","153","74","39","12","0","665","665","0","0","8","7","20","64","122","155","238","50","1"
"경상남도 거창군 가북면(4888041000)","526","526","0","0","2","12","26","86","142","99","132","26","1","239","239","0","0","2","9","19","56","84","43","23","3","0","287","287","0","0","0","3","7","30","58","56","109","23","1"
"경상남도 합천군 (4889000000)","13,121","13,121","1","15","324","561","806","2,060","3,367","2,596","2,772","603","16","5,935","5,935","1","12","188","367","565","1,360","2,015","910","440","76","1","7,186","7,186","0","3","136","194","241","700","1,352","1,686","2,332","527","15"
"경상남도 합천군 합천읍(4889025000)","2,249","2,249","0","5","161","242","210","411","478","364","327","49","2","1,029","1,029","0","3","73","144","149","239","249","98","63","11","0","1,220","1,220","0","2","88","98","61","172","229","266","264","38","2"
"경상남도 합천군 봉산면(4889031000)","544","544","0","0","3","13","26","98","162","92","131","18","1","260","260","0","0","2","9","17","56","110","36","27","3","0","284","284","0","0","1","4","9","42","52","56","104","15","1"
"경상남도 합천군 묘산면(4889032000)","516","516","0","0","5","9","20","75","140","111","131","25","0","230","230","0","0","4","9","14","53","81","48","18","3","0","286","286","0","0","1","0","6","22","59","63","113","22","0"
"경상남도 합천군 가야면(4889033000)","1,321","1,321","0","0","23","46","67","250","357","276","247","53","2","572","572","0","0","17","33","46","152","198","81","38","7","0","749","749","0","0","6","13","21","98","159","195","209","46","2"
"경상남도 합천군 야로면(4889034000)","811","811","0","4","15","26","51","120","211","156","179","49","0","373","373","0","4","13","16","46","77","130","59","21","7","0","438","438","0","0","2","10","5","43","81","97","158","42","0"
"경상남도 합천군 율곡면(4889035000)","756","756","0","0","13","22","46","110","193","167","163","40","2","361","361","0","0","8","17","33","81","123","70","24","5","0","395","395","0","0","5","5","13","29","70","97","139","35","2"
"경상남도 합천군 초계면(4889036000)","723","723","0","0","14","35","46","116","192","151","140","29","0","313","313","0","0","9","22","27","78","98","54","22","3","0","410","410","0","0","5","13","19","38","94","97","118","26","0"
"경상남도 합천군 쌍책면(4889037000)","445","445","0","0","1","14","18","50","140","94","107","21","0","202","202","0","0","1","11","16","38","85","33","18","0","0","243","243","0","0","0","3","2","12","55","61","89","21","0"
"경상남도 합천군 덕곡면(4889038000)","316","316","0","0","3","7","15","43","95","59","77","17","0","160","160","0","0","2","6","12","34","64","19","21","2","0","156","156","0","0","1","1","3","9","31","40","56","15","0"
"경상남도 합천군 청덕면(4889039000)","666","666","0","0","9","25","45","104","176","140","132","35","0","317","317","0","0","8","19","33","72","110","57","14","4","0","349","349","0","0","1","6","12","32","66","83","118","31","0"
"경상남도 합천군 적중면(4889040000)","472","472","0","1","10","8","26","49","104","100","142","30","2","195","195","0","1","8","7","18","36","64","40","19","2","0","277","277","0","0","2","1","8","13","40","60","123","28","2"
"경상남도 합천군 대양면(4889041000)","598","598","0","0","13","35","47","95","152","116","112","27","1","287","287","0","0","6","22","31","68","95","42","21","2","0","311","311","0","0","7","13","16","27","57","74","91","25","1"
"경상남도 합천군 쌍백면(4889042000)","656","656","0","0","6","10","23","86","151","160","183","37","0","290","290","0","0","5","8","17","67","104","54","31","4","0","366","366","0","0","1","2","6","19","47","106","152","33","0"
"경상남도 합천군 삼가면(4889043000)","1,071","1,071","1","2","20","31","75","146","267","212","256","59","2","416","416","1","2","16","19","39","95","148","56","32","8","0","655","655","0","0","4","12","36","51","119","156","224","51","2"
"경상남도 합천군 가회면(4889044000)","570","570","0","2","7","8","28","84","147","116","145","33","0","272","272","0","2","3","7","21","58","101","50","27","3","0","298","298","0","0","4","1","7","26","46","66","118","30","0"
"경상남도 합천군 대병면(4889045000)","661","661","0","1","16","16","24","112","195","113","145","36","3","292","292","0","0","9","10","17","72","115","45","19","4","1","369","369","0","1","7","6","7","40","80","68","126","32","2"
"경상남도 합천군 용주면(4889046000)","746","746","0","0","5","14","39","111","207","169","155","45","1","366","366","0","0","4","8","29","84","140","68","25","8","0","380","380","0","0","1","6","10","27","67","101","130","37","1"
"제주특별자치도  (5000000000)","136,208","136,208","37","234","13,247","18,322","20,877","29,751","27,688","14,095","9,358","2,491","108","70,854","70,854","15","118","6,567","10,954","12,948","17,990","14,597","5,350","1,991","317","7","65,354","65,354","22","116","6,680","7,368","7,929","11,761","13,091","8,745","7,367","2,174","101"
"제주특별자치도 제주시 (5011000000)","95,845","95,845","28","169","10,320","14,074","14,943","20,555","18,597","9,444","6,044","1,598","73","49,796","49,796","12","79","5,021","8,400","9,226","12,278","9,685","3,595","1,300","196","4","46,049","46,049","16","90","5,299","5,674","5,717","8,277","8,912","5,849","4,744","1,402","69"
"제주특별자치도 제주시 한림읍(5011025000)","5,254","5,254","1","6","194","483","845","1,257","1,241","627","442","151","7","2,817","2,817","1","5","109","296","523","813","695","265","88","20","2","2,437","2,437","0","1","85","187","322","444","546","362","354","131","5"
"제주특별자치도 제주시 애월읍(5011025300)","7,924","7,924","1","9","376","863","1,365","2,046","1,697","787","589","182","9","4,364","4,364","0","4","224","491","861","1,254","1,028","351","131","20","0","3,560","3,560","1","5","152","372","504","792","669","436","458","162","9"
"제주특별자치도 제주시 구좌읍(5011025600)","4,186","4,186","0","1","118","360","715","975","975","469","423","145","5","2,163","2,163","0","1","74","216","446","612","530","186","80","18","0","2,023","2,023","0","0","44","144","269","363","445","283","343","127","5"
"제주특별자치도 제주시 조천읍(5011025900)","5,111","5,111","2","7","269","601","852","1,185","1,125","546","400","116","8","2,664","2,664","1","5","127","331","514","719","626","226","98","17","0","2,447","2,447","1","2","142","270","338","466","499","320","302","99","8"
"제주특별자치도 제주시 한경면(5011031000)","2,637","2,637","1","0","73","207","427","610","607","301","306","96","9","1,342","1,342","1","0","43","112","253","392","363","118","46","14","0","1,295","1,295","0","0","30","95","174","218","244","183","260","82","9"
"제주특별자치도 제주시 추자면(5011032000)","584","584","0","0","18","44","55","132","143","98","81","13","0","355","355","0","0","13","34","43","106","95","51","12","1","0","229","229","0","0","5","10","12","26","48","47","69","12","0"
"제주특별자치도 제주시 우도면(5011033000)","440","440","0","0","26","42","76","102","83","47","49","15","0","243","243","0","0","15","27","46","70","56","22","7","0","0","197","197","0","0","11","15","30","32","27","25","42","15","0"
"제주특별자치도 제주시 일도1동(5011051000)","819","819","0","1","23","50","92","200","237","138","61","17","0","466","466","0","1","17","33","62","136","146","55","13","3","0","353","353","0","0","6","17","30","64","91","83","48","14","0"
"제주특별자치도 제주시 일도2동(5011052000)","4,895","4,895","3","3","417","622","621","1,034","1,108","601","407","77","2","2,383","2,383","0","0","196","400","401","602","504","185","84","10","1","2,512","2,512","3","3","221","222","220","432","604","416","323","67","1"
"제주특별자치도 제주시 이도1동(5011053000)","2,238","2,238","1","4","387","330","253","405","431","231","144","49","3","1,110","1,110","1","4","158","189","164","247","218","91","31","7","0","1,128","1,128","0","0","229","141","89","158","213","140","113","42","3"
"제주특별자치도 제주시 이도2동(5011054000)","8,399","8,399","2","13","1,330","1,637","1,257","1,620","1,368","730","354","86","2","4,185","4,185","0","5","639","951","770","909","587","233","78","12","1","4,214","4,214","2","8","691","686","487","711","781","497","276","74","1"
"제주특별자치도 제주시 삼도1동(5011055000)","2,620","2,620","1","2","184","281","368","614","600","324","203","42","1","1,322","1,322","1","1","86","175","239","358","313","109","38","2","0","1,298","1,298","0","1","98","106","129","256","287","215","165","40","1"
"제주특별자치도 제주시 삼도2동(5011056000)","2,235","2,235","0","10","168","301","289","459","577","240","156","35","0","1,270","1,270","0","2","94","193","198","320","334","89","36","4","0","965","965","0","8","74","108","91","139","243","151","120","31","0"
"제주특별자치도 제주시 용담1동(5011057000)","1,710","1,710","0","0","77","147","197","414","431","250","154","38","2","974","974","0","0","35","95","140","285","258","102","51","8","0","736","736","0","0","42","52","57","129","173","148","103","30","2"
"제주특별자치도 제주시 용담2동(5011058000)","2,712","2,712","2","5","196","292","348","565","612","383","249","58","2","1,440","1,440","0","2","115","196","234","370","334","142","46","1","0","1,272","1,272","2","3","81","96","114","195","278","241","203","57","2"
"제주특별자치도 제주시 건입동(5011059000)","1,849","1,849","0","1","110","161","219","370","494","269","194","31","0","997","997","0","1","52","106","148","249","288","103","46","4","0","852","852","0","0","58","55","71","121","206","166","148","27","0"
"제주특별자치도 제주시 화북동(5011060000)","3,241","3,241","2","6","160","368","439","697","777","485","249","54","4","1,601","1,601","1","4","94","249","297","385","348","162","54","7","0","1,640","1,640","1","2","66","119","142","312","429","323","195","47","4"
"제주특별자치도 제주시 삼양동(5011061000)","3,157","3,157","1","4","245","501","554","639","591","365","207","45","5","1,676","1,676","0","3","145","350","348","370","260","151","43","6","0","1,481","1,481","1","1","100","151","206","269","331","214","164","39","5"
"제주특별자치도 제주시 봉개동(5011062000)","994","994","0","2","75","122","127","205","208","144","81","30","0","558","558","0","1","45","83","84","130","118","61","29","7","0","436","436","0","1","30","39","43","75","90","83","52","23","0"
"제주특별자치도 제주시 아라동(5011063000)","7,022","7,022","1","20","1,429","1,367","1,059","1,280","970","513","296","84","3","3,765","3,765","1","7","685","811","680","761","515","221","74","10","0","3,257","3,257","0","13","744","556","379","519","455","292","222","74","3"
"제주특별자치도 제주시 오라동(5011064000)","1,970","1,970","0","2","155","296","370","461","358","170","113","44","1","1,051","1,051","0","2","85","176","233","252","197","76","26","4","0","919","919","0","0","70","120","137","209","161","94","87","40","1"
"제주특별자치도 제주시 연동(5011065000)","12,068","12,068","1","29","2,464","2,531","2,137","2,250","1,649","657","278","68","4","6,048","6,048","1","10","1,107","1,442","1,192","1,223","774","235","57","7","0","6,020","6,020","0","19","1,357","1,089","945","1,027","875","422","221","61","4"
"제주특별자치도 제주시 노형동(5011066000)","9,383","9,383","6","33","1,519","1,808","1,495","2,001","1,465","674","329","49","4","4,603","4,603","3","20","704","1,031","848","1,068","641","213","66","9","0","4,780","4,780","3","13","815","777","647","933","824","461","263","40","4"
"제주특별자치도 제주시 외도동(5011067000)","2,892","2,892","2","6","206","471","515","663","534","272","184","37","2","1,503","1,503","1","1","97","296","316","393","265","89","43","2","0","1,389","1,389","1","5","109","175","199","270","269","183","141","35","2"
"제주특별자치도 제주시 이호동(5011068000)","720","720","1","1","32","93","115","179","155","75","54","15","0","424","424","0","0","24","63","82","116","89","36","13","1","0","296","296","1","1","8","30","33","63","66","39","41","14","0"
"제주특별자치도 제주시 도두동(5011069000)","785","785","0","4","69","96","153","192","161","48","41","21","0","472","472","0","0","38","54","104","138","103","23","10","2","0","313","313","0","4","31","42","49","54","58","25","31","19","0"
"제주특별자치도 서귀포시 (5013000000)","40,363","40,363","9","65","2,927","4,248","5,934","9,196","9,091","4,651","3,314","893","35","21,058","21,058","3","39","1,546","2,554","3,722","5,712","4,912","1,755","691","121","3","19,305","19,305","6","26","1,381","1,694","2,212","3,484","4,179","2,896","2,623","772","32"
"제주특별자치도 서귀포시 대정읍(5013025000)","4,803","4,803","2","13","240","379","751","1,154","1,105","541","474","138","6","2,364","2,364","0","9","121","205","456","685","578","192","96","21","1","2,439","2,439","2","4","119","174","295","469","527","349","378","117","5"
"제주특별자치도 서귀포시 남원읍(5013025300)","3,923","3,923","1","2","131","271","532","936","947","482","490","124","7","2,073","2,073","0","1","69","181","356","605","563","177","100","20","1","1,850","1,850","1","1","62","90","176","331","384","305","390","104","6"
"제주특별자치도 서귀포시 성산읍(5013025900)","4,262","4,262","0","5","224","365","531","1,029","1,155","510","343","97","3","2,407","2,407","0","3","126","212","363","707","674","236","72","14","0","1,855","1,855","0","2","98","153","168","322","481","274","271","83","3"
"제주특별자치도 서귀포시 안덕면(5013031000)","3,318","3,318","1","9","354","404","481","785","582","334","278","87","3","1,824","1,824","1","3","189","261","307","520","337","143","56","7","0","1,494","1,494","0","6","165","143","174","265","245","191","222","80","3"
"제주특별자치도 서귀포시 표선면(5013032000)","2,958","2,958","0","5","169","240","435","726","738","340","235","68","2","1,557","1,557","0","4","96","154","280","452","388","131","45","7","0","1,401","1,401","0","1","73","86","155","274","350","209","190","61","2"
"제주특별자치도 서귀포시 송산동(5013051000)","891","891","0","0","34","76","146","211","209","116","82","15","2","495","495","0","0","20","44","103","146","114","53","15","0","0","396","396","0","0","14","32","43","65","95","63","67","15","2"
"제주특별자치도 서귀포시 정방동(5013052000)","867","867","0","0","55","94","143","200","227","98","41","9","0","422","422","0","0","23","45","76","112","114","39","11","2","0","445","445","0","0","32","49","67","88","113","59","30","7","0"
"제주특별자치도 서귀포시 중앙동(5013053000)","1,163","1,163","0","2","56","72","119","260","380","180","81","13","0","514","514","0","2","22","43","65","150","150","62","17","3","0","649","649","0","0","34","29","54","110","230","118","64","10","0"
"제주특별자치도 서귀포시 천지동(5013054000)","1,243","1,243","0","1","115","121","166","263","326","170","63","18","0","633","633","0","1","53","74","94","169","167","54","16","5","0","610","610","0","0","62","47","72","94","159","116","47","13","0"
"제주특별자치도 서귀포시 효돈동(5013055000)","897","897","0","2","29","71","127","187","230","117","94","40","0","452","452","0","0","17","34","86","124","124","41","20","6","0","445","445","0","2","12","37","41","63","106","76","74","34","0"
"제주특별자치도 서귀포시 영천동(5013056000)","1,165","1,165","0","2","54","90","142","237","268","161","135","69","7","642","642","0","1","36","59","100","159","175","70","32","10","0","523","523","0","1","18","31","42","78","93","91","103","59","7"
"제주특별자치도 서귀포시 동홍동(5013057000)","3,698","3,698","1","6","283","413","507","829","834","499","279","46","1","1,682","1,682","1","4","131","233","298","442","356","144","68","5","0","2,016","2,016","0","2","152","180","209","387","478","355","211","41","1"
"제주특별자치도 서귀포시 서홍동(5013058000)","1,615","1,615","0","2","150","172","216","357","361","209","124","23","1","816","816","0","2","82","108","128","213","184","71","26","2","0","799","799","0","0","68","64","88","144","177","138","98","21","1"
"제주특별자치도 서귀포시 대륜동(5013059000)","2,744","2,744","0","0","207","431","518","583","520","259","177","47","2","1,435","1,435","0","0","106","259","322","331","283","93","35","6","0","1,309","1,309","0","0","101","172","196","252","237","166","142","41","2"
"제주특별자치도 서귀포시 대천동(5013060000)","2,933","2,933","4","4","349","462","506","622","518","279","156","32","1","1,626","1,626","1","2","187","292","324","383","299","101","32","4","1","1,307","1,307","3","2","162","170","182","239","219","178","124","28","0"
"제주특별자치도 서귀포시 중문동(5013061000)","2,848","2,848","0","11","342","457","482","590","496","259","173","38","0","1,551","1,551","0","7","191","274","278","363","289","111","32","6","0","1,297","1,297","0","4","151","183","204","227","207","148","141","32","0"
"제주특별자치도 서귀포시 예래동(5013062000)","1,035","1,035","0","1","135","130","132","227","195","97","89","29","0","565","565","0","0","77","76","86","151","117","37","18","3","0","470","470","0","1","58","54","46","76","78","60","71","26","0"
