행정기관코드,기준연월,시도명,시군구명,읍면동명,전체세대수,1인세대,2인세대,3인세대,4인세대,5인세대,6인세대,7인세대,8인세대,9인세대,10인이상세대
1111051500,2026-07-31,서울특별시,종로구,청운효자동,4830,1885,1205,925,597,155,48,9,3,3,0
1111053000,2026-07-31,서울특별시,종로구,사직동,4553,2367,913,676,453,103,23,12,2,0,4
1111054000,2026-07-31,서울특별시,종로구,삼청동,1045,523,242,141,98,31,7,3,0,0,0
1111055000,2026-07-31,서울특별시,종로구,부암동,4110,1685,1043,726,468,133,40,9,4,1,1
1111056000,2026-07-31,서울특별시,종로구,평창동,7097,2250,1938,1435,1046,313,83,19,11,1,1
1111057000,2026-07-31,서울특별시,종로구,무악동,2980,715,767,743,584,144,19,6,0,1,1
1111058000,2026-07-31,서울특별시,종로구,교남동,4336,1650,1117,846,590,108,19,4,1,1,0
1111060000,2026-07-31,서울특별시,종로구,가회동,1791,896,383,296,155,40,16,2,2,0,1
1111061500,2026-07-31,서울특별시,종로구,종로1.2.3.4가동,4875,3927,470,274,149,38,10,4,2,0,1
1111063000,2026-07-31,서울특별시,종로구,종로5.6가동,3721,2731,545,255,149,34,4,3,0,0,0
1111064000,2026-07-31,서울특별시,종로구,이화동,4494,3018,766,413,228,48,15,4,1,1,0
1111065000,2026-07-31,서울특별시,종로구,혜화동,9318,5966,1517,943,666,159,51,9,3,0,4
1111067000,2026-07-31,서울특별시,종로구,창신제1동,2643,1643,540,279,127,45,7,1,1,0,0
1111068000,2026-07-31,서울특별시,종로구,창신제2동,3876,2053,946,500,294,62,19,0,2,0,0
1111069000,2026-07-31,서울특별시,종로구,창신제3동,2725,946,796,551,328,82,17,5,0,0,0
1111070000,2026-07-31,서울특별시,종로구,숭인제1동,3015,1556,702,425,257,56,16,2,1,0,0
1111071000,2026-07-31,서울특별시,종로구,숭인제2동,7050,5130,1077,508,270,56,7,2,0,0,0
1114052000,2026-07-31,서울특별시,중구,소공동,1244,741,227,169,90,10,3,3,0,0,1
1114054000,2026-07-31,서울특별시,중구,회현동,2270,1314,445,299,156,37,10,7,2,0,0
1114055000,2026-07-31,서울특별시,중구,명동,1315,905,206,120,64,11,5,2,0,1,1
1114057000,2026-07-31,서울특별시,중구,필동,2825,1964,477,226,122,27,6,1,1,0,1
1114058000,2026-07-31,서울특별시,중구,장충동,2950,2059,457,222,155,40,14,0,1,1,1
1114059000,2026-07-31,서울특별시,중구,광희동,3976,2940,592,258,132,39,10,3,2,0,0
1114060500,2026-07-31,서울특별시,중구,을지로동,2062,1439,384,157,61,17,3,0,1,0,0
1114061500,2026-07-31,서울특별시,중구,신당동,4671,3126,893,373,201,53,18,6,1,0,0
1114062500,2026-07-31,서울특별시,중구,다산동,6707,3337,1640,973,587,130,29,6,2,0,3
1114063500,2026-07-31,서울특별시,중구,약수동,7690,3232,2254,1256,728,150,47,19,2,1,1
1114064500,2026-07-31,서울특별시,중구,청구동,5030,2001,1409,887,568,132,25,7,0,1,0
1114065000,2026-07-31,서울특별시,중구,신당제5동,5419,2855,1270,754,419,96,17,6,1,1,0
1114066500,2026-07-31,서울특별시,중구,동화동,3954,1101,1105,900,619,158,51,8,10,2,0
1114067000,2026-07-31,서울특별시,중구,황학동,7866,4664,1820,826,427,100,24,2,2,0,1
1114068000,2026-07-31,서울특별시,중구,중림동,5875,2659,1389,1047,606,136,30,3,3,2,0
1117051000,2026-07-31,서울특별시,용산구,후암동,8308,4387,1879,1124,693,173,29,15,3,0,5
1117052000,2026-07-31,서울특별시,용산구,용산2가동,4948,2893,1159,529,280,64,17,5,1,0,0
1117053000,2026-07-31,서울특별시,용산구,남영동,5001,3800,680,312,147,47,12,2,0,0,1
1117055500,2026-07-31,서울특별시,용산구,청파동,11553,7600,2101,1032,598,164,42,9,4,0,3
1117056000,2026-07-31,서울특별시,용산구,원효로제1동,9374,5227,1896,1257,785,161,37,6,2,1,2
1117057000,2026-07-31,서울특별시,용산구,원효로제2동,6319,2738,1475,1167,702,170,46,9,6,4,2
1117058000,2026-07-31,서울특별시,용산구,효창동,4725,1774,1255,930,577,136,39,8,2,3,1
1117059000,2026-07-31,서울특별시,용산구,용문동,5346,2271,1394,960,564,120,26,5,4,0,2
1117062500,2026-07-31,서울특별시,용산구,한강로동,11177,5957,2373,1620,953,194,55,16,9,0,0
1117063000,2026-07-31,서울특별시,용산구,이촌제1동,9131,1743,2339,2500,1970,427,108,24,12,5,3
1117064000,2026-07-31,서울특별시,용산구,이촌제2동,3547,1305,1035,680,401,94,26,3,1,1,1
1117065000,2026-07-31,서울특별시,용산구,이태원제1동,3085,1758,719,338,197,56,11,6,0,0,0
1117066000,2026-07-31,서울특별시,용산구,이태원제2동,4668,2572,1112,564,301,86,23,6,2,1,1
1117068500,2026-07-31,서울특별시,용산구,한남동,6928,3367,1644,1031,627,185,48,16,4,4,2
1117069000,2026-07-31,서울특별시,용산구,서빙고동,5055,1710,1224,930,860,262,48,12,7,2,0
1117070000,2026-07-31,서울특별시,용산구,보광동,2779,1516,641,361,203,45,9,1,3,0,0
1120052000,2026-07-31,서울특별시,성동구,왕십리제2동,7334,3014,1806,1402,884,163,53,10,0,1,1
1120053500,2026-07-31,서울특별시,성동구,왕십리도선동,12028,5139,2737,2262,1493,296,71,20,6,4,0
1120054000,2026-07-31,서울특별시,성동구,마장동,11166,5691,2549,1534,1076,227,66,18,0,1,4
1120055000,2026-07-31,서울특별시,성동구,사근동,8470,6460,1005,517,379,82,19,5,3,0,0
1120056000,2026-07-31,서울특별시,성동구,행당제1동,7362,3037,1765,1372,965,175,38,8,1,1,0
1120057000,2026-07-31,서울특별시,성동구,행당제2동,9108,2399,2608,2234,1520,267,56,19,4,1,0
1120058000,2026-07-31,서울특별시,성동구,응봉동,5827,1598,1520,1439,1019,204,34,7,4,2,0
1120059000,2026-07-31,서울특별시,성동구,금호1가동,6335,2200,1717,1367,843,157,40,9,1,1,0
1120061500,2026-07-31,서울특별시,성동구,금호2.3가동,9373,3349,2594,2009,1155,207,41,15,3,0,0
1120062000,2026-07-31,서울특별시,성동구,금호4가동,6273,2268,1723,1351,757,129,33,8,4,0,0
1120064500,2026-07-31,서울특별시,성동구,옥수동,10699,3098,3130,2629,1457,297,70,12,4,1,1
1120065000,2026-07-31,서울특별시,성동구,성수1가제1동,7252,3183,1858,1258,765,135,40,5,7,1,0
1120066000,2026-07-31,서울특별시,성동구,성수1가제2동,7094,3142,1843,1205,736,126,28,9,4,1,0
1120067000,2026-07-31,서울특별시,성동구,성수2가제1동,7070,3608,1716,989,605,112,29,8,3,0,0
1120069000,2026-07-31,서울특별시,성동구,성수2가제3동,4865,2534,1029,691,451,123,30,5,1,0,1
1120072000,2026-07-31,서울특별시,성동구,송정동,5100,2893,1127,593,393,76,14,2,2,0,0
1120079000,2026-07-31,서울특별시,성동구,용답동,8373,5512,1602,738,403,94,18,5,0,1,0
1121571000,2026-07-31,서울특별시,광진구,화양동,18236,15208,1910,663,361,65,22,6,0,0,1
1121573000,2026-07-31,서울특별시,광진구,군자동,11273,7162,2118,1144,664,134,35,11,3,2,0
1121574000,2026-07-31,서울특별시,광진구,중곡제1동,8608,4970,1996,951,529,122,28,11,1,0,0
1121575000,2026-07-31,서울특별시,광진구,중곡제2동,10503,5349,2591,1459,856,195,42,5,1,3,2
1121576000,2026-07-31,서울특별시,광진구,중곡제3동,8433,4515,2066,1079,599,144,23,6,1,0,0
1121577000,2026-07-31,서울특별시,광진구,중곡제4동,13204,5773,3493,2237,1323,283,65,23,5,1,1
1121578000,2026-07-31,서울특별시,광진구,능동,6336,3903,1291,633,391,78,36,3,0,0,1
1121581000,2026-07-31,서울특별시,광진구,광장동,11740,2372,2199,3418,3129,490,96,27,8,1,0
1121582000,2026-07-31,서울특별시,광진구,자양제1동,12137,6848,2718,1424,925,182,28,8,4,0,0
1121583000,2026-07-31,서울특별시,광진구,자양제2동,12197,4891,3052,2298,1533,324,75,18,3,2,1
1121584000,2026-07-31,서울특별시,광진구,자양제3동,10970,3295,2773,2509,1916,352,83,25,14,2,1
1121584700,2026-07-31,서울특별시,광진구,자양제4동,11402,6538,2490,1396,775,157,31,10,5,0,0
1121585000,2026-07-31,서울특별시,광진구,구의제1동,13588,8137,2786,1513,891,207,40,10,2,1,1
1121586000,2026-07-31,서울특별시,광진구,구의제2동,11545,4660,2930,2104,1443,320,65,15,3,1,4
1121587000,2026-07-31,서울특별시,광진구,구의제3동,12013,4412,2801,2490,1837,352,93,18,4,5,1
1123051500,2026-07-31,서울특별시,동대문구,신설동,9585,5861,1736,1117,710,127,29,4,1,0,0
1123053300,2026-07-31,서울특별시,동대문구,용두동,12864,7442,2586,1584,1010,190,40,10,2,0,0
1123054500,2026-07-31,서울특별시,동대문구,제기동,12821,7679,2544,1450,863,213,53,10,5,2,2
1123056000,2026-07-31,서울특별시,동대문구,전농제1동,16508,8026,3717,2618,1713,332,80,15,7,0,0
1123057000,2026-07-31,서울특별시,동대문구,전농제2동,7346,2333,2044,1554,1118,227,62,4,2,2,0
1123060000,2026-07-31,서울특별시,동대문구,답십리제1동,13029,5372,3196,2514,1569,308,45,17,7,1,0
1123061000,2026-07-31,서울특별시,동대문구,답십리제2동,12693,4944,3448,2406,1495,310,74,13,2,0,1
1123065000,2026-07-31,서울특별시,동대문구,장안제1동,18676,8875,4370,3017,1850,450,88,17,6,3,0
1123066000,2026-07-31,서울특별시,동대문구,장안제2동,15107,6002,3652,2859,2053,394,111,27,6,0,3
1123070500,2026-07-31,서울특별시,동대문구,청량리동,9931,5198,2421,1320,756,183,36,12,3,1,1
1123071000,2026-07-31,서울특별시,동대문구,회기동,6746,4808,943,526,368,81,14,3,1,1,1
1123072000,2026-07-31,서울특별시,동대문구,휘경제1동,9053,4912,1835,1273,827,152,38,10,3,3,0
1123073000,2026-07-31,서울특별시,동대문구,휘경제2동,12683,7014,2457,1690,1195,258,51,12,4,1,1
1123074000,2026-07-31,서울특별시,동대문구,이문제1동,15811,7992,3196,2568,1691,284,62,13,4,0,1
1123075000,2026-07-31,서울특별시,동대문구,이문제2동,8134,3151,2021,1540,1104,255,48,14,1,0,0
1126052000,2026-07-31,서울특별시,중랑구,면목제2동,12052,5943,3051,1770,1032,200,42,11,2,1,0
1126054000,2026-07-31,서울특별시,중랑구,면목제4동,8912,4149,2342,1379,813,179,36,10,2,0,2
1126055000,2026-07-31,서울특별시,중랑구,면목제5동,6176,2153,1730,1277,831,149,24,10,2,0,0
1126056500,2026-07-31,서울특별시,중랑구,면목본동,17726,9646,4239,2361,1190,237,46,4,2,0,1
1126057000,2026-07-31,서울특별시,중랑구,면목제7동,10505,4941,2734,1639,947,200,35,7,2,0,0
1126057500,2026-07-31,서울특별시,중랑구,면목제3.8동,12699,6516,3221,1749,962,197,42,9,2,1,0
1126058000,2026-07-31,서울특별시,중랑구,상봉제1동,10360,3838,2751,2061,1392,259,45,12,1,1,0
1126059000,2026-07-31,서울특별시,중랑구,상봉제2동,14039,9192,2828,1216,650,116,23,11,2,1,0
1126060000,2026-07-31,서울특별시,중랑구,중화제1동,8757,3622,2530,1539,845,179,32,8,2,0,0
1126061000,2026-07-31,서울특별시,중랑구,중화제2동,14392,7840,3488,1840,965,201,42,13,2,0,1
1126062000,2026-07-31,서울특별시,중랑구,묵제1동,14903,5756,3737,2800,1982,495,101,24,7,0,1
1126063000,2026-07-31,서울특별시,중랑구,묵제2동,9173,4432,2432,1284,832,158,22,13,0,0,0
1126065500,2026-07-31,서울특별시,중랑구,망우본동,18838,8745,4443,3091,2027,420,85,21,3,2,1
1126066000,2026-07-31,서울특별시,중랑구,망우제3동,8266,4270,2044,1209,574,135,25,5,4,0,0
1126068000,2026-07-31,서울특별시,중랑구,신내1동,14751,4098,4110,3180,2488,696,142,27,4,5,1
1126069000,2026-07-31,서울특별시,중랑구,신내2동,8833,3317,2527,1748,1004,184,44,5,3,1,0
1129052500,2026-07-31,서울특별시,성북구,성북동,8040,4095,1833,1160,686,196,45,11,7,2,5
1129055500,2026-07-31,서울특별시,성북구,삼선동,11441,6130,2384,1516,1101,236,52,17,4,0,1
1129057500,2026-07-31,서울특별시,성북구,동선동,9920,7048,1531,761,459,91,22,5,2,0,1
1129058000,2026-07-31,서울특별시,성북구,돈암제1동,5991,2028,1639,1245,858,181,29,9,0,2,0
1129059000,2026-07-31,서울특별시,성북구,돈암제2동,8513,1836,2184,2199,1777,394,82,26,11,2,2
1129060000,2026-07-31,서울특별시,성북구,안암동,10506,7678,1423,775,485,110,25,5,3,1,1
1129061000,2026-07-31,서울특별시,성북구,보문동,8052,3884,1942,1265,767,156,26,10,1,0,1
1129062000,2026-07-31,서울특별시,성북구,정릉제1동,7343,2374,1836,1631,1170,252,61,16,1,0,2
1129063000,2026-07-31,서울특별시,성북구,정릉제2동,9508,3327,2601,1937,1271,268,81,17,5,1,0
1129064000,2026-07-31,서울특별시,성북구,정릉제3동,7949,4927,1517,824,514,123,28,11,1,1,3
1129065000,2026-07-31,서울특별시,성북구,정릉제4동,10762,4105,2910,2035,1338,287,59,20,6,0,2
1129066000,2026-07-31,서울특별시,성북구,길음제1동,12803,2559,2810,3457,3315,536,95,15,8,4,4
1129068500,2026-07-31,서울특별시,성북구,길음제2동,8649,2509,2064,2073,1598,330,57,14,4,0,0
1129070500,2026-07-31,서울특별시,성북구,종암동,17200,7240,4011,3108,2261,463,92,20,4,1,0
1129071500,2026-07-31,서울특별시,성북구,월곡제1동,10580,3562,2798,2183,1624,329,69,14,1,0,0
1129072500,2026-07-31,서울특별시,성북구,월곡제2동,9636,4942,2135,1411,872,222,38,11,4,1,0
1129076000,2026-07-31,서울특별시,성북구,장위제1동,10592,4357,2674,1918,1273,299,53,13,4,1,0
1129077000,2026-07-31,서울특별시,성북구,장위제2동,7826,3450,2133,1290,752,157,38,5,1,0,0
1129078000,2026-07-31,서울특별시,성북구,장위제3동,7678,2263,1867,1841,1411,245,37,13,1,0,0
1129081000,2026-07-31,서울특별시,성북구,석관동,16661,7731,4270,2711,1526,348,58,13,4,0,0
1130553400,2026-07-31,서울특별시,강북구,삼양동,11712,4924,3165,1995,1281,266,62,11,7,0,1
1130553500,2026-07-31,서울특별시,강북구,미아동,11793,6988,2516,1409,682,144,39,10,4,0,1
1130554500,2026-07-31,서울특별시,강북구,송중동,13550,6331,3354,2158,1342,278,62,19,2,1,3
1130555500,2026-07-31,서울특별시,강북구,송천동,12109,6052,3091,1776,933,204,44,5,3,1,0
1130557500,2026-07-31,서울특별시,강북구,삼각산동,11523,2877,2787,2820,2453,468,85,24,6,3,0
1130559500,2026-07-31,서울특별시,강북구,번1동,9673,5979,2006,997,555,110,20,6,0,0,0
1130560300,2026-07-31,서울특별시,강북구,번2동,7366,3417,2092,1127,562,134,25,5,1,1,2
1130560800,2026-07-31,서울특별시,강북구,번3동,7514,3061,2286,1234,723,171,29,8,2,0,0
1130561500,2026-07-31,서울특별시,강북구,수유1동,10471,5504,2543,1398,798,167,50,6,2,0,3
1130562500,2026-07-31,서울특별시,강북구,수유2동,9661,4065,2724,1643,938,222,49,15,1,3,1
1130563500,2026-07-31,서울특별시,강북구,수유3동,13582,8466,2815,1358,730,169,29,10,4,0,1
1130564500,2026-07-31,서울특별시,강북구,우이동,9654,4250,2653,1579,902,202,54,11,2,0,1
1130566000,2026-07-31,서울특별시,강북구,인수동,14123,6452,3787,2238,1225,314,80,18,6,2,1
1132051100,2026-07-31,서울특별시,도봉구,창제1동,10562,4115,2855,1981,1308,238,57,5,2,1,0
1132051200,2026-07-31,서울특별시,도봉구,창제2동,12765,4841,3629,2389,1482,333,71,13,4,2,1
1132051300,2026-07-31,서울특별시,도봉구,창제3동,6337,2819,1774,1016,568,122,31,4,3,0,0
1132051400,2026-07-31,서울특별시,도봉구,창제4동,11310,3950,2872,2346,1730,327,62,13,7,1,2
1132051500,2026-07-31,서울특별시,도봉구,창제5동,10327,3617,2803,2134,1387,300,62,16,4,4,0
1132052100,2026-07-31,서울특별시,도봉구,도봉제1동,10266,4944,2867,1472,735,196,38,11,3,0,0
1132052200,2026-07-31,서울특별시,도봉구,도봉제2동,11876,4395,3478,2243,1362,310,72,12,3,1,0
1132066000,2026-07-31,서울특별시,도봉구,쌍문제1동,9787,4037,2618,1775,1021,252,60,18,2,2,2
1132067000,2026-07-31,서울특별시,도봉구,쌍문제2동,8429,3540,2377,1398,888,181,36,8,0,0,1
1132068000,2026-07-31,서울특별시,도봉구,쌍문제3동,8207,3951,2030,1283,747,164,23,8,1,0,0
1132068100,2026-07-31,서울특별시,도봉구,쌍문제4동,7097,1828,1968,1777,1231,236,44,10,3,0,0
1132069000,2026-07-31,서울특별시,도봉구,방학제1동,13242,5712,3272,2216,1552,370,93,21,3,3,0
1132070000,2026-07-31,서울특별시,도봉구,방학제2동,9031,4240,2498,1311,745,192,33,8,1,3,0
1132071000,2026-07-31,서울특별시,도봉구,방학제3동,9922,2255,2965,2419,1786,388,82,19,6,2,0
1135056000,2026-07-31,서울특별시,노원구,월계1동,10321,5133,2249,1593,1033,264,32,12,4,0,1
1135057000,2026-07-31,서울특별시,노원구,월계2동,11579,4600,3191,2066,1364,293,52,10,2,1,0
1135058000,2026-07-31,서울특별시,노원구,월계3동,12804,4671,3774,2544,1469,268,59,13,4,1,1
1135059500,2026-07-31,서울특별시,노원구,공릉1동,18940,10193,4021,2569,1689,369,85,8,3,3,0
1135060000,2026-07-31,서울특별시,노원구,공릉2동,18038,6933,3963,3588,2893,537,101,16,2,3,2
1135061100,2026-07-31,서울특별시,노원구,하계1동,12137,5667,2432,2012,1666,283,54,15,5,2,1
1135061200,2026-07-31,서울특별시,노원구,하계2동,7583,1842,1918,1885,1633,257,37,7,4,0,0
1135061900,2026-07-31,서울특별시,노원구,중계본동,7847,1649,1614,1919,2126,444,72,15,5,2,1
1135062100,2026-07-31,서울특별시,노원구,중계1동,8924,1525,1644,2629,2680,381,46,12,6,1,0
1135062400,2026-07-31,서울특별시,노원구,중계4동,8102,2899,2030,1602,1258,243,47,10,9,3,1
1135062500,2026-07-31,서울특별시,노원구,중계2.3동,14900,5923,4251,2679,1725,271,35,13,1,2,0
1135063000,2026-07-31,서울특별시,노원구,상계1동,15670,5313,4325,3178,2232,484,110,20,5,1,2
1135064000,2026-07-31,서울특별시,노원구,상계2동,8564,3505,1996,1600,1177,222,57,4,3,0,0
1135066500,2026-07-31,서울특별시,노원구,상계3.4동,12292,5007,3111,2113,1613,358,77,9,4,0,0
1135067000,2026-07-31,서울특별시,노원구,상계5동,10849,4749,2896,1793,1104,247,47,9,3,0,1
1135069500,2026-07-31,서울특별시,노원구,상계6.7동,13729,5002,3778,2797,1791,290,53,10,2,2,4
1135070000,2026-07-31,서울특별시,노원구,상계8동,9106,2494,2856,2262,1294,167,25,5,2,0,1
1135071000,2026-07-31,서울특별시,노원구,상계9동,8303,2615,2504,1811,1152,176,31,10,1,3,0
1135072000,2026-07-31,서울특별시,노원구,상계10동,7750,2428,2248,1678,1179,164,35,14,1,3,0
1138051000,2026-07-31,서울특별시,은평구,녹번동,17533,7900,4537,2915,1731,343,80,19,3,0,5
1138052000,2026-07-31,서울특별시,은평구,불광제1동,16280,6840,4372,2843,1757,372,76,14,3,2,1
1138053000,2026-07-31,서울특별시,은평구,불광제2동,14179,7330,3561,1930,1027,268,48,12,3,0,0
1138055100,2026-07-31,서울특별시,은평구,갈현제1동,7198,3471,1802,1075,677,136,26,10,0,0,1
1138055200,2026-07-31,서울특별시,은평구,갈현제2동,12750,5315,3420,2170,1438,327,54,17,4,1,4
1138056000,2026-07-31,서울특별시,은평구,구산동,13548,5110,3670,2589,1645,419,86,16,6,2,5
1138057000,2026-07-31,서울특별시,은평구,대조동,15536,8857,3644,1798,954,213,54,13,3,0,0
1138058000,2026-07-31,서울특별시,은평구,응암제1동,15140,6350,3874,2632,1779,402,70,22,4,4,3
1138059000,2026-07-31,서울특별시,은평구,응암제2동,10942,3117,2800,2708,1852,367,70,16,6,3,3
1138060000,2026-07-31,서울특별시,은평구,응암제3동,12528,6628,3099,1670,879,185,58,7,1,0,1
1138062500,2026-07-31,서울특별시,은평구,역촌동,21355,8955,5702,3770,2261,532,102,23,5,4,1
1138063100,2026-07-31,서울특별시,은평구,신사제1동,12106,4702,3423,2230,1354,310,68,12,5,1,1
1138063200,2026-07-31,서울특별시,은평구,신사제2동,9055,3539,2457,1708,1069,223,43,13,1,2,0
1138064000,2026-07-31,서울특별시,은평구,증산동,6592,2248,1819,1256,931,272,53,11,2,0,0
1138065000,2026-07-31,서울특별시,은평구,수색동,8599,2333,2428,1954,1490,318,61,13,1,0,1
1138069000,2026-07-31,서울특별시,은평구,진관동,21562,6777,4822,4470,4136,1065,229,42,14,2,5
1141052000,2026-07-31,서울특별시,서대문구,천연동,7638,3111,1916,1449,921,194,32,13,0,0,2
1141055500,2026-07-31,서울특별시,서대문구,북아현동,6997,2781,1689,1453,901,139,28,4,1,1,0
1141056500,2026-07-31,서울특별시,서대문구,충현동,9916,5119,2072,1460,983,227,40,13,1,1,0
1141058500,2026-07-31,서울특별시,서대문구,신촌동,15497,12598,1600,711,432,102,40,5,5,1,3
1141061500,2026-07-31,서울특별시,서대문구,연희동,18657,10827,3754,2249,1367,359,66,22,10,1,2
1141062000,2026-07-31,서울특별시,서대문구,홍제제1동,11188,4318,3010,2117,1353,292,72,19,6,0,1
1141064000,2026-07-31,서울특별시,서대문구,홍제제3동,7933,3067,2071,1586,947,210,41,7,4,0,0
1141065500,2026-07-31,서울특별시,서대문구,홍제제2동,5228,1775,1439,1141,693,142,29,5,2,1,1
1141066000,2026-07-31,서울특별시,서대문구,홍은제1동,10422,3685,2876,2090,1352,327,67,21,1,2,1
1141068500,2026-07-31,서울특별시,서대문구,홍은제2동,12744,5304,3180,2258,1547,360,76,16,1,1,1
1141069000,2026-07-31,서울특별시,서대문구,남가좌제1동,6385,1417,1400,1727,1446,321,52,15,6,1,0
1141070000,2026-07-31,서울특별시,서대문구,남가좌제2동,13246,5604,2946,2481,1826,321,53,12,1,2,0
1141071000,2026-07-31,서울특별시,서대문구,북가좌제1동,6706,1700,1742,1658,1250,276,62,13,4,0,1
1141072000,2026-07-31,서울특별시,서대문구,북가좌제2동,14508,6380,3783,2399,1492,361,72,17,2,2,0
1144055500,2026-07-31,서울특별시,마포구,아현동,12103,3757,3057,2967,1955,271,65,25,4,2,0
1144056500,2026-07-31,서울특별시,마포구,공덕동,18469,9175,4134,2917,1801,344,67,25,2,2,2
1144058500,2026-07-31,서울특별시,마포구,도화동,9318,3761,2204,1773,1252,244,64,14,3,2,1
1144059000,2026-07-31,서울특별시,마포구,용강동,9266,3408,2028,2029,1486,247,48,12,5,2,1
1144060000,2026-07-31,서울특별시,마포구,대흥동,8671,5663,1434,826,611,110,20,5,1,0,1
1144061000,2026-07-31,서울특별시,마포구,염리동,7709,3264,1571,1462,1180,187,27,16,2,0,0
1144063000,2026-07-31,서울특별시,마포구,신수동,10120,4094,2318,2007,1362,268,54,13,2,1,1
1144065500,2026-07-31,서울특별시,마포구,서강동,12292,6155,2418,2015,1389,229,61,15,7,2,1
1144066000,2026-07-31,서울특별시,마포구,서교동,15142,10419,2485,1255,754,167,38,16,3,5,0
1144068000,2026-07-31,서울특별시,마포구,합정동,8865,5027,2045,1067,549,137,32,6,2,0,0
1144069000,2026-07-31,서울특별시,마포구,망원제1동,10011,5288,2451,1262,774,179,41,12,2,2,0
1144070000,2026-07-31,서울특별시,마포구,망원제2동,8159,3387,2218,1318,1004,178,38,12,3,0,1
1144071000,2026-07-31,서울특별시,마포구,연남동,8307,5145,1655,862,505,111,15,5,4,3,2
1144072000,2026-07-31,서울특별시,마포구,성산제1동,9648,4985,2204,1348,832,215,38,16,6,4,0
1144073000,2026-07-31,서울특별시,마포구,성산제2동,19659,9893,4360,2997,1913,402,69,19,3,1,2
1144074000,2026-07-31,서울특별시,마포구,상암동,12779,4923,2830,2435,2006,477,77,19,8,3,1
1147051000,2026-07-31,서울특별시,양천구,목1동,10330,1717,1983,3137,2913,465,83,23,7,2,0
1147052000,2026-07-31,서울특별시,양천구,목2동,13265,5685,3289,2279,1592,328,58,25,6,1,2
1147053000,2026-07-31,서울특별시,양천구,목3동,10076,4430,2581,1733,1063,207,43,11,5,1,2
1147054000,2026-07-31,서울특별시,양천구,목4동,9871,3407,2158,2053,1809,350,75,13,4,1,1
1147055000,2026-07-31,서울특별시,양천구,목5동,13537,1770,2699,4119,4160,623,121,30,11,1,3
1147056000,2026-07-31,서울특별시,양천구,신월1동,9879,4962,2503,1440,767,167,34,4,1,1,0
1147057000,2026-07-31,서울특별시,양천구,신월2동,8714,2867,2292,1821,1317,324,65,22,3,2,1
1147058000,2026-07-31,서울특별시,양천구,신월3동,7407,4035,1748,885,536,161,35,2,2,0,3
1147059000,2026-07-31,서울특별시,양천구,신월4동,6757,1834,1900,1598,1103,256,56,7,2,1,0
1147060000,2026-07-31,서울특별시,양천구,신월5동,6360,2576,1643,1139,760,189,42,8,3,0,0
1147061000,2026-07-31,서울특별시,양천구,신월6동,5306,1251,1411,1368,1030,210,34,2,0,0,0
1147061100,2026-07-31,서울특별시,양천구,신월7동,9080,3986,2681,1463,732,175,31,11,1,0,0
1147062000,2026-07-31,서울특별시,양천구,신정1동,6957,1400,1428,1929,1823,301,54,13,7,1,1
1147063000,2026-07-31,서울특별시,양천구,신정2동,6891,1638,1411,1689,1791,301,43,7,7,3,1
1147064000,2026-07-31,서울특별시,양천구,신정3동,18105,5054,4901,4031,3228,740,114,25,6,4,2
1147065000,2026-07-31,서울특별시,양천구,신정4동,16679,8636,3975,2283,1367,322,69,21,4,2,0
1147067000,2026-07-31,서울특별시,양천구,신정6동,8214,1134,1882,2507,2242,340,77,20,8,2,2
1147068000,2026-07-31,서울특별시,양천구,신정7동,11465,3537,2803,2583,2119,335,62,16,6,4,0
1150051000,2026-07-31,서울특별시,강서구,염창동,16853,5173,3832,4044,3190,490,99,20,4,1,0
1150052000,2026-07-31,서울특별시,강서구,등촌제1동,14275,8288,3002,1699,1050,188,37,7,3,0,1
1150053000,2026-07-31,서울특별시,강서구,등촌제2동,8643,3347,2207,1673,1090,235,69,15,5,2,0
1150053500,2026-07-31,서울특별시,강서구,등촌제3동,15058,7507,3795,2107,1332,245,51,15,2,2,2
1150054000,2026-07-31,서울특별시,강서구,화곡제1동,28364,15924,6624,3529,1740,410,90,38,7,2,0
1150055000,2026-07-31,서울특별시,강서구,화곡제2동,8270,3662,2174,1379,812,206,23,12,1,1,0
1150056000,2026-07-31,서울특별시,강서구,화곡제3동,9683,4064,2462,1650,1135,287,62,16,5,1,1
1150057000,2026-07-31,서울특별시,강서구,화곡제4동,9670,4395,2654,1551,822,186,45,12,3,2,0
1150059000,2026-07-31,서울특별시,강서구,화곡본동,17278,9248,3996,2294,1357,305,55,15,4,3,1
1150059100,2026-07-31,서울특별시,강서구,화곡제6동,13428,7103,2895,1875,1237,243,52,12,7,2,2
1150059300,2026-07-31,서울특별시,강서구,화곡제8동,11525,5398,3159,1733,930,238,45,19,3,0,0
1150060300,2026-07-31,서울특별시,강서구,가양제1동,21055,14430,3055,1950,1268,272,60,12,6,0,2
1150060400,2026-07-31,서울특별시,강서구,가양제2동,7908,4857,1854,726,354,75,31,6,3,2,0
1150060500,2026-07-31,서울특별시,강서구,가양제3동,7524,3794,2269,983,395,63,15,5,0,0,0
1150061100,2026-07-31,서울특별시,강서구,발산제1동,13630,3573,3509,3085,2765,577,90,25,5,1,0
1150061500,2026-07-31,서울특별시,강서구,우장산동,17473,5078,4042,4023,3515,645,123,33,10,3,1
1150062000,2026-07-31,서울특별시,강서구,공항동,13784,6214,3133,2285,1650,404,71,23,4,0,0
1150063000,2026-07-31,서울특별시,강서구,방화제1동,16834,5190,4367,3552,2926,664,106,21,5,1,2
1150064000,2026-07-31,서울특별시,강서구,방화제2동,12361,6650,2920,1573,942,203,54,15,3,0,1
1150064100,2026-07-31,서울특별시,강서구,방화제3동,11109,5398,2885,1618,945,193,54,5,8,2,1
1153051000,2026-07-31,서울특별시,구로구,신도림동,14435,4034,3666,3394,2747,451,113,20,8,1,1
1153052000,2026-07-31,서울특별시,구로구,구로제1동,8440,2583,2300,1810,1420,259,49,13,4,2,0
1153053000,2026-07-31,서울특별시,구로구,구로제2동,12084,6509,2997,1525,790,199,43,16,2,2,1
1153054000,2026-07-31,서울특별시,구로구,구로제3동,13714,8653,2575,1385,875,182,29,12,1,1,1
1153055000,2026-07-31,서울특별시,구로구,구로제4동,10075,5530,2557,1251,580,112,32,11,2,0,0
1153056000,2026-07-31,서울특별시,구로구,구로제5동,15613,8521,3357,2184,1196,267,58,23,4,3,0
1153059500,2026-07-31,서울특별시,구로구,가리봉동,6219,4586,1016,400,173,32,9,1,1,0,1
1153072000,2026-07-31,서울특별시,구로구,고척제1동,11719,4066,3230,2438,1631,286,55,9,1,1,2
1153073000,2026-07-31,서울특별시,구로구,고척제2동,11315,4302,3024,2116,1476,312,67,15,2,0,1
1153074000,2026-07-31,서울특별시,구로구,개봉제1동,15407,5850,4324,2924,1787,407,88,21,4,0,2
1153075000,2026-07-31,서울특별시,구로구,개봉제2동,12746,4167,3724,2685,1648,382,97,28,10,5,0
1153076000,2026-07-31,서울특별시,구로구,개봉제3동,8543,2985,2703,1660,922,220,41,8,4,0,0
1153077000,2026-07-31,서울특별시,구로구,오류제1동,13344,7848,2847,1533,853,197,43,18,4,0,1
1153078000,2026-07-31,서울특별시,구로구,오류제2동,15505,5308,4397,2915,2173,550,125,23,10,1,3
1153079000,2026-07-31,서울특별시,구로구,수궁동,9917,3614,2957,1801,1157,298,68,14,8,0,0
1153080000,2026-07-31,서울특별시,구로구,항동,6178,1604,1449,1458,1323,294,36,11,3,0,0
1154551000,2026-07-31,서울특별시,금천구,가산동,18943,14801,2514,987,503,107,22,8,0,1,0
1154561000,2026-07-31,서울특별시,금천구,독산제1동,26827,15324,5570,3233,2125,469,74,23,3,4,2
1154562000,2026-07-31,서울특별시,금천구,독산제2동,9361,4868,2414,1225,665,154,29,3,3,0,0
1154563000,2026-07-31,서울특별시,금천구,독산제3동,12763,6948,3130,1653,805,195,22,8,2,0,0
1154564000,2026-07-31,서울특별시,금천구,독산제4동,7426,3796,1835,1075,563,124,24,4,4,1,0
1154567000,2026-07-31,서울특별시,금천구,시흥제1동,16326,8246,3925,2329,1443,295,61,18,5,2,2
1154568000,2026-07-31,서울특별시,금천구,시흥제2동,8145,2399,2289,1715,1315,333,64,24,4,1,1
1154569000,2026-07-31,서울특별시,금천구,시흥제3동,4663,1752,1387,889,497,115,21,2,0,0,0
1154570000,2026-07-31,서울특별시,금천구,시흥제4동,8802,3580,2538,1500,928,194,45,13,4,0,0
1154571000,2026-07-31,서울특별시,금천구,시흥제5동,8901,4238,2399,1328,723,173,29,6,4,0,1
1156051500,2026-07-31,서울특별시,영등포구,영등포본동,10426,5159,2376,1592,1046,198,39,12,2,0,2
1156053500,2026-07-31,서울특별시,영등포구,영등포동,22319,16986,2990,1374,794,141,28,4,1,1,0
1156054000,2026-07-31,서울특별시,영등포구,여의동,14250,4528,3646,3081,2322,480,140,38,10,3,2
1156055000,2026-07-31,서울특별시,영등포구,당산제1동,11949,6765,2701,1423,831,159,53,15,1,1,0
1156056000,2026-07-31,서울특별시,영등포구,당산제2동,18993,10271,3386,2813,2012,404,80,20,5,0,2
1156058500,2026-07-31,서울특별시,영등포구,도림동,9975,5596,2290,1243,662,144,31,7,2,0,0
1156060500,2026-07-31,서울특별시,영등포구,문래동,12983,4018,3272,2924,2245,413,81,17,10,1,2
1156061000,2026-07-31,서울특별시,영등포구,양평제1동,10650,5675,2404,1466,892,161,41,9,0,2,0
1156062000,2026-07-31,서울특별시,영등포구,양평제2동,11285,5369,2581,1821,1253,206,47,6,1,1,0
1156063000,2026-07-31,서울특별시,영등포구,신길제1동,11703,7590,2095,1158,691,140,22,4,1,2,0
1156065000,2026-07-31,서울특별시,영등포구,신길제3동,7888,3443,2010,1369,882,147,31,4,2,0,0
1156066000,2026-07-31,서울특별시,영등포구,신길제4동,5711,2454,1444,1030,636,115,22,3,6,1,0
1156067000,2026-07-31,서울특별시,영등포구,신길제5동,4456,1887,1138,752,530,116,22,6,2,0,3
1156068000,2026-07-31,서울특별시,영등포구,신길제6동,9212,4633,2161,1329,859,169,45,8,3,2,3
1156069000,2026-07-31,서울특별시,영등포구,신길제7동,7863,2234,2041,1774,1453,303,39,17,2,0,0
1156070000,2026-07-31,서울특별시,영등포구,대림제1동,6794,3199,1826,1009,600,122,28,6,3,0,1
1156071000,2026-07-31,서울특별시,영등포구,대림제2동,6849,4065,1611,728,328,84,21,7,2,3,0
1156072000,2026-07-31,서울특별시,영등포구,대림제3동,10268,4454,2853,1716,969,214,47,13,1,0,1
1159051000,2026-07-31,서울특별시,동작구,노량진제1동,18514,10458,3723,2355,1532,352,71,17,2,2,2
1159052000,2026-07-31,서울특별시,동작구,노량진제2동,5379,4045,811,318,162,31,7,4,0,0,1
1159053000,2026-07-31,서울특별시,동작구,상도제1동,23227,12490,4486,3308,2377,447,81,27,6,2,3
1159054000,2026-07-31,서울특별시,동작구,상도제2동,12287,4986,2831,2342,1736,305,74,10,2,0,1
1159055000,2026-07-31,서울특별시,동작구,상도제3동,12233,6216,2810,1800,1100,224,66,12,3,1,1
1159056000,2026-07-31,서울특별시,동작구,상도제4동,14757,7205,3482,2333,1369,295,55,12,3,0,3
1159060500,2026-07-31,서울특별시,동작구,흑석동,12998,4622,3053,2836,2011,380,71,16,5,3,1
1159062000,2026-07-31,서울특별시,동작구,사당제1동,14022,9128,2768,1267,690,129,29,8,1,2,0
1159063000,2026-07-31,서울특별시,동작구,사당제2동,12500,4586,3374,2511,1577,340,89,18,5,0,0
1159064000,2026-07-31,서울특별시,동작구,사당제3동,10417,3886,2665,2050,1440,250,88,28,8,2,0
1159065000,2026-07-31,서울특별시,동작구,사당제4동,7307,3870,1693,951,626,128,22,12,5,0,0
1159065100,2026-07-31,서울특별시,동작구,사당제5동,6612,2826,1652,1227,734,140,28,2,2,0,1
1159066000,2026-07-31,서울특별시,동작구,대방동,16083,7493,3267,2619,2129,456,89,19,4,5,2
1159067000,2026-07-31,서울특별시,동작구,신대방제1동,10462,4360,2344,1858,1493,324,61,14,8,0,0
1159068000,2026-07-31,서울특별시,동작구,신대방제2동,11045,5456,2326,1640,1244,295,63,18,3,0,0
1162052500,2026-07-31,서울특별시,관악구,보라매동,12964,7342,2912,1527,901,203,55,19,2,2,1
1162054500,2026-07-31,서울특별시,관악구,청림동,6348,2196,1801,1336,818,150,33,9,5,0,0
1162056500,2026-07-31,서울특별시,관악구,성현동,12945,4584,3298,2615,1950,403,71,13,7,3,1
1162057500,2026-07-31,서울특별시,관악구,행운동,18351,12558,3089,1506,947,195,44,10,1,1,0
1162058500,2026-07-31,서울특별시,관악구,낙성대동,12639,9696,1630,740,419,107,36,9,2,0,0
1162059500,2026-07-31,서울특별시,관악구,청룡동,24956,18610,3283,1720,1064,207,52,14,4,1,1
1162060500,2026-07-31,서울특별시,관악구,은천동,16071,7919,3816,2233,1644,354,78,24,2,0,1
1162061500,2026-07-31,서울특별시,관악구,중앙동,10583,7818,1609,649,397,85,17,5,1,1,1
1162062500,2026-07-31,서울특별시,관악구,인헌동,15101,9507,2926,1459,943,204,46,14,1,0,1
1162063000,2026-07-31,서울특별시,관악구,남현동,9813,5754,2042,1138,675,146,43,9,4,1,1
1162064500,2026-07-31,서울특별시,관악구,서원동,15527,11092,2629,1069,557,140,31,6,2,1,0
1162065500,2026-07-31,서울특별시,관악구,신원동,11370,7815,2110,848,468,91,33,4,1,0,0
1162066500,2026-07-31,서울특별시,관악구,서림동,15934,11407,2488,1186,648,158,34,7,6,0,0
1162068500,2026-07-31,서울특별시,관악구,신사동,14836,10554,2355,1146,599,138,36,5,3,0,0
1162069500,2026-07-31,서울특별시,관악구,신림동,19737,17136,1850,455,231,51,13,0,1,0,0
1162071500,2026-07-31,서울특별시,관악구,난향동,6128,2031,1656,1234,922,211,53,15,5,1,0
1162072500,2026-07-31,서울특별시,관악구,조원동,12701,8451,2290,1155,650,123,26,1,4,0,1
1162073500,2026-07-31,서울특별시,관악구,대학동,18603,14810,2058,1021,544,140,23,6,1,0,0
1162074500,2026-07-31,서울특별시,관악구,삼성동,9820,4205,2766,1621,940,228,48,4,4,2,2
1162076500,2026-07-31,서울특별시,관악구,미성동,14099,6479,3518,2223,1428,354,63,26,7,0,1
1162077500,2026-07-31,서울특별시,관악구,난곡동,12792,6387,3267,1830,1033,214,45,13,3,0,0
1165051000,2026-07-31,서울특별시,서초구,서초1동,9569,4433,1991,1538,1218,268,84,23,12,1,1
1165052000,2026-07-31,서울특별시,서초구,서초2동,11584,5216,2194,2056,1657,339,92,22,4,4,0
1165053000,2026-07-31,서울특별시,서초구,서초3동,15721,7647,3167,2405,1857,450,128,42,15,9,1
1165053100,2026-07-31,서울특별시,서초구,서초4동,10727,2260,2141,2800,2839,532,98,38,11,5,3
1165054000,2026-07-31,서울특별시,서초구,잠원동,13223,3611,2720,3252,2924,547,126,26,11,4,2
1165055000,2026-07-31,서울특별시,서초구,반포본동,102,49,19,17,15,2,0,0,0,0,0
1165056000,2026-07-31,서울특별시,서초구,반포1동,14416,5990,2398,2713,2643,508,129,22,8,5,0
1165057000,2026-07-31,서울특별시,서초구,반포2동,8608,984,1803,2424,2565,648,137,34,7,4,2
1165058000,2026-07-31,서울특별시,서초구,반포3동,8221,1327,1836,2355,2201,391,83,19,5,4,0
1165058100,2026-07-31,서울특별시,서초구,반포4동,6841,1729,1619,1736,1327,301,89,26,7,4,3
1165059000,2026-07-31,서울특별시,서초구,방배본동,7807,2356,1740,1656,1535,363,104,38,10,3,2
1165060000,2026-07-31,서울특별시,서초구,방배1동,7591,3152,1858,1281,988,216,72,13,7,3,1
1165061000,2026-07-31,서울특별시,서초구,방배2동,7727,2847,2065,1447,1036,243,62,21,3,1,2
1165062000,2026-07-31,서울특별시,서초구,방배3동,5764,1236,1488,1513,1157,274,71,20,1,3,1
1165062100,2026-07-31,서울특별시,서초구,방배4동,10673,3577,2430,2165,1931,432,104,19,9,3,3
1165065100,2026-07-31,서울특별시,서초구,양재1동,17463,6261,4442,3296,2510,695,188,50,17,1,3
1165065200,2026-07-31,서울특별시,서초구,양재2동,11012,5845,2355,1465,1043,231,54,13,4,2,0
1165066000,2026-07-31,서울특별시,서초구,내곡동,6988,2219,1939,1409,1039,284,67,21,4,2,4
1168051000,2026-07-31,서울특별시,강남구,신사동,6544,2470,1508,1243,998,237,62,14,11,1,0
1168052100,2026-07-31,서울특별시,강남구,논현1동,13468,9391,2218,1010,613,155,53,20,7,1,0
1168053100,2026-07-31,서울특별시,강남구,논현2동,11115,6344,2161,1435,899,184,61,20,8,2,1
1168054500,2026-07-31,서울특별시,강남구,압구정동,9920,2643,2458,2350,1838,457,130,28,12,1,3
1168056500,2026-07-31,서울특별시,강남구,청담동,11541,4425,2545,2220,1766,410,125,33,10,3,4
1168058000,2026-07-31,서울특별시,강남구,삼성1동,5551,2035,1370,1027,835,193,67,18,6,0,0
1168059000,2026-07-31,서울특별시,강남구,삼성2동,13792,5992,2624,2508,2109,424,96,27,7,3,2
1168060000,2026-07-31,서울특별시,강남구,대치1동,7208,553,1189,2082,2726,523,99,27,5,4,0
1168061000,2026-07-31,서울특별시,강남구,대치2동,13441,2508,2725,3622,3752,664,118,40,9,2,1
1168063000,2026-07-31,서울특별시,강남구,대치4동,9604,5349,1757,1214,984,231,56,10,2,1,0
1168064000,2026-07-31,서울특별시,강남구,역삼1동,23908,17773,3501,1469,846,239,59,10,5,4,2
1168065000,2026-07-31,서울특별시,강남구,역삼2동,15670,6469,2415,3216,2969,478,89,24,6,2,2
1168065500,2026-07-31,서울특별시,강남구,도곡1동,8510,2808,1788,1817,1677,319,70,25,3,2,1
1168065600,2026-07-31,서울특별시,강남구,도곡2동,11150,2137,2504,3000,2788,548,122,37,10,2,2
1168066000,2026-07-31,서울특별시,강남구,개포1동,9127,1335,2120,2621,2386,526,105,22,8,3,1
1168067000,2026-07-31,서울특별시,강남구,개포2동,14174,2366,3316,4052,3573,690,134,30,9,4,0
1168067500,2026-07-31,서울특별시,강남구,개포3동,6971,2538,1838,1423,966,160,32,13,1,0,0
1168069000,2026-07-31,서울특별시,강남구,개포4동,10039,3653,2402,2060,1482,324,84,24,6,3,1
1168070000,2026-07-31,서울특별시,강남구,세곡동,20172,7760,4691,3708,2984,790,185,37,12,3,2
1168072000,2026-07-31,서울특별시,강남구,일원본동,7924,1470,1783,2209,2064,322,58,9,7,0,2
1168073000,2026-07-31,서울특별시,강남구,일원1동,7448,3745,1903,1026,579,150,34,6,4,1,0
1168075000,2026-07-31,서울특별시,강남구,수서동,7548,3951,2097,913,441,98,41,3,4,0,0
1171051000,2026-07-31,서울특별시,송파구,풍납1동,5096,2103,1384,925,539,111,24,8,2,0,0
1171052000,2026-07-31,서울특별시,송파구,풍납2동,10646,4400,2413,2030,1459,253,69,15,4,2,1
1171053100,2026-07-31,서울특별시,송파구,거여1동,5669,2410,1496,934,632,150,34,13,0,0,0
1171053200,2026-07-31,서울특별시,송파구,거여2동,10052,3384,2870,2046,1368,313,50,14,4,1,2
1171054000,2026-07-31,서울특별시,송파구,마천1동,7249,3057,1945,1209,791,195,44,3,4,1,0
1171055000,2026-07-31,서울특별시,송파구,마천2동,8394,3716,2268,1392,781,168,47,17,4,0,1
1171056100,2026-07-31,서울특별시,송파구,방이1동,6150,2040,1385,1347,1084,226,45,18,4,1,0
1171056200,2026-07-31,서울특별시,송파구,방이2동,16283,10431,3140,1595,865,178,59,9,5,1,0
1171056600,2026-07-31,서울특별시,송파구,오륜동,5867,700,1461,1699,1587,312,74,19,7,5,3
1171057000,2026-07-31,서울특별시,송파구,오금동,15736,5061,4158,3436,2386,523,136,22,9,4,1
1171058000,2026-07-31,서울특별시,송파구,송파1동,12470,6722,2877,1575,980,230,67,13,6,0,0
1171059000,2026-07-31,서울특별시,송파구,송파2동,6811,1856,1605,1704,1311,269,46,16,3,1,0
1171060000,2026-07-31,서울특별시,송파구,석촌동,17099,9784,3830,1918,1226,258,67,9,6,0,1
1171061000,2026-07-31,서울특별시,송파구,삼전동,16036,9181,3519,1909,1092,250,58,17,8,2,0
1171062000,2026-07-31,서울특별시,송파구,가락본동,11717,4998,2844,2128,1372,300,53,18,2,1,1
1171063100,2026-07-31,서울특별시,송파구,가락1동,9759,1668,2437,2786,2348,409,89,18,3,0,1
1171063200,2026-07-31,서울특별시,송파구,가락2동,11653,3628,2729,2691,2179,329,81,11,4,0,1
1171064100,2026-07-31,서울특별시,송파구,문정1동,8980,3668,2113,1638,1197,275,63,16,6,3,1
1171064200,2026-07-31,서울특별시,송파구,문정2동,15808,8987,3173,1929,1339,282,65,19,8,3,3
1171064600,2026-07-31,서울특별시,송파구,장지동,13232,4113,3785,2956,1883,391,87,12,3,1,1
1171064700,2026-07-31,서울특별시,송파구,위례동,15045,2280,3095,3976,4338,1112,200,36,6,2,0
1171065000,2026-07-31,서울특별시,송파구,잠실본동,15938,9790,3094,1711,1067,199,56,16,3,2,0
1171067000,2026-07-31,서울특별시,송파구,잠실2동,11527,1620,2152,3357,3679,586,98,24,6,4,1
1171068000,2026-07-31,서울특별시,송파구,잠실3동,11788,1805,2998,3299,2958,558,122,27,12,7,2
1171069000,2026-07-31,서울특별시,송파구,잠실4동,11410,1621,2798,3353,2844,627,129,26,9,2,1
1171071000,2026-07-31,서울특별시,송파구,잠실6동,5786,971,1522,1614,1305,283,64,19,5,1,2
1171072000,2026-07-31,서울특별시,송파구,잠실7동,3368,540,999,886,706,176,47,10,4,0,0
1174051500,2026-07-31,서울특별시,강동구,강일동,13908,3999,3781,2824,2509,673,102,14,5,1,0
1174052500,2026-07-31,서울특별시,강동구,상일제1동,13560,2069,3051,4010,3665,638,96,20,6,2,3
1174052600,2026-07-31,서울특별시,강동구,상일제2동,5273,1727,1154,956,1036,337,51,10,2,0,0
1174053000,2026-07-31,서울특별시,강동구,명일제1동,10025,2730,2623,2440,1846,302,56,21,4,1,2
1174054000,2026-07-31,서울특별시,강동구,명일제2동,6433,1739,1389,1436,1473,319,57,15,4,0,1
1174055000,2026-07-31,서울특별시,강동구,고덕제1동,8140,1377,1633,2215,2448,387,62,12,4,0,2
1174056000,2026-07-31,서울특별시,강동구,고덕제2동,10390,2851,2426,2550,2090,381,71,16,2,1,2
1174057000,2026-07-31,서울특별시,강동구,암사제1동,15842,6844,4066,2775,1754,314,71,12,3,3,0
1174058000,2026-07-31,서울특별시,강동구,암사제2동,6418,2131,1828,1400,846,169,33,8,3,0,0
1174059000,2026-07-31,서울특별시,강동구,암사제3동,6039,1055,1518,1653,1421,299,67,15,8,1,2
1174060000,2026-07-31,서울특별시,강동구,천호제1동,12379,6009,3138,1868,1062,231,58,8,1,1,3
1174061000,2026-07-31,서울특별시,강동구,천호제2동,19295,9782,4794,2743,1566,310,67,22,8,2,1
1174062000,2026-07-31,서울특별시,강동구,천호제3동,15859,9070,3456,1971,1071,219,56,12,4,0,0
1174064000,2026-07-31,서울특별시,강동구,성내제1동,8245,2790,2222,1732,1194,234,59,12,2,0,0
1174065000,2026-07-31,서울특별시,강동구,성내제2동,13916,8092,3096,1658,847,172,31,16,2,1,1
1174066000,2026-07-31,서울특별시,강동구,성내제3동,10665,4840,2693,1674,1145,235,53,14,9,2,0
1174068500,2026-07-31,서울특별시,강동구,길동,24205,11594,5905,3692,2352,502,114,33,10,2,1
1174069000,2026-07-31,서울특별시,강동구,둔촌제1동,11983,1953,3206,3429,2780,480,99,27,6,1,2
1174070000,2026-07-31,서울특별시,강동구,둔촌제2동,10945,3657,2959,2316,1642,287,60,21,1,1,1
1211051000,2026-07-31,전남광주통합특별시,목포시,용당1동,5207,3020,1362,511,221,66,18,6,1,1,1
1211052000,2026-07-31,전남광주통합특별시,목포시,용당2동,2647,1601,663,256,101,18,6,1,0,0,1
1211053500,2026-07-31,전남광주통합특별시,목포시,연동,2317,1481,560,177,60,32,5,2,0,0,0
1211054500,2026-07-31,전남광주통합특별시,목포시,산정동,3975,1566,1170,679,413,119,22,4,1,0,1
1211055400,2026-07-31,전남광주통합특별시,목포시,연산동,4033,1387,1005,786,631,187,30,5,0,0,2
1211055800,2026-07-31,전남광주통합특별시,목포시,원산동,5744,2849,1511,768,454,130,27,3,2,0,0
1211056500,2026-07-31,전남광주통합특별시,목포시,대성동,2270,1128,553,324,204,44,14,2,1,0,0
1211059500,2026-07-31,전남광주통합특별시,목포시,목원동,3730,2352,905,305,122,36,9,1,0,0,0
1211064000,2026-07-31,전남광주통합특별시,목포시,동명동,2592,1506,701,237,97,45,5,1,0,0,0
1211064500,2026-07-31,전남광주통합특별시,목포시,삼학동,2598,1145,750,397,210,73,17,5,0,1,0
1211065500,2026-07-31,전남광주통합특별시,목포시,만호동,1482,981,334,109,37,18,3,0,0,0,0
1211066000,2026-07-31,전남광주통합특별시,목포시,유달동,2425,1705,489,154,53,17,5,1,0,0,1
1211069500,2026-07-31,전남광주통합특별시,목포시,죽교동,1564,1020,349,110,58,18,5,3,0,0,1
1211070500,2026-07-31,전남광주통합특별시,목포시,북항동,4116,1967,1124,591,315,94,21,3,0,1,0
1211074500,2026-07-31,전남광주통합특별시,목포시,용해동,7226,3203,1845,1128,760,240,35,10,0,0,5
1211075000,2026-07-31,전남광주통합특별시,목포시,이로동,4238,1399,1311,758,544,192,19,12,1,2,0
1211075600,2026-07-31,전남광주통합특별시,목포시,상동,10067,4301,2649,1641,1125,299,39,11,1,0,1
1211075700,2026-07-31,전남광주통합특별시,목포시,하당동,8057,4650,1588,977,641,171,25,4,1,0,0
1211075800,2026-07-31,전남광주통합특별시,목포시,신흥동,7692,3379,2039,1248,801,181,33,6,3,2,0
1211078000,2026-07-31,전남광주통합특별시,목포시,삼향동,2274,1174,594,291,165,43,7,0,0,0,0
1211079000,2026-07-31,전남광주통합특별시,목포시,옥암동,4472,1562,1234,874,627,156,15,4,0,0,0
1211080000,2026-07-31,전남광주통합특별시,목포시,부흥동,4134,2216,1027,500,303,75,10,2,1,0,0
1211081000,2026-07-31,전남광주통합특별시,목포시,부주동,9639,3924,2149,1712,1446,347,48,10,2,1,0
1213025000,2026-07-31,전남광주통합특별시,여수시,돌산읍,1378,749,461,115,38,11,4,0,0,0,0
1213025100,2026-07-31,전남광주통합특별시,여수시,돌산읍우두출장소,4262,2099,1278,518,252,88,20,4,2,0,1
1213025200,2026-07-31,전남광주통합특별시,여수시,돌산읍죽포출장소,1020,527,361,87,31,9,5,0,0,0,0
1213031000,2026-07-31,전남광주통합특별시,여수시,소라면,9365,3330,2750,1621,1249,330,62,18,5,0,0
1213032000,2026-07-31,전남광주통합특별시,여수시,율촌면,3367,1724,1019,364,178,54,20,8,0,0,0
1213033000,2026-07-31,전남광주통합특별시,여수시,화양면,3387,1806,1053,332,128,43,17,5,2,1,0
1213034000,2026-07-31,전남광주통합특별시,여수시,남면,1619,957,522,90,30,14,3,3,0,0,0
1213035000,2026-07-31,전남광주통합특별시,여수시,화정면,793,441,270,61,15,4,2,0,0,0,0
1213035600,2026-07-31,전남광주통합특별시,여수시,화정면개도출장소,475,290,139,31,5,8,1,1,0,0,0
1213036000,2026-07-31,전남광주통합특별시,여수시,삼산면,1226,739,348,86,32,12,3,2,2,1,1
1213051500,2026-07-31,전남광주통합특별시,여수시,동문동,2205,1184,593,256,127,41,3,1,0,0,0
1213053500,2026-07-31,전남광주통합특별시,여수시,한려동,1577,978,391,133,48,20,4,1,1,1,0
1213057000,2026-07-31,전남광주통합특별시,여수시,중앙동,2044,1087,617,203,90,37,9,1,0,0,0
1213060000,2026-07-31,전남광주통합특별시,여수시,충무동,1981,1159,551,178,65,23,3,1,0,0,1
1213062500,2026-07-31,전남광주통합특별시,여수시,광림동,3120,1534,920,392,196,62,12,4,0,0,0
1213063500,2026-07-31,전남광주통합특별시,여수시,서강동,2020,1008,614,236,109,45,6,2,0,0,0
1213065500,2026-07-31,전남광주통합특별시,여수시,대교동,2607,1437,769,248,110,29,12,2,0,0,0
1213067000,2026-07-31,전남광주통합특별시,여수시,국동,4994,2203,1679,634,349,111,12,4,0,0,2
1213068500,2026-07-31,전남광주통합특별시,여수시,월호동,3138,1009,1130,534,346,87,26,4,2,0,0
1213070000,2026-07-31,전남광주통합특별시,여수시,여서동,7285,2849,2340,1130,742,175,37,8,3,1,0
1213071000,2026-07-31,전남광주통합특별시,여수시,문수동,8783,3964,2169,1310,987,298,45,8,0,1,1
1213073000,2026-07-31,전남광주통합특별시,여수시,미평동,6030,3251,1471,680,464,137,17,7,3,0,0
1213074000,2026-07-31,전남광주통합특별시,여수시,둔덕동,4073,1324,1335,737,509,140,23,3,2,0,0
1213076500,2026-07-31,전남광주통합특별시,여수시,만덕동,4520,1671,1341,741,565,167,27,4,4,0,0
1213078000,2026-07-31,전남광주통합특별시,여수시,쌍봉동,13900,5087,3711,2543,1976,477,87,14,2,1,2
1213079000,2026-07-31,전남광주통합특별시,여수시,시전동,17136,4650,4452,3699,3475,714,119,18,7,1,1
1213080000,2026-07-31,전남광주통합특별시,여수시,여천동,10050,5207,2620,1239,718,216,43,5,2,0,0
1213081000,2026-07-31,전남광주통합특별시,여수시,주삼동,3166,1090,830,584,512,126,20,2,2,0,0
1213082000,2026-07-31,전남광주통합특별시,여수시,삼일동,1128,636,306,116,46,19,2,3,0,0,0
1213083000,2026-07-31,전남광주통합특별시,여수시,묘도동,565,269,184,64,34,13,1,0,0,0,0
1215025000,2026-07-31,전남광주통합특별시,순천시,승주읍,1408,803,435,111,32,17,6,3,1,0,0
1215031000,2026-07-31,전남광주통합특별시,순천시,해룡면,2274,1148,750,237,91,32,9,3,4,0,0
1215031500,2026-07-31,전남광주통합특별시,순천시,해룡면상삼출장소,7902,2932,2045,1500,1137,254,28,4,1,1,0
1215031600,2026-07-31,전남광주통합특별시,순천시,해룡면신대출장소,11777,2515,2366,2925,3286,612,65,5,3,0,0
1215032000,2026-07-31,전남광주통합특별시,순천시,서면,7271,3124,1976,1108,811,212,28,12,0,0,0
1215033000,2026-07-31,전남광주통합특별시,순천시,황전면,1563,848,543,125,24,18,4,1,0,0,0
1215034000,2026-07-31,전남광주통합특별시,순천시,월등면,979,553,311,82,22,7,3,1,0,0,0
1215035000,2026-07-31,전남광주통합특별시,순천시,주암면,1755,1021,554,133,26,12,6,3,0,0,0
1215036000,2026-07-31,전남광주통합특별시,순천시,송광면,819,508,240,51,15,3,1,0,0,0,1
1215037000,2026-07-31,전남광주통합특별시,순천시,외서면,487,311,137,28,5,3,3,0,0,0,0
1215038000,2026-07-31,전남광주통합특별시,순천시,낙안면,1612,828,555,153,49,18,7,1,0,0,1
1215039000,2026-07-31,전남광주통합특별시,순천시,별량면,2873,1495,954,256,112,32,16,4,1,2,1
1215040000,2026-07-31,전남광주통합특별시,순천시,상사면,1543,754,493,206,59,23,7,1,0,0,0
1215051500,2026-07-31,전남광주통합특별시,순천시,향동,1682,866,508,166,87,39,14,1,0,0,1
1215054000,2026-07-31,전남광주통합특별시,순천시,매곡동,3356,1744,845,407,274,72,9,3,0,0,2
1215055000,2026-07-31,전남광주통합특별시,순천시,삼산동,13202,5123,3686,2190,1654,453,77,14,3,1,1
1215056000,2026-07-31,전남광주통합특별시,순천시,조곡동,3232,1244,910,572,373,106,23,3,1,0,0
1215057000,2026-07-31,전남광주통합특별시,순천시,덕연동,17501,6267,5059,3186,2271,589,109,14,5,1,0
1215058000,2026-07-31,전남광주통합특별시,순천시,풍덕동,3581,1753,1068,426,243,72,15,3,0,1,0
1215059000,2026-07-31,전남광주통합특별시,순천시,남제동,4055,2084,1176,472,221,82,17,1,1,0,1
1215060000,2026-07-31,전남광주통합특별시,순천시,저전동,1340,640,411,182,84,20,2,0,1,0,0
1215061000,2026-07-31,전남광주통합특별시,순천시,장천동,1167,816,227,79,32,9,4,0,0,0,0
1215062000,2026-07-31,전남광주통합특별시,순천시,중앙동,1382,775,371,142,57,29,6,2,0,0,0
1215063500,2026-07-31,전남광주통합특별시,순천시,도사동,7588,2918,2105,1206,1029,271,48,6,4,1,0
1215066100,2026-07-31,전남광주통합특별시,순천시,왕조1동,20514,7891,4892,3816,3090,696,96,26,2,1,4
1215066500,2026-07-31,전남광주통합특별시,순천시,왕조2동,7276,2582,1920,1411,1089,244,27,2,1,0,0
1217025000,2026-07-31,전남광주통합특별시,나주시,남평읍,5905,2703,1674,834,507,153,26,5,2,0,1
1217031000,2026-07-31,전남광주통합특별시,나주시,세지면,1416,834,422,97,43,12,7,1,0,0,0
1217032000,2026-07-31,전남광주통합특별시,나주시,왕곡면,1511,822,466,146,57,15,4,1,0,0,0
1217033000,2026-07-31,전남광주통합특별시,나주시,반남면,784,460,248,53,19,2,2,0,0,0,0
1217034000,2026-07-31,전남광주통합특별시,나주시,공산면,1235,734,338,98,43,20,2,0,0,0,0
1217035000,2026-07-31,전남광주통합특별시,나주시,동강면,1353,785,406,104,42,12,3,1,0,0,0
1217036000,2026-07-31,전남광주통합특별시,나주시,다시면,1975,1159,564,160,68,18,2,2,1,0,1
1217037000,2026-07-31,전남광주통합특별시,나주시,문평면,1094,669,332,62,19,9,2,1,0,0,0
1217038000,2026-07-31,전남광주통합특별시,나주시,노안면,2371,1322,714,240,54,27,8,3,0,1,2
1217039000,2026-07-31,전남광주통합특별시,나주시,금천면,3444,1519,1051,508,277,65,20,2,1,0,1
1217040000,2026-07-31,전남광주통합특별시,나주시,산포면,1795,1012,514,187,56,20,6,0,0,0,0
1217042000,2026-07-31,전남광주통합특별시,나주시,다도면,999,619,274,68,25,4,4,1,1,0,3
1217043000,2026-07-31,전남광주통합특별시,나주시,봉황면,2368,1464,656,154,61,25,7,1,0,0,0
1217051000,2026-07-31,전남광주통합특별시,나주시,송월동,5674,2723,1315,861,583,163,18,8,1,2,0
1217052000,2026-07-31,전남광주통합특별시,나주시,영강동,1499,938,336,140,55,23,3,2,1,1,0
1217054000,2026-07-31,전남광주통합특별시,나주시,금남동,2400,1367,664,225,103,26,8,2,0,1,4
1217055000,2026-07-31,전남광주통합특별시,나주시,성북동,3919,1822,995,574,382,116,25,2,1,0,2
1217058000,2026-07-31,전남광주통합특별시,나주시,영산동,1756,1129,442,114,49,20,0,1,0,1,0
1217060000,2026-07-31,전남광주통합특별시,나주시,이창동,1939,1197,495,158,55,24,8,1,1,0,0
1217062000,2026-07-31,전남광주통합특별시,나주시,빛가람동,16804,6239,3347,3281,3022,769,115,23,7,1,0
1219025000,2026-07-31,전남광주통합특별시,광양시,광양읍,23837,10305,6192,3646,2773,734,147,28,6,4,2
1219031000,2026-07-31,전남광주통합특별시,광양시,봉강면,1098,557,362,103,52,16,6,1,0,0,1
1219032000,2026-07-31,전남광주통합특별시,광양시,옥룡면,1628,858,540,149,54,17,8,1,1,0,0
1219033000,2026-07-31,전남광주통합특별시,광양시,옥곡면,2437,1074,789,331,184,42,14,3,0,0,0
1219034000,2026-07-31,전남광주통합특별시,광양시,진상면,1500,864,466,114,40,9,4,0,1,1,1
1219035000,2026-07-31,전남광주통합특별시,광양시,진월면,1416,747,474,113,51,15,11,3,2,0,0
1219036000,2026-07-31,전남광주통합특별시,광양시,다압면,962,560,291,71,26,10,2,2,0,0,0
1219051500,2026-07-31,전남광주통합특별시,광양시,골약동,5012,1225,1155,1215,1178,212,19,7,1,0,0
1219053000,2026-07-31,전남광주통합특별시,광양시,중마동,25697,9930,6431,4562,3702,922,114,26,6,2,2
1219054000,2026-07-31,전남광주통합특별시,광양시,광영동,5085,2388,1431,679,406,142,27,9,2,1,0
1219055000,2026-07-31,전남광주통합특별시,광양시,금호동,4667,2019,1501,631,384,104,19,6,0,0,3
1219057000,2026-07-31,전남광주통합특별시,광양시,태인동,865,512,237,74,27,13,1,1,0,0,0
1221052500,2026-07-31,전남광주통합특별시,동구,충장동,4621,3733,606,191,68,19,4,0,0,0,0
1221054500,2026-07-31,전남광주통합특별시,동구,동명동,2439,1804,399,148,58,23,6,0,1,0,0
1221056000,2026-07-31,전남광주통합특별시,동구,계림1동,5385,2985,1145,714,426,92,21,1,1,0,0
1221057000,2026-07-31,전남광주통합특별시,동구,계림2동,6101,1915,1639,1283,1056,174,27,6,1,0,0
1221059000,2026-07-31,전남광주통합특별시,동구,산수1동,4113,2222,982,497,306,86,13,5,2,0,0
1221060000,2026-07-31,전남광주통합특별시,동구,산수2동,4473,1845,1313,757,435,93,24,3,2,1,0
1221062000,2026-07-31,전남광주통합특별시,동구,지산1동,2482,1669,450,198,115,37,7,4,0,0,2
1221063000,2026-07-31,전남광주통합특별시,동구,지산2동,2351,1407,516,224,151,42,9,1,0,0,1
1221065500,2026-07-31,전남광주통합특별시,동구,서남동,2846,2422,287,87,39,8,2,0,0,0,1
1221068500,2026-07-31,전남광주통합특별시,동구,학동,3379,1444,890,568,379,85,8,4,0,0,1
1221071000,2026-07-31,전남광주통합특별시,동구,학운동,4979,1984,1572,803,438,128,41,11,0,1,1
1221073000,2026-07-31,전남광주통합특별시,동구,지원1동,4090,1591,1166,743,475,95,13,5,1,0,1
1221074000,2026-07-31,전남광주통합특별시,동구,지원2동,8584,3458,2415,1478,972,226,27,5,1,1,1
1224057500,2026-07-31,전남광주통합특별시,서구,양동,1573,881,433,160,73,19,5,2,0,0,0
1224059000,2026-07-31,전남광주통합특별시,서구,양3동,2038,924,586,288,177,52,7,3,0,1,0
1224065000,2026-07-31,전남광주통합특별시,서구,농성1동,6575,3808,1525,734,400,90,13,4,1,0,0
1224066000,2026-07-31,전남광주통합특별시,서구,농성2동,2690,1758,575,244,87,22,4,0,0,0,0
1224073000,2026-07-31,전남광주통합특별시,서구,광천동,2304,920,594,451,267,63,9,0,0,0,0
1224074000,2026-07-31,전남광주통합특별시,서구,유덕동,4741,2122,1111,774,578,136,14,4,1,0,1
1224074500,2026-07-31,전남광주통합특별시,서구,치평동,14256,6527,3433,2328,1562,327,61,13,4,0,1
1224075100,2026-07-31,전남광주통합특별시,서구,상무1동,12926,6673,2898,1783,1246,262,49,10,5,0,0
1224075200,2026-07-31,전남광주통합특별시,서구,상무2동,13051,7909,2873,1291,742,175,48,10,3,0,0
1224076000,2026-07-31,전남광주통합특별시,서구,화정1동,8920,5118,2063,984,574,147,26,6,2,0,0
1224077000,2026-07-31,전남광주통합특별시,서구,화정2동,7776,2167,2121,1725,1461,253,40,7,2,0,0
1224078000,2026-07-31,전남광주통합특별시,서구,화정3동,4250,1857,1206,689,353,123,19,3,0,0,0
1224079000,2026-07-31,전남광주통합특별시,서구,화정4동,8169,2551,2538,1628,1117,284,36,11,3,1,0
1224080000,2026-07-31,전남광주통합특별시,서구,서창동,3233,1174,862,642,427,104,13,7,0,1,3
1224082100,2026-07-31,전남광주통합특별시,서구,금호1동,9601,3607,2665,1741,1289,251,41,4,0,1,2
1224082400,2026-07-31,전남광주통합특별시,서구,금호2동,10401,2900,2765,2430,1865,379,55,5,1,0,1
1224083000,2026-07-31,전남광주통합특별시,서구,풍암동,14898,5687,3816,2820,2054,441,64,10,5,0,1
1224084000,2026-07-31,전남광주통합특별시,서구,동천동,6367,2073,1848,1156,1015,228,35,9,1,2,0
1227051000,2026-07-31,전남광주통합특별시,남구,양림동,2954,1139,984,457,293,66,11,4,0,0,0
1227052000,2026-07-31,전남광주통합특별시,남구,방림1동,2893,1155,794,502,360,66,11,4,1,0,0
1227053000,2026-07-31,전남광주통합특별시,남구,방림2동,4162,1594,1231,737,459,115,15,11,0,0,0
1227053700,2026-07-31,전남광주통합특별시,남구,봉선1동,6796,3224,1680,1029,675,152,30,6,0,0,0
1227053800,2026-07-31,전남광주통합특별시,남구,봉선2동,10001,2106,2511,2356,2403,519,76,21,3,3,3
1227054500,2026-07-31,전남광주통합특별시,남구,사직동,2598,1586,560,247,156,43,4,2,0,0,0
1227060500,2026-07-31,전남광주통합특별시,남구,월산동,5332,2222,1479,895,576,141,15,2,2,0,0
1227063000,2026-07-31,전남광주통합특별시,남구,월산4동,4514,2676,1117,435,203,67,13,2,1,0,0
1227064000,2026-07-31,전남광주통합특별시,남구,월산5동,3224,1837,861,320,157,40,5,4,0,0,0
1227067000,2026-07-31,전남광주통합특별시,남구,백운1동,5122,1792,1645,950,567,131,26,7,4,0,0
1227068000,2026-07-31,전남광주통합특별시,남구,백운2동,3650,1959,841,443,327,67,12,0,1,0,0
1227069000,2026-07-31,전남광주통합특별시,남구,주월1동,9343,3664,2579,1648,1144,254,46,6,2,0,0
1227070000,2026-07-31,전남광주통합특별시,남구,주월2동,3662,1781,1026,484,278,71,17,5,0,0,0
1227070500,2026-07-31,전남광주통합특별시,남구,진월동,11494,3701,3193,2299,1767,422,92,14,3,2,1
1227071000,2026-07-31,전남광주통합특별시,남구,효덕동,7579,3642,1919,1071,740,178,23,5,0,0,1
1227072000,2026-07-31,전남광주통합특별시,남구,송암동,8596,2828,2130,1822,1459,306,39,6,3,0,3
1227073000,2026-07-31,전남광주통합특별시,남구,대촌동,4396,1809,1293,727,416,126,16,6,1,1,1
1230051000,2026-07-31,전남광주통합특별시,북구,중흥1동,2727,1897,505,222,80,16,5,2,0,0,0
1230053500,2026-07-31,전남광주통합특별시,북구,중흥동,8407,4941,1614,981,694,144,26,7,0,0,0
1230055500,2026-07-31,전남광주통합특별시,북구,중앙동,2030,1232,414,230,120,30,4,0,0,0,0
1230057000,2026-07-31,전남광주통합특별시,북구,임동,6752,2844,1774,1228,745,133,22,5,1,0,0
1230058000,2026-07-31,전남광주통합특별시,북구,신안동,7114,4409,1443,776,364,102,17,1,0,0,2
1230059000,2026-07-31,전남광주통합특별시,북구,용봉동,18236,8828,4412,2650,1808,433,81,18,4,2,0
1230060100,2026-07-31,전남광주통합특별시,북구,운암1동,7243,2066,2156,1512,1145,291,58,10,5,0,0
1230060200,2026-07-31,전남광주통합특별시,북구,운암2동,5553,2835,1444,729,411,117,11,2,3,1,0
1230060300,2026-07-31,전남광주통합특별시,북구,운암3동,8302,2385,2426,1816,1329,294,42,7,2,1,0
1230061500,2026-07-31,전남광주통합특별시,북구,동림동,9725,3721,2768,1763,1176,245,39,7,3,2,1
1230062000,2026-07-31,전남광주통합특별시,북구,우산동,7633,3667,1739,1162,813,203,39,10,0,0,0
1230063500,2026-07-31,전남광주통합특별시,북구,풍향동,2466,1180,571,386,276,41,9,3,0,0,0
1230065000,2026-07-31,전남광주통합특별시,북구,문화동,10672,4452,2928,1799,1180,260,43,8,1,0,1
1230065600,2026-07-31,전남광주통합특별시,북구,문흥1동,6278,2134,1861,1191,862,199,25,4,1,1,0
1230065700,2026-07-31,전남광주통합특별시,북구,문흥2동,7315,3517,1976,1058,623,126,12,2,1,0,0
1230066100,2026-07-31,전남광주통합특별시,북구,두암1동,3750,2007,991,454,208,78,11,1,0,0,0
1230066200,2026-07-31,전남광주통합특별시,북구,두암2동,7323,3515,2064,998,552,151,31,5,3,2,2
1230066300,2026-07-31,전남광주통합특별시,북구,두암3동,7208,4536,1660,621,295,74,17,2,2,0,1
1230066600,2026-07-31,전남광주통합특별시,북구,삼각동,5910,2406,1449,1043,817,167,24,2,1,1,0
1230066900,2026-07-31,전남광주통합특별시,북구,일곡동,11392,3736,3016,2274,1882,417,55,8,3,1,0
1230067300,2026-07-31,전남광주통합특별시,북구,매곡동,5429,1748,1576,1100,759,207,32,4,3,0,0
1230067600,2026-07-31,전남광주통합특별시,북구,오치1동,5300,2869,1230,668,391,108,26,7,0,0,1
1230067700,2026-07-31,전남광주통합특별시,북구,오치2동,6667,4067,1460,705,323,93,16,3,0,0,0
1230068500,2026-07-31,전남광주통합특별시,북구,석곡동,1221,659,356,125,56,17,5,2,0,0,1
1230069500,2026-07-31,전남광주통합특별시,북구,건국동,9449,3203,2355,1881,1597,348,53,6,3,0,3
1230069600,2026-07-31,전남광주통합특별시,북구,양산동,16338,6785,4132,2772,2054,510,64,15,4,2,0
1230069700,2026-07-31,전남광주통합특별시,북구,신용동,13268,4303,3315,2667,2426,482,60,9,4,0,2
1233051500,2026-07-31,전남광주통합특별시,광산구,송정1동,4718,2086,1202,774,492,133,23,8,0,0,0
1233052500,2026-07-31,전남광주통합특별시,광산구,송정2동,3249,1732,856,398,185,65,8,4,0,1,0
1233054000,2026-07-31,전남광주통합특별시,광산구,도산동,6481,2655,1698,1122,745,209,43,8,0,0,1
1233055000,2026-07-31,전남광주통합특별시,광산구,신흥동,1847,691,576,321,184,52,14,6,2,1,0
1233056500,2026-07-31,전남광주통합특별시,광산구,어룡동,16608,6332,4261,3088,2322,516,72,11,4,2,0
1233058000,2026-07-31,전남광주통합특별시,광산구,우산동,14663,7550,3458,2056,1261,274,44,15,5,0,0
1233060000,2026-07-31,전남광주통합특별시,광산구,월곡1동,4462,1951,1237,714,415,118,18,6,2,1,0
1233061000,2026-07-31,전남광주통합특별시,광산구,월곡2동,6237,2314,1669,1183,845,189,33,3,1,0,0
1233062000,2026-07-31,전남광주통합특별시,광산구,비아동,3443,1551,836,544,388,101,22,1,0,0,0
1233062400,2026-07-31,전남광주통합특별시,광산구,첨단1동,11146,3420,2996,2357,1808,468,72,20,2,1,2
1233062600,2026-07-31,전남광주통합특별시,광산구,첨단2동,18794,8192,4090,3254,2585,578,80,14,0,0,1
1233063000,2026-07-31,전남광주통합특별시,광산구,신가동,7345,2276,1641,1522,1505,351,44,3,2,1,0
1233063500,2026-07-31,전남광주통합특별시,광산구,운남동,12234,4301,3193,2424,1859,397,50,8,1,1,0
1233063700,2026-07-31,전남광주통합특별시,광산구,수완동,28531,8773,5907,5909,6313,1424,160,36,7,2,0
1233064000,2026-07-31,전남광주통합특별시,광산구,하남동,11975,4917,2643,2037,1819,468,73,12,4,2,0
1233065000,2026-07-31,전남광주통합특별시,광산구,임곡동,1124,671,329,81,29,10,1,1,0,0,2
1233066000,2026-07-31,전남광주통합특별시,광산구,동곡동,893,488,258,96,30,15,3,1,1,1,0
1233067000,2026-07-31,전남광주통합특별시,광산구,평동,2932,1700,729,328,131,32,10,2,0,0,0
1233068000,2026-07-31,전남광주통합특별시,광산구,삼도동,1256,802,309,94,34,11,3,1,0,0,2
1233069000,2026-07-31,전남광주통합특별시,광산구,본량동,1067,634,296,89,34,6,4,0,0,1,3
1233070000,2026-07-31,전남광주통합특별시,광산구,신창동,14063,5180,2932,2748,2576,534,77,11,4,1,0
1271025000,2026-07-31,전남광주통합특별시,담양군,담양읍,7555,3432,2096,1018,724,216,55,9,3,0,2
1271031000,2026-07-31,전남광주통합특별시,담양군,봉산면,1446,771,413,153,72,26,7,2,1,1,0
1271032000,2026-07-31,전남광주통합특별시,담양군,고서면,1551,779,487,163,87,24,6,3,1,0,1
1271033500,2026-07-31,전남광주통합특별시,담양군,가사문학면,716,420,207,52,23,12,0,1,0,0,1
1271034000,2026-07-31,전남광주통합특별시,담양군,창평면,1959,1082,539,218,86,25,7,1,0,1,0
1271035000,2026-07-31,전남광주통합특별시,담양군,대덕면,1069,583,315,112,32,19,6,0,1,1,0
1271036000,2026-07-31,전남광주통합특별시,담양군,무정면,1404,830,389,111,50,17,3,3,1,0,0
1271037000,2026-07-31,전남광주통합특별시,담양군,금성면,1479,882,406,110,47,18,9,4,3,0,0
1271038000,2026-07-31,전남광주통합특별시,담양군,용면,1012,544,320,93,39,12,3,1,0,0,0
1271039000,2026-07-31,전남광주통합특별시,담양군,월산면,1197,622,376,116,47,24,7,3,0,0,2
1271040000,2026-07-31,전남광주통합특별시,담양군,수북면,2361,1018,760,305,200,52,17,6,3,0,0
1271041000,2026-07-31,전남광주통합특별시,담양군,대전면,2085,1011,608,243,138,55,22,6,1,0,1
1272025000,2026-07-31,전남광주통합특별시,곡성군,곡성읍,4257,2161,1130,486,322,123,25,4,2,1,3
1272031000,2026-07-31,전남광주통합특별시,곡성군,오곡면,1048,605,295,83,38,18,7,2,0,0,0
1272032000,2026-07-31,전남광주통합특별시,곡성군,삼기면,1027,609,282,81,36,14,4,0,1,0,0
1272033000,2026-07-31,전남광주통합특별시,곡성군,석곡면,1333,769,371,119,53,21,0,0,0,0,0
1272034000,2026-07-31,전남광주통합특별시,곡성군,목사동면,879,534,256,62,17,6,4,0,0,0,0
1272035000,2026-07-31,전남광주통합특별시,곡성군,죽곡면,1203,679,377,93,33,11,10,0,0,0,0
1272036000,2026-07-31,전남광주통합특별시,곡성군,고달면,693,411,212,46,21,1,1,1,0,0,0
1272037000,2026-07-31,전남광주통합특별시,곡성군,옥과면,2338,1312,581,243,133,43,19,6,1,0,0
1272038000,2026-07-31,전남광주통합특별시,곡성군,입면,1367,772,366,133,61,30,3,1,1,0,0
1272039000,2026-07-31,전남광주통합특별시,곡성군,겸면,1058,636,314,57,35,8,6,2,0,0,0
1272040000,2026-07-31,전남광주통합특별시,곡성군,오산면,923,503,294,78,36,7,5,0,0,0,0
1273025000,2026-07-31,전남광주통합특별시,구례군,구례읍,5639,2745,1554,694,451,152,27,13,2,1,0
1273031000,2026-07-31,전남광주통합특별시,구례군,문척면,789,440,242,60,27,14,5,0,1,0,0
1273032000,2026-07-31,전남광주통합특별시,구례군,간전면,859,495,253,64,30,14,2,1,0,0,0
1273033000,2026-07-31,전남광주통합특별시,구례군,토지면,1476,817,462,122,48,21,5,1,0,0,0
1273034000,2026-07-31,전남광주통합특별시,구례군,마산면,1315,703,374,142,59,26,9,0,1,0,1
1273035000,2026-07-31,전남광주통합특별시,구례군,광의면,1317,719,432,102,41,16,6,1,0,0,0
1273036000,2026-07-31,전남광주통합특별시,구례군,용방면,794,459,230,67,21,13,1,3,0,0,0
1273037000,2026-07-31,전남광주통합특별시,구례군,산동면,1651,892,504,151,72,28,3,1,0,0,0
1274025000,2026-07-31,전남광주통합특별시,고흥군,고흥읍,6158,2776,1764,791,585,191,39,10,1,0,1
1274025300,2026-07-31,전남광주통합특별시,고흥군,도양읍,5114,2615,1580,508,273,102,27,7,1,1,0
1274025400,2026-07-31,전남광주통합특별시,고흥군,도양읍소록출장소,353,275,48,13,12,4,0,1,0,0,0
1274025500,2026-07-31,전남광주통합특별시,고흥군,도양읍시산출장소,135,99,24,8,3,1,0,0,0,0,0
1274031000,2026-07-31,전남광주통합특별시,고흥군,풍양면,1786,986,603,138,40,14,4,1,0,0,0
1274032000,2026-07-31,전남광주통합특별시,고흥군,도덕면,1665,939,546,134,32,6,6,1,1,0,0
1274033000,2026-07-31,전남광주통합특별시,고흥군,금산면,2419,1373,767,190,57,28,3,1,0,0,0
1274034000,2026-07-31,전남광주통합특별시,고흥군,도화면,2152,1218,673,169,56,25,9,2,0,0,0
1274035000,2026-07-31,전남광주통합특별시,고흥군,포두면,2770,1576,907,177,72,23,12,2,0,1,0
1274036000,2026-07-31,전남광주통합특별시,고흥군,봉래면,1107,646,341,70,30,15,3,2,0,0,0
1274037000,2026-07-31,전남광주통합특별시,고흥군,점암면,1710,1067,497,99,28,11,8,0,0,0,0
1274038000,2026-07-31,전남광주통합특별시,고흥군,과역면,1869,1064,596,140,38,18,9,3,1,0,0
1274039000,2026-07-31,전남광주통합특별시,고흥군,남양면,1334,770,405,108,36,12,3,0,0,0,0
1274040000,2026-07-31,전남광주통합특별시,고흥군,동강면,1754,1007,541,135,52,16,2,0,1,0,0
1274041000,2026-07-31,전남광주통합특별시,고흥군,대서면,1381,876,393,81,20,7,3,1,0,0,0
1274042000,2026-07-31,전남광주통합특별시,고흥군,두원면,1809,1073,568,113,37,12,5,1,0,0,0
1274044000,2026-07-31,전남광주통합특별시,고흥군,영남면,757,473,220,40,14,7,2,1,0,0,0
1274045000,2026-07-31,전남광주통합특별시,고흥군,동일면,842,472,265,70,27,7,1,0,0,0,0
1275025000,2026-07-31,전남광주통합특별시,보성군,보성읍,4418,2085,1173,592,364,146,43,10,3,2,0
1275025300,2026-07-31,전남광주통합특별시,보성군,벌교읍,6379,3473,1843,585,317,109,32,16,4,0,0
1275031000,2026-07-31,전남광주통합특별시,보성군,노동면,700,424,195,46,22,3,7,1,1,1,0
1275032000,2026-07-31,전남광주통합특별시,보성군,미력면,861,533,215,64,30,14,4,1,0,0,0
1275033000,2026-07-31,전남광주통합특별시,보성군,겸백면,715,461,177,45,22,5,4,1,0,0,0
1275034000,2026-07-31,전남광주통합특별시,보성군,율어면,678,400,187,51,23,11,2,2,2,0,0
1275035000,2026-07-31,전남광주통합특별시,보성군,복내면,982,593,274,69,31,5,6,2,1,1,0
1275036000,2026-07-31,전남광주통합특별시,보성군,문덕면,631,411,164,29,14,8,3,1,1,0,0
1275037000,2026-07-31,전남광주통합특별시,보성군,조성면,2131,1254,617,173,60,16,6,4,1,0,0
1275038000,2026-07-31,전남광주통합특별시,보성군,득량면,1591,938,455,114,62,18,3,0,1,0,0
1275038500,2026-07-31,전남광주통합특별시,보성군,득량면예당출장소,676,397,185,50,27,11,4,0,0,0,2
1275039000,2026-07-31,전남광주통합특별시,보성군,회천면,1760,970,546,146,69,22,4,2,1,0,0
1275040000,2026-07-31,전남광주통합특별시,보성군,웅치면,648,371,197,55,19,4,1,0,1,0,0
1276025000,2026-07-31,전남광주통합특별시,화순군,화순읍,18448,7828,4857,2915,1987,707,118,26,6,2,2
1276031000,2026-07-31,전남광주통합특별시,화순군,한천면,577,349,151,54,14,7,1,1,0,0,0
1276031500,2026-07-31,전남광주통합특별시,화순군,한천면영외출장소,268,167,79,17,2,2,1,0,0,0,0
1276032000,2026-07-31,전남광주통합특별시,화순군,춘양면,995,601,279,67,35,6,5,1,0,0,1
1276033000,2026-07-31,전남광주통합특별시,화순군,청풍면,649,424,167,42,14,2,0,0,0,0,0
1276034000,2026-07-31,전남광주통합특별시,화순군,이양면,1070,664,311,65,17,7,4,1,0,0,1
1276035000,2026-07-31,전남광주통합특별시,화순군,능주면,1560,832,435,173,73,28,12,3,1,3,0
1276036000,2026-07-31,전남광주통합특별시,화순군,도곡면,1584,856,494,143,58,17,13,2,0,0,1
1276037000,2026-07-31,전남광주통합특별시,화순군,도암면,842,523,229,63,16,10,0,1,0,0,0
1276038000,2026-07-31,전남광주통합특별시,화순군,이서면,580,330,182,39,14,7,2,3,2,0,1
1276039500,2026-07-31,전남광주통합특별시,화순군,백아면,984,613,280,60,21,7,3,0,0,0,0
1276040000,2026-07-31,전남광주통합특별시,화순군,동복면,946,591,268,56,20,8,3,0,0,0,0
1276041500,2026-07-31,전남광주통합특별시,화순군,사평면,1238,732,346,105,32,14,4,5,0,0,0
1276042000,2026-07-31,전남광주통합특별시,화순군,동면,1811,1093,494,134,58,16,11,5,0,0,0
1277025000,2026-07-31,전남광주통합특별시,장흥군,장흥읍,7679,3847,1973,982,568,237,53,14,3,1,1
1277025300,2026-07-31,전남광주통합특별시,장흥군,관산읍,2604,1457,822,207,73,32,9,2,1,1,0
1277025600,2026-07-31,전남광주통합특별시,장흥군,대덕읍,1785,1039,535,142,48,14,6,0,1,0,0
1277031000,2026-07-31,전남광주통합특별시,장흥군,용산면,1276,762,366,86,37,16,5,3,0,0,1
1277032000,2026-07-31,전남광주통합특별시,장흥군,안양면,1598,959,443,121,44,20,10,1,0,0,0
1277033000,2026-07-31,전남광주통합특별시,장흥군,장동면,692,417,190,54,22,7,2,0,0,0,0
1277034000,2026-07-31,전남광주통합특별시,장흥군,장평면,1208,730,349,79,38,10,2,0,0,0,0
1277035000,2026-07-31,전남광주통합특별시,장흥군,유치면,605,386,165,40,9,3,2,0,0,0,0
1277036000,2026-07-31,전남광주통합특별시,장흥군,부산면,822,477,250,62,22,7,4,0,0,0,0
1277037000,2026-07-31,전남광주통합특별시,장흥군,회진면,1386,714,470,120,55,20,7,0,0,0,0
1278025000,2026-07-31,전남광주통합특별시,강진군,강진읍,6486,3226,1745,775,497,184,41,13,3,1,1
1278031000,2026-07-31,전남광주통합특별시,강진군,군동면,2497,1175,760,312,170,59,17,3,0,0,1
1278032000,2026-07-31,전남광주통합특별시,강진군,칠량면,1222,695,383,88,29,19,5,3,0,0,0
1278033000,2026-07-31,전남광주통합특별시,강진군,대구면,614,366,170,55,11,7,2,2,1,0,0
1278034000,2026-07-31,전남광주통합특별시,강진군,도암면,1410,817,441,90,44,11,4,2,1,0,0
1278035000,2026-07-31,전남광주통합특별시,강진군,신전면,988,568,314,64,23,13,3,3,0,0,0
1278036000,2026-07-31,전남광주통합특별시,강진군,성전면,1587,922,468,130,41,21,4,1,0,0,0
1278037000,2026-07-31,전남광주통합특별시,강진군,작천면,1071,670,296,66,27,10,2,0,0,0,0
1278038000,2026-07-31,전남광주통합특별시,강진군,병영면,887,525,258,58,32,11,3,0,0,0,0
1278039000,2026-07-31,전남광주통합특별시,강진군,옴천면,361,230,86,31,9,2,1,1,0,0,1
1278040000,2026-07-31,전남광주통합특별시,강진군,마량면,997,578,298,82,29,8,2,0,0,0,0
1279025000,2026-07-31,전남광주통합특별시,해남군,해남읍,11450,5260,2914,1685,1094,402,74,8,6,2,5
1279031000,2026-07-31,전남광주통합특별시,해남군,삼산면,1547,826,493,140,63,19,3,1,0,1,1
1279032000,2026-07-31,전남광주통합특별시,해남군,화산면,1635,862,528,159,49,25,7,1,3,1,0
1279033000,2026-07-31,전남광주통합특별시,해남군,현산면,1514,829,493,121,44,17,6,2,2,0,0
1279034000,2026-07-31,전남광주통합특별시,해남군,송지면,3184,1777,943,286,107,53,11,5,1,0,1
1279035000,2026-07-31,전남광주통합특별시,해남군,북평면,1445,757,505,123,39,19,1,0,1,0,0
1279036000,2026-07-31,전남광주통합특별시,해남군,북일면,1093,604,367,77,28,11,5,1,0,0,0
1279037000,2026-07-31,전남광주통합특별시,해남군,옥천면,1642,960,458,121,63,31,4,2,1,0,2
1279038000,2026-07-31,전남광주통합특별시,해남군,계곡면,1239,712,380,94,30,16,6,0,0,0,1
1279039000,2026-07-31,전남광주통합특별시,해남군,마산면,1360,795,383,109,47,23,2,1,0,0,0
1279040000,2026-07-31,전남광주통합특별시,해남군,황산면,2455,1312,803,212,66,50,8,2,2,0,0
1279041000,2026-07-31,전남광주통합특별시,해남군,산이면,2000,1096,619,167,83,22,8,3,1,1,0
1279042000,2026-07-31,전남광주통합특별시,해남군,문내면,2019,1053,650,196,77,30,9,4,0,0,0
1279043000,2026-07-31,전남광주통합특별시,해남군,화원면,1961,1172,543,155,54,26,8,1,0,1,1
1280025000,2026-07-31,전남광주통합특별시,영암군,영암읍,4063,2078,1052,489,306,98,27,10,1,0,2
1280025300,2026-07-31,전남광주통합특별시,영암군,삼호읍,7706,3800,1859,1070,703,220,41,9,2,0,2
1280025400,2026-07-31,전남광주통합특별시,영암군,삼호읍서부출장소,3300,1955,666,344,240,72,14,7,1,0,1
1280031000,2026-07-31,전남광주통합특별시,영암군,덕진면,1054,667,265,82,23,12,4,1,0,0,0
1280032000,2026-07-31,전남광주통합특별시,영암군,금정면,1220,714,367,95,31,9,4,0,0,0,0
1280033000,2026-07-31,전남광주통합특별시,영암군,신북면,2110,1282,581,165,52,22,5,3,0,0,0
1280034000,2026-07-31,전남광주통합특별시,영암군,시종면,2010,1214,565,150,53,18,9,1,0,0,0
1280035000,2026-07-31,전남광주통합특별시,영암군,도포면,1267,758,353,99,48,8,0,1,0,0,0
1280036000,2026-07-31,전남광주통합특별시,영암군,군서면,1798,1021,525,158,67,23,4,0,0,0,0
1280037000,2026-07-31,전남광주통합특별시,영암군,서호면,1107,668,306,86,28,11,6,2,0,0,0
1280038000,2026-07-31,전남광주통합특별시,영암군,학산면,1636,911,474,160,61,21,5,2,2,0,0
1280039000,2026-07-31,전남광주통합특별시,영암군,미암면,1208,654,375,118,41,11,8,0,1,0,0
1281025000,2026-07-31,전남광주통합특별시,무안군,무안읍,5601,2863,1452,660,440,143,28,11,3,0,1
1281025300,2026-07-31,전남광주통합특별시,무안군,일로읍,10010,2669,2365,2302,2158,435,71,6,3,0,1
1281025600,2026-07-31,전남광주통합특별시,무안군,삼향읍,2439,1247,736,249,132,42,17,12,1,1,2
1281025800,2026-07-31,전남광주통합특별시,무안군,삼향읍남악출장소,14548,5898,3171,2621,2165,590,82,17,3,0,1
1281032000,2026-07-31,전남광주통합특별시,무안군,몽탄면,1740,1047,505,125,41,12,9,0,1,0,0
1281033000,2026-07-31,전남광주통합특별시,무안군,청계면,4090,2684,928,282,127,47,14,5,2,0,1
1281034000,2026-07-31,전남광주통합특별시,무안군,현경면,2656,1561,799,193,68,20,11,3,1,0,0
1281035000,2026-07-31,전남광주통합특별시,무안군,망운면,1137,661,335,91,30,15,4,0,0,1,0
1281036000,2026-07-31,전남광주통합특별시,무안군,해제면,2764,1633,801,233,68,18,5,6,0,0,0
1281037000,2026-07-31,전남광주통합특별시,무안군,운남면,1674,949,486,160,49,22,5,3,0,0,0
1282025000,2026-07-31,전남광주통합특별시,함평군,함평읍,4401,2353,1124,456,298,121,36,8,2,0,3
1282031000,2026-07-31,전남광주통합특별시,함평군,손불면,1888,1105,537,155,67,16,5,3,0,0,0
1282032000,2026-07-31,전남광주통합특별시,함평군,신광면,1014,629,278,62,25,13,5,1,1,0,0
1282033000,2026-07-31,전남광주통합특별시,함평군,학교면,2078,1279,543,159,53,32,10,0,0,0,2
1282034000,2026-07-31,전남광주통합특별시,함평군,엄다면,1087,666,283,81,40,13,3,1,0,0,0
1282035000,2026-07-31,전남광주통합특별시,함평군,대동면,1855,1103,501,148,61,27,12,2,1,0,0
1282036000,2026-07-31,전남광주통합특별시,함평군,나산면,1592,927,474,115,50,18,3,2,3,0,0
1282037000,2026-07-31,전남광주통합특별시,함평군,해보면,1831,1117,478,151,58,19,8,0,0,0,0
1282038000,2026-07-31,전남광주통합특별시,함평군,월야면,2084,1268,516,166,87,36,9,1,1,0,0
1283025000,2026-07-31,전남광주통합특별시,영광군,영광읍,11306,5103,2830,1621,1128,456,127,22,14,1,4
1283025300,2026-07-31,전남광주통합특별시,영광군,백수읍,2572,1442,735,219,109,38,19,6,1,1,2
1283025600,2026-07-31,전남광주통합특별시,영광군,홍농읍,3770,1991,898,418,330,100,15,9,6,2,1
1283031000,2026-07-31,전남광주통합특별시,영광군,대마면,1012,614,268,79,31,13,4,2,0,0,1
1283032000,2026-07-31,전남광주통합특별시,영광군,묘량면,966,508,282,99,47,18,7,4,1,0,0
1283033000,2026-07-31,전남광주통합특별시,영광군,불갑면,818,432,258,67,30,17,10,2,1,0,1
1283034000,2026-07-31,전남광주통합특별시,영광군,군서면,1250,663,352,130,56,31,10,4,2,0,2
1283035000,2026-07-31,전남광주통합특별시,영광군,군남면,1384,786,420,112,35,19,7,5,0,0,0
1283036000,2026-07-31,전남광주통합특별시,영광군,염산면,2361,1381,675,192,78,22,8,4,1,0,0
1283037000,2026-07-31,전남광주통합특별시,영광군,법성면,2718,1462,740,290,138,63,18,5,0,1,1
1283038000,2026-07-31,전남광주통합특별시,영광군,낙월면,322,236,58,12,9,5,2,0,0,0,0
1283038500,2026-07-31,전남광주통합특별시,영광군,낙월면안마출장소,159,111,36,7,5,0,0,0,0,0,0
1284025000,2026-07-31,전남광주통합특별시,장성군,장성읍,7572,3484,2100,1033,653,222,61,16,1,1,1
1284031000,2026-07-31,전남광주통합특별시,장성군,진원면,1788,837,511,216,131,58,16,11,5,1,2
1284032000,2026-07-31,전남광주통합특별시,장성군,남면,2194,1310,567,172,92,40,13,0,0,0,0
1284033000,2026-07-31,전남광주통합특별시,장성군,동화면,1077,604,300,112,41,16,2,2,0,0,0
1284034000,2026-07-31,전남광주통합특별시,장성군,삼서면,1679,901,494,155,74,40,9,4,1,1,0
1284035000,2026-07-31,전남광주통합특별시,장성군,삼계면,2802,1460,723,326,199,72,15,5,1,0,1
1284036000,2026-07-31,전남광주통합특별시,장성군,황룡면,2126,1151,582,248,92,39,10,2,0,2,0
1284037000,2026-07-31,전남광주통합특별시,장성군,서삼면,874,485,259,76,39,9,3,2,0,1,0
1284038000,2026-07-31,전남광주통합특별시,장성군,북일면,808,474,227,72,22,9,3,1,0,0,0
1284039000,2026-07-31,전남광주통합특별시,장성군,북이면,1506,823,452,134,57,26,10,1,3,0,0
1284040000,2026-07-31,전남광주통합특별시,장성군,북하면,1207,734,326,97,33,6,9,2,0,0,0
1285025000,2026-07-31,전남광주통합특별시,완도군,완도읍,8739,4319,2307,1112,684,251,53,8,3,1,1
1285025300,2026-07-31,전남광주통합특별시,완도군,금일읍,2003,1152,575,159,77,34,4,2,0,0,0
1285025600,2026-07-31,전남광주통합특별시,완도군,노화읍,2045,1083,573,211,106,52,13,7,0,0,0
1285029000,2026-07-31,전남광주통합특별시,완도군,노화읍넙도출장소,408,223,126,40,12,6,1,0,0,0,0
1285031000,2026-07-31,전남광주통합특별시,완도군,군외면,1789,1030,566,131,41,17,3,1,0,0,0
1285032000,2026-07-31,전남광주통합특별시,완도군,신지면,1789,973,555,174,56,15,10,4,2,0,0
1285033000,2026-07-31,전남광주통합특별시,완도군,고금면,2159,1163,683,175,83,42,9,2,2,0,0
1285034000,2026-07-31,전남광주통합특별시,완도군,약산면,1320,755,412,89,43,15,4,1,1,0,0
1285035000,2026-07-31,전남광주통합특별시,완도군,청산면,1123,634,355,79,40,10,2,2,1,0,0
1285035500,2026-07-31,전남광주통합특별시,완도군,청산면모도출장소,133,71,48,8,5,0,1,0,0,0,0
1285036000,2026-07-31,전남광주통합특별시,완도군,소안면,1266,636,437,116,51,18,5,2,0,0,1
1285037000,2026-07-31,전남광주통합특별시,완도군,금당면,479,268,149,39,11,10,2,0,0,0,0
1285038000,2026-07-31,전남광주통합특별시,완도군,보길면,1216,545,408,115,92,42,11,0,3,0,0
1285039000,2026-07-31,전남광주통합특별시,완도군,생일면,462,298,116,22,17,8,1,0,0,0,0
1286025000,2026-07-31,전남광주통합특별시,진도군,진도읍,5297,2650,1338,656,450,166,26,8,3,0,0
1286031000,2026-07-31,전남광주통합특별시,진도군,군내면,1653,952,493,116,52,24,11,2,2,0,1
1286032000,2026-07-31,전남광주통합특별시,진도군,고군면,1894,1040,572,166,72,33,6,4,1,0,0
1286033000,2026-07-31,전남광주통합특별시,진도군,의신면,2065,1275,561,145,57,20,5,2,0,0,0
1286034000,2026-07-31,전남광주통합특별시,진도군,임회면,1955,1157,590,117,60,22,5,2,2,0,0
1286035000,2026-07-31,전남광주통합특별시,진도군,지산면,1783,1068,530,108,51,22,4,0,0,0,0
1286036000,2026-07-31,전남광주통합특별시,진도군,조도면,1332,862,331,80,38,15,6,0,0,0,0
1286036500,2026-07-31,전남광주통합특별시,진도군,조도면가사출장소,164,108,45,8,3,0,0,0,0,0,0
1286036600,2026-07-31,전남광주통합특별시,진도군,조도면거차출장소,207,103,62,26,4,8,3,1,0,0,0
1287025000,2026-07-31,전남광주통합특별시,신안군,지도읍,2600,1326,742,293,138,70,16,7,3,3,2
1287025100,2026-07-31,전남광주통합특별시,신안군,지도읍선도출장소,164,104,39,10,10,1,0,0,0,0,0
1287025300,2026-07-31,전남광주통합특별시,신안군,압해읍,2962,1205,883,401,255,113,51,26,11,7,10
1287025400,2026-07-31,전남광주통합특별시,신안군,압해읍매화출장소,173,104,37,25,4,2,0,0,1,0,0
1287025500,2026-07-31,전남광주통합특별시,신안군,압해읍고이도출장소,135,61,38,24,7,2,3,0,0,0,0
1287031000,2026-07-31,전남광주통합특별시,신안군,증도면,957,562,250,87,32,17,8,0,1,0,0
1287031500,2026-07-31,전남광주통합특별시,신안군,증도면병풍출장소,187,107,51,17,7,3,1,1,0,0,0
1287032000,2026-07-31,전남광주통합특별시,신안군,임자면,1764,854,492,203,113,66,18,9,5,2,2
1287033000,2026-07-31,전남광주통합특별시,신안군,자은면,1338,592,408,168,91,46,20,7,5,0,1
1287034000,2026-07-31,전남광주통합특별시,신안군,비금면,1857,871,514,238,124,70,24,11,2,3,0
1287034500,2026-07-31,전남광주통합특별시,신안군,비금면수치도출장소,75,35,23,9,4,4,0,0,0,0,0
1287035000,2026-07-31,전남광주통합특별시,신안군,도초면,1357,716,383,137,69,39,9,2,1,1,0
1287035500,2026-07-31,전남광주통합특별시,신안군,도초면우이도출장소,142,90,31,8,10,1,1,0,0,1,0
1287036000,2026-07-31,전남광주통합특별시,신안군,흑산면,1372,914,275,96,47,23,13,2,0,2,0
1287036500,2026-07-31,전남광주통합특별시,신안군,흑산면가거도출장소,272,221,31,15,2,2,0,1,0,0,0
1287036600,2026-07-31,전남광주통합특별시,신안군,흑산면태도출장소,142,102,22,11,6,1,0,0,0,0,0
1287036700,2026-07-31,전남광주통합특별시,신안군,흑산면홍도출장소,268,163,52,29,14,4,4,0,2,0,0
1287036800,2026-07-31,전남광주통합특별시,신안군,흑산면대둔도출장소,189,117,50,14,7,1,0,0,0,0,0
1287037000,2026-07-31,전남광주통합특별시,신안군,하의면,999,572,277,79,42,22,5,1,0,1,0
1287038000,2026-07-31,전남광주통합특별시,신안군,신의면,822,426,196,98,54,32,8,6,2,0,0
1287039000,2026-07-31,전남광주통합특별시,신안군,장산면,1020,629,242,81,47,12,4,3,1,1,0
1287040000,2026-07-31,전남광주통합특별시,신안군,안좌면,2037,1103,497,214,123,48,23,16,6,5,2
1287041000,2026-07-31,전남광주통합특별시,신안군,팔금면,575,302,176,51,25,15,2,1,3,0,0
1287042000,2026-07-31,전남광주통합특별시,신안군,암태면,1158,540,363,147,69,25,10,4,0,0,0
2611051000,2026-07-31,부산광역시,중구,중앙동,2527,2100,308,73,36,9,1,0,0,0,0
2611052000,2026-07-31,부산광역시,중구,동광동,1535,1054,330,98,36,11,5,1,0,0,0
2611053000,2026-07-31,부산광역시,중구,대청동,3397,2098,808,304,133,43,8,1,0,1,1
2611054500,2026-07-31,부산광역시,중구,보수동,6022,3727,1349,593,271,61,14,5,1,1,0
2611056000,2026-07-31,부산광역시,중구,부평동,2600,1723,537,232,79,25,4,0,0,0,0
2611057000,2026-07-31,부산광역시,중구,광복동,516,321,125,40,17,7,4,2,0,0,0
2611058000,2026-07-31,부산광역시,중구,남포동,550,414,102,20,12,1,1,0,0,0,0
2611059000,2026-07-31,부산광역시,중구,영주제1동,2856,2000,538,196,95,24,3,0,0,0,0
2611060000,2026-07-31,부산광역시,중구,영주제2동,3312,1674,982,403,191,50,5,6,0,0,1
2614051000,2026-07-31,부산광역시,서구,동대신제1동,2614,1227,718,417,196,48,8,0,0,0,0
2614052000,2026-07-31,부산광역시,서구,동대신제2동,3239,1562,926,425,237,64,18,4,0,2,1
2614053000,2026-07-31,부산광역시,서구,동대신제3동,3775,1993,911,498,295,64,12,2,0,0,0
2614054000,2026-07-31,부산광역시,서구,서대신제1동,6750,2676,1785,1239,842,171,28,5,3,0,1
2614056000,2026-07-31,부산광역시,서구,서대신제3동,3097,1004,906,625,424,108,20,5,3,1,1
2614057000,2026-07-31,부산광역시,서구,서대신제4동,2915,924,829,581,476,79,23,2,0,0,1
2614059000,2026-07-31,부산광역시,서구,부민동,4222,2523,850,465,294,74,13,2,1,0,0
2614061500,2026-07-31,부산광역시,서구,아미동,3898,2611,842,309,103,25,3,0,2,0,3
2614063000,2026-07-31,부산광역시,서구,초장동,2232,1427,530,183,67,21,2,2,0,0,0
2614064000,2026-07-31,부산광역시,서구,충무동,5450,3164,1288,631,256,86,18,5,1,1,0
2614065000,2026-07-31,부산광역시,서구,남부민제1동,2434,1392,615,278,116,25,5,2,1,0,0
2614066000,2026-07-31,부산광역시,서구,남부민제2동,4191,2266,1208,457,197,51,12,0,0,0,0
2614068000,2026-07-31,부산광역시,서구,암남동,8516,3582,2506,1393,776,202,40,7,5,1,4
2617051000,2026-07-31,부산광역시,동구,초량제1동,3204,2175,654,236,98,28,11,1,1,0,0
2617052000,2026-07-31,부산광역시,동구,초량제2동,3115,1995,703,255,125,28,5,4,0,0,0
2617053000,2026-07-31,부산광역시,동구,초량제3동,6687,3297,1499,1056,677,129,25,3,0,0,1
2617055000,2026-07-31,부산광역시,동구,초량제6동,2754,1486,751,321,153,35,7,1,0,0,0
2617056000,2026-07-31,부산광역시,동구,수정제1동,2189,1173,548,261,161,37,8,1,0,0,0
2617057000,2026-07-31,부산광역시,동구,수정제2동,4686,2346,1332,620,314,56,13,5,0,0,0
2617059000,2026-07-31,부산광역시,동구,수정제4동,1928,1156,471,198,76,20,3,1,0,1,2
2617060000,2026-07-31,부산광역시,동구,수정제5동,2482,1308,700,292,133,38,8,3,0,0,0
2617064500,2026-07-31,부산광역시,동구,좌천동,5603,2637,1619,852,389,83,18,5,0,0,0
2617065000,2026-07-31,부산광역시,동구,범일제1동,5892,3233,1652,636,265,75,16,9,4,0,2
2617066000,2026-07-31,부산광역시,동구,범일제2동,3607,2115,845,380,215,39,9,4,0,0,0
2617068000,2026-07-31,부산광역시,동구,범일제5동,4151,1516,1156,905,471,86,14,2,1,0,0
2620053000,2026-07-31,부산광역시,영도구,남항동,5514,2938,1471,692,305,85,17,4,1,1,0
2620054000,2026-07-31,부산광역시,영도구,영선제1동,1780,773,551,255,148,41,5,4,2,0,1
2620055000,2026-07-31,부산광역시,영도구,영선제2동,3398,1372,1105,518,296,75,27,4,0,0,1
2620058500,2026-07-31,부산광역시,영도구,신선동,3825,2182,1057,360,163,47,15,0,1,0,0
2620059000,2026-07-31,부산광역시,영도구,봉래제1동,3420,1716,919,481,214,67,20,2,1,0,0
2620060500,2026-07-31,부산광역시,영도구,봉래제2동,3370,1385,1023,521,336,88,11,6,0,0,0
2620063000,2026-07-31,부산광역시,영도구,청학제1동,2619,1234,739,356,226,58,4,2,0,0,0
2620064000,2026-07-31,부산광역시,영도구,청학제2동,7485,2989,2332,1240,720,160,31,5,4,2,2
2620065000,2026-07-31,부산광역시,영도구,동삼제1동,13693,6070,4021,2036,1215,280,56,14,0,1,0
2620066000,2026-07-31,부산광역시,영도구,동삼제2동,2877,1551,686,337,226,59,11,5,1,1,0
2620067000,2026-07-31,부산광역시,영도구,동삼제3동,5210,3244,1352,404,157,42,8,3,0,0,0
2623051000,2026-07-31,부산광역시,부산진구,부전제1동,9898,7396,1468,657,307,50,13,6,0,0,1
2623052000,2026-07-31,부산광역시,부산진구,부전제2동,7689,5015,1374,720,450,96,20,10,1,3,0
2623054000,2026-07-31,부산광역시,부산진구,연지동,10842,3267,3262,2297,1608,328,67,10,3,0,0
2623055000,2026-07-31,부산광역시,부산진구,초읍동,10314,4131,3086,1813,980,244,45,7,3,3,2
2623056000,2026-07-31,부산광역시,부산진구,양정제1동,9500,4241,2671,1535,835,179,31,6,1,1,0
2623057000,2026-07-31,부산광역시,부산진구,양정제2동,11853,6759,2388,1566,921,169,40,8,0,1,1
2623060000,2026-07-31,부산광역시,부산진구,전포제1동,12009,7291,2381,1357,770,178,26,4,2,0,0
2623061000,2026-07-31,부산광역시,부산진구,전포제2동,12978,7143,3161,1614,839,178,38,3,2,0,0
2623064000,2026-07-31,부산광역시,부산진구,부암제1동,11096,4105,3198,2113,1387,229,54,10,0,0,0
2623066000,2026-07-31,부산광역시,부산진구,부암제3동,9901,2670,3089,2200,1573,300,57,12,0,0,0
2623067000,2026-07-31,부산광역시,부산진구,당감제1동,9823,4051,2981,1611,939,199,28,10,1,1,2
2623068000,2026-07-31,부산광역시,부산진구,당감제2동,5335,1938,1606,1039,611,114,20,7,0,0,0
2623070000,2026-07-31,부산광역시,부산진구,당감제4동,4872,2086,1442,790,439,95,17,2,0,0,1
2623071000,2026-07-31,부산광역시,부산진구,가야제1동,9151,5205,2152,1043,580,135,28,4,0,2,2
2623072000,2026-07-31,부산광역시,부산진구,가야제2동,8120,3036,2322,1526,977,201,43,11,3,1,0
2623074000,2026-07-31,부산광역시,부산진구,개금제1동,10113,5635,2130,1326,832,158,23,8,1,0,0
2623075000,2026-07-31,부산광역시,부산진구,개금제2동,4753,2080,1383,737,406,119,18,6,2,2,0
2623076000,2026-07-31,부산광역시,부산진구,개금제3동,12018,4614,3616,2155,1307,264,47,13,2,0,0
2623077000,2026-07-31,부산광역시,부산진구,범천제1동,7885,5018,1773,694,314,72,9,3,1,1,0
2623078000,2026-07-31,부산광역시,부산진구,범천제2동,11429,5342,3406,1672,809,168,26,6,0,0,0
2626051000,2026-07-31,부산광역시,동래구,수민동,13006,4506,3832,2499,1746,343,59,13,5,2,1
2626052000,2026-07-31,부산광역시,동래구,복산동,4005,1830,1184,575,311,77,20,6,2,0,0
2626054500,2026-07-31,부산광역시,동래구,명륜동,9574,2292,2344,2377,2106,395,44,11,4,0,1
2626055000,2026-07-31,부산광역시,동래구,온천제1동,17241,8211,4014,2819,1781,352,47,12,3,1,1
2626056000,2026-07-31,부산광역시,동래구,온천제2동,9625,2743,2538,2133,1762,376,53,12,3,0,5
2626057000,2026-07-31,부산광역시,동래구,온천제3동,17424,7517,4699,2952,1787,376,74,14,1,1,3
2626058000,2026-07-31,부산광역시,동래구,사직제1동,5272,2041,1283,977,779,164,20,7,0,0,1
2626059000,2026-07-31,부산광역시,동래구,사직제2동,8748,1560,2232,2332,2137,408,58,14,5,1,1
2626060000,2026-07-31,부산광역시,동래구,사직제3동,7577,3000,1906,1352,1124,157,30,6,1,1,0
2626074000,2026-07-31,부산광역시,동래구,안락제1동,6598,3039,1841,992,548,141,23,10,2,0,2
2626075000,2026-07-31,부산광역시,동래구,안락제2동,10982,3408,3377,2238,1586,307,56,6,3,1,0
2626076100,2026-07-31,부산광역시,동래구,명장제1동,6069,2344,1763,1090,701,123,39,6,2,1,0
2626076200,2026-07-31,부산광역시,동래구,명장제2동,6359,2456,2047,1109,599,125,20,3,0,0,0
2629051000,2026-07-31,부산광역시,남구,대연제1동,9573,6295,1856,843,441,101,26,6,2,2,1
2629053000,2026-07-31,부산광역시,남구,대연제3동,18832,9638,3753,2868,2111,382,62,10,2,1,5
2629054000,2026-07-31,부산광역시,남구,대연제4동,6218,2299,1769,1193,767,158,22,7,2,0,1
2629055000,2026-07-31,부산광역시,남구,대연제5동,8237,4180,1918,1172,758,158,37,10,3,0,1
2629056000,2026-07-31,부산광역시,남구,대연제6동,6252,1702,1628,1416,1222,245,31,6,2,0,0
2629057000,2026-07-31,부산광역시,남구,용호제1동,17189,4746,5079,3788,2835,583,123,21,4,4,6
2629058000,2026-07-31,부산광역시,남구,용호제2동,7955,2174,2595,1697,1152,245,63,19,7,3,0
2629059000,2026-07-31,부산광역시,남구,용호제3동,5009,2157,1554,753,421,101,16,6,1,0,0
2629060000,2026-07-31,부산광역시,남구,용호제4동,3709,1517,1149,626,350,55,6,5,0,0,1
2629061000,2026-07-31,부산광역시,남구,용당동,3455,1288,1020,633,399,85,18,10,1,0,1
2629062000,2026-07-31,부산광역시,남구,감만제1동,3453,1223,1134,633,369,72,15,5,2,0,0
2629063000,2026-07-31,부산광역시,남구,감만제2동,3186,1516,935,464,198,61,9,3,0,0,0
2629064500,2026-07-31,부산광역시,남구,우암동,8042,2865,2566,1500,902,173,24,7,3,0,2
2629068000,2026-07-31,부산광역시,남구,문현제1동,4603,1599,1433,863,559,115,25,7,2,0,0
2629069000,2026-07-31,부산광역시,남구,문현제2동,4922,3020,1088,513,238,51,10,2,0,0,0
2629070000,2026-07-31,부산광역시,남구,문현제3동,6947,2292,2040,1411,971,180,37,12,4,0,0
2629071000,2026-07-31,부산광역시,남구,문현제4동,4405,1832,1362,739,375,80,11,6,0,0,0
2632051000,2026-07-31,부산광역시,북구,구포제1동,7874,3923,2209,1076,495,135,29,5,2,0,0
2632052000,2026-07-31,부산광역시,북구,구포제2동,11283,4929,3278,1814,1023,187,44,7,1,0,0
2632052100,2026-07-31,부산광역시,북구,구포제3동,8702,4006,2535,1355,626,145,27,7,1,0,0
2632053000,2026-07-31,부산광역시,북구,금곡동,17401,8129,4790,2640,1506,275,46,13,2,0,0
2632054100,2026-07-31,부산광역시,북구,화명제1동,14335,2328,4462,3837,2967,614,96,24,5,1,1
2632054200,2026-07-31,부산광역시,북구,화명제2동,7263,2316,2260,1485,966,186,38,10,1,0,1
2632054300,2026-07-31,부산광역시,북구,화명제3동,10844,2583,3027,2636,2112,398,67,17,2,1,1
2632055000,2026-07-31,부산광역시,북구,덕천제1동,7644,3868,2068,1081,509,97,18,3,0,0,0
2632056000,2026-07-31,부산광역시,북구,덕천제2동,6371,3750,1612,647,276,61,19,5,1,0,0
2632056100,2026-07-31,부산광역시,북구,덕천제3동,5246,2841,1383,603,335,64,16,4,0,0,0
2632057100,2026-07-31,부산광역시,북구,만덕제1동,6971,2085,2307,1521,871,153,25,7,2,0,0
2632057200,2026-07-31,부산광역시,북구,만덕제2동,10996,3262,3541,2314,1525,306,37,7,4,0,0
2632057300,2026-07-31,부산광역시,북구,만덕제3동,7262,1979,2550,1616,885,177,42,10,3,0,0
2635051000,2026-07-31,부산광역시,해운대구,우제1동,11527,4944,2995,2040,1215,261,52,10,5,2,3
2635052000,2026-07-31,부산광역시,해운대구,우제2동,11963,2999,3490,2940,2061,369,78,20,3,1,2
2635052500,2026-07-31,부산광역시,해운대구,우제3동,11047,2589,3267,2681,1949,426,89,32,8,5,1
2635053000,2026-07-31,부산광역시,해운대구,중제1동,12606,4877,3271,2434,1642,297,67,11,4,2,1
2635054000,2026-07-31,부산광역시,해운대구,중제2동,7417,3187,1948,1288,762,174,39,15,3,1,0
2635055100,2026-07-31,부산광역시,해운대구,좌제1동,7803,3090,1895,1519,1069,187,39,3,1,0,0
2635055200,2026-07-31,부산광역시,해운대구,좌제2동,14265,5789,3925,2548,1615,293,76,17,1,0,1
2635055300,2026-07-31,부산광역시,해운대구,좌제3동,6372,1858,2030,1380,846,191,49,14,4,0,0
2635055400,2026-07-31,부산광역시,해운대구,좌제4동,8580,2066,2498,2116,1529,298,50,21,2,0,0
2635056000,2026-07-31,부산광역시,해운대구,송정동,4959,2411,1601,580,261,79,22,3,1,0,1
2635057000,2026-07-31,부산광역시,해운대구,반여제1동,13935,3414,4082,3387,2483,460,86,18,4,0,1
2635058000,2026-07-31,부산광역시,해운대구,반여제2동,6287,3514,1632,729,332,59,19,2,0,0,0
2635059000,2026-07-31,부산광역시,해운대구,반여제3동,4182,2343,1171,464,159,35,7,1,0,0,2
2635059500,2026-07-31,부산광역시,해운대구,반여제4동,5707,1217,1961,1347,965,184,32,0,0,0,1
2635061000,2026-07-31,부산광역시,해운대구,반송제1동,6995,4245,1766,646,264,55,15,4,0,0,0
2635062000,2026-07-31,부산광역시,해운대구,반송제2동,11154,5888,3114,1333,619,163,30,4,1,0,2
2635065000,2026-07-31,부산광역시,해운대구,재송제1동,14593,4244,3561,3345,2884,455,76,18,7,3,0
2635066000,2026-07-31,부산광역시,해운대구,재송제2동,10728,4561,3265,1736,922,198,35,9,0,1,1
2638051000,2026-07-31,부산광역시,사하구,괴정제1동,7904,3171,2458,1309,735,182,36,7,2,2,2
2638052000,2026-07-31,부산광역시,사하구,괴정제2동,6813,2660,2031,1190,758,140,27,4,0,2,1
2638053000,2026-07-31,부산광역시,사하구,괴정제3동,6235,3252,1722,759,397,83,13,7,1,1,0
2638054000,2026-07-31,부산광역시,사하구,괴정제4동,4996,1583,1371,1058,819,139,22,3,1,0,0
2638055000,2026-07-31,부산광역시,사하구,당리동,10815,3981,3406,1946,1165,259,42,12,2,1,1
2638056100,2026-07-31,부산광역시,사하구,하단제1동,11025,5674,2695,1493,926,181,42,9,2,1,2
2638056200,2026-07-31,부산광역시,사하구,하단제2동,14356,8158,3136,1789,1022,209,32,6,4,0,0
2638057100,2026-07-31,부산광역시,사하구,신평제1동,7630,3587,2106,1137,604,170,25,1,0,0,0
2638057200,2026-07-31,부산광역시,사하구,신평제2동,7512,2569,2296,1513,906,183,36,7,2,0,0
2638058000,2026-07-31,부산광역시,사하구,장림제1동,6229,2422,1648,1208,794,135,20,2,0,0,0
2638059000,2026-07-31,부산광역시,사하구,장림제2동,11567,4441,3455,2147,1218,255,39,7,2,1,2
2638060100,2026-07-31,부산광역시,사하구,다대제1동,16436,6713,4588,2785,1868,394,67,16,4,1,0
2638060200,2026-07-31,부산광역시,사하구,다대제2동,11839,4963,3323,2013,1178,277,65,12,5,3,0
2638061000,2026-07-31,부산광역시,사하구,구평동,5148,1459,1571,1219,726,142,27,4,0,0,0
2638062000,2026-07-31,부산광역시,사하구,감천제1동,7630,2978,2483,1279,672,183,24,7,1,2,1
2638063000,2026-07-31,부산광역시,사하구,감천제2동,2964,1794,771,261,105,24,7,1,1,0,0
2641051000,2026-07-31,부산광역시,금정구,서제1동,2495,1576,604,207,84,17,4,3,0,0,0
2641052000,2026-07-31,부산광역시,금정구,서제2동,4269,2263,1193,512,222,66,9,3,1,0,0
2641053000,2026-07-31,부산광역시,금정구,서제3동,5460,2874,1561,677,273,58,12,3,1,0,1
2641055500,2026-07-31,부산광역시,금정구,금사회동동,3839,2068,1132,413,165,53,7,1,0,0,0
2641057000,2026-07-31,부산광역시,금정구,부곡제1동,4050,2287,1083,435,181,49,12,3,0,0,0
2641058000,2026-07-31,부산광역시,금정구,부곡제2동,7853,3150,2207,1392,889,181,23,7,2,2,0
2641059000,2026-07-31,부산광역시,금정구,부곡제3동,6794,2751,1868,1228,729,173,35,8,1,0,1
2641059100,2026-07-31,부산광역시,금정구,부곡제4동,5736,2623,1704,868,432,95,13,1,0,0,0
2641060000,2026-07-31,부산광역시,금정구,장전제1동,12025,8623,1639,990,614,131,25,3,0,0,0
2641061000,2026-07-31,부산광역시,금정구,장전제2동,11996,4930,2855,2128,1691,313,62,8,2,0,7
2641063500,2026-07-31,부산광역시,금정구,선두구동,1108,602,300,135,41,24,4,2,0,0,0
2641066500,2026-07-31,부산광역시,금정구,청룡노포동,4308,1741,1398,677,339,106,31,9,0,4,3
2641067000,2026-07-31,부산광역시,금정구,남산동,13820,6990,3711,1873,953,223,47,18,4,1,0
2641068000,2026-07-31,부산광역시,금정구,구서제1동,8008,2582,2407,1643,1055,260,45,11,3,1,1
2641069000,2026-07-31,부산광역시,금정구,구서제2동,13145,4176,4014,2678,1781,404,68,18,5,0,1
2641070000,2026-07-31,부산광역시,금정구,금성동,438,207,122,56,39,8,4,1,1,0,0
2644051000,2026-07-31,부산광역시,강서구,대저1동,3189,1874,829,317,108,43,13,1,1,0,3
2644052000,2026-07-31,부산광역시,강서구,대저2동,3224,1681,878,378,203,61,18,5,0,0,0
2644053000,2026-07-31,부산광역시,강서구,강동동,8130,2042,1779,2080,1782,396,40,11,0,0,0
2644053500,2026-07-31,부산광역시,강서구,명지1동,21850,6396,4894,5133,4514,794,94,19,5,1,0
2644054500,2026-07-31,부산광역시,강서구,명지2동,10521,2204,2250,2512,2772,640,108,28,5,1,1
2644055000,2026-07-31,부산광역시,강서구,가락동,1227,738,320,113,42,11,2,1,0,0,0
2644056000,2026-07-31,부산광역시,강서구,녹산동,9416,5169,2108,1163,778,169,23,5,0,1,0
2644058000,2026-07-31,부산광역시,강서구,가덕도동,2540,1536,700,201,77,18,7,0,0,0,1
2644059000,2026-07-31,부산광역시,강서구,신호동,6790,2666,1721,1181,907,249,54,9,2,1,0
2647061000,2026-07-31,부산광역시,연제구,거제제1동,11402,3254,3130,2618,1934,381,60,18,5,1,1
2647062000,2026-07-31,부산광역시,연제구,거제제2동,9092,1736,2212,2369,2272,425,60,12,6,0,0
2647063000,2026-07-31,부산광역시,연제구,거제제3동,4556,2045,1371,658,375,85,18,2,1,1,0
2647064000,2026-07-31,부산광역시,연제구,거제제4동,4014,1236,1295,802,530,119,24,6,0,1,1
2647065000,2026-07-31,부산광역시,연제구,연산제1동,6913,2331,2110,1410,861,165,27,7,2,0,0
2647066000,2026-07-31,부산광역시,연제구,연산제2동,11476,5107,2994,2016,1118,201,34,3,2,1,0
2647067000,2026-07-31,부산광역시,연제구,연산제3동,4919,2059,1397,873,505,69,13,3,0,0,0
2647068000,2026-07-31,부산광역시,연제구,연산제4동,9668,5189,2400,1201,681,153,31,12,1,0,0
2647069000,2026-07-31,부산광역시,연제구,연산제5동,11299,7657,2177,951,440,61,11,1,0,1,0
2647070000,2026-07-31,부산광역시,연제구,연산제6동,7802,3618,2234,1130,667,124,22,7,0,0,0
2647072000,2026-07-31,부산광역시,연제구,연산제8동,5854,2227,1587,1114,759,136,27,4,0,0,0
2647073000,2026-07-31,부산광역시,연제구,연산제9동,14078,4640,4502,2873,1679,306,54,17,3,2,2
2650066000,2026-07-31,부산광역시,수영구,남천제1동,7607,3061,2005,1314,935,228,42,15,2,3,2
2650067000,2026-07-31,부산광역시,수영구,남천제2동,5671,1655,1791,1198,787,183,40,12,1,4,0
2650073000,2026-07-31,부산광역시,수영구,수영동,7690,4182,2068,910,391,102,25,7,3,2,0
2650074000,2026-07-31,부산광역시,수영구,망미제1동,11978,4707,3676,2094,1153,274,58,12,3,0,1
2650075000,2026-07-31,부산광역시,수영구,망미제2동,4740,1972,1484,759,435,68,19,3,0,0,0
2650076000,2026-07-31,부산광역시,수영구,광안제1동,14619,8944,3120,1480,834,187,41,9,2,0,2
2650077000,2026-07-31,부산광역시,수영구,광안제2동,9877,5372,2376,1229,688,169,33,6,4,0,0
2650078000,2026-07-31,부산광역시,수영구,광안제3동,6007,4119,1202,430,203,41,8,3,1,0,0
2650079000,2026-07-31,부산광역시,수영구,광안제4동,6801,2984,1822,1116,700,142,29,5,1,1,1
2650080000,2026-07-31,부산광역시,수영구,민락동,13214,5633,3659,2237,1313,280,67,20,1,3,1
2653058000,2026-07-31,부산광역시,사상구,삼락동,2775,1582,693,313,142,36,8,1,0,0,0
2653059100,2026-07-31,부산광역시,사상구,모라제1동,12090,4761,3694,2112,1174,279,53,11,6,0,0
2653059300,2026-07-31,부산광역시,사상구,모라제3동,6011,4182,1356,328,122,21,2,0,0,0,0
2653060000,2026-07-31,부산광역시,사상구,덕포제1동,5526,2277,1516,978,618,112,21,3,1,0,0
2653061000,2026-07-31,부산광역시,사상구,덕포제2동,5559,2211,1672,966,562,116,23,8,0,1,0
2653062000,2026-07-31,부산광역시,사상구,괘법동,14944,9341,3126,1577,703,158,30,7,2,0,0
2653064500,2026-07-31,부산광역시,사상구,감전동,6626,3712,1779,737,324,55,15,3,0,0,1
2653065000,2026-07-31,부산광역시,사상구,주례제1동,7055,2286,2121,1466,974,173,27,6,0,1,1
2653066000,2026-07-31,부산광역시,사상구,주례제2동,11206,5922,2671,1488,896,183,33,10,2,1,0
2653066100,2026-07-31,부산광역시,사상구,주례제3동,5476,2113,1654,994,557,122,28,5,2,0,1
2653067000,2026-07-31,부산광역시,사상구,학장동,11862,4507,3624,2124,1265,292,40,8,1,0,1
2653068000,2026-07-31,부산광역시,사상구,엄궁동,9504,2459,3011,2162,1473,327,65,7,0,0,0
2671025000,2026-07-31,부산광역시,기장군,기장읍,26317,12299,7276,3914,2182,512,96,30,5,2,1
2671025300,2026-07-31,부산광역시,기장군,장안읍,4863,2787,1195,510,282,67,12,4,0,0,6
2671025600,2026-07-31,부산광역시,기장군,정관읍,31711,9999,7572,6462,6018,1378,219,43,14,4,2
2671025900,2026-07-31,부산광역시,기장군,일광읍,14165,5036,3767,2784,2057,429,69,14,6,1,2
2671033000,2026-07-31,부산광역시,기장군,철마면,3753,1705,1213,508,235,74,14,4,0,0,0
2711051700,2026-07-31,대구광역시,중구,동인동,6299,3616,1336,802,448,74,20,3,0,0,0
2711054500,2026-07-31,대구광역시,중구,삼덕동,4594,3031,727,472,285,63,10,5,0,1,0
2711056500,2026-07-31,대구광역시,중구,성내1동,4000,3057,546,245,122,26,3,1,0,0,0
2711057500,2026-07-31,대구광역시,중구,성내2동,5291,3126,989,650,441,70,12,1,2,0,0
2711058500,2026-07-31,대구광역시,중구,성내3동,5801,1851,1395,1425,949,158,20,3,0,0,0
2711059500,2026-07-31,대구광역시,중구,대신동,3271,1074,1036,660,408,72,17,3,1,0,0
2711064000,2026-07-31,대구광역시,중구,남산1동,2789,1544,570,383,239,49,2,1,0,1,0
2711065000,2026-07-31,대구광역시,중구,남산2동,3465,1431,807,679,443,93,9,3,0,0,0
2711066000,2026-07-31,대구광역시,중구,남산3동,2687,1144,739,449,282,56,13,2,0,0,2
2711067000,2026-07-31,대구광역시,중구,남산4동,6908,2086,2165,1472,962,184,33,4,2,0,0
2711068000,2026-07-31,대구광역시,중구,대봉1동,3521,1383,902,643,455,109,22,4,2,1,0
2711069000,2026-07-31,대구광역시,중구,대봉2동,2597,799,775,596,359,54,11,1,1,1,0
2714051000,2026-07-31,대구광역시,동구,신암1동,5347,2340,1400,920,573,97,15,2,0,0,0
2714052000,2026-07-31,대구광역시,동구,신암2동,5198,1829,1495,1016,732,109,13,4,0,0,0
2714053000,2026-07-31,대구광역시,동구,신암3동,5002,1650,1461,1117,654,110,9,1,0,0,0
2714054000,2026-07-31,대구광역시,동구,신암4동,9632,4596,2532,1552,763,160,22,4,2,0,1
2714054100,2026-07-31,대구광역시,동구,신암5동,3788,1682,1141,594,304,55,8,2,2,0,0
2714055500,2026-07-31,대구광역시,동구,신천1.2동,5770,2595,1806,826,440,76,23,2,1,1,0
2714057000,2026-07-31,대구광역시,동구,신천3동,6675,2299,1929,1367,864,180,33,2,0,1,0
2714058000,2026-07-31,대구광역시,동구,신천4동,7245,3971,1631,995,543,85,18,2,0,0,0
2714059000,2026-07-31,대구광역시,동구,효목1동,6429,3355,1793,759,397,91,27,7,0,0,0
2714060000,2026-07-31,대구광역시,동구,효목2동,7159,3128,2056,1181,636,130,26,2,0,0,0
2714061500,2026-07-31,대구광역시,동구,도평동,1990,1151,490,202,110,29,7,1,0,0,0
2714062000,2026-07-31,대구광역시,동구,불로.봉무동,8574,2999,2349,1617,1307,249,32,11,5,4,1
2714064000,2026-07-31,대구광역시,동구,지저동,6486,2929,2021,939,477,97,20,2,1,0,0
2714065500,2026-07-31,대구광역시,동구,동촌동,7472,3757,2035,999,497,145,28,6,2,0,3
2714067000,2026-07-31,대구광역시,동구,방촌동,8095,3085,2652,1400,738,172,39,6,2,0,1
2714068500,2026-07-31,대구광역시,동구,해안동,6719,3073,1971,1011,501,134,19,7,1,1,1
2714072000,2026-07-31,대구광역시,동구,안심1동,19226,9180,5040,2722,1789,414,68,10,2,0,1
2714073000,2026-07-31,대구광역시,동구,안심2동,7818,2696,2419,1589,906,176,27,5,0,0,0
2714074200,2026-07-31,대구광역시,동구,안심3동,8571,2817,2298,1732,1421,257,38,4,0,1,3
2714074700,2026-07-31,대구광역시,동구,안심4동,11804,4322,3226,2169,1636,350,79,16,3,1,2
2714075500,2026-07-31,대구광역시,동구,혁신동,8199,4006,1642,1273,1038,203,34,3,0,0,0
2714076000,2026-07-31,대구광역시,동구,공산동,9577,3939,2991,1526,838,211,45,20,2,1,4
2717051000,2026-07-31,대구광역시,서구,내당1동,6872,2577,1976,1338,803,142,34,2,0,0,0
2717052500,2026-07-31,대구광역시,서구,내당2.3동,4565,2375,1283,566,273,50,16,2,0,0,0
2717054000,2026-07-31,대구광역시,서구,내당4동,7656,3798,2127,1035,557,104,31,4,0,0,0
2717055000,2026-07-31,대구광역시,서구,비산1동,4413,2359,1186,560,231,63,12,1,0,1,0
2717056500,2026-07-31,대구광역시,서구,비산2.3동,4544,2594,1242,443,204,45,11,4,1,0,0
2717058000,2026-07-31,대구광역시,서구,비산4동,4335,2037,1269,639,313,66,8,3,0,0,0
2717059000,2026-07-31,대구광역시,서구,비산5동,2939,1759,720,325,107,26,2,0,0,0,0
2717060000,2026-07-31,대구광역시,서구,비산6동,3489,1764,978,464,221,51,9,2,0,0,0
2717061000,2026-07-31,대구광역시,서구,비산7동,5384,2998,1366,648,290,71,8,2,0,1,0
2717062000,2026-07-31,대구광역시,서구,평리1동,3497,1831,1000,431,187,36,10,2,0,0,0
2717063000,2026-07-31,대구광역시,서구,평리2동,3363,1424,980,540,311,83,20,3,2,0,0
2717064000,2026-07-31,대구광역시,서구,평리3동,6164,2737,1767,967,567,107,18,1,0,0,0
2717065000,2026-07-31,대구광역시,서구,평리4동,7889,3815,2079,1141,672,155,23,4,0,0,0
2717066000,2026-07-31,대구광역시,서구,평리5동,4351,1178,1187,1126,722,119,15,4,0,0,0
2717066100,2026-07-31,대구광역시,서구,평리6동,2707,1175,764,482,229,48,5,1,1,0,2
2717067500,2026-07-31,대구광역시,서구,상중이동,8236,3469,2352,1364,815,179,43,12,1,0,1
2717069500,2026-07-31,대구광역시,서구,원대동,5274,2483,1469,842,399,67,13,1,0,0,0
2720051500,2026-07-31,대구광역시,남구,이천동,6871,2804,1922,1223,752,137,27,4,1,0,1
2720053000,2026-07-31,대구광역시,남구,봉덕1동,4697,2846,1090,473,221,55,9,2,1,0,0
2720054000,2026-07-31,대구광역시,남구,봉덕2동,5860,2051,1770,1156,713,129,30,8,1,1,1
2720055000,2026-07-31,대구광역시,남구,봉덕3동,7564,3789,2099,952,546,144,24,5,1,2,2
2720056000,2026-07-31,대구광역시,남구,대명1동,5237,2832,1360,627,313,81,17,6,1,0,0
2720057100,2026-07-31,대구광역시,남구,대명2동,8787,5060,1925,1052,604,131,13,2,0,0,0
2720058600,2026-07-31,대구광역시,남구,대명3동,7378,4346,1817,768,368,67,10,1,1,0,0
2720059000,2026-07-31,대구광역시,남구,대명4동,5387,3128,1330,591,269,57,7,3,1,0,1
2720060000,2026-07-31,대구광역시,남구,대명5동,4734,2405,1128,694,411,76,14,4,1,1,0
2720061000,2026-07-31,대구광역시,남구,대명6동,5705,3030,1420,751,393,88,20,3,0,0,0
2720064000,2026-07-31,대구광역시,남구,대명9동,7800,4684,1804,777,405,104,18,4,1,0,3
2720065000,2026-07-31,대구광역시,남구,대명10동,4748,2808,1186,476,212,52,12,0,1,1,0
2720066000,2026-07-31,대구광역시,남구,대명11동,4323,2497,1139,439,195,44,5,2,2,0,0
2723051000,2026-07-31,대구광역시,북구,고성동,6130,1864,1538,1472,1056,181,16,2,1,0,0
2723052600,2026-07-31,대구광역시,북구,칠성동,11030,4445,2764,2016,1463,283,48,7,4,0,0
2723055000,2026-07-31,대구광역시,북구,침산1동,1890,923,579,239,114,26,6,3,0,0,0
2723056000,2026-07-31,대구광역시,북구,침산2동,7197,1952,1897,1653,1385,275,30,5,0,0,0
2723057000,2026-07-31,대구광역시,북구,침산3동,7366,2023,2223,1633,1176,249,49,11,2,0,0
2723061000,2026-07-31,대구광역시,북구,산격1동,4623,2825,1159,402,185,36,13,2,0,1,0
2723062000,2026-07-31,대구광역시,북구,산격2동,4522,1793,1392,758,444,110,18,4,1,0,2
2723063000,2026-07-31,대구광역시,북구,산격3동,6073,4589,908,382,147,35,8,4,0,0,0
2723063100,2026-07-31,대구광역시,북구,산격4동,4067,2276,1085,404,224,62,15,1,0,0,0
2723064500,2026-07-31,대구광역시,북구,대현동,8849,4958,2007,1097,619,135,28,4,1,0,0
2723067100,2026-07-31,대구광역시,북구,복현1동,5304,4161,678,301,124,28,9,3,0,0,0
2723067200,2026-07-31,대구광역시,북구,복현2동,12765,4556,3365,2588,1819,359,63,11,2,0,2
2723068000,2026-07-31,대구광역시,북구,검단동,3024,1514,914,379,166,41,7,1,1,1,0
2723069500,2026-07-31,대구광역시,북구,무태조야동,14801,5523,3948,2825,2009,426,53,15,2,0,0
2723071500,2026-07-31,대구광역시,북구,관문동,13926,4726,3791,2773,2121,439,61,11,1,0,3
2723072500,2026-07-31,대구광역시,북구,태전1동,11130,5466,2841,1674,904,196,38,9,1,1,0
2723073500,2026-07-31,대구광역시,북구,태전2동,10423,4088,3160,1820,1087,226,35,3,3,1,0
2723074500,2026-07-31,대구광역시,북구,구암동,13024,4126,3634,2774,2016,416,42,11,4,1,0
2723075000,2026-07-31,대구광역시,북구,관음동,6911,3010,2001,1119,614,143,19,5,0,0,0
2723077000,2026-07-31,대구광역시,북구,읍내동,11655,4647,3190,2115,1365,294,35,8,1,0,0
2723078000,2026-07-31,대구광역시,북구,동천동,10334,3080,2770,2311,1846,283,32,8,3,0,1
2723079000,2026-07-31,대구광역시,북구,노원동,5682,2570,1625,923,476,71,13,4,0,0,0
2723080000,2026-07-31,대구광역시,북구,국우동,13623,5641,3207,2484,1913,332,34,8,3,1,0
2726051000,2026-07-31,대구광역시,수성구,범어1동,8695,2122,2019,2188,1952,354,46,11,3,0,0
2726052000,2026-07-31,대구광역시,수성구,범어2동,7141,3019,1587,1295,1014,186,28,10,0,1,1
2726053000,2026-07-31,대구광역시,수성구,범어3동,6674,1746,1503,1754,1410,214,39,7,0,1,0
2726054000,2026-07-31,대구광역시,수성구,범어4동,6404,1168,1244,1683,1897,351,50,7,2,0,2
2726055000,2026-07-31,대구광역시,수성구,만촌1동,8576,2556,2601,1734,1287,336,51,8,3,0,0
2726056000,2026-07-31,대구광역시,수성구,만촌2동,5808,2202,1373,1098,896,209,25,3,1,0,1
2726056100,2026-07-31,대구광역시,수성구,만촌3동,7505,1534,1649,2015,1945,314,42,4,2,0,0
2726057000,2026-07-31,대구광역시,수성구,수성1가동,7263,2296,2043,1454,1184,236,40,10,0,0,0
2726058000,2026-07-31,대구광역시,수성구,수성2.3가동,4174,1330,994,818,796,197,31,7,0,1,0
2726059000,2026-07-31,대구광역시,수성구,수성4가동,5635,1788,1765,1196,710,128,34,10,3,0,1
2726060100,2026-07-31,대구광역시,수성구,황금1동,7822,1741,1927,1911,1815,356,56,14,1,0,1
2726060200,2026-07-31,대구광역시,수성구,황금2동,6064,2949,1431,966,573,112,26,5,1,0,1
2726061000,2026-07-31,대구광역시,수성구,중동,7090,3164,1731,1217,815,129,26,5,2,0,1
2726062000,2026-07-31,대구광역시,수성구,상동,7338,3562,1990,1017,561,165,30,10,1,2,0
2726063000,2026-07-31,대구광역시,수성구,파동,7981,2756,2590,1590,861,151,25,6,0,1,1
2726064000,2026-07-31,대구광역시,수성구,두산동,7616,3737,1703,1249,746,147,28,3,2,0,1
2726065100,2026-07-31,대구광역시,수성구,지산1동,10014,4927,2776,1385,708,177,32,4,2,2,1
2726065200,2026-07-31,대구광역시,수성구,지산2동,8509,3111,2629,1602,923,201,32,6,4,0,1
2726066100,2026-07-31,대구광역시,수성구,범물1동,5680,3196,1474,626,307,63,9,5,0,0,0
2726066200,2026-07-31,대구광역시,수성구,범물2동,6544,1807,2028,1502,958,186,50,9,4,0,0
2726067000,2026-07-31,대구광역시,수성구,고산1동,12366,3037,3459,2987,2373,429,63,14,1,1,2
2726068000,2026-07-31,대구광역시,수성구,고산2동,10732,3114,3075,2378,1769,337,44,11,3,1,0
2726069000,2026-07-31,대구광역시,수성구,고산3동,12352,3592,3623,2755,1988,326,49,12,3,1,3
2729051500,2026-07-31,대구광역시,달서구,성당동,10060,4529,2790,1471,1022,194,41,11,1,1,0
2729053500,2026-07-31,대구광역시,달서구,두류1.2동,9115,5162,2194,1102,498,136,18,4,1,0,0
2729055000,2026-07-31,대구광역시,달서구,두류3동,4656,2191,1348,650,380,66,16,3,1,0,1
2729055500,2026-07-31,대구광역시,달서구,감삼동,13793,4791,3730,2757,2072,364,62,13,4,0,0
2729056300,2026-07-31,대구광역시,달서구,죽전동,7706,3830,2015,1138,583,110,23,6,1,0,0
2729056800,2026-07-31,대구광역시,달서구,장기동,7078,2584,2026,1409,858,166,29,3,1,1,1
2729057100,2026-07-31,대구광역시,달서구,용산1동,12544,4374,3601,2499,1707,291,60,5,6,1,0
2729057200,2026-07-31,대구광역시,달서구,용산2동,11186,3756,3445,2307,1421,219,30,6,2,0,0
2729057600,2026-07-31,대구광역시,달서구,이곡1동,8934,3091,2572,1919,1133,185,27,4,3,0,0
2729057700,2026-07-31,대구광역시,달서구,이곡2동,6891,2700,2181,1214,662,106,26,1,0,1,0
2729058500,2026-07-31,대구광역시,달서구,신당동,17322,11188,3179,1749,987,180,33,5,1,0,0
2729059000,2026-07-31,대구광역시,달서구,본리동,9869,2996,2833,2209,1509,274,38,10,0,0,0
2729060100,2026-07-31,대구광역시,달서구,월성1동,13352,1742,2879,3916,4015,701,88,9,1,0,1
2729060200,2026-07-31,대구광역시,달서구,월성2동,7898,4512,1984,829,438,109,19,3,0,4,0
2729061500,2026-07-31,대구광역시,달서구,진천동,21613,7060,6309,4411,3058,638,103,26,3,2,3
2729061700,2026-07-31,대구광역시,달서구,유천동,11048,1314,2322,3371,3477,506,51,7,0,0,0
2729062400,2026-07-31,대구광역시,달서구,상인1동,12803,2957,3992,3098,2223,448,57,20,3,4,1
2729062500,2026-07-31,대구광역시,달서구,상인2동,8748,4119,2438,1269,725,156,32,9,0,0,0
2729062600,2026-07-31,대구광역시,달서구,상인3동,5946,3566,1580,542,209,42,4,1,2,0,0
2729062800,2026-07-31,대구광역시,달서구,도원동,13666,4079,4636,2766,1797,324,50,12,2,0,0
2729063000,2026-07-31,대구광역시,달서구,송현1동,9330,5285,2345,1055,481,131,26,4,3,0,0
2729064000,2026-07-31,대구광역시,달서구,송현2동,9607,4806,2634,1322,678,139,26,1,1,0,0
2729065000,2026-07-31,대구광역시,달서구,본동,6932,3336,1845,1049,555,130,15,1,1,0,0
2771025000,2026-07-31,대구광역시,달성군,화원읍,20346,6856,6401,3903,2541,519,99,18,3,2,4
2771025300,2026-07-31,대구광역시,달성군,논공읍,2296,1138,708,275,129,35,8,2,1,0,0
2771025400,2026-07-31,대구광역시,달성군,논공읍공단출장소,5868,3057,1494,785,411,108,11,2,0,0,0
2771025600,2026-07-31,대구광역시,달성군,다사읍,21009,5861,5690,4742,3821,750,123,15,2,3,2
2771025700,2026-07-31,대구광역시,달성군,다사읍서재출장소,15273,4398,3803,3540,2933,519,62,13,4,0,1
2771025900,2026-07-31,대구광역시,달성군,유가읍,12466,3627,2816,2806,2604,543,63,6,1,0,0
2771026200,2026-07-31,대구광역시,달성군,옥포읍,10555,4138,3135,1788,1166,276,43,8,1,0,0
2771026500,2026-07-31,대구광역시,달성군,현풍읍,11659,6639,2329,1503,922,219,44,2,0,0,1
2771031000,2026-07-31,대구광역시,달성군,가창면,3519,1606,1162,417,230,77,14,5,2,0,6
2771033000,2026-07-31,대구광역시,달성군,하빈면,1882,1064,537,193,63,17,7,0,1,0,0
2771038000,2026-07-31,대구광역시,달성군,구지면,9060,3886,2239,1603,1039,253,30,8,1,1,0
2772025000,2026-07-31,대구광역시,군위군,군위읍,4301,2127,1296,500,259,91,21,4,2,0,1
2772031000,2026-07-31,대구광역시,군위군,소보면,1424,831,448,104,27,10,4,0,0,0,0
2772032000,2026-07-31,대구광역시,군위군,효령면,2171,1152,729,176,77,29,8,0,0,0,0
2772033000,2026-07-31,대구광역시,군위군,부계면,1302,737,420,112,23,5,2,1,0,0,2
2772034000,2026-07-31,대구광역시,군위군,우보면,1259,741,402,88,18,6,2,2,0,0,0
2772035000,2026-07-31,대구광역시,군위군,의흥면,1396,767,483,113,22,9,2,0,0,0,0
2772036000,2026-07-31,대구광역시,군위군,산성면,778,452,259,47,14,4,1,0,1,0,0
2772037000,2026-07-31,대구광역시,군위군,삼국유사면,884,526,292,50,11,4,1,0,0,0,0
2812551000,2026-07-31,인천광역시,제물포구,신포동,2470,1391,548,299,157,57,15,1,1,1,0
2812552000,2026-07-31,인천광역시,제물포구,연안동,2828,1565,735,299,163,57,6,2,0,1,0
2812553000,2026-07-31,인천광역시,제물포구,신흥동,7056,3134,1917,1148,662,158,31,4,1,1,0
2812554000,2026-07-31,인천광역시,제물포구,도원동,1961,1086,536,207,92,29,8,3,0,0,0
2812555000,2026-07-31,인천광역시,제물포구,율목동,1892,1154,468,175,68,23,3,1,0,0,0
2812556000,2026-07-31,인천광역시,제물포구,동인천동,3274,2107,692,288,139,39,6,3,0,0,0
2812557000,2026-07-31,인천광역시,제물포구,개항동,3815,2173,982,415,196,39,8,1,1,0,0
2812558000,2026-07-31,인천광역시,제물포구,만석동,3046,1351,885,435,298,56,16,4,1,0,0
2812559000,2026-07-31,인천광역시,제물포구,화수1.화평동,2653,1233,770,386,205,47,10,1,0,0,1
2812560000,2026-07-31,인천광역시,제물포구,화수2동,3551,1770,1002,457,248,64,9,1,0,0,0
2812561000,2026-07-31,인천광역시,제물포구,송현1.2동,4276,1536,1272,808,527,100,28,4,1,0,0
2812562000,2026-07-31,인천광역시,제물포구,송현3동,1512,844,410,171,70,15,2,0,0,0,0
2812563000,2026-07-31,인천광역시,제물포구,송림1동,2830,832,863,661,346,105,16,6,0,0,1
2812564000,2026-07-31,인천광역시,제물포구,송림2동,731,477,157,57,29,9,1,1,0,0,0
2812565000,2026-07-31,인천광역시,제물포구,송림3.5동,2311,860,654,431,277,74,11,3,0,0,1
2812566000,2026-07-31,인천광역시,제물포구,송림4동,2491,707,745,589,359,78,9,4,0,0,0
2812567000,2026-07-31,인천광역시,제물포구,송림6동,3515,1311,979,669,419,109,24,3,0,1,0
2812568000,2026-07-31,인천광역시,제물포구,금창동,1219,678,324,134,61,15,6,0,1,0,0
2815551000,2026-07-31,인천광역시,영종구,영종동,15689,7474,3806,2372,1591,345,77,13,7,2,2
2815552000,2026-07-31,인천광역시,영종구,영종1동,14640,4443,3481,3308,2718,575,92,16,4,3,0
2815553000,2026-07-31,인천광역시,영종구,영종2동,10889,3155,2373,2549,2199,499,82,19,9,4,0
2815554000,2026-07-31,인천광역시,영종구,운서1동,8691,4415,1621,1198,1090,289,52,21,4,0,1
2815555000,2026-07-31,인천광역시,영종구,운서2동,15200,10946,2109,1165,762,167,42,7,0,1,1
2815556000,2026-07-31,인천광역시,영종구,용유동,2222,1442,554,151,53,18,3,1,0,0,0
2817751000,2026-07-31,인천광역시,미추홀구,숭의2동,6756,3006,1887,1079,586,142,50,5,0,1,0
2817752000,2026-07-31,인천광역시,미추홀구,숭의1.3동,8560,3557,2448,1466,868,180,31,6,2,2,0
2817753000,2026-07-31,인천광역시,미추홀구,숭의4동,8325,3599,2277,1366,836,201,38,7,1,0,0
2817754000,2026-07-31,인천광역시,미추홀구,용현1.4동,11697,8281,1995,902,401,86,23,7,1,0,1
2817755000,2026-07-31,인천광역시,미추홀구,용현2동,10377,4106,2510,2023,1390,289,48,7,3,1,0
2817756000,2026-07-31,인천광역시,미추홀구,용현3동,4103,2536,981,361,181,32,9,3,0,0,0
2817757000,2026-07-31,인천광역시,미추홀구,용현5동,19850,7583,4946,3740,2762,658,132,18,5,3,3
2817758000,2026-07-31,인천광역시,미추홀구,학익1동,17208,5364,4362,3698,2918,694,135,24,5,5,3
2817759000,2026-07-31,인천광역시,미추홀구,학익2동,8381,3369,2408,1455,891,204,45,8,0,0,1
2817760000,2026-07-31,인천광역시,미추홀구,도화1동,10285,4629,2834,1636,894,240,43,8,1,0,0
2817761000,2026-07-31,인천광역시,미추홀구,도화2.3동,13101,4906,3372,2657,1742,351,58,10,2,1,2
2817762000,2026-07-31,인천광역시,미추홀구,주안1동,12345,7810,2532,1205,637,129,22,8,1,0,1
2817763000,2026-07-31,인천광역시,미추홀구,주안2동,11395,4829,3271,1955,1085,188,52,12,2,1,0
2817764000,2026-07-31,인천광역시,미추홀구,주안3동,6203,2852,1713,936,565,109,24,4,0,0,0
2817765000,2026-07-31,인천광역시,미추홀구,주안4동,9578,4010,2601,1709,1017,189,49,3,0,0,0
2817766000,2026-07-31,인천광역시,미추홀구,주안5동,10005,4897,2611,1473,813,183,22,4,0,0,2
2817767000,2026-07-31,인천광역시,미추홀구,주안6동,10321,4615,2657,1645,1096,249,41,14,1,2,1
2817768000,2026-07-31,인천광역시,미추홀구,주안7동,6179,2778,1780,954,526,113,20,8,0,0,0
2817769000,2026-07-31,인천광역시,미추홀구,주안8동,8862,3555,2610,1502,928,221,37,7,1,1,0
2817770000,2026-07-31,인천광역시,미추홀구,관교동,6235,2258,1806,1141,760,207,48,10,2,2,1
2817771000,2026-07-31,인천광역시,미추홀구,문학동,7896,4588,1691,877,541,152,38,6,2,1,0
2818563000,2026-07-31,인천광역시,연수구,옥련1동,7943,3011,2202,1527,937,218,41,3,2,1,1
2818564000,2026-07-31,인천광역시,연수구,옥련2동,8146,2335,2302,1853,1287,299,55,12,1,0,2
2818575000,2026-07-31,인천광역시,연수구,선학동,8740,4021,2183,1446,854,186,37,10,2,0,1
2818576100,2026-07-31,인천광역시,연수구,연수1동,8620,4595,1896,1211,690,188,29,9,1,0,1
2818576200,2026-07-31,인천광역시,연수구,연수2동,9693,4630,2366,1476,942,232,40,5,1,0,1
2818576300,2026-07-31,인천광역시,연수구,연수3동,7072,3129,1870,1157,738,152,20,2,2,2,0
2818576600,2026-07-31,인천광역시,연수구,청학동,11870,6272,2892,1603,805,231,48,13,3,3,0
2818578000,2026-07-31,인천광역시,연수구,동춘1동,9626,1980,2763,2495,1879,421,63,13,5,1,6
2818579000,2026-07-31,인천광역시,연수구,동춘2동,6823,1820,2085,1600,1092,188,30,7,1,0,0
2818579500,2026-07-31,인천광역시,연수구,동춘3동,5745,646,1343,1666,1607,397,61,17,8,0,0
2818582000,2026-07-31,인천광역시,연수구,송도1동,14648,4919,2890,3100,2859,687,138,37,10,7,1
2818583000,2026-07-31,인천광역시,연수구,송도2동,12526,1866,2329,3631,3754,790,110,37,5,3,1
2818584000,2026-07-31,인천광역시,연수구,송도3동,20086,6160,4041,4903,4098,736,95,38,8,5,2
2818585000,2026-07-31,인천광역시,연수구,송도4동,20449,4098,4442,5762,5057,910,149,23,7,0,1
2818586000,2026-07-31,인천광역시,연수구,송도5동,17508,3427,4493,4942,3892,628,99,18,6,1,2
2820051000,2026-07-31,인천광역시,남동구,구월1동,13895,5559,3460,2544,1848,402,67,12,1,2,0
2820052000,2026-07-31,인천광역시,남동구,구월2동,13913,3107,3620,3592,2813,638,113,20,7,1,2
2820052100,2026-07-31,인천광역시,남동구,구월3동,17552,11396,3366,1636,891,197,49,12,4,1,0
2820052200,2026-07-31,인천광역시,남동구,구월4동,7457,4323,1834,761,421,88,25,3,2,0,0
2820053000,2026-07-31,인천광역시,남동구,간석1동,9500,4406,2581,1492,790,188,34,7,2,0,0
2820054000,2026-07-31,인천광역시,남동구,간석2동,9292,3687,2297,1704,1213,301,68,19,3,0,0
2820055000,2026-07-31,인천광역시,남동구,간석3동,12559,5680,3441,2022,1092,253,53,12,3,1,2
2820055100,2026-07-31,인천광역시,남동구,간석4동,13762,6122,3627,2281,1339,322,53,13,3,2,0
2820056000,2026-07-31,인천광역시,남동구,만수1동,8740,4862,2232,1047,473,100,21,5,0,0,0
2820057000,2026-07-31,인천광역시,남동구,만수2동,9546,3129,2722,1942,1345,333,59,12,2,2,0
2820058000,2026-07-31,인천광역시,남동구,만수3동,7002,2496,1987,1340,916,205,47,8,1,0,2
2820058100,2026-07-31,인천광역시,남동구,만수4동,8727,3436,2658,1537,887,161,42,3,2,1,0
2820058200,2026-07-31,인천광역시,남동구,만수5동,7515,3698,2144,1012,490,135,30,5,1,0,0
2820058300,2026-07-31,인천광역시,남동구,만수6동,10154,4011,2817,1795,1185,267,61,15,2,0,1
2820065000,2026-07-31,인천광역시,남동구,장수서창동,7804,2549,2275,1460,1116,319,59,18,7,1,0
2820065500,2026-07-31,인천광역시,남동구,서창2동,15740,5373,3651,3111,2876,615,89,22,1,2,0
2820066000,2026-07-31,인천광역시,남동구,남촌도림동,8912,3558,2612,1559,894,231,48,10,0,0,0
2820069000,2026-07-31,인천광역시,남동구,논현1동,14250,5719,3559,2450,1960,436,93,23,7,2,1
2820070000,2026-07-31,인천광역시,남동구,논현2동,15359,7105,3983,2255,1501,411,82,16,3,2,1
2820071000,2026-07-31,인천광역시,남동구,논현고잔동,15703,4608,3665,3451,3215,647,93,20,3,0,1
2823751000,2026-07-31,인천광역시,부평구,부평1동,17395,8008,4438,2822,1682,358,55,22,7,3,0
2823752000,2026-07-31,인천광역시,부평구,부평2동,8472,3782,2375,1376,760,138,28,3,7,1,2
2823753000,2026-07-31,인천광역시,부평구,부평3동,6943,3063,1847,1245,631,121,28,4,1,0,3
2823754000,2026-07-31,인천광역시,부평구,부평4동,17835,9205,4383,2495,1377,296,70,7,1,1,0
2823755000,2026-07-31,인천광역시,부평구,부평5동,16558,7558,4214,2710,1650,362,50,12,2,0,0
2823756000,2026-07-31,인천광역시,부평구,부평6동,9352,3912,2601,1633,997,179,25,3,0,0,2
2823757000,2026-07-31,인천광역시,부평구,산곡1동,6241,1997,1824,1419,816,146,31,6,0,2,0
2823758000,2026-07-31,인천광역시,부평구,산곡2동,10599,2047,2936,2690,2329,465,103,22,3,3,1
2823758100,2026-07-31,인천광역시,부평구,산곡3동,8525,2740,2532,1727,1143,295,65,17,4,0,2
2823758200,2026-07-31,인천광역시,부평구,산곡4동,6559,1758,1856,1537,1081,262,48,14,2,1,0
2823759100,2026-07-31,인천광역시,부평구,청천1동,9690,2846,2779,2292,1477,263,27,4,2,0,0
2823759200,2026-07-31,인천광역시,부평구,청천2동,14585,5042,4158,2911,1987,393,74,14,5,1,0
2823764100,2026-07-31,인천광역시,부평구,갈산1동,6666,2621,1957,1233,684,132,34,3,2,0,0
2823764200,2026-07-31,인천광역시,부평구,갈산2동,8077,3379,2130,1366,880,246,58,12,4,2,0
2823764600,2026-07-31,인천광역시,부평구,삼산1동,13947,4980,3810,2839,1900,350,53,13,2,0,0
2823764800,2026-07-31,인천광역시,부평구,삼산2동,10244,2327,2696,2482,2198,484,43,10,3,0,1
2823765000,2026-07-31,인천광역시,부평구,부개1동,7652,3602,2162,1095,630,122,31,6,3,0,1
2823766000,2026-07-31,인천광역시,부평구,부개2동,8340,2857,2373,1684,1113,256,44,12,1,0,0
2823766100,2026-07-31,인천광역시,부평구,부개3동,12014,4105,3349,2464,1707,326,44,14,4,0,1
2823767000,2026-07-31,인천광역시,부평구,일신동,4999,1754,1511,923,631,147,25,5,2,0,1
2823768000,2026-07-31,인천광역시,부평구,십정1동,10748,3746,3103,2336,1248,265,38,7,3,1,1
2823769000,2026-07-31,인천광역시,부평구,십정2동,11293,6019,2789,1436,814,184,37,11,3,0,0
2824560100,2026-07-31,인천광역시,계양구,효성1동,11551,4081,3349,2329,1408,326,41,14,2,1,0
2824560200,2026-07-31,인천광역시,계양구,효성2동,12642,3879,3864,2712,1721,369,78,17,2,0,0
2824561100,2026-07-31,인천광역시,계양구,계산1동,9838,5499,2313,1215,638,139,28,4,2,0,0
2824561200,2026-07-31,인천광역시,계양구,계산2동,7499,3887,1967,993,507,108,28,2,3,2,2
2824561300,2026-07-31,인천광역시,계양구,계산3동,8404,3581,2418,1443,777,154,25,4,2,0,0
2824561400,2026-07-31,인천광역시,계양구,계산4동,9473,3490,1997,1848,1747,333,45,11,2,0,0
2824562100,2026-07-31,인천광역시,계양구,작전1동,11174,3698,3151,2373,1566,316,55,11,4,0,0
2824562200,2026-07-31,인천광역시,계양구,작전2동,11063,4320,3160,2002,1297,234,38,8,2,0,2
2824564000,2026-07-31,인천광역시,계양구,작전서운동,13998,4907,3658,2897,2035,402,80,14,2,2,1
2824571000,2026-07-31,인천광역시,계양구,계양1동,8193,2802,2372,1679,1005,261,51,13,2,3,5
2824572000,2026-07-31,인천광역시,계양구,계양2동,15754,7562,4127,2408,1325,266,51,12,1,1,1
2824573000,2026-07-31,인천광역시,계양구,계양3동,9700,3053,2745,1967,1454,387,78,9,7,0,0
2827551500,2026-07-31,인천광역시,서해구,검암경서동,20238,8104,5240,3653,2507,608,102,16,4,3,1
2827553000,2026-07-31,인천광역시,서해구,연희동,18437,8660,4806,2810,1639,437,60,19,4,2,0
2827553600,2026-07-31,인천광역시,서해구,청라1동,12099,3597,2554,2800,2492,523,103,20,9,0,1
2827553700,2026-07-31,인천광역시,서해구,청라2동,18334,4999,3845,4205,4189,893,152,35,9,7,0
2827553900,2026-07-31,인천광역시,서해구,청라3동,14736,4759,2734,3252,3075,771,120,17,4,2,2
2827554200,2026-07-31,인천광역시,서해구,가정1동,18181,6023,4445,3923,3130,569,74,14,1,2,0
2827554300,2026-07-31,인천광역시,서해구,가정2동,7174,2175,1776,1752,1222,209,32,6,1,1,0
2827554400,2026-07-31,인천광역시,서해구,가정3동,4112,1792,1150,676,371,101,17,4,1,0,0
2827555000,2026-07-31,인천광역시,서해구,석남1동,10357,4986,2794,1512,818,205,36,2,2,1,1
2827556000,2026-07-31,인천광역시,서해구,석남2동,5780,2454,1713,930,542,114,21,6,0,0,0
2827556100,2026-07-31,인천광역시,서해구,석남3동,6578,3000,1889,1004,534,121,24,3,2,0,1
2827557500,2026-07-31,인천광역시,서해구,신현원창동,12430,4177,3396,2592,1754,410,75,15,6,3,2
2827558000,2026-07-31,인천광역시,서해구,가좌1동,6590,3205,1849,974,440,101,13,5,2,0,1
2827559000,2026-07-31,인천광역시,서해구,가좌2동,7496,2144,2246,1632,1138,270,41,22,2,1,0
2827560000,2026-07-31,인천광역시,서해구,가좌3동,7891,3754,2294,1139,574,108,18,2,0,1,1
2827561000,2026-07-31,인천광역시,서해구,가좌4동,5790,2250,1707,1063,627,124,16,2,1,0,0
2829051000,2026-07-31,인천광역시,검단구,검단동,15761,6961,3834,2582,1847,439,75,19,3,1,0
2829052000,2026-07-31,인천광역시,검단구,불로대곡동,18686,4573,4457,4664,3913,908,136,29,4,2,0
2829053000,2026-07-31,인천광역시,검단구,원당동,10331,3953,2413,1937,1588,355,69,11,1,2,2
2829054000,2026-07-31,인천광역시,검단구,당하동,18857,6422,4867,4003,2829,596,105,24,10,0,1
2829055000,2026-07-31,인천광역시,검단구,오류왕길동,10867,3552,2803,2272,1730,413,79,11,5,0,2
2829056000,2026-07-31,인천광역시,검단구,마전동,8212,2239,2004,1837,1592,436,76,19,7,2,0
2829057000,2026-07-31,인천광역시,검단구,아라1동,18087,4403,4178,4770,3926,687,93,26,2,2,0
2829058000,2026-07-31,인천광역시,검단구,아라2동,11481,2097,2422,3285,3008,564,90,11,4,0,0
2871025000,2026-07-31,인천광역시,강화군,강화읍,10633,4750,3006,1501,927,352,78,11,3,3,2
2871031000,2026-07-31,인천광역시,강화군,선원면,4815,1832,1538,751,501,144,39,6,3,0,1
2871032000,2026-07-31,인천광역시,강화군,불은면,2791,1375,954,274,111,56,16,2,3,0,0
2871033000,2026-07-31,인천광역시,강화군,길상면,3781,1738,1212,483,219,86,29,10,3,0,1
2871034000,2026-07-31,인천광역시,강화군,화도면,2508,1257,817,251,109,55,10,8,0,1,0
2871035000,2026-07-31,인천광역시,강화군,양도면,2239,1024,793,255,98,46,16,3,1,1,2
2871036000,2026-07-31,인천광역시,강화군,내가면,1622,780,568,170,69,22,9,3,0,1,0
2871037000,2026-07-31,인천광역시,강화군,하점면,2155,1043,714,235,100,36,16,7,1,1,2
2871038000,2026-07-31,인천광역시,강화군,양사면,1064,529,360,101,43,19,7,4,0,0,1
2871039000,2026-07-31,인천광역시,강화군,송해면,1673,731,598,194,101,33,11,3,2,0,0
2871040000,2026-07-31,인천광역시,강화군,교동면,1502,745,522,153,53,22,6,0,0,1,0
2871041000,2026-07-31,인천광역시,강화군,삼산면,1156,614,371,106,43,19,2,1,0,0,0
2871042000,2026-07-31,인천광역시,강화군,서도면,217,122,72,14,7,0,1,0,1,0,0
2871042500,2026-07-31,인천광역시,강화군,서도면볼음출장소,173,100,61,7,3,2,0,0,0,0,0
2872031000,2026-07-31,인천광역시,옹진군,북도면,694,408,193,58,17,10,4,3,0,1,0
2872031500,2026-07-31,인천광역시,옹진군,북도면장봉출장소,563,331,169,45,9,3,3,0,1,0,2
2872033000,2026-07-31,인천광역시,옹진군,백령면,2778,1795,568,231,132,40,8,2,2,0,0
2872034000,2026-07-31,인천광역시,옹진군,대청면,727,479,164,50,21,8,2,2,1,0,0
2872034500,2026-07-31,인천광역시,옹진군,대청면소청출장소,176,130,39,6,0,1,0,0,0,0,0
2872035000,2026-07-31,인천광역시,옹진군,덕적면,1217,772,330,73,32,7,1,2,0,0,0
2872036000,2026-07-31,인천광역시,옹진군,영흥면,3819,2216,956,386,177,60,20,4,0,0,0
2872037000,2026-07-31,인천광역시,옹진군,자월면,597,368,165,39,17,6,1,0,1,0,0
2872037500,2026-07-31,인천광역시,옹진군,자월면이작출장소,227,135,68,13,6,5,0,0,0,0,0
2872038000,2026-07-31,인천광역시,옹진군,연평면,1407,1086,208,69,33,9,2,0,0,0,0
3011051500,2026-07-31,대전광역시,동구,중앙동,2358,1801,381,120,40,11,2,2,0,0,1
3011053000,2026-07-31,대전광역시,동구,효동,12071,3342,3483,2705,2036,427,67,10,1,0,0
3011054500,2026-07-31,대전광역시,동구,신인동,6857,2528,2127,1223,783,156,32,5,1,2,0
3011055100,2026-07-31,대전광역시,동구,판암1동,6059,2875,1677,902,491,90,14,9,1,0,0
3011055200,2026-07-31,대전광역시,동구,판암2동,5136,3477,1126,359,124,33,13,4,0,0,0
3011056000,2026-07-31,대전광역시,동구,용운동,10788,5335,2608,1551,1003,243,36,8,2,2,0
3011058500,2026-07-31,대전광역시,동구,대동,5910,2127,1601,1100,840,205,28,7,2,0,0
3011059000,2026-07-31,대전광역시,동구,자양동,7493,5468,1189,491,243,74,23,2,1,0,2
3011062000,2026-07-31,대전광역시,동구,가양1동,6945,3652,1767,842,512,139,23,8,1,0,1
3011063000,2026-07-31,대전광역시,동구,가양2동,9974,5356,2413,1257,714,178,48,5,3,0,0
3011064000,2026-07-31,대전광역시,동구,용전동,11963,7633,2336,1120,648,181,33,9,2,1,0
3011066500,2026-07-31,대전광역시,동구,성남동,5094,2186,1455,831,494,100,22,5,0,1,0
3011067000,2026-07-31,대전광역시,동구,홍도동,6266,3638,1437,697,390,89,13,1,0,1,0
3011069500,2026-07-31,대전광역시,동구,삼성동,6619,2852,1975,1004,615,145,25,3,0,0,0
3011072500,2026-07-31,대전광역시,동구,대청동,1141,549,384,127,56,19,4,2,0,0,0
3011074000,2026-07-31,대전광역시,동구,산내동,9158,3228,2592,1631,1256,371,61,11,4,2,2
3014053500,2026-07-31,대전광역시,중구,은행선화동,12219,6161,2407,1830,1465,316,30,5,3,1,1
3014055000,2026-07-31,대전광역시,중구,목동,6249,1316,1451,1487,1594,339,48,9,2,1,2
3014056000,2026-07-31,대전광역시,중구,중촌동,7329,3092,2048,1287,720,143,31,6,2,0,0
3014057500,2026-07-31,대전광역시,중구,대흥동,7045,4326,1347,740,491,115,18,4,1,1,2
3014060500,2026-07-31,대전광역시,중구,문창동,2471,1502,602,216,109,33,6,0,2,1,0
3014062000,2026-07-31,대전광역시,중구,석교동,7292,3544,2208,963,418,132,18,7,0,0,2
3014063000,2026-07-31,대전광역시,중구,대사동,3248,2093,692,265,143,42,11,2,0,0,0
3014064000,2026-07-31,대전광역시,중구,부사동,3183,1638,866,409,198,56,12,4,0,0,0
3014065500,2026-07-31,대전광역시,중구,용두동,5488,3088,1200,646,444,85,16,8,0,0,1
3014067000,2026-07-31,대전광역시,중구,오류동,4920,2159,1412,782,452,87,22,5,1,0,0
3014068000,2026-07-31,대전광역시,중구,태평1동,5086,1519,1504,1081,780,166,28,3,3,2,0
3014069000,2026-07-31,대전광역시,중구,태평2동,9297,2276,3020,2004,1479,394,93,24,4,1,2
3014070000,2026-07-31,대전광역시,중구,유천1동,3339,1831,920,376,162,37,11,1,0,0,1
3014071000,2026-07-31,대전광역시,중구,유천2동,6297,2863,1840,879,519,146,35,15,0,0,0
3014072000,2026-07-31,대전광역시,중구,문화1동,8399,2530,2405,1681,1370,315,73,18,4,3,0
3014073000,2026-07-31,대전광역시,중구,문화2동,5770,2847,1578,771,392,147,31,4,0,0,0
3014074000,2026-07-31,대전광역시,중구,산성동,12271,5406,3712,1822,991,270,51,12,3,1,3
3017051000,2026-07-31,대전광역시,서구,복수동,8624,2877,2250,1740,1333,341,64,14,3,1,1
3017052000,2026-07-31,대전광역시,서구,도마1동,9658,4972,2434,1321,712,173,38,6,1,1,0
3017053000,2026-07-31,대전광역시,서구,도마2동,9983,4205,2809,1682,957,271,48,9,1,1,0
3017053500,2026-07-31,대전광역시,서구,정림동,7156,2509,2378,1294,728,183,44,12,4,1,3
3017054000,2026-07-31,대전광역시,서구,변동,6375,3087,1774,857,466,155,29,5,0,1,1
3017055000,2026-07-31,대전광역시,서구,용문동,10193,5218,2375,1402,986,170,30,7,4,1,0
3017055500,2026-07-31,대전광역시,서구,탄방동,16923,9301,3399,2287,1559,303,57,12,3,2,0
3017056000,2026-07-31,대전광역시,서구,괴정동,11806,7989,2265,885,487,137,30,9,2,1,1
3017057000,2026-07-31,대전광역시,서구,가장동,4699,1710,1413,865,524,154,22,10,1,0,0
3017057500,2026-07-31,대전광역시,서구,내동,9452,3141,2854,1825,1251,308,63,7,1,0,2
3017058100,2026-07-31,대전광역시,서구,갈마1동,12079,7184,2617,1292,751,184,39,9,3,0,0
3017058200,2026-07-31,대전광역시,서구,갈마2동,13597,8154,2825,1487,912,187,27,5,0,0,0
3017058600,2026-07-31,대전광역시,서구,월평1동,7761,5692,1281,469,234,64,14,5,1,0,1
3017058700,2026-07-31,대전광역시,서구,월평2동,6804,3372,1619,988,630,155,31,6,2,0,1
3017058800,2026-07-31,대전광역시,서구,월평3동,7609,1548,2398,1861,1476,265,47,12,1,1,0
3017059000,2026-07-31,대전광역시,서구,가수원동,4763,1867,1506,789,458,118,17,5,2,0,1
3017059300,2026-07-31,대전광역시,서구,도안동,14348,4046,3226,3268,3093,613,86,11,4,0,1
3017059600,2026-07-31,대전광역시,서구,관저1동,6764,2766,1786,1203,762,206,35,3,3,0,0
3017059700,2026-07-31,대전광역시,서구,관저2동,19746,6502,4795,4057,3569,694,101,20,5,1,2
3017060000,2026-07-31,대전광역시,서구,기성동,1806,1069,480,157,67,18,5,2,1,0,7
3017063000,2026-07-31,대전광역시,서구,둔산1동,5702,1061,1162,1480,1644,291,57,5,2,0,0
3017064000,2026-07-31,대전광역시,서구,둔산2동,15227,5320,4002,3326,2203,323,47,4,1,0,1
3017065000,2026-07-31,대전광역시,서구,만년동,6228,3183,1364,940,609,107,20,5,0,0,0
3017066000,2026-07-31,대전광역시,서구,둔산3동,7907,2714,1929,1587,1307,289,60,19,2,0,0
3020052000,2026-07-31,대전광역시,유성구,진잠동,12523,5338,3381,2058,1347,322,62,13,2,0,0
3020052600,2026-07-31,대전광역시,유성구,학하동,10306,4446,2587,1754,1148,295,62,11,1,1,1
3020052700,2026-07-31,대전광역시,유성구,상대동,9301,1939,2389,2244,2171,459,72,21,5,1,0
3020053000,2026-07-31,대전광역시,유성구,온천1동,18643,13534,3197,1179,568,132,25,6,1,0,1
3020054000,2026-07-31,대전광역시,유성구,온천2동,23015,13720,4031,2778,1956,422,85,14,5,1,3
3020054600,2026-07-31,대전광역시,유성구,노은1동,8832,3045,2158,1845,1412,295,58,15,3,0,1
3020054700,2026-07-31,대전광역시,유성구,노은2동,9613,3012,2489,2043,1664,327,65,8,4,0,1
3020054800,2026-07-31,대전광역시,유성구,노은3동,14144,3655,3778,3378,2785,464,66,16,1,1,0
3020055000,2026-07-31,대전광역시,유성구,신성동,12696,6363,2515,1876,1513,350,64,11,2,1,1
3020057000,2026-07-31,대전광역시,유성구,전민동,11308,4330,2569,2299,1691,337,65,11,5,1,0
3020058000,2026-07-31,대전광역시,유성구,구즉동,15350,6384,3791,2740,1932,418,71,11,3,0,0
3020060000,2026-07-31,대전광역시,유성구,관평동,14645,4043,3116,3420,3339,617,88,9,10,2,1
3020061000,2026-07-31,대전광역시,유성구,원신흥동,14825,5856,3600,2634,2160,481,72,16,3,3,0
3023051000,2026-07-31,대전광역시,대덕구,오정동,7426,4184,1741,898,447,120,27,6,2,0,1
3023052000,2026-07-31,대전광역시,대덕구,대화동,2780,1542,719,311,141,41,14,1,4,0,7
3023052500,2026-07-31,대전광역시,대덕구,회덕동,5898,2353,1899,966,524,125,19,11,0,0,1
3023053300,2026-07-31,대전광역시,대덕구,비래동,6813,2614,2191,1158,640,167,29,10,2,1,1
3023054300,2026-07-31,대전광역시,대덕구,송촌동,11083,3166,3113,2497,1886,350,55,11,2,1,2
3023054600,2026-07-31,대전광역시,대덕구,중리동,10256,5951,2478,1081,552,139,46,5,2,1,1
3023055000,2026-07-31,대전광역시,대덕구,신탄진동,7860,3413,2192,1276,762,180,31,5,1,0,0
3023056000,2026-07-31,대전광역시,대덕구,석봉동,6661,2096,1863,1368,1067,226,26,11,4,0,0
3023057000,2026-07-31,대전광역시,대덕구,덕암동,6594,3390,1673,870,493,139,23,5,0,0,1
3023058000,2026-07-31,대전광역시,대덕구,목상동,3141,1680,736,399,257,57,12,0,0,0,0
3023060000,2026-07-31,대전광역시,대덕구,법1동,5963,2526,1760,949,572,127,23,4,0,0,2
3023061000,2026-07-31,대전광역시,대덕구,법2동,6682,2541,2011,1189,732,175,26,4,4,0,0
3111051000,2026-07-31,울산광역시,중구,학성동,5779,2983,1543,727,392,102,24,4,3,0,1
3111052000,2026-07-31,울산광역시,중구,반구1동,7663,3458,2010,1252,747,167,23,3,3,0,0
3111053000,2026-07-31,울산광역시,중구,반구2동,4345,2233,1154,575,305,63,13,2,0,0,0
3111055500,2026-07-31,울산광역시,중구,복산동,9000,2844,2401,2050,1430,230,39,6,0,0,0
3111058500,2026-07-31,울산광역시,중구,중앙동,5279,3014,1348,575,255,75,12,0,0,0,0
3111059000,2026-07-31,울산광역시,중구,우정동,8637,3108,2643,1663,992,192,29,6,3,1,0
3111060000,2026-07-31,울산광역시,중구,태화동,12670,3417,3664,2874,2238,409,51,11,4,1,1
3111061000,2026-07-31,울산광역시,중구,다운동,11368,5517,3167,1564,892,184,35,7,2,0,0
3111062000,2026-07-31,울산광역시,중구,병영1동,9095,3309,2606,1727,1173,232,37,10,0,1,0
3111063000,2026-07-31,울산광역시,중구,병영2동,8565,3124,2438,1609,1148,213,28,4,0,1,0
3111064000,2026-07-31,울산광역시,중구,약사동,3976,868,1055,1039,856,135,18,5,0,0,0
3111065000,2026-07-31,울산광역시,중구,성안동,8784,3110,2382,1731,1202,301,41,11,2,0,4
3114051000,2026-07-31,울산광역시,남구,신정1동,10000,5002,2634,1386,777,149,39,8,4,0,1
3114052000,2026-07-31,울산광역시,남구,신정2동,10637,3057,2641,2510,2028,326,54,16,3,2,0
3114053000,2026-07-31,울산광역시,남구,신정3동,7643,3434,1996,1211,791,168,33,7,3,0,0
3114054000,2026-07-31,울산광역시,남구,신정4동,8617,2827,2279,1846,1380,244,35,4,1,0,1
3114055000,2026-07-31,울산광역시,남구,신정5동,5094,2782,1191,635,375,88,18,4,1,0,0
3114056000,2026-07-31,울산광역시,남구,달동,14130,7426,3443,1946,1087,184,34,6,4,0,0
3114057000,2026-07-31,울산광역시,남구,삼산동,24599,12372,5631,3665,2405,426,80,17,2,0,1
3114058500,2026-07-31,울산광역시,남구,삼호동,9864,4267,2776,1696,920,170,26,9,0,0,0
3114059500,2026-07-31,울산광역시,남구,무거동,14814,6454,3591,2748,1708,266,34,8,5,0,0
3114060000,2026-07-31,울산광역시,남구,옥동,9939,2394,2990,2479,1744,282,38,10,2,0,0
3114062500,2026-07-31,울산광역시,남구,대현동,12715,3160,3459,3185,2495,364,45,4,2,1,0
3114063500,2026-07-31,울산광역시,남구,수암동,5955,1120,1859,1626,1134,184,23,8,1,0,0
3114064000,2026-07-31,울산광역시,남구,선암동,5865,2008,1837,1170,712,110,23,2,3,0,0
3114067000,2026-07-31,울산광역시,남구,야음장생포동,4316,2090,1115,653,385,58,14,1,0,0,0
3117051000,2026-07-31,울산광역시,동구,방어동,17967,8080,4639,2770,1854,497,110,10,7,0,0
3117052000,2026-07-31,울산광역시,동구,일산동,2931,1634,775,296,156,55,9,5,0,1,0
3117053000,2026-07-31,울산광역시,동구,화정동,8073,3137,2139,1410,1147,194,37,6,2,0,1
3117054000,2026-07-31,울산광역시,동구,대송동,5075,2153,1437,889,454,108,28,3,1,1,1
3117055000,2026-07-31,울산광역시,동구,전하1동,7306,3082,1959,1188,876,158,37,6,0,0,0
3117056000,2026-07-31,울산광역시,동구,전하2동,7623,2099,2155,1615,1402,295,44,9,3,1,0
3117058000,2026-07-31,울산광역시,동구,남목1동,3566,1281,1123,613,408,105,28,5,1,1,1
3117059000,2026-07-31,울산광역시,동구,남목2동,11150,3506,2950,2392,1914,331,44,9,1,2,1
3117060000,2026-07-31,울산광역시,동구,남목3동,4808,1647,1490,905,623,119,19,4,0,0,1
3120051000,2026-07-31,울산광역시,북구,농소1동,14638,4521,3879,3043,2609,483,79,18,4,1,1
3120052000,2026-07-31,울산광역시,북구,농소2동,16489,4004,4483,4109,3175,621,74,19,2,1,1
3120053000,2026-07-31,울산광역시,북구,농소3동,13235,2725,3661,3256,2931,575,73,9,4,1,0
3120054000,2026-07-31,울산광역시,북구,강동동,6656,2140,1796,1296,1142,237,31,10,0,2,2
3120056000,2026-07-31,울산광역시,북구,효문동,13966,5743,3744,2653,1501,267,47,6,5,0,0
3120057000,2026-07-31,울산광역시,북구,송정동,14482,3902,3923,3381,2756,453,50,13,3,1,0
3120058000,2026-07-31,울산광역시,북구,양정동,6253,3241,1208,1004,665,118,11,6,0,0,0
3120059000,2026-07-31,울산광역시,북구,염포동,4739,2028,1345,753,486,105,20,2,0,0,0
3171025000,2026-07-31,울산광역시,울주군,온산읍,10724,6304,2322,1161,746,153,30,6,1,0,1
3171025300,2026-07-31,울산광역시,울주군,언양읍,13424,5103,3786,2444,1631,372,68,14,3,1,2
3171025600,2026-07-31,울산광역시,울주군,온양읍,12782,4863,3445,2352,1678,367,64,6,5,1,1
3171025900,2026-07-31,울산광역시,울주군,범서읍,26090,6122,7144,6279,5352,999,156,29,4,4,1
3171026200,2026-07-31,울산광역시,울주군,청량읍,9987,3416,2922,2078,1314,206,42,8,1,0,0
3171026500,2026-07-31,울산광역시,울주군,삼남읍,11932,6049,3230,1550,837,217,35,8,4,0,2
3171031000,2026-07-31,울산광역시,울주군,서생면,4781,2682,1183,514,285,90,20,7,0,0,0
3171034000,2026-07-31,울산광역시,울주군,웅촌면,4174,2272,1226,429,171,56,14,3,0,1,2
3171036000,2026-07-31,울산광역시,울주군,두동면,2495,1399,702,242,95,46,10,1,0,0,0
3171037000,2026-07-31,울산광역시,울주군,두서면,1809,1049,541,153,48,13,3,2,0,0,0
3171038000,2026-07-31,울산광역시,울주군,상북면,4391,2110,1529,490,187,54,15,0,2,0,4
3171040000,2026-07-31,울산광역시,울주군,삼동면,1042,580,334,86,30,9,3,0,0,0,0
3611025000,2026-07-31,세종특별자치시, ,조치원읍,21191,10702,4910,2808,2024,592,119,27,3,5,1
3611031000,2026-07-31,세종특별자치시, ,연기면,1475,894,376,118,63,13,9,2,0,0,0
3611032000,2026-07-31,세종특별자치시, ,연동면,1580,886,461,153,56,20,3,1,0,0,0
3611033000,2026-07-31,세종특별자치시, ,부강면,3024,1672,853,309,139,41,7,2,0,0,1
3611034000,2026-07-31,세종특별자치시, ,금남면,4644,2498,1356,494,197,71,21,7,0,0,0
3611035000,2026-07-31,세종특별자치시, ,장군면,4235,2778,918,307,152,59,11,9,1,0,0
3611036000,2026-07-31,세종특별자치시, ,연서면,3584,1908,1039,366,175,70,19,4,2,0,1
3611037000,2026-07-31,세종특별자치시, ,전의면,2762,1543,737,293,131,41,13,3,1,0,0
3611038000,2026-07-31,세종특별자치시, ,전동면,1760,1021,485,151,72,20,8,2,1,0,0
3611039000,2026-07-31,세종특별자치시, ,소정면,1034,540,294,105,63,28,3,1,0,0,0
3611051000,2026-07-31,세종특별자치시, ,한솔동,6354,1227,1571,1540,1566,369,61,14,5,1,0
3611051500,2026-07-31,세종특별자치시,,새롬동,9688,2166,2041,2446,2501,463,55,12,4,0,0
3611051800,2026-07-31,세종특별자치시, ,나성동,5862,2746,809,979,1030,257,36,3,2,0,0
3611052000,2026-07-31,세종특별자치시, ,도담동,10250,3444,2315,2116,1911,394,62,6,1,1,0
3611052300,2026-07-31,세종특별자치시, ,어진동,5319,2629,782,856,835,189,24,4,0,0,0
3611052500,2026-07-31,세종특별자치시, ,해밀동,9084,2484,1755,2060,2107,579,88,8,3,0,0
3611053000,2026-07-31,세종특별자치시, ,아름동,8003,1338,1735,2162,2302,392,61,8,4,1,0
3611054000,2026-07-31,세종특별자치시, ,종촌동,10706,2912,2537,2440,2247,483,66,14,6,1,0
3611055000,2026-07-31,세종특별자치시, ,고운동,12849,2522,3246,3145,3114,689,108,20,2,0,3
3611055500,2026-07-31,세종특별자치시,,소담동,8441,2270,2031,1973,1762,358,40,5,1,1,0
3611055600,2026-07-31,세종특별자치시,,반곡동,6504,2246,1500,1361,1099,249,39,8,1,0,1
3611055800,2026-07-31,세종특별자치시,,집현동,5629,2056,1044,1260,1071,176,17,4,1,0,0
3611056000,2026-07-31,세종특별자치시, ,보람동,6910,1536,1532,1780,1676,321,48,14,2,0,1
3611057000,2026-07-31,세종특별자치시,,대평동,4411,1136,1228,1026,797,188,29,6,0,0,1
3611058000,2026-07-31,세종특별자치시,,다정동,10693,2687,2486,2575,2422,461,51,6,5,0,0
4111156000,2026-07-31,경기도,수원시 장안구,파장동,11546,4770,2934,2097,1357,319,43,17,3,2,4
4111156600,2026-07-31,경기도,수원시 장안구,율천동,19582,9686,3802,3036,2512,433,84,19,8,2,0
4111157100,2026-07-31,경기도,수원시 장안구,정자1동,13314,3633,3406,3104,2555,518,74,14,5,4,1
4111157200,2026-07-31,경기도,수원시 장안구,정자2동,16257,5410,4009,3416,2821,503,78,13,6,0,1
4111157300,2026-07-31,경기도,수원시 장안구,정자3동,14085,3152,3033,3554,3672,558,91,16,8,0,1
4111158000,2026-07-31,경기도,수원시 장안구,영화동,10198,5720,2541,1172,579,138,33,11,3,1,0
4111159100,2026-07-31,경기도,수원시 장안구,송죽동,8987,4141,2297,1390,875,227,48,9,0,0,0
4111159700,2026-07-31,경기도,수원시 장안구,조원1동,13280,5945,3296,2152,1473,339,58,7,6,2,2
4111159800,2026-07-31,경기도,수원시 장안구,조원2동,6441,1277,1828,1691,1310,277,40,13,2,1,2
4111160000,2026-07-31,경기도,수원시 장안구,연무동,9396,5085,2284,1170,642,171,34,8,1,0,1
4111352000,2026-07-31,경기도,수원시 권선구,세류1동,4379,1610,1259,866,491,119,31,3,0,0,0
4111353000,2026-07-31,경기도,수원시 권선구,세류2동,12387,6932,2947,1438,808,207,42,11,2,0,0
4111354000,2026-07-31,경기도,수원시 권선구,세류3동,8810,4241,2328,1258,754,174,44,10,1,0,0
4111355000,2026-07-31,경기도,수원시 권선구,평동,18041,6152,5060,3616,2479,599,108,22,5,0,0
4111356000,2026-07-31,경기도,수원시 권선구,서둔동,17872,7830,4628,2958,1870,459,96,28,2,0,1
4111365000,2026-07-31,경기도,수원시 권선구,구운동,10707,4510,2683,1934,1236,270,51,19,4,0,0
4111366200,2026-07-31,경기도,수원시 권선구,금곡동,18838,6289,4684,3894,3187,647,103,24,8,1,1
4111366400,2026-07-31,경기도,수원시 권선구,호매실동,17383,4685,4413,3935,3519,703,103,19,3,3,0
4111367000,2026-07-31,경기도,수원시 권선구,권선1동,14102,8510,2945,1497,865,217,47,18,2,1,0
4111368000,2026-07-31,경기도,수원시 권선구,권선2동,17600,3827,4749,4413,3690,760,128,29,2,2,0
4111369000,2026-07-31,경기도,수원시 권선구,곡선동,18101,9537,3563,2607,1971,356,52,8,3,2,2
4111370000,2026-07-31,경기도,수원시 권선구,입북동,8303,2471,2290,1953,1306,230,41,10,2,0,0
4111565000,2026-07-31,경기도,수원시 팔달구,매교동,9496,3361,2333,1928,1500,329,35,7,2,0,1
4111566000,2026-07-31,경기도,수원시 팔달구,매산동,6080,3952,1141,559,304,92,27,3,2,0,0
4111567000,2026-07-31,경기도,수원시 팔달구,고등동,9015,3693,2280,1643,1099,260,33,6,1,0,0
4111568000,2026-07-31,경기도,수원시 팔달구,화서1동,9659,3906,2712,1643,1048,286,50,11,1,1,1
4111569000,2026-07-31,경기도,수원시 팔달구,화서2동,9525,2424,2676,2285,1757,318,44,15,4,1,1
4111570000,2026-07-31,경기도,수원시 팔달구,지동,6152,3261,1534,774,435,125,21,1,0,0,1
4111571000,2026-07-31,경기도,수원시 팔달구,우만1동,10496,6185,2454,1078,568,165,31,10,1,1,3
4111572000,2026-07-31,경기도,수원시 팔달구,우만2동,7558,3657,1462,1237,955,192,42,7,5,0,1
4111573000,2026-07-31,경기도,수원시 팔달구,인계동,25170,14467,4803,3140,2177,473,79,24,5,2,0
4111574000,2026-07-31,경기도,수원시 팔달구,행궁동,5846,3963,1121,462,221,58,15,5,1,0,0
4111751000,2026-07-31,경기도,수원시 영통구,매탄1동,4450,1765,886,891,748,130,18,8,3,0,1
4111752000,2026-07-31,경기도,수원시 영통구,매탄2동,6280,2650,1589,1047,743,200,42,6,1,2,0
4111753000,2026-07-31,경기도,수원시 영통구,매탄3동,15628,6899,2931,2823,2471,427,65,8,4,0,0
4111754000,2026-07-31,경기도,수원시 영통구,매탄4동,9363,3988,2451,1651,1039,188,41,4,0,0,1
4111755000,2026-07-31,경기도,수원시 영통구,원천동,21335,9651,3906,3842,3232,591,92,15,3,1,2
4111757000,2026-07-31,경기도,수원시 영통구,영통1동,12591,2976,3270,3274,2569,405,68,20,7,1,1
4111758000,2026-07-31,경기도,수원시 영통구,영통2동,13616,7484,2635,1996,1300,163,31,5,1,1,0
4111758500,2026-07-31,경기도,수원시 영통구,영통3동,14316,6342,2417,2709,2346,409,64,19,5,1,4
4111759300,2026-07-31,경기도,수원시 영통구,망포1동,11571,2610,2441,3095,2815,501,83,19,4,2,1
4111759600,2026-07-31,경기도,수원시 영통구,망포2동,12926,1788,2472,4044,3911,602,85,16,6,1,1
4111760000,2026-07-31,경기도,수원시 영통구,광교1동,23300,9224,4147,4550,4396,827,114,25,13,1,3
4111761000,2026-07-31,경기도,수원시 영통구,광교2동,11702,3290,3166,2820,1987,367,51,19,0,1,1
4113151000,2026-07-31,경기도,성남시 수정구,신흥1동,7405,4644,1624,678,345,94,14,4,0,1,1
4113152000,2026-07-31,경기도,성남시 수정구,신흥2동,12336,2534,3775,3337,2132,446,91,15,3,2,1
4113153000,2026-07-31,경기도,성남시 수정구,신흥3동,6474,4019,1308,695,371,67,9,4,1,0,0
4113154000,2026-07-31,경기도,성남시 수정구,태평1동,8265,5105,1816,788,437,100,15,4,0,0,0
4113155000,2026-07-31,경기도,성남시 수정구,태평2동,7559,4043,1872,988,503,123,20,9,1,0,0
4113156000,2026-07-31,경기도,성남시 수정구,태평3동,6279,3287,1562,833,485,86,23,3,0,0,0
4113156100,2026-07-31,경기도,성남시 수정구,태평4동,5928,3247,1321,755,458,118,26,3,0,0,0
4113157000,2026-07-31,경기도,성남시 수정구,수진1동,6616,4140,1522,581,286,70,11,3,2,0,1
4113158000,2026-07-31,경기도,성남시 수정구,수진2동,7525,3773,1894,1005,657,139,43,11,3,0,0
4113159000,2026-07-31,경기도,성남시 수정구,단대동,6492,2473,1791,1221,770,196,31,4,4,1,1
4113160000,2026-07-31,경기도,성남시 수정구,산성동,2099,873,575,354,220,60,14,2,1,0,0
4113161000,2026-07-31,경기도,성남시 수정구,양지동,4273,1835,1105,697,493,116,25,1,0,1,0
4113162000,2026-07-31,경기도,성남시 수정구,복정동,8000,4726,1578,951,618,106,16,5,0,0,0
4113162500,2026-07-31,경기도,성남시 수정구,위례동,18677,5833,4618,3986,3371,683,139,36,7,3,1
4113163000,2026-07-31,경기도,성남시 수정구,신촌동,2300,853,555,431,321,118,17,3,1,1,0
4113164000,2026-07-31,경기도,성남시 수정구,고등동,5286,2031,1311,1002,721,176,38,7,0,0,0
4113165000,2026-07-31,경기도,성남시 수정구,시흥동,2191,1394,387,219,139,44,7,1,0,0,0
4113351000,2026-07-31,경기도,성남시 중원구,성남동,18486,10979,3825,2048,1263,292,61,11,5,2,0
4113352500,2026-07-31,경기도,성남시 중원구,중앙동,7513,2803,1997,1450,996,223,35,5,4,0,0
4113353000,2026-07-31,경기도,성남시 중원구,금광1동,8253,2263,2415,2085,1225,217,38,9,1,0,0
4113354000,2026-07-31,경기도,성남시 중원구,금광2동,11449,5460,2826,1740,1111,248,50,9,2,2,1
4113355000,2026-07-31,경기도,성남시 중원구,은행1동,4427,1812,1202,744,537,109,19,4,0,0,0
4113356000,2026-07-31,경기도,성남시 중원구,은행2동,9635,4710,2514,1442,747,174,38,10,0,0,0
4113357000,2026-07-31,경기도,성남시 중원구,상대원1동,11551,5449,3096,1741,1001,200,48,11,2,1,2
4113358000,2026-07-31,경기도,성남시 중원구,상대원2동,1502,761,360,199,133,41,6,2,0,0,0
4113359000,2026-07-31,경기도,성남시 중원구,상대원3동,6329,3530,1545,750,387,98,16,3,0,0,0
4113366000,2026-07-31,경기도,성남시 중원구,하대원동,8403,2697,2400,1736,1168,318,65,13,5,0,1
4113367000,2026-07-31,경기도,성남시 중원구,도촌동,10823,3383,3019,2182,1753,386,74,16,9,0,1
4113551000,2026-07-31,경기도,성남시 분당구,분당동,10076,3258,2264,2259,1837,347,73,30,6,0,2
4113552000,2026-07-31,경기도,성남시 분당구,수내1동,7933,3300,1453,1459,1402,249,49,14,3,3,1
4113553000,2026-07-31,경기도,성남시 분당구,수내2동,3187,271,506,998,1169,181,47,11,3,0,1
4113554000,2026-07-31,경기도,성남시 분당구,수내3동,5170,1643,854,1192,1234,193,37,14,1,2,0
4113554500,2026-07-31,경기도,성남시 분당구,정자동,6275,2615,1326,1181,916,184,43,7,3,0,0
4113555000,2026-07-31,경기도,성남시 분당구,정자1동,14103,6300,2719,2463,2053,413,119,25,6,4,1
4113556000,2026-07-31,경기도,성남시 분당구,정자2동,6208,2986,1399,1057,606,125,25,6,3,0,1
4113557000,2026-07-31,경기도,성남시 분당구,정자3동,6659,1953,1496,1636,1304,213,46,9,2,0,0
4113558000,2026-07-31,경기도,성남시 분당구,서현1동,12682,4361,2655,2653,2415,443,122,23,7,3,0
4113559000,2026-07-31,경기도,성남시 분당구,서현2동,6549,1605,1473,1709,1436,255,42,18,6,4,1
4113560000,2026-07-31,경기도,성남시 분당구,이매1동,9014,1779,2302,2333,2096,379,87,27,8,3,0
4113561000,2026-07-31,경기도,성남시 분당구,이매2동,4357,611,1018,1223,1183,251,54,9,5,3,0
4113562000,2026-07-31,경기도,성남시 분당구,야탑1동,7597,3097,1773,1436,1036,191,47,11,6,0,0
4113563000,2026-07-31,경기도,성남시 분당구,야탑2동,6007,1542,1504,1408,1190,266,63,20,10,4,0
4113564000,2026-07-31,경기도,성남시 분당구,야탑3동,12739,5259,3338,2377,1438,258,54,11,3,1,0
4113565000,2026-07-31,경기도,성남시 분당구,판교동,8982,1286,1918,2754,2450,449,89,24,9,3,0
4113565500,2026-07-31,경기도,성남시 분당구,삼평동,9088,2270,2095,2369,1964,327,48,9,5,0,1
4113565700,2026-07-31,경기도,성남시 분당구,백현동,10542,2874,2801,2460,1945,379,54,20,4,4,1
4113566200,2026-07-31,경기도,성남시 분당구,금곡동,11974,4440,3101,2335,1678,308,68,29,11,2,2
4113566500,2026-07-31,경기도,성남시 분당구,구미1동,6934,2344,1719,1520,1086,211,38,11,4,0,1
4113567000,2026-07-31,경기도,성남시 분당구,구미동,12653,4885,3198,2339,1776,340,78,25,8,2,2
4113568000,2026-07-31,경기도,성남시 분당구,운중동,14125,2428,3572,4241,3133,578,124,32,13,2,2
4115051000,2026-07-31,경기도,의정부시,의정부1동,22555,13792,4371,2554,1453,322,54,6,0,2,1
4115052000,2026-07-31,경기도,의정부시,의정부2동,16456,8972,3822,2100,1245,255,50,7,3,1,1
4115054500,2026-07-31,경기도,의정부시,호원1동,15056,5342,4404,3031,1781,400,76,8,10,1,3
4115055500,2026-07-31,경기도,의정부시,호원2동,13517,3736,4080,2982,2167,442,87,21,2,0,0
4115056100,2026-07-31,경기도,의정부시,장암동,8237,3005,2281,1506,1160,232,42,9,2,0,0
4115056700,2026-07-31,경기도,의정부시,신곡1동,18097,5823,5205,3983,2505,473,83,18,5,2,0
4115056800,2026-07-31,경기도,의정부시,신곡2동,18803,5954,5397,3953,2771,592,105,25,5,0,1
4115057300,2026-07-31,경기도,의정부시,송산1동,14035,4871,3948,2830,1905,401,59,15,4,2,0
4115057600,2026-07-31,경기도,의정부시,송산2동,13155,4409,3360,2704,2113,468,80,17,2,2,0
4115057800,2026-07-31,경기도,의정부시,송산3동,18083,5358,4381,3951,3550,730,97,15,0,1,0
4115058000,2026-07-31,경기도,의정부시,자금동,12481,5062,3263,2281,1476,332,49,12,2,2,2
4115059500,2026-07-31,경기도,의정부시,가능동,13272,6296,3493,2011,1138,260,61,11,1,0,1
4115061500,2026-07-31,경기도,의정부시,흥선동,9122,4406,2268,1294,885,210,49,8,1,0,1
4115062000,2026-07-31,경기도,의정부시,녹양동,8950,3747,2343,1532,1022,240,44,16,3,2,1
4115063000,2026-07-31,경기도,의정부시,고산동,12181,3275,3013,2891,2407,487,81,20,6,1,0
4117151000,2026-07-31,경기도,안양시 만안구,안양1동,8117,2449,2308,1913,1169,219,47,10,1,1,0
4117152000,2026-07-31,경기도,안양시 만안구,안양2동,10775,4575,2927,1863,1130,218,47,10,2,2,1
4117153000,2026-07-31,경기도,안양시 만안구,안양3동,7218,3131,1976,1165,712,194,31,4,5,0,0
4117154000,2026-07-31,경기도,안양시 만안구,안양4동,3648,1988,851,448,277,71,8,5,0,0,0
4117155000,2026-07-31,경기도,안양시 만안구,안양5동,6736,2567,1812,1317,816,179,33,7,3,1,1
4117156000,2026-07-31,경기도,안양시 만안구,안양6동,13319,5844,3361,2314,1400,320,60,12,4,4,0
4117157000,2026-07-31,경기도,안양시 만안구,안양7동,5944,1529,1602,1486,1097,191,35,3,1,0,0
4117158200,2026-07-31,경기도,안양시 만안구,명학동,4125,2017,1086,614,298,96,13,1,0,0,0
4117158300,2026-07-31,경기도,안양시 만안구,병목안동,6956,2286,2196,1425,806,187,37,11,6,1,1
4117159000,2026-07-31,경기도,안양시 만안구,석수1동,7462,1980,2341,1688,1125,252,48,19,4,2,3
4117160000,2026-07-31,경기도,안양시 만안구,석수2동,12758,4170,3609,2656,1811,410,76,20,4,2,0
4117161100,2026-07-31,경기도,안양시 만안구,충훈동,5273,2008,1404,960,714,160,20,4,3,0,0
4117164000,2026-07-31,경기도,안양시 만안구,박달동,6665,3044,1782,1011,645,140,29,11,2,0,1
4117165000,2026-07-31,경기도,안양시 만안구,호현동,7512,1611,2057,1841,1514,391,76,17,4,1,0
4117351000,2026-07-31,경기도,안양시 동안구,비산1동,10562,2033,2949,2849,2203,410,97,11,6,3,1
4117352000,2026-07-31,경기도,안양시 동안구,비산2동,4667,734,1318,1352,1019,180,43,12,5,1,3
4117353000,2026-07-31,경기도,안양시 동안구,비산3동,7680,2507,2048,1665,1154,253,38,10,5,0,0
4117354000,2026-07-31,경기도,안양시 동안구,부흥동,6290,1689,1544,1543,1281,194,33,5,1,0,0
4117354600,2026-07-31,경기도,안양시 동안구,달안동,5378,2940,1374,674,329,44,14,3,0,0,0
4117355200,2026-07-31,경기도,안양시 동안구,관양동,15277,6264,4273,2637,1610,381,80,25,6,1,0
4117355900,2026-07-31,경기도,안양시 동안구,인덕원동,8826,4060,2037,1498,1029,162,35,5,0,0,0
4117356600,2026-07-31,경기도,안양시 동안구,부림동,12747,5256,3337,2406,1524,183,32,4,3,2,0
4117357000,2026-07-31,경기도,안양시 동안구,평촌동,5371,893,1408,1590,1244,185,30,15,4,2,0
4117357600,2026-07-31,경기도,안양시 동안구,평안동,8051,1428,1841,2394,2118,216,43,8,2,1,0
4117357800,2026-07-31,경기도,안양시 동안구,귀인동,5073,569,843,1478,1793,319,56,11,3,1,0
4117358000,2026-07-31,경기도,안양시 동안구,호계1동,10340,2433,2330,2808,2363,334,58,12,1,1,0
4117359000,2026-07-31,경기도,안양시 동안구,호계2동,10606,2483,2790,2803,2071,366,67,17,6,3,0
4117360000,2026-07-31,경기도,안양시 동안구,호계3동,9530,2497,2508,2322,1785,321,77,14,3,3,0
4117361000,2026-07-31,경기도,안양시 동안구,범계동,5839,1561,1428,1322,1225,241,44,12,5,1,0
4117362000,2026-07-31,경기도,안양시 동안구,신촌동,4424,787,1081,1252,1089,181,24,7,2,1,0
4117363000,2026-07-31,경기도,안양시 동안구,갈산동,3868,994,881,827,895,202,48,13,1,5,2
4119251000,2026-07-31,경기도,부천시 원미구,심곡1동,6508,3507,1480,861,500,126,29,2,3,0,0
4119252000,2026-07-31,경기도,부천시 원미구,심곡2동,11236,7001,2357,1154,576,114,24,7,1,1,1
4119253000,2026-07-31,경기도,부천시 원미구,심곡3동,5386,2519,1384,852,484,125,18,4,0,0,0
4119254000,2026-07-31,경기도,부천시 원미구,원미1동,7590,2993,2087,1368,877,217,40,6,2,0,0
4119255000,2026-07-31,경기도,부천시 원미구,원미2동,5474,2444,1491,844,516,147,26,6,0,0,0
4119256000,2026-07-31,경기도,부천시 원미구,소사동,3117,1627,828,414,187,43,13,1,0,1,3
4119257000,2026-07-31,경기도,부천시 원미구,역곡1동,6986,2261,2028,1476,962,190,58,5,4,2,0
4119258000,2026-07-31,경기도,부천시 원미구,역곡2동,7659,3065,2106,1396,860,181,40,6,4,1,0
4119259000,2026-07-31,경기도,부천시 원미구,춘의동,6680,2979,1802,1069,657,127,35,9,1,1,0
4119260000,2026-07-31,경기도,부천시 원미구,도당동,9058,3471,2462,1704,1100,251,52,15,3,0,0
4119261000,2026-07-31,경기도,부천시 원미구,약대동,6847,1862,1872,1615,1162,274,41,16,1,4,0
4119262000,2026-07-31,경기도,부천시 원미구,중동,9366,3393,2392,1875,1395,246,49,12,4,0,0
4119263000,2026-07-31,경기도,부천시 원미구,중1동,19596,8955,4178,3417,2552,408,65,18,2,0,1
4119264000,2026-07-31,경기도,부천시 원미구,중2동,11427,2788,3212,2706,2031,518,140,20,8,3,1
4119265000,2026-07-31,경기도,부천시 원미구,중3동,10181,4168,2602,1868,1243,231,54,14,0,0,1
4119266000,2026-07-31,경기도,부천시 원미구,중4동,7973,3314,2170,1426,848,163,42,9,1,0,0
4119267000,2026-07-31,경기도,부천시 원미구,상동,8208,3529,1995,1372,991,244,59,12,5,1,0
4119268000,2026-07-31,경기도,부천시 원미구,상1동,10194,3312,2775,2315,1518,221,42,10,1,0,0
4119269000,2026-07-31,경기도,부천시 원미구,상2동,10242,2052,2567,2742,2398,398,63,18,3,1,0
4119270000,2026-07-31,경기도,부천시 원미구,상3동,11370,2807,2391,2982,2638,459,63,25,4,0,1
4119451000,2026-07-31,경기도,부천시 소사구,심곡본1동,8115,4104,2119,1105,602,149,25,10,1,0,0
4119452000,2026-07-31,경기도,부천시 소사구,심곡본동,7413,3643,2053,1043,529,113,20,9,1,1,1
4119453000,2026-07-31,경기도,부천시 소사구,소사본동,12273,4650,3680,2317,1320,253,41,9,2,0,1
4119454000,2026-07-31,경기도,부천시 소사구,소사본1동,11463,3275,3532,2440,1758,383,51,14,10,0,0
4119455000,2026-07-31,경기도,부천시 소사구,범박동,10097,1662,2529,2778,2546,458,94,17,10,2,1
4119456000,2026-07-31,경기도,부천시 소사구,옥길동,11410,2676,2310,2826,2959,538,84,15,2,0,0
4119457000,2026-07-31,경기도,부천시 소사구,괴안동,8310,3004,2454,1589,983,223,41,10,3,1,2
4119458000,2026-07-31,경기도,부천시 소사구,역곡3동,10692,4423,3099,1883,1068,180,29,9,0,1,0
4119459000,2026-07-31,경기도,부천시 소사구,송내1동,8679,2837,2552,1823,1161,238,56,9,1,1,1
4119460000,2026-07-31,경기도,부천시 소사구,송내2동,10484,3659,2892,2145,1409,305,58,12,4,0,0
4119651000,2026-07-31,경기도,부천시 오정구,성곡동,16917,6242,4838,3167,2039,499,100,24,4,2,2
4119652000,2026-07-31,경기도,부천시 오정구,원종1동,11182,4285,3193,2088,1268,277,58,8,5,0,0
4119653000,2026-07-31,경기도,부천시 오정구,원종2동,8137,3273,2302,1423,885,205,36,12,1,0,0
4119654000,2026-07-31,경기도,부천시 오정구,고강본동,12070,5108,3404,2021,1208,266,49,10,3,1,0
4119655000,2026-07-31,경기도,부천시 오정구,고강1동,5650,2278,1646,930,630,128,32,6,0,0,0
4119656000,2026-07-31,경기도,부천시 오정구,오정동,8260,2979,2342,1522,1092,248,62,9,4,1,1
4119657000,2026-07-31,경기도,부천시 오정구,신흥동,7961,3399,2157,1336,819,193,40,11,4,0,2
4121051000,2026-07-31,경기도,광명시,광명1동,6625,1752,1855,1650,1140,185,29,11,3,0,0
4121052000,2026-07-31,경기도,광명시,광명2동,3336,1250,964,656,395,55,15,1,0,0,0
4121054000,2026-07-31,경기도,광명시,광명3동,4702,2314,1238,677,352,89,26,5,1,0,0
4121055000,2026-07-31,경기도,광명시,광명4동,3340,1225,1042,625,337,86,20,4,1,0,0
4121056000,2026-07-31,경기도,광명시,광명5동,5049,1766,1449,970,683,142,22,15,0,2,0
4121057000,2026-07-31,경기도,광명시,광명6동,4864,1194,1312,1172,926,213,38,8,1,0,0
4121058000,2026-07-31,경기도,광명시,광명7동,10373,2742,3083,2480,1609,370,69,14,4,1,1
4121059000,2026-07-31,경기도,광명시,철산1동,3800,857,994,954,824,147,20,2,1,1,0
4121060000,2026-07-31,경기도,광명시,철산2동,8023,2454,2024,1884,1368,226,57,8,2,0,0
4121061000,2026-07-31,경기도,광명시,철산3동,12583,2155,3133,3438,3116,606,101,18,11,4,1
4121062000,2026-07-31,경기도,광명시,철산4동,3638,940,1081,863,618,121,10,4,1,0,0
4121063100,2026-07-31,경기도,광명시,하안1동,9725,2833,2326,2178,1949,361,55,11,11,1,0
4121063200,2026-07-31,경기도,광명시,하안2동,6429,2889,1887,1011,555,68,15,3,1,0,0
4121063300,2026-07-31,경기도,광명시,하안3동,8535,3396,2386,1508,1040,172,25,7,0,1,0
4121063400,2026-07-31,경기도,광명시,하안4동,4994,1685,1435,1026,727,100,16,4,1,0,0
4121064000,2026-07-31,경기도,광명시,소하1동,11200,2918,2823,2406,2337,563,120,19,11,3,0
4121065000,2026-07-31,경기도,광명시,소하2동,10881,3312,3321,2141,1633,387,61,17,6,3,0
4121065500,2026-07-31,경기도,광명시,일직동,9024,3381,1800,1775,1672,328,58,7,3,0,0
4121066000,2026-07-31,경기도,광명시,학온동,857,422,236,115,52,23,6,2,1,0,0
4122025000,2026-07-31,경기도,평택시,팽성읍,15542,8721,3892,1721,837,268,75,23,4,0,1
4122025300,2026-07-31,경기도,평택시,안중읍,19431,8521,4654,3076,2435,609,98,27,7,1,3
4122025600,2026-07-31,경기도,평택시,포승읍,13071,8375,2565,1189,707,178,45,7,4,1,0
4122025900,2026-07-31,경기도,평택시,청북읍,11435,4488,2535,1984,1832,507,75,12,2,0,0
4122031000,2026-07-31,경기도,평택시,진위면,6050,3389,1466,697,352,109,28,8,0,0,1
4122032000,2026-07-31,경기도,평택시,서탄면,1812,911,530,224,102,29,12,2,1,0,1
4122033000,2026-07-31,경기도,평택시,고덕면,6651,3162,1845,903,557,139,34,6,4,1,0
4122034000,2026-07-31,경기도,평택시,오성면,3128,1464,943,411,205,73,26,6,0,0,0
4122037000,2026-07-31,경기도,평택시,현덕면,7714,2970,2311,1333,868,195,32,1,3,0,1
4122051000,2026-07-31,경기도,평택시,중앙동,23479,11805,5388,3305,2305,538,107,20,6,2,3
4122052000,2026-07-31,경기도,평택시,서정동,13294,6878,3342,1740,995,265,53,10,8,1,2
4122053500,2026-07-31,경기도,평택시,송탄동,11108,3817,2897,2343,1636,343,47,20,3,2,0
4122055000,2026-07-31,경기도,평택시,지산동,7604,5004,1381,654,421,126,15,2,1,0,0
4122056000,2026-07-31,경기도,평택시,송북동,9522,3853,2576,1584,1117,288,75,26,1,1,1
4122057000,2026-07-31,경기도,평택시,신장1동,3749,2104,875,433,241,74,15,5,2,0,0
4122058000,2026-07-31,경기도,평택시,신장2동,2954,1920,651,225,109,35,9,3,2,0,0
4122059000,2026-07-31,경기도,평택시,신평동,11457,6983,2265,1238,700,210,46,11,2,1,1
4122060000,2026-07-31,경기도,평택시,원평동,7037,3765,1723,926,492,99,23,8,1,0,0
4122061000,2026-07-31,경기도,평택시,통복동,3595,1800,860,566,308,50,9,2,0,0,0
4122062000,2026-07-31,경기도,평택시,비전1동,22451,8555,5241,4264,3525,747,86,25,3,3,2
4122063000,2026-07-31,경기도,평택시,비전2동,22953,6665,6093,5150,3959,890,166,24,4,0,2
4122063500,2026-07-31,경기도,평택시,용이동,11310,4751,2092,2002,1960,418,62,17,6,2,0
4122064000,2026-07-31,경기도,평택시,세교동,16243,5504,4222,3356,2488,539,103,23,7,0,1
4122065000,2026-07-31,경기도,평택시,동삭동,19076,6989,4393,3932,3030,635,79,16,2,0,0
4122066000,2026-07-31,경기도,평택시,고덕동,29391,11543,6080,5747,4814,1048,124,23,10,1,1
4125051000,2026-07-31,경기도,동두천시,생연1동,3205,1603,892,416,209,64,12,6,0,1,2
4125052000,2026-07-31,경기도,동두천시,생연2동,4958,2000,1457,772,530,146,38,8,5,2,0
4125053500,2026-07-31,경기도,동두천시,중앙동,2804,1858,603,230,79,29,5,0,0,0,0
4125055000,2026-07-31,경기도,동두천시,보산동,1487,859,373,156,67,23,6,3,0,0,0
4125056500,2026-07-31,경기도,동두천시,불현동,12533,5641,3417,1843,1222,314,71,13,6,5,1
4125056600,2026-07-31,경기도,동두천시,송내동,11943,4868,3146,2086,1343,385,85,25,3,0,2
4125058000,2026-07-31,경기도,동두천시,소요동,4292,2219,1158,505,284,94,22,5,1,1,3
4125060000,2026-07-31,경기도,동두천시,상패동,2589,1441,698,265,130,32,17,4,2,0,0
4127151000,2026-07-31,경기도,안산시 상록구,일동,10973,5002,2761,1709,1152,282,52,13,1,1,0
4127151500,2026-07-31,경기도,안산시 상록구,이동,13464,8448,2657,1304,808,195,37,14,0,0,1
4127152500,2026-07-31,경기도,안산시 상록구,사동,15252,8001,3385,2080,1382,326,62,12,4,0,0
4127153200,2026-07-31,경기도,안산시 상록구,사이동,12903,4546,3338,2567,1878,441,109,16,4,2,2
4127153700,2026-07-31,경기도,안산시 상록구,해양동,15088,4272,3052,3461,3384,749,129,23,10,2,6
4127154000,2026-07-31,경기도,안산시 상록구,본오1동,17124,8265,4051,2552,1687,457,90,18,2,2,0
4127155000,2026-07-31,경기도,안산시 상록구,본오2동,10767,4152,2810,1981,1387,332,78,17,7,2,1
4127156000,2026-07-31,경기도,안산시 상록구,본오3동,8846,4096,2208,1371,905,199,44,17,3,2,1
4127157000,2026-07-31,경기도,안산시 상록구,부곡동,9272,3795,2417,1681,1015,287,58,14,3,1,1
4127158000,2026-07-31,경기도,안산시 상록구,월피동,16788,7346,4236,2810,1828,457,88,17,4,1,1
4127159000,2026-07-31,경기도,안산시 상록구,성포동,9575,2235,2870,2369,1721,309,49,19,3,0,0
4127160000,2026-07-31,경기도,안산시 상록구,반월동,8287,2996,2614,1519,901,202,42,9,3,0,1
4127161000,2026-07-31,경기도,안산시 상록구,안산동,3974,1748,1134,615,345,101,18,8,4,1,0
4127351000,2026-07-31,경기도,안산시 단원구,와동,17276,7948,4264,2705,1753,487,97,15,5,2,0
4127352500,2026-07-31,경기도,안산시 단원구,고잔동,10045,4921,2415,1540,894,228,34,9,3,0,1
4127353200,2026-07-31,경기도,안산시 단원구,중앙동,12228,6311,2474,1871,1263,264,36,6,3,0,0
4127353500,2026-07-31,경기도,안산시 단원구,호수동,16091,4197,3709,3916,3448,677,112,19,8,5,0
4127354500,2026-07-31,경기도,안산시 단원구,원곡동,3850,2801,701,233,86,25,3,1,0,0,0
4127355500,2026-07-31,경기도,안산시 단원구,백운동,9560,2300,2902,2385,1551,333,72,14,2,1,0
4127356500,2026-07-31,경기도,안산시 단원구,신길동,9655,4151,2464,1491,1157,326,55,6,4,1,0
4127357000,2026-07-31,경기도,안산시 단원구,초지동,21411,8860,5055,3830,2907,630,101,17,7,3,1
4127358000,2026-07-31,경기도,안산시 단원구,선부1동,8109,3524,2103,1436,838,167,33,7,1,0,0
4127359000,2026-07-31,경기도,안산시 단원구,선부2동,8547,4018,2039,1417,832,192,36,9,4,0,0
4127360000,2026-07-31,경기도,안산시 단원구,선부3동,14614,5920,3714,2615,1866,397,82,15,5,0,0
4127361000,2026-07-31,경기도,안산시 단원구,대부동,5604,3240,1625,452,181,68,25,11,1,0,1
4128151000,2026-07-31,경기도,고양시 덕양구,주교동,5239,2561,1298,780,468,104,21,5,1,1,0
4128152000,2026-07-31,경기도,고양시 덕양구,원신동,9344,2815,2634,1952,1563,282,69,22,4,3,0
4128153000,2026-07-31,경기도,고양시 덕양구,흥도동,13098,5213,2800,2454,2127,402,74,23,3,1,1
4128154000,2026-07-31,경기도,고양시 덕양구,성사1동,11538,4983,2956,2034,1212,276,56,15,5,0,1
4128155000,2026-07-31,경기도,고양시 덕양구,성사2동,4592,1621,1369,881,565,124,26,5,1,0,0
4128156000,2026-07-31,경기도,고양시 덕양구,효자동,10770,3308,2459,2525,1969,429,64,11,4,0,1
4128157600,2026-07-31,경기도,고양시 덕양구,삼송1동,10272,4009,2630,2000,1301,260,54,11,4,2,1
4128157700,2026-07-31,경기도,고양시 덕양구,삼송2동,14127,6393,3811,2235,1396,231,41,14,6,0,0
4128158000,2026-07-31,경기도,고양시 덕양구,창릉동,10062,3341,2811,2256,1337,261,38,12,5,0,1
4128159000,2026-07-31,경기도,고양시 덕양구,고양동,12333,4860,3216,2152,1544,449,93,11,6,0,2
4128160000,2026-07-31,경기도,고양시 덕양구,관산동,16082,6655,4819,2591,1492,410,86,21,6,1,1
4128161000,2026-07-31,경기도,고양시 덕양구,능곡동,7406,2560,1968,1514,1053,246,50,12,2,1,0
4128162100,2026-07-31,경기도,고양시 덕양구,화정1동,15793,6227,3860,2897,2174,488,108,24,10,4,1
4128162200,2026-07-31,경기도,고양시 덕양구,화정2동,13179,4044,3335,3175,2252,305,50,13,2,1,2
4128163000,2026-07-31,경기도,고양시 덕양구,행주동,6447,3509,1482,847,461,111,23,10,2,0,2
4128164000,2026-07-31,경기도,고양시 덕양구,행신1동,8496,2702,2411,1826,1234,250,59,11,0,1,2
4128165000,2026-07-31,경기도,고양시 덕양구,행신2동,13122,4791,3456,2602,1820,335,90,18,8,1,1
4128165500,2026-07-31,경기도,고양시 덕양구,행신3동,8843,2220,2463,2202,1606,276,56,17,2,1,0
4128165600,2026-07-31,경기도,고양시 덕양구,행신4동,9504,4533,2442,1315,954,218,33,8,1,0,0
4128166000,2026-07-31,경기도,고양시 덕양구,화전동,12141,4401,2897,2474,1927,374,51,15,1,1,0
4128167000,2026-07-31,경기도,고양시 덕양구,대덕동,6919,2373,1306,1499,1352,324,41,16,5,3,0
4128551000,2026-07-31,경기도,고양시 일산동구,식사동,15026,3681,3206,3796,3313,818,163,34,8,6,1
4128552500,2026-07-31,경기도,고양시 일산동구,중산1동,8951,3325,2426,1717,1098,287,77,9,7,5,0
4128552600,2026-07-31,경기도,고양시 일산동구,중산2동,9442,2662,2788,2045,1594,292,47,9,4,1,0
4128553000,2026-07-31,경기도,고양시 일산동구,정발산동,9926,4087,2633,1722,1115,275,72,18,3,0,1
4128554000,2026-07-31,경기도,고양시 일산동구,풍산동,16998,4531,4648,3933,3059,654,127,31,9,4,2
4128555100,2026-07-31,경기도,고양시 일산동구,백석1동,12716,4715,3306,2601,1723,293,56,17,2,2,1
4128555200,2026-07-31,경기도,고양시 일산동구,백석2동,11682,6998,2441,1340,704,154,33,8,2,2,0
4128556000,2026-07-31,경기도,고양시 일산동구,마두1동,8666,2306,2041,1990,1856,381,64,24,4,0,0
4128557000,2026-07-31,경기도,고양시 일산동구,마두2동,5706,1397,1329,1378,1259,275,52,12,3,1,0
4128558000,2026-07-31,경기도,고양시 일산동구,장항1동,8441,2366,2372,2199,1276,175,47,5,0,0,1
4128559000,2026-07-31,경기도,고양시 일산동구,장항2동,16409,10495,3125,1687,834,186,58,12,6,2,4
4128560000,2026-07-31,경기도,고양시 일산동구,고봉동,10557,5027,2732,1578,866,256,75,18,3,0,2
4128751000,2026-07-31,경기도,고양시 일산서구,일산1동,9877,2524,2900,2352,1651,344,72,26,7,0,1
4128752000,2026-07-31,경기도,고양시 일산서구,일산2동,8380,3066,2304,1668,1064,214,47,9,3,3,2
4128753000,2026-07-31,경기도,고양시 일산서구,일산3동,11954,2140,2818,3523,2930,461,61,16,4,1,0
4128754500,2026-07-31,경기도,고양시 일산서구,탄현1동,12306,4055,3064,2759,1927,392,75,24,8,1,1
4128754600,2026-07-31,경기도,고양시 일산서구,탄현2동,7142,1720,1954,1758,1299,322,70,10,5,1,3
4128755000,2026-07-31,경기도,고양시 일산서구,주엽1동,10914,3420,2950,2367,1754,331,62,19,8,3,0
4128756000,2026-07-31,경기도,고양시 일산서구,주엽2동,11286,3731,2948,2409,1787,342,52,13,2,1,1
4128757000,2026-07-31,경기도,고양시 일산서구,대화동,16026,6925,3813,3014,1837,337,78,15,2,5,0
4128758000,2026-07-31,경기도,고양시 일산서구,송포동,7883,1870,2225,2082,1381,253,58,8,4,1,1
4128760000,2026-07-31,경기도,고양시 일산서구,덕이동,11832,3024,3026,2819,2162,607,151,31,9,2,1
4128761000,2026-07-31,경기도,고양시 일산서구,가좌동,7057,1812,1815,1666,1365,311,71,14,2,0,1
4129051000,2026-07-31,경기도,과천시,중앙동,4246,865,1094,1112,946,167,49,8,2,2,1
4129051500,2026-07-31,경기도,과천시,원문동,5345,636,1122,1585,1570,348,64,17,1,2,0
4129052000,2026-07-31,경기도,과천시,갈현동,6820,1406,1301,1556,1857,588,89,18,4,1,0
4129053000,2026-07-31,경기도,과천시,별양동,4576,964,1066,1203,1058,230,46,8,0,1,0
4129054000,2026-07-31,경기도,과천시,부림동,3296,683,870,848,677,171,37,6,4,0,0
4129055000,2026-07-31,경기도,과천시,과천동,2647,1082,646,472,306,92,32,9,6,0,2
4129056000,2026-07-31,경기도,과천시,문원동,2737,851,739,579,419,107,26,10,3,1,2
4131051000,2026-07-31,경기도,구리시,갈매동,12577,3802,3165,2789,2311,424,68,14,1,3,0
4131052000,2026-07-31,경기도,구리시,동구동,13669,3301,3815,3307,2591,525,101,19,4,5,1
4131053000,2026-07-31,경기도,구리시,인창동,11139,3479,2967,2429,1813,356,71,17,3,3,1
4131054100,2026-07-31,경기도,구리시,교문1동,8082,4360,1918,1037,581,139,38,5,2,1,1
4131054200,2026-07-31,경기도,구리시,교문2동,7909,1902,2066,1891,1651,305,70,20,4,0,0
4131057000,2026-07-31,경기도,구리시,수택1동,8610,4189,2008,1253,939,193,21,3,3,0,1
4131058000,2026-07-31,경기도,구리시,수택2동,11885,5394,2960,1953,1222,274,69,7,5,0,1
4131059000,2026-07-31,경기도,구리시,수택3동,9556,3794,2316,1834,1288,270,45,9,0,0,0
4136025000,2026-07-31,경기도,남양주시,와부읍,23832,6400,6525,5312,4354,953,214,50,15,5,4
4136025300,2026-07-31,경기도,남양주시,진접읍,40026,13006,10770,7830,6396,1587,342,72,14,5,4
4136025600,2026-07-31,경기도,남양주시,화도읍,28883,10903,7786,5366,3627,957,193,39,8,3,1
4136025700,2026-07-31,경기도,남양주시,화도읍동부출장소,5634,1945,1571,1007,790,254,47,17,1,0,2
4136025800,2026-07-31,경기도,남양주시,화도읍남부출장소,14676,4628,3749,3100,2484,584,99,19,7,5,1
4136025900,2026-07-31,경기도,남양주시,진건읍,9407,3918,2716,1537,901,255,58,16,4,1,1
4136026200,2026-07-31,경기도,남양주시,오남읍,21740,7400,5715,4281,3333,831,148,22,7,3,0
4136026500,2026-07-31,경기도,남양주시,퇴계원읍,11278,3517,3399,2333,1583,343,78,17,7,1,0
4136031000,2026-07-31,경기도,남양주시,별내면,8077,3017,2264,1448,1018,263,54,8,5,0,0
4136034000,2026-07-31,경기도,남양주시,수동면,4794,2608,1323,464,252,99,37,5,4,1,1
4136036000,2026-07-31,경기도,남양주시,조안면,1887,920,509,248,129,54,16,10,1,0,0
4136051000,2026-07-31,경기도,남양주시,호평동,21904,5821,5676,4936,4362,888,178,31,8,2,2
4136052000,2026-07-31,경기도,남양주시,평내동,14674,3913,3687,3346,2924,651,122,28,2,0,1
4136053000,2026-07-31,경기도,남양주시,금곡동,8694,3926,2536,1374,673,143,32,7,3,0,0
4136054000,2026-07-31,경기도,남양주시,양정동,1259,776,284,112,54,27,4,1,1,0,0
4136054500,2026-07-31,경기도,남양주시,다산1동,42260,12892,9310,9267,8266,2037,377,84,15,7,5
4136056500,2026-07-31,경기도,남양주시,다산2동,14442,3884,3526,3328,3046,539,94,20,2,0,3
4136057000,2026-07-31,경기도,남양주시,별내동,36008,12575,9180,6999,5649,1251,270,60,16,6,2
4137051000,2026-07-31,경기도,오산시,중앙동,14053,4791,3472,2820,2379,497,81,11,2,0,0
4137052300,2026-07-31,경기도,오산시,대원1동,21620,9880,4734,3440,2753,653,120,26,11,2,1
4137052600,2026-07-31,경기도,오산시,대원2동,10484,3574,2570,2115,1774,380,56,10,3,1,1
4137053000,2026-07-31,경기도,오산시,남촌동,18296,11301,2884,2029,1641,377,56,6,1,0,1
4137054300,2026-07-31,경기도,오산시,신장1동,16019,6408,3894,2688,2259,635,99,29,3,4,0
4137054600,2026-07-31,경기도,오산시,신장2동,9929,3684,2392,1817,1639,334,46,13,2,2,0
4137055000,2026-07-31,경기도,오산시,세마동,13814,4969,3312,2636,2271,506,89,20,6,2,3
4137056000,2026-07-31,경기도,오산시,초평동,14274,5681,3577,2679,1903,374,47,12,0,0,1
4139051000,2026-07-31,경기도,시흥시,대야동,18749,6746,4975,3858,2573,481,74,28,10,2,2
4139052000,2026-07-31,경기도,시흥시,신천동,16053,7234,4232,2618,1521,351,65,26,5,1,0
4139053100,2026-07-31,경기도,시흥시,신현동,4288,1740,1351,664,402,105,20,3,2,0,1
4139054000,2026-07-31,경기도,시흥시,은행동,22189,5625,5181,5443,4774,995,126,34,10,1,0
4139055000,2026-07-31,경기도,시흥시,매화동,5162,2070,1476,858,564,153,28,8,3,1,1
4139057000,2026-07-31,경기도,시흥시,목감동,17340,5660,4541,3604,2822,600,87,16,4,4,2
4139058100,2026-07-31,경기도,시흥시,군자동,9927,4013,2675,1797,1102,281,43,10,5,0,1
4139058200,2026-07-31,경기도,시흥시,월곶동,8823,4134,2178,1333,896,219,43,16,4,0,0
4139058900,2026-07-31,경기도,시흥시,정왕본동,11766,8676,1678,784,477,123,20,5,1,2,0
4139059100,2026-07-31,경기도,시흥시,정왕1동,13235,8897,2129,1270,741,162,30,6,0,0,0
4139059200,2026-07-31,경기도,시흥시,정왕2동,11141,3536,2977,2396,1764,381,68,9,9,1,0
4139059300,2026-07-31,경기도,시흥시,정왕3동,10968,5533,2455,1586,1090,249,45,8,1,0,1
4139059400,2026-07-31,경기도,시흥시,정왕4동,7385,1717,2006,1766,1507,312,60,12,4,1,0
4139059600,2026-07-31,경기도,시흥시,배곧1동,12299,1931,2795,3451,3390,629,89,11,2,1,0
4139059700,2026-07-31,경기도,시흥시,배곧2동,15677,6629,2722,2808,2824,597,69,20,4,2,2
4139062100,2026-07-31,경기도,시흥시,과림동,1131,759,238,83,40,6,5,0,0,0,0
4139063000,2026-07-31,경기도,시흥시,연성동,9869,2945,2747,2143,1617,350,52,12,3,0,0
4139063100,2026-07-31,경기도,시흥시,장곡동,18155,4760,4240,4294,3891,832,113,19,5,1,0
4139064000,2026-07-31,경기도,시흥시,능곡동,11006,3741,2680,2164,1899,432,74,11,4,1,0
4139065000,2026-07-31,경기도,시흥시,거북섬동,6679,3911,1072,886,686,100,20,4,0,0,0
4141051000,2026-07-31,경기도,군포시,군포1동,14807,6877,3425,2415,1608,379,82,12,6,2,1
4141052000,2026-07-31,경기도,군포시,군포2동,16086,4285,4280,3709,3002,663,112,28,3,3,1
4141054000,2026-07-31,경기도,군포시,산본1동,8297,4751,2026,922,474,91,25,6,2,0,0
4141055000,2026-07-31,경기도,군포시,산본2동,9831,2550,2677,2363,1792,346,71,29,2,1,0
4141056000,2026-07-31,경기도,군포시,금정동,9635,4770,2372,1389,834,217,37,14,1,0,1
4141057000,2026-07-31,경기도,군포시,재궁동,8315,3567,2428,1271,795,183,51,14,5,1,0
4141058000,2026-07-31,경기도,군포시,오금동,8603,2796,2549,1791,1235,183,38,6,5,0,0
4141059000,2026-07-31,경기도,군포시,수리동,6972,2807,1912,1175,858,175,31,11,1,1,1
4141060000,2026-07-31,경기도,군포시,궁내동,6927,1267,1672,1867,1717,327,57,16,2,0,2
4141061000,2026-07-31,경기도,군포시,대야동,3772,1129,1088,862,531,124,27,7,4,0,0
4141062000,2026-07-31,경기도,군포시,광정동,10284,4092,2368,1858,1576,294,76,14,3,2,1
4141063000,2026-07-31,경기도,군포시,송부동,8245,2465,2130,1755,1452,363,61,17,1,1,0
4143051000,2026-07-31,경기도,의왕시,고천동,7552,2362,2052,1671,1140,267,46,9,3,1,1
4143052000,2026-07-31,경기도,의왕시,부곡동,12531,4199,3536,2620,1658,408,79,21,5,2,3
4143053000,2026-07-31,경기도,의왕시,오전동,12498,2649,3572,3141,2505,489,98,35,6,2,1
4143054000,2026-07-31,경기도,의왕시,내손1동,8323,2690,2210,1739,1354,252,56,18,2,1,1
4143055000,2026-07-31,경기도,의왕시,내손2동,11640,2554,3318,3089,2186,395,69,20,8,1,0
4143056000,2026-07-31,경기도,의왕시,청계동,16093,5082,4609,3312,2392,541,112,31,9,4,1
4145051000,2026-07-31,경기도,하남시,천현동,3168,1709,797,379,201,57,19,2,4,0,0
4145052000,2026-07-31,경기도,하남시,신장1동,4015,2185,1032,486,246,49,11,3,1,1,1
4145053000,2026-07-31,경기도,하남시,신장2동,18740,5317,5590,4170,2866,624,119,41,10,2,1
4145054000,2026-07-31,경기도,하남시,덕풍1동,6274,2211,1878,1183,765,180,36,14,4,3,0
4145055000,2026-07-31,경기도,하남시,덕풍2동,8408,3530,2399,1408,814,216,30,9,1,1,0
4145056000,2026-07-31,경기도,하남시,덕풍3동,11775,3730,3455,2226,1805,452,85,13,7,1,1
4145058000,2026-07-31,경기도,하남시,감북동,1779,945,444,234,117,26,8,4,1,0,0
4145058200,2026-07-31,경기도,하남시,감일동,14770,3670,3197,3459,3304,979,122,32,4,3,0
4145058500,2026-07-31,경기도,하남시,위례동,12260,2137,2560,3358,3321,735,121,17,7,3,1
4145059000,2026-07-31,경기도,하남시,춘궁동,487,355,80,24,21,5,1,0,0,0,1
4145060000,2026-07-31,경기도,하남시,초이동,1669,982,372,176,99,34,5,0,1,0,0
4145061000,2026-07-31,경기도,하남시,미사1동,28281,15348,5092,3763,3253,671,120,24,6,3,1
4145062000,2026-07-31,경기도,하남시,미사2동,18401,5209,4320,4170,3781,763,121,23,12,2,0
4145063000,2026-07-31,경기도,하남시,미사3동,11043,2730,2339,2690,2589,582,88,19,4,2,0
4146125000,2026-07-31,경기도,용인시 처인구,포곡읍,14224,5819,3601,2445,1737,489,96,21,8,3,5
4146125300,2026-07-31,경기도,용인시 처인구,모현읍,15983,6223,4172,3006,1978,458,111,30,3,2,0
4146125600,2026-07-31,경기도,용인시 처인구,이동읍,8796,3838,2308,1413,886,281,51,9,4,1,5
4146125900,2026-07-31,경기도,용인시 처인구,남사읍,9956,3173,2770,1975,1547,373,90,21,5,1,1
4146126200,2026-07-31,경기도,용인시 처인구,양지읍,10642,4890,2758,1587,1016,288,70,16,8,1,8
4146134000,2026-07-31,경기도,용인시 처인구,원삼면,4452,2436,1128,492,251,93,37,11,3,1,0
4146135000,2026-07-31,경기도,용인시 처인구,백암면,4196,2257,1124,503,201,68,33,7,0,1,2
4146151000,2026-07-31,경기도,용인시 처인구,중앙동,13611,6777,3006,2007,1336,396,71,16,1,0,1
4146152500,2026-07-31,경기도,용인시 처인구,역북동,15849,6503,3551,2847,2397,445,81,18,7,0,0
4146152600,2026-07-31,경기도,용인시 처인구,삼가동,6660,1802,1855,1600,1091,238,54,16,3,1,0
4146153500,2026-07-31,경기도,용인시 처인구,유림1동,6469,2629,1867,1160,641,139,23,8,1,1,0
4146153600,2026-07-31,경기도,용인시 처인구,유림2동,14940,3569,3975,3711,2912,635,105,24,5,4,0
4146154000,2026-07-31,경기도,용인시 처인구,동부동,6147,2736,1717,930,564,154,27,17,1,1,0
4146351000,2026-07-31,경기도,용인시 기흥구,신갈동,16087,5680,4309,3343,2208,436,78,18,9,5,1
4146351600,2026-07-31,경기도,용인시 기흥구,영덕1동,13901,4103,3426,3022,2636,555,115,23,16,4,1
4146351700,2026-07-31,경기도,용인시 기흥구,영덕2동,7983,2399,2060,1878,1344,244,47,6,5,0,0
4146352000,2026-07-31,경기도,용인시 기흥구,구갈동,18131,7189,4158,3518,2700,444,94,21,7,0,0
4146353000,2026-07-31,경기도,용인시 기흥구,상갈동,6188,2875,1462,961,710,139,32,4,4,1,0
4146353500,2026-07-31,경기도,용인시 기흥구,보라동,12597,3411,3107,2733,2464,675,153,33,15,4,2
4146354000,2026-07-31,경기도,용인시 기흥구,기흥동,9138,3216,2609,1681,1185,335,73,28,8,2,1
4146355000,2026-07-31,경기도,용인시 기흥구,서농동,11012,4509,2297,1986,1807,319,67,20,5,2,0
4146356000,2026-07-31,경기도,용인시 기흥구,구성동,15366,4168,4317,3313,2662,685,167,40,9,5,0
4146357000,2026-07-31,경기도,용인시 기흥구,마북동,13162,3229,3626,3184,2371,538,167,31,10,4,2
4146357200,2026-07-31,경기도,용인시 기흥구,동백1동,11682,2810,2740,2762,2766,512,68,17,7,0,0
4146357500,2026-07-31,경기도,용인시 기흥구,동백2동,9437,2144,2010,2284,2283,553,122,28,9,2,2
4146357700,2026-07-31,경기도,용인시 기흥구,동백3동,10529,2498,2631,2527,2243,497,97,24,8,3,1
4146358600,2026-07-31,경기도,용인시 기흥구,상하동,9169,2580,2468,1948,1662,377,95,30,6,2,1
4146359000,2026-07-31,경기도,용인시 기흥구,보정동,13632,3221,3156,3473,3007,570,150,37,10,6,2
4146551000,2026-07-31,경기도,용인시 수지구,풍덕천1동,13688,5314,3246,2649,2026,369,61,13,8,1,1
4146552000,2026-07-31,경기도,용인시 수지구,풍덕천2동,15405,3708,3048,4085,3886,531,114,20,11,0,2
4146553000,2026-07-31,경기도,용인시 수지구,신봉동,14804,2792,3576,3972,3520,725,155,42,17,3,2
4146554000,2026-07-31,경기도,용인시 수지구,죽전1동,11138,2671,2801,2804,2282,453,102,16,7,2,0
4146555000,2026-07-31,경기도,용인시 수지구,죽전2동,7126,2116,1896,1679,1200,184,38,8,4,1,0
4146555500,2026-07-31,경기도,용인시 수지구,죽전3동,11135,3816,2432,2391,2077,332,63,16,6,1,1
4146556000,2026-07-31,경기도,용인시 수지구,동천동,19792,5003,4812,5076,4013,674,152,36,8,11,7
4146557000,2026-07-31,경기도,용인시 수지구,상현1동,6517,836,1463,1850,1800,444,90,25,7,1,1
4146558000,2026-07-31,경기도,용인시 수지구,상현2동,11406,1830,2856,3118,2817,579,153,32,16,4,1
4146558500,2026-07-31,경기도,용인시 수지구,상현3동,11088,3605,2316,2478,2166,421,74,16,8,3,1
4146559000,2026-07-31,경기도,용인시 수지구,성복동,18808,2806,4636,5090,4839,1055,263,85,19,7,8
4148025000,2026-07-31,경기도,파주시,문산읍,22463,9455,5670,3528,2788,840,139,30,9,3,1
4148025300,2026-07-31,경기도,파주시,파주읍,7471,4069,1949,838,445,126,37,4,1,0,2
4148025600,2026-07-31,경기도,파주시,법원읍,5098,2712,1446,548,278,80,22,8,3,0,1
4148026200,2026-07-31,경기도,파주시,조리읍,12642,4928,3541,2220,1355,454,103,25,12,1,3
4148031000,2026-07-31,경기도,파주시,월롱면,5361,4072,779,321,119,53,11,4,1,1,0
4148032000,2026-07-31,경기도,파주시,탄현면,7778,4068,1968,1011,506,161,47,12,2,2,1
4148035000,2026-07-31,경기도,파주시,광탄면,5552,3000,1432,642,320,106,34,12,4,0,2
4148036000,2026-07-31,경기도,파주시,파평면,1890,981,566,205,96,29,9,2,2,0,0
4148037000,2026-07-31,경기도,파주시,적성면,3385,1664,966,450,207,73,18,4,1,0,2
4148039000,2026-07-31,경기도,파주시,장단면,320,129,94,54,18,16,5,3,1,0,0
4148051000,2026-07-31,경기도,파주시,금촌1동,13028,7769,2852,1414,755,188,39,7,1,3,0
4148052000,2026-07-31,경기도,파주시,금촌2동,12667,4187,3357,2478,2024,521,87,11,0,0,2
4148053000,2026-07-31,경기도,파주시,금촌3동,10495,3594,2898,2063,1413,403,94,19,6,4,1
4148054000,2026-07-31,경기도,파주시,교하동,3677,1839,982,446,287,90,26,6,0,0,1
4148055000,2026-07-31,경기도,파주시,운정1동,24305,7429,6213,5242,4321,908,143,35,10,4,0
4148056000,2026-07-31,경기도,파주시,운정2동,24696,6532,5661,5697,5437,1144,175,30,11,6,3
4148057000,2026-07-31,경기도,파주시,운정3동,26987,7872,6513,5925,5354,1090,169,46,12,6,0
4148058000,2026-07-31,경기도,파주시,운정4동,10809,3708,3145,2106,1341,380,92,27,6,3,1
4148059000,2026-07-31,경기도,파주시,운정5동,22705,5591,5580,5621,4583,1085,199,34,9,1,2
4148060000,2026-07-31,경기도,파주시,운정6동,16825,5818,3666,3645,2994,608,77,13,3,0,1
4150025000,2026-07-31,경기도,이천시,장호원읍,6987,3026,2101,1000,632,176,35,9,6,1,1
4150025300,2026-07-31,경기도,이천시,부발읍,17084,7573,3957,2734,2158,538,99,18,6,1,0
4150031000,2026-07-31,경기도,이천시,신둔면,7037,3270,1884,1029,628,170,42,11,3,0,0
4150032000,2026-07-31,경기도,이천시,백사면,5963,2206,1972,971,597,153,48,12,4,0,0
4150033000,2026-07-31,경기도,이천시,호법면,3867,2429,798,372,176,68,19,1,3,1,0
4150034000,2026-07-31,경기도,이천시,마장면,8974,4907,1833,1110,827,231,47,14,4,1,0
4150035000,2026-07-31,경기도,이천시,대월면,8089,4529,1655,988,693,174,35,10,2,2,1
4150036000,2026-07-31,경기도,이천시,모가면,2223,1157,668,228,102,48,13,7,0,0,0
4150037000,2026-07-31,경기도,이천시,설성면,2365,1253,686,274,97,37,13,4,0,1,0
4150038000,2026-07-31,경기도,이천시,율면,1397,722,466,128,54,21,2,3,1,0,0
4150051000,2026-07-31,경기도,이천시,창전동,8291,4513,2030,982,542,161,51,9,3,0,0
4150051500,2026-07-31,경기도,이천시,증포동,21862,5874,5140,5050,4522,1059,160,36,14,5,2
4150052000,2026-07-31,경기도,이천시,중리동,10379,5755,2093,1363,893,224,40,5,4,1,1
4150053000,2026-07-31,경기도,이천시,관고동,5586,2580,1394,836,579,149,39,7,2,0,0
4155025000,2026-07-31,경기도,안성시,공도읍,32439,12537,8469,5732,4399,1058,199,24,16,3,2
4155031000,2026-07-31,경기도,안성시,보개면,2459,1113,819,307,128,61,22,7,0,1,1
4155032000,2026-07-31,경기도,안성시,금광면,3558,1730,1037,441,240,74,29,5,1,0,1
4155033000,2026-07-31,경기도,안성시,서운면,1586,758,514,191,79,35,7,1,0,1,0
4155034000,2026-07-31,경기도,안성시,미양면,2867,1469,853,325,140,62,10,4,1,0,3
4155035000,2026-07-31,경기도,안성시,대덕면,8243,4901,1731,878,544,145,31,9,1,2,1
4155036000,2026-07-31,경기도,안성시,양성면,2607,1349,773,288,119,44,20,7,2,1,4
4155038000,2026-07-31,경기도,안성시,원곡면,3665,2063,944,405,165,59,20,5,2,0,2
4155039000,2026-07-31,경기도,안성시,일죽면,3787,1896,1170,428,187,79,19,4,2,1,1
4155040000,2026-07-31,경기도,안성시,죽산면,4024,2347,1058,353,180,57,20,2,1,0,6
4155041000,2026-07-31,경기도,안성시,삼죽면,2637,1829,532,160,69,33,9,2,1,0,2
4155042000,2026-07-31,경기도,안성시,고삼면,994,526,296,89,58,15,8,2,0,0,0
4155051000,2026-07-31,경기도,안성시,안성1동,5431,2463,1514,814,455,128,50,6,0,0,1
4155052000,2026-07-31,경기도,안성시,안성2동,12812,5947,2830,2058,1491,388,76,16,5,0,1
4155053000,2026-07-31,경기도,안성시,안성3동,12159,4593,3212,2215,1622,415,75,14,8,2,3
4157025000,2026-07-31,경기도,김포시,통진읍,18592,9505,4789,2335,1496,362,86,14,4,0,1
4157025300,2026-07-31,경기도,김포시,고촌읍,19717,4812,4637,4714,4366,934,192,43,11,7,1
4157025600,2026-07-31,경기도,김포시,양촌읍,16255,8270,4137,2097,1316,345,72,9,7,1,1
4157034000,2026-07-31,경기도,김포시,대곶면,5165,2952,1294,533,263,97,18,5,2,0,1
4157035000,2026-07-31,경기도,김포시,월곶면,3052,1803,771,287,131,34,15,5,2,0,4
4157036000,2026-07-31,경기도,김포시,하성면,3977,1893,1196,525,247,68,40,5,3,0,0
4157051500,2026-07-31,경기도,김포시,김포본동,22254,5466,6113,5270,4206,959,174,46,13,4,3
4157052500,2026-07-31,경기도,김포시,장기본동,13836,2721,3275,3416,3391,830,141,47,8,5,2
4157054000,2026-07-31,경기도,김포시,사우동,9518,3669,2533,1821,1202,225,58,9,1,0,0
4157055000,2026-07-31,경기도,김포시,풍무동,23657,6725,5719,5347,4439,1110,235,56,20,5,1
4157056000,2026-07-31,경기도,김포시,장기동,16175,4899,3577,3596,3301,673,96,21,9,0,3
4157057000,2026-07-31,경기도,김포시,구래동,21846,10018,4414,3632,2971,662,116,21,8,3,1
4157057500,2026-07-31,경기도,김포시,마산동,15368,5563,3523,3039,2609,531,72,23,7,1,0
4157058000,2026-07-31,경기도,김포시,운양동,18729,4720,4373,4589,4019,828,142,41,13,1,3
4159125000,2026-07-31,경기도,화성시 만세구,우정읍,9275,5037,2395,1018,566,194,48,13,3,1,0
4159125300,2026-07-31,경기도,화성시 만세구,향남읍,41265,19877,8335,6039,5354,1353,238,52,12,3,2
4159125600,2026-07-31,경기도,화성시 만세구,남양읍,30207,14370,7001,4637,3150,824,170,44,6,1,4
4159131000,2026-07-31,경기도,화성시 만세구,마도면,3891,2344,952,345,162,59,15,9,2,0,3
4159132000,2026-07-31,경기도,화성시 만세구,송산면,5536,2830,1561,644,312,131,40,12,3,2,1
4159133000,2026-07-31,경기도,화성시 만세구,서신면,4067,2236,1185,410,157,53,15,8,2,0,1
4159134000,2026-07-31,경기도,화성시 만세구,팔탄면,5846,3759,1323,469,200,61,27,5,1,0,1
4159135000,2026-07-31,경기도,화성시 만세구,장안면,5225,2990,1320,503,257,107,27,16,1,1,3
4159136000,2026-07-31,경기도,화성시 만세구,양감면,2287,1423,553,191,74,34,12,0,0,0,0
4159151000,2026-07-31,경기도,화성시 만세구,새솔동,9080,1140,1995,2669,2597,571,92,13,3,0,0
4159325000,2026-07-31,경기도,화성시 효행구,봉담읍,47741,16032,11628,9873,8033,1785,318,49,15,2,6
4159331000,2026-07-31,경기도,화성시 효행구,매송면,3388,1724,951,435,205,51,15,5,2,0,0
4159332000,2026-07-31,경기도,화성시 효행구,비봉면,8807,4341,2291,1295,703,149,22,5,0,0,1
4159333000,2026-07-31,경기도,화성시 효행구,정남면,5859,3366,1433,612,323,90,24,5,3,0,3
4159351000,2026-07-31,경기도,화성시 효행구,기배동,6088,1531,1650,1435,1118,299,38,12,2,1,2
4159551000,2026-07-31,경기도,화성시 병점구,진안동,23808,10818,4686,4133,3352,694,98,20,5,0,2
4159552000,2026-07-31,경기도,화성시 병점구,병점1동,16117,6200,3656,3055,2550,534,93,22,5,2,0
4159553000,2026-07-31,경기도,화성시 병점구,병점2동,8784,2523,2168,1819,1799,398,57,16,3,0,1
4159554000,2026-07-31,경기도,화성시 병점구,반월동,13342,2537,2992,3588,3345,723,118,29,8,2,0
4159555000,2026-07-31,경기도,화성시 병점구,화산동,13779,5719,3506,2367,1696,384,86,14,5,1,1
4159751000,2026-07-31,경기도,화성시 동탄구,동탄1동,20885,7615,3588,4529,4328,698,95,20,12,0,0
4159752000,2026-07-31,경기도,화성시 동탄구,동탄2동,11804,2240,2455,2861,3433,695,99,14,3,2,2
4159753000,2026-07-31,경기도,화성시 동탄구,동탄3동,17477,6754,3588,3357,3127,545,79,19,3,5,0
4159754000,2026-07-31,경기도,화성시 동탄구,동탄4동,16850,1669,3042,4955,6102,944,106,19,9,2,2
4159755000,2026-07-31,경기도,화성시 동탄구,동탄5동,21583,8703,4589,4005,3570,603,85,23,3,2,0
4159756000,2026-07-31,경기도,화성시 동탄구,동탄6동,20287,7976,3789,3806,3688,871,129,21,6,1,0
4159757000,2026-07-31,경기도,화성시 동탄구,동탄7동,22664,6557,4824,5182,4995,957,113,25,7,4,0
4159758000,2026-07-31,경기도,화성시 동탄구,동탄8동,14829,3191,3179,3910,3644,778,105,15,6,0,1
4159759000,2026-07-31,경기도,화성시 동탄구,동탄9동,23110,5850,5042,5844,5233,983,128,24,4,2,0
4161025300,2026-07-31,경기도,광주시,초월읍,22990,8246,6188,4413,3117,773,193,48,10,1,1
4161025900,2026-07-31,경기도,광주시,곤지암읍,11062,5559,2802,1485,917,223,58,10,4,2,2
4161033000,2026-07-31,경기도,광주시,도척면,4926,2576,1315,588,316,100,25,4,2,0,0
4161034000,2026-07-31,경기도,광주시,퇴촌면,7626,3236,2326,1131,641,212,60,14,6,0,0
4161035000,2026-07-31,경기도,광주시,남종면,769,397,233,95,29,12,3,0,0,0,0
4161037000,2026-07-31,경기도,광주시,남한산성면,1092,496,294,168,93,31,6,4,0,0,0
4161051000,2026-07-31,경기도,광주시,경안동,14636,5856,3609,2588,2028,457,68,20,9,1,0
4161052000,2026-07-31,경기도,광주시,송정동,10908,4120,2907,2022,1415,355,65,20,0,4,0
4161054000,2026-07-31,경기도,광주시,쌍령동,6997,1941,2009,1596,1118,253,59,17,3,0,1
4161055000,2026-07-31,경기도,광주시,탄벌동,18389,5951,5385,3775,2462,639,136,29,6,2,4
4161056000,2026-07-31,경기도,광주시,광남1동,14143,5078,4083,2811,1642,434,68,19,5,3,0
4161057000,2026-07-31,경기도,광주시,광남2동,11726,1942,2853,3278,2940,580,104,16,10,3,0
4161058000,2026-07-31,경기도,광주시,오포1동,12271,3511,3088,2828,2176,541,106,12,5,3,1
4161059000,2026-07-31,경기도,광주시,오포2동,13478,4311,3534,2821,2085,579,121,21,5,1,0
4161060000,2026-07-31,경기도,광주시,신현동,16945,6885,4589,2998,1849,468,118,26,10,1,1
4161061000,2026-07-31,경기도,광주시,능평동,10229,3800,2889,1918,1141,361,90,25,3,0,2
4163025000,2026-07-31,경기도,양주시,백석읍,12287,4985,3648,1991,1214,343,73,22,5,2,4
4163031000,2026-07-31,경기도,양주시,은현면,2829,1587,716,310,129,60,19,7,1,0,0
4163032000,2026-07-31,경기도,양주시,남면,3355,1881,897,321,176,60,15,3,1,0,1
4163033000,2026-07-31,경기도,양주시,광적면,5570,2925,1457,673,343,115,38,15,3,0,1
4163034000,2026-07-31,경기도,양주시,장흥면,7173,3430,2051,1024,483,131,38,12,2,1,1
4163051000,2026-07-31,경기도,양주시,양주1동,2374,1183,649,319,146,59,11,5,1,1,0
4163052000,2026-07-31,경기도,양주시,양주2동,20958,6857,5865,3962,3133,910,166,44,16,3,2
4163053000,2026-07-31,경기도,양주시,회천1동,5250,2292,1422,889,489,132,19,7,0,0,0
4163054000,2026-07-31,경기도,양주시,회천2동,20995,7583,5697,4064,2849,664,111,18,8,1,0
4163055000,2026-07-31,경기도,양주시,회천3동,11084,4047,3055,2010,1485,407,62,12,5,1,0
4163057000,2026-07-31,경기도,양주시,옥정1동,18916,6859,4751,3825,2774,579,103,19,4,1,1
4163058000,2026-07-31,경기도,양주시,옥정2동,22672,5661,5297,5485,4905,1142,155,16,8,3,0
4165025000,2026-07-31,경기도,포천시,소흘읍,20360,8448,5455,3344,2348,612,117,20,9,5,2
4165031000,2026-07-31,경기도,포천시,군내면,5025,2426,1270,714,447,137,23,5,3,0,0
4165032000,2026-07-31,경기도,포천시,내촌면,2502,1519,624,217,103,24,13,1,1,0,0
4165033000,2026-07-31,경기도,포천시,가산면,4424,2576,1085,483,204,51,15,6,1,2,1
4165034000,2026-07-31,경기도,포천시,신북면,6172,3390,1613,645,386,105,26,4,2,0,1
4165035000,2026-07-31,경기도,포천시,창수면,1132,622,339,112,34,18,6,0,1,0,0
4165036000,2026-07-31,경기도,포천시,영중면,2616,1503,704,232,123,34,16,2,1,1,0
4165037000,2026-07-31,경기도,포천시,일동면,4833,2593,1296,512,307,88,21,10,6,0,0
4165038000,2026-07-31,경기도,포천시,이동면,3268,1897,803,339,171,43,11,4,0,0,0
4165039000,2026-07-31,경기도,포천시,영북면,4103,2249,1066,454,240,72,18,3,0,0,1
4165040000,2026-07-31,경기도,포천시,관인면,1385,712,443,151,48,22,5,3,1,0,0
4165041000,2026-07-31,경기도,포천시,화현면,1390,805,359,132,63,21,6,2,0,2,0
4165051000,2026-07-31,경기도,포천시,포천동,9616,4353,2603,1479,890,229,49,10,1,2,0
4165052000,2026-07-31,경기도,포천시,선단동,7591,3871,2039,987,514,134,32,8,5,0,1
4167025000,2026-07-31,경기도,여주시,가남읍,7449,3716,2054,917,535,175,35,16,0,1,0
4167031000,2026-07-31,경기도,여주시,점동면,2364,1053,835,288,120,45,14,8,0,0,1
4167032000,2026-07-31,경기도,여주시,흥천면,2508,1107,847,312,155,57,23,5,1,0,1
4167033000,2026-07-31,경기도,여주시,금사면,1610,832,522,160,63,21,8,3,1,0,0
4167034500,2026-07-31,경기도,여주시,세종대왕면,2937,1383,923,375,160,57,24,10,2,1,2
4167035000,2026-07-31,경기도,여주시,대신면,3551,1760,1126,396,180,62,21,4,1,1,0
4167036000,2026-07-31,경기도,여주시,북내면,2463,1218,767,275,122,57,15,7,1,1,0
4167037000,2026-07-31,경기도,여주시,강천면,2382,1260,686,247,118,47,10,7,5,0,2
4167038000,2026-07-31,경기도,여주시,산북면,1241,581,397,142,74,32,10,3,1,0,1
4167051000,2026-07-31,경기도,여주시,여흥동,10755,5176,3003,1394,831,263,62,21,3,2,0
4167052000,2026-07-31,경기도,여주시,중앙동,11445,4416,2909,2039,1541,445,70,17,5,3,0
4167053000,2026-07-31,경기도,여주시,오학동,8450,3276,2370,1395,1052,285,52,16,4,0,0
4180025000,2026-07-31,경기도,연천군,연천읍,4410,2255,1134,538,344,112,18,7,2,0,0
4180025300,2026-07-31,경기도,연천군,전곡읍,9652,4391,2558,1338,945,325,69,16,6,1,3
4180031000,2026-07-31,경기도,연천군,군남면,1658,852,500,190,72,31,9,3,0,0,1
4180032000,2026-07-31,경기도,연천군,청산면,2360,1403,591,217,94,38,13,3,0,1,0
4180033000,2026-07-31,경기도,연천군,백학면,1360,672,420,162,73,19,13,0,1,0,0
4180034000,2026-07-31,경기도,연천군,미산면,978,507,319,94,30,17,8,2,1,0,0
4180035000,2026-07-31,경기도,연천군,왕징면,570,303,188,43,25,6,2,1,0,2,0
4180036000,2026-07-31,경기도,연천군,신서면,1469,855,432,112,41,19,9,0,0,0,1
4180037000,2026-07-31,경기도,연천군,중면,93,55,21,8,7,0,1,0,1,0,0
4180038000,2026-07-31,경기도,연천군,장남면,403,183,149,44,18,9,0,0,0,0,0
4182025000,2026-07-31,경기도,가평군,가평읍,10685,4873,3024,1448,974,276,66,23,1,0,0
4182031000,2026-07-31,경기도,가평군,설악면,5657,3093,1488,600,295,122,35,14,6,2,2
4182032500,2026-07-31,경기도,가평군,청평면,7321,3861,1993,836,463,126,29,7,6,0,0
4182033000,2026-07-31,경기도,가평군,상면,3164,1740,941,294,117,46,20,5,1,0,0
4182034500,2026-07-31,경기도,가평군,조종면,4367,2238,1114,508,354,122,18,6,0,0,7
4182035000,2026-07-31,경기도,가평군,북면,2117,1236,585,182,76,24,11,2,0,1,0
4183025000,2026-07-31,경기도,양평군,양평읍,17950,7218,4897,2971,2138,552,129,32,6,2,5
4183031000,2026-07-31,경기도,양평군,강상면,4825,1932,1477,739,485,146,36,3,5,0,2
4183032000,2026-07-31,경기도,양평군,강하면,2632,1307,848,271,127,63,9,6,0,0,1
4183033000,2026-07-31,경기도,양평군,양서면,6957,3046,2152,957,546,185,57,11,1,0,2
4183034000,2026-07-31,경기도,양평군,옥천면,4184,2031,1207,502,293,98,42,10,0,0,1
4183035000,2026-07-31,경기도,양평군,서종면,5093,2445,1431,625,425,109,45,8,4,0,1
4183036000,2026-07-31,경기도,양평군,단월면,2124,1122,662,207,79,27,17,4,2,0,4
4183037000,2026-07-31,경기도,양평군,청운면,2159,1194,669,183,68,29,9,3,0,1,3
4183038000,2026-07-31,경기도,양평군,양동면,2473,1282,817,217,100,36,11,4,2,2,2
4183039500,2026-07-31,경기도,양평군,지평면,3612,1766,1191,374,181,72,19,7,0,2,0
4183040000,2026-07-31,경기도,양평군,용문면,9349,4277,2667,1218,797,301,62,18,8,0,1
4183041000,2026-07-31,경기도,양평군,개군면,2690,1259,906,299,138,64,14,9,0,0,1
4311131000,2026-07-31,충청북도,청주시 상당구,낭성면,1182,577,427,114,45,12,4,2,1,0,0
4311132000,2026-07-31,충청북도,청주시 상당구,미원면,2716,1513,874,222,82,18,6,1,0,0,0
4311133000,2026-07-31,충청북도,청주시 상당구,가덕면,2029,962,764,206,64,22,8,2,1,0,0
4311134000,2026-07-31,충청북도,청주시 상당구,남일면,3184,1328,1056,484,201,81,23,8,1,2,0
4311135000,2026-07-31,충청북도,청주시 상당구,문의면,1962,973,667,191,94,25,8,3,0,1,0
4311152500,2026-07-31,충청북도,청주시 상당구,중앙동,3278,1602,862,458,270,65,17,3,1,0,0
4311154500,2026-07-31,충청북도,청주시 상당구,성안동,3651,2152,887,355,188,55,13,1,0,0,0
4311162000,2026-07-31,충청북도,청주시 상당구,탑대성동,5263,2088,1491,968,550,130,23,9,4,0,0
4311167000,2026-07-31,충청북도,청주시 상당구,영운동,5133,2566,1439,676,343,94,9,4,1,0,1
4311168000,2026-07-31,충청북도,청주시 상당구,금천동,12483,4306,3509,2416,1735,425,65,21,4,2,0
4311169000,2026-07-31,충청북도,청주시 상당구,용담명암산성동,4767,1238,1217,1041,955,259,49,8,0,0,0
4311172000,2026-07-31,충청북도,청주시 상당구,용암1동,24994,9776,6003,4522,3630,879,143,32,7,2,0
4311173000,2026-07-31,충청북도,청주시 상당구,용암2동,18859,6160,4735,3978,3238,663,67,12,5,1,0
4311231000,2026-07-31,충청북도,청주시 서원구,남이면,4811,2018,1532,735,390,97,27,9,1,1,1
4311232000,2026-07-31,충청북도,청주시 서원구,현도면,1702,942,519,147,57,23,7,2,2,0,3
4311251000,2026-07-31,충청북도,청주시 서원구,사직1동,1972,895,580,288,157,41,9,2,0,0,0
4311252000,2026-07-31,충청북도,청주시 서원구,사직2동,4249,1027,1312,966,733,173,24,9,1,2,2
4311253000,2026-07-31,충청북도,청주시 서원구,사창동,8844,5876,1698,702,418,114,25,9,1,1,0
4311254000,2026-07-31,충청북도,청주시 서원구,모충동,10905,5022,2786,1736,1121,197,29,12,2,0,0
4311255000,2026-07-31,충청북도,청주시 서원구,산남동,10474,3727,2565,2048,1672,385,59,14,4,0,0
4311256000,2026-07-31,충청북도,청주시 서원구,분평동,11852,4047,3269,2365,1730,367,60,12,1,1,0
4311257000,2026-07-31,충청북도,청주시 서원구,수곡1동,7072,3962,1813,793,356,108,28,10,0,0,2
4311258000,2026-07-31,충청북도,청주시 서원구,수곡2동,7560,3719,1953,1078,617,149,32,12,0,0,0
4311259000,2026-07-31,충청북도,청주시 서원구,성화개신죽림동,23070,10010,5694,3860,2727,635,113,26,4,1,0
4311325000,2026-07-31,충청북도,청주시 흥덕구,오송읍,24051,10754,5523,4249,2815,601,83,20,4,1,1
4311331000,2026-07-31,충청북도,청주시 흥덕구,강내면,5434,2622,1385,748,489,143,37,6,3,0,1
4311332000,2026-07-31,충청북도,청주시 흥덕구,옥산면,7614,2664,2258,1455,967,229,28,9,3,0,1
4311370000,2026-07-31,충청북도,청주시 흥덕구,운천신봉동,6645,2869,1960,997,618,164,28,7,2,0,0
4311374100,2026-07-31,충청북도,청주시 흥덕구,복대1동,21861,8293,4659,4258,3775,743,99,24,3,5,2
4311374200,2026-07-31,충청북도,청주시 흥덕구,복대2동,9634,6297,1931,825,419,126,24,8,1,2,1
4311374700,2026-07-31,충청북도,청주시 흥덕구,가경동,22413,7137,6130,4612,3606,804,104,11,9,0,0
4311375100,2026-07-31,충청북도,청주시 흥덕구,봉명1동,7196,4088,1604,857,503,110,26,5,2,1,0
4311375600,2026-07-31,충청북도,청주시 흥덕구,봉명2송정동,13600,7600,3009,1582,1094,254,54,6,0,0,1
4311376000,2026-07-31,충청북도,청주시 흥덕구,강서1동,15661,8150,3364,2030,1603,426,75,8,4,0,1
4311377000,2026-07-31,충청북도,청주시 흥덕구,강서2동,7611,2814,1360,1557,1577,262,35,5,1,0,0
4311425000,2026-07-31,충청북도,청주시 청원구,내수읍,9469,4381,2680,1317,786,243,48,9,4,1,0
4311425300,2026-07-31,충청북도,청주시 청원구,오창읍,30859,12996,6328,5467,4875,1011,137,31,10,2,2
4311431000,2026-07-31,충청북도,청주시 청원구,북이면,2339,1267,727,229,74,32,7,2,1,0,0
4311451000,2026-07-31,충청북도,청주시 청원구,우암동,7861,5230,1564,631,318,89,19,9,0,0,1
4311452000,2026-07-31,충청북도,청주시 청원구,내덕1동,4182,2125,1213,506,244,75,15,3,0,1,0
4311453000,2026-07-31,충청북도,청주시 청원구,내덕2동,6730,3436,1664,884,582,130,27,7,0,0,0
4311454000,2026-07-31,충청북도,청주시 청원구,율량사천동,22278,9680,5600,3563,2637,681,90,22,4,1,0
4311455000,2026-07-31,충청북도,청주시 청원구,오근장동,7463,2680,1739,1369,1342,287,35,9,1,1,0
4313025000,2026-07-31,충청북도,충주시,주덕읍,5368,2447,1576,758,433,118,29,6,1,0,0
4313031000,2026-07-31,충청북도,충주시,살미면,1059,492,407,111,33,13,2,1,0,0,0
4313032500,2026-07-31,충청북도,충주시,수안보면,1604,852,523,144,62,13,5,4,1,0,0
4313033500,2026-07-31,충청북도,충주시,대소원면,6201,4008,1250,571,287,59,16,6,3,0,1
4313035000,2026-07-31,충청북도,충주시,신니면,1551,796,558,139,44,7,4,2,0,0,1
4313036000,2026-07-31,충청북도,충주시,노은면,1229,603,468,106,33,11,6,1,0,0,1
4313037000,2026-07-31,충청북도,충주시,앙성면,2255,1238,746,181,56,22,10,1,0,0,1
4313038500,2026-07-31,충청북도,충주시,중앙탑면,6513,2315,1755,1287,919,198,25,9,2,2,1
4313039000,2026-07-31,충청북도,충주시,금가면,1945,902,584,272,124,45,16,2,0,0,0
4313040000,2026-07-31,충청북도,충주시,동량면,1827,866,647,209,66,24,9,2,2,1,1
4313041000,2026-07-31,충청북도,충주시,산척면,1241,641,428,125,27,15,3,2,0,0,0
4313042000,2026-07-31,충청북도,충주시,엄정면,1630,789,583,167,62,16,9,2,0,0,2
4313043000,2026-07-31,충청북도,충주시,소태면,1054,503,406,87,38,13,7,0,0,0,0
4313051500,2026-07-31,충청북도,충주시,성내.충인동,1444,854,364,135,64,17,8,0,2,0,0
4313053500,2026-07-31,충청북도,충주시,교현.안림동,10091,3852,3095,1716,1092,266,58,8,2,1,1
4313054000,2026-07-31,충청북도,충주시,교현2동,3383,1828,927,399,168,49,10,2,0,0,0
4313055000,2026-07-31,충청북도,충주시,용산동,6049,2109,1769,1131,807,189,32,9,3,0,0
4313056000,2026-07-31,충청북도,충주시,지현동,2443,1126,735,319,187,58,16,2,0,0,0
4313057100,2026-07-31,충청북도,충주시,문화동,4572,2195,1413,589,269,77,24,4,0,0,1
4313058000,2026-07-31,충청북도,충주시,호암.직동,9741,3612,2395,1845,1511,335,37,4,1,0,1
4313060500,2026-07-31,충청북도,충주시,달천동,2859,2022,559,176,63,24,8,2,3,0,2
4313061000,2026-07-31,충청북도,충주시,봉방동,4918,2525,1315,630,355,68,21,2,2,0,0
4313062500,2026-07-31,충청북도,충주시,칠금.금릉동,6288,2449,1891,1088,664,163,25,4,2,0,2
4313063000,2026-07-31,충청북도,충주시,연수동,17232,7887,4805,2485,1586,391,62,12,2,1,1
4313064000,2026-07-31,충청북도,충주시,목행.용탄동,2838,1118,818,493,309,79,17,2,0,2,0
4315025000,2026-07-31,충청북도,제천시,봉양읍,3679,1862,1247,349,138,58,20,2,1,1,1
4315031000,2026-07-31,충청북도,제천시,금성면,980,501,349,79,32,11,8,0,0,0,0
4315032000,2026-07-31,충청북도,제천시,청풍면,800,504,218,52,16,4,3,3,0,0,0
4315033000,2026-07-31,충청북도,제천시,수산면,1263,740,391,99,22,7,2,1,1,0,0
4315034000,2026-07-31,충청북도,제천시,덕산면,1171,607,412,97,31,17,4,1,0,0,2
4315035000,2026-07-31,충청북도,제천시,한수면,401,239,112,34,8,6,0,1,1,0,0
4315036000,2026-07-31,충청북도,제천시,백운면,1929,976,722,132,63,26,8,1,1,0,0
4315038000,2026-07-31,충청북도,제천시,송학면,2654,1355,919,248,86,33,6,2,4,1,0
4315051000,2026-07-31,충청북도,제천시,교동,8836,2920,2617,1653,1254,326,50,11,4,1,0
4315051800,2026-07-31,충청북도,제천시,의림지동,4658,2072,1256,714,466,119,24,4,1,1,1
4315052800,2026-07-31,충청북도,제천시,중앙동,2857,1508,862,279,128,61,16,2,1,0,0
4315053700,2026-07-31,충청북도,제천시,남현동,2442,1225,761,283,115,40,12,4,0,0,2
4315054700,2026-07-31,충청북도,제천시,영서동,4875,2344,1317,615,441,127,25,4,1,0,1
4315056000,2026-07-31,충청북도,제천시,용두동,10839,5877,2403,1346,952,208,43,6,4,0,0
4315057700,2026-07-31,충청북도,제천시,신백동,5137,2304,1548,736,401,121,19,7,1,0,0
4315059000,2026-07-31,충청북도,제천시,청전동,7809,3868,2461,889,430,128,29,3,1,0,0
4315060500,2026-07-31,충청북도,제천시,화산동,6819,2980,1815,997,785,199,33,8,2,0,0
4372025000,2026-07-31,충청북도,보은군,보은읍,7306,3241,2208,969,576,240,49,16,3,2,2
4372031500,2026-07-31,충청북도,보은군,속리산면,1094,630,342,77,24,19,1,0,0,0,1
4372032500,2026-07-31,충청북도,보은군,장안면,833,438,254,82,43,11,5,0,0,0,0
4372033000,2026-07-31,충청북도,보은군,마로면,1244,620,458,99,44,15,4,3,0,0,1
4372034000,2026-07-31,충청북도,보은군,탄부면,977,519,335,80,30,9,2,0,1,1,0
4372035000,2026-07-31,충청북도,보은군,삼승면,1309,692,431,119,41,18,6,1,1,0,0
4372036000,2026-07-31,충청북도,보은군,수한면,1076,552,374,91,37,13,5,3,1,0,0
4372037000,2026-07-31,충청북도,보은군,회남면,482,297,146,23,8,7,1,0,0,0,0
4372038500,2026-07-31,충청북도,보은군,회인면,1073,600,343,87,28,10,4,1,0,0,0
4372039000,2026-07-31,충청북도,보은군,내북면,1043,600,333,67,25,14,2,1,1,0,0
4372040000,2026-07-31,충청북도,보은군,산외면,1003,488,364,98,29,19,4,0,0,0,1
4373025000,2026-07-31,충청북도,옥천군,옥천읍,14431,5891,4200,2260,1451,505,94,14,12,1,3
4373031000,2026-07-31,충청북도,옥천군,동이면,1818,964,606,162,47,22,12,3,2,0,0
4373032000,2026-07-31,충청북도,옥천군,안남면,785,413,277,58,15,11,7,3,1,0,0
4373033000,2026-07-31,충청북도,옥천군,안내면,1125,599,386,85,35,16,2,2,0,0,0
4373034000,2026-07-31,충청북도,옥천군,청성면,1449,820,479,105,35,7,2,1,0,0,0
4373035000,2026-07-31,충청북도,옥천군,청산면,1781,1009,557,153,46,12,3,0,1,0,0
4373036000,2026-07-31,충청북도,옥천군,이원면,2265,1161,761,207,95,29,4,6,2,0,0
4373037000,2026-07-31,충청북도,옥천군,군서면,1285,701,402,119,42,13,3,3,1,1,0
4373038000,2026-07-31,충청북도,옥천군,군북면,1763,969,542,147,68,25,6,6,0,0,0
4374025000,2026-07-31,충청북도,영동군,영동읍,9719,4506,2642,1328,876,294,54,13,4,2,0
4374031000,2026-07-31,충청북도,영동군,용산면,1901,1037,620,159,63,14,5,3,0,0,0
4374032000,2026-07-31,충청북도,영동군,황간면,2134,1017,732,235,94,34,18,3,0,0,1
4374033500,2026-07-31,충청북도,영동군,추풍령면,1198,606,414,112,37,20,5,1,3,0,0
4374034000,2026-07-31,충청북도,영동군,매곡면,1027,539,346,96,27,9,6,4,0,0,0
4374035000,2026-07-31,충청북도,영동군,상촌면,1307,710,451,89,41,9,4,3,0,0,0
4374036000,2026-07-31,충청북도,영동군,양강면,1663,862,544,151,57,33,10,5,1,0,0
4374037000,2026-07-31,충청북도,영동군,용화면,562,327,183,30,17,2,3,0,0,0,0
4374038000,2026-07-31,충청북도,영동군,학산면,1622,932,519,110,45,11,5,0,0,0,0
4374039000,2026-07-31,충청북도,영동군,양산면,1028,593,306,89,24,11,3,1,0,1,0
4374040000,2026-07-31,충청북도,영동군,심천면,1745,951,584,131,53,17,7,0,1,0,1
4374525000,2026-07-31,충청북도,증평군,증평읍,18258,8920,4710,2456,1593,461,93,18,4,1,2
4374531000,2026-07-31,충청북도,증평군,도안면,934,465,320,100,31,14,3,1,0,0,0
4375025000,2026-07-31,충청북도,진천군,진천읍,15258,7045,4214,2139,1355,398,81,21,5,0,0
4375025300,2026-07-31,충청북도,진천군,덕산읍,13697,5455,2977,2516,2162,499,64,17,5,2,0
4375032000,2026-07-31,충청북도,진천군,초평면,1595,765,542,182,69,34,2,1,0,0,0
4375033000,2026-07-31,충청북도,진천군,문백면,2044,1171,596,159,81,25,6,3,1,1,1
4375034000,2026-07-31,충청북도,진천군,백곡면,1227,684,397,94,31,13,3,3,0,2,0
4375035000,2026-07-31,충청북도,진천군,이월면,3747,2066,1068,394,144,57,13,4,1,0,0
4375037000,2026-07-31,충청북도,진천군,광혜원면,5862,3306,1361,656,383,126,20,8,2,0,0
4376025000,2026-07-31,충청북도,괴산군,괴산읍,5216,2800,1374,549,331,105,41,13,1,1,1
4376031000,2026-07-31,충청북도,괴산군,감물면,1200,638,396,100,39,19,5,2,1,0,0
4376032000,2026-07-31,충청북도,괴산군,장연면,1226,696,392,95,27,9,6,1,0,0,0
4376033000,2026-07-31,충청북도,괴산군,연풍면,1366,739,460,120,34,6,6,1,0,0,0
4376034000,2026-07-31,충청북도,괴산군,칠성면,1925,1070,578,171,62,29,11,3,1,0,0
4376035000,2026-07-31,충청북도,괴산군,문광면,1258,678,399,111,47,13,9,1,0,0,0
4376036000,2026-07-31,충청북도,괴산군,청천면,3280,1851,1057,242,79,37,12,1,0,0,1
4376037000,2026-07-31,충청북도,괴산군,청안면,2070,1153,668,153,55,29,8,2,0,1,1
4376039000,2026-07-31,충청북도,괴산군,사리면,1569,848,512,131,46,22,5,5,0,0,0
4376040000,2026-07-31,충청북도,괴산군,소수면,1324,673,445,125,56,19,5,1,0,0,0
4376041000,2026-07-31,충청북도,괴산군,불정면,1648,888,562,138,42,10,7,1,0,0,0
4377025000,2026-07-31,충청북도,음성군,음성읍,8351,4103,2510,1014,547,146,25,4,1,0,1
4377025300,2026-07-31,충청북도,음성군,금왕읍,10833,5866,2806,1214,694,194,47,8,3,0,1
4377025600,2026-07-31,충청북도,음성군,대소읍,11112,5200,3006,1622,970,252,51,9,1,0,1
4377031000,2026-07-31,충청북도,음성군,소이면,1664,917,552,130,51,10,3,0,0,0,1
4377032000,2026-07-31,충청북도,음성군,원남면,1847,1055,581,137,56,12,6,0,0,0,0
4377033000,2026-07-31,충청북도,음성군,맹동면,7091,3819,1418,918,735,155,25,8,1,0,12
4377035000,2026-07-31,충청북도,음성군,삼성면,3612,2102,967,334,142,53,9,2,3,0,0
4377036000,2026-07-31,충청북도,음성군,생극면,2582,1538,695,205,98,29,10,5,1,0,1
4377037000,2026-07-31,충청북도,음성군,감곡면,5420,2917,1509,600,279,82,26,4,2,1,0
4380025000,2026-07-31,충청북도,단양군,단양읍,5143,2411,1470,694,412,125,25,4,1,1,0
4380025300,2026-07-31,충청북도,단양군,매포읍,2638,1383,781,281,132,45,11,4,0,0,1
4380031000,2026-07-31,충청북도,단양군,대강면,1450,845,456,100,25,19,3,1,0,1,0
4380032000,2026-07-31,충청북도,단양군,가곡면,1152,602,399,104,34,5,5,2,0,1,0
4380033000,2026-07-31,충청북도,단양군,영춘면,1830,1055,540,128,71,21,10,1,3,0,1
4380034000,2026-07-31,충청북도,단양군,어상천면,1079,552,401,83,25,10,7,1,0,0,0
4380035000,2026-07-31,충청북도,단양군,적성면,943,552,311,63,10,4,1,1,0,1,0
4380036000,2026-07-31,충청북도,단양군,단성면,973,558,308,77,19,9,2,0,0,0,0
4413125000,2026-07-31,충청남도,천안시 동남구,목천읍,11198,5244,3078,1610,955,255,45,8,3,0,0
4413131000,2026-07-31,충청남도,천안시 동남구,풍세면,5477,2489,1617,806,417,117,22,7,2,0,0
4413132000,2026-07-31,충청남도,천안시 동남구,광덕면,2275,1159,752,230,97,26,6,3,2,0,0
4413133000,2026-07-31,충청남도,천안시 동남구,북면,2404,1337,735,213,72,32,14,1,0,0,0
4413134000,2026-07-31,충청남도,천안시 동남구,성남면,1513,759,504,149,69,19,9,3,0,0,1
4413135000,2026-07-31,충청남도,천안시 동남구,수신면,1206,684,360,101,41,13,4,3,0,0,0
4413136000,2026-07-31,충청남도,천안시 동남구,병천면,3661,2249,895,319,143,39,12,4,0,0,0
4413137000,2026-07-31,충청남도,천안시 동남구,동면,1131,645,363,83,25,5,7,1,1,0,1
4413151000,2026-07-31,충청남도,천안시 동남구,중앙동,2745,1718,631,247,112,27,8,1,1,0,0
4413152000,2026-07-31,충청남도,천안시 동남구,문성동,3924,1868,899,643,428,73,10,2,0,0,1
4413153000,2026-07-31,충청남도,천안시 동남구,원성1동,3988,1959,1126,522,276,70,28,6,1,0,0
4413154000,2026-07-31,충청남도,천안시 동남구,원성2동,4772,2540,1288,567,255,95,22,5,0,0,0
4413155000,2026-07-31,충청남도,천안시 동남구,봉명동,9259,4826,2209,1307,720,150,35,10,2,0,0
4413156000,2026-07-31,충청남도,천안시 동남구,일봉동,9929,2851,2713,2149,1710,422,64,17,3,0,0
4413157000,2026-07-31,충청남도,천안시 동남구,신방동,19719,8231,4559,3375,2746,673,102,27,5,1,0
4413158000,2026-07-31,충청남도,천안시 동남구,청룡동,24897,7685,6296,5409,4337,980,153,25,10,1,1
4413159000,2026-07-31,충청남도,천안시 동남구,신안동,21493,11862,4574,2782,1804,362,80,23,6,0,0
4413325000,2026-07-31,충청남도,천안시 서북구,성환읍,11142,5262,3147,1524,872,256,70,9,1,1,0
4413325300,2026-07-31,충청남도,천안시 서북구,성거읍,10485,4641,2781,1606,1125,275,44,9,1,0,3
4413325600,2026-07-31,충청남도,천안시 서북구,직산읍,9991,4973,2536,1394,821,202,49,9,3,0,4
4413331000,2026-07-31,충청남도,천안시 서북구,입장면,4159,2184,1189,489,213,62,15,6,1,0,0
4413351000,2026-07-31,충청남도,천안시 서북구,성정1동,9578,5346,2289,1166,610,135,23,6,2,0,1
4413352000,2026-07-31,충청남도,천안시 서북구,성정2동,17740,13319,2897,954,418,122,25,3,2,0,0
4413353000,2026-07-31,충청남도,천안시 서북구,쌍용1동,6148,2799,1638,952,575,145,27,9,3,0,0
4413354000,2026-07-31,충청남도,천안시 서북구,쌍용2동,14890,5301,3915,2939,2156,476,76,22,2,2,1
4413355000,2026-07-31,충청남도,천안시 서북구,쌍용3동,8089,3540,2024,1327,901,245,40,9,1,1,1
4413356000,2026-07-31,충청남도,천안시 서북구,백석동,15451,4038,3441,3556,3565,718,108,18,6,1,0
4413356600,2026-07-31,충청남도,천안시 서북구,불당1동,13190,4227,3084,2989,2387,421,57,16,8,1,0
4413356700,2026-07-31,충청남도,천안시 서북구,불당2동,14365,4171,2503,3397,3629,596,51,15,3,0,0
4413358000,2026-07-31,충청남도,천안시 서북구,부성1동,29358,14882,6153,4426,3193,588,94,14,6,1,1
4413359000,2026-07-31,충청남도,천안시 서북구,부성2동,27900,10890,5375,5491,5061,945,120,16,0,1,1
4415025000,2026-07-31,충청남도,공주시,유구읍,3803,1779,1435,359,152,52,16,7,1,1,1
4415031000,2026-07-31,충청남도,공주시,이인면,1576,768,511,194,66,25,7,3,2,0,0
4415032000,2026-07-31,충청남도,공주시,탄천면,1568,886,484,116,51,19,8,1,0,0,3
4415033000,2026-07-31,충청남도,공주시,계룡면,2969,1615,950,246,93,42,16,5,1,1,0
4415034000,2026-07-31,충청남도,공주시,반포면,2149,1096,676,223,105,31,12,4,0,0,2
4415036000,2026-07-31,충청남도,공주시,의당면,2372,1187,749,273,110,38,13,1,1,0,0
4415037000,2026-07-31,충청남도,공주시,정안면,2530,1307,798,271,93,34,19,5,1,1,1
4415038000,2026-07-31,충청남도,공주시,우성면,2654,1303,873,299,112,42,14,9,1,1,0
4415039000,2026-07-31,충청남도,공주시,사곡면,1476,718,521,141,54,24,13,5,0,0,0
4415040000,2026-07-31,충청남도,공주시,신풍면,1585,822,521,162,50,19,4,4,2,0,1
4415051000,2026-07-31,충청남도,공주시,중학동,2503,1507,590,239,113,43,10,1,0,0,0
4415054000,2026-07-31,충청남도,공주시,웅진동,3709,1747,1084,485,283,86,20,3,1,0,0
4415055000,2026-07-31,충청남도,공주시,금학동,2859,1579,658,319,204,73,22,3,0,0,1
4415056000,2026-07-31,충청남도,공주시,옥룡동,3904,2072,1136,413,205,58,13,4,0,1,2
4415057000,2026-07-31,충청남도,공주시,신관동,11201,6388,2474,1324,759,218,27,6,4,1,0
4415059000,2026-07-31,충청남도,공주시,월송동,7164,2591,1805,1363,1073,274,41,15,1,0,1
4418025000,2026-07-31,충청남도,보령시,웅천읍,3284,1842,1005,294,106,26,6,5,0,0,0
4418031000,2026-07-31,충청남도,보령시,주포면,851,442,287,71,33,15,3,0,0,0,0
4418032000,2026-07-31,충청남도,보령시,오천면,1111,545,397,106,44,12,6,1,0,0,0
4418032500,2026-07-31,충청남도,보령시,오천면어항출장소,808,432,248,79,29,9,10,1,0,0,0
4418032900,2026-07-31,충청남도,보령시,원산출장소,558,296,177,50,17,8,8,1,0,0,1
4418033000,2026-07-31,충청남도,보령시,천북면,1746,856,625,160,69,20,13,2,1,0,0
4418034000,2026-07-31,충청남도,보령시,청소면,1336,701,463,116,39,11,6,0,0,0,0
4418035000,2026-07-31,충청남도,보령시,청라면,1920,966,663,167,73,34,10,4,2,0,1
4418036000,2026-07-31,충청남도,보령시,남포면,2621,1239,953,270,114,29,11,2,2,1,0
4418038000,2026-07-31,충청남도,보령시,주산면,1316,722,436,115,33,8,1,1,0,0,0
4418039000,2026-07-31,충청남도,보령시,미산면,991,552,321,79,29,7,1,2,0,0,0
4418040000,2026-07-31,충청남도,보령시,성주면,1121,637,326,88,53,15,2,0,0,0,0
4418041000,2026-07-31,충청남도,보령시,주교면,2399,1112,790,298,136,38,18,5,1,0,1
4418051500,2026-07-31,충청남도,보령시,대천1동,6349,2969,1890,804,501,147,24,11,2,0,1
4418052500,2026-07-31,충청남도,보령시,대천2동,3445,1650,978,461,266,74,15,1,0,0,0
4418053500,2026-07-31,충청남도,보령시,대천3동,7427,3431,1811,1085,843,204,42,10,1,0,0
4418054500,2026-07-31,충청남도,보령시,대천4동,8365,3675,2175,1343,879,234,49,10,0,0,0
4418056500,2026-07-31,충청남도,보령시,대천5동,3287,1780,991,325,124,51,12,1,1,0,2
4420025000,2026-07-31,충청남도,아산시,염치읍,3031,1478,927,374,168,62,15,5,2,0,0
4420025300,2026-07-31,충청남도,아산시,배방읍,45862,19877,9586,7728,6833,1525,249,47,13,1,3
4420031000,2026-07-31,충청남도,아산시,송악면,1946,827,640,247,157,52,19,4,0,0,0
4420033000,2026-07-31,충청남도,아산시,탕정면,18352,6191,2858,3905,4403,857,113,23,1,1,0
4420035000,2026-07-31,충청남도,아산시,음봉면,11010,4924,2608,1679,1369,349,62,14,2,0,3
4420036000,2026-07-31,충청남도,아산시,둔포면,12514,6601,2718,1677,1153,293,52,10,8,0,2
4420037000,2026-07-31,충청남도,아산시,영인면,2705,1297,878,304,130,59,24,6,4,0,3
4420038000,2026-07-31,충청남도,아산시,인주면,3233,1895,890,276,117,42,10,1,2,0,0
4420039000,2026-07-31,충청남도,아산시,선장면,1554,765,547,157,60,20,4,1,0,0,0
4420040000,2026-07-31,충청남도,아산시,도고면,2322,1124,813,236,96,38,13,1,0,0,1
4420041000,2026-07-31,충청남도,아산시,신창면,11540,5490,3074,1550,1037,301,72,8,3,3,2
4420057000,2026-07-31,충청남도,아산시,온양1동,4970,2602,1152,706,395,88,20,5,0,0,2
4420058000,2026-07-31,충청남도,아산시,온양2동,5823,3535,1365,546,265,89,15,6,1,1,0
4420059000,2026-07-31,충청남도,아산시,온양3동,17677,6115,4246,3390,3047,736,112,26,2,2,1
4420060000,2026-07-31,충청남도,아산시,온양4동,7201,2895,2076,1207,785,198,32,4,2,1,1
4420061000,2026-07-31,충청남도,아산시,온양5동,10028,3697,2725,1831,1374,332,51,9,7,1,1
4420062000,2026-07-31,충청남도,아산시,온양6동,11786,4955,2830,1940,1592,393,56,15,3,1,1
4421025000,2026-07-31,충청남도,서산시,대산읍,6864,3817,1817,725,366,106,23,6,3,1,0
4421031000,2026-07-31,충청남도,서산시,인지면,3386,1339,1143,510,278,83,24,4,2,2,1
4421032000,2026-07-31,충청남도,서산시,부석면,2763,1243,1076,295,96,35,13,3,0,2,0
4421033000,2026-07-31,충청남도,서산시,팔봉면,1824,838,732,177,50,18,8,1,0,0,0
4421034000,2026-07-31,충청남도,서산시,지곡면,3820,1646,1227,542,280,100,20,4,0,0,1
4421036000,2026-07-31,충청남도,서산시,성연면,7204,2267,1894,1488,1274,234,39,6,1,1,0
4421037000,2026-07-31,충청남도,서산시,음암면,4700,2180,1522,558,317,97,16,6,2,1,1
4421038000,2026-07-31,충청남도,서산시,운산면,2712,1279,1005,266,99,47,11,1,1,1,2
4421039000,2026-07-31,충청남도,서산시,해미면,4144,2313,1150,422,160,69,25,5,0,0,0
4421040000,2026-07-31,충청남도,서산시,고북면,2950,1336,1057,335,161,49,11,1,0,0,0
4421051000,2026-07-31,충청남도,서산시,부춘동,8875,4266,2240,1267,849,199,35,14,4,0,1
4421052500,2026-07-31,충청남도,서산시,동문1동,7723,2892,2251,1365,920,239,49,4,1,1,1
4421053500,2026-07-31,충청남도,서산시,동문2동,4356,2337,1037,506,352,89,26,5,3,0,1
4421054000,2026-07-31,충청남도,서산시,수석동,8117,3516,1921,1281,1072,269,38,15,2,2,1
4421055000,2026-07-31,충청남도,서산시,석남동,14866,5108,3826,2911,2448,499,57,11,2,3,1
4423025000,2026-07-31,충청남도,논산시,강경읍,3991,2111,1217,436,151,52,22,0,2,0,0
4423025300,2026-07-31,충청남도,논산시,연무읍,6508,3260,1850,754,429,163,36,9,3,0,4
4423031000,2026-07-31,충청남도,논산시,성동면,2036,997,696,223,82,26,9,1,0,1,1
4423032000,2026-07-31,충청남도,논산시,광석면,2134,1116,680,211,76,36,10,3,1,1,0
4423033000,2026-07-31,충청남도,논산시,노성면,1500,759,507,146,55,21,9,2,1,0,0
4423034000,2026-07-31,충청남도,논산시,상월면,1866,1034,586,162,63,14,3,1,1,0,2
4423035000,2026-07-31,충청남도,논산시,부적면,1844,963,590,171,85,28,6,0,0,1,0
4423036000,2026-07-31,충청남도,논산시,연산면,3231,1805,982,281,103,27,23,6,1,0,3
4423038000,2026-07-31,충청남도,논산시,벌곡면,1381,809,414,100,38,12,6,2,0,0,0
4423039000,2026-07-31,충청남도,논산시,양촌면,2971,1433,910,350,190,58,15,9,3,1,2
4423040000,2026-07-31,충청남도,논산시,가야곡면,1779,918,614,160,60,15,6,4,1,1,0
4423041000,2026-07-31,충청남도,논산시,은진면,2221,1318,588,189,80,33,9,3,0,0,1
4423042000,2026-07-31,충청남도,논산시,채운면,1062,495,359,125,56,15,8,4,0,0,0
4423051000,2026-07-31,충청남도,논산시,취암동,16812,8059,4169,2365,1666,451,83,16,2,0,1
4423052000,2026-07-31,충청남도,논산시,부창동,7544,3115,2270,1164,749,195,40,6,2,0,3
4425031000,2026-07-31,충청남도,계룡시,두마면,5870,1717,1687,1276,914,226,38,8,3,0,1
4425031500,2026-07-31,충청남도,계룡시,엄사면,7877,3184,2274,1260,844,253,49,6,5,0,2
4425033000,2026-07-31,충청남도,계룡시,신도안면,2458,418,397,557,835,222,27,2,0,0,0
4425051000,2026-07-31,충청남도,계룡시,금암동,3479,1128,1102,630,463,117,33,5,1,0,0
4427025000,2026-07-31,충청남도,당진시,합덕읍,4235,2158,1367,436,175,70,24,5,0,0,0
4427025300,2026-07-31,충청남도,당진시,송악읍,14976,7287,3574,2031,1585,400,76,19,4,0,0
4427031000,2026-07-31,충청남도,당진시,고대면,3574,2004,1089,293,136,29,15,5,2,0,1
4427032000,2026-07-31,충청남도,당진시,석문면,5013,3197,1193,399,143,56,16,6,3,0,0
4427033000,2026-07-31,충청남도,당진시,대호지면,1209,574,447,127,39,15,2,4,0,1,0
4427034000,2026-07-31,충청남도,당진시,정미면,1974,1067,594,210,68,25,5,3,0,1,1
4427035000,2026-07-31,충청남도,당진시,면천면,1757,833,608,212,60,28,12,2,1,0,1
4427036000,2026-07-31,충청남도,당진시,순성면,2524,1235,846,289,108,31,14,1,0,0,0
4427037000,2026-07-31,충청남도,당진시,우강면,2718,1251,956,314,134,43,16,3,0,0,1
4427038000,2026-07-31,충청남도,당진시,신평면,6534,2611,1868,1022,752,232,37,7,4,1,0
4427039000,2026-07-31,충청남도,당진시,송산면,6290,3674,1413,652,399,114,27,8,2,0,1
4427051000,2026-07-31,충청남도,당진시,당진1동,19080,7928,4052,3546,2897,556,82,16,2,1,0
4427052000,2026-07-31,충청남도,당진시,당진2동,9951,3865,2539,1757,1396,329,56,6,2,1,0
4427053000,2026-07-31,충청남도,당진시,당진3동,6974,2646,1831,1224,995,227,39,9,2,1,0
4471025000,2026-07-31,충청남도,금산군,금산읍,10942,4706,3258,1521,1021,334,74,17,5,3,3
4471031000,2026-07-31,충청남도,금산군,금성면,1799,985,566,168,51,18,10,0,0,0,1
4471032000,2026-07-31,충청남도,금산군,제원면,1596,879,492,139,57,18,8,2,0,0,1
4471033000,2026-07-31,충청남도,금산군,부리면,1426,801,478,88,37,17,1,2,1,1,0
4471034000,2026-07-31,충청남도,금산군,군북면,1371,740,434,124,54,13,5,1,0,0,0
4471035000,2026-07-31,충청남도,금산군,남일면,1406,736,462,118,56,28,2,2,0,0,2
4471036000,2026-07-31,충청남도,금산군,남이면,1135,601,394,86,35,12,5,1,0,0,1
4471037000,2026-07-31,충청남도,금산군,진산면,1890,1093,560,143,60,22,9,1,1,1,0
4471038000,2026-07-31,충청남도,금산군,복수면,1679,935,502,150,56,29,4,3,0,0,0
4471039000,2026-07-31,충청남도,금산군,추부면,3510,2078,922,313,135,46,7,7,0,0,2
4476025000,2026-07-31,충청남도,부여군,부여읍,9111,4342,2686,1170,636,212,49,13,1,1,1
4476031000,2026-07-31,충청남도,부여군,규암면,5675,2562,1652,776,479,166,33,4,2,1,0
4476032000,2026-07-31,충청남도,부여군,은산면,1946,917,701,207,72,38,8,2,1,0,0
4476033000,2026-07-31,충청남도,부여군,외산면,1294,681,470,96,31,9,7,0,0,0,0
4476034000,2026-07-31,충청남도,부여군,내산면,832,414,322,49,26,14,4,2,1,0,0
4476035000,2026-07-31,충청남도,부여군,구룡면,1231,627,409,119,55,16,3,1,0,1,0
4476036000,2026-07-31,충청남도,부여군,홍산면,1424,707,502,119,63,23,7,1,0,1,1
4476037000,2026-07-31,충청남도,부여군,옥산면,801,431,284,54,20,6,4,2,0,0,0
4476038000,2026-07-31,충청남도,부여군,남면,973,485,365,79,25,9,6,4,0,0,0
4476039000,2026-07-31,충청남도,부여군,충화면,659,367,224,45,18,4,1,0,0,0,0
4476040000,2026-07-31,충청남도,부여군,양화면,938,525,318,63,23,6,1,2,0,0,0
4476041000,2026-07-31,충청남도,부여군,임천면,1525,841,486,127,43,18,6,2,2,0,0
4476042000,2026-07-31,충청남도,부여군,장암면,1437,772,467,127,45,18,4,0,2,2,0
4476043000,2026-07-31,충청남도,부여군,세도면,1624,832,577,132,51,22,7,2,0,1,0
4476044000,2026-07-31,충청남도,부여군,석성면,1401,680,488,143,58,25,6,0,0,0,1
4476045000,2026-07-31,충청남도,부여군,초촌면,1091,561,384,100,30,9,5,1,1,0,0
4477025000,2026-07-31,충청남도,서천군,장항읍,5824,3106,1630,624,339,93,23,7,1,0,1
4477025300,2026-07-31,충청남도,서천군,서천읍,6047,2504,1939,839,509,190,46,11,6,1,2
4477031000,2026-07-31,충청남도,서천군,마서면,2504,1297,849,206,97,40,7,3,4,0,1
4477032000,2026-07-31,충청남도,서천군,화양면,1177,604,421,94,32,21,4,0,1,0,0
4477033000,2026-07-31,충청남도,서천군,기산면,882,470,314,63,25,6,2,2,0,0,0
4477034000,2026-07-31,충청남도,서천군,한산면,1326,694,461,108,39,14,7,2,1,0,0
4477035000,2026-07-31,충청남도,서천군,마산면,791,403,289,48,26,18,3,3,1,0,0
4477036000,2026-07-31,충청남도,서천군,시초면,672,361,231,48,18,10,4,0,0,0,0
4477037000,2026-07-31,충청남도,서천군,문산면,710,380,253,53,13,10,1,0,0,0,0
4477038000,2026-07-31,충청남도,서천군,판교면,1124,587,400,87,33,14,2,1,0,0,0
4477039000,2026-07-31,충청남도,서천군,종천면,1183,670,370,86,34,13,6,2,1,0,1
4477040000,2026-07-31,충청남도,서천군,비인면,1558,788,561,139,41,21,6,0,0,0,2
4477041000,2026-07-31,충청남도,서천군,서면,2246,1187,703,219,85,38,9,2,2,0,1
4479025000,2026-07-31,충청남도,청양군,청양읍,5797,3216,1416,592,387,138,34,10,1,0,3
4479031000,2026-07-31,충청남도,청양군,운곡면,1189,622,392,118,40,10,6,0,1,0,0
4479032000,2026-07-31,충청남도,청양군,대치면,1231,614,423,122,41,21,7,2,1,0,0
4479033000,2026-07-31,충청남도,청양군,정산면,1996,1058,577,210,95,43,7,1,3,0,2
4479034000,2026-07-31,충청남도,청양군,목면,788,382,269,86,29,13,7,2,0,0,0
4479035000,2026-07-31,충청남도,청양군,청남면,1010,489,368,94,41,14,3,0,1,0,0
4479036000,2026-07-31,충청남도,청양군,장평면,1233,572,457,131,45,17,8,1,2,0,0
4479037000,2026-07-31,충청남도,청양군,남양면,1490,779,483,139,59,20,8,2,0,0,0
4479038000,2026-07-31,충청남도,청양군,화성면,1148,572,398,122,35,14,4,1,1,1,0
4479039000,2026-07-31,충청남도,청양군,비봉면,1165,596,387,120,41,18,2,0,1,0,0
4480025000,2026-07-31,충청남도,홍성군,홍성읍,17485,8296,4793,2359,1474,452,82,19,7,2,1
4480025300,2026-07-31,충청남도,홍성군,광천읍,4044,2062,1350,407,153,44,18,4,1,2,3
4480025600,2026-07-31,충청남도,홍성군,홍북읍,17120,6416,4062,3194,2672,665,93,14,4,0,0
4480032000,2026-07-31,충청남도,홍성군,금마면,1838,928,630,173,80,19,6,2,0,0,0
4480033000,2026-07-31,충청남도,홍성군,홍동면,1714,758,634,193,86,31,8,3,1,0,0
4480034000,2026-07-31,충청남도,홍성군,장곡면,1536,771,548,134,55,16,10,2,0,0,0
4480035000,2026-07-31,충청남도,홍성군,은하면,1126,559,398,115,30,17,6,1,0,0,0
4480036000,2026-07-31,충청남도,홍성군,결성면,1115,541,442,91,30,6,3,0,1,0,1
4480037000,2026-07-31,충청남도,홍성군,서부면,1635,780,600,158,67,21,6,2,1,0,0
4480038000,2026-07-31,충청남도,홍성군,갈산면,1914,1014,648,157,52,32,9,1,1,0,0
4480039000,2026-07-31,충청남도,홍성군,구항면,1818,928,632,154,69,24,8,3,0,0,0
4481025000,2026-07-31,충청남도,예산군,예산읍,14897,6829,4433,1964,1231,352,66,17,3,1,1
4481025300,2026-07-31,충청남도,예산군,삽교읍,8972,3497,2635,1551,975,263,32,15,1,2,1
4481031000,2026-07-31,충청남도,예산군,대술면,1278,626,485,116,40,8,3,0,0,0,0
4481032000,2026-07-31,충청남도,예산군,신양면,1595,777,560,176,50,19,11,1,0,1,0
4481033000,2026-07-31,충청남도,예산군,광시면,1628,835,568,144,55,23,2,1,0,0,0
4481034000,2026-07-31,충청남도,예산군,대흥면,948,477,341,82,30,12,5,1,0,0,0
4481035000,2026-07-31,충청남도,예산군,응봉면,1231,614,405,137,49,17,5,3,1,0,0
4481036000,2026-07-31,충청남도,예산군,덕산면,3364,1762,1061,332,132,49,14,8,3,1,2
4481037000,2026-07-31,충청남도,예산군,봉산면,1292,638,437,128,51,26,9,2,0,0,1
4481038000,2026-07-31,충청남도,예산군,고덕면,2216,1068,785,236,89,24,12,2,0,0,0
4481039000,2026-07-31,충청남도,예산군,신암면,1737,858,599,184,62,29,5,0,0,0,0
4481040000,2026-07-31,충청남도,예산군,오가면,2022,950,720,222,82,36,6,5,1,0,0
4482525000,2026-07-31,충청남도,태안군,태안읍,14914,7045,4300,1962,1171,352,65,16,3,0,0
4482525300,2026-07-31,충청남도,태안군,안면읍,4543,2485,1426,378,172,58,17,6,1,0,0
4482531000,2026-07-31,충청남도,태안군,고남면,1309,676,463,105,51,10,3,0,1,0,0
4482532000,2026-07-31,충청남도,태안군,남면,2510,1412,778,197,82,28,12,1,0,0,0
4482533000,2026-07-31,충청남도,태안군,근흥면,3263,1837,1040,278,74,23,9,0,2,0,0
4482534000,2026-07-31,충청남도,태안군,소원면,3100,1650,1099,231,73,31,13,3,0,0,0
4482535000,2026-07-31,충청남도,태안군,원북면,2567,1422,847,197,68,22,8,2,0,1,0
4482536000,2026-07-31,충청남도,태안군,이원면,1244,642,424,112,47,10,7,1,1,0,0
4711125000,2026-07-31,경상북도,포항시 남구,구룡포읍,4291,2669,1196,306,85,23,9,3,0,0,0
4711125300,2026-07-31,경상북도,포항시 남구,연일읍,12048,4078,3799,2237,1529,325,58,20,1,1,0
4711125600,2026-07-31,경상북도,포항시 남구,오천읍,28084,12941,7138,4255,2947,688,92,20,2,1,0
4711131000,2026-07-31,경상북도,포항시 남구,대송면,1764,986,549,156,54,14,4,1,0,0,0
4711132000,2026-07-31,경상북도,포항시 남구,동해면,4748,2204,1516,639,286,83,17,2,0,1,0
4711133000,2026-07-31,경상북도,포항시 남구,장기면,2283,1337,718,153,53,17,3,2,0,0,0
4711135000,2026-07-31,경상북도,포항시 남구,호미곶면,1055,634,320,74,20,4,3,0,0,0,0
4711152500,2026-07-31,경상북도,포항시 남구,상대동,13087,7498,3525,1340,556,127,33,4,2,1,1
4711154500,2026-07-31,경상북도,포항시 남구,해도동,9401,5642,2496,853,304,84,18,4,0,0,0
4711155000,2026-07-31,경상북도,포항시 남구,송도동,6191,3265,1933,638,264,65,19,6,1,0,0
4711156000,2026-07-31,경상북도,포항시 남구,청림동,2753,1680,692,236,110,30,3,1,1,0,0
4711157000,2026-07-31,경상북도,포항시 남구,제철동,1212,578,372,159,72,22,9,0,0,0,0
4711158000,2026-07-31,경상북도,포항시 남구,효곡동,11177,2676,3016,2544,2462,405,62,7,4,1,0
4711159000,2026-07-31,경상북도,포항시 남구,대이동,10142,3491,2864,2016,1442,275,41,9,1,0,3
4711325000,2026-07-31,경상북도,포항시 북구,흥해읍,27399,9438,8160,5514,3523,639,101,15,5,4,0
4711331000,2026-07-31,경상북도,포항시 북구,신광면,1619,843,582,130,37,16,5,4,1,1,0
4711332000,2026-07-31,경상북도,포항시 북구,청하면,2545,1424,766,245,86,16,6,2,0,0,0
4711333000,2026-07-31,경상북도,포항시 북구,송라면,1536,990,396,108,32,7,1,2,0,0,0
4711334000,2026-07-31,경상북도,포항시 북구,기계면,2718,1373,965,258,75,34,9,2,1,0,1
4711335000,2026-07-31,경상북도,포항시 북구,죽장면,1370,850,426,70,18,3,1,2,0,0,0
4711335500,2026-07-31,경상북도,포항시 북구,죽장면상옥출장소,391,218,137,26,6,3,1,0,0,0,0
4711336000,2026-07-31,경상북도,포항시 북구,기북면,787,424,277,61,15,5,2,3,0,0,0
4711352000,2026-07-31,경상북도,포항시 북구,중앙동,8459,4802,2214,963,379,74,21,3,1,2,0
4711363000,2026-07-31,경상북도,포항시 북구,양학동,8354,2636,2655,1679,1140,212,27,2,1,2,0
4711365500,2026-07-31,경상북도,포항시 북구,죽도동,10988,6636,2847,978,391,95,35,6,0,0,0
4711366500,2026-07-31,경상북도,포항시 북구,용흥동,8978,3177,3214,1561,822,147,43,12,2,0,0
4711368000,2026-07-31,경상북도,포항시 북구,우창동,13640,4955,3885,2626,1824,285,55,8,1,1,0
4711369000,2026-07-31,경상북도,포항시 북구,두호동,8771,2535,3049,1813,1092,227,48,6,1,0,0
4711370000,2026-07-31,경상북도,포항시 북구,장량동,30904,10604,8317,6205,4573,996,156,37,13,0,3
4711371000,2026-07-31,경상북도,포항시 북구,환여동,3743,1359,1171,654,448,87,17,6,0,0,1
4713025000,2026-07-31,경상북도,경주시,감포읍,3120,1858,850,272,103,22,12,2,0,1,0
4713025300,2026-07-31,경상북도,경주시,안강읍,11903,5956,3643,1374,678,211,31,5,2,1,2
4713025600,2026-07-31,경상북도,경주시,건천읍,7938,3698,2444,1086,562,120,21,5,2,0,0
4713025900,2026-07-31,경상북도,경주시,외동읍,11917,5916,3632,1468,669,180,42,6,3,1,0
4713031500,2026-07-31,경상북도,경주시,문무대왕면,2343,1269,706,243,95,24,5,1,0,0,0
4713032000,2026-07-31,경상북도,경주시,양남면,3569,1856,1102,376,167,50,15,2,1,0,0
4713033000,2026-07-31,경상북도,경주시,내남면,2604,1444,825,229,64,27,11,3,1,0,0
4713034000,2026-07-31,경상북도,경주시,산내면,2065,1258,634,131,32,4,2,3,1,0,0
4713035000,2026-07-31,경상북도,경주시,서면,1763,999,528,156,52,18,8,1,0,1,0
4713036000,2026-07-31,경상북도,경주시,현곡면,8953,2479,2727,1981,1387,307,63,7,1,1,0
4713037000,2026-07-31,경상북도,경주시,강동면,3447,1925,1041,303,130,31,13,1,2,1,0
4713038000,2026-07-31,경상북도,경주시,천북면,2958,1461,923,396,122,42,8,5,0,0,1
4713053000,2026-07-31,경상북도,경주시,황오동,5707,3282,1548,559,221,72,23,2,0,0,0
4713055000,2026-07-31,경상북도,경주시,성건동,7684,4755,1861,673,295,82,9,8,1,0,0
4713057000,2026-07-31,경상북도,경주시,황남동,2153,1219,626,208,68,20,8,1,1,1,1
4713059000,2026-07-31,경상북도,경주시,선도동,6721,3051,1718,1056,701,158,24,8,4,0,1
4713060500,2026-07-31,경상북도,경주시,월성동,2767,1289,883,346,185,44,17,3,0,0,0
4713061500,2026-07-31,경상북도,경주시,용강동,10580,3472,2728,2227,1765,325,53,9,1,0,0
4713062100,2026-07-31,경상북도,경주시,황성동,12322,4210,3341,2525,1818,365,49,11,2,0,1
4713063000,2026-07-31,경상북도,경주시,동천동,10386,4922,2925,1483,809,192,44,9,1,1,0
4713065000,2026-07-31,경상북도,경주시,불국동,5276,2717,1522,648,279,88,17,4,0,0,1
4713066000,2026-07-31,경상북도,경주시,보덕동,977,592,261,79,34,9,2,0,0,0,0
4715025000,2026-07-31,경상북도,김천시,아포읍,4344,2091,1420,521,232,61,15,3,0,0,1
4715031000,2026-07-31,경상북도,김천시,농소면,1612,781,499,183,97,36,12,3,1,0,0
4715032000,2026-07-31,경상북도,김천시,남면,1729,982,504,160,63,15,1,2,1,1,0
4715034000,2026-07-31,경상북도,김천시,개령면,1197,545,432,145,54,15,3,2,1,0,0
4715035000,2026-07-31,경상북도,김천시,감문면,1785,947,603,153,57,20,4,1,0,0,0
4715036000,2026-07-31,경상북도,김천시,어모면,2146,1111,667,220,86,45,11,1,0,1,4
4715037000,2026-07-31,경상북도,김천시,봉산면,1539,713,564,167,61,23,10,1,0,0,0
4715038000,2026-07-31,경상북도,김천시,대항면,1685,827,566,192,64,24,5,5,0,0,2
4715039000,2026-07-31,경상북도,김천시,감천면,913,406,355,91,43,15,2,1,0,0,0
4715040000,2026-07-31,경상북도,김천시,조마면,1140,552,420,109,39,12,7,0,1,0,0
4715041000,2026-07-31,경상북도,김천시,구성면,1565,859,529,119,40,12,6,0,0,0,0
4715042000,2026-07-31,경상북도,김천시,지례면,844,470,279,62,21,7,4,1,0,0,0
4715043000,2026-07-31,경상북도,김천시,부항면,745,446,216,52,23,6,2,0,0,0,0
4715044000,2026-07-31,경상북도,김천시,대덕면,1354,855,365,87,30,14,3,0,0,0,0
4715045000,2026-07-31,경상북도,김천시,증산면,597,357,190,33,10,4,1,0,0,0,2
4715051600,2026-07-31,경상북도,김천시,자산동,3373,1890,983,310,139,40,7,3,1,0,0
4715053600,2026-07-31,경상북도,김천시,평화남산동,4093,2424,1081,360,158,55,12,2,1,0,0
4715056500,2026-07-31,경상북도,김천시,양금동,1846,904,619,203,79,32,8,0,1,0,0
4715057500,2026-07-31,경상북도,김천시,대신동,11432,5228,2976,1719,1191,265,38,8,4,0,3
4715059500,2026-07-31,경상북도,김천시,대곡동,10203,4575,2809,1568,978,228,39,3,1,1,1
4715061000,2026-07-31,경상북도,김천시,지좌동,5327,2538,1453,745,426,134,23,5,2,0,1
4715064000,2026-07-31,경상북도,김천시,율곡동,9636,3309,1849,2031,2012,372,50,8,3,1,1
4717025000,2026-07-31,경상북도,안동시,풍산읍,4322,2111,1270,573,277,68,15,5,3,0,0
4717031000,2026-07-31,경상북도,안동시,와룡면,2053,1033,696,213,75,20,12,3,0,0,1
4717032000,2026-07-31,경상북도,안동시,북후면,1715,1017,501,137,41,13,4,2,0,0,0
4717033000,2026-07-31,경상북도,안동시,서후면,2340,1491,601,163,54,22,6,2,0,0,1
4717034000,2026-07-31,경상북도,안동시,풍천면,4445,2568,1064,467,253,68,22,1,2,0,0
4717035000,2026-07-31,경상북도,안동시,일직면,1425,789,452,125,42,10,7,0,0,0,0
4717036000,2026-07-31,경상북도,안동시,남후면,974,556,302,73,29,10,1,2,1,0,0
4717037000,2026-07-31,경상북도,안동시,남선면,1153,603,400,98,37,11,4,0,0,0,0
4717038000,2026-07-31,경상북도,안동시,임하면,1653,1085,398,108,36,20,5,0,0,0,1
4717039000,2026-07-31,경상북도,안동시,길안면,1570,892,504,130,30,8,3,3,0,0,0
4717040000,2026-07-31,경상북도,안동시,임동면,983,591,291,70,19,9,3,0,0,0,0
4717041000,2026-07-31,경상북도,안동시,예안면,1008,564,339,73,24,5,3,0,0,0,0
4717042000,2026-07-31,경상북도,안동시,도산면,853,473,300,65,11,3,1,0,0,0,0
4717043000,2026-07-31,경상북도,안동시,녹전면,919,470,346,77,14,6,4,1,0,1,0
4717051000,2026-07-31,경상북도,안동시,중구동,2996,1914,614,270,137,39,21,1,0,0,0
4717052000,2026-07-31,경상북도,안동시,명륜동,2503,1227,759,318,143,41,9,4,1,1,0
4717055500,2026-07-31,경상북도,안동시,용상동,13419,7321,2871,1743,1144,288,45,6,0,0,1
4717058500,2026-07-31,경상북도,안동시,서구동,4240,2105,1105,542,347,111,19,9,1,1,0
4717060000,2026-07-31,경상북도,안동시,태화동,6304,3077,1779,825,497,97,24,3,0,0,2
4717062000,2026-07-31,경상북도,안동시,평화동,2981,1324,945,421,216,55,16,3,1,0,0
4717063000,2026-07-31,경상북도,안동시,안기동,2846,1148,960,441,222,60,14,1,0,0,0
4717065000,2026-07-31,경상북도,안동시,옥동,9489,4078,2517,1497,1098,255,40,4,0,0,0
4717066000,2026-07-31,경상북도,안동시,송하동,6877,2874,1849,1097,800,207,37,6,4,2,1
4717069000,2026-07-31,경상북도,안동시,강남동,4337,1523,1125,857,638,159,30,3,0,0,2
4719025000,2026-07-31,경상북도,구미시,선산읍,6659,2896,2140,935,508,138,31,7,1,0,3
4719025300,2026-07-31,경상북도,구미시,고아읍,16835,4526,5297,3692,2721,515,65,13,5,0,1
4719025600,2026-07-31,경상북도,구미시,산동읍,12121,3499,2391,2850,2829,491,52,7,1,1,0
4719031000,2026-07-31,경상북도,구미시,무을면,1012,533,358,80,30,3,5,3,0,0,0
4719032000,2026-07-31,경상북도,구미시,옥성면,917,464,326,94,21,8,2,1,0,0,1
4719033000,2026-07-31,경상북도,구미시,도개면,1140,587,400,96,29,18,6,2,1,0,1
4719034000,2026-07-31,경상북도,구미시,해평면,2035,1026,688,218,60,36,4,3,0,0,0
4719036000,2026-07-31,경상북도,구미시,장천면,1484,716,493,180,67,24,4,0,0,0,0
4719051000,2026-07-31,경상북도,구미시,송정동,11504,5136,3154,1817,1113,224,45,8,2,1,4
4719053500,2026-07-31,경상북도,구미시,원평동,5526,3341,1071,611,426,64,11,2,0,0,0
4719055100,2026-07-31,경상북도,구미시,도량동,11809,4141,3629,2206,1465,314,47,4,1,0,2
4719055500,2026-07-31,경상북도,구미시,지산동,964,430,351,117,51,12,2,1,0,0,0
4719056500,2026-07-31,경상북도,구미시,선주원남동,17144,7438,4141,2933,2148,405,63,13,2,1,0
4719058200,2026-07-31,경상북도,구미시,형곡1동,5625,2049,1669,1090,662,128,17,6,2,1,1
4719058300,2026-07-31,경상북도,구미시,형곡2동,7268,3131,2101,1231,630,133,31,10,0,0,1
4719059000,2026-07-31,경상북도,구미시,신평1동,2715,1628,579,325,142,30,9,2,0,0,0
4719060000,2026-07-31,경상북도,구미시,신평2동,1435,679,376,217,133,23,5,1,1,0,0
4719061000,2026-07-31,경상북도,구미시,비산동,6185,2352,1632,1210,813,155,17,5,1,0,0
4719063000,2026-07-31,경상북도,구미시,광평동,2142,1140,502,286,163,40,9,1,1,0,0
4719064500,2026-07-31,경상북도,구미시,상모사곡동,14125,5954,3380,2576,1847,322,38,6,2,0,0
4719066000,2026-07-31,경상북도,구미시,임오동,7380,2727,1825,1464,1133,192,31,5,3,0,0
4719067000,2026-07-31,경상북도,구미시,인동동,23876,12170,5032,3429,2641,508,73,17,6,0,0
4719068000,2026-07-31,경상북도,구미시,진미동,11718,9026,1635,626,333,78,16,3,0,1,0
4719069000,2026-07-31,경상북도,구미시,양포동,21526,8829,4247,4034,3692,640,73,8,2,0,1
4719070000,2026-07-31,경상북도,구미시,공단동,2100,1063,499,292,196,43,6,0,1,0,0
4721025000,2026-07-31,경상북도,영주시,풍기읍,5676,3017,1678,580,281,91,24,3,1,1,0
4721031000,2026-07-31,경상북도,영주시,이산면,1150,530,412,131,57,17,3,0,0,0,0
4721032000,2026-07-31,경상북도,영주시,평은면,782,393,281,79,20,7,1,1,0,0,0
4721033000,2026-07-31,경상북도,영주시,문수면,1090,599,340,95,37,12,3,4,0,0,0
4721034000,2026-07-31,경상북도,영주시,장수면,1144,611,362,111,37,15,3,3,1,1,0
4721035000,2026-07-31,경상북도,영주시,안정면,1567,798,523,159,55,23,5,3,1,0,0
4721036000,2026-07-31,경상북도,영주시,봉현면,1361,618,529,138,48,18,7,2,1,0,0
4721037000,2026-07-31,경상북도,영주시,순흥면,1086,551,405,93,26,7,3,1,0,0,0
4721038000,2026-07-31,경상북도,영주시,단산면,1014,533,356,91,23,7,2,1,1,0,0
4721039000,2026-07-31,경상북도,영주시,부석면,1610,816,592,141,46,10,4,0,0,0,1
4721051000,2026-07-31,경상북도,영주시,상망동,3412,1498,1051,450,299,92,20,2,0,0,0
4721052500,2026-07-31,경상북도,영주시,하망동,2976,1453,822,391,230,63,13,4,0,0,0
4721055000,2026-07-31,경상북도,영주시,영주1동,2013,1188,514,178,86,35,7,3,0,1,1
4721056000,2026-07-31,경상북도,영주시,영주2동,2378,1125,796,275,133,38,9,1,1,0,0
4721059000,2026-07-31,경상북도,영주시,휴천1동,3207,1221,956,520,392,91,20,6,1,0,0
4721060000,2026-07-31,경상북도,영주시,휴천2동,5390,2822,1536,607,322,83,17,2,0,0,1
4721061000,2026-07-31,경상북도,영주시,휴천3동,3498,1481,1185,496,276,53,5,2,0,0,0
4721062000,2026-07-31,경상북도,영주시,가흥1동,7146,3234,1571,1154,945,196,37,6,3,0,0
4721063000,2026-07-31,경상북도,영주시,가흥2동,4873,2179,1324,711,515,124,16,1,1,0,2
4723025000,2026-07-31,경상북도,영천시,금호읍,6099,3720,1548,527,218,52,22,9,0,2,1
4723031000,2026-07-31,경상북도,영천시,청통면,2354,1439,628,178,69,24,8,4,2,1,1
4723032000,2026-07-31,경상북도,영천시,신녕면,2293,1470,600,146,54,17,5,1,0,0,0
4723033000,2026-07-31,경상북도,영천시,화산면,1731,1073,484,117,35,15,2,0,0,1,4
4723034000,2026-07-31,경상북도,영천시,화북면,1375,836,427,76,19,12,3,1,0,0,1
4723035000,2026-07-31,경상북도,영천시,화남면,1974,1129,650,138,37,12,5,2,0,1,0
4723036000,2026-07-31,경상북도,영천시,자양면,825,528,233,42,16,3,2,0,1,0,0
4723037000,2026-07-31,경상북도,영천시,임고면,2432,1371,782,173,73,26,6,1,0,0,0
4723038000,2026-07-31,경상북도,영천시,고경면,3300,1988,904,233,133,28,13,1,0,0,0
4723039000,2026-07-31,경상북도,영천시,북안면,2654,1682,733,164,49,15,8,0,0,0,3
4723040000,2026-07-31,경상북도,영천시,대창면,1798,1075,520,147,36,8,7,2,2,0,1
4723051000,2026-07-31,경상북도,영천시,동부동,12880,5947,3503,1875,1201,292,48,12,2,0,0
4723052000,2026-07-31,경상북도,영천시,중앙동,4500,2137,1239,613,365,111,27,4,2,1,1
4723053500,2026-07-31,경상북도,영천시,서부동,2650,1637,664,226,86,30,4,1,0,1,1
4723054000,2026-07-31,경상북도,영천시,완산동,4508,1703,1316,781,554,123,19,7,3,0,2
4723055500,2026-07-31,경상북도,영천시,남부동,2240,1335,579,198,93,24,6,3,1,0,1
4725025000,2026-07-31,경상북도,상주시,함창읍,3326,1745,999,358,157,49,11,4,2,0,1
4725031000,2026-07-31,경상북도,상주시,중동면,769,417,262,58,18,9,3,1,1,0,0
4725032500,2026-07-31,경상북도,상주시,사벌국면,2117,1161,650,185,80,28,10,2,1,0,0
4725033000,2026-07-31,경상북도,상주시,낙동면,1618,897,497,149,48,21,4,1,0,0,1
4725033500,2026-07-31,경상북도,상주시,낙동면동부출장소,570,344,166,40,11,8,1,0,0,0,0
4725034000,2026-07-31,경상북도,상주시,청리면,1336,672,461,118,50,23,9,2,1,0,0
4725035000,2026-07-31,경상북도,상주시,공성면,2077,1077,734,174,67,18,4,0,1,0,2
4725036000,2026-07-31,경상북도,상주시,외남면,848,416,307,81,28,10,3,3,0,0,0
4725037000,2026-07-31,경상북도,상주시,내서면,1086,613,335,100,25,9,2,1,0,1,0
4725038000,2026-07-31,경상북도,상주시,모동면,1411,740,456,130,59,20,4,1,1,0,0
4725039000,2026-07-31,경상북도,상주시,모서면,957,522,320,82,24,8,0,1,0,0,0
4725039500,2026-07-31,경상북도,상주시,모서면서부출장소,410,225,135,28,15,6,1,0,0,0,0
4725040000,2026-07-31,경상북도,상주시,화동면,1055,551,362,82,45,11,2,1,1,0,0
4725041000,2026-07-31,경상북도,상주시,화서면,1475,723,490,143,64,43,9,0,2,0,1
4725042000,2026-07-31,경상북도,상주시,화북면,663,346,237,47,22,10,1,0,0,0,0
4725042600,2026-07-31,경상북도,상주시,화북면서부출장소,197,118,61,15,3,0,0,0,0,0,0
4725043000,2026-07-31,경상북도,상주시,외서면,1420,765,457,128,42,22,3,3,0,0,0
4725044000,2026-07-31,경상북도,상주시,은척면,662,366,209,55,20,9,1,1,0,1,0
4725044500,2026-07-31,경상북도,상주시,은척면북부출장소,213,119,75,10,5,2,2,0,0,0,0
4725045000,2026-07-31,경상북도,상주시,공검면,1142,617,378,102,30,10,5,0,0,0,0
4725046000,2026-07-31,경상북도,상주시,이안면,1119,623,361,81,30,17,5,0,1,0,1
4725047000,2026-07-31,경상북도,상주시,화남면,479,299,127,30,12,7,3,1,0,0,0
4725052000,2026-07-31,경상북도,상주시,남원동,5289,2285,1596,765,482,136,21,3,0,0,1
4725053000,2026-07-31,경상북도,상주시,북문동,4636,2243,1213,624,428,99,19,8,0,0,2
4725054000,2026-07-31,경상북도,상주시,계림동,4377,2011,1163,690,385,105,21,1,1,0,0
4725055000,2026-07-31,경상북도,상주시,동문동,3702,1675,1107,521,298,83,16,1,1,0,0
4725056000,2026-07-31,경상북도,상주시,동성동,1672,816,483,220,110,35,6,2,0,0,0
4725057000,2026-07-31,경상북도,상주시,신흥동,4241,2078,1107,561,377,95,19,0,3,0,1
4728025000,2026-07-31,경상북도,문경시,문경읍,3181,1702,982,319,105,48,19,5,1,0,0
4728025100,2026-07-31,경상북도,문경시,문경읍갈평출장소,595,296,205,52,30,8,3,1,0,0,0
4728025300,2026-07-31,경상북도,문경시,가은읍,1768,985,563,127,59,26,7,1,0,0,0
4728025400,2026-07-31,경상북도,문경시,가은읍북부출장소,512,325,139,27,14,2,4,0,0,0,1
4728031000,2026-07-31,경상북도,문경시,영순면,1433,875,405,103,29,17,3,1,0,0,0
4728032000,2026-07-31,경상북도,문경시,산양면,1708,940,553,130,54,17,9,3,0,0,2
4728033000,2026-07-31,경상북도,문경시,호계면,1354,808,396,86,41,16,6,1,0,0,0
4728034000,2026-07-31,경상북도,문경시,산북면,1572,902,501,119,34,9,3,4,0,0,0
4728035000,2026-07-31,경상북도,문경시,동로면,1130,649,359,65,32,19,6,0,0,0,0
4728036000,2026-07-31,경상북도,문경시,마성면,2071,1267,578,137,60,23,4,1,1,0,0
4728037000,2026-07-31,경상북도,문경시,농암면,1546,900,505,93,34,10,2,2,0,0,0
4728057000,2026-07-31,경상북도,문경시,점촌1동,2661,1207,833,350,201,56,13,1,0,0,0
4728058000,2026-07-31,경상북도,문경시,점촌2동,3416,1731,1005,371,210,71,23,3,1,0,1
4728059000,2026-07-31,경상북도,문경시,점촌3동,4234,2032,1208,550,318,108,13,2,2,1,0
4728060000,2026-07-31,경상북도,문경시,점촌4동,1661,910,494,168,58,26,2,2,1,0,0
4728061000,2026-07-31,경상북도,문경시,점촌5동,7200,3032,1875,1166,843,233,43,8,0,0,0
4729025000,2026-07-31,경상북도,경산시,하양읍,16963,8409,3946,2467,1651,408,63,12,6,0,1
4729025300,2026-07-31,경상북도,경산시,진량읍,17771,9321,4420,2361,1303,309,40,11,3,1,2
4729025600,2026-07-31,경상북도,경산시,압량읍,11595,5925,2618,1658,1113,226,49,4,0,1,1
4729031000,2026-07-31,경상북도,경산시,와촌면,2798,1433,887,313,104,48,5,2,1,0,5
4729033000,2026-07-31,경상북도,경산시,자인면,2856,1479,899,310,114,38,13,2,0,0,1
4729034000,2026-07-31,경상북도,경산시,용성면,1823,954,608,175,57,18,8,2,0,0,1
4729035000,2026-07-31,경상북도,경산시,남산면,1873,894,640,215,77,39,6,1,0,0,1
4729037000,2026-07-31,경상북도,경산시,남천면,1477,757,469,151,75,21,4,0,0,0,0
4729051000,2026-07-31,경상북도,경산시,중방동,5519,2513,1577,839,480,86,18,4,1,0,1
4729052000,2026-07-31,경상북도,경산시,중앙동,3315,1973,773,373,151,38,7,0,0,0,0
4729053000,2026-07-31,경상북도,경산시,남부동,8299,3060,2407,1499,1037,233,52,7,0,3,1
4729054100,2026-07-31,경상북도,경산시,서부1동,13854,5529,3788,2384,1647,408,77,17,3,1,0
4729054200,2026-07-31,경상북도,경산시,서부2동,16832,4051,5169,4146,2826,536,80,15,8,1,0
4729055000,2026-07-31,경상북도,경산시,북부동,10810,7607,1730,875,483,92,18,3,1,1,0
4729056000,2026-07-31,경상북도,경산시,동부동,17615,8227,4298,2673,1867,482,55,11,2,0,0
4773025000,2026-07-31,경상북도,의성군,의성읍,6631,3424,1880,768,395,116,37,6,1,2,2
4773031000,2026-07-31,경상북도,의성군,단촌면,1164,678,362,90,24,8,2,0,0,0,0
4773032000,2026-07-31,경상북도,의성군,점곡면,987,615,285,63,20,3,1,0,0,0,0
4773033000,2026-07-31,경상북도,의성군,옥산면,1020,552,361,67,27,10,3,0,0,0,0
4773034000,2026-07-31,경상북도,의성군,사곡면,967,557,320,66,18,6,0,0,0,0,0
4773035000,2026-07-31,경상북도,의성군,춘산면,870,436,328,73,21,7,4,0,0,1,0
4773036000,2026-07-31,경상북도,의성군,가음면,914,540,284,56,20,11,2,0,0,1,0
4773037000,2026-07-31,경상북도,의성군,금성면,2483,1451,752,170,69,30,3,7,0,1,0
4773038000,2026-07-31,경상북도,의성군,봉양면,2441,1484,685,171,65,28,5,1,1,1,0
4773039000,2026-07-31,경상북도,의성군,비안면,1558,881,518,104,42,4,8,0,1,0,0
4773040000,2026-07-31,경상북도,의성군,구천면,1010,564,325,89,18,9,3,1,1,0,0
4773041000,2026-07-31,경상북도,의성군,단밀면,999,571,314,78,23,11,0,1,0,0,1
4773042000,2026-07-31,경상북도,의성군,단북면,993,542,330,85,23,10,1,2,0,0,0
4773043000,2026-07-31,경상북도,의성군,안계면,2528,1443,690,239,102,40,9,4,1,0,0
4773044000,2026-07-31,경상북도,의성군,다인면,2233,1293,692,173,46,18,6,4,0,0,1
4773045000,2026-07-31,경상북도,의성군,신평면,542,330,177,28,4,2,0,1,0,0,0
4773046000,2026-07-31,경상북도,의성군,안평면,1335,779,431,97,21,4,3,0,0,0,0
4773047000,2026-07-31,경상북도,의성군,안사면,572,376,155,28,7,5,1,0,0,0,0
4775025000,2026-07-31,경상북도,청송군,청송읍,2817,1429,835,300,181,55,13,4,0,0,0
4775031500,2026-07-31,경상북도,청송군,주왕산면,1125,634,370,73,39,9,0,0,0,0,0
4775032000,2026-07-31,경상북도,청송군,부남면,1433,746,516,108,39,18,3,2,1,0,0
4775033000,2026-07-31,경상북도,청송군,현동면,1198,644,398,88,39,21,4,1,0,2,1
4775034000,2026-07-31,경상북도,청송군,현서면,1464,740,524,131,41,21,4,2,1,0,0
4775035000,2026-07-31,경상북도,청송군,안덕면,1535,863,485,119,52,10,5,1,0,0,0
4775036000,2026-07-31,경상북도,청송군,파천면,1032,576,324,91,22,12,6,1,0,0,0
4775037000,2026-07-31,경상북도,청송군,진보면,3877,2246,1037,342,187,52,8,2,2,0,1
4776025000,2026-07-31,경상북도,영양군,영양읍,3890,2038,1053,398,295,86,13,4,0,0,3
4776031000,2026-07-31,경상북도,영양군,입암면,1223,650,425,86,41,18,0,2,0,0,1
4776032000,2026-07-31,경상북도,영양군,청기면,977,520,342,79,23,10,3,0,0,0,0
4776033000,2026-07-31,경상북도,영양군,일월면,984,495,334,109,32,13,1,0,0,0,0
4776034000,2026-07-31,경상북도,영양군,수비면,966,531,289,91,35,15,3,1,1,0,0
4776035000,2026-07-31,경상북도,영양군,석보면,1170,638,396,84,38,8,6,0,0,0,0
4777025000,2026-07-31,경상북도,영덕군,영덕읍,5461,2754,1524,658,383,116,22,2,1,0,1
4777031000,2026-07-31,경상북도,영덕군,강구면,3221,1764,997,289,116,39,9,5,0,0,2
4777032000,2026-07-31,경상북도,영덕군,남정면,1423,874,406,99,32,11,1,0,0,0,0
4777033000,2026-07-31,경상북도,영덕군,달산면,693,426,202,44,12,5,4,0,0,0,0
4777034000,2026-07-31,경상북도,영덕군,지품면,850,470,289,58,19,11,2,0,0,0,1
4777034500,2026-07-31,경상북도,영덕군,지품면원전출장소,313,173,104,25,6,2,2,1,0,0,0
4777035000,2026-07-31,경상북도,영덕군,축산면,535,313,158,43,15,4,1,1,0,0,0
4777035500,2026-07-31,경상북도,영덕군,축산면축산출장소,925,527,297,62,28,9,1,1,0,0,0
4777036000,2026-07-31,경상북도,영덕군,영해면,3410,1957,929,295,163,53,5,5,1,0,2
4777037000,2026-07-31,경상북도,영덕군,병곡면,1582,950,467,116,34,12,1,2,0,0,0
4777038000,2026-07-31,경상북도,영덕군,창수면,986,597,318,55,12,3,1,0,0,0,0
4782025000,2026-07-31,경상북도,청도군,화양읍,3497,1602,1068,438,262,92,29,4,1,0,1
4782025100,2026-07-31,경상북도,청도군,화양읍남성현출장소,632,348,187,65,22,8,2,0,0,0,0
4782025300,2026-07-31,경상북도,청도군,청도읍,5088,2592,1487,584,297,93,26,5,1,0,3
4782025400,2026-07-31,경상북도,청도군,청도읍유호출장소,925,533,287,66,27,7,4,1,0,0,0
4782031000,2026-07-31,경상북도,청도군,각남면,1332,767,423,94,30,15,3,0,0,0,0
4782032000,2026-07-31,경상북도,청도군,풍각면,2335,1404,666,185,57,19,3,0,0,0,1
4782033000,2026-07-31,경상북도,청도군,각북면,1455,847,457,101,39,6,2,3,0,0,0
4782034000,2026-07-31,경상북도,청도군,이서면,2586,1347,850,241,107,27,12,1,1,0,0
4782035000,2026-07-31,경상북도,청도군,운문면,1282,840,333,79,20,7,2,0,0,0,1
4782036000,2026-07-31,경상북도,청도군,금천면,2117,1290,662,113,27,14,9,2,0,0,0
4782037000,2026-07-31,경상북도,청도군,매전면,2472,1539,730,141,41,14,6,1,0,0,0
4783025300,2026-07-31,경상북도,고령군,대가야읍,5130,2731,1362,616,290,104,19,7,1,0,0
4783031000,2026-07-31,경상북도,고령군,덕곡면,915,575,248,56,28,6,2,0,0,0,0
4783032000,2026-07-31,경상북도,고령군,운수면,1137,710,318,78,24,6,1,0,0,0,0
4783033000,2026-07-31,경상북도,고령군,성산면,1494,936,377,107,51,16,4,1,1,0,1
4783034000,2026-07-31,경상북도,고령군,다산면,4572,2231,1373,571,310,71,15,1,0,0,0
4783035000,2026-07-31,경상북도,고령군,개진면,1233,813,325,66,22,5,1,0,0,1,0
4783036000,2026-07-31,경상북도,고령군,우곡면,943,549,298,73,19,3,0,0,0,0,1
4783037000,2026-07-31,경상북도,고령군,쌍림면,1946,1161,583,120,55,19,4,2,1,0,1
4784025000,2026-07-31,경상북도,성주군,성주읍,6870,3412,1791,942,506,172,36,8,2,1,0
4784031000,2026-07-31,경상북도,성주군,선남면,3511,2008,1028,316,111,30,13,4,0,1,0
4784032000,2026-07-31,경상북도,성주군,용암면,2243,1376,636,158,49,16,8,0,0,0,0
4784033000,2026-07-31,경상북도,성주군,수륜면,2038,1277,579,122,42,10,3,2,0,1,2
4784034000,2026-07-31,경상북도,성주군,가천면,1243,788,344,71,28,9,1,2,0,0,0
4784035500,2026-07-31,경상북도,성주군,금수강산면,774,498,199,54,16,5,2,0,0,0,0
4784036000,2026-07-31,경상북도,성주군,대가면,1336,722,423,130,44,12,3,1,1,0,0
4784037000,2026-07-31,경상북도,성주군,벽진면,1659,903,527,167,38,17,3,3,1,0,0
4784038000,2026-07-31,경상북도,성주군,초전면,2385,1275,763,224,77,32,13,1,0,0,0
4784039000,2026-07-31,경상북도,성주군,월항면,1866,1026,597,145,70,22,4,1,1,0,0
4785025000,2026-07-31,경상북도,칠곡군,왜관읍,14731,6380,4171,2398,1387,325,52,11,2,2,3
4785025300,2026-07-31,경상북도,칠곡군,북삼읍,10789,4556,2986,1819,1114,252,54,8,0,0,0
4785025600,2026-07-31,경상북도,칠곡군,석적읍,14738,7418,2957,2136,1846,331,39,6,2,3,0
4785031000,2026-07-31,경상북도,칠곡군,지천면,2294,1347,667,205,55,16,2,2,0,0,0
4785032000,2026-07-31,경상북도,칠곡군,동명면,2884,1574,877,313,80,26,8,2,0,1,3
4785033000,2026-07-31,경상북도,칠곡군,가산면,1918,1100,577,173,46,16,1,3,0,0,2
4785036000,2026-07-31,경상북도,칠곡군,약목면,4631,2246,1491,553,265,61,15,0,0,0,0
4785037000,2026-07-31,경상북도,칠곡군,기산면,1564,775,493,172,89,29,5,0,1,0,0
4790025000,2026-07-31,경상북도,예천군,예천읍,7217,3469,2227,893,431,162,28,6,0,0,1
4790025300,2026-07-31,경상북도,예천군,호명읍,8692,2747,2207,1790,1541,346,50,10,1,0,0
4790031000,2026-07-31,경상북도,예천군,용문면,1294,778,387,71,34,17,4,2,0,0,1
4790034000,2026-07-31,경상북도,예천군,감천면,1445,792,494,112,24,13,7,2,1,0,0
4790035000,2026-07-31,경상북도,예천군,보문면,881,477,286,74,27,12,4,0,1,0,0
4790037000,2026-07-31,경상북도,예천군,유천면,1403,794,417,118,50,16,7,1,0,0,0
4790038000,2026-07-31,경상북도,예천군,용궁면,1306,724,430,98,39,11,1,1,0,0,2
4790039000,2026-07-31,경상북도,예천군,개포면,885,503,290,67,17,5,2,1,0,0,0
4790040000,2026-07-31,경상북도,예천군,지보면,1552,889,511,100,31,15,5,1,0,0,0
4790041000,2026-07-31,경상북도,예천군,풍양면,1740,1032,556,98,37,13,3,1,0,0,0
4790042000,2026-07-31,경상북도,예천군,효자면,706,389,234,55,19,6,3,0,0,0,0
4790043000,2026-07-31,경상북도,예천군,은풍면,729,389,250,59,18,8,2,1,2,0,0
4792025000,2026-07-31,경상북도,봉화군,봉화읍,4717,2359,1322,552,347,100,26,8,3,0,0
4792031000,2026-07-31,경상북도,봉화군,물야면,1676,864,607,130,54,11,7,2,0,1,0
4792032000,2026-07-31,경상북도,봉화군,봉성면,1065,544,353,91,57,14,6,0,0,0,0
4792033000,2026-07-31,경상북도,봉화군,법전면,1090,593,360,81,36,11,8,0,0,0,1
4792034000,2026-07-31,경상북도,봉화군,춘양면,2489,1422,755,188,87,28,6,2,1,0,0
4792035000,2026-07-31,경상북도,봉화군,소천면,1314,800,391,79,29,7,7,0,1,0,0
4792036000,2026-07-31,경상북도,봉화군,재산면,845,469,293,55,19,5,2,2,0,0,0
4792037000,2026-07-31,경상북도,봉화군,명호면,1229,653,448,81,29,13,3,0,1,0,1
4792038000,2026-07-31,경상북도,봉화군,상운면,999,551,347,77,14,6,2,2,0,0,0
4792039000,2026-07-31,경상북도,봉화군,석포면,1041,600,252,99,66,19,4,0,0,0,1
4793025000,2026-07-31,경상북도,울진군,울진읍,6739,2917,1808,986,785,193,36,9,2,2,1
4793025300,2026-07-31,경상북도,울진군,평해읍,1588,970,460,104,36,14,2,0,0,1,1
4793031000,2026-07-31,경상북도,울진군,북면,3786,2083,760,505,359,72,5,2,0,0,0
4793031500,2026-07-31,경상북도,울진군,북면하당출장소,380,209,136,24,7,4,0,0,0,0,0
4793033000,2026-07-31,경상북도,울진군,근남면,1597,878,483,151,50,31,4,0,0,0,0
4793035000,2026-07-31,경상북도,울진군,기성면,1511,954,439,85,20,9,3,1,0,0,0
4793036000,2026-07-31,경상북도,울진군,온정면,981,591,295,62,17,14,2,0,0,0,0
4793037000,2026-07-31,경상북도,울진군,죽변면,3659,2163,965,324,159,40,5,2,0,0,1
4793038000,2026-07-31,경상북도,울진군,후포면,4011,2222,1133,383,198,62,11,1,0,0,1
4793039000,2026-07-31,경상북도,울진군,금강송면,784,473,252,42,12,2,0,0,1,1,1
4793040000,2026-07-31,경상북도,울진군,매화면,1189,719,342,73,40,9,5,0,1,0,0
4794025000,2026-07-31,경상북도,울릉군,울릉읍,3811,2424,846,290,184,52,12,2,1,0,0
4794031000,2026-07-31,경상북도,울릉군,서면,552,318,129,75,18,11,1,0,0,0,0
4794031500,2026-07-31,경상북도,울릉군,서면태하출장소,296,185,81,18,8,2,1,1,0,0,0
4794032000,2026-07-31,경상북도,울릉군,북면,897,618,192,50,28,5,3,1,0,0,0
4812125000,2026-07-31,경상남도,창원시 의창구,동읍,9206,3890,2898,1481,724,160,43,7,2,0,1
4812131000,2026-07-31,경상남도,창원시 의창구,북면,17933,4630,5194,4159,3235,607,78,17,6,3,4
4812132000,2026-07-31,경상남도,창원시 의창구,대산면,3641,1848,1141,408,179,47,11,4,1,1,1
4812151000,2026-07-31,경상남도,창원시 의창구,의창동,21016,7439,5824,4089,3047,521,80,11,3,2,0
4812152000,2026-07-31,경상남도,창원시 의창구,팔룡동,12918,4642,3333,2769,1828,289,46,8,3,0,0
4812153000,2026-07-31,경상남도,창원시 의창구,명곡동,18179,7365,5317,3140,1848,409,76,19,4,0,1
4812154000,2026-07-31,경상남도,창원시 의창구,봉림동,16708,9857,3901,1820,846,233,38,11,1,1,0
4812351000,2026-07-31,경상남도,창원시 성산구,반송동,15447,4203,4334,3578,2757,487,69,13,5,1,0
4812351500,2026-07-31,경상남도,창원시 성산구,용지동,11644,4751,3033,2173,1411,235,32,5,4,0,0
4812352000,2026-07-31,경상남도,창원시 성산구,중앙동,22208,11040,4358,3565,2665,503,66,7,3,1,0
4812353000,2026-07-31,경상남도,창원시 성산구,상남동,10807,3250,3103,2413,1680,289,60,10,2,0,0
4812354000,2026-07-31,경상남도,창원시 성산구,사파동,19539,7072,5641,3819,2503,425,65,8,4,0,2
4812355000,2026-07-31,경상남도,창원시 성산구,가음정동,16234,4890,4486,3683,2717,403,44,6,5,0,0
4812356000,2026-07-31,경상남도,창원시 성산구,성주동,10719,2618,3188,2637,1895,315,49,12,4,0,1
4812357000,2026-07-31,경상남도,창원시 성산구,웅남동,3233,1382,921,533,312,69,10,4,1,0,1
4812531000,2026-07-31,경상남도,창원시 마산합포구,구산면,2266,1271,697,205,71,15,3,1,0,1,2
4812532000,2026-07-31,경상남도,창원시 마산합포구,진동면,5481,2377,1565,794,566,135,36,5,1,0,2
4812533000,2026-07-31,경상남도,창원시 마산합포구,진북면,1793,998,531,171,70,16,3,2,0,1,1
4812534000,2026-07-31,경상남도,창원시 마산합포구,진전면,2162,1193,715,166,58,20,6,1,0,1,2
4812551000,2026-07-31,경상남도,창원시 마산합포구,현동,6520,2333,1708,1234,1001,202,36,4,2,0,0
4812552000,2026-07-31,경상남도,창원시 마산합포구,가포동,2732,1212,802,479,194,40,4,1,0,0,0
4812553000,2026-07-31,경상남도,창원시 마산합포구,월영동,17140,5330,4721,3673,2803,513,81,14,3,1,1
4812554000,2026-07-31,경상남도,창원시 마산합포구,문화동,6094,3466,1530,633,349,88,22,2,3,0,1
4812556500,2026-07-31,경상남도,창원시 마산합포구,반월중앙동,6121,2469,1791,1047,634,145,27,7,0,0,1
4812557000,2026-07-31,경상남도,창원시 마산합포구,완월동,3927,1626,1204,646,324,96,22,5,1,0,3
4812558000,2026-07-31,경상남도,창원시 마산합포구,자산동,4289,1774,1385,663,346,99,16,5,1,0,0
4812561000,2026-07-31,경상남도,창원시 마산합포구,교방동,8512,3200,2353,1580,1128,214,34,2,0,1,0
4812563000,2026-07-31,경상남도,창원시 마산합포구,오동동,10227,5847,2512,1097,607,129,26,8,1,0,0
4812564000,2026-07-31,경상남도,창원시 마산합포구,합포동,3456,1810,888,468,239,40,10,0,1,0,0
4812565000,2026-07-31,경상남도,창원시 마산합포구,산호동,6046,3161,1579,768,428,90,16,3,0,0,1
4812725000,2026-07-31,경상남도,창원시 마산회원구,내서읍,25171,8391,7344,5036,3570,711,93,18,5,3,0
4812751000,2026-07-31,경상남도,창원시 마산회원구,회원1동,4975,2480,1448,633,316,74,22,1,0,0,1
4812752000,2026-07-31,경상남도,창원시 마산회원구,회원2동,4400,1740,1310,777,451,93,24,4,1,0,0
4812754500,2026-07-31,경상남도,창원시 마산회원구,석전동,7630,3303,2220,1261,653,154,28,11,0,0,0
4812755000,2026-07-31,경상남도,창원시 마산회원구,회성동,2736,1342,872,321,147,42,12,0,0,0,0
4812756000,2026-07-31,경상남도,창원시 마산회원구,양덕1동,5335,2645,1453,758,370,83,17,6,1,1,1
4812757000,2026-07-31,경상남도,창원시 마산회원구,양덕2동,13498,3325,3846,3288,2464,481,82,10,1,0,1
4812758000,2026-07-31,경상남도,창원시 마산회원구,합성1동,4358,2095,1133,687,358,71,11,3,0,0,0
4812759000,2026-07-31,경상남도,창원시 마산회원구,합성2동,4635,2535,1108,565,334,79,10,3,1,0,0
4812760000,2026-07-31,경상남도,창원시 마산회원구,구암1동,4137,1936,1277,575,280,59,8,2,0,0,0
4812761000,2026-07-31,경상남도,창원시 마산회원구,구암2동,4325,1952,1247,684,355,72,14,0,0,0,1
4812762000,2026-07-31,경상남도,창원시 마산회원구,봉암동,1603,978,359,169,82,9,6,0,0,0,0
4812953000,2026-07-31,경상남도,창원시 진해구,충무동,7558,3574,1914,1092,728,207,35,5,1,0,2
4812954000,2026-07-31,경상남도,창원시 진해구,여좌동,4169,2144,1202,471,265,68,16,2,0,1,0
4812955000,2026-07-31,경상남도,창원시 진해구,태백동,1868,961,540,212,116,30,8,0,1,0,0
4812956000,2026-07-31,경상남도,창원시 진해구,경화동,4105,1218,1326,877,536,131,10,4,2,1,0
4812957000,2026-07-31,경상남도,창원시 진해구,병암동,3347,1476,955,514,307,76,15,3,1,0,0
4812958000,2026-07-31,경상남도,창원시 진해구,석동,7401,2854,1722,1369,1163,236,43,11,2,1,0
4812959000,2026-07-31,경상남도,창원시 진해구,이동,4854,2865,1201,466,237,67,13,5,0,0,0
4812960000,2026-07-31,경상남도,창원시 진해구,자은동,8801,3177,2481,1633,1248,233,20,7,1,0,1
4812961000,2026-07-31,경상남도,창원시 진해구,덕산동,4075,1516,1194,688,545,114,13,4,0,0,1
4812962000,2026-07-31,경상남도,창원시 진해구,풍호동,9171,1931,2615,2189,1929,439,57,9,2,0,0
4812963000,2026-07-31,경상남도,창원시 진해구,웅천동,6073,1844,1774,1285,944,198,21,6,1,0,0
4812964000,2026-07-31,경상남도,창원시 진해구,웅동1동,3555,1344,1170,624,313,86,15,0,1,0,2
4812965000,2026-07-31,경상남도,창원시 진해구,웅동2동,20553,9365,4609,3357,2536,574,93,13,3,1,2
4817025000,2026-07-31,경상남도,진주시,문산읍,3512,1483,1034,521,342,103,17,5,1,0,6
4817031000,2026-07-31,경상남도,진주시,내동면,1635,504,506,300,246,64,7,4,1,1,2
4817032000,2026-07-31,경상남도,진주시,정촌면,4049,1520,1169,775,462,108,13,1,1,0,0
4817033000,2026-07-31,경상남도,진주시,금곡면,1206,673,367,103,37,17,7,2,0,0,0
4817035000,2026-07-31,경상남도,진주시,진성면,988,509,338,96,27,8,9,0,1,0,0
4817036000,2026-07-31,경상남도,진주시,일반성면,1302,678,397,132,77,14,4,0,0,0,0
4817037000,2026-07-31,경상남도,진주시,이반성면,936,575,265,66,23,6,1,0,0,0,0
4817038000,2026-07-31,경상남도,진주시,사봉면,831,483,256,64,16,9,0,3,0,0,0
4817039000,2026-07-31,경상남도,진주시,지수면,813,482,231,59,33,5,2,1,0,0,0
4817040000,2026-07-31,경상남도,진주시,대곡면,1659,886,544,156,54,12,3,2,1,0,1
4817041000,2026-07-31,경상남도,진주시,금산면,7906,2117,2458,1651,1263,331,73,7,3,1,2
4817042000,2026-07-31,경상남도,진주시,집현면,2162,954,681,305,149,58,13,0,1,1,0
4817043000,2026-07-31,경상남도,진주시,미천면,918,544,284,63,16,7,3,1,0,0,0
4817044000,2026-07-31,경상남도,진주시,명석면,2106,1067,702,226,78,24,9,0,0,0,0
4817045000,2026-07-31,경상남도,진주시,대평면,564,315,165,49,21,12,1,1,0,0,0
4817046000,2026-07-31,경상남도,진주시,수곡면,1210,661,392,103,36,15,1,1,1,0,0
4817051500,2026-07-31,경상남도,진주시,천전동,14238,7229,3576,1936,1156,271,58,9,2,1,0
4817055500,2026-07-31,경상남도,진주시,성북동,5699,3575,1236,534,246,87,14,4,2,0,1
4817056500,2026-07-31,경상남도,진주시,중앙동,5991,3576,1493,577,245,74,21,3,2,0,0
4817059500,2026-07-31,경상남도,진주시,상봉동,7083,3919,1856,788,389,106,17,6,1,1,0
4817067300,2026-07-31,경상남도,진주시,상대동,9797,5129,2653,1189,616,172,24,9,4,0,1
4817067800,2026-07-31,경상남도,진주시,하대동,11136,5015,3225,1704,902,242,41,6,1,0,0
4817068000,2026-07-31,경상남도,진주시,상평동,5319,2464,1536,711,462,119,17,7,2,0,1
4817069500,2026-07-31,경상남도,진주시,초장동,10335,2368,2549,2524,2331,484,69,8,2,0,0
4817071000,2026-07-31,경상남도,진주시,평거동,11446,4281,3195,2199,1412,305,38,12,3,1,0
4817071500,2026-07-31,경상남도,진주시,신안동,5428,2372,1615,819,474,115,22,7,3,0,1
4817072000,2026-07-31,경상남도,진주시,이현동,4632,1832,1379,826,461,112,16,4,2,0,0
4817073000,2026-07-31,경상남도,진주시,판문동,8159,2459,2176,1735,1425,307,45,8,1,2,1
4817074000,2026-07-31,경상남도,진주시,가호동,19653,10662,3550,2928,2058,392,54,9,0,0,0
4817075000,2026-07-31,경상남도,진주시,충무공동,12899,3434,2633,3146,3002,608,62,12,0,2,0
4822025000,2026-07-31,경상남도,통영시,산양읍,2476,1414,737,206,79,21,15,3,1,0,0
4822031000,2026-07-31,경상남도,통영시,용남면,5059,1792,1534,879,643,171,31,5,1,0,3
4822033000,2026-07-31,경상남도,통영시,도산면,1547,852,482,146,45,16,4,2,0,0,0
4822034000,2026-07-31,경상남도,통영시,광도면,14338,5549,3524,2488,2194,492,71,15,3,1,1
4822035000,2026-07-31,경상남도,통영시,욕지면,1290,844,338,68,29,8,2,0,1,0,0
4822036000,2026-07-31,경상남도,통영시,한산면,1231,798,341,60,24,5,2,1,0,0,0
4822037000,2026-07-31,경상남도,통영시,사량면,926,604,261,45,12,3,1,0,0,0,0
4822051000,2026-07-31,경상남도,통영시,도천동,4354,2221,1290,517,225,78,18,4,1,0,0
4822053000,2026-07-31,경상남도,통영시,명정동,1398,754,438,131,54,13,7,0,1,0,0
4822055000,2026-07-31,경상남도,통영시,중앙동,1915,1082,575,159,81,15,3,0,0,0,0
4822059000,2026-07-31,경상남도,통영시,정량동,4166,2109,1274,448,241,74,14,4,0,1,1
4822060000,2026-07-31,경상남도,통영시,북신동,4629,1866,1505,706,414,112,24,1,1,0,0
4822066500,2026-07-31,경상남도,통영시,미수동,4805,1996,1471,764,438,109,24,2,1,0,0
4822067000,2026-07-31,경상남도,통영시,봉평동,4999,2795,1332,507,270,66,18,5,3,1,2
4822070000,2026-07-31,경상남도,통영시,무전동,6331,2916,1603,953,652,163,27,10,5,1,1
4824025000,2026-07-31,경상남도,사천시,사천읍,8946,4782,2082,1110,752,181,31,5,1,0,2
4824031000,2026-07-31,경상남도,사천시,정동면,6133,2373,1645,1089,802,188,30,2,3,1,0
4824032000,2026-07-31,경상남도,사천시,사남면,8359,3388,1965,1427,1254,272,45,6,2,0,0
4824033000,2026-07-31,경상남도,사천시,용현면,4570,2150,1332,613,353,103,15,4,0,0,0
4824034000,2026-07-31,경상남도,사천시,축동면,902,526,272,70,20,10,3,1,0,0,0
4824035000,2026-07-31,경상남도,사천시,곤양면,1853,1076,554,148,55,15,5,0,0,0,0
4824036000,2026-07-31,경상남도,사천시,곤명면,1630,940,522,102,48,16,2,0,0,0,0
4824037000,2026-07-31,경상남도,사천시,서포면,1918,1071,608,160,56,15,4,3,0,0,1
4824051000,2026-07-31,경상남도,사천시,동서동,2932,1577,950,265,96,36,5,3,0,0,0
4824052000,2026-07-31,경상남도,사천시,선구동,2548,1355,765,263,127,28,7,1,0,0,2
4824053000,2026-07-31,경상남도,사천시,동서금동,3362,1507,967,507,295,70,15,0,0,0,1
4824055000,2026-07-31,경상남도,사천시,벌용동,7331,3448,2126,995,587,137,27,8,3,0,0
4824057000,2026-07-31,경상남도,사천시,향촌동,3585,1906,972,385,249,60,10,1,1,0,1
4824059500,2026-07-31,경상남도,사천시,남양동,2472,1188,759,325,157,34,9,0,0,0,0
4824089000,2026-07-31,경상남도,사천시,신수출장소,133,71,49,12,0,1,0,0,0,0,0
4825025000,2026-07-31,경상남도,김해시,진영읍,23997,9397,6172,4339,3278,688,96,17,5,3,2
4825032000,2026-07-31,경상남도,김해시,주촌면,8792,2408,2253,2144,1651,280,45,9,0,1,1
4825033000,2026-07-31,경상남도,김해시,진례면,3101,1634,930,349,146,30,11,0,1,0,0
4825034000,2026-07-31,경상남도,김해시,한림면,3755,2081,1111,372,135,42,10,2,1,0,1
4825035000,2026-07-31,경상남도,김해시,생림면,1993,1115,618,165,59,26,8,2,0,0,0
4825036000,2026-07-31,경상남도,김해시,상동면,1647,917,498,145,53,20,10,1,0,0,3
4825037000,2026-07-31,경상남도,김해시,대동면,2743,1330,961,304,97,33,13,3,0,0,2
4825051000,2026-07-31,경상남도,김해시,동상동,4373,2153,1168,632,318,80,17,4,1,0,0
4825052000,2026-07-31,경상남도,김해시,회현동,4052,1860,1140,641,312,76,18,4,0,0,1
4825053000,2026-07-31,경상남도,김해시,부원동,4704,2404,1198,631,356,90,20,5,0,0,0
4825054000,2026-07-31,경상남도,김해시,내외동,31784,12937,8672,5821,3508,684,116,38,4,1,3
4825055000,2026-07-31,경상남도,김해시,북부동,34219,10789,9208,7267,5553,1176,178,36,10,2,0
4825056500,2026-07-31,경상남도,김해시,칠산서부동,4360,2029,1241,627,327,104,21,6,5,0,0
4825058000,2026-07-31,경상남도,김해시,활천동,17451,7501,4927,2830,1638,437,90,21,4,3,0
4825059000,2026-07-31,경상남도,김해시,삼안동,17766,8101,4755,2934,1560,348,54,9,4,1,0
4825060000,2026-07-31,경상남도,김해시,불암동,2880,963,892,581,348,77,15,2,2,0,0
4825061000,2026-07-31,경상남도,김해시,장유1동,29515,8246,8149,6881,5152,915,142,18,10,1,1
4825062000,2026-07-31,경상남도,김해시,장유2동,16226,5747,4128,3332,2458,467,68,20,5,0,1
4825063000,2026-07-31,경상남도,김해시,장유3동,27871,7337,6416,6545,6274,1141,141,9,4,4,0
4827025000,2026-07-31,경상남도,밀양시,삼랑진읍,2798,1592,852,228,77,34,10,2,0,0,3
4827025100,2026-07-31,경상남도,밀양시,삼랑진임천출장소,943,646,205,57,22,9,4,0,0,0,0
4827025300,2026-07-31,경상남도,밀양시,하남읍,3713,1949,1150,397,151,53,11,1,0,0,1
4827031000,2026-07-31,경상남도,밀양시,부북면,3207,1821,950,280,113,32,9,1,0,0,1
4827032000,2026-07-31,경상남도,밀양시,상동면,1956,1163,589,135,51,12,2,2,1,0,1
4827033000,2026-07-31,경상남도,밀양시,산외면,1646,915,524,129,50,19,5,3,0,0,1
4827034000,2026-07-31,경상남도,밀양시,산내면,2150,1116,747,207,53,21,4,1,1,0,0
4827035000,2026-07-31,경상남도,밀양시,단장면,2668,1602,782,207,47,20,5,2,0,0,3
4827036000,2026-07-31,경상남도,밀양시,상남면,4103,2011,1309,445,243,72,15,4,2,1,1
4827037000,2026-07-31,경상남도,밀양시,초동면,1976,1110,647,146,60,10,2,1,0,0,0
4827038000,2026-07-31,경상남도,밀양시,무안면,2694,1522,838,226,70,22,10,3,1,0,2
4827039000,2026-07-31,경상남도,밀양시,청도면,1106,673,354,52,20,6,1,0,0,0,0
4827051000,2026-07-31,경상남도,밀양시,내일동,1419,802,400,133,60,18,4,2,0,0,0
4827052000,2026-07-31,경상남도,밀양시,내이동,8782,4203,2249,1238,854,202,29,3,3,1,0
4827053000,2026-07-31,경상남도,밀양시,삼문동,8333,2982,2385,1541,1111,244,59,8,3,0,0
4827054000,2026-07-31,경상남도,밀양시,가곡동,4088,2198,1099,479,226,75,7,2,1,0,1
4827055000,2026-07-31,경상남도,밀양시,교동,2780,1276,880,375,177,54,13,4,1,0,0
4831031000,2026-07-31,경상남도,거제시,일운면,4221,2020,1310,522,270,76,19,4,0,0,0
4831032000,2026-07-31,경상남도,거제시,동부면,1582,842,506,158,46,22,5,2,0,0,1
4831033000,2026-07-31,경상남도,거제시,남부면,872,509,260,74,21,8,0,0,0,0,0
4831034000,2026-07-31,경상남도,거제시,거제면,3446,1499,1163,478,216,62,16,5,2,0,5
4831035000,2026-07-31,경상남도,거제시,둔덕면,1391,657,501,138,68,19,7,0,0,1,0
4831036000,2026-07-31,경상남도,거제시,사등면,5027,1988,1507,779,590,138,21,4,0,0,0
4831036600,2026-07-31,경상남도,거제시,사등면가조출장소,588,289,211,55,24,7,1,1,0,0,0
4831037000,2026-07-31,경상남도,거제시,연초면,5238,2811,1308,647,351,98,17,5,1,0,0
4831038000,2026-07-31,경상남도,거제시,하청면,1599,828,509,152,75,25,6,3,0,1,0
4831038500,2026-07-31,경상남도,거제시,하청면칠천출장소,618,341,198,55,15,6,2,0,1,0,0
4831039000,2026-07-31,경상남도,거제시,장목면,1578,838,507,180,35,11,6,1,0,0,0
4831039500,2026-07-31,경상남도,거제시,장목면외포출장소,702,379,222,59,31,10,1,0,0,0,0
4831051000,2026-07-31,경상남도,거제시,장승포동,2741,1486,700,311,174,59,10,0,0,0,1
4831053000,2026-07-31,경상남도,거제시,능포동,4094,1811,1249,592,326,92,21,3,0,0,0
4831054000,2026-07-31,경상남도,거제시,아주동,10289,3543,2159,2169,1963,391,54,9,1,0,0
4831055000,2026-07-31,경상남도,거제시,옥포1동,3815,1888,987,549,311,61,16,1,1,0,1
4831056000,2026-07-31,경상남도,거제시,옥포2동,11342,4808,3184,1807,1198,296,41,4,3,0,1
4831057000,2026-07-31,경상남도,거제시,장평동,9890,4861,2369,1481,955,191,28,3,1,1,0
4831058000,2026-07-31,경상남도,거제시,고현동,16826,6860,4365,2990,2141,400,58,8,3,1,0
4831059000,2026-07-31,경상남도,거제시,상문동,13181,3088,3298,3125,3045,537,66,14,6,1,1
4831060000,2026-07-31,경상남도,거제시,수양동,8385,1999,1950,2028,1950,405,43,7,2,0,1
4833025300,2026-07-31,경상남도,양산시,물금읍,49520,16270,12084,10407,8673,1751,258,58,13,6,0
4833031000,2026-07-31,경상남도,양산시,동면,25401,8397,7106,5386,3653,732,94,29,4,0,0
4833032000,2026-07-31,경상남도,양산시,원동면,1891,1068,598,149,55,13,7,1,0,0,0
4833033000,2026-07-31,경상남도,양산시,상북면,7277,3440,2258,977,454,113,23,7,2,0,3
4833034000,2026-07-31,경상남도,양산시,하북면,4182,2304,1197,449,165,44,13,4,1,1,4
4833051000,2026-07-31,경상남도,양산시,중앙동,6572,3886,1562,708,316,82,15,2,1,0,0
4833051500,2026-07-31,경상남도,양산시,양주동,12834,3977,3945,2637,1849,363,54,7,2,0,0
4833052000,2026-07-31,경상남도,양산시,삼성동,10227,4988,2701,1471,809,205,44,6,1,0,2
4833053000,2026-07-31,경상남도,양산시,강서동,3831,1544,1093,634,430,112,17,0,0,0,1
4833054000,2026-07-31,경상남도,양산시,서창동,12532,5476,3347,1917,1402,328,52,7,3,0,0
4833055000,2026-07-31,경상남도,양산시,소주동,10052,4697,2815,1470,838,190,33,6,2,1,0
4833056000,2026-07-31,경상남도,양산시,평산동,13518,5366,3985,2267,1496,328,61,9,4,1,1
4833057000,2026-07-31,경상남도,양산시,덕계동,9311,2849,2853,1987,1357,221,33,8,3,0,0
4872025000,2026-07-31,경상남도,의령군,의령읍,4658,2304,1277,578,339,114,28,9,4,2,3
4872031000,2026-07-31,경상남도,의령군,가례면,877,526,247,69,22,7,4,0,0,1,1
4872032000,2026-07-31,경상남도,의령군,칠곡면,720,419,227,48,22,1,0,3,0,0,0
4872033000,2026-07-31,경상남도,의령군,대의면,673,448,158,39,20,4,2,0,1,1,0
4872034000,2026-07-31,경상남도,의령군,화정면,910,558,254,54,31,10,2,0,1,0,0
4872035000,2026-07-31,경상남도,의령군,용덕면,889,536,261,65,20,4,3,0,0,0,0
4872036000,2026-07-31,경상남도,의령군,정곡면,875,557,254,44,13,4,3,0,0,0,0
4872037000,2026-07-31,경상남도,의령군,지정면,1132,707,326,72,20,4,1,0,1,0,1
4872038000,2026-07-31,경상남도,의령군,낙서면,443,294,108,27,9,4,1,0,0,0,0
4872039000,2026-07-31,경상남도,의령군,부림면,1603,984,432,113,49,17,5,1,1,1,0
4872040000,2026-07-31,경상남도,의령군,봉수면,640,423,168,25,20,4,0,0,0,0,0
4872041500,2026-07-31,경상남도,의령군,궁류면,717,479,200,28,8,1,1,0,0,0,0
4872042000,2026-07-31,경상남도,의령군,유곡면,737,477,210,32,13,2,1,2,0,0,0
4873025000,2026-07-31,경상남도,함안군,가야읍,8136,3530,2410,1158,767,219,37,10,3,1,1
4873025300,2026-07-31,경상남도,함안군,칠원읍,7708,2731,2170,1405,1070,266,54,10,1,1,0
4873031000,2026-07-31,경상남도,함안군,함안면,1349,744,415,132,35,15,5,2,1,0,0
4873032000,2026-07-31,경상남도,함안군,군북면,3351,1925,955,289,122,41,15,2,1,1,0
4873033000,2026-07-31,경상남도,함안군,법수면,1622,945,481,142,35,13,4,1,1,0,0
4873034000,2026-07-31,경상남도,함안군,대산면,1940,1206,543,118,47,18,5,2,1,0,0
4873035000,2026-07-31,경상남도,함안군,칠서면,2680,1420,761,302,142,36,14,4,0,0,1
4873036000,2026-07-31,경상남도,함안군,칠북면,1118,660,348,76,20,8,5,1,0,0,0
4873038000,2026-07-31,경상남도,함안군,산인면,1442,757,460,145,56,20,3,1,0,0,0
4873039000,2026-07-31,경상남도,함안군,여항면,536,280,196,43,11,4,2,0,0,0,0
4874025000,2026-07-31,경상남도,창녕군,창녕읍,7766,3680,2230,982,609,215,40,8,1,0,1
4874025300,2026-07-31,경상남도,창녕군,남지읍,6000,3028,1687,657,449,134,34,8,2,0,1
4874031000,2026-07-31,경상남도,창녕군,고암면,1084,644,322,78,24,9,6,0,0,0,1
4874032000,2026-07-31,경상남도,창녕군,성산면,983,626,282,56,15,1,2,0,0,0,1
4874033000,2026-07-31,경상남도,창녕군,대합면,2243,1400,612,160,54,10,6,1,0,0,0
4874034000,2026-07-31,경상남도,창녕군,이방면,1484,921,426,83,40,10,3,1,0,0,0
4874035000,2026-07-31,경상남도,창녕군,유어면,1072,697,289,59,17,8,0,1,1,0,0
4874036000,2026-07-31,경상남도,창녕군,대지면,1337,732,391,134,45,29,3,3,0,0,0
4874037000,2026-07-31,경상남도,창녕군,계성면,1343,838,369,89,33,10,3,0,1,0,0
4874038000,2026-07-31,경상남도,창녕군,영산면,2752,1430,877,284,114,36,9,2,0,0,0
4874039000,2026-07-31,경상남도,창녕군,장마면,1115,668,349,70,19,6,3,0,0,0,0
4874040000,2026-07-31,경상남도,창녕군,도천면,1510,895,439,121,35,16,3,1,0,0,0
4874041000,2026-07-31,경상남도,창녕군,길곡면,912,529,307,48,21,4,2,1,0,0,0
4874042000,2026-07-31,경상남도,창녕군,부곡면,2085,1212,641,161,48,17,6,0,0,0,0
4882025000,2026-07-31,경상남도,고성군,고성읍,11435,5373,3126,1541,1014,302,62,12,1,1,3
4882031000,2026-07-31,경상남도,고성군,삼산면,1050,604,330,73,24,12,6,0,0,0,1
4882032000,2026-07-31,경상남도,고성군,하일면,1008,546,351,69,28,9,4,0,0,0,1
4882033000,2026-07-31,경상남도,고성군,하이면,1410,765,415,143,57,22,6,1,1,0,0
4882034000,2026-07-31,경상남도,고성군,상리면,873,478,292,66,26,6,4,0,0,0,1
4882035000,2026-07-31,경상남도,고성군,대가면,968,563,312,60,18,10,4,0,0,0,1
4882036000,2026-07-31,경상남도,고성군,영현면,545,343,150,38,9,3,2,0,0,0,0
4882037000,2026-07-31,경상남도,고성군,영오면,806,491,218,66,17,9,2,3,0,0,0
4882038000,2026-07-31,경상남도,고성군,개천면,637,375,204,28,24,1,4,0,0,0,1
4882039000,2026-07-31,경상남도,고성군,구만면,589,350,178,38,14,8,1,0,0,0,0
4882040000,2026-07-31,경상남도,고성군,회화면,1856,985,589,165,72,35,6,1,2,0,1
4882041000,2026-07-31,경상남도,고성군,마암면,1091,728,270,59,22,8,3,1,0,0,0
4882042000,2026-07-31,경상남도,고성군,동해면,1805,1049,531,162,41,11,4,5,1,0,1
4882043000,2026-07-31,경상남도,고성군,거류면,2346,1284,709,232,83,32,3,3,0,0,0
4884025000,2026-07-31,경상남도,남해군,남해읍,6432,2943,1798,898,558,183,45,5,2,0,0
4884031000,2026-07-31,경상남도,남해군,이동면,2084,1082,722,178,66,25,7,2,0,0,2
4884032000,2026-07-31,경상남도,남해군,상주면,938,513,287,84,39,10,3,0,1,1,0
4884033000,2026-07-31,경상남도,남해군,삼동면,2289,1255,721,202,74,27,5,4,0,0,1
4884034000,2026-07-31,경상남도,남해군,미조면,1272,721,368,112,48,15,3,3,1,1,0
4884035000,2026-07-31,경상남도,남해군,남면,2127,1217,675,142,61,21,10,1,0,0,0
4884036000,2026-07-31,경상남도,남해군,서면,1501,810,504,122,45,12,2,5,0,0,1
4884037000,2026-07-31,경상남도,남해군,고현면,1816,869,647,197,66,24,10,0,2,0,1
4884038000,2026-07-31,경상남도,남해군,설천면,1538,759,567,147,36,21,7,1,0,0,0
4884039000,2026-07-31,경상남도,남해군,창선면,3175,1624,1089,315,85,41,10,6,2,0,3
4885025000,2026-07-31,경상남도,하동군,하동읍,4862,2460,1356,581,313,120,21,9,1,0,1
4885031000,2026-07-31,경상남도,하동군,화개면,1609,900,481,151,44,22,3,4,3,0,1
4885032000,2026-07-31,경상남도,하동군,악양면,1948,1073,626,159,58,25,6,0,1,0,0
4885033000,2026-07-31,경상남도,하동군,적량면,1081,632,320,68,38,15,5,1,1,0,1
4885034000,2026-07-31,경상남도,하동군,횡천면,1030,565,320,90,39,12,3,0,1,0,0
4885035000,2026-07-31,경상남도,하동군,고전면,1189,692,359,85,33,8,9,3,0,0,0
4885036000,2026-07-31,경상남도,하동군,금남면,1929,1145,561,154,44,18,7,0,0,0,0
4885037000,2026-07-31,경상남도,하동군,진교면,2970,1460,961,306,162,60,15,3,2,1,0
4885038000,2026-07-31,경상남도,하동군,양보면,959,532,318,75,26,6,2,0,0,0,0
4885039000,2026-07-31,경상남도,하동군,북천면,940,567,275,70,21,6,0,1,0,0,0
4885040000,2026-07-31,경상남도,하동군,청암면,807,510,212,46,21,9,6,0,1,1,1
4885041000,2026-07-31,경상남도,하동군,옥종면,2368,1290,735,202,106,23,10,1,0,0,1
4885042000,2026-07-31,경상남도,하동군,금성면,1548,879,437,137,59,31,3,1,1,0,0
4886025000,2026-07-31,경상남도,산청군,산청읍,3638,1996,945,367,246,60,17,6,1,0,0
4886031000,2026-07-31,경상남도,산청군,차황면,845,510,255,52,19,6,3,0,0,0,0
4886032000,2026-07-31,경상남도,산청군,오부면,613,382,173,35,13,6,2,0,2,0,0
4886033000,2026-07-31,경상남도,산청군,생초면,1163,689,372,66,21,10,5,0,0,0,0
4886034000,2026-07-31,경상남도,산청군,금서면,1712,983,490,156,56,20,5,0,2,0,0
4886035000,2026-07-31,경상남도,산청군,삼장면,1055,586,346,83,25,9,4,1,0,0,1
4886036000,2026-07-31,경상남도,산청군,시천면,2351,1317,719,220,66,20,7,2,0,0,0
4886037000,2026-07-31,경상남도,산청군,단성면,3344,1901,1022,271,99,33,16,1,1,0,0
4886038000,2026-07-31,경상남도,산청군,신안면,2928,1446,875,351,168,52,28,5,1,1,1
4886039000,2026-07-31,경상남도,산청군,생비량면,749,496,198,35,12,6,2,0,0,0,0
4886040000,2026-07-31,경상남도,산청군,신등면,1208,713,378,74,33,9,0,1,0,0,0
4887025000,2026-07-31,경상남도,함양군,함양읍,8620,4067,2428,1135,683,233,57,13,1,1,2
4887031000,2026-07-31,경상남도,함양군,마천면,1259,789,349,77,31,9,3,1,0,0,0
4887032000,2026-07-31,경상남도,함양군,휴천면,942,610,242,60,22,5,2,0,0,1,0
4887033000,2026-07-31,경상남도,함양군,유림면,967,579,287,65,28,7,1,0,0,0,0
4887034000,2026-07-31,경상남도,함양군,수동면,1328,788,378,116,27,14,4,1,0,0,0
4887035000,2026-07-31,경상남도,함양군,지곡면,1147,631,367,98,36,11,2,2,0,0,0
4887036000,2026-07-31,경상남도,함양군,안의면,2420,1350,778,178,78,30,3,2,1,0,0
4887037000,2026-07-31,경상남도,함양군,서하면,810,473,248,61,16,7,5,0,0,0,0
4887038000,2026-07-31,경상남도,함양군,서상면,1048,608,337,58,31,13,1,0,0,0,0
4887039000,2026-07-31,경상남도,함양군,백전면,909,502,308,59,23,13,3,0,0,0,1
4887040000,2026-07-31,경상남도,함양군,병곡면,738,411,236,54,27,7,3,0,0,0,0
4888025000,2026-07-31,경상남도,거창군,거창읍,19543,8759,5222,2807,2017,574,125,29,5,3,2
4888031000,2026-07-31,경상남도,거창군,주상면,863,475,280,71,26,9,1,1,0,0,0
4888032000,2026-07-31,경상남도,거창군,웅양면,993,502,351,80,38,18,2,0,1,0,1
4888033000,2026-07-31,경상남도,거창군,고제면,807,457,270,54,15,8,3,0,0,0,0
4888034000,2026-07-31,경상남도,거창군,북상면,926,533,289,59,32,9,3,0,1,0,0
4888035000,2026-07-31,경상남도,거창군,위천면,1106,626,343,77,45,12,3,0,0,0,0
4888036000,2026-07-31,경상남도,거창군,마리면,1138,650,341,88,39,13,5,2,0,0,0
4888037000,2026-07-31,경상남도,거창군,남상면,1348,758,438,102,33,13,3,1,0,0,0
4888038000,2026-07-31,경상남도,거창군,남하면,843,502,250,52,30,4,4,0,0,1,0
4888039000,2026-07-31,경상남도,거창군,신원면,920,527,305,58,19,9,1,1,0,0,0
4888040000,2026-07-31,경상남도,거창군,가조면,2053,1116,666,191,57,16,6,1,0,0,0
4888041000,2026-07-31,경상남도,거창군,가북면,859,533,259,44,16,5,1,0,0,0,1
4889025000,2026-07-31,경상남도,합천군,합천읍,5149,2265,1509,735,474,126,28,7,2,2,1
4889031000,2026-07-31,경상남도,합천군,봉산면,891,556,267,45,14,6,2,1,0,0,0
4889032000,2026-07-31,경상남도,합천군,묘산면,921,563,279,61,12,4,2,0,0,0,0
4889033000,2026-07-31,경상남도,합천군,가야면,2257,1351,650,161,62,21,7,2,1,0,2
4889034000,2026-07-31,경상남도,합천군,야로면,1362,839,371,95,33,15,7,0,1,0,1
4889035000,2026-07-31,경상남도,합천군,율곡면,1262,734,393,87,32,13,3,0,0,0,0
4889036000,2026-07-31,경상남도,합천군,초계면,1260,714,394,89,34,17,9,2,0,0,1
4889037000,2026-07-31,경상남도,합천군,쌍책면,736,455,218,47,12,0,3,0,1,0,0
4889038000,2026-07-31,경상남도,합천군,덕곡면,511,323,145,29,11,1,2,0,0,0,0
4889039000,2026-07-31,경상남도,합천군,청덕면,1004,678,265,43,13,3,2,0,0,0,0
4889040000,2026-07-31,경상남도,합천군,적중면,806,504,222,59,15,3,1,1,1,0,0
4889041000,2026-07-31,경상남도,합천군,대양면,991,609,237,78,52,10,4,1,0,0,0
4889042000,2026-07-31,경상남도,합천군,쌍백면,1025,658,280,58,18,4,1,2,3,1,0
4889043000,2026-07-31,경상남도,합천군,삼가면,1769,1054,497,138,54,13,10,2,1,0,0
4889044000,2026-07-31,경상남도,합천군,가회면,1044,595,354,63,23,7,1,1,0,0,0
4889045000,2026-07-31,경상남도,합천군,대병면,1132,652,360,80,30,7,2,1,0,0,0
4889046000,2026-07-31,경상남도,합천군,용주면,1294,767,406,83,23,10,3,1,0,0,1
5011025000,2026-07-31,제주특별자치도,제주시,한림읍,10581,5308,2820,1316,777,265,68,18,7,0,2
5011025300,2026-07-31,제주특별자치도,제주시,애월읍,18532,8093,4975,2779,1798,629,189,46,19,3,1
5011025600,2026-07-31,제주특별자치도,제주시,구좌읍,8075,4221,2108,973,481,208,68,15,1,0,0
5011025900,2026-07-31,제주특별자치도,제주시,조천읍,12491,5289,3559,1826,1248,423,104,31,8,2,1
5011031000,2026-07-31,제주특별자치도,제주시,한경면,5223,2656,1491,621,308,104,36,2,3,1,1
5011032000,2026-07-31,제주특별자치도,제주시,추자면,939,589,227,67,37,14,5,0,0,0,0
5011033000,2026-07-31,제주특별자치도,제주시,우도면,823,446,205,101,39,21,8,2,1,0,0
5011051000,2026-07-31,제주특별자치도,제주시,일도1동,1277,836,229,123,69,14,4,1,1,0,0
5011052000,2026-07-31,제주특별자치도,제주시,일도2동,13652,5097,3605,2428,1814,544,129,25,5,4,1
5011053000,2026-07-31,제주특별자치도,제주시,이도1동,4091,2270,864,461,345,125,21,5,0,0,0
5011054000,2026-07-31,제주특별자치도,제주시,이도2동,20512,8248,4827,3547,2818,871,163,24,10,3,1
5011055000,2026-07-31,제주특별자치도,제주시,삼도1동,6106,2707,1555,950,618,224,39,12,1,0,0
5011056000,2026-07-31,제주특별자치도,제주시,삼도2동,4046,2168,903,520,321,107,23,2,1,1,0
5011057000,2026-07-31,제주특별자치도,제주시,용담1동,3369,1771,801,420,253,102,19,3,0,0,0
5011058000,2026-07-31,제주특별자치도,제주시,용담2동,6424,2759,1687,1025,660,226,49,15,2,1,0
5011059000,2026-07-31,제주특별자치도,제주시,건입동,4145,1903,1068,603,421,110,26,13,1,0,0
5011060000,2026-07-31,제주특별자치도,제주시,화북동,9871,3401,2631,1920,1404,414,81,13,6,1,0
5011061000,2026-07-31,제주특별자치도,제주시,삼양동,10693,3313,2600,2024,1991,609,133,18,3,1,1
5011062000,2026-07-31,제주특별자치도,제주시,봉개동,2452,997,679,421,239,91,18,6,1,0,0
5011063000,2026-07-31,제주특별자치도,제주시,아라동,18247,7378,3921,3136,2761,862,153,26,7,3,0
5011064000,2026-07-31,제주특별자치도,제주시,오라동,6582,2037,1606,1393,1150,324,59,9,3,1,0
5011065000,2026-07-31,제주특별자치도,제주시,연동,22962,12523,4716,2874,2079,634,106,21,6,1,2
5011066000,2026-07-31,제주특별자치도,제주시,노형동,24542,9799,5798,4374,3414,950,154,36,14,1,2
5011067000,2026-07-31,제주특별자치도,제주시,외도동,9226,2977,2314,1845,1463,497,101,18,9,1,1
5011068000,2026-07-31,제주특별자치도,제주시,이호동,1959,763,553,334,216,71,16,6,0,0,0
5011069000,2026-07-31,제주특별자치도,제주시,도두동,1554,752,325,234,154,72,13,4,0,0,0
5013025000,2026-07-31,제주특별자치도,서귀포시,대정읍,10795,4836,2960,1765,874,286,53,17,3,0,1
5013025300,2026-07-31,제주특별자치도,서귀포시,남원읍,8945,4069,2615,1192,713,263,68,17,2,5,1
5013025900,2026-07-31,제주특별자치도,서귀포시,성산읍,8076,4282,2169,913,481,177,37,11,4,2,0
5013031000,2026-07-31,제주특별자치도,서귀포시,안덕면,6558,3343,1731,800,456,158,51,13,5,1,0
5013032000,2026-07-31,제주특별자치도,서귀포시,표선면,6477,3027,1713,911,560,209,43,8,5,0,1
5013051000,2026-07-31,제주특별자치도,서귀포시,송산동,1862,878,496,236,151,78,18,5,0,0,0
5013052000,2026-07-31,제주특별자치도,서귀포시,정방동,1274,834,250,112,53,18,6,1,0,0,0
5013053000,2026-07-31,제주특별자치도,서귀포시,중앙동,1758,1104,372,154,73,39,14,1,1,0,0
5013054000,2026-07-31,제주특별자치도,서귀포시,천지동,1964,1229,407,170,105,38,7,5,3,0,0
5013055000,2026-07-31,제주특별자치도,서귀포시,효돈동,2431,922,756,409,236,74,20,11,3,0,0
5013056000,2026-07-31,제주특별자치도,서귀포시,영천동,2519,1208,642,347,205,83,29,5,0,0,0
5013057000,2026-07-31,제주특별자치도,서귀포시,동홍동,10089,3858,2705,1672,1287,454,91,18,1,2,1
5013058000,2026-07-31,제주특별자치도,서귀포시,서홍동,4678,1688,1124,826,726,248,53,10,2,0,1
5013059000,2026-07-31,제주특별자치도,서귀포시,대륜동,6938,2791,1959,1103,770,246,59,5,3,1,1
5013060000,2026-07-31,제주특별자치도,서귀포시,대천동,6640,2960,1609,1012,772,207,61,15,2,2,0
5013061000,2026-07-31,제주특별자치도,서귀포시,중문동,6078,2902,1496,883,562,178,40,15,0,1,1
5013062000,2026-07-31,제주특별자치도,서귀포시,예래동,2030,1046,553,239,123,53,11,2,2,0,1
5111025000,2026-07-31,강원특별자치도,춘천시,신북읍,3604,1662,1142,500,204,62,24,8,1,0,1
5111031000,2026-07-31,강원특별자치도,춘천시,동면,8157,2953,2172,1400,1216,337,68,7,3,0,1
5111032000,2026-07-31,강원특별자치도,춘천시,동산면,776,412,239,85,25,11,4,0,0,0,0
5111033000,2026-07-31,강원특별자치도,춘천시,신동면,1237,481,420,192,100,34,8,1,1,0,0
5111034000,2026-07-31,강원특별자치도,춘천시,남면,643,392,184,42,18,3,2,1,1,0,0
5111035000,2026-07-31,강원특별자치도,춘천시,서면,1986,1011,633,203,97,26,12,3,0,0,1
5111036000,2026-07-31,강원특별자치도,춘천시,사북면,1352,756,414,124,29,22,4,2,0,0,1
5111038000,2026-07-31,강원특별자치도,춘천시,북산면,614,376,190,35,7,4,2,0,0,0,0
5111039000,2026-07-31,강원특별자치도,춘천시,동내면,10567,4098,2829,1874,1358,331,55,14,5,2,1
5111040000,2026-07-31,강원특별자치도,춘천시,남산면,1965,1107,599,165,55,24,12,3,0,0,0
5111052000,2026-07-31,강원특별자치도,춘천시,교동,2796,2103,453,154,62,15,6,2,0,1,0
5111053000,2026-07-31,강원특별자치도,춘천시,조운동,1526,967,359,124,45,21,7,2,1,0,0
5111054500,2026-07-31,강원특별자치도,춘천시,약사명동,2386,853,626,504,337,54,9,2,1,0,0
5111057000,2026-07-31,강원특별자치도,춘천시,근화동,4462,2219,956,634,484,133,33,3,0,0,0
5111058000,2026-07-31,강원특별자치도,춘천시,소양동,4960,1905,1364,931,604,128,25,2,1,0,0
5111060000,2026-07-31,강원특별자치도,춘천시,후평1동,6285,3603,1537,663,366,85,24,6,1,0,0
5111061000,2026-07-31,강원특별자치도,춘천시,후평2동,6335,2577,1616,1159,736,197,41,8,0,0,1
5111061100,2026-07-31,강원특별자치도,춘천시,후평3동,8862,3478,2520,1577,1003,225,41,13,2,3,0
5111062000,2026-07-31,강원특별자치도,춘천시,효자1동,1893,768,555,325,194,41,7,2,1,0,0
5111063000,2026-07-31,강원특별자치도,춘천시,효자2동,8681,6464,1295,546,285,71,13,5,1,1,0
5111064000,2026-07-31,강원특별자치도,춘천시,효자3동,2829,1952,528,189,116,33,10,1,0,0,0
5111065000,2026-07-31,강원특별자치도,춘천시,석사동,15429,6741,3855,2501,1766,451,91,14,6,3,1
5111066000,2026-07-31,강원특별자치도,춘천시,퇴계동,20020,6920,5573,3982,2820,606,96,11,9,3,0
5111067500,2026-07-31,강원특별자치도,춘천시,강남동,11125,3691,3195,2319,1578,283,47,7,3,1,1
5111070500,2026-07-31,강원특별자치도,춘천시,신사우동,10879,3802,2893,2058,1608,410,86,13,5,3,1
5113025000,2026-07-31,강원특별자치도,원주시,문막읍,8915,4348,2557,1115,667,167,45,10,6,0,0
5113031000,2026-07-31,강원특별자치도,원주시,소초면,4401,2219,1396,497,211,61,9,6,0,1,1
5113032000,2026-07-31,강원특별자치도,원주시,호저면,1741,824,615,186,77,28,8,1,1,0,1
5113033000,2026-07-31,강원특별자치도,원주시,지정면,13705,4032,3641,3092,2370,486,63,19,2,0,0
5113035000,2026-07-31,강원특별자치도,원주시,부론면,1337,763,416,112,38,6,1,1,0,0,0
5113036000,2026-07-31,강원특별자치도,원주시,귀래면,1209,617,440,96,29,17,6,2,2,0,0
5113037000,2026-07-31,강원특별자치도,원주시,흥업면,5703,3496,1208,530,340,98,23,8,0,0,0
5113038000,2026-07-31,강원특별자치도,원주시,판부면,4201,2149,1055,565,315,84,25,5,2,1,0
5113039000,2026-07-31,강원특별자치도,원주시,신림면,2045,1011,735,205,64,25,3,2,0,0,0
5113051500,2026-07-31,강원특별자치도,원주시,중앙동,1389,945,293,97,39,8,5,1,0,1,0
5113052000,2026-07-31,강원특별자치도,원주시,원인동,2860,1366,809,429,196,51,7,1,1,0,0
5113053000,2026-07-31,강원특별자치도,원주시,개운동,5775,2532,1684,914,487,116,35,2,5,0,0
5113054100,2026-07-31,강원특별자치도,원주시,명륜1동,3610,1450,1138,579,330,91,17,5,0,0,0
5113054200,2026-07-31,강원특별자치도,원주시,명륜2동,8931,4231,2180,1351,908,191,52,14,3,1,0
5113055000,2026-07-31,강원특별자치도,원주시,단구동,20333,8747,5407,3396,2195,487,78,16,5,0,2
5113056000,2026-07-31,강원특별자치도,원주시,일산동,4620,2642,1131,494,270,62,14,4,2,1,0
5113057500,2026-07-31,강원특별자치도,원주시,학성동,2266,1183,644,274,121,35,8,0,1,0,0
5113059000,2026-07-31,강원특별자치도,원주시,단계동,12860,5381,3683,2244,1246,253,33,14,2,2,2
5113060000,2026-07-31,강원특별자치도,원주시,우산동,6841,3513,1592,962,597,136,34,7,0,0,0
5113061000,2026-07-31,강원특별자치도,원주시,태장1동,6290,3068,1548,862,626,157,19,8,1,0,1
5113062000,2026-07-31,강원특별자치도,원주시,태장2동,11916,4999,3569,1904,1116,272,50,3,1,0,2
5113063500,2026-07-31,강원특별자치도,원주시,봉산동,3719,1748,1149,498,252,62,7,3,0,0,0
5113065000,2026-07-31,강원특별자치도,원주시,행구동,3554,1172,1101,669,447,117,36,6,3,0,3
5113066000,2026-07-31,강원특별자치도,원주시,무실동,17411,6645,4359,3185,2556,571,75,17,2,1,0
5113067500,2026-07-31,강원특별자치도,원주시,반곡관설동,23134,8443,5292,4738,3763,743,127,17,7,3,1
5115025000,2026-07-31,강원특별자치도,강릉시,주문진읍,8806,4685,2647,931,397,115,21,8,2,0,0
5115031000,2026-07-31,강원특별자치도,강릉시,성산면,1769,792,603,233,102,27,10,2,0,0,0
5115032000,2026-07-31,강원특별자치도,강릉시,왕산면,885,464,308,77,22,12,0,1,0,1,0
5115033000,2026-07-31,강원특별자치도,강릉시,구정면,2024,844,676,280,163,44,14,2,0,1,0
5115034000,2026-07-31,강원특별자치도,강릉시,강동면,2116,1136,638,219,81,27,13,2,0,0,0
5115035000,2026-07-31,강원특별자치도,강릉시,옥계면,1860,967,621,164,76,30,2,0,0,0,0
5115036000,2026-07-31,강원특별자치도,강릉시,사천면,2920,1496,858,333,169,41,17,6,0,0,0
5115037000,2026-07-31,강원특별자치도,강릉시,연곡면,3499,1723,1106,391,214,49,9,6,0,1,0
5115051000,2026-07-31,강원특별자치도,강릉시,홍제동,7021,3198,1864,1093,698,141,18,4,3,1,1
5115052000,2026-07-31,강원특별자치도,강릉시,중앙동,2485,1556,565,213,112,31,7,1,0,0,0
5115054000,2026-07-31,강원특별자치도,강릉시,옥천동,1894,1239,431,133,67,19,5,0,0,0,0
5115055000,2026-07-31,강원특별자치도,강릉시,교1동,13148,5518,3461,2184,1582,317,66,14,4,2,0
5115056000,2026-07-31,강원특별자치도,강릉시,교2동,4979,1979,1458,810,573,136,18,3,2,0,0
5115057100,2026-07-31,강원특별자치도,강릉시,포남1동,5898,3109,1756,620,314,83,14,2,0,0,0
5115057200,2026-07-31,강원특별자치도,강릉시,포남2동,6238,3278,1744,754,353,88,16,3,0,0,2
5115058000,2026-07-31,강원특별자치도,강릉시,초당동,2191,1070,624,286,169,30,7,2,3,0,0
5115059000,2026-07-31,강원특별자치도,강릉시,송정동,4153,1317,1403,808,507,93,23,1,0,1,0
5115060000,2026-07-31,강원특별자치도,강릉시,내곡동,8880,3855,2413,1449,948,178,33,4,0,0,0
5115061500,2026-07-31,강원특별자치도,강릉시,강남동,7880,3404,2464,1157,633,187,27,8,0,0,0
5115064500,2026-07-31,강원특별자치도,강릉시,성덕동,11625,4454,3200,2086,1491,329,48,14,2,0,1
5115066500,2026-07-31,강원특별자치도,강릉시,경포동,5611,2537,1299,915,687,138,28,4,2,1,0
5117051000,2026-07-31,강원특별자치도,동해시,천곡동,13957,5891,4144,2059,1419,355,75,13,1,0,0
5117052000,2026-07-31,강원특별자치도,동해시,송정동,2069,1265,524,180,68,28,3,1,0,0,0
5117053000,2026-07-31,강원특별자치도,동해시,북삼동,9988,3910,2797,1733,1207,294,37,7,3,0,0
5117054000,2026-07-31,강원특별자치도,동해시,부곡동,2488,1248,796,288,111,34,9,2,0,0,0
5117055000,2026-07-31,강원특별자치도,동해시,동호동,2472,1236,712,314,155,50,3,1,0,0,1
5117057000,2026-07-31,강원특별자치도,동해시,발한동,1742,1038,496,126,57,18,3,4,0,0,0
5117059000,2026-07-31,강원특별자치도,동해시,묵호동,1600,914,481,142,47,10,5,1,0,0,0
5117060000,2026-07-31,강원특별자치도,동해시,북평동,6079,2332,1765,1074,712,161,26,7,2,0,0
5117063000,2026-07-31,강원특별자치도,동해시,망상동,1731,879,537,196,79,30,10,0,0,0,0
5117065000,2026-07-31,강원특별자치도,동해시,삼화동,1416,776,439,127,54,14,4,2,0,0,0
5119051500,2026-07-31,강원특별자치도,태백시,황지동,3833,1706,1102,551,365,86,19,3,1,0,0
5119052500,2026-07-31,강원특별자치도,태백시,황연동,2132,1255,532,204,101,23,13,4,0,0,0
5119053500,2026-07-31,강원특별자치도,태백시,삼수동,2585,1305,754,301,167,51,4,3,0,0,0
5119054000,2026-07-31,강원특별자치도,태백시,상장동,5589,2474,1529,826,599,126,28,4,0,1,2
5119058500,2026-07-31,강원특별자치도,태백시,문곡소도동,1843,966,602,159,90,22,4,0,0,0,0
5119059500,2026-07-31,강원특별자치도,태백시,장성동,1732,965,512,160,66,22,4,3,0,0,0
5119060500,2026-07-31,강원특별자치도,태백시,구문소동,1340,807,395,93,34,9,2,0,0,0,0
5119061500,2026-07-31,강원특별자치도,태백시,철암동,1058,700,261,66,19,8,4,0,0,0,0
5121051000,2026-07-31,강원특별자치도,속초시,영랑동,2557,1428,712,259,114,33,6,5,0,0,0
5121052000,2026-07-31,강원특별자치도,속초시,동명동,2646,1161,777,399,244,47,12,4,1,1,0
5121054000,2026-07-31,강원특별자치도,속초시,금호동,2956,1444,853,395,188,57,12,7,0,0,0
5121056000,2026-07-31,강원특별자치도,속초시,교동,4666,2414,1278,574,303,77,16,2,2,0,0
5121057000,2026-07-31,강원특별자치도,속초시,노학동,10317,4955,2834,1408,841,231,34,11,2,1,0
5121058000,2026-07-31,강원특별자치도,속초시,조양동,13705,5413,4136,2340,1413,335,56,9,3,0,0
5121059000,2026-07-31,강원특별자치도,속초시,청호동,2650,1453,695,302,160,33,5,2,0,0,0
5121060000,2026-07-31,강원특별자치도,속초시,대포동,1649,890,514,155,62,19,7,2,0,0,0
5123025000,2026-07-31,강원특별자치도,삼척시,도계읍,5559,3703,1219,397,177,49,10,3,0,1,0
5123025300,2026-07-31,강원특별자치도,삼척시,원덕읍,2081,1370,529,114,46,15,4,2,1,0,0
5123025400,2026-07-31,강원특별자치도,삼척시,원덕읍임원출장소,910,568,229,67,35,8,3,0,0,0,0
5123031000,2026-07-31,강원특별자치도,삼척시,근덕면,2844,1665,835,232,83,22,5,1,1,0,0
5123032000,2026-07-31,강원특별자치도,삼척시,하장면,683,340,251,67,18,6,1,0,0,0,0
5123033000,2026-07-31,강원특별자치도,삼척시,노곡면,441,256,142,30,11,1,1,0,0,0,0
5123034000,2026-07-31,강원특별자치도,삼척시,미로면,1003,521,352,91,26,8,4,1,0,0,0
5123035000,2026-07-31,강원특별자치도,삼척시,가곡면,406,253,106,33,6,7,1,0,0,0,0
5123036000,2026-07-31,강원특별자치도,삼척시,신기면,396,232,136,17,8,2,0,0,1,0,0
5123051000,2026-07-31,강원특별자치도,삼척시,남양동,3629,1903,1071,404,174,64,10,2,0,1,0
5123053000,2026-07-31,강원특별자치도,삼척시,교동,6937,2624,1898,1221,936,211,34,11,1,1,0
5123054000,2026-07-31,강원특별자치도,삼척시,정라동,4858,2276,1327,659,445,117,28,6,0,0,0
5123057000,2026-07-31,강원특별자치도,삼척시,성내동,3640,1666,1118,470,285,79,17,4,1,0,0
5172025000,2026-07-31,강원특별자치도,홍천군,홍천읍,16203,6890,4573,2488,1659,468,99,23,2,0,1
5172031000,2026-07-31,강원특별자치도,홍천군,화촌면,2437,1285,838,191,84,23,10,3,3,0,0
5172032000,2026-07-31,강원특별자치도,홍천군,두촌면,1380,698,482,131,40,17,8,4,0,0,0
5172033000,2026-07-31,강원특별자치도,홍천군,내촌면,1451,778,513,113,31,5,6,5,0,0,0
5172034000,2026-07-31,강원특별자치도,홍천군,서석면,1964,935,674,210,96,33,14,1,0,1,0
5172035200,2026-07-31,강원특별자치도,홍천군,영귀미면,2230,1048,809,227,94,37,9,3,1,0,2
5172036000,2026-07-31,강원특별자치도,홍천군,남면,3187,1733,966,273,149,39,17,5,2,0,3
5172037000,2026-07-31,강원특별자치도,홍천군,서면,2371,1387,692,187,78,21,5,1,0,0,0
5172038000,2026-07-31,강원특별자치도,홍천군,북방면,2246,1151,673,250,115,37,16,3,0,1,0
5172039000,2026-07-31,강원특별자치도,홍천군,내면,1627,805,560,171,56,25,7,3,0,0,0
5173025000,2026-07-31,강원특별자치도,횡성군,횡성읍,9713,4063,2757,1472,1007,319,71,20,3,0,1
5173031000,2026-07-31,강원특별자치도,횡성군,우천면,2459,1231,850,237,92,33,12,3,1,0,0
5173032000,2026-07-31,강원특별자치도,횡성군,안흥면,1589,816,557,142,49,14,6,2,1,0,2
5173033000,2026-07-31,강원특별자치도,횡성군,둔내면,3316,1642,1110,327,156,59,14,4,3,1,0
5173034000,2026-07-31,강원특별자치도,횡성군,갑천면,1507,772,563,121,33,13,5,0,0,0,0
5173035000,2026-07-31,강원특별자치도,횡성군,청일면,1456,773,512,115,37,11,7,1,0,0,0
5173036000,2026-07-31,강원특별자치도,횡성군,공근면,1957,1002,682,166,69,25,7,5,0,1,0
5173037000,2026-07-31,강원특별자치도,횡성군,서원면,1159,589,402,108,28,24,3,3,2,0,0
5173038000,2026-07-31,강원특별자치도,횡성군,강림면,1064,566,383,72,27,9,4,2,1,0,0
5175025000,2026-07-31,강원특별자치도,영월군,영월읍,10389,5277,2790,1326,757,188,33,16,2,0,0
5175025300,2026-07-31,강원특별자치도,영월군,상동읍,686,454,180,43,5,3,1,0,0,0,0
5175031200,2026-07-31,강원특별자치도,영월군,산솔면,854,512,251,61,19,7,3,1,0,0,0
5175032500,2026-07-31,강원특별자치도,영월군,김삿갓면,1121,663,328,83,30,14,2,1,0,0,0
5175033000,2026-07-31,강원특별자치도,영월군,북면,1188,663,386,88,38,7,4,0,1,0,1
5175034000,2026-07-31,강원특별자치도,영월군,남면,1319,790,376,96,38,17,1,1,0,0,0
5175035500,2026-07-31,강원특별자치도,영월군,한반도면,663,340,235,57,23,4,3,1,0,0,0
5175035900,2026-07-31,강원특별자치도,영월군,한반도면쌍용출장소,911,539,272,57,30,11,2,0,0,0,0
5175036000,2026-07-31,강원특별자치도,영월군,주천면,2326,1342,695,165,81,34,5,3,0,0,1
5175038000,2026-07-31,강원특별자치도,영월군,무릉도원면,1320,738,437,101,32,9,2,1,0,0,0
5176025000,2026-07-31,강원특별자치도,평창군,평창읍,4368,2061,1298,566,329,89,21,3,1,0,0
5176031000,2026-07-31,강원특별자치도,평창군,미탄면,884,476,289,86,23,6,4,0,0,0,0
5176032000,2026-07-31,강원특별자치도,평창군,방림면,482,280,138,42,12,7,1,1,1,0,0
5176032500,2026-07-31,강원특별자치도,평창군,방림면계촌출장소,1038,562,347,81,28,15,5,0,0,0,0
5176033000,2026-07-31,강원특별자치도,평창군,대화면,2741,1378,865,292,139,50,12,4,1,0,0
5176034000,2026-07-31,강원특별자치도,평창군,봉평면,3107,1601,936,309,188,47,22,4,0,0,0
5176035000,2026-07-31,강원특별자치도,평창군,용평면,1675,870,516,166,85,22,14,2,0,0,0
5176036000,2026-07-31,강원특별자치도,평창군,진부면,4398,2024,1425,514,309,94,21,7,1,2,1
5176038000,2026-07-31,강원특별자치도,평창군,대관령면,3576,2162,870,315,158,44,19,4,3,0,1
5177025000,2026-07-31,강원특별자치도,정선군,정선읍,5449,2652,1553,647,440,117,33,5,2,0,0
5177025300,2026-07-31,강원특별자치도,정선군,고한읍,3111,2130,588,221,123,40,7,1,1,0,0
5177025600,2026-07-31,강원특별자치도,정선군,사북읍,2477,1325,659,294,137,52,10,0,0,0,0
5177025900,2026-07-31,강원특별자치도,정선군,신동읍,981,499,311,97,53,16,5,0,0,0,0
5177026000,2026-07-31,강원특별자치도,정선군,신동읍함백출장소,997,641,238,77,34,2,4,0,1,0,0
5177032000,2026-07-31,강원특별자치도,정선군,남면,1940,1130,523,172,81,28,5,0,1,0,0
5177034000,2026-07-31,강원특별자치도,정선군,북평면,1386,711,412,155,65,29,11,1,1,0,1
5177035000,2026-07-31,강원특별자치도,정선군,임계면,2020,1083,665,186,57,19,7,3,0,0,0
5177036000,2026-07-31,강원특별자치도,정선군,화암면,941,548,267,77,31,13,4,1,0,0,0
5177037000,2026-07-31,강원특별자치도,정선군,여량면,1169,645,388,87,35,11,1,1,0,0,1
5178025000,2026-07-31,강원특별자치도,철원군,철원읍,2350,1021,694,360,206,45,17,6,1,0,0
5178025300,2026-07-31,강원특별자치도,철원군,김화읍,1470,640,437,207,129,51,5,0,1,0,0
5178025600,2026-07-31,강원특별자치도,철원군,갈말읍,5788,2793,1576,720,503,149,34,7,2,0,4
5178025900,2026-07-31,강원특별자치도,철원군,동송읍,7016,3223,2003,924,614,194,44,11,2,0,1
5178031000,2026-07-31,강원특별자치도,철원군,서면,1003,628,226,82,52,10,3,0,1,0,1
5178031500,2026-07-31,강원특별자치도,철원군,서면와수출장소,1622,676,498,221,165,47,10,2,2,0,1
5178032000,2026-07-31,강원특별자치도,철원군,근남면,994,482,314,112,59,22,3,1,1,0,0
5178033000,2026-07-31,강원특별자치도,철원군,근북면,57,34,16,6,1,0,0,0,0,0,0
5179025000,2026-07-31,강원특별자치도,화천군,화천읍,4109,1991,986,540,415,139,33,4,1,0,0
5179031000,2026-07-31,강원특별자치도,화천군,간동면,1449,749,466,134,68,21,10,1,0,0,0
5179032000,2026-07-31,강원특별자치도,화천군,하남면,1370,580,393,197,135,50,11,3,0,0,1
5179033000,2026-07-31,강원특별자치도,화천군,상서면,2255,1488,483,145,86,41,9,1,1,1,0
5179034000,2026-07-31,강원특별자치도,화천군,사내면,3067,1623,757,301,293,70,16,3,3,0,1
5180025000,2026-07-31,강원특별자치도,양구군,양구읍,6127,2700,1580,879,694,208,51,10,1,1,3
5180031500,2026-07-31,강원특별자치도,양구군,국토정중앙면,1933,1127,491,191,80,26,11,5,2,0,0
5180032000,2026-07-31,강원특별자치도,양구군,동면,1041,550,322,94,60,8,6,1,0,0,0
5180033000,2026-07-31,강원특별자치도,양구군,방산면,699,413,200,52,24,7,1,2,0,0,0
5180034000,2026-07-31,강원특별자치도,양구군,해안면,678,354,197,80,33,11,3,0,0,0,0
5181025000,2026-07-31,강원특별자치도,인제군,인제읍,4689,2030,1247,688,520,166,34,3,1,0,0
5181025100,2026-07-31,강원특별자치도,인제군,인제읍귀둔출장소,261,121,95,33,9,3,0,0,0,0,0
5181031000,2026-07-31,강원특별자치도,인제군,남면,2168,1263,534,212,119,25,9,2,4,0,0
5181032000,2026-07-31,강원특별자치도,인제군,북면,4189,2222,1068,490,299,81,24,4,1,0,0
5181033000,2026-07-31,강원특별자치도,인제군,기린면,2814,1550,729,282,198,46,8,1,0,0,0
5181034000,2026-07-31,강원특별자치도,인제군,서화면,1412,826,341,142,83,17,1,2,0,0,0
5181035000,2026-07-31,강원특별자치도,인제군,상남면,1173,651,329,104,64,23,1,0,0,1,0
5182025000,2026-07-31,강원특별자치도,고성군,간성읍,3713,1697,1035,505,361,95,14,5,1,0,0
5182025300,2026-07-31,강원특별자치도,고성군,거진읍,3385,2030,941,243,124,42,2,3,0,0,0
5182031000,2026-07-31,강원특별자치도,고성군,현내면,1241,710,376,90,46,10,6,2,0,1,0
5182032000,2026-07-31,강원특별자치도,고성군,죽왕면,1914,1068,558,187,69,23,6,2,1,0,0
5182033000,2026-07-31,강원특별자치도,고성군,토성면,5345,2978,1391,565,298,82,21,6,2,1,1
5183025000,2026-07-31,강원특별자치도,양양군,양양읍,6473,3037,1782,846,615,149,38,6,0,0,0
5183031000,2026-07-31,강원특별자치도,양양군,서면,1458,747,457,159,57,28,5,3,2,0,0
5183032000,2026-07-31,강원특별자치도,양양군,손양면,1237,663,369,130,50,16,5,2,0,0,2
5183033000,2026-07-31,강원특별자치도,양양군,현북면,1610,904,507,132,37,23,5,2,0,0,0
5183034000,2026-07-31,강원특별자치도,양양군,현남면,1766,1013,518,147,60,23,4,1,0,0,0
5183035000,2026-07-31,강원특별자치도,양양군,강현면,2569,1352,772,266,122,42,9,4,1,1,0
5211151000,2026-07-31,전북특별자치도,전주시 완산구,중앙동,4800,2248,1247,735,430,112,22,4,1,0,1
5211153000,2026-07-31,전북특별자치도,전주시 완산구,풍남동,2129,1352,521,158,73,13,10,1,0,0,1
5211160500,2026-07-31,전북특별자치도,전주시 완산구,노송동,5272,2690,1424,653,373,105,20,3,0,1,3
5211163500,2026-07-31,전북특별자치도,전주시 완산구,완산동,2523,1318,650,292,189,53,15,4,1,0,1
5211165000,2026-07-31,전북특별자치도,전주시 완산구,동서학동,3056,1583,858,358,175,62,16,3,0,0,1
5211166000,2026-07-31,전북특별자치도,전주시 완산구,서서학동,4264,2230,1222,484,237,71,14,4,1,0,1
5211167100,2026-07-31,전북특별자치도,전주시 완산구,중화산1동,6295,2650,1736,998,635,210,57,9,0,0,0
5211167200,2026-07-31,전북특별자치도,전주시 완산구,중화산2동,9307,4570,2046,1296,1091,249,39,10,2,1,3
5211168000,2026-07-31,전북특별자치도,전주시 완산구,서신동,17590,7024,4559,3095,2275,537,78,18,2,1,1
5211169100,2026-07-31,전북특별자치도,전주시 완산구,평화1동,6987,4238,1658,667,320,84,13,5,1,0,1
5211169200,2026-07-31,전북특별자치도,전주시 완산구,평화2동,18556,6385,5406,3517,2482,629,113,21,3,0,0
5211170100,2026-07-31,전북특별자치도,전주시 완산구,삼천1동,4867,1793,1490,854,560,142,19,5,2,0,2
5211170200,2026-07-31,전북특별자치도,전주시 완산구,삼천2동,5869,2698,1708,840,450,131,33,8,0,1,0
5211170300,2026-07-31,전북특별자치도,전주시 완산구,삼천3동,9132,3306,2773,1611,1118,263,45,8,5,2,1
5211171100,2026-07-31,전북특별자치도,전주시 완산구,효자1동,5300,1865,1637,943,640,176,31,5,1,1,1
5211171200,2026-07-31,전북특별자치도,전주시 완산구,효자2동,4355,1945,1313,631,361,82,19,4,0,0,0
5211171300,2026-07-31,전북특별자치도,전주시 완산구,효자3동,6017,1955,1918,1198,721,177,35,7,3,2,1
5211171400,2026-07-31,전북특별자치도,전주시 완산구,효자4동,17438,6868,4126,3019,2678,619,100,20,5,2,1
5211173000,2026-07-31,전북특별자치도,전주시 완산구,효자5동,19186,10322,3800,2704,1850,428,60,17,3,1,1
5211352500,2026-07-31,전북특별자치도,전주시 덕진구,진북동,6319,3040,1868,807,417,139,35,10,3,0,0
5211354000,2026-07-31,전북특별자치도,전주시 덕진구,인후1동,7448,2747,2080,1261,986,301,55,13,3,2,0
5211355000,2026-07-31,전북특별자치도,전주시 덕진구,인후2동,5647,3123,1436,664,288,101,29,5,0,1,0
5211356000,2026-07-31,전북특별자치도,전주시 덕진구,인후3동,14514,6876,3414,2213,1517,414,56,15,4,2,3
5211357000,2026-07-31,전북특별자치도,전주시 덕진구,덕진동,10930,6211,2172,1321,961,212,42,8,3,0,0
5211357500,2026-07-31,전북특별자치도,전주시 덕진구,금암동,11804,8166,2085,903,446,167,27,7,3,0,0
5211360000,2026-07-31,전북특별자치도,전주시 덕진구,팔복동,4466,2836,1014,401,152,48,10,3,0,1,1
5211361100,2026-07-31,전북특별자치도,전주시 덕진구,우아1동,5773,2637,1513,911,579,107,19,5,2,0,0
5211361200,2026-07-31,전북특별자치도,전주시 덕진구,우아2동,7777,4529,1737,833,496,141,37,3,1,0,0
5211362000,2026-07-31,전북특별자치도,전주시 덕진구,호성동,7861,2604,2406,1500,985,298,51,13,2,1,1
5211364100,2026-07-31,전북특별자치도,전주시 덕진구,송천1동,13671,4545,3487,2692,2298,566,64,13,4,1,1
5211364200,2026-07-31,전북특별자치도,전주시 덕진구,송천2동,10399,3436,3055,1930,1454,427,71,19,4,2,1
5211364300,2026-07-31,전북특별자치도,전주시 덕진구,송천3동,11467,1947,2452,3058,3270,662,64,13,1,0,0
5211365000,2026-07-31,전북특별자치도,전주시 덕진구,조촌동,6412,3169,1671,866,536,146,21,3,0,0,0
5211366500,2026-07-31,전북특별자치도,전주시 덕진구,여의동,7056,2642,2080,1216,843,226,39,7,2,1,0
5211367000,2026-07-31,전북특별자치도,전주시 덕진구,혁신동,13138,2956,2737,3336,3282,721,90,13,2,1,0
5213025000,2026-07-31,전북특별자치도,군산시,옥구읍,1522,731,529,165,54,22,14,6,0,0,1
5213031000,2026-07-31,전북특별자치도,군산시,옥산면,1849,626,582,314,251,52,19,5,0,0,0
5213032000,2026-07-31,전북특별자치도,군산시,회현면,1445,625,452,180,126,43,12,3,2,0,2
5213033000,2026-07-31,전북특별자치도,군산시,임피면,1368,745,401,138,61,16,5,1,0,0,1
5213034000,2026-07-31,전북특별자치도,군산시,서수면,1256,639,415,130,48,16,3,1,0,0,4
5213035000,2026-07-31,전북특별자치도,군산시,대야면,2421,1205,800,258,101,40,10,6,0,0,1
5213036000,2026-07-31,전북특별자치도,군산시,개정면,1410,616,510,179,77,17,7,3,1,0,0
5213037000,2026-07-31,전북특별자치도,군산시,성산면,1327,611,456,166,64,22,6,1,0,1,0
5213038000,2026-07-31,전북특별자치도,군산시,나포면,1145,612,368,105,34,18,4,0,1,0,3
5213039000,2026-07-31,전북특별자치도,군산시,옥도면,1622,949,444,135,68,22,2,2,0,0,0
5213040000,2026-07-31,전북특별자치도,군산시,옥서면,1417,730,445,152,60,23,6,1,0,0,0
5213051500,2026-07-31,전북특별자치도,군산시,해신동,1135,664,299,115,43,10,3,0,0,0,1
5213053000,2026-07-31,전북특별자치도,군산시,월명동,2576,1401,774,270,94,30,6,0,0,0,1
5213055000,2026-07-31,전북특별자치도,군산시,신풍동,3038,1469,900,397,193,55,15,5,3,0,1
5213056000,2026-07-31,전북특별자치도,군산시,삼학동,2868,1619,806,262,122,46,10,3,0,0,0
5213060500,2026-07-31,전북특별자치도,군산시,중앙동,2272,1279,626,243,95,22,6,0,1,0,0
5213064000,2026-07-31,전북특별자치도,군산시,흥남동,5475,2334,1659,819,502,121,32,5,2,0,1
5213065000,2026-07-31,전북특별자치도,군산시,조촌동,11881,4390,2979,2249,1805,392,52,7,4,1,2
5213066000,2026-07-31,전북특별자치도,군산시,경암동,3803,2110,1063,378,178,52,12,7,2,0,1
5213067000,2026-07-31,전북특별자치도,군산시,구암동,7662,3056,2047,1396,927,188,38,9,1,0,0
5213068000,2026-07-31,전북특별자치도,군산시,개정동,1151,439,431,154,100,20,3,1,0,1,2
5213069000,2026-07-31,전북특별자치도,군산시,수송동,22280,7162,5522,4517,3950,924,162,30,10,2,1
5213070100,2026-07-31,전북특별자치도,군산시,나운1동,6432,2989,1905,901,465,133,26,7,3,1,2
5213070200,2026-07-31,전북특별자치도,군산시,나운2동,9324,3512,2752,1587,1123,279,54,15,2,0,0
5213070300,2026-07-31,전북특별자치도,군산시,나운3동,14843,6862,3807,2245,1454,396,59,14,5,1,0
5213071000,2026-07-31,전북특별자치도,군산시,소룡동,8967,5092,2185,976,527,148,24,10,3,1,1
5213072000,2026-07-31,전북특별자치도,군산시,미성동,6622,4239,1459,560,279,62,13,7,2,0,1
5214025000,2026-07-31,전북특별자치도,익산시,함열읍,3167,1536,958,387,189,66,21,6,1,1,2
5214031000,2026-07-31,전북특별자치도,익산시,오산면,3621,1813,1166,380,182,57,18,3,1,0,1
5214032000,2026-07-31,전북특별자치도,익산시,황등면,3222,1478,1028,421,192,73,16,7,2,2,3
5214033000,2026-07-31,전북특별자치도,익산시,함라면,1090,534,384,106,39,16,10,1,0,0,0
5214034000,2026-07-31,전북특별자치도,익산시,웅포면,800,393,285,83,25,11,2,1,0,0,0
5214035000,2026-07-31,전북특별자치도,익산시,성당면,961,510,298,99,33,11,8,2,0,0,0
5214036000,2026-07-31,전북특별자치도,익산시,용안면,1340,706,459,114,42,9,6,0,1,0,3
5214037000,2026-07-31,전북특별자치도,익산시,낭산면,1619,931,446,157,53,18,12,0,1,0,1
5214038000,2026-07-31,전북특별자치도,익산시,망성면,1572,850,517,139,47,11,5,2,1,0,0
5214039000,2026-07-31,전북특별자치도,익산시,여산면,1698,907,529,157,73,24,7,1,0,0,0
5214040000,2026-07-31,전북특별자치도,익산시,금마면,2513,1174,757,306,188,71,14,2,0,0,1
5214041000,2026-07-31,전북특별자치도,익산시,왕궁면,2770,1398,833,343,145,35,13,1,1,0,1
5214042000,2026-07-31,전북특별자치도,익산시,춘포면,2423,1342,685,235,111,33,14,2,0,0,1
5214043000,2026-07-31,전북특별자치도,익산시,삼기면,1241,597,413,143,59,16,6,2,2,1,2
5214044000,2026-07-31,전북특별자치도,익산시,용동면,788,408,275,68,24,8,2,2,1,0,0
5214052000,2026-07-31,전북특별자치도,익산시,중앙동,1916,1259,421,138,66,21,5,3,1,0,2
5214053000,2026-07-31,전북특별자치도,익산시,평화동,3110,1505,827,436,257,67,13,4,0,1,0
5214056000,2026-07-31,전북특별자치도,익산시,인화동,3356,1942,857,321,164,46,15,8,0,2,1
5214057000,2026-07-31,전북특별자치도,익산시,동산동,9770,4407,2797,1418,848,238,44,12,2,2,2
5214058000,2026-07-31,전북특별자치도,익산시,마동,7864,2668,2017,1500,1290,324,51,9,0,2,3
5214059500,2026-07-31,전북특별자치도,익산시,남중동,6181,3223,1688,750,364,122,25,7,1,0,1
5214061000,2026-07-31,전북특별자치도,익산시,모현동,16224,6221,4570,2767,2053,493,91,22,3,1,3
5214062000,2026-07-31,전북특별자치도,익산시,송학동,5206,1929,1435,955,698,166,21,2,0,0,0
5214064600,2026-07-31,전북특별자치도,익산시,영등1동,9126,3604,2606,1586,970,294,50,8,4,0,4
5214064700,2026-07-31,전북특별자치도,익산시,영등2동,5582,2261,1455,977,687,171,26,5,0,0,0
5214065200,2026-07-31,전북특별자치도,익산시,어양동,10384,4572,2567,1665,1230,282,54,11,2,1,0
5214065600,2026-07-31,전북특별자치도,익산시,신동,9899,6786,1754,729,453,126,33,5,2,2,9
5214067000,2026-07-31,전북특별자치도,익산시,팔봉동,2642,1008,781,447,286,90,17,3,2,0,8
5214069000,2026-07-31,전북특별자치도,익산시,삼성동,14145,5551,3588,2568,1853,472,84,22,6,0,1
5218025000,2026-07-31,전북특별자치도,정읍시,신태인읍,2856,1609,823,242,122,40,15,4,0,0,1
5218031000,2026-07-31,전북특별자치도,정읍시,북면,2216,1209,647,214,113,28,5,0,0,0,0
5218032000,2026-07-31,전북특별자치도,정읍시,입암면,1529,859,463,122,59,18,5,3,0,0,0
5218033000,2026-07-31,전북특별자치도,정읍시,소성면,1164,676,353,89,28,15,1,2,0,0,0
5218034000,2026-07-31,전북특별자치도,정읍시,고부면,1553,932,454,105,38,16,4,1,0,1,2
5218035000,2026-07-31,전북특별자치도,정읍시,영원면,982,579,279,86,25,7,4,2,0,0,0
5218036000,2026-07-31,전북특별자치도,정읍시,덕천면,968,555,285,80,35,10,2,0,1,0,0
5218037000,2026-07-31,전북특별자치도,정읍시,이평면,1212,763,342,66,27,9,3,1,1,0,0
5218038000,2026-07-31,전북특별자치도,정읍시,정우면,1423,842,401,120,38,12,7,2,1,0,0
5218039000,2026-07-31,전북특별자치도,정읍시,태인면,1943,1153,568,137,48,26,10,1,0,0,0
5218040000,2026-07-31,전북특별자치도,정읍시,감곡면,1661,1015,474,119,40,7,3,1,0,1,1
5218041000,2026-07-31,전북특별자치도,정읍시,옹동면,973,598,254,72,31,14,4,0,0,0,0
5218042000,2026-07-31,전북특별자치도,정읍시,칠보면,1225,686,370,94,41,22,9,3,0,0,0
5218043000,2026-07-31,전북특별자치도,정읍시,산내면,763,487,214,37,13,8,2,0,0,0,2
5218044000,2026-07-31,전북특별자치도,정읍시,산외면,1203,722,325,113,29,11,2,1,0,0,0
5218051000,2026-07-31,전북특별자치도,정읍시,수성동,8460,4539,1988,1046,623,202,50,8,1,1,2
5218052000,2026-07-31,전북특별자치도,정읍시,장명동,1392,686,385,193,88,31,3,2,2,2,0
5218053500,2026-07-31,전북특별자치도,정읍시,내장상동,9202,3458,2667,1508,1108,376,65,15,2,2,1
5218054500,2026-07-31,전북특별자치도,정읍시,시기동,1585,833,449,160,97,28,9,4,3,0,2
5218056500,2026-07-31,전북특별자치도,정읍시,초산동,4268,1508,1192,778,588,159,37,4,2,0,0
5218057000,2026-07-31,전북특별자치도,정읍시,연지동,2882,1414,777,370,234,73,10,2,0,0,2
5218058000,2026-07-31,전북특별자치도,정읍시,농소동,2727,1276,768,371,243,54,15,0,0,0,0
5218059500,2026-07-31,전북특별자치도,정읍시,상교동,2468,1516,634,186,86,29,13,2,2,0,0
5219025000,2026-07-31,전북특별자치도,남원시,운봉읍,2038,1079,667,188,67,25,5,7,0,0,0
5219031000,2026-07-31,전북특별자치도,남원시,주천면,1360,702,425,129,70,25,7,2,0,0,0
5219032000,2026-07-31,전북특별자치도,남원시,수지면,604,337,182,46,27,6,3,3,0,0,0
5219033000,2026-07-31,전북특별자치도,남원시,송동면,1041,530,355,107,33,14,1,0,0,1,0
5219034000,2026-07-31,전북특별자치도,남원시,주생면,1007,573,295,85,33,15,4,2,0,0,0
5219035000,2026-07-31,전북특별자치도,남원시,금지면,1221,666,395,105,37,14,2,2,0,0,0
5219036000,2026-07-31,전북특별자치도,남원시,대강면,887,547,253,58,21,5,1,0,1,0,1
5219037000,2026-07-31,전북특별자치도,남원시,대산면,734,397,229,65,21,12,5,0,2,0,3
5219038000,2026-07-31,전북특별자치도,남원시,사매면,785,437,212,76,31,18,7,1,1,0,2
5219039000,2026-07-31,전북특별자치도,남원시,덕과면,557,325,162,45,17,6,2,0,0,0,0
5219040000,2026-07-31,전북특별자치도,남원시,보절면,800,471,250,53,19,4,2,1,0,0,0
5219041000,2026-07-31,전북특별자치도,남원시,산동면,970,560,290,81,23,11,4,0,1,0,0
5219042000,2026-07-31,전북특별자치도,남원시,이백면,1142,580,354,122,49,25,11,0,0,0,1
5219045000,2026-07-31,전북특별자치도,남원시,아영면,1044,563,334,86,39,16,6,0,0,0,0
5219046000,2026-07-31,전북특별자치도,남원시,산내면,1163,636,348,114,48,14,3,0,0,0,0
5219047000,2026-07-31,전북특별자치도,남원시,인월면,1501,777,470,142,80,25,4,0,1,1,1
5219051000,2026-07-31,전북특별자치도,남원시,동충동,1522,784,404,212,86,23,7,4,0,2,0
5219052000,2026-07-31,전북특별자치도,남원시,죽항동,1695,1010,421,172,60,25,5,1,1,0,0
5219054000,2026-07-31,전북특별자치도,남원시,노암동,2914,1406,703,418,277,90,15,4,0,0,1
5219055000,2026-07-31,전북특별자치도,남원시,금동,3023,1508,828,360,220,84,17,3,3,0,0
5219056000,2026-07-31,전북특별자치도,남원시,왕정동,2634,1109,784,407,245,67,17,5,0,0,0
5219057000,2026-07-31,전북특별자치도,남원시,향교동,3674,2071,958,370,195,60,12,6,0,1,1
5219059000,2026-07-31,전북특별자치도,남원시,도통동,7589,3002,2008,1292,953,274,43,14,0,1,2
5221025000,2026-07-31,전북특별자치도,김제시,만경읍,1555,926,410,143,51,16,5,3,0,0,1
5221032000,2026-07-31,전북특별자치도,김제시,죽산면,1449,890,392,102,42,15,4,1,3,0,0
5221033000,2026-07-31,전북특별자치도,김제시,백산면,2169,1136,584,249,121,58,14,6,1,0,0
5221034000,2026-07-31,전북특별자치도,김제시,용지면,1907,1053,572,172,74,16,12,4,0,1,3
5221035000,2026-07-31,전북특별자치도,김제시,백구면,2063,1137,599,188,83,40,12,3,1,0,0
5221036000,2026-07-31,전북특별자치도,김제시,부량면,751,421,221,67,23,12,7,0,0,0,0
5221038000,2026-07-31,전북특별자치도,김제시,공덕면,1344,679,417,139,75,19,11,3,0,1,0
5221039000,2026-07-31,전북특별자치도,김제시,청하면,961,534,285,87,37,7,6,4,0,1,0
5221040000,2026-07-31,전북특별자치도,김제시,성덕면,1017,596,276,87,37,18,2,0,1,0,0
5221041000,2026-07-31,전북특별자치도,김제시,진봉면,1522,952,389,115,41,21,2,1,0,0,1
5221042000,2026-07-31,전북특별자치도,김제시,금구면,3092,1438,965,391,184,79,21,8,3,0,3
5221043000,2026-07-31,전북특별자치도,김제시,봉남면,1327,832,347,91,32,15,6,3,0,0,1
5221044000,2026-07-31,전북특별자치도,김제시,황산면,1103,636,307,106,31,16,5,1,0,0,1
5221045000,2026-07-31,전북특별자치도,김제시,금산면,2710,1636,720,233,74,29,13,4,0,1,0
5221046000,2026-07-31,전북특별자치도,김제시,광활면,732,396,241,60,20,9,4,1,0,0,1
5221051000,2026-07-31,전북특별자치도,김제시,요촌동,5577,2764,1416,735,411,173,50,12,12,1,3
5221052000,2026-07-31,전북특별자치도,김제시,신풍동,6131,2835,1622,851,577,181,56,6,1,2,0
5221054000,2026-07-31,전북특별자치도,김제시,검산동,6087,3042,1402,792,625,169,43,8,5,0,1
5221058000,2026-07-31,전북특별자치도,김제시,교월동,3285,1545,972,409,234,91,25,6,1,0,2
5271025000,2026-07-31,전북특별자치도,완주군,삼례읍,11456,5589,2752,1640,1096,307,55,16,0,0,1
5271025300,2026-07-31,전북특별자치도,완주군,봉동읍,11054,4454,2917,1701,1363,481,115,20,2,0,1
5271025600,2026-07-31,전북특별자치도,완주군,용진읍,5435,2229,1714,854,458,134,36,7,1,1,1
5271032000,2026-07-31,전북특별자치도,완주군,상관면,2093,977,652,257,151,42,11,0,1,1,1
5271033000,2026-07-31,전북특별자치도,완주군,이서면,7640,3384,2069,1145,775,220,34,10,2,0,1
5271034000,2026-07-31,전북특별자치도,완주군,소양면,2883,1340,913,329,186,69,32,8,3,1,2
5271035000,2026-07-31,전북특별자치도,완주군,구이면,3005,1467,941,343,151,72,23,6,0,2,0
5271036000,2026-07-31,전북특별자치도,완주군,고산면,2315,1159,710,249,117,53,16,9,1,0,1
5271037000,2026-07-31,전북특별자치도,완주군,비봉면,980,498,307,115,33,20,3,2,1,1,0
5271038000,2026-07-31,전북특별자치도,완주군,운주면,1157,649,369,105,19,11,3,1,0,0,0
5271039000,2026-07-31,전북특별자치도,완주군,화산면,1302,587,415,175,84,30,8,2,1,0,0
5271040000,2026-07-31,전북특별자치도,완주군,동상면,587,313,182,58,15,9,6,2,0,1,1
5271041000,2026-07-31,전북특별자치도,완주군,경천면,547,290,178,54,17,8,0,0,0,0,0
5272025000,2026-07-31,전북특별자치도,진안군,진안읍,5232,2655,1403,615,352,137,49,13,5,2,1
5272031000,2026-07-31,전북특별자치도,진안군,용담면,587,360,178,39,6,4,0,0,0,0,0
5272032000,2026-07-31,전북특별자치도,진안군,안천면,603,314,199,49,26,10,4,1,0,0,0
5272033000,2026-07-31,전북특별자치도,진안군,동향면,819,472,251,54,22,14,5,0,1,0,0
5272034000,2026-07-31,전북특별자치도,진안군,상전면,505,276,161,34,24,4,5,1,0,0,0
5272035000,2026-07-31,전북특별자치도,진안군,백운면,1238,729,352,98,43,10,2,1,1,1,1
5272036000,2026-07-31,전북특별자치도,진안군,성수면,1063,609,323,69,36,19,4,2,0,0,1
5272037000,2026-07-31,전북특별자치도,진안군,마령면,995,543,296,89,44,18,3,1,1,0,0
5272038000,2026-07-31,전북특별자치도,진안군,부귀면,1605,827,482,153,85,37,9,8,2,1,1
5272039000,2026-07-31,전북특별자치도,진안군,정천면,600,285,210,57,27,17,4,0,0,0,0
5272040000,2026-07-31,전북특별자치도,진안군,주천면,892,516,286,52,27,9,2,0,0,0,0
5273025000,2026-07-31,전북특별자치도,무주군,무주읍,4828,2325,1259,581,464,161,29,7,1,1,0
5273031000,2026-07-31,전북특별자치도,무주군,무풍면,1330,778,412,81,41,16,1,1,0,0,0
5273032000,2026-07-31,전북특별자치도,무주군,설천면,2323,1336,645,184,103,39,10,5,0,1,0
5273033000,2026-07-31,전북특별자치도,무주군,적상면,1591,927,477,111,47,21,7,0,1,0,0
5273034000,2026-07-31,전북특별자치도,무주군,안성면,2489,1430,748,192,80,30,7,0,0,1,1
5273035000,2026-07-31,전북특별자치도,무주군,부남면,873,538,255,48,20,10,1,0,0,0,1
5274025000,2026-07-31,전북특별자치도,장수군,장수읍,3829,1908,1070,403,277,136,23,10,0,1,1
5274031000,2026-07-31,전북특별자치도,장수군,산서면,1126,610,354,93,40,21,5,3,0,0,0
5274032000,2026-07-31,전북특별자치도,장수군,번암면,1344,763,418,102,38,13,8,1,1,0,0
5274033500,2026-07-31,전북특별자치도,장수군,장계면,2305,1202,637,249,139,54,22,1,1,0,0
5274034000,2026-07-31,전북특별자치도,장수군,천천면,1227,705,359,109,36,12,4,0,0,1,1
5274035000,2026-07-31,전북특별자치도,장수군,계남면,1210,639,386,105,45,23,11,0,1,0,0
5274036000,2026-07-31,전북특별자치도,장수군,계북면,903,485,302,73,22,12,7,1,1,0,0
5275025000,2026-07-31,전북특별자치도,임실군,임실읍,3646,1817,934,434,314,100,32,11,2,2,0
5275031000,2026-07-31,전북특별자치도,임실군,청웅면,773,469,208,64,25,6,1,0,0,0,0
5275032000,2026-07-31,전북특별자치도,임실군,운암면,953,543,308,64,20,10,5,2,1,0,0
5275033000,2026-07-31,전북특별자치도,임실군,신평면,854,513,236,66,24,11,0,2,1,0,1
5275034000,2026-07-31,전북특별자치도,임실군,성수면,967,569,276,85,25,9,2,1,0,0,0
5275035500,2026-07-31,전북특별자치도,임실군,오수면,2022,1134,622,160,64,25,14,3,0,0,0
5275036000,2026-07-31,전북특별자치도,임실군,신덕면,777,469,199,71,27,8,2,1,0,0,0
5275037000,2026-07-31,전북특별자치도,임실군,삼계면,904,543,285,52,17,5,2,0,0,0,0
5275038000,2026-07-31,전북특별자치도,임실군,관촌면,1662,878,469,172,84,40,12,5,1,0,1
5275039000,2026-07-31,전북특별자치도,임실군,강진면,856,516,224,76,21,14,5,0,0,0,0
5275040000,2026-07-31,전북특별자치도,임실군,덕치면,723,454,196,49,17,6,1,0,0,0,0
5275041000,2026-07-31,전북특별자치도,임실군,지사면,698,384,216,57,29,8,4,0,0,0,0
5277025000,2026-07-31,전북특별자치도,순창군,순창읍,5126,2213,1293,752,578,218,49,16,7,0,0
5277031000,2026-07-31,전북특별자치도,순창군,인계면,882,492,249,82,35,19,4,0,1,0,0
5277032000,2026-07-31,전북특별자치도,순창군,동계면,1160,649,357,85,46,15,5,0,2,0,1
5277033000,2026-07-31,전북특별자치도,순창군,풍산면,944,531,277,79,38,14,4,1,0,0,0
5277034000,2026-07-31,전북특별자치도,순창군,금과면,1088,608,341,92,35,8,4,0,0,0,0
5277035000,2026-07-31,전북특별자치도,순창군,팔덕면,856,474,262,63,38,13,4,2,0,0,0
5277036000,2026-07-31,전북특별자치도,순창군,쌍치면,1131,608,360,98,36,22,5,1,0,0,1
5277037000,2026-07-31,전북특별자치도,순창군,복흥면,1164,591,380,109,49,22,8,3,2,0,0
5277038000,2026-07-31,전북특별자치도,순창군,적성면,769,448,227,55,22,12,3,2,0,0,0
5277039000,2026-07-31,전북특별자치도,순창군,유등면,638,381,175,49,21,8,3,1,0,0,0
5277040000,2026-07-31,전북특별자치도,순창군,구림면,1357,768,406,127,37,13,4,1,0,1,0
5279025000,2026-07-31,전북특별자치도,고창군,고창읍,9962,4448,2785,1329,958,348,73,13,4,2,2
5279031000,2026-07-31,전북특별자치도,고창군,고수면,1333,762,383,114,49,20,4,1,0,0,0
5279032000,2026-07-31,전북특별자치도,고창군,아산면,1508,885,445,123,34,15,5,0,1,0,0
5279033000,2026-07-31,전북특별자치도,고창군,무장면,1615,987,456,95,53,17,4,1,0,0,2
5279034000,2026-07-31,전북특별자치도,고창군,공음면,1360,803,405,88,39,15,7,3,0,0,0
5279035000,2026-07-31,전북특별자치도,고창군,상하면,1327,776,400,102,33,9,4,2,0,0,1
5279036000,2026-07-31,전북특별자치도,고창군,해리면,1510,863,490,102,34,12,7,0,1,0,1
5279037000,2026-07-31,전북특별자치도,고창군,성송면,1021,602,310,72,31,4,2,0,0,0,0
5279038000,2026-07-31,전북특별자치도,고창군,대산면,1779,1052,526,139,46,12,4,0,0,0,0
5279039000,2026-07-31,전북특별자치도,고창군,심원면,1341,758,395,121,42,15,9,1,0,0,0
5279040000,2026-07-31,전북특별자치도,고창군,흥덕면,1666,933,498,145,59,20,9,0,0,0,2
5279041000,2026-07-31,전북특별자치도,고창군,성내면,1084,648,304,83,33,11,4,0,0,0,1
5279042000,2026-07-31,전북특별자치도,고창군,신림면,1277,780,363,81,34,16,1,2,0,0,0
5279043000,2026-07-31,전북특별자치도,고창군,부안면,1564,912,502,95,32,16,4,3,0,0,0
5280025000,2026-07-31,전북특별자치도,부안군,부안읍,10032,4702,2681,1352,909,318,54,13,3,0,0
5280031000,2026-07-31,전북특별자치도,부안군,주산면,1116,686,336,53,32,6,1,2,0,0,0
5280032000,2026-07-31,전북특별자치도,부안군,동진면,1563,944,464,89,41,18,4,2,1,0,0
5280033000,2026-07-31,전북특별자치도,부안군,행안면,1207,721,318,101,44,14,7,1,0,0,1
5280034000,2026-07-31,전북특별자치도,부안군,계화면,1805,1055,532,137,55,20,3,2,0,1,0
5280035000,2026-07-31,전북특별자치도,부안군,보안면,1401,858,415,90,22,9,7,0,0,0,0
5280036000,2026-07-31,전북특별자치도,부안군,변산면,2509,1515,641,219,91,36,7,0,0,0,0
5280037000,2026-07-31,전북특별자치도,부안군,진서면,1297,763,387,92,42,8,2,3,0,0,0
5280038000,2026-07-31,전북특별자치도,부안군,백산면,1474,930,407,91,33,11,1,0,0,1,0
5280039000,2026-07-31,전북특별자치도,부안군,상서면,1241,764,331,98,33,10,0,2,3,0,0
5280040000,2026-07-31,전북특별자치도,부안군,하서면,1477,888,422,104,46,13,3,0,1,0,0
5280041000,2026-07-31,전북특별자치도,부안군,줄포면,1499,909,419,105,43,16,4,2,0,1,0
5280042000,2026-07-31,전북특별자치도,부안군,위도면,759,522,186,28,11,10,2,0,0,0,0
